onset	duration	nwb_table	Block	sound	sound_puretone	sound_freq	sound_amp	optogenetics	opto_freq	opto_power	opto_pulse_duration	opto_pulse_ts
0.012115979928236483	2.0	trials	8.0	0.0	0.0	0.0	0.0	False	40.0	1.86	0.2	"[53650951.48717846 53650951.48717846 53650951.48717846 53650951.48717846
 53650951.48717846 53650951.48717846 53650951.48717846 53650951.48717846
 53650951.48717846 53650951.48717846 53650951.48717846 53650951.48717846
 53650951.48717846 53650951.48717846 53650951.48717846 53650951.48717846
 53650951.48717846 53650951.48717846 53650951.48717846 53650951.48717846]"
0.012115979928236483	2.0	trials	8.0	0.0	0.0	0.0	0.0	False	40.0	1.86	0.2	"[53731853.74693025 53731853.74693025 53731853.74693025 53731853.74693025
 53731853.74693025 53731853.74693025 53731853.74693025 53731853.74693025
 53731853.74693025 53731853.74693025 53731853.74693025 53731853.74693025
 53731853.74693025 53731853.74693025 53731853.74693025 53731853.74693025
 53731853.74693025 53731853.74693025 53731853.74693025 53731853.74693025]"
0.012115979928236483	2.0	trials	8.0	0.0	0.0	0.0	0.0	False	40.0	1.86	0.2	"[53808038.99153718 53808038.99153718 53808038.99153718 53808038.99153718
 53808038.99153718 53808038.99153718 53808038.99153718 53808038.99153718
 53808038.99153718 53808038.99153718 53808038.99153718 53808038.99153718
 53808038.99153718 53808038.99153718 53808038.99153718 53808038.99153718
 53808038.99153718 53808038.99153718 53808038.99153718 53808038.99153718]"
151.1138459211625	2.0	trials	1.0	1.0	1.0	10000.0	1.0	False	0.0	0.0	0.0	"[nan nan nan nan nan nan nan nan nan nan nan nan nan nan nan nan nan nan
 nan nan]"
156.19547823672272	2.0	trials	1.0	1.0	1.0	10000.0	3.0	False	0.0	0.0	0.0	"[nan nan nan nan nan nan nan nan nan nan nan nan nan nan nan nan nan nan
 nan nan]"
160.57536749920158	2.0	trials	1.0	1.0	1.0	10000.0	0.3	False	0.0	0.0	0.0	"[nan nan nan nan nan nan nan nan nan nan nan nan nan nan nan nan nan nan
 nan nan]"
168.30966113164234	2.0	trials	1.0	1.0	1.0	10000.0	0.3	False	0.0	0.0	0.0	"[nan nan nan nan nan nan nan nan nan nan nan nan nan nan nan nan nan nan
 nan nan]"
175.35439415011584	2.0	trials	1.0	1.0	1.0	10000.0	1.0	False	0.0	0.0	0.0	"[nan nan nan nan nan nan nan nan nan nan nan nan nan nan nan nan nan nan
 nan nan]"
181.2413634513657	2.0	trials	1.0	1.0	1.0	10000.0	0.3	False	0.0	0.0	0.0	"[nan nan nan nan nan nan nan nan nan nan nan nan nan nan nan nan nan nan
 nan nan]"
188.35616709481442	2.0	trials	1.0	1.0	1.0	10000.0	0.3	False	0.0	0.0	0.0	"[nan nan nan nan nan nan nan nan nan nan nan nan nan nan nan nan nan nan
 nan nan]"
195.85813038131383	2.0	trials	1.0	1.0	1.0	10000.0	2.0	False	0.0	0.0	0.0	"[nan nan nan nan nan nan nan nan nan nan nan nan nan nan nan nan nan nan
 nan nan]"
204.89845060700475	2.0	trials	1.0	1.0	1.0	10000.0	2.0	False	0.0	0.0	0.0	"[nan nan nan nan nan nan nan nan nan nan nan nan nan nan nan nan nan nan
 nan nan]"
210.43575798559763	2.0	trials	1.0	1.0	1.0	10000.0	1.0	False	0.0	0.0	0.0	"[nan nan nan nan nan nan nan nan nan nan nan nan nan nan nan nan nan nan
 nan nan]"
217.28799118601333	2.0	trials	1.0	1.0	1.0	10000.0	1.0	False	0.0	0.0	0.0	"[nan nan nan nan nan nan nan nan nan nan nan nan nan nan nan nan nan nan
 nan nan]"
222.02212158585164	2.0	trials	1.0	1.0	1.0	10000.0	3.0	False	0.0	0.0	0.0	"[nan nan nan nan nan nan nan nan nan nan nan nan nan nan nan nan nan nan
 nan nan]"
227.1479044431657	2.0	trials	1.0	1.0	1.0	10000.0	0.5	False	0.0	0.0	0.0	"[nan nan nan nan nan nan nan nan nan nan nan nan nan nan nan nan nan nan
 nan nan]"
234.1481413187757	2.0	trials	1.0	1.0	1.0	10000.0	3.0	False	0.0	0.0	0.0	"[nan nan nan nan nan nan nan nan nan nan nan nan nan nan nan nan nan nan
 nan nan]"
238.55809787779143	2.0	trials	1.0	1.0	1.0	10000.0	0.3	False	0.0	0.0	0.0	"[nan nan nan nan nan nan nan nan nan nan nan nan nan nan nan nan nan nan
 nan nan]"
245.63246619141475	2.0	trials	1.0	1.0	1.0	10000.0	2.0	False	0.0	0.0	0.0	"[nan nan nan nan nan nan nan nan nan nan nan nan nan nan nan nan nan nan
 nan nan]"
250.3903566675394	2.0	trials	1.0	1.0	1.0	10000.0	3.0	False	0.0	0.0	0.0	"[nan nan nan nan nan nan nan nan nan nan nan nan nan nan nan nan nan nan
 nan nan]"
259.2647883606132	2.0	trials	1.0	1.0	1.0	10000.0	0.3	False	0.0	0.0	0.0	"[nan nan nan nan nan nan nan nan nan nan nan nan nan nan nan nan nan nan
 nan nan]"
263.96254424366407	2.0	trials	1.0	1.0	1.0	10000.0	0.3	False	0.0	0.0	0.0	"[nan nan nan nan nan nan nan nan nan nan nan nan nan nan nan nan nan nan
 nan nan]"
272.5365621722016	2.0	trials	1.0	1.0	1.0	10000.0	0.5	False	0.0	0.0	0.0	"[nan nan nan nan nan nan nan nan nan nan nan nan nan nan nan nan nan nan
 nan nan]"
278.9418467376026	2.0	trials	1.0	1.0	1.0	10000.0	3.0	False	0.0	0.0	0.0	"[nan nan nan nan nan nan nan nan nan nan nan nan nan nan nan nan nan nan
 nan nan]"
286.59630651372134	2.0	trials	1.0	1.0	1.0	10000.0	3.0	False	0.0	0.0	0.0	"[nan nan nan nan nan nan nan nan nan nan nan nan nan nan nan nan nan nan
 nan nan]"
293.65650518185026	2.0	trials	1.0	1.0	1.0	10000.0	2.0	False	0.0	0.0	0.0	"[nan nan nan nan nan nan nan nan nan nan nan nan nan nan nan nan nan nan
 nan nan]"
301.673414121682	2.0	trials	1.0	1.0	1.0	10000.0	0.3	False	0.0	0.0	0.0	"[nan nan nan nan nan nan nan nan nan nan nan nan nan nan nan nan nan nan
 nan nan]"
306.6058331581642	2.0	trials	1.0	1.0	1.0	10000.0	0.5	False	0.0	0.0	0.0	"[nan nan nan nan nan nan nan nan nan nan nan nan nan nan nan nan nan nan
 nan nan]"
312.3833333079423	2.0	trials	1.0	1.0	1.0	10000.0	3.0	False	0.0	0.0	0.0	"[nan nan nan nan nan nan nan nan nan nan nan nan nan nan nan nan nan nan
 nan nan]"
317.056724312765	2.0	trials	1.0	1.0	1.0	10000.0	0.3	False	0.0	0.0	0.0	"[nan nan nan nan nan nan nan nan nan nan nan nan nan nan nan nan nan nan
 nan nan]"
324.2273425354172	2.0	trials	1.0	1.0	1.0	10000.0	3.0	False	0.0	0.0	0.0	"[nan nan nan nan nan nan nan nan nan nan nan nan nan nan nan nan nan nan
 nan nan]"
329.348373377474	2.0	trials	1.0	1.0	1.0	10000.0	0.3	False	0.0	0.0	0.0	"[nan nan nan nan nan nan nan nan nan nan nan nan nan nan nan nan nan nan
 nan nan]"
338.4307705382611	2.0	trials	1.0	1.0	1.0	10000.0	0.5	False	0.0	0.0	0.0	"[nan nan nan nan nan nan nan nan nan nan nan nan nan nan nan nan nan nan
 nan nan]"
347.4617595339923	2.0	trials	1.0	1.0	1.0	10000.0	0.5	False	0.0	0.0	0.0	"[nan nan nan nan nan nan nan nan nan nan nan nan nan nan nan nan nan nan
 nan nan]"
353.9633804086995	2.0	trials	1.0	1.0	1.0	10000.0	0.5	False	0.0	0.0	0.0	"[nan nan nan nan nan nan nan nan nan nan nan nan nan nan nan nan nan nan
 nan nan]"
358.81095437277025	2.0	trials	1.0	1.0	1.0	10000.0	1.0	False	0.0	0.0	0.0	"[nan nan nan nan nan nan nan nan nan nan nan nan nan nan nan nan nan nan
 nan nan]"
365.1356274793526	2.0	trials	1.0	1.0	1.0	10000.0	3.0	False	0.0	0.0	0.0	"[nan nan nan nan nan nan nan nan nan nan nan nan nan nan nan nan nan nan
 nan nan]"
372.95347018004367	2.0	trials	1.0	1.0	1.0	10000.0	1.0	False	0.0	0.0	0.0	"[nan nan nan nan nan nan nan nan nan nan nan nan nan nan nan nan nan nan
 nan nan]"
381.4253629806889	2.0	trials	1.0	1.0	1.0	10000.0	0.5	False	0.0	0.0	0.0	"[nan nan nan nan nan nan nan nan nan nan nan nan nan nan nan nan nan nan
 nan nan]"
387.353804415093	2.0	trials	1.0	1.0	1.0	10000.0	1.0	False	0.0	0.0	0.0	"[nan nan nan nan nan nan nan nan nan nan nan nan nan nan nan nan nan nan
 nan nan]"
392.6826279243082	2.0	trials	1.0	1.0	1.0	10000.0	2.0	False	0.0	0.0	0.0	"[nan nan nan nan nan nan nan nan nan nan nan nan nan nan nan nan nan nan
 nan nan]"
401.2681370897405	2.0	trials	1.0	1.0	1.0	10000.0	3.0	False	0.0	0.0	0.0	"[nan nan nan nan nan nan nan nan nan nan nan nan nan nan nan nan nan nan
 nan nan]"
408.5515940746833	2.0	trials	1.0	1.0	1.0	10000.0	2.0	False	0.0	0.0	0.0	"[nan nan nan nan nan nan nan nan nan nan nan nan nan nan nan nan nan nan
 nan nan]"
415.1638073044686	2.0	trials	1.0	1.0	1.0	10000.0	0.3	False	0.0	0.0	0.0	"[nan nan nan nan nan nan nan nan nan nan nan nan nan nan nan nan nan nan
 nan nan]"
420.37840964695476	2.0	trials	1.0	1.0	1.0	10000.0	1.0	False	0.0	0.0	0.0	"[nan nan nan nan nan nan nan nan nan nan nan nan nan nan nan nan nan nan
 nan nan]"
427.6315401345285	2.0	trials	1.0	1.0	1.0	10000.0	0.3	False	0.0	0.0	0.0	"[nan nan nan nan nan nan nan nan nan nan nan nan nan nan nan nan nan nan
 nan nan]"
436.27165427528064	2.0	trials	1.0	1.0	1.0	10000.0	3.0	False	0.0	0.0	0.0	"[nan nan nan nan nan nan nan nan nan nan nan nan nan nan nan nan nan nan
 nan nan]"
441.114649024649	2.0	trials	1.0	1.0	1.0	10000.0	0.5	False	0.0	0.0	0.0	"[nan nan nan nan nan nan nan nan nan nan nan nan nan nan nan nan nan nan
 nan nan]"
449.7549359659559	2.0	trials	1.0	1.0	1.0	10000.0	2.0	False	0.0	0.0	0.0	"[nan nan nan nan nan nan nan nan nan nan nan nan nan nan nan nan nan nan
 nan nan]"
455.56492262003815	2.0	trials	1.0	1.0	1.0	10000.0	3.0	False	0.0	0.0	0.0	"[nan nan nan nan nan nan nan nan nan nan nan nan nan nan nan nan nan nan
 nan nan]"
463.11103644829143	2.0	trials	1.0	1.0	1.0	10000.0	0.3	False	0.0	0.0	0.0	"[nan nan nan nan nan nan nan nan nan nan nan nan nan nan nan nan nan nan
 nan nan]"
471.9545368420543	2.0	trials	1.0	1.0	1.0	10000.0	1.0	False	0.0	0.0	0.0	"[nan nan nan nan nan nan nan nan nan nan nan nan nan nan nan nan nan nan
 nan nan]"
480.5521420463233	2.0	trials	1.0	1.0	1.0	10000.0	1.0	False	0.0	0.0	0.0	"[nan nan nan nan nan nan nan nan nan nan nan nan nan nan nan nan nan nan
 nan nan]"
488.4618282418957	2.0	trials	1.0	1.0	1.0	10000.0	3.0	False	0.0	0.0	0.0	"[nan nan nan nan nan nan nan nan nan nan nan nan nan nan nan nan nan nan
 nan nan]"
495.89026489232367	2.0	trials	1.0	1.0	1.0	10000.0	2.0	False	0.0	0.0	0.0	"[nan nan nan nan nan nan nan nan nan nan nan nan nan nan nan nan nan nan
 nan nan]"
500.9043321909533	2.0	trials	1.0	1.0	1.0	10000.0	3.0	False	0.0	0.0	0.0	"[nan nan nan nan nan nan nan nan nan nan nan nan nan nan nan nan nan nan
 nan nan]"
507.6846803605682	2.0	trials	1.0	1.0	1.0	10000.0	1.0	False	0.0	0.0	0.0	"[nan nan nan nan nan nan nan nan nan nan nan nan nan nan nan nan nan nan
 nan nan]"
514.6399890919279	2.0	trials	1.0	1.0	1.0	10000.0	0.5	False	0.0	0.0	0.0	"[nan nan nan nan nan nan nan nan nan nan nan nan nan nan nan nan nan nan
 nan nan]"
519.8179577167945	2.0	trials	1.0	1.0	1.0	10000.0	0.5	False	0.0	0.0	0.0	"[nan nan nan nan nan nan nan nan nan nan nan nan nan nan nan nan nan nan
 nan nan]"
528.0608897823168	2.0	trials	1.0	1.0	1.0	10000.0	3.0	False	0.0	0.0	0.0	"[nan nan nan nan nan nan nan nan nan nan nan nan nan nan nan nan nan nan
 nan nan]"
537.1652326135647	2.0	trials	1.0	1.0	1.0	10000.0	1.0	False	0.0	0.0	0.0	"[nan nan nan nan nan nan nan nan nan nan nan nan nan nan nan nan nan nan
 nan nan]"
541.3930573878113	2.0	trials	1.0	1.0	1.0	10000.0	1.0	False	0.0	0.0	0.0	"[nan nan nan nan nan nan nan nan nan nan nan nan nan nan nan nan nan nan
 nan nan]"
547.8467261085589	2.0	trials	1.0	1.0	1.0	10000.0	3.0	False	0.0	0.0	0.0	"[nan nan nan nan nan nan nan nan nan nan nan nan nan nan nan nan nan nan
 nan nan]"
554.3432493668993	2.0	trials	1.0	1.0	1.0	10000.0	0.3	False	0.0	0.0	0.0	"[nan nan nan nan nan nan nan nan nan nan nan nan nan nan nan nan nan nan
 nan nan]"
560.8354526113693	2.0	trials	1.0	1.0	1.0	10000.0	1.0	False	0.0	0.0	0.0	"[nan nan nan nan nan nan nan nan nan nan nan nan nan nan nan nan nan nan
 nan nan]"
567.9667587078025	2.0	trials	1.0	1.0	1.0	10000.0	0.5	False	0.0	0.0	0.0	"[nan nan nan nan nan nan nan nan nan nan nan nan nan nan nan nan nan nan
 nan nan]"
576.4807284435436	2.0	trials	1.0	1.0	1.0	10000.0	1.0	False	0.0	0.0	0.0	"[nan nan nan nan nan nan nan nan nan nan nan nan nan nan nan nan nan nan
 nan nan]"
585.4927957785233	2.0	trials	1.0	1.0	1.0	10000.0	1.0	False	0.0	0.0	0.0	"[nan nan nan nan nan nan nan nan nan nan nan nan nan nan nan nan nan nan
 nan nan]"
590.8060672378056	2.0	trials	1.0	1.0	1.0	10000.0	3.0	False	0.0	0.0	0.0	"[nan nan nan nan nan nan nan nan nan nan nan nan nan nan nan nan nan nan
 nan nan]"
597.5407960609508	2.0	trials	1.0	1.0	1.0	10000.0	1.0	False	0.0	0.0	0.0	"[nan nan nan nan nan nan nan nan nan nan nan nan nan nan nan nan nan nan
 nan nan]"
601.8493186942933	2.0	trials	1.0	1.0	1.0	10000.0	0.5	False	0.0	0.0	0.0	"[nan nan nan nan nan nan nan nan nan nan nan nan nan nan nan nan nan nan
 nan nan]"
608.527368935461	2.0	trials	1.0	1.0	1.0	10000.0	2.0	False	0.0	0.0	0.0	"[nan nan nan nan nan nan nan nan nan nan nan nan nan nan nan nan nan nan
 nan nan]"
616.3040851041075	2.0	trials	1.0	1.0	1.0	10000.0	2.0	False	0.0	0.0	0.0	"[nan nan nan nan nan nan nan nan nan nan nan nan nan nan nan nan nan nan
 nan nan]"
623.3011251694536	2.0	trials	1.0	1.0	1.0	10000.0	0.5	False	0.0	0.0	0.0	"[nan nan nan nan nan nan nan nan nan nan nan nan nan nan nan nan nan nan
 nan nan]"
631.6296799098843	2.0	trials	1.0	1.0	1.0	10000.0	0.3	False	0.0	0.0	0.0	"[nan nan nan nan nan nan nan nan nan nan nan nan nan nan nan nan nan nan
 nan nan]"
637.8377126419701	2.0	trials	1.0	1.0	1.0	10000.0	1.0	False	0.0	0.0	0.0	"[nan nan nan nan nan nan nan nan nan nan nan nan nan nan nan nan nan nan
 nan nan]"
645.2919829753422	2.0	trials	1.0	1.0	1.0	10000.0	2.0	False	0.0	0.0	0.0	"[nan nan nan nan nan nan nan nan nan nan nan nan nan nan nan nan nan nan
 nan nan]"
650.5818399594477	2.0	trials	1.0	1.0	1.0	10000.0	3.0	False	0.0	0.0	0.0	"[nan nan nan nan nan nan nan nan nan nan nan nan nan nan nan nan nan nan
 nan nan]"
658.9995597861601	2.0	trials	1.0	1.0	1.0	10000.0	2.0	False	0.0	0.0	0.0	"[nan nan nan nan nan nan nan nan nan nan nan nan nan nan nan nan nan nan
 nan nan]"
664.4481340798583	2.0	trials	1.0	1.0	1.0	10000.0	3.0	False	0.0	0.0	0.0	"[nan nan nan nan nan nan nan nan nan nan nan nan nan nan nan nan nan nan
 nan nan]"
673.4300477180236	2.0	trials	1.0	1.0	1.0	10000.0	0.3	False	0.0	0.0	0.0	"[nan nan nan nan nan nan nan nan nan nan nan nan nan nan nan nan nan nan
 nan nan]"
682.0394897602971	2.0	trials	1.0	1.0	1.0	10000.0	1.0	False	0.0	0.0	0.0	"[nan nan nan nan nan nan nan nan nan nan nan nan nan nan nan nan nan nan
 nan nan]"
688.5741155409729	2.0	trials	1.0	1.0	1.0	10000.0	0.3	False	0.0	0.0	0.0	"[nan nan nan nan nan nan nan nan nan nan nan nan nan nan nan nan nan nan
 nan nan]"
694.3068603470552	2.0	trials	1.0	1.0	1.0	10000.0	2.0	False	0.0	0.0	0.0	"[nan nan nan nan nan nan nan nan nan nan nan nan nan nan nan nan nan nan
 nan nan]"
702.9861138134719	2.0	trials	1.0	1.0	1.0	10000.0	0.5	False	0.0	0.0	0.0	"[nan nan nan nan nan nan nan nan nan nan nan nan nan nan nan nan nan nan
 nan nan]"
711.4040928410163	2.0	trials	1.0	1.0	1.0	10000.0	0.3	False	0.0	0.0	0.0	"[nan nan nan nan nan nan nan nan nan nan nan nan nan nan nan nan nan nan
 nan nan]"
716.1797817742863	2.0	trials	1.0	1.0	1.0	10000.0	2.0	False	0.0	0.0	0.0	"[nan nan nan nan nan nan nan nan nan nan nan nan nan nan nan nan nan nan
 nan nan]"
723.535987792804	2.0	trials	1.0	1.0	1.0	10000.0	2.0	False	0.0	0.0	0.0	"[nan nan nan nan nan nan nan nan nan nan nan nan nan nan nan nan nan nan
 nan nan]"
730.0824504114843	2.0	trials	1.0	1.0	1.0	10000.0	1.0	False	0.0	0.0	0.0	"[nan nan nan nan nan nan nan nan nan nan nan nan nan nan nan nan nan nan
 nan nan]"
736.2689694744963	2.0	trials	1.0	1.0	1.0	10000.0	0.3	False	0.0	0.0	0.0	"[nan nan nan nan nan nan nan nan nan nan nan nan nan nan nan nan nan nan
 nan nan]"
742.6834988695795	2.0	trials	1.0	1.0	1.0	10000.0	1.0	False	0.0	0.0	0.0	"[nan nan nan nan nan nan nan nan nan nan nan nan nan nan nan nan nan nan
 nan nan]"
747.5908618256144	2.0	trials	1.0	1.0	1.0	10000.0	3.0	False	0.0	0.0	0.0	"[nan nan nan nan nan nan nan nan nan nan nan nan nan nan nan nan nan nan
 nan nan]"
754.8623955722753	2.0	trials	1.0	1.0	1.0	10000.0	0.5	False	0.0	0.0	0.0	"[nan nan nan nan nan nan nan nan nan nan nan nan nan nan nan nan nan nan
 nan nan]"
761.2128159615243	2.0	trials	1.0	1.0	1.0	10000.0	1.0	False	0.0	0.0	0.0	"[nan nan nan nan nan nan nan nan nan nan nan nan nan nan nan nan nan nan
 nan nan]"
767.9665528456986	2.0	trials	1.0	1.0	1.0	10000.0	3.0	False	0.0	0.0	0.0	"[nan nan nan nan nan nan nan nan nan nan nan nan nan nan nan nan nan nan
 nan nan]"
772.3009955622625	2.0	trials	1.0	1.0	1.0	10000.0	0.3	False	0.0	0.0	0.0	"[nan nan nan nan nan nan nan nan nan nan nan nan nan nan nan nan nan nan
 nan nan]"
777.2665059049908	2.0	trials	1.0	1.0	1.0	10000.0	3.0	False	0.0	0.0	0.0	"[nan nan nan nan nan nan nan nan nan nan nan nan nan nan nan nan nan nan
 nan nan]"
785.1930401546572	2.0	trials	1.0	1.0	1.0	10000.0	1.0	False	0.0	0.0	0.0	"[nan nan nan nan nan nan nan nan nan nan nan nan nan nan nan nan nan nan
 nan nan]"
792.0718846405134	2.0	trials	1.0	1.0	1.0	10000.0	1.0	False	0.0	0.0	0.0	"[nan nan nan nan nan nan nan nan nan nan nan nan nan nan nan nan nan nan
 nan nan]"
800.5673647168901	2.0	trials	1.0	1.0	1.0	10000.0	0.5	False	0.0	0.0	0.0	"[nan nan nan nan nan nan nan nan nan nan nan nan nan nan nan nan nan nan
 nan nan]"
805.2048132063126	2.0	trials	1.0	1.0	1.0	10000.0	1.0	False	0.0	0.0	0.0	"[nan nan nan nan nan nan nan nan nan nan nan nan nan nan nan nan nan nan
 nan nan]"
812.9965630232275	2.0	trials	1.0	1.0	1.0	10000.0	3.0	False	0.0	0.0	0.0	"[nan nan nan nan nan nan nan nan nan nan nan nan nan nan nan nan nan nan
 nan nan]"
818.9242268551351	2.0	trials	1.0	1.0	1.0	10000.0	3.0	False	0.0	0.0	0.0	"[nan nan nan nan nan nan nan nan nan nan nan nan nan nan nan nan nan nan
 nan nan]"
827.7121718705266	2.0	trials	1.0	1.0	1.0	10000.0	0.5	False	0.0	0.0	0.0	"[nan nan nan nan nan nan nan nan nan nan nan nan nan nan nan nan nan nan
 nan nan]"
835.9285790508859	2.0	trials	1.0	1.0	1.0	10000.0	0.3	False	0.0	0.0	0.0	"[nan nan nan nan nan nan nan nan nan nan nan nan nan nan nan nan nan nan
 nan nan]"
841.7759770250842	2.0	trials	1.0	1.0	1.0	10000.0	0.5	False	0.0	0.0	0.0	"[nan nan nan nan nan nan nan nan nan nan nan nan nan nan nan nan nan nan
 nan nan]"
850.0292771238954	2.0	trials	1.0	1.0	1.0	10000.0	3.0	False	0.0	0.0	0.0	"[nan nan nan nan nan nan nan nan nan nan nan nan nan nan nan nan nan nan
 nan nan]"
858.7957948704908	2.0	trials	1.0	1.0	1.0	10000.0	0.5	False	0.0	0.0	0.0	"[nan nan nan nan nan nan nan nan nan nan nan nan nan nan nan nan nan nan
 nan nan]"
863.4276273418818	2.0	trials	1.0	1.0	1.0	10000.0	0.5	False	0.0	0.0	0.0	"[nan nan nan nan nan nan nan nan nan nan nan nan nan nan nan nan nan nan
 nan nan]"
872.2171275622667	2.0	trials	1.0	1.0	1.0	10000.0	2.0	False	0.0	0.0	0.0	"[nan nan nan nan nan nan nan nan nan nan nan nan nan nan nan nan nan nan
 nan nan]"
877.8993282060674	2.0	trials	1.0	1.0	1.0	10000.0	0.5	False	0.0	0.0	0.0	"[nan nan nan nan nan nan nan nan nan nan nan nan nan nan nan nan nan nan
 nan nan]"
885.2077548711801	2.0	trials	1.0	1.0	1.0	10000.0	3.0	False	0.0	0.0	0.0	"[nan nan nan nan nan nan nan nan nan nan nan nan nan nan nan nan nan nan
 nan nan]"
890.2603566935323	2.0	trials	1.0	1.0	1.0	10000.0	0.3	False	0.0	0.0	0.0	"[nan nan nan nan nan nan nan nan nan nan nan nan nan nan nan nan nan nan
 nan nan]"
896.643349987363	2.0	trials	1.0	1.0	1.0	10000.0	0.5	False	0.0	0.0	0.0	"[nan nan nan nan nan nan nan nan nan nan nan nan nan nan nan nan nan nan
 nan nan]"
901.3535475103602	2.0	trials	1.0	1.0	1.0	10000.0	3.0	False	0.0	0.0	0.0	"[nan nan nan nan nan nan nan nan nan nan nan nan nan nan nan nan nan nan
 nan nan]"
909.250100863767	2.0	trials	1.0	1.0	1.0	10000.0	0.5	False	0.0	0.0	0.0	"[nan nan nan nan nan nan nan nan nan nan nan nan nan nan nan nan nan nan
 nan nan]"
917.1234989428294	2.0	trials	1.0	1.0	1.0	10000.0	0.3	False	0.0	0.0	0.0	"[nan nan nan nan nan nan nan nan nan nan nan nan nan nan nan nan nan nan
 nan nan]"
925.6242494361277	2.0	trials	1.0	1.0	1.0	10000.0	1.0	False	0.0	0.0	0.0	"[nan nan nan nan nan nan nan nan nan nan nan nan nan nan nan nan nan nan
 nan nan]"
931.9421833210724	2.0	trials	1.0	1.0	1.0	10000.0	2.0	False	0.0	0.0	0.0	"[nan nan nan nan nan nan nan nan nan nan nan nan nan nan nan nan nan nan
 nan nan]"
940.7439523808489	2.0	trials	1.0	1.0	1.0	10000.0	1.0	False	0.0	0.0	0.0	"[nan nan nan nan nan nan nan nan nan nan nan nan nan nan nan nan nan nan
 nan nan]"
949.4561243529566	2.0	trials	1.0	1.0	1.0	10000.0	1.0	False	0.0	0.0	0.0	"[nan nan nan nan nan nan nan nan nan nan nan nan nan nan nan nan nan nan
 nan nan]"
954.6270945553532	2.0	trials	1.0	1.0	1.0	10000.0	0.5	False	0.0	0.0	0.0	"[nan nan nan nan nan nan nan nan nan nan nan nan nan nan nan nan nan nan
 nan nan]"
961.9605773009133	2.0	trials	1.0	1.0	1.0	10000.0	1.0	False	0.0	0.0	0.0	"[nan nan nan nan nan nan nan nan nan nan nan nan nan nan nan nan nan nan
 nan nan]"
968.9082828078614	2.0	trials	1.0	1.0	1.0	10000.0	1.0	False	0.0	0.0	0.0	"[nan nan nan nan nan nan nan nan nan nan nan nan nan nan nan nan nan nan
 nan nan]"
973.4022204365144	2.0	trials	1.0	1.0	1.0	10000.0	2.0	False	0.0	0.0	0.0	"[nan nan nan nan nan nan nan nan nan nan nan nan nan nan nan nan nan nan
 nan nan]"
979.9962032077674	2.0	trials	1.0	1.0	1.0	10000.0	0.3	False	0.0	0.0	0.0	"[nan nan nan nan nan nan nan nan nan nan nan nan nan nan nan nan nan nan
 nan nan]"
988.3123163082519	2.0	trials	1.0	1.0	1.0	10000.0	2.0	False	0.0	0.0	0.0	"[nan nan nan nan nan nan nan nan nan nan nan nan nan nan nan nan nan nan
 nan nan]"
993.1654198900765	2.0	trials	1.0	1.0	1.0	10000.0	2.0	False	0.0	0.0	0.0	"[nan nan nan nan nan nan nan nan nan nan nan nan nan nan nan nan nan nan
 nan nan]"
1001.9931090330743	2.0	trials	1.0	1.0	1.0	10000.0	0.3	False	0.0	0.0	0.0	"[nan nan nan nan nan nan nan nan nan nan nan nan nan nan nan nan nan nan
 nan nan]"
1006.9724434201875	2.0	trials	1.0	1.0	1.0	10000.0	0.3	False	0.0	0.0	0.0	"[nan nan nan nan nan nan nan nan nan nan nan nan nan nan nan nan nan nan
 nan nan]"
1011.4846979076502	2.0	trials	1.0	1.0	1.0	10000.0	0.3	False	0.0	0.0	0.0	"[nan nan nan nan nan nan nan nan nan nan nan nan nan nan nan nan nan nan
 nan nan]"
1019.628010453325	2.0	trials	1.0	1.0	1.0	10000.0	1.0	False	0.0	0.0	0.0	"[nan nan nan nan nan nan nan nan nan nan nan nan nan nan nan nan nan nan
 nan nan]"
1024.9605491744687	2.0	trials	1.0	1.0	1.0	10000.0	1.0	False	0.0	0.0	0.0	"[nan nan nan nan nan nan nan nan nan nan nan nan nan nan nan nan nan nan
 nan nan]"
1031.2488477642637	2.0	trials	1.0	1.0	1.0	10000.0	0.3	False	0.0	0.0	0.0	"[nan nan nan nan nan nan nan nan nan nan nan nan nan nan nan nan nan nan
 nan nan]"
1035.4069475146446	2.0	trials	1.0	1.0	1.0	10000.0	0.3	False	0.0	0.0	0.0	"[nan nan nan nan nan nan nan nan nan nan nan nan nan nan nan nan nan nan
 nan nan]"
1041.1184378524854	2.0	trials	1.0	1.0	1.0	10000.0	0.5	False	0.0	0.0	0.0	"[nan nan nan nan nan nan nan nan nan nan nan nan nan nan nan nan nan nan
 nan nan]"
1050.1187547497377	2.0	trials	1.0	1.0	1.0	10000.0	1.0	False	0.0	0.0	0.0	"[nan nan nan nan nan nan nan nan nan nan nan nan nan nan nan nan nan nan
 nan nan]"
1056.2270815616987	2.0	trials	1.0	1.0	1.0	10000.0	0.5	False	0.0	0.0	0.0	"[nan nan nan nan nan nan nan nan nan nan nan nan nan nan nan nan nan nan
 nan nan]"
1063.8558804554282	2.0	trials	1.0	1.0	1.0	10000.0	0.5	False	0.0	0.0	0.0	"[nan nan nan nan nan nan nan nan nan nan nan nan nan nan nan nan nan nan
 nan nan]"
1069.1510078564554	2.0	trials	1.0	1.0	1.0	10000.0	2.0	False	0.0	0.0	0.0	"[nan nan nan nan nan nan nan nan nan nan nan nan nan nan nan nan nan nan
 nan nan]"
1077.5295883575036	2.0	trials	1.0	1.0	1.0	10000.0	1.0	False	0.0	0.0	0.0	"[nan nan nan nan nan nan nan nan nan nan nan nan nan nan nan nan nan nan
 nan nan]"
1084.375341537114	2.0	trials	1.0	1.0	1.0	10000.0	0.3	False	0.0	0.0	0.0	"[nan nan nan nan nan nan nan nan nan nan nan nan nan nan nan nan nan nan
 nan nan]"
1088.913688908353	2.0	trials	1.0	1.0	1.0	10000.0	0.5	False	0.0	0.0	0.0	"[nan nan nan nan nan nan nan nan nan nan nan nan nan nan nan nan nan nan
 nan nan]"
1096.3253639049647	2.0	trials	1.0	1.0	1.0	10000.0	0.5	False	0.0	0.0	0.0	"[nan nan nan nan nan nan nan nan nan nan nan nan nan nan nan nan nan nan
 nan nan]"
1101.989593291065	2.0	trials	1.0	1.0	1.0	10000.0	0.5	False	0.0	0.0	0.0	"[nan nan nan nan nan nan nan nan nan nan nan nan nan nan nan nan nan nan
 nan nan]"
1107.6234097795189	2.0	trials	1.0	1.0	1.0	10000.0	2.0	False	0.0	0.0	0.0	"[nan nan nan nan nan nan nan nan nan nan nan nan nan nan nan nan nan nan
 nan nan]"
1111.76984549245	2.0	trials	1.0	1.0	1.0	10000.0	0.3	False	0.0	0.0	0.0	"[nan nan nan nan nan nan nan nan nan nan nan nan nan nan nan nan nan nan
 nan nan]"
1117.613701055275	2.0	trials	1.0	1.0	1.0	10000.0	2.0	False	0.0	0.0	0.0	"[nan nan nan nan nan nan nan nan nan nan nan nan nan nan nan nan nan nan
 nan nan]"
1123.7339511055177	2.0	trials	1.0	1.0	1.0	10000.0	2.0	False	0.0	0.0	0.0	"[nan nan nan nan nan nan nan nan nan nan nan nan nan nan nan nan nan nan
 nan nan]"
1129.1933254338915	2.0	trials	1.0	1.0	1.0	10000.0	1.0	False	0.0	0.0	0.0	"[nan nan nan nan nan nan nan nan nan nan nan nan nan nan nan nan nan nan
 nan nan]"
1133.9032637560565	2.0	trials	1.0	1.0	1.0	10000.0	1.0	False	0.0	0.0	0.0	"[nan nan nan nan nan nan nan nan nan nan nan nan nan nan nan nan nan nan
 nan nan]"
1142.5621267570054	2.0	trials	1.0	1.0	1.0	10000.0	0.5	False	0.0	0.0	0.0	"[nan nan nan nan nan nan nan nan nan nan nan nan nan nan nan nan nan nan
 nan nan]"
1147.2344809584993	2.0	trials	1.0	1.0	1.0	10000.0	1.0	False	0.0	0.0	0.0	"[nan nan nan nan nan nan nan nan nan nan nan nan nan nan nan nan nan nan
 nan nan]"
1152.2698027253707	2.0	trials	1.0	1.0	1.0	10000.0	0.5	False	0.0	0.0	0.0	"[nan nan nan nan nan nan nan nan nan nan nan nan nan nan nan nan nan nan
 nan nan]"
1159.1939209565871	2.0	trials	1.0	1.0	1.0	10000.0	0.5	False	0.0	0.0	0.0	"[nan nan nan nan nan nan nan nan nan nan nan nan nan nan nan nan nan nan
 nan nan]"
1166.3340398813154	2.0	trials	1.0	1.0	1.0	10000.0	0.5	False	0.0	0.0	0.0	"[nan nan nan nan nan nan nan nan nan nan nan nan nan nan nan nan nan nan
 nan nan]"
1171.5807831269963	2.0	trials	1.0	1.0	1.0	10000.0	0.5	False	0.0	0.0	0.0	"[nan nan nan nan nan nan nan nan nan nan nan nan nan nan nan nan nan nan
 nan nan]"
1178.5622711424094	2.0	trials	1.0	1.0	1.0	10000.0	2.0	False	0.0	0.0	0.0	"[nan nan nan nan nan nan nan nan nan nan nan nan nan nan nan nan nan nan
 nan nan]"
1186.968758933059	2.0	trials	1.0	1.0	1.0	10000.0	2.0	False	0.0	0.0	0.0	"[nan nan nan nan nan nan nan nan nan nan nan nan nan nan nan nan nan nan
 nan nan]"
1194.4797078484085	2.0	trials	1.0	1.0	1.0	10000.0	0.5	False	0.0	0.0	0.0	"[nan nan nan nan nan nan nan nan nan nan nan nan nan nan nan nan nan nan
 nan nan]"
1200.6305435968525	2.0	trials	1.0	1.0	1.0	10000.0	0.5	False	0.0	0.0	0.0	"[nan nan nan nan nan nan nan nan nan nan nan nan nan nan nan nan nan nan
 nan nan]"
1205.5112952674467	2.0	trials	1.0	1.0	1.0	10000.0	0.3	False	0.0	0.0	0.0	"[nan nan nan nan nan nan nan nan nan nan nan nan nan nan nan nan nan nan
 nan nan]"
1212.9964969001294	2.0	trials	1.0	1.0	1.0	10000.0	2.0	False	0.0	0.0	0.0	"[nan nan nan nan nan nan nan nan nan nan nan nan nan nan nan nan nan nan
 nan nan]"
1221.2465137883992	2.0	trials	1.0	1.0	1.0	10000.0	1.0	False	0.0	0.0	0.0	"[nan nan nan nan nan nan nan nan nan nan nan nan nan nan nan nan nan nan
 nan nan]"
1226.1364238883984	2.0	trials	1.0	1.0	1.0	10000.0	0.3	False	0.0	0.0	0.0	"[nan nan nan nan nan nan nan nan nan nan nan nan nan nan nan nan nan nan
 nan nan]"
1234.4943547231464	2.0	trials	1.0	1.0	1.0	10000.0	0.5	False	0.0	0.0	0.0	"[nan nan nan nan nan nan nan nan nan nan nan nan nan nan nan nan nan nan
 nan nan]"
1239.4030136833426	2.0	trials	1.0	1.0	1.0	10000.0	0.5	False	0.0	0.0	0.0	"[nan nan nan nan nan nan nan nan nan nan nan nan nan nan nan nan nan nan
 nan nan]"
1243.572950271728	2.0	trials	1.0	1.0	1.0	10000.0	0.3	False	0.0	0.0	0.0	"[nan nan nan nan nan nan nan nan nan nan nan nan nan nan nan nan nan nan
 nan nan]"
1252.1346129605965	2.0	trials	1.0	1.0	1.0	10000.0	2.0	False	0.0	0.0	0.0	"[nan nan nan nan nan nan nan nan nan nan nan nan nan nan nan nan nan nan
 nan nan]"
1258.9147883296566	2.0	trials	1.0	1.0	1.0	10000.0	3.0	False	0.0	0.0	0.0	"[nan nan nan nan nan nan nan nan nan nan nan nan nan nan nan nan nan nan
 nan nan]"
1263.566320064296	2.0	trials	1.0	1.0	1.0	10000.0	3.0	False	0.0	0.0	0.0	"[nan nan nan nan nan nan nan nan nan nan nan nan nan nan nan nan nan nan
 nan nan]"
1268.1312787209758	2.0	trials	1.0	1.0	1.0	10000.0	0.5	False	0.0	0.0	0.0	"[nan nan nan nan nan nan nan nan nan nan nan nan nan nan nan nan nan nan
 nan nan]"
1274.6464644392356	2.0	trials	1.0	1.0	1.0	10000.0	0.5	False	0.0	0.0	0.0	"[nan nan nan nan nan nan nan nan nan nan nan nan nan nan nan nan nan nan
 nan nan]"
1282.8015274226375	2.0	trials	1.0	1.0	1.0	10000.0	3.0	False	0.0	0.0	0.0	"[nan nan nan nan nan nan nan nan nan nan nan nan nan nan nan nan nan nan
 nan nan]"
1290.2070679995531	2.0	trials	1.0	1.0	1.0	10000.0	3.0	False	0.0	0.0	0.0	"[nan nan nan nan nan nan nan nan nan nan nan nan nan nan nan nan nan nan
 nan nan]"
1295.8986862735908	2.0	trials	1.0	1.0	1.0	10000.0	0.3	False	0.0	0.0	0.0	"[nan nan nan nan nan nan nan nan nan nan nan nan nan nan nan nan nan nan
 nan nan]"
1301.7253481812122	2.0	trials	1.0	1.0	1.0	10000.0	3.0	False	0.0	0.0	0.0	"[nan nan nan nan nan nan nan nan nan nan nan nan nan nan nan nan nan nan
 nan nan]"
1307.323049353711	2.0	trials	1.0	1.0	1.0	10000.0	0.5	False	0.0	0.0	0.0	"[nan nan nan nan nan nan nan nan nan nan nan nan nan nan nan nan nan nan
 nan nan]"
1312.9036432712835	2.0	trials	1.0	1.0	1.0	10000.0	3.0	False	0.0	0.0	0.0	"[nan nan nan nan nan nan nan nan nan nan nan nan nan nan nan nan nan nan
 nan nan]"
1320.7662413156706	2.0	trials	1.0	1.0	1.0	10000.0	3.0	False	0.0	0.0	0.0	"[nan nan nan nan nan nan nan nan nan nan nan nan nan nan nan nan nan nan
 nan nan]"
1325.5338950231417	2.0	trials	1.0	1.0	1.0	10000.0	0.3	False	0.0	0.0	0.0	"[nan nan nan nan nan nan nan nan nan nan nan nan nan nan nan nan nan nan
 nan nan]"
1331.5997128986194	2.0	trials	1.0	1.0	1.0	10000.0	1.0	False	0.0	0.0	0.0	"[nan nan nan nan nan nan nan nan nan nan nan nan nan nan nan nan nan nan
 nan nan]"
1337.2779391296594	2.0	trials	1.0	1.0	1.0	10000.0	3.0	False	0.0	0.0	0.0	"[nan nan nan nan nan nan nan nan nan nan nan nan nan nan nan nan nan nan
 nan nan]"
1344.6141866840967	2.0	trials	1.0	1.0	1.0	10000.0	0.5	False	0.0	0.0	0.0	"[nan nan nan nan nan nan nan nan nan nan nan nan nan nan nan nan nan nan
 nan nan]"
1349.5693289935364	2.0	trials	1.0	1.0	1.0	10000.0	1.0	False	0.0	0.0	0.0	"[nan nan nan nan nan nan nan nan nan nan nan nan nan nan nan nan nan nan
 nan nan]"
1355.818315457112	2.0	trials	1.0	1.0	1.0	10000.0	3.0	False	0.0	0.0	0.0	"[nan nan nan nan nan nan nan nan nan nan nan nan nan nan nan nan nan nan
 nan nan]"
1361.5158089500135	2.0	trials	1.0	1.0	1.0	10000.0	1.0	False	0.0	0.0	0.0	"[nan nan nan nan nan nan nan nan nan nan nan nan nan nan nan nan nan nan
 nan nan]"
1370.0242490680007	2.0	trials	1.0	1.0	1.0	10000.0	3.0	False	0.0	0.0	0.0	"[nan nan nan nan nan nan nan nan nan nan nan nan nan nan nan nan nan nan
 nan nan]"
1378.4840458298092	2.0	trials	1.0	1.0	1.0	10000.0	0.5	False	0.0	0.0	0.0	"[nan nan nan nan nan nan nan nan nan nan nan nan nan nan nan nan nan nan
 nan nan]"
1387.1719393239662	2.0	trials	1.0	1.0	1.0	10000.0	3.0	False	0.0	0.0	0.0	"[nan nan nan nan nan nan nan nan nan nan nan nan nan nan nan nan nan nan
 nan nan]"
1396.2091491396704	2.0	trials	1.0	1.0	1.0	10000.0	2.0	False	0.0	0.0	0.0	"[nan nan nan nan nan nan nan nan nan nan nan nan nan nan nan nan nan nan
 nan nan]"
1400.4798284515095	2.0	trials	1.0	1.0	1.0	10000.0	3.0	False	0.0	0.0	0.0	"[nan nan nan nan nan nan nan nan nan nan nan nan nan nan nan nan nan nan
 nan nan]"
1409.3724042028384	2.0	trials	1.0	1.0	1.0	10000.0	1.0	False	0.0	0.0	0.0	"[nan nan nan nan nan nan nan nan nan nan nan nan nan nan nan nan nan nan
 nan nan]"
1415.3545866097884	2.0	trials	1.0	1.0	1.0	10000.0	1.0	False	0.0	0.0	0.0	"[nan nan nan nan nan nan nan nan nan nan nan nan nan nan nan nan nan nan
 nan nan]"
1419.9638686087767	2.0	trials	1.0	1.0	1.0	10000.0	0.5	False	0.0	0.0	0.0	"[nan nan nan nan nan nan nan nan nan nan nan nan nan nan nan nan nan nan
 nan nan]"
1427.7087894753383	2.0	trials	1.0	1.0	1.0	10000.0	2.0	False	0.0	0.0	0.0	"[nan nan nan nan nan nan nan nan nan nan nan nan nan nan nan nan nan nan
 nan nan]"
1433.4563951291343	2.0	trials	1.0	1.0	1.0	10000.0	2.0	False	0.0	0.0	0.0	"[nan nan nan nan nan nan nan nan nan nan nan nan nan nan nan nan nan nan
 nan nan]"
1441.0042369629357	2.0	trials	1.0	1.0	1.0	10000.0	3.0	False	0.0	0.0	0.0	"[nan nan nan nan nan nan nan nan nan nan nan nan nan nan nan nan nan nan
 nan nan]"
1445.216682487804	2.0	trials	1.0	1.0	1.0	10000.0	1.0	False	0.0	0.0	0.0	"[nan nan nan nan nan nan nan nan nan nan nan nan nan nan nan nan nan nan
 nan nan]"
1452.1064134086137	2.0	trials	1.0	1.0	1.0	10000.0	3.0	False	0.0	0.0	0.0	"[nan nan nan nan nan nan nan nan nan nan nan nan nan nan nan nan nan nan
 nan nan]"
1457.1329223471896	2.0	trials	1.0	1.0	1.0	10000.0	1.0	False	0.0	0.0	0.0	"[nan nan nan nan nan nan nan nan nan nan nan nan nan nan nan nan nan nan
 nan nan]"
1462.9721122950343	2.0	trials	1.0	1.0	1.0	10000.0	3.0	False	0.0	0.0	0.0	"[nan nan nan nan nan nan nan nan nan nan nan nan nan nan nan nan nan nan
 nan nan]"
1468.4509266858245	2.0	trials	1.0	1.0	1.0	10000.0	0.3	False	0.0	0.0	0.0	"[nan nan nan nan nan nan nan nan nan nan nan nan nan nan nan nan nan nan
 nan nan]"
1473.2131371758194	2.0	trials	1.0	1.0	1.0	10000.0	0.5	False	0.0	0.0	0.0	"[nan nan nan nan nan nan nan nan nan nan nan nan nan nan nan nan nan nan
 nan nan]"
1478.1336329740195	2.0	trials	1.0	1.0	1.0	10000.0	3.0	False	0.0	0.0	0.0	"[nan nan nan nan nan nan nan nan nan nan nan nan nan nan nan nan nan nan
 nan nan]"
1485.7646782749619	2.0	trials	1.0	1.0	1.0	10000.0	0.3	False	0.0	0.0	0.0	"[nan nan nan nan nan nan nan nan nan nan nan nan nan nan nan nan nan nan
 nan nan]"
1493.4455765359667	2.0	trials	1.0	1.0	1.0	10000.0	0.5	False	0.0	0.0	0.0	"[nan nan nan nan nan nan nan nan nan nan nan nan nan nan nan nan nan nan
 nan nan]"
1500.4643894712183	2.0	trials	1.0	1.0	1.0	10000.0	1.0	False	0.0	0.0	0.0	"[nan nan nan nan nan nan nan nan nan nan nan nan nan nan nan nan nan nan
 nan nan]"
1504.5924219250621	2.0	trials	1.0	1.0	1.0	10000.0	2.0	False	0.0	0.0	0.0	"[nan nan nan nan nan nan nan nan nan nan nan nan nan nan nan nan nan nan
 nan nan]"
1511.8281859568776	2.0	trials	1.0	1.0	1.0	10000.0	2.0	False	0.0	0.0	0.0	"[nan nan nan nan nan nan nan nan nan nan nan nan nan nan nan nan nan nan
 nan nan]"
1517.74703696049	2.0	trials	1.0	1.0	1.0	10000.0	2.0	False	0.0	0.0	0.0	"[nan nan nan nan nan nan nan nan nan nan nan nan nan nan nan nan nan nan
 nan nan]"
1523.6247614320578	2.0	trials	1.0	1.0	1.0	10000.0	3.0	False	0.0	0.0	0.0	"[nan nan nan nan nan nan nan nan nan nan nan nan nan nan nan nan nan nan
 nan nan]"
1532.717267425301	2.0	trials	1.0	1.0	1.0	10000.0	2.0	False	0.0	0.0	0.0	"[nan nan nan nan nan nan nan nan nan nan nan nan nan nan nan nan nan nan
 nan nan]"
1537.725200304235	2.0	trials	1.0	1.0	1.0	10000.0	0.3	False	0.0	0.0	0.0	"[nan nan nan nan nan nan nan nan nan nan nan nan nan nan nan nan nan nan
 nan nan]"
1543.5696606690017	2.0	trials	1.0	1.0	1.0	10000.0	0.5	False	0.0	0.0	0.0	"[nan nan nan nan nan nan nan nan nan nan nan nan nan nan nan nan nan nan
 nan nan]"
1549.4313146889717	2.0	trials	1.0	1.0	1.0	10000.0	3.0	False	0.0	0.0	0.0	"[nan nan nan nan nan nan nan nan nan nan nan nan nan nan nan nan nan nan
 nan nan]"
1555.4138426970314	2.0	trials	1.0	1.0	1.0	10000.0	0.3	False	0.0	0.0	0.0	"[nan nan nan nan nan nan nan nan nan nan nan nan nan nan nan nan nan nan
 nan nan]"
1562.3019320125702	2.0	trials	1.0	1.0	1.0	10000.0	3.0	False	0.0	0.0	0.0	"[nan nan nan nan nan nan nan nan nan nan nan nan nan nan nan nan nan nan
 nan nan]"
1567.0787441494465	2.0	trials	1.0	1.0	1.0	10000.0	0.5	False	0.0	0.0	0.0	"[nan nan nan nan nan nan nan nan nan nan nan nan nan nan nan nan nan nan
 nan nan]"
1574.4632030586752	2.0	trials	1.0	1.0	1.0	10000.0	1.0	False	0.0	0.0	0.0	"[nan nan nan nan nan nan nan nan nan nan nan nan nan nan nan nan nan nan
 nan nan]"
1582.2994490184537	2.0	trials	1.0	1.0	1.0	10000.0	1.0	False	0.0	0.0	0.0	"[nan nan nan nan nan nan nan nan nan nan nan nan nan nan nan nan nan nan
 nan nan]"
1590.129214957427	2.0	trials	1.0	1.0	1.0	10000.0	0.3	False	0.0	0.0	0.0	"[nan nan nan nan nan nan nan nan nan nan nan nan nan nan nan nan nan nan
 nan nan]"
1597.617527000096	2.0	trials	1.0	1.0	1.0	10000.0	1.0	False	0.0	0.0	0.0	"[nan nan nan nan nan nan nan nan nan nan nan nan nan nan nan nan nan nan
 nan nan]"
1606.6418631744673	2.0	trials	1.0	1.0	1.0	10000.0	3.0	False	0.0	0.0	0.0	"[nan nan nan nan nan nan nan nan nan nan nan nan nan nan nan nan nan nan
 nan nan]"
1615.6236040120777	2.0	trials	1.0	1.0	1.0	10000.0	0.5	False	0.0	0.0	0.0	"[nan nan nan nan nan nan nan nan nan nan nan nan nan nan nan nan nan nan
 nan nan]"
1621.7701197466515	2.0	trials	1.0	1.0	1.0	10000.0	0.3	False	0.0	0.0	0.0	"[nan nan nan nan nan nan nan nan nan nan nan nan nan nan nan nan nan nan
 nan nan]"
1628.1186393297974	2.0	trials	1.0	1.0	1.0	10000.0	2.0	False	0.0	0.0	0.0	"[nan nan nan nan nan nan nan nan nan nan nan nan nan nan nan nan nan nan
 nan nan]"
1634.6920588350279	2.0	trials	1.0	1.0	1.0	10000.0	0.5	False	0.0	0.0	0.0	"[nan nan nan nan nan nan nan nan nan nan nan nan nan nan nan nan nan nan
 nan nan]"
1639.8583634224449	2.0	trials	1.0	1.0	1.0	10000.0	0.3	False	0.0	0.0	0.0	"[nan nan nan nan nan nan nan nan nan nan nan nan nan nan nan nan nan nan
 nan nan]"
1644.3457346300152	2.0	trials	1.0	1.0	1.0	10000.0	3.0	False	0.0	0.0	0.0	"[nan nan nan nan nan nan nan nan nan nan nan nan nan nan nan nan nan nan
 nan nan]"
1651.152694085071	2.0	trials	1.0	1.0	1.0	10000.0	1.0	False	0.0	0.0	0.0	"[nan nan nan nan nan nan nan nan nan nan nan nan nan nan nan nan nan nan
 nan nan]"
1659.706148747586	2.0	trials	1.0	1.0	1.0	10000.0	0.3	False	0.0	0.0	0.0	"[nan nan nan nan nan nan nan nan nan nan nan nan nan nan nan nan nan nan
 nan nan]"
1665.028319435441	2.0	trials	1.0	1.0	1.0	10000.0	0.3	False	0.0	0.0	0.0	"[nan nan nan nan nan nan nan nan nan nan nan nan nan nan nan nan nan nan
 nan nan]"
1671.1188477902565	2.0	trials	1.0	1.0	1.0	10000.0	2.0	False	0.0	0.0	0.0	"[nan nan nan nan nan nan nan nan nan nan nan nan nan nan nan nan nan nan
 nan nan]"
1676.6950352936817	2.0	trials	1.0	1.0	1.0	10000.0	3.0	False	0.0	0.0	0.0	"[nan nan nan nan nan nan nan nan nan nan nan nan nan nan nan nan nan nan
 nan nan]"
1685.2245570793557	2.0	trials	1.0	1.0	1.0	10000.0	0.3	False	0.0	0.0	0.0	"[nan nan nan nan nan nan nan nan nan nan nan nan nan nan nan nan nan nan
 nan nan]"
1693.1508321281894	2.0	trials	1.0	1.0	1.0	10000.0	0.3	False	0.0	0.0	0.0	"[nan nan nan nan nan nan nan nan nan nan nan nan nan nan nan nan nan nan
 nan nan]"
1697.4766348170133	2.0	trials	1.0	1.0	1.0	10000.0	0.5	False	0.0	0.0	0.0	"[nan nan nan nan nan nan nan nan nan nan nan nan nan nan nan nan nan nan
 nan nan]"
1705.6665171122095	2.0	trials	1.0	1.0	1.0	10000.0	0.3	False	0.0	0.0	0.0	"[nan nan nan nan nan nan nan nan nan nan nan nan nan nan nan nan nan nan
 nan nan]"
1711.1210530250487	2.0	trials	1.0	1.0	1.0	10000.0	2.0	False	0.0	0.0	0.0	"[nan nan nan nan nan nan nan nan nan nan nan nan nan nan nan nan nan nan
 nan nan]"
1719.8690811122792	2.0	trials	1.0	1.0	1.0	10000.0	0.5	False	0.0	0.0	0.0	"[nan nan nan nan nan nan nan nan nan nan nan nan nan nan nan nan nan nan
 nan nan]"
1724.9269533515528	2.0	trials	1.0	1.0	1.0	10000.0	0.3	False	0.0	0.0	0.0	"[nan nan nan nan nan nan nan nan nan nan nan nan nan nan nan nan nan nan
 nan nan]"
1733.5667218911958	2.0	trials	1.0	1.0	1.0	10000.0	2.0	False	0.0	0.0	0.0	"[nan nan nan nan nan nan nan nan nan nan nan nan nan nan nan nan nan nan
 nan nan]"
1741.0965060670192	2.0	trials	1.0	1.0	1.0	10000.0	3.0	False	0.0	0.0	0.0	"[nan nan nan nan nan nan nan nan nan nan nan nan nan nan nan nan nan nan
 nan nan]"
1746.811538816234	2.0	trials	1.0	1.0	1.0	10000.0	2.0	False	0.0	0.0	0.0	"[nan nan nan nan nan nan nan nan nan nan nan nan nan nan nan nan nan nan
 nan nan]"
1753.0308899846593	2.0	trials	1.0	1.0	1.0	10000.0	3.0	False	0.0	0.0	0.0	"[nan nan nan nan nan nan nan nan nan nan nan nan nan nan nan nan nan nan
 nan nan]"
1761.7345083293042	2.0	trials	1.0	1.0	1.0	10000.0	2.0	False	0.0	0.0	0.0	"[nan nan nan nan nan nan nan nan nan nan nan nan nan nan nan nan nan nan
 nan nan]"
1765.9068641254569	2.0	trials	1.0	1.0	1.0	10000.0	1.0	False	0.0	0.0	0.0	"[nan nan nan nan nan nan nan nan nan nan nan nan nan nan nan nan nan nan
 nan nan]"
1772.1232776844508	2.0	trials	1.0	1.0	1.0	10000.0	2.0	False	0.0	0.0	0.0	"[nan nan nan nan nan nan nan nan nan nan nan nan nan nan nan nan nan nan
 nan nan]"
1780.0858408497952	2.0	trials	1.0	1.0	1.0	10000.0	0.5	False	0.0	0.0	0.0	"[nan nan nan nan nan nan nan nan nan nan nan nan nan nan nan nan nan nan
 nan nan]"
1787.1412011023892	2.0	trials	1.0	1.0	1.0	10000.0	0.5	False	0.0	0.0	0.0	"[nan nan nan nan nan nan nan nan nan nan nan nan nan nan nan nan nan nan
 nan nan]"
1791.5704249232663	2.0	trials	1.0	1.0	1.0	10000.0	0.3	False	0.0	0.0	0.0	"[nan nan nan nan nan nan nan nan nan nan nan nan nan nan nan nan nan nan
 nan nan]"
1799.9891815533074	2.0	trials	1.0	1.0	1.0	10000.0	1.0	False	0.0	0.0	0.0	"[nan nan nan nan nan nan nan nan nan nan nan nan nan nan nan nan nan nan
 nan nan]"
1825.7215169719314	2.0	trials	2.0	0.0	0.0	0.0	0.0	False	40.0	1.86	0.005	"[21131036.07592878 21131036.07592878 21131036.07592878 21131036.07592878
 21131036.07592878 21131036.07592878 21131036.07592878 21131036.07592878
 21131036.07592878 21131036.07592878 21131036.07592878 21131036.07592878
 21131036.07592878 21131036.07592878 21131036.07592878 21131036.07592878
 21131036.07592878 21131036.07592878 21131036.07592878 21131036.07592878]"
1833.539273272345	2.0	trials	2.0	0.0	0.0	0.0	0.0	False	40.0	1.86	0.005	"[21221519.36644225 21221519.36644225 21221519.36644225 21221519.36644225
 21221519.36644225 21221519.36644225 21221519.36644225 21221519.36644225
 21221519.36644225 21221519.36644225 21221519.36644225 21221519.36644225
 21221519.36644225 21221519.36644225 21221519.36644225 21221519.36644225
 21221519.36644225 21221519.36644225 21221519.36644225 21221519.36644225]"
1840.7118787013774	2.0	trials	2.0	0.0	0.0	0.0	0.0	False	40.0	1.86	0.005	"[21304535.63298145 21304535.63298145 21304535.63298145 21304535.63298145
 21304535.63298145 21304535.63298145 21304535.63298145 21304535.63298145
 21304535.63298145 21304535.63298145 21304535.63298145 21304535.63298145
 21304535.63298145 21304535.63298145 21304535.63298145 21304535.63298145
 21304535.63298145 21304535.63298145 21304535.63298145 21304535.63298145]"
1849.5774111658789	2.0	trials	2.0	0.0	0.0	0.0	0.0	False	40.0	1.86	0.005	"[21407145.96243104 21407145.96243104 21407145.96243104 21407145.96243104
 21407145.96243104 21407145.96243104 21407145.96243104 21407145.96243104
 21407145.96243104 21407145.96243104 21407145.96243104 21407145.96243104
 21407145.96243104 21407145.96243104 21407145.96243104 21407145.96243104
 21407145.96243104 21407145.96243104 21407145.96243104 21407145.96243104]"
1857.6716483539874	2.0	trials	2.0	0.0	0.0	0.0	0.0	False	40.0	1.86	0.005	"[21500829.26321873 21500829.26321873 21500829.26321873 21500829.26321873
 21500829.26321873 21500829.26321873 21500829.26321873 21500829.26321873
 21500829.26321873 21500829.26321873 21500829.26321873 21500829.26321873
 21500829.26321873 21500829.26321873 21500829.26321873 21500829.26321873
 21500829.26321873 21500829.26321873 21500829.26321873 21500829.26321873]"
1863.4672925620207	2.0	trials	2.0	0.0	0.0	0.0	0.0	False	40.0	1.86	0.005	"[21567908.47858906 21567908.47858906 21567908.47858906 21567908.47858906
 21567908.47858906 21567908.47858906 21567908.47858906 21567908.47858906
 21567908.47858906 21567908.47858906 21567908.47858906 21567908.47858906
 21567908.47858906 21567908.47858906 21567908.47858906 21567908.47858906
 21567908.47858906 21567908.47858906 21567908.47858906 21567908.47858906]"
1868.629622736677	2.0	trials	2.0	0.0	0.0	0.0	0.0	False	40.0	1.86	0.005	"[21627657.67042498 21627657.67042498 21627657.67042498 21627657.67042498
 21627657.67042498 21627657.67042498 21627657.67042498 21627657.67042498
 21627657.67042498 21627657.67042498 21627657.67042498 21627657.67042498
 21627657.67042498 21627657.67042498 21627657.67042498 21627657.67042498
 21627657.67042498 21627657.67042498 21627657.67042498 21627657.67042498]"
1877.5555489950839	2.0	trials	2.0	0.0	0.0	0.0	0.0	False	40.0	1.86	0.005	"[21730967.00211884 21730967.00211884 21730967.00211884 21730967.00211884
 21730967.00211884 21730967.00211884 21730967.00211884 21730967.00211884
 21730967.00211884 21730967.00211884 21730967.00211884 21730967.00211884
 21730967.00211884 21730967.00211884 21730967.00211884 21730967.00211884
 21730967.00211884 21730967.00211884 21730967.00211884 21730967.00211884]"
1884.3416859832848	2.0	trials	2.0	0.0	0.0	0.0	0.0	False	40.0	1.86	0.005	"[21809510.25429659 21809510.25429659 21809510.25429659 21809510.25429659
 21809510.25429659 21809510.25429659 21809510.25429659 21809510.25429659
 21809510.25429659 21809510.25429659 21809510.25429659 21809510.25429659
 21809510.25429659 21809510.25429659 21809510.25429659 21809510.25429659
 21809510.25429659 21809510.25429659 21809510.25429659 21809510.25429659]"
1893.0055602003233	2.0	trials	2.0	0.0	0.0	0.0	0.0	False	40.0	1.86	0.005	"[21909786.57625241 21909786.57625241 21909786.57625241 21909786.57625241
 21909786.57625241 21909786.57625241 21909786.57625241 21909786.57625241
 21909786.57625241 21909786.57625241 21909786.57625241 21909786.57625241
 21909786.57625241 21909786.57625241 21909786.57625241 21909786.57625241
 21909786.57625241 21909786.57625241 21909786.57625241 21909786.57625241]"
1901.3094908616936	2.0	trials	2.0	0.0	0.0	0.0	0.0	False	40.0	1.86	0.005	"[22005896.88483247 22005896.88483247 22005896.88483247 22005896.88483247
 22005896.88483247 22005896.88483247 22005896.88483247 22005896.88483247
 22005896.88483247 22005896.88483247 22005896.88483247 22005896.88483247
 22005896.88483247 22005896.88483247 22005896.88483247 22005896.88483247
 22005896.88483247 22005896.88483247 22005896.88483247 22005896.88483247]"
1907.7838092487411	2.0	trials	2.0	0.0	0.0	0.0	0.0	False	40.0	1.86	0.005	"[22080831.12542282 22080831.12542282 22080831.12542282 22080831.12542282
 22080831.12542282 22080831.12542282 22080831.12542282 22080831.12542282
 22080831.12542282 22080831.12542282 22080831.12542282 22080831.12542282
 22080831.12542282 22080831.12542282 22080831.12542282 22080831.12542282
 22080831.12542282 22080831.12542282 22080831.12542282 22080831.12542282]"
1914.2729884835019	2.0	trials	2.0	0.0	0.0	0.0	0.0	False	40.0	1.86	0.005	"[22155937.3665654 22155937.3665654 22155937.3665654 22155937.3665654
 22155937.3665654 22155937.3665654 22155937.3665654 22155937.3665654
 22155937.3665654 22155937.3665654 22155937.3665654 22155937.3665654
 22155937.3665654 22155937.3665654 22155937.3665654 22155937.3665654
 22155937.3665654 22155937.3665654 22155937.3665654 22155937.3665654]"
1921.4716867963105	2.0	trials	2.0	0.0	0.0	0.0	0.0	False	40.0	1.86	0.005	"[22239255.63407423 22239255.63407423 22239255.63407423 22239255.63407423
 22239255.63407423 22239255.63407423 22239255.63407423 22239255.63407423
 22239255.63407423 22239255.63407423 22239255.63407423 22239255.63407423
 22239255.63407423 22239255.63407423 22239255.63407423 22239255.63407423
 22239255.63407423 22239255.63407423 22239255.63407423 22239255.63407423]"
1928.2199804630084	2.0	trials	2.0	0.0	0.0	0.0	0.0	False	40.0	1.86	0.005	"[22317360.88484569 22317360.88484569 22317360.88484569 22317360.88484569
 22317360.88484569 22317360.88484569 22317360.88484569 22317360.88484569
 22317360.88484569 22317360.88484569 22317360.88484569 22317360.88484569
 22317360.88484569 22317360.88484569 22317360.88484569 22317360.88484569
 22317360.88484569 22317360.88484569 22317360.88484569 22317360.88484569]"
1933.3200160376557	2.0	trials	2.0	0.0	0.0	0.0	0.0	False	40.0	1.86	0.005	"[22376389.0743667 22376389.0743667 22376389.0743667 22376389.0743667
 22376389.0743667 22376389.0743667 22376389.0743667 22376389.0743667
 22376389.0743667 22376389.0743667 22376389.0743667 22376389.0743667
 22376389.0743667 22376389.0743667 22376389.0743667 22376389.0743667
 22376389.0743667 22376389.0743667 22376389.0743667 22376389.0743667]"
1938.4528837177174	2.0	trials	2.0	0.0	0.0	0.0	0.0	False	40.0	1.86	0.005	"[22435797.26510777 22435797.26510777 22435797.26510777 22435797.26510777
 22435797.26510777 22435797.26510777 22435797.26510777 22435797.26510777
 22435797.26510777 22435797.26510777 22435797.26510777 22435797.26510777
 22435797.26510777 22435797.26510777 22435797.26510777 22435797.26510777
 22435797.26510777 22435797.26510777 22435797.26510777 22435797.26510777]"
1946.5587849432761	2.0	trials	2.0	0.0	0.0	0.0	0.0	False	40.0	1.86	0.005	"[22529615.56632891 22529615.56632891 22529615.56632891 22529615.56632891
 22529615.56632891 22529615.56632891 22529615.56632891 22529615.56632891
 22529615.56632891 22529615.56632891 22529615.56632891 22529615.56632891
 22529615.56632891 22529615.56632891 22529615.56632891 22529615.56632891
 22529615.56632891 22529615.56632891 22529615.56632891 22529615.56632891]"
1954.5544394148658	2.0	trials	2.0	0.0	0.0	0.0	0.0	False	40.0	1.86	0.005	"[22622157.8634532 22622157.8634532 22622157.8634532 22622157.8634532
 22622157.8634532 22622157.8634532 22622157.8634532 22622157.8634532
 22622157.8634532 22622157.8634532 22622157.8634532 22622157.8634532
 22622157.8634532 22622157.8634532 22622157.8634532 22622157.8634532
 22622157.8634532 22622157.8634532 22622157.8634532 22622157.8634532]"
1963.0746299705802	2.0	trials	2.0	0.0	0.0	0.0	0.0	False	40.0	1.86	0.005	"[22720771.18006964 22720771.18006964 22720771.18006964 22720771.18006964
 22720771.18006964 22720771.18006964 22720771.18006964 22720771.18006964
 22720771.18006964 22720771.18006964 22720771.18006964 22720771.18006964
 22720771.18006964 22720771.18006964 22720771.18006964 22720771.18006964
 22720771.18006964 22720771.18006964 22720771.18006964 22720771.18006964]"
1971.3062435997626	2.0	trials	2.0	0.0	0.0	0.0	0.0	False	40.0	1.86	0.005	"[22816044.48596234 22816044.48596234 22816044.48596234 22816044.48596234
 22816044.48596234 22816044.48596234 22816044.48596234 22816044.48596234
 22816044.48596234 22816044.48596234 22816044.48596234 22816044.48596234
 22816044.48596234 22816044.48596234 22816044.48596234 22816044.48596234
 22816044.48596234 22816044.48596234 22816044.48596234 22816044.48596234]"
1979.5754413496163	2.0	trials	2.0	0.0	0.0	0.0	0.0	False	40.0	1.86	0.005	"[22911752.7932517 22911752.7932517 22911752.7932517 22911752.7932517
 22911752.7932517 22911752.7932517 22911752.7932517 22911752.7932517
 22911752.7932517 22911752.7932517 22911752.7932517 22911752.7932517
 22911752.7932517 22911752.7932517 22911752.7932517 22911752.7932517
 22911752.7932517 22911752.7932517 22911752.7932517 22911752.7932517]"
1983.7748404325969	2.0	trials	2.0	0.0	0.0	0.0	0.0	False	40.0	1.86	0.005	"[22960356.94930441 22960356.94930441 22960356.94930441 22960356.94930441
 22960356.94930441 22960356.94930441 22960356.94930441 22960356.94930441
 22960356.94930441 22960356.94930441 22960356.94930441 22960356.94930441
 22960356.94930441 22960356.94930441 22960356.94930441 22960356.94930441
 22960356.94930441 22960356.94930441 22960356.94930441 22960356.94930441]"
1988.6986194413385	2.0	trials	2.0	0.0	0.0	0.0	0.0	False	40.0	1.86	0.005	"[23017345.13227559 23017345.13227559 23017345.13227559 23017345.13227559
 23017345.13227559 23017345.13227559 23017345.13227559 23017345.13227559
 23017345.13227559 23017345.13227559 23017345.13227559 23017345.13227559
 23017345.13227559 23017345.13227559 23017345.13227559 23017345.13227559
 23017345.13227559 23017345.13227559 23017345.13227559 23017345.13227559]"
1997.243606876668	2.0	trials	2.0	0.0	0.0	0.0	0.0	False	40.0	1.86	0.005	"[23116245.44981349 23116245.44981349 23116245.44981349 23116245.44981349
 23116245.44981349 23116245.44981349 23116245.44981349 23116245.44981349
 23116245.44981349 23116245.44981349 23116245.44981349 23116245.44981349
 23116245.44981349 23116245.44981349 23116245.44981349 23116245.44981349
 23116245.44981349 23116245.44981349 23116245.44981349 23116245.44981349]"
2004.7657014278027	2.0	trials	2.0	0.0	0.0	0.0	0.0	False	40.0	1.86	0.005	"[23203306.72933996 23203306.72933996 23203306.72933996 23203306.72933996
 23203306.72933996 23203306.72933996 23203306.72933996 23203306.72933996
 23203306.72933996 23203306.72933996 23203306.72933996 23203306.72933996
 23203306.72933996 23203306.72933996 23203306.72933996 23203306.72933996
 23203306.72933996 23203306.72933996 23203306.72933996 23203306.72933996]"
2009.833509698978	2.0	trials	2.0	0.0	0.0	0.0	0.0	False	40.0	1.86	0.005	"[23261961.91766337 23261961.91766337 23261961.91766337 23261961.91766337
 23261961.91766337 23261961.91766337 23261961.91766337 23261961.91766337
 23261961.91766337 23261961.91766337 23261961.91766337 23261961.91766337
 23261961.91766337 23261961.91766337 23261961.91766337 23261961.91766337
 23261961.91766337 23261961.91766337 23261961.91766337 23261961.91766337]"
2016.5647825110273	2.0	trials	2.0	0.0	0.0	0.0	0.0	False	40.0	1.86	0.005	"[23339870.16780233 23339870.16780233 23339870.16780233 23339870.16780233
 23339870.16780233 23339870.16780233 23339870.16780233 23339870.16780233
 23339870.16780233 23339870.16780233 23339870.16780233 23339870.16780233
 23339870.16780233 23339870.16780233 23339870.16780233 23339870.16780233
 23339870.16780233 23339870.16780233 23339870.16780233 23339870.16780233]"
2029.9811039867136	2.0	trials	2.0	0.0	0.0	0.0	0.0	False	40.0	1.86	0.005	"[23495151.66636252 23495151.66636252 23495151.66636252 23495151.66636252
 23495151.66636252 23495151.66636252 23495151.66636252 23495151.66636252
 23495151.66636252 23495151.66636252 23495151.66636252 23495151.66636252
 23495151.66636252 23495151.66636252 23495151.66636252 23495151.66636252
 23495151.66636252 23495151.66636252 23495151.66636252 23495151.66636252]"
2034.720764004306	2.0	trials	2.0	0.0	0.0	0.0	0.0	False	40.0	1.86	0.005	"[23550008.84249171 23550008.84249171 23550008.84249171 23550008.84249171
 23550008.84249171 23550008.84249171 23550008.84249171 23550008.84249171
 23550008.84249171 23550008.84249171 23550008.84249171 23550008.84249171
 23550008.84249171 23550008.84249171 23550008.84249171 23550008.84249171
 23550008.84249171 23550008.84249171 23550008.84249171 23550008.84249171]"
2039.4525615966545	2.0	trials	2.0	0.0	0.0	0.0	0.0	False	40.0	1.86	0.005	"[23604775.01832873 23604775.01832873 23604775.01832873 23604775.01832873
 23604775.01832873 23604775.01832873 23604775.01832873 23604775.01832873
 23604775.01832873 23604775.01832873 23604775.01832873 23604775.01832873
 23604775.01832873 23604775.01832873 23604775.01832873 23604775.01832873
 23604775.01832873 23604775.01832873 23604775.01832873 23604775.01832873]"
2046.1989544572493	2.0	trials	2.0	0.0	0.0	0.0	0.0	False	40.0	1.86	0.005	"[23682858.26902956 23682858.26902956 23682858.26902956 23682858.26902956
 23682858.26902956 23682858.26902956 23682858.26902956 23682858.26902956
 23682858.26902956 23682858.26902956 23682858.26902956 23682858.26902956
 23682858.26902956 23682858.26902956 23682858.26902956 23682858.26902956
 23682858.26902956 23682858.26902956 23682858.26902956 23682858.26902956]"
2051.106922215226	2.0	trials	2.0	0.0	0.0	0.0	0.0	False	40.0	1.86	0.005	"[23739663.45141318 23739663.45141318 23739663.45141318 23739663.45141318
 23739663.45141318 23739663.45141318 23739663.45141318 23739663.45141318
 23739663.45141318 23739663.45141318 23739663.45141318 23739663.45141318
 23739663.45141318 23739663.45141318 23739663.45141318 23739663.45141318
 23739663.45141318 23739663.45141318 23739663.45141318 23739663.45141318]"
2058.205137005413	2.0	trials	2.0	0.0	0.0	0.0	0.0	False	40.0	1.86	0.005	"[23821818.71518797 23821818.71518797 23821818.71518797 23821818.71518797
 23821818.71518797 23821818.71518797 23821818.71518797 23821818.71518797
 23821818.71518797 23821818.71518797 23821818.71518797 23821818.71518797
 23821818.71518797 23821818.71518797 23821818.71518797 23821818.71518797
 23821818.71518797 23821818.71518797 23821818.71518797 23821818.71518797]"
2064.8232254540617	2.0	trials	2.0	0.0	0.0	0.0	0.0	False	40.0	1.86	0.005	"[23898416.96112091 23898416.96112091 23898416.96112091 23898416.96112091
 23898416.96112091 23898416.96112091 23898416.96112091 23898416.96112091
 23898416.96112091 23898416.96112091 23898416.96112091 23898416.96112091
 23898416.96112091 23898416.96112091 23898416.96112091 23898416.96112091
 23898416.96112091 23898416.96112091 23898416.96112091 23898416.96112091]"
2071.4713811992474	2.0	trials	2.0	0.0	0.0	0.0	0.0	False	40.0	1.86	0.005	"[23975363.20817118 23975363.20817118 23975363.20817118 23975363.20817118
 23975363.20817118 23975363.20817118 23975363.20817118 23975363.20817118
 23975363.20817118 23975363.20817118 23975363.20817118 23975363.20817118
 23975363.20817118 23975363.20817118 23975363.20817118 23975363.20817118
 23975363.20817118 23975363.20817118 23975363.20817118 23975363.20817118]"
2075.7432701149705	2.0	trials	2.0	0.0	0.0	0.0	0.0	False	40.0	1.86	0.005	"[24024806.36691766 24024806.36691766 24024806.36691766 24024806.36691766
 24024806.36691766 24024806.36691766 24024806.36691766 24024806.36691766
 24024806.36691766 24024806.36691766 24024806.36691766 24024806.36691766
 24024806.36691766 24024806.36691766 24024806.36691766 24024806.36691766
 24024806.36691766 24024806.36691766 24024806.36691766 24024806.36691766]"
2089.1238218758112	2.0	trials	2.0	0.0	0.0	0.0	0.0	False	40.0	1.86	0.005	"[24179673.86414862 24179673.86414862 24179673.86414862 24179673.86414862
 24179673.86414862 24179673.86414862 24179673.86414862 24179673.86414862
 24179673.86414862 24179673.86414862 24179673.86414862 24179673.86414862
 24179673.86414862 24179673.86414862 24179673.86414862 24179673.86414862
 24179673.86414862 24179673.86414862 24179673.86414862 24179673.86414862]"
2094.1219915233987	2.0	trials	2.0	0.0	0.0	0.0	0.0	False	40.0	1.86	0.005	"[24237523.04988422 24237523.04988422 24237523.04988422 24237523.04988422
 24237523.04988422 24237523.04988422 24237523.04988422 24237523.04988422
 24237523.04988422 24237523.04988422 24237523.04988422 24237523.04988422
 24237523.04988422 24237523.04988422 24237523.04988422 24237523.04988422
 24237523.04988422 24237523.04988422 24237523.04988422 24237523.04988422]"
2100.0557033747245	2.0	trials	2.0	0.0	0.0	0.0	0.0	False	40.0	1.86	0.005	"[24306200.27038524 24306200.27038524 24306200.27038524 24306200.27038524
 24306200.27038524 24306200.27038524 24306200.27038524 24306200.27038524
 24306200.27038524 24306200.27038524 24306200.27038524 24306200.27038524
 24306200.27038524 24306200.27038524 24306200.27038524 24306200.27038524
 24306200.27038524 24306200.27038524 24306200.27038524 24306200.27038524]"
2106.47049197064	2.0	trials	2.0	0.0	0.0	0.0	0.0	False	40.0	1.86	0.005	"[24380445.50876341 24380445.50876341 24380445.50876341 24380445.50876341
 24380445.50876341 24380445.50876341 24380445.50876341 24380445.50876341
 24380445.50876341 24380445.50876341 24380445.50876341 24380445.50876341
 24380445.50876341 24380445.50876341 24380445.50876341 24380445.50876341
 24380445.50876341 24380445.50876341 24380445.50876341 24380445.50876341]"
2112.7286368636205	2.0	trials	2.0	0.0	0.0	0.0	0.0	False	40.0	1.86	0.005	"[24452877.74132059 24452877.74132059 24452877.74132059 24452877.74132059
 24452877.74132059 24452877.74132059 24452877.74132059 24452877.74132059
 24452877.74132059 24452877.74132059 24452877.74132059 24452877.74132059
 24452877.74132059 24452877.74132059 24452877.74132059 24452877.74132059
 24452877.74132059 24452877.74132059 24452877.74132059 24452877.74132059]"
2126.511036314671	2.0	trials	2.0	0.0	0.0	0.0	0.0	False	40.0	1.86	0.005	"[24612396.25348451 24612396.25348451 24612396.25348451 24612396.25348451
 24612396.25348451 24612396.25348451 24612396.25348451 24612396.25348451
 24612396.25348451 24612396.25348451 24612396.25348451 24612396.25348451
 24612396.25348451 24612396.25348451 24612396.25348451 24612396.25348451
 24612396.25348451 24612396.25348451 24612396.25348451 24612396.25348451]"
2132.2638259851115	2.0	trials	2.0	0.0	0.0	0.0	0.0	False	40.0	1.86	0.005	"[24678979.46726233 24678979.46726233 24678979.46726233 24678979.46726233
 24678979.46726233 24678979.46726233 24678979.46726233 24678979.46726233
 24678979.46726233 24678979.46726233 24678979.46726233 24678979.46726233
 24678979.46726233 24678979.46726233 24678979.46726233 24678979.46726233
 24678979.46726233 24678979.46726233 24678979.46726233 24678979.46726233]"
2140.3725784198245	2.0	trials	2.0	0.0	0.0	0.0	0.0	False	40.0	1.86	0.005	"[24772830.76858942 24772830.76858942 24772830.76858942 24772830.76858942
 24772830.76858942 24772830.76858942 24772830.76858942 24772830.76858942
 24772830.76858942 24772830.76858942 24772830.76858942 24772830.76858942
 24772830.76858942 24772830.76858942 24772830.76858942 24772830.76858942
 24772830.76858942 24772830.76858942 24772830.76858942 24772830.76858942]"
2146.5797471491364	2.0	trials	2.0	0.0	0.0	0.0	0.0	False	40.0	1.86	0.005	"[24844672.9992523 24844672.9992523 24844672.9992523 24844672.9992523
 24844672.9992523 24844672.9992523 24844672.9992523 24844672.9992523
 24844672.9992523 24844672.9992523 24844672.9992523 24844672.9992523
 24844672.9992523 24844672.9992523 24844672.9992523 24844672.9992523
 24844672.9992523 24844672.9992523 24844672.9992523 24844672.9992523]"
2153.1744211226087	2.0	trials	2.0	0.0	0.0	0.0	0.0	False	40.0	1.86	0.005	"[24921000.24431514 24921000.24431514 24921000.24431514 24921000.24431514
 24921000.24431514 24921000.24431514 24921000.24431514 24921000.24431514
 24921000.24431514 24921000.24431514 24921000.24431514 24921000.24431514
 24921000.24431514 24921000.24431514 24921000.24431514 24921000.24431514
 24921000.24431514 24921000.24431514 24921000.24431514 24921000.24431514]"
2228.4462563973466	2.0	trials	2.0	0.0	0.0	0.0	0.0	False	40.0	1.86	0.005	"[25792202.04147089 25792202.04147089 25792202.04147089 25792202.04147089
 25792202.04147089 25792202.04147089 25792202.04147089 25792202.04147089
 25792202.04147089 25792202.04147089 25792202.04147089 25792202.04147089
 25792202.04147089 25792202.04147089 25792202.04147089 25792202.04147089
 25792202.04147089 25792202.04147089 25792202.04147089 25792202.04147089]"
2236.276886339094	2.0	trials	2.0	0.0	0.0	0.0	0.0	False	40.0	1.86	0.005	"[25882834.33246275 25882834.33246275 25882834.33246275 25882834.33246275
 25882834.33246275 25882834.33246275 25882834.33246275 25882834.33246275
 25882834.33246275 25882834.33246275 25882834.33246275 25882834.33246275
 25882834.33246275 25882834.33246275 25882834.33246275 25882834.33246275
 25882834.33246275 25882834.33246275 25882834.33246275 25882834.33246275]"
2244.2744416167866	2.0	trials	2.0	0.0	0.0	0.0	0.0	False	40.0	1.86	0.005	"[25975398.62965768 25975398.62965768 25975398.62965768 25975398.62965768
 25975398.62965768 25975398.62965768 25975398.62965768 25975398.62965768
 25975398.62965768 25975398.62965768 25975398.62965768 25975398.62965768
 25975398.62965768 25975398.62965768 25975398.62965768 25975398.62965768
 25975398.62965768 25975398.62965768 25975398.62965768 25975398.62965768]"
2252.3383523075267	2.0	trials	3.0	0.0	0.0	0.0	0.0	False	40.0	1.86	0.005	"[26068730.92931842 26068730.92931842 26068730.92931842 26068730.92931842
 26068730.92931842 26068730.92931842 26068730.92931842 26068730.92931842
 26068730.92931842 26068730.92931842 26068730.92931842 26068730.92931842
 26068730.92931842 26068730.92931842 26068730.92931842 26068730.92931842
 26068730.92931842 26068730.92931842 26068730.92931842 26068730.92931842]"
2257.3773892863264	2.0	trials	3.0	0.0	0.0	0.0	0.0	False	40.0	1.86	0.005	"[26127053.11657268 26127053.11657268 26127053.11657268 26127053.11657268
 26127053.11657268 26127053.11657268 26127053.11657268 26127053.11657268
 26127053.11657268 26127053.11657268 26127053.11657268 26127053.11657268
 26127053.11657268 26127053.11657268 26127053.11657268 26127053.11657268
 26127053.11657268 26127053.11657268 26127053.11657268 26127053.11657268]"
2262.778875428839	2.0	trials	3.0	0.0	0.0	0.0	0.0	False	40.0	1.86	0.005	"[26189570.3172958 26189570.3172958 26189570.3172958 26189570.3172958
 26189570.3172958 26189570.3172958 26189570.3172958 26189570.3172958
 26189570.3172958 26189570.3172958 26189570.3172958 26189570.3172958
 26189570.3172958 26189570.3172958 26189570.3172958 26189570.3172958
 26189570.3172958 26189570.3172958 26189570.3172958 26189570.3172958]"
2269.2591554350274	2.0	trials	3.0	0.0	0.0	0.0	0.0	False	40.0	1.86	0.005	"[26264573.55810769 26264573.55810769 26264573.55810769 26264573.55810769
 26264573.55810769 26264573.55810769 26264573.55810769 26264573.55810769
 26264573.55810769 26264573.55810769 26264573.55810769 26264573.55810769
 26264573.55810769 26264573.55810769 26264573.55810769 26264573.55810769
 26264573.55810769 26264573.55810769 26264573.55810769 26264573.55810769]"
2273.740737824012	2.0	trials	3.0	0.0	0.0	0.0	0.0	False	40.0	1.86	0.005	"[26316443.72464653 26316443.72464653 26316443.72464653 26316443.72464653
 26316443.72464653 26316443.72464653 26316443.72464653 26316443.72464653
 26316443.72464653 26316443.72464653 26316443.72464653 26316443.72464653
 26316443.72464653 26316443.72464653 26316443.72464653 26316443.72464653
 26316443.72464653 26316443.72464653 26316443.72464653 26316443.72464653]"
2281.8551926770333	2.0	trials	3.0	0.0	0.0	0.0	0.0	False	40.0	1.86	0.005	"[26410361.02618553 26410361.02618553 26410361.02618553 26410361.02618553
 26410361.02618553 26410361.02618553 26410361.02618553 26410361.02618553
 26410361.02618553 26410361.02618553 26410361.02618553 26410361.02618553
 26410361.02618553 26410361.02618553 26410361.02618553 26410361.02618553
 26410361.02618553 26410361.02618553 26410361.02618553 26410361.02618553]"
2285.9929019619467	2.0	trials	3.0	0.0	0.0	0.0	0.0	False	40.0	1.86	0.005	"[26458251.17994579 26458251.17994579 26458251.17994579 26458251.17994579
 26458251.17994579 26458251.17994579 26458251.17994579 26458251.17994579
 26458251.17994579 26458251.17994579 26458251.17994579 26458251.17994579
 26458251.17994579 26458251.17994579 26458251.17994579 26458251.17994579
 26458251.17994579 26458251.17994579 26458251.17994579 26458251.17994579]"
2293.9007737516936	2.0	trials	3.0	0.0	0.0	0.0	0.0	False	40.0	1.86	0.005	"[26549777.47380802 26549777.47380802 26549777.47380802 26549777.47380802
 26549777.47380802 26549777.47380802 26549777.47380802 26549777.47380802
 26549777.47380802 26549777.47380802 26549777.47380802 26549777.47380802
 26549777.47380802 26549777.47380802 26549777.47380802 26549777.47380802
 26549777.47380802 26549777.47380802 26549777.47380802 26549777.47380802]"
2300.4317707207183	2.0	trials	3.0	0.0	0.0	0.0	0.0	False	40.0	1.86	0.005	"[26625367.71650458 26625367.71650458 26625367.71650458 26625367.71650458
 26625367.71650458 26625367.71650458 26625367.71650458 26625367.71650458
 26625367.71650458 26625367.71650458 26625367.71650458 26625367.71650458
 26625367.71650458 26625367.71650458 26625367.71650458 26625367.71650458
 26625367.71650458 26625367.71650458 26625367.71650458 26625367.71650458]"
2308.348973740425	2.0	trials	3.0	0.0	0.0	0.0	0.0	False	40.0	1.86	0.005	"[26717002.01071356 26717002.01071356 26717002.01071356 26717002.01071356
 26717002.01071356 26717002.01071356 26717002.01071356 26717002.01071356
 26717002.01071356 26717002.01071356 26717002.01071356 26717002.01071356
 26717002.01071356 26717002.01071356 26717002.01071356 26717002.01071356
 26717002.01071356 26717002.01071356 26717002.01071356 26717002.01071356]"
2314.0849153567715	2.0	trials	3.0	0.0	0.0	0.0	0.0	False	40.0	1.86	0.005	"[26783390.22386529 26783390.22386529 26783390.22386529 26783390.22386529
 26783390.22386529 26783390.22386529 26783390.22386529 26783390.22386529
 26783390.22386529 26783390.22386529 26783390.22386529 26783390.22386529
 26783390.22386529 26783390.22386529 26783390.22386529 26783390.22386529
 26783390.22386529 26783390.22386529 26783390.22386529 26783390.22386529]"
2320.0394496749514	2.0	trials	3.0	0.0	0.0	0.0	0.0	False	40.0	1.86	0.005	"[26852308.44514008 26852308.44514008 26852308.44514008 26852308.44514008
 26852308.44514008 26852308.44514008 26852308.44514008 26852308.44514008
 26852308.44514008 26852308.44514008 26852308.44514008 26852308.44514008
 26852308.44514008 26852308.44514008 26852308.44514008 26852308.44514008
 26852308.44514008 26852308.44514008 26852308.44514008 26852308.44514008]"
2325.0129952434786	2.0	trials	3.0	0.0	0.0	0.0	0.0	False	40.0	1.86	0.005	"[26909872.62996063 26909872.62996063 26909872.62996063 26909872.62996063
 26909872.62996063 26909872.62996063 26909872.62996063 26909872.62996063
 26909872.62996063 26909872.62996063 26909872.62996063 26909872.62996063
 26909872.62996063 26909872.62996063 26909872.62996063 26909872.62996063
 26909872.62996063 26909872.62996063 26909872.62996063 26909872.62996063]"
2330.7140311477533	2.0	trials	3.0	0.0	0.0	0.0	0.0	False	40.0	1.86	0.005	"[26975856.84181524 26975856.84181524 26975856.84181524 26975856.84181524
 26975856.84181524 26975856.84181524 26975856.84181524 26975856.84181524
 26975856.84181524 26975856.84181524 26975856.84181524 26975856.84181524
 26975856.84181524 26975856.84181524 26975856.84181524 26975856.84181524
 26975856.84181524 26975856.84181524 26975856.84181524 26975856.84181524]"
2336.6391029713386	2.0	trials	3.0	0.0	0.0	0.0	0.0	False	40.0	1.86	0.005	"[27044434.06199519 27044434.06199519 27044434.06199519 27044434.06199519
 27044434.06199519 27044434.06199519 27044434.06199519 27044434.06199519
 27044434.06199519 27044434.06199519 27044434.06199519 27044434.06199519
 27044434.06199519 27044434.06199519 27044434.06199519 27044434.06199519
 27044434.06199519 27044434.06199519 27044434.06199519 27044434.06199519]"
2341.139347820242	2.0	trials	3.0	0.0	0.0	0.0	0.0	False	40.0	1.86	0.005	"[27096520.22922753 27096520.22922753 27096520.22922753 27096520.22922753
 27096520.22922753 27096520.22922753 27096520.22922753 27096520.22922753
 27096520.22922753 27096520.22922753 27096520.22922753 27096520.22922753
 27096520.22922753 27096520.22922753 27096520.22922753 27096520.22922753
 27096520.22922753 27096520.22922753 27096520.22922753 27096520.22922753]"
2346.185383221512	2.0	trials	3.0	0.0	0.0	0.0	0.0	False	40.0	1.86	0.005	"[27154923.41674186 27154923.41674186 27154923.41674186 27154923.41674186
 27154923.41674186 27154923.41674186 27154923.41674186 27154923.41674186
 27154923.41674186 27154923.41674186 27154923.41674186 27154923.41674186
 27154923.41674186 27154923.41674186 27154923.41674186 27154923.41674186
 27154923.41674186 27154923.41674186 27154923.41674186 27154923.41674186]"
2354.2735723902024	2.0	trials	3.0	0.0	0.0	0.0	0.0	False	40.0	1.86	0.005	"[27248536.7173048 27248536.7173048 27248536.7173048 27248536.7173048
 27248536.7173048 27248536.7173048 27248536.7173048 27248536.7173048
 27248536.7173048 27248536.7173048 27248536.7173048 27248536.7173048
 27248536.7173048 27248536.7173048 27248536.7173048 27248536.7173048
 27248536.7173048 27248536.7173048 27248536.7173048 27248536.7173048]"
2360.5736214177246	2.0	trials	3.0	0.0	0.0	0.0	0.0	False	40.0	1.86	0.005	"[27321453.95141918 27321453.95141918 27321453.95141918 27321453.95141918
 27321453.95141918 27321453.95141918 27321453.95141918 27321453.95141918
 27321453.95141918 27321453.95141918 27321453.95141918 27321453.95141918
 27321453.95141918 27321453.95141918 27321453.95141918 27321453.95141918
 27321453.95141918 27321453.95141918 27321453.95141918 27321453.95141918]"
2368.2565068851095	2.0	trials	3.0	0.0	0.0	0.0	0.0	False	40.0	1.86	0.005	"[27410376.23692075 27410376.23692075 27410376.23692075 27410376.23692075
 27410376.23692075 27410376.23692075 27410376.23692075 27410376.23692075
 27410376.23692075 27410376.23692075 27410376.23692075 27410376.23692075
 27410376.23692075 27410376.23692075 27410376.23692075 27410376.23692075
 27410376.23692075 27410376.23692075 27410376.23692075 27410376.23692075]"
2375.621439331645	2.0	trials	3.0	0.0	0.0	0.0	0.0	False	40.0	1.86	0.005	"[27495618.51060696 27495618.51060696 27495618.51060696 27495618.51060696
 27495618.51060696 27495618.51060696 27495618.51060696 27495618.51060696
 27495618.51060696 27495618.51060696 27495618.51060696 27495618.51060696
 27495618.51060696 27495618.51060696 27495618.51060696 27495618.51060696
 27495618.51060696 27495618.51060696 27495618.51060696 27495618.51060696]"
2382.2694222762757	2.0	trials	3.0	0.0	0.0	0.0	0.0	False	40.0	1.86	0.005	"[27572562.7576508 27572562.7576508 27572562.7576508 27572562.7576508
 27572562.7576508 27572562.7576508 27572562.7576508 27572562.7576508
 27572562.7576508 27572562.7576508 27572562.7576508 27572562.7576508
 27572562.7576508 27572562.7576508 27572562.7576508 27572562.7576508
 27572562.7576508 27572562.7576508 27572562.7576508 27572562.7576508]"
2388.9001251654254	2.0	trials	3.0	0.0	0.0	0.0	0.0	False	40.0	1.86	0.005	"[27649307.0040525 27649307.0040525 27649307.0040525 27649307.0040525
 27649307.0040525 27649307.0040525 27649307.0040525 27649307.0040525
 27649307.0040525 27649307.0040525 27649307.0040525 27649307.0040525
 27649307.0040525 27649307.0040525 27649307.0040525 27649307.0040525
 27649307.0040525 27649307.0040525 27649307.0040525 27649307.0040525]"
2396.639689214788	2.0	trials	3.0	0.0	0.0	0.0	0.0	False	40.0	1.86	0.005	"[27738885.2916603 27738885.2916603 27738885.2916603 27738885.2916603
 27738885.2916603 27738885.2916603 27738885.2916603 27738885.2916603
 27738885.2916603 27738885.2916603 27738885.2916603 27738885.2916603
 27738885.2916603 27738885.2916603 27738885.2916603 27738885.2916603
 27738885.2916603 27738885.2916603 27738885.2916603 27738885.2916603]"
2402.4417270433496	2.0	trials	3.0	0.0	0.0	0.0	0.0	False	40.0	1.86	0.005	"[27806038.50726822 27806038.50726822 27806038.50726822 27806038.50726822
 27806038.50726822 27806038.50726822 27806038.50726822 27806038.50726822
 27806038.50726822 27806038.50726822 27806038.50726822 27806038.50726822
 27806038.50726822 27806038.50726822 27806038.50726822 27806038.50726822
 27806038.50726822 27806038.50726822 27806038.50726822 27806038.50726822]"
2408.5919579898514	2.0	trials	3.0	0.0	0.0	0.0	0.0	False	40.0	1.86	0.005	"[27877221.73581523 27877221.73581523 27877221.73581523 27877221.73581523
 27877221.73581523 27877221.73581523 27877221.73581523 27877221.73581523
 27877221.73581523 27877221.73581523 27877221.73581523 27877221.73581523
 27877221.73581523 27877221.73581523 27877221.73581523 27877221.73581523
 27877221.73581523 27877221.73581523 27877221.73581523 27877221.73581523]"
2414.369890141016	2.0	trials	3.0	0.0	0.0	0.0	0.0	False	40.0	1.86	0.005	"[27944095.95052736 27944095.95052736 27944095.95052736 27944095.95052736
 27944095.95052736 27944095.95052736 27944095.95052736 27944095.95052736
 27944095.95052736 27944095.95052736 27944095.95052736 27944095.95052736
 27944095.95052736 27944095.95052736 27944095.95052736 27944095.95052736
 27944095.95052736 27944095.95052736 27944095.95052736 27944095.95052736]"
2418.816134816542	2.0	trials	3.0	0.0	0.0	0.0	0.0	False	40.0	1.86	0.005	"[27995557.11575303 27995557.11575303 27995557.11575303 27995557.11575303
 27995557.11575303 27995557.11575303 27995557.11575303 27995557.11575303
 27995557.11575303 27995557.11575303 27995557.11575303 27995557.11575303
 27995557.11575303 27995557.11575303 27995557.11575303 27995557.11575303
 27995557.11575303 27995557.11575303 27995557.11575303 27995557.11575303]"
2425.8657926508276	2.0	trials	3.0	0.0	0.0	0.0	0.0	False	40.0	1.86	0.005	"[28077150.3777234 28077150.3777234 28077150.3777234 28077150.3777234
 28077150.3777234 28077150.3777234 28077150.3777234 28077150.3777234
 28077150.3777234 28077150.3777234 28077150.3777234 28077150.3777234
 28077150.3777234 28077150.3777234 28077150.3777234 28077150.3777234
 28077150.3777234 28077150.3777234 28077150.3777234 28077150.3777234]"
2431.134481566969	2.0	trials	3.0	0.0	0.0	0.0	0.0	False	40.0	1.86	0.005	"[28138130.57351169 28138130.57351169 28138130.57351169 28138130.57351169
 28138130.57351169 28138130.57351169 28138130.57351169 28138130.57351169
 28138130.57351169 28138130.57351169 28138130.57351169 28138130.57351169
 28138130.57351169 28138130.57351169 28138130.57351169 28138130.57351169
 28138130.57351169 28138130.57351169 28138130.57351169 28138130.57351169]"
2436.05661897044	2.0	trials	3.0	0.0	0.0	0.0	0.0	False	40.0	1.86	0.005	"[28195099.75642187 28195099.75642187 28195099.75642187 28195099.75642187
 28195099.75642187 28195099.75642187 28195099.75642187 28195099.75642187
 28195099.75642187 28195099.75642187 28195099.75642187 28195099.75642187
 28195099.75642187 28195099.75642187 28195099.75642187 28195099.75642187
 28195099.75642187 28195099.75642187 28195099.75642187 28195099.75642187]"
2443.21833796452	2.0	trials	3.0	0.0	0.0	0.0	0.0	False	40.0	1.86	0.005	"[28277990.02255652 28277990.02255652 28277990.02255652 28277990.02255652
 28277990.02255652 28277990.02255652 28277990.02255652 28277990.02255652
 28277990.02255652 28277990.02255652 28277990.02255652 28277990.02255652
 28277990.02255652 28277990.02255652 28277990.02255652 28277990.02255652
 28277990.02255652 28277990.02255652 28277990.02255652 28277990.02255652]"
2450.3583704889706	2.0	trials	3.0	0.0	0.0	0.0	0.0	False	40.0	1.86	0.005	"[28360629.28788528 28360629.28788528 28360629.28788528 28360629.28788528
 28360629.28788528 28360629.28788528 28360629.28788528 28360629.28788528
 28360629.28788528 28360629.28788528 28360629.28788528 28360629.28788528
 28360629.28788528 28360629.28788528 28360629.28788528 28360629.28788528
 28360629.28788528 28360629.28788528 28360629.28788528 28360629.28788528]"
2455.7519078059618	2.0	trials	3.0	0.0	0.0	0.0	0.0	False	40.0	1.86	0.005	"[28423054.48831302 28423054.48831302 28423054.48831302 28423054.48831302
 28423054.48831302 28423054.48831302 28423054.48831302 28423054.48831302
 28423054.48831302 28423054.48831302 28423054.48831302 28423054.48831302
 28423054.48831302 28423054.48831302 28423054.48831302 28423054.48831302
 28423054.48831302 28423054.48831302 28423054.48831302 28423054.48831302]"
2461.5063390816726	2.0	trials	3.0	0.0	0.0	0.0	0.0	False	40.0	1.86	0.005	"[28489656.70215184 28489656.70215184 28489656.70215184 28489656.70215184
 28489656.70215184 28489656.70215184 28489656.70215184 28489656.70215184
 28489656.70215184 28489656.70215184 28489656.70215184 28489656.70215184
 28489656.70215184 28489656.70215184 28489656.70215184 28489656.70215184
 28489656.70215184 28489656.70215184 28489656.70215184 28489656.70215184]"
2466.4791934479804	2.0	trials	3.0	0.0	0.0	0.0	0.0	False	40.0	1.86	0.005	"[28547212.8869467 28547212.8869467 28547212.8869467 28547212.8869467
 28547212.8869467 28547212.8869467 28547212.8869467 28547212.8869467
 28547212.8869467 28547212.8869467 28547212.8869467 28547212.8869467
 28547212.8869467 28547212.8869467 28547212.8869467 28547212.8869467
 28547212.8869467 28547212.8869467 28547212.8869467 28547212.8869467]"
2471.807152954422	2.0	trials	3.0	0.0	0.0	0.0	0.0	False	40.0	1.86	0.005	"[28608879.08493752 28608879.08493752 28608879.08493752 28608879.08493752
 28608879.08493752 28608879.08493752 28608879.08493752 28608879.08493752
 28608879.08493752 28608879.08493752 28608879.08493752 28608879.08493752
 28608879.08493752 28608879.08493752 28608879.08493752 28608879.08493752
 28608879.08493752 28608879.08493752 28608879.08493752 28608879.08493752]"
2476.7044070780003	2.0	trials	3.0	0.0	0.0	0.0	0.0	False	40.0	1.86	0.005	"[28665560.26692303 28665560.26692303 28665560.26692303 28665560.26692303
 28665560.26692303 28665560.26692303 28665560.26692303 28665560.26692303
 28665560.26692303 28665560.26692303 28665560.26692303 28665560.26692303
 28665560.26692303 28665560.26692303 28665560.26692303 28665560.26692303
 28665560.26692303 28665560.26692303 28665560.26692303 28665560.26692303]"
2483.916583834084	2.0	trials	3.0	0.0	0.0	0.0	0.0	False	40.0	1.86	0.005	"[28749034.53493272 28749034.53493272 28749034.53493272 28749034.53493272
 28749034.53493272 28749034.53493272 28749034.53493272 28749034.53493272
 28749034.53493272 28749034.53493272 28749034.53493272 28749034.53493272
 28749034.53493272 28749034.53493272 28749034.53493272 28749034.53493272
 28749034.53493272 28749034.53493272 28749034.53493272 28749034.53493272]"
2488.146395814711	2.0	trials	3.0	0.0	0.0	0.0	0.0	False	40.0	1.86	0.005	"[28797990.69211559 28797990.69211559 28797990.69211559 28797990.69211559
 28797990.69211559 28797990.69211559 28797990.69211559 28797990.69211559
 28797990.69211559 28797990.69211559 28797990.69211559 28797990.69211559
 28797990.69211559 28797990.69211559 28797990.69211559 28797990.69211559
 28797990.69211559 28797990.69211559 28797990.69211559 28797990.69211559]"
2492.442649608662	2.0	trials	3.0	0.0	0.0	0.0	0.0	False	40.0	1.86	0.005	"[28847715.85176748 28847715.85176748 28847715.85176748 28847715.85176748
 28847715.85176748 28847715.85176748 28847715.85176748 28847715.85176748
 28847715.85176748 28847715.85176748 28847715.85176748 28847715.85176748
 28847715.85176748 28847715.85176748 28847715.85176748 28847715.85176748
 28847715.85176748 28847715.85176748 28847715.85176748 28847715.85176748]"
2500.194741698248	2.0	trials	3.0	0.0	0.0	0.0	0.0	False	40.0	1.86	0.005	"[28937439.13984082 28937439.13984082 28937439.13984082 28937439.13984082
 28937439.13984082 28937439.13984082 28937439.13984082 28937439.13984082
 28937439.13984082 28937439.13984082 28937439.13984082 28937439.13984082
 28937439.13984082 28937439.13984082 28937439.13984082 28937439.13984082
 28937439.13984082 28937439.13984082 28937439.13984082 28937439.13984082]"
2506.3446270436407	2.0	trials	3.0	0.0	0.0	0.0	0.0	False	40.0	1.86	0.005	"[29008618.368375 29008618.368375 29008618.368375 29008618.368375
 29008618.368375 29008618.368375 29008618.368375 29008618.368375
 29008618.368375 29008618.368375 29008618.368375 29008618.368375
 29008618.368375 29008618.368375 29008618.368375 29008618.368375
 29008618.368375 29008618.368375 29008618.368375 29008618.368375]"
2512.0565493828685	2.0	trials	3.0	0.0	0.0	0.0	0.0	False	40.0	1.86	0.005	"[29074728.58063416 29074728.58063416 29074728.58063416 29074728.58063416
 29074728.58063416 29074728.58063416 29074728.58063416 29074728.58063416
 29074728.58063416 29074728.58063416 29074728.58063416 29074728.58063416
 29074728.58063416 29074728.58063416 29074728.58063416 29074728.58063416
 29074728.58063416 29074728.58063416 29074728.58063416 29074728.58063416]"
2518.518685330802	2.0	trials	3.0	0.0	0.0	0.0	0.0	False	40.0	1.86	0.005	"[29149521.8207718 29149521.8207718 29149521.8207718 29149521.8207718
 29149521.8207718 29149521.8207718 29149521.8207718 29149521.8207718
 29149521.8207718 29149521.8207718 29149521.8207718 29149521.8207718
 29149521.8207718 29149521.8207718 29149521.8207718 29149521.8207718
 29149521.8207718 29149521.8207718 29149521.8207718 29149521.8207718]"
2525.982805295798	2.0	trials	3.0	0.0	0.0	0.0	0.0	False	40.0	1.86	0.005	"[29235912.09814388 29235912.09814388 29235912.09814388 29235912.09814388
 29235912.09814388 29235912.09814388 29235912.09814388 29235912.09814388
 29235912.09814388 29235912.09814388 29235912.09814388 29235912.09814388
 29235912.09814388 29235912.09814388 29235912.09814388 29235912.09814388
 29235912.09814388 29235912.09814388 29235912.09814388 29235912.09814388]"
2532.45695088229	2.0	trials	3.0	0.0	0.0	0.0	0.0	False	40.0	1.86	0.005	"[29310844.33872781 29310844.33872781 29310844.33872781 29310844.33872781
 29310844.33872781 29310844.33872781 29310844.33872781 29310844.33872781
 29310844.33872781 29310844.33872781 29310844.33872781 29310844.33872781
 29310844.33872781 29310844.33872781 29310844.33872781 29310844.33872781
 29310844.33872781 29310844.33872781 29310844.33872781 29310844.33872781]"
2561.6038252639496	2.0	trials	3.0	0.0	0.0	0.0	0.0	False	40.0	1.86	0.2	"[29648192.42184671 29648192.42184671 29648192.42184671 29648192.42184671
 29648192.42184671 29648192.42184671 29648192.42184671 29648192.42184671
 29648192.42184671 29648192.42184671 29648192.42184671 29648192.42184671
 29648192.42184671 29648192.42184671 29648192.42184671 29648192.42184671
 29648192.42184671 29648192.42184671 29648192.42184671 29648192.42184671]"
2567.0155930394735	2.0	trials	3.0	0.0	0.0	0.0	0.0	False	40.0	1.86	0.2	"[29710828.62295191 29710828.62295191 29710828.62295191 29710828.62295191
 29710828.62295191 29710828.62295191 29710828.62295191 29710828.62295191
 29710828.62295191 29710828.62295191 29710828.62295191 29710828.62295191
 29710828.62295191 29710828.62295191 29710828.62295191 29710828.62295191
 29710828.62295191 29710828.62295191 29710828.62295191 29710828.62295191]"
2571.641809492833	2.0	trials	3.0	0.0	0.0	0.0	0.0	False	40.0	1.86	0.2	"[29764372.79486545 29764372.79486545 29764372.79486545 29764372.79486545
 29764372.79486545 29764372.79486545 29764372.79486545 29764372.79486545
 29764372.79486545 29764372.79486545 29764372.79486545 29764372.79486545
 29764372.79486545 29764372.79486545 29764372.79486545 29764372.79486545
 29764372.79486545 29764372.79486545 29764372.79486545 29764372.79486545]"
2578.724645033642	2.0	trials	4.0	0.0	0.0	0.0	0.0	False	40.0	1.86	0.2	"[29846350.05806873 29846350.05806873 29846350.05806873 29846350.05806873
 29846350.05806873 29846350.05806873 29846350.05806873 29846350.05806873
 29846350.05806873 29846350.05806873 29846350.05806873 29846350.05806873
 29846350.05806873 29846350.05806873 29846350.05806873 29846350.05806873
 29846350.05806873 29846350.05806873 29846350.05806873 29846350.05806873]"
2585.30946937549	2.0	trials	4.0	0.0	0.0	0.0	0.0	False	40.0	1.86	0.2	"[29922563.30276556 29922563.30276556 29922563.30276556 29922563.30276556
 29922563.30276556 29922563.30276556 29922563.30276556 29922563.30276556
 29922563.30276556 29922563.30276556 29922563.30276556 29922563.30276556
 29922563.30276556 29922563.30276556 29922563.30276556 29922563.30276556
 29922563.30276556 29922563.30276556 29922563.30276556 29922563.30276556]"
2593.22390758632	2.0	trials	4.0	0.0	0.0	0.0	0.0	False	40.0	1.86	0.2	"[30014165.5968718 30014165.5968718 30014165.5968718 30014165.5968718
 30014165.5968718 30014165.5968718 30014165.5968718 30014165.5968718
 30014165.5968718 30014165.5968718 30014165.5968718 30014165.5968718
 30014165.5968718 30014165.5968718 30014165.5968718 30014165.5968718
 30014165.5968718 30014165.5968718 30014165.5968718 30014165.5968718]"
2599.76406298475	2.0	trials	4.0	0.0	0.0	0.0	0.0	False	40.0	1.86	0.2	"[30089861.8399087 30089861.8399087 30089861.8399087 30089861.8399087
 30089861.8399087 30089861.8399087 30089861.8399087 30089861.8399087
 30089861.8399087 30089861.8399087 30089861.8399087 30089861.8399087
 30089861.8399087 30089861.8399087 30089861.8399087 30089861.8399087
 30089861.8399087 30089861.8399087 30089861.8399087 30089861.8399087]"
2607.1680483566724	2.0	trials	4.0	0.0	0.0	0.0	0.0	False	40.0	1.86	0.2	"[30175556.11504614 30175556.11504614 30175556.11504614 30175556.11504614
 30175556.11504614 30175556.11504614 30175556.11504614 30175556.11504614
 30175556.11504614 30175556.11504614 30175556.11504614 30175556.11504614
 30175556.11504614 30175556.11504614 30175556.11504614 30175556.11504614
 30175556.11504614 30175556.11504614 30175556.11504614 30175556.11504614]"
2612.9045947749605	2.0	trials	4.0	0.0	0.0	0.0	0.0	False	40.0	1.86	0.2	"[30241951.32822035 30241951.32822035 30241951.32822035 30241951.32822035
 30241951.32822035 30241951.32822035 30241951.32822035 30241951.32822035
 30241951.32822035 30241951.32822035 30241951.32822035 30241951.32822035
 30241951.32822035 30241951.32822035 30241951.32822035 30241951.32822035
 30241951.32822035 30241951.32822035 30241951.32822035 30241951.32822035]"
2617.266253578907	2.0	trials	4.0	0.0	0.0	0.0	0.0	False	40.0	1.86	0.2	"[30292433.49030273 30292433.49030273 30292433.49030273 30292433.49030273
 30292433.49030273 30292433.49030273 30292433.49030273 30292433.49030273
 30292433.49030273 30292433.49030273 30292433.49030273 30292433.49030273
 30292433.49030273 30292433.49030273 30292433.49030273 30292433.49030273
 30292433.49030273 30292433.49030273 30292433.49030273 30292433.49030273]"
2625.376561218613	2.0	trials	4.0	0.0	0.0	0.0	0.0	False	40.0	1.86	0.2	"[30386302.79168762 30386302.79168762 30386302.79168762 30386302.79168762
 30386302.79168762 30386302.79168762 30386302.79168762 30386302.79168762
 30386302.79168762 30386302.79168762 30386302.79168762 30386302.79168762
 30386302.79168762 30386302.79168762 30386302.79168762 30386302.79168762
 30386302.79168762 30386302.79168762 30386302.79168762 30386302.79168762]"
2630.9187934130177	2.0	trials	4.0	0.0	0.0	0.0	0.0	False	40.0	1.86	0.2	"[30450448.99764097 30450448.99764097 30450448.99764097 30450448.99764097
 30450448.99764097 30450448.99764097 30450448.99764097 30450448.99764097
 30450448.99764097 30450448.99764097 30450448.99764097 30450448.99764097
 30450448.99764097 30450448.99764097 30450448.99764097 30450448.99764097
 30450448.99764097 30450448.99764097 30450448.99764097 30450448.99764097]"
2638.7702458216195	2.0	trials	4.0	0.0	0.0	0.0	0.0	False	40.0	1.86	0.2	"[30541322.28940661 30541322.28940661 30541322.28940661 30541322.28940661
 30541322.28940661 30541322.28940661 30541322.28940661 30541322.28940661
 30541322.28940661 30541322.28940661 30541322.28940661 30541322.28940661
 30541322.28940661 30541322.28940661 30541322.28940661 30541322.28940661
 30541322.28940661 30541322.28940661 30541322.28940661 30541322.28940661]"
2646.114269401023	2.0	trials	4.0	0.0	0.0	0.0	0.0	False	40.0	1.86	0.2	"[30626322.56231583 30626322.56231583 30626322.56231583 30626322.56231583
 30626322.56231583 30626322.56231583 30626322.56231583 30626322.56231583
 30626322.56231583 30626322.56231583 30626322.56231583 30626322.56231583
 30626322.56231583 30626322.56231583 30626322.56231583 30626322.56231583
 30626322.56231583 30626322.56231583 30626322.56231583 30626322.56231583]"
2650.8871935254165	2.0	trials	4.0	0.0	0.0	0.0	0.0	False	40.0	1.86	0.2	"[30681564.73968114 30681564.73968114 30681564.73968114 30681564.73968114
 30681564.73968114 30681564.73968114 30681564.73968114 30681564.73968114
 30681564.73968114 30681564.73968114 30681564.73968114 30681564.73968114
 30681564.73968114 30681564.73968114 30681564.73968114 30681564.73968114
 30681564.73968114 30681564.73968114 30681564.73968114 30681564.73968114]"
2658.894166433346	2.0	trials	4.0	0.0	0.0	0.0	0.0	False	40.0	1.86	0.2	"[30774238.03722603 30774238.03722603 30774238.03722603 30774238.03722603
 30774238.03722603 30774238.03722603 30774238.03722603 30774238.03722603
 30774238.03722603 30774238.03722603 30774238.03722603 30774238.03722603
 30774238.03722603 30774238.03722603 30774238.03722603 30774238.03722603
 30774238.03722603 30774238.03722603 30774238.03722603 30774238.03722603]"
2666.6764122197465	2.0	trials	4.0	0.0	0.0	0.0	0.0	False	40.0	1.86	0.2	"[30864310.3264199 30864310.3264199 30864310.3264199 30864310.3264199
 30864310.3264199 30864310.3264199 30864310.3264199 30864310.3264199
 30864310.3264199 30864310.3264199 30864310.3264199 30864310.3264199
 30864310.3264199 30864310.3264199 30864310.3264199 30864310.3264199
 30864310.3264199 30864310.3264199 30864310.3264199 30864310.3264199]"
2673.585237601863	2.0	trials	4.0	0.0	0.0	0.0	0.0	False	40.0	1.86	0.2	"[30944273.58315685 30944273.58315685 30944273.58315685 30944273.58315685
 30944273.58315685 30944273.58315685 30944273.58315685 30944273.58315685
 30944273.58315685 30944273.58315685 30944273.58315685 30944273.58315685
 30944273.58315685 30944273.58315685 30944273.58315685 30944273.58315685
 30944273.58315685 30944273.58315685 30944273.58315685 30944273.58315685]"
2678.92529314714	2.0	trials	4.0	0.0	0.0	0.0	0.0	False	40.0	1.86	0.2	"[31006079.78159716 31006079.78159716 31006079.78159716 31006079.78159716
 31006079.78159716 31006079.78159716 31006079.78159716 31006079.78159716
 31006079.78159716 31006079.78159716 31006079.78159716 31006079.78159716
 31006079.78159716 31006079.78159716 31006079.78159716 31006079.78159716
 31006079.78159716 31006079.78159716 31006079.78159716 31006079.78159716]"
2686.7847807815406	2.0	trials	4.0	0.0	0.0	0.0	0.0	False	40.0	1.86	0.2	"[31097046.0736614 31097046.0736614 31097046.0736614 31097046.0736614
 31097046.0736614 31097046.0736614 31097046.0736614 31097046.0736614
 31097046.0736614 31097046.0736614 31097046.0736614 31097046.0736614
 31097046.0736614 31097046.0736614 31097046.0736614 31097046.0736614
 31097046.0736614 31097046.0736614 31097046.0736614 31097046.0736614]"
2694.786915273936	2.0	trials	4.0	0.0	0.0	0.0	0.0	False	40.0	1.86	0.2	"[31189663.3710265 31189663.3710265 31189663.3710265 31189663.3710265
 31189663.3710265 31189663.3710265 31189663.3710265 31189663.3710265
 31189663.3710265 31189663.3710265 31189663.3710265 31189663.3710265
 31189663.3710265 31189663.3710265 31189663.3710265 31189663.3710265
 31189663.3710265 31189663.3710265 31189663.3710265 31189663.3710265]"
2702.839075526949	2.0	trials	4.0	0.0	0.0	0.0	0.0	False	40.0	1.86	0.2	"[31282859.67025059 31282859.67025059 31282859.67025059 31282859.67025059
 31282859.67025059 31282859.67025059 31282859.67025059 31282859.67025059
 31282859.67025059 31282859.67025059 31282859.67025059 31282859.67025059
 31282859.67025059 31282859.67025059 31282859.67025059 31282859.67025059
 31282859.67025059 31282859.67025059 31282859.67025059 31282859.67025059]"
2708.556786684763	2.0	trials	4.0	0.0	0.0	0.0	0.0	False	40.0	1.86	0.2	"[31349036.88272487 31349036.88272487 31349036.88272487 31349036.88272487
 31349036.88272487 31349036.88272487 31349036.88272487 31349036.88272487
 31349036.88272487 31349036.88272487 31349036.88272487 31349036.88272487
 31349036.88272487 31349036.88272487 31349036.88272487 31349036.88272487
 31349036.88272487 31349036.88272487 31349036.88272487 31349036.88272487]"
2715.9012422655533	2.0	trials	4.0	0.0	0.0	0.0	0.0	False	40.0	1.86	0.2	"[31434042.15565014 31434042.15565014 31434042.15565014 31434042.15565014
 31434042.15565014 31434042.15565014 31434042.15565014 31434042.15565014
 31434042.15565014 31434042.15565014 31434042.15565014 31434042.15565014
 31434042.15565014 31434042.15565014 31434042.15565014 31434042.15565014
 31434042.15565014 31434042.15565014 31434042.15565014 31434042.15565014]"
2721.4452024655066	2.0	trials	4.0	0.0	0.0	0.0	0.0	False	40.0	1.86	0.2	"[31498208.3616677 31498208.3616677 31498208.3616677 31498208.3616677
 31498208.3616677 31498208.3616677 31498208.3616677 31498208.3616677
 31498208.3616677 31498208.3616677 31498208.3616677 31498208.3616677
 31498208.3616677 31498208.3616677 31498208.3616677 31498208.3616677
 31498208.3616677 31498208.3616677 31498208.3616677 31498208.3616677]"
2725.7470722774888	2.0	trials	4.0	0.0	0.0	0.0	0.0	False	40.0	1.86	0.2	"[31547998.52152829 31547998.52152829 31547998.52152829 31547998.52152829
 31547998.52152829 31547998.52152829 31547998.52152829 31547998.52152829
 31547998.52152829 31547998.52152829 31547998.52152829 31547998.52152829
 31547998.52152829 31547998.52152829 31547998.52152829 31547998.52152829
 31547998.52152829 31547998.52152829 31547998.52152829 31547998.52152829]"
2732.239275521959	2.0	trials	4.0	0.0	0.0	0.0	0.0	False	40.0	1.86	0.2	"[31623139.76278325 31623139.76278325 31623139.76278325 31623139.76278325
 31623139.76278325 31623139.76278325 31623139.76278325 31623139.76278325
 31623139.76278325 31623139.76278325 31623139.76278325 31623139.76278325
 31623139.76278325 31623139.76278325 31623139.76278325 31623139.76278325
 31623139.76278325 31623139.76278325 31623139.76278325 31623139.76278325]"
2738.0076172423323	2.0	trials	4.0	0.0	0.0	0.0	0.0	False	40.0	1.86	0.2	"[31689902.977139 31689902.977139 31689902.977139 31689902.977139
 31689902.977139 31689902.977139 31689902.977139 31689902.977139
 31689902.977139 31689902.977139 31689902.977139 31689902.977139
 31689902.977139 31689902.977139 31689902.977139 31689902.977139
 31689902.977139 31689902.977139 31689902.977139 31689902.977139]"
2744.8211431184704	2.0	trials	4.0	0.0	0.0	0.0	0.0	False	40.0	1.86	0.2	"[31768763.23033453 31768763.23033453 31768763.23033453 31768763.23033453
 31768763.23033453 31768763.23033453 31768763.23033453 31768763.23033453
 31768763.23033453 31768763.23033453 31768763.23033453 31768763.23033453
 31768763.23033453 31768763.23033453 31768763.23033453 31768763.23033453
 31768763.23033453 31768763.23033453 31768763.23033453 31768763.23033453]"
2750.590089640785	2.0	trials	4.0	0.0	0.0	0.0	0.0	False	40.0	1.86	0.2	"[31835533.44471275 31835533.44471275 31835533.44471275 31835533.44471275
 31835533.44471275 31835533.44471275 31835533.44471275 31835533.44471275
 31835533.44471275 31835533.44471275 31835533.44471275 31835533.44471275
 31835533.44471275 31835533.44471275 31835533.44471275 31835533.44471275
 31835533.44471275 31835533.44471275 31835533.44471275 31835533.44471275]"
2758.4218427861388	2.0	trials	4.0	0.0	0.0	0.0	0.0	False	40.0	1.86	0.2	"[31926178.73574635 31926178.73574635 31926178.73574635 31926178.73574635
 31926178.73574635 31926178.73574635 31926178.73574635 31926178.73574635
 31926178.73574635 31926178.73574635 31926178.73574635 31926178.73574635
 31926178.73574635 31926178.73574635 31926178.73574635 31926178.73574635
 31926178.73574635 31926178.73574635 31926178.73574635 31926178.73574635]"
2763.781165593278	2.0	trials	4.0	0.0	0.0	0.0	0.0	False	40.0	1.86	0.2	"[31988207.93490266 31988207.93490266 31988207.93490266 31988207.93490266
 31988207.93490266 31988207.93490266 31988207.93490266 31988207.93490266
 31988207.93490266 31988207.93490266 31988207.93490266 31988207.93490266
 31988207.93490266 31988207.93490266 31988207.93490266 31988207.93490266
 31988207.93490266 31988207.93490266 31988207.93490266 31988207.93490266]"
2771.299112931097	2.0	trials	4.0	0.0	0.0	0.0	0.0	False	40.0	1.86	0.2	"[32075221.21427501 32075221.21427501 32075221.21427501 32075221.21427501
 32075221.21427501 32075221.21427501 32075221.21427501 32075221.21427501
 32075221.21427501 32075221.21427501 32075221.21427501 32075221.21427501
 32075221.21427501 32075221.21427501 32075221.21427501 32075221.21427501
 32075221.21427501 32075221.21427501 32075221.21427501 32075221.21427501]"
2777.3660540101814	2.0	trials	4.0	0.0	0.0	0.0	0.0	False	40.0	1.86	0.2	"[32145440.43972693 32145440.43972693 32145440.43972693 32145440.43972693
 32145440.43972693 32145440.43972693 32145440.43972693 32145440.43972693
 32145440.43972693 32145440.43972693 32145440.43972693 32145440.43972693
 32145440.43972693 32145440.43972693 32145440.43972693 32145440.43972693
 32145440.43972693 32145440.43972693 32145440.43972693 32145440.43972693]"
2782.5794467487835	2.0	trials	4.0	0.0	0.0	0.0	0.0	False	40.0	1.86	0.2	"[32205780.63346036 32205780.63346036 32205780.63346036 32205780.63346036
 32205780.63346036 32205780.63346036 32205780.63346036 32205780.63346036
 32205780.63346036 32205780.63346036 32205780.63346036 32205780.63346036
 32205780.63346036 32205780.63346036 32205780.63346036 32205780.63346036
 32205780.63346036 32205780.63346036 32205780.63346036 32205780.63346036]"
2787.013422584918	2.0	trials	4.0	0.0	0.0	0.0	0.0	False	40.0	1.86	0.2	"[32257099.7982301 32257099.7982301 32257099.7982301 32257099.7982301
 32257099.7982301 32257099.7982301 32257099.7982301 32257099.7982301
 32257099.7982301 32257099.7982301 32257099.7982301 32257099.7982301
 32257099.7982301 32257099.7982301 32257099.7982301 32257099.7982301
 32257099.7982301 32257099.7982301 32257099.7982301 32257099.7982301]"
2792.9420368198766	2.0	trials	4.0	0.0	0.0	0.0	0.0	False	40.0	1.86	0.2	"[32325718.01854169 32325718.01854169 32325718.01854169 32325718.01854169
 32325718.01854169 32325718.01854169 32325718.01854169 32325718.01854169
 32325718.01854169 32325718.01854169 32325718.01854169 32325718.01854169
 32325718.01854169 32325718.01854169 32325718.01854169 32325718.01854169
 32325718.01854169 32325718.01854169 32325718.01854169 32325718.01854169]"
2799.1064374118732	2.0	trials	4.0	0.0	0.0	0.0	0.0	False	40.0	1.86	0.2	"[32397065.24761527 32397065.24761527 32397065.24761527 32397065.24761527
 32397065.24761527 32397065.24761527 32397065.24761527 32397065.24761527
 32397065.24761527 32397065.24761527 32397065.24761527 32397065.24761527
 32397065.24761527 32397065.24761527 32397065.24761527 32397065.24761527
 32397065.24761527 32397065.24761527 32397065.24761527 32397065.24761527]"
2803.8616494793987	2.0	trials	4.0	0.0	0.0	0.0	0.0	False	40.0	1.86	0.2	"[32452102.42432239 32452102.42432239 32452102.42432239 32452102.42432239
 32452102.42432239 32452102.42432239 32452102.42432239 32452102.42432239
 32452102.42432239 32452102.42432239 32452102.42432239 32452102.42432239
 32452102.42432239 32452102.42432239 32452102.42432239 32452102.42432239
 32452102.42432239 32452102.42432239 32452102.42432239 32452102.42432239]"
2811.8115118039636	2.0	trials	4.0	0.0	0.0	0.0	0.0	False	40.0	1.86	0.2	"[32544114.719745 32544114.719745 32544114.719745 32544114.719745
 32544114.719745 32544114.719745 32544114.719745 32544114.719745
 32544114.719745 32544114.719745 32544114.719745 32544114.719745
 32544114.719745 32544114.719745 32544114.719745 32544114.719745
 32544114.719745 32544114.719745 32544114.719745 32544114.719745]"
2817.8837232999695	2.0	trials	4.0	0.0	0.0	0.0	0.0	False	40.0	1.86	0.2	"[32614394.94539277 32614394.94539277 32614394.94539277 32614394.94539277
 32614394.94539277 32614394.94539277 32614394.94539277 32614394.94539277
 32614394.94539277 32614394.94539277 32614394.94539277 32614394.94539277
 32614394.94539277 32614394.94539277 32614394.94539277 32614394.94539277
 32614394.94539277 32614394.94539277 32614394.94539277 32614394.94539277]"
2823.66148265058	2.0	trials	4.0	0.0	0.0	0.0	0.0	False	40.0	1.86	0.2	"[32681267.16009848 32681267.16009848 32681267.16009848 32681267.16009848
 32681267.16009848 32681267.16009848 32681267.16009848 32681267.16009848
 32681267.16009848 32681267.16009848 32681267.16009848 32681267.16009848
 32681267.16009848 32681267.16009848 32681267.16009848 32681267.16009848
 32681267.16009848 32681267.16009848 32681267.16009848 32681267.16009848]"
2831.095967320426	2.0	trials	4.0	0.0	0.0	0.0	0.0	False	40.0	1.86	0.2	"[32767314.4363693 32767314.4363693 32767314.4363693 32767314.4363693
 32767314.4363693 32767314.4363693 32767314.4363693 32767314.4363693
 32767314.4363693 32767314.4363693 32767314.4363693 32767314.4363693
 32767314.4363693 32767314.4363693 32767314.4363693 32767314.4363693
 32767314.4363693 32767314.4363693 32767314.4363693 32767314.4363693]"
2839.1296379140745	2.0	trials	4.0	0.0	0.0	0.0	0.0	False	40.0	1.86	0.2	"[32860296.7349063 32860296.7349063 32860296.7349063 32860296.7349063
 32860296.7349063 32860296.7349063 32860296.7349063 32860296.7349063
 32860296.7349063 32860296.7349063 32860296.7349063 32860296.7349063
 32860296.7349063 32860296.7349063 32860296.7349063 32860296.7349063
 32860296.7349063 32860296.7349063 32860296.7349063 32860296.7349063]"
2844.6441356194327	2.0	trials	4.0	0.0	0.0	0.0	0.0	False	40.0	1.86	0.2	"[32924121.93982902 32924121.93982902 32924121.93982902 32924121.93982902
 32924121.93982902 32924121.93982902 32924121.93982902 32924121.93982902
 32924121.93982902 32924121.93982902 32924121.93982902 32924121.93982902
 32924121.93982902 32924121.93982902 32924121.93982902 32924121.93982902
 32924121.93982902 32924121.93982902 32924121.93982902 32924121.93982902]"
2849.1019579321305	2.0	trials	4.0	0.0	0.0	0.0	0.0	False	40.0	1.86	0.2	"[32975717.10548491 32975717.10548491 32975717.10548491 32975717.10548491
 32975717.10548491 32975717.10548491 32975717.10548491 32975717.10548491
 32975717.10548491 32975717.10548491 32975717.10548491 32975717.10548491
 32975717.10548491 32975717.10548491 32975717.10548491 32975717.10548491
 32975717.10548491 32975717.10548491 32975717.10548491 32975717.10548491]"
2854.6702830103113	2.0	trials	4.0	0.0	0.0	0.0	0.0	False	40.0	1.86	0.2	"[33040165.31240789 33040165.31240789 33040165.31240789 33040165.31240789
 33040165.31240789 33040165.31240789 33040165.31240789 33040165.31240789
 33040165.31240789 33040165.31240789 33040165.31240789 33040165.31240789
 33040165.31240789 33040165.31240789 33040165.31240789 33040165.31240789
 33040165.31240789 33040165.31240789 33040165.31240789 33040165.31240789]"
2861.6304301572054	2.0	trials	4.0	0.0	0.0	0.0	0.0	False	40.0	1.86	0.2	"[33120722.57105198 33120722.57105198 33120722.57105198 33120722.57105198
 33120722.57105198 33120722.57105198 33120722.57105198 33120722.57105198
 33120722.57105198 33120722.57105198 33120722.57105198 33120722.57105198
 33120722.57105198 33120722.57105198 33120722.57105198 33120722.57105198
 33120722.57105198 33120722.57105198 33120722.57105198 33120722.57105198]"
2868.3260196546867	2.0	trials	4.0	0.0	0.0	0.0	0.0	False	40.0	1.86	0.2	"[33198217.81986492 33198217.81986492 33198217.81986492 33198217.81986492
 33198217.81986492 33198217.81986492 33198217.81986492 33198217.81986492
 33198217.81986492 33198217.81986492 33198217.81986492 33198217.81986492
 33198217.81986492 33198217.81986492 33198217.81986492 33198217.81986492
 33198217.81986492 33198217.81986492 33198217.81986492 33198217.81986492]"
2874.017378727892	2.0	trials	4.0	0.0	0.0	0.0	0.0	False	40.0	1.86	0.2	"[33264090.03135993 33264090.03135993 33264090.03135993 33264090.03135993
 33264090.03135993 33264090.03135993 33264090.03135993 33264090.03135993
 33264090.03135993 33264090.03135993 33264090.03135993 33264090.03135993
 33264090.03135993 33264090.03135993 33264090.03135993 33264090.03135993
 33264090.03135993 33264090.03135993 33264090.03135993 33264090.03135993]"
2892.1102016183877	2.0	trials	4.0	0.0	0.0	0.0	0.0	False	40.0	1.86	0.2	"[33473497.70370229 33473497.70370229 33473497.70370229 33473497.70370229
 33473497.70370229 33473497.70370229 33473497.70370229 33473497.70370229
 33473497.70370229 33473497.70370229 33473497.70370229 33473497.70370229
 33473497.70370229 33473497.70370229 33473497.70370229 33473497.70370229
 33473497.70370229 33473497.70370229 33473497.70370229 33473497.70370229]"
2899.897890622264	2.0	trials	4.0	0.0	0.0	0.0	0.0	False	40.0	1.86	0.2	"[33563632.99309844 33563632.99309844 33563632.99309844 33563632.99309844
 33563632.99309844 33563632.99309844 33563632.99309844 33563632.99309844
 33563632.99309844 33563632.99309844 33563632.99309844 33563632.99309844
 33563632.99309844 33563632.99309844 33563632.99309844 33563632.99309844
 33563632.99309844 33563632.99309844 33563632.99309844 33563632.99309844]"
2907.883954663063	2.0	trials	4.0	0.0	0.0	0.0	0.0	False	40.0	1.86	0.2	"[33656064.28986635 33656064.28986635 33656064.28986635 33656064.28986635
 33656064.28986635 33656064.28986635 33656064.28986635 33656064.28986635
 33656064.28986635 33656064.28986635 33656064.28986635 33656064.28986635
 33656064.28986635 33656064.28986635 33656064.28986635 33656064.28986635
 33656064.28986635 33656064.28986635 33656064.28986635 33656064.28986635]"
2914.1840900908624	2.0	trials	5.0	0.0	0.0	0.0	0.0	False	40.0	1.86	0.2	"[33728982.52398393 33728982.52398393 33728982.52398393 33728982.52398393
 33728982.52398393 33728982.52398393 33728982.52398393 33728982.52398393
 33728982.52398393 33728982.52398393 33728982.52398393 33728982.52398393
 33728982.52398393 33728982.52398393 33728982.52398393 33728982.52398393
 33728982.52398393 33728982.52398393 33728982.52398393 33728982.52398393]"
2920.772543244362	2.0	trials	5.0	0.0	0.0	0.0	0.0	False	40.0	1.86	0.2	"[33805237.76881561 33805237.76881561 33805237.76881561 33805237.76881561
 33805237.76881561 33805237.76881561 33805237.76881561 33805237.76881561
 33805237.76881561 33805237.76881561 33805237.76881561 33805237.76881561
 33805237.76881561 33805237.76881561 33805237.76881561 33805237.76881561
 33805237.76881561 33805237.76881561 33805237.76881561 33805237.76881561]"
2926.9944000208325	2.0	trials	5.0	0.0	0.0	0.0	0.0	False	40.0	1.86	0.2	"[33877250.0000243 33877250.0000243 33877250.0000243 33877250.0000243
 33877250.0000243 33877250.0000243 33877250.0000243 33877250.0000243
 33877250.0000243 33877250.0000243 33877250.0000243 33877250.0000243
 33877250.0000243 33877250.0000243 33877250.0000243 33877250.0000243
 33877250.0000243 33877250.0000243 33877250.0000243 33877250.0000243]"
2933.2702569706807	2.0	trials	5.0	0.0	0.0	0.0	0.0	False	40.0	1.86	0.2	"[33949887.23323967 33949887.23323967 33949887.23323967 33949887.23323967
 33949887.23323967 33949887.23323967 33949887.23323967 33949887.23323967
 33949887.23323967 33949887.23323967 33949887.23323967 33949887.23323967
 33949887.23323967 33949887.23323967 33949887.23323967 33949887.23323967
 33949887.23323967 33949887.23323967 33949887.23323967 33949887.23323967]"
2940.6621463037663	2.0	trials	5.0	0.0	0.0	0.0	0.0	False	40.0	1.86	0.2	"[34035441.50792762 34035441.50792762 34035441.50792762 34035441.50792762
 34035441.50792762 34035441.50792762 34035441.50792762 34035441.50792762
 34035441.50792762 34035441.50792762 34035441.50792762 34035441.50792762
 34035441.50792762 34035441.50792762 34035441.50792762 34035441.50792762
 34035441.50792762 34035441.50792762 34035441.50792762 34035441.50792762]"
2946.1225574354694	2.0	trials	5.0	0.0	0.0	0.0	0.0	False	40.0	1.86	0.2	"[34098640.71084044 34098640.71084044 34098640.71084044 34098640.71084044
 34098640.71084044 34098640.71084044 34098640.71084044 34098640.71084044
 34098640.71084044 34098640.71084044 34098640.71084044 34098640.71084044
 34098640.71084044 34098640.71084044 34098640.71084044 34098640.71084044
 34098640.71084044 34098640.71084044 34098640.71084044 34098640.71084044]"
2951.8052764809336	2.0	trials	5.0	0.0	0.0	0.0	0.0	False	40.0	1.86	0.2	"[34164412.92201438 34164412.92201438 34164412.92201438 34164412.92201438
 34164412.92201438 34164412.92201438 34164412.92201438 34164412.92201438
 34164412.92201438 34164412.92201438 34164412.92201438 34164412.92201438
 34164412.92201438 34164412.92201438 34164412.92201438 34164412.92201438
 34164412.92201438 34164412.92201438 34164412.92201438 34164412.92201438]"
2956.094531852415	2.0	trials	5.0	0.0	0.0	0.0	0.0	False	40.0	1.86	0.2	"[34214057.08140621 34214057.08140621 34214057.08140621 34214057.08140621
 34214057.08140621 34214057.08140621 34214057.08140621 34214057.08140621
 34214057.08140621 34214057.08140621 34214057.08140621 34214057.08140621
 34214057.08140621 34214057.08140621 34214057.08140621 34214057.08140621
 34214057.08140621 34214057.08140621 34214057.08140621 34214057.08140621]"
2963.420584174119	2.0	trials	5.0	0.0	0.0	0.0	0.0	False	40.0	1.86	0.2	"[34298849.3536476 34298849.3536476 34298849.3536476 34298849.3536476
 34298849.3536476 34298849.3536476 34298849.3536476 34298849.3536476
 34298849.3536476 34298849.3536476 34298849.3536476 34298849.3536476
 34298849.3536476 34298849.3536476 34298849.3536476 34298849.3536476
 34298849.3536476 34298849.3536476 34298849.3536476 34298849.3536476]"
2968.46057155597	2.0	trials	5.0	0.0	0.0	0.0	0.0	False	40.0	1.86	0.2	"[34357182.54093718 34357182.54093718 34357182.54093718 34357182.54093718
 34357182.54093718 34357182.54093718 34357182.54093718 34357182.54093718
 34357182.54093718 34357182.54093718 34357182.54093718 34357182.54093718
 34357182.54093718 34357182.54093718 34357182.54093718 34357182.54093718
 34357182.54093718 34357182.54093718 34357182.54093718 34357182.54093718]"
2972.606575267514	2.0	trials	5.0	0.0	0.0	0.0	0.0	False	40.0	1.86	0.2	"[34405168.69500566 34405168.69500566 34405168.69500566 34405168.69500566
 34405168.69500566 34405168.69500566 34405168.69500566 34405168.69500566
 34405168.69500566 34405168.69500566 34405168.69500566 34405168.69500566
 34405168.69500566 34405168.69500566 34405168.69500566 34405168.69500566
 34405168.69500566 34405168.69500566 34405168.69500566 34405168.69500566]"
2979.9689157057273	2.0	trials	5.0	0.0	0.0	0.0	0.0	False	40.0	1.86	0.2	"[34490380.96859555 34490380.96859555 34490380.96859555 34490380.96859555
 34490380.96859555 34490380.96859555 34490380.96859555 34490380.96859555
 34490380.96859555 34490380.96859555 34490380.96859555 34490380.96859555
 34490380.96859555 34490380.96859555 34490380.96859555 34490380.96859555
 34490380.96859555 34490380.96859555 34490380.96859555 34490380.96859555]"
2986.6301178928006	2.0	trials	5.0	0.0	0.0	0.0	0.0	False	40.0	1.86	0.2	"[34567478.21613063 34567478.21613063 34567478.21613063 34567478.21613063
 34567478.21613063 34567478.21613063 34567478.21613063 34567478.21613063
 34567478.21613063 34567478.21613063 34567478.21613063 34567478.21613063
 34567478.21613063 34567478.21613063 34567478.21613063 34567478.21613063
 34567478.21613063 34567478.21613063 34567478.21613063 34567478.21613063]"
2990.9693990248998	2.0	trials	5.0	0.0	0.0	0.0	0.0	False	40.0	1.86	0.2	"[34617701.37738145 34617701.37738145 34617701.37738145 34617701.37738145
 34617701.37738145 34617701.37738145 34617701.37738145 34617701.37738145
 34617701.37738145 34617701.37738145 34617701.37738145 34617701.37738145
 34617701.37738145 34617701.37738145 34617701.37738145 34617701.37738145
 34617701.37738145 34617701.37738145 34617701.37738145 34617701.37738145]"
2996.379093193766	2.0	trials	5.0	0.0	0.0	0.0	0.0	False	40.0	1.86	0.2	"[34680313.5784096 34680313.5784096 34680313.5784096 34680313.5784096
 34680313.5784096 34680313.5784096 34680313.5784096 34680313.5784096
 34680313.5784096 34680313.5784096 34680313.5784096 34680313.5784096
 34680313.5784096 34680313.5784096 34680313.5784096 34680313.5784096
 34680313.5784096 34680313.5784096 34680313.5784096 34680313.5784096]"
3002.294833787392	2.0	trials	5.0	0.0	0.0	0.0	0.0	False	40.0	1.86	0.2	"[34748782.79824279 34748782.79824279 34748782.79824279 34748782.79824279
 34748782.79824279 34748782.79824279 34748782.79824279 34748782.79824279
 34748782.79824279 34748782.79824279 34748782.79824279 34748782.79824279
 34748782.79824279 34748782.79824279 34748782.79824279 34748782.79824279
 34748782.79824279 34748782.79824279 34748782.79824279 34748782.79824279]"
3007.503560911014	2.0	trials	5.0	0.0	0.0	0.0	0.0	False	40.0	1.86	0.2	"[34809068.99180285 34809068.99180285 34809068.99180285 34809068.99180285
 34809068.99180285 34809068.99180285 34809068.99180285 34809068.99180285
 34809068.99180285 34809068.99180285 34809068.99180285 34809068.99180285
 34809068.99180285 34809068.99180285 34809068.99180285 34809068.99180285
 34809068.99180285 34809068.99180285 34809068.99180285 34809068.99180285]"
3012.549682712561	2.0	trials	5.0	0.0	0.0	0.0	0.0	False	40.0	1.86	0.2	"[34867473.17932038 34867473.17932038 34867473.17932038 34867473.17932038
 34867473.17932038 34867473.17932038 34867473.17932038 34867473.17932038
 34867473.17932038 34867473.17932038 34867473.17932038 34867473.17932038
 34867473.17932038 34867473.17932038 34867473.17932038 34867473.17932038
 34867473.17932038 34867473.17932038 34867473.17932038 34867473.17932038]"
3017.2974643562293	2.0	trials	5.0	0.0	0.0	0.0	0.0	False	40.0	1.86	0.2	"[34922424.35575137 34922424.35575137 34922424.35575137 34922424.35575137
 34922424.35575137 34922424.35575137 34922424.35575137 34922424.35575137
 34922424.35575137 34922424.35575137 34922424.35575137 34922424.35575137
 34922424.35575137 34922424.35575137 34922424.35575137 34922424.35575137
 34922424.35575137 34922424.35575137 34922424.35575137 34922424.35575137]"
3024.164990405746	2.0	trials	5.0	0.0	0.0	0.0	0.0	False	40.0	1.86	0.2	"[35001909.6109536 35001909.6109536 35001909.6109536 35001909.6109536
 35001909.6109536 35001909.6109536 35001909.6109536 35001909.6109536
 35001909.6109536 35001909.6109536 35001909.6109536 35001909.6109536
 35001909.6109536 35001909.6109536 35001909.6109536 35001909.6109536
 35001909.6109536 35001909.6109536 35001909.6109536 35001909.6109536]"
3031.958900229595	2.0	trials	5.0	0.0	0.0	0.0	0.0	False	40.0	1.86	0.2	"[35092116.90058091 35092116.90058091 35092116.90058091 35092116.90058091
 35092116.90058091 35092116.90058091 35092116.90058091 35092116.90058091
 35092116.90058091 35092116.90058091 35092116.90058091 35092116.90058091
 35092116.90058091 35092116.90058091 35092116.90058091 35092116.90058091
 35092116.90058091 35092116.90058091 35092116.90058091 35092116.90058091]"
3037.5629950226225	2.0	trials	5.0	0.0	0.0	0.0	0.0	False	40.0	1.86	0.2	"[35156979.10883313 35156979.10883313 35156979.10883313 35156979.10883313
 35156979.10883313 35156979.10883313 35156979.10883313 35156979.10883313
 35156979.10883313 35156979.10883313 35156979.10883313 35156979.10883313
 35156979.10883313 35156979.10883313 35156979.10883313 35156979.10883313
 35156979.10883313 35156979.10883313 35156979.10883313 35156979.10883313]"
3042.795827823641	2.0	trials	5.0	0.0	0.0	0.0	0.0	False	40.0	1.86	0.2	"[35217544.30328897 35217544.30328897 35217544.30328897 35217544.30328897
 35217544.30328897 35217544.30328897 35217544.30328897 35217544.30328897
 35217544.30328897 35217544.30328897 35217544.30328897 35217544.30328897
 35217544.30328897 35217544.30328897 35217544.30328897 35217544.30328897
 35217544.30328897 35217544.30328897 35217544.30328897 35217544.30328897]"
3047.2176212206605	2.0	trials	5.0	0.0	0.0	0.0	0.0	False	40.0	1.86	0.2	"[35268722.467606 35268722.467606 35268722.467606 35268722.467606
 35268722.467606 35268722.467606 35268722.467606 35268722.467606
 35268722.467606 35268722.467606 35268722.467606 35268722.467606
 35268722.467606 35268722.467606 35268722.467606 35268722.467606
 35268722.467606 35268722.467606 35268722.467606 35268722.467606]"
3054.6813091842705	2.0	trials	5.0	0.0	0.0	0.0	0.0	False	40.0	1.86	0.2	"[35355107.74496204 35355107.74496204 35355107.74496204 35355107.74496204
 35355107.74496204 35355107.74496204 35355107.74496204 35355107.74496204
 35355107.74496204 35355107.74496204 35355107.74496204 35355107.74496204
 35355107.74496204 35355107.74496204 35355107.74496204 35355107.74496204
 35355107.74496204 35355107.74496204 35355107.74496204 35355107.74496204]"
3059.7092005272843	2.0	trials	5.0	0.0	0.0	0.0	0.0	False	40.0	1.86	0.2	"[35413300.93180211 35413300.93180211 35413300.93180211 35413300.93180211
 35413300.93180211 35413300.93180211 35413300.93180211 35413300.93180211
 35413300.93180211 35413300.93180211 35413300.93180211 35413300.93180211
 35413300.93180211 35413300.93180211 35413300.93180211 35413300.93180211
 35413300.93180211 35413300.93180211 35413300.93180211 35413300.93180211]"
3067.2936760787056	2.0	trials	5.0	0.0	0.0	0.0	0.0	False	40.0	1.86	0.2	"[35501084.2136467 35501084.2136467 35501084.2136467 35501084.2136467
 35501084.2136467 35501084.2136467 35501084.2136467 35501084.2136467
 35501084.2136467 35501084.2136467 35501084.2136467 35501084.2136467
 35501084.2136467 35501084.2136467 35501084.2136467 35501084.2136467
 35501084.2136467 35501084.2136467 35501084.2136467 35501084.2136467]"
3075.1134195854997	2.0	trials	5.0	0.0	0.0	0.0	0.0	False	40.0	1.86	0.2	"[35591590.50423402 35591590.50423402 35591590.50423402 35591590.50423402
 35591590.50423402 35591590.50423402 35591590.50423402 35591590.50423402
 35591590.50423402 35591590.50423402 35591590.50423402 35591590.50423402
 35591590.50423402 35591590.50423402 35591590.50423402 35591590.50423402
 35591590.50423402 35591590.50423402 35591590.50423402 35591590.50423402]"
3082.4794752356415	2.0	trials	5.0	0.0	0.0	0.0	0.0	False	40.0	1.86	0.2	"[35676845.77796196 35676845.77796196 35676845.77796196 35676845.77796196
 35676845.77796196 35676845.77796196 35676845.77796196 35676845.77796196
 35676845.77796196 35676845.77796196 35676845.77796196 35676845.77796196
 35676845.77796196 35676845.77796196 35676845.77796196 35676845.77796196
 35676845.77796196 35676845.77796196 35676845.77796196 35676845.77796196]"
3090.1836151712682	2.0	trials	5.0	0.0	0.0	0.0	0.0	False	40.0	1.86	0.2	"[35766014.06425337 35766014.06425337 35766014.06425337 35766014.06425337
 35766014.06425337 35766014.06425337 35766014.06425337 35766014.06425337
 35766014.06425337 35766014.06425337 35766014.06425337 35766014.06425337
 35766014.06425337 35766014.06425337 35766014.06425337 35766014.06425337
 35766014.06425337 35766014.06425337 35766014.06425337 35766014.06425337]"
3094.4740801466332	2.0	trials	5.0	0.0	0.0	0.0	0.0	False	40.0	1.86	0.2	"[35815672.22369014 35815672.22369014 35815672.22369014 35815672.22369014
 35815672.22369014 35815672.22369014 35815672.22369014 35815672.22369014
 35815672.22369014 35815672.22369014 35815672.22369014 35815672.22369014
 35815672.22369014 35815672.22369014 35815672.22369014 35815672.22369014
 35815672.22369014 35815672.22369014 35815672.22369014 35815672.22369014]"
3101.1996505403736	2.0	trials	5.0	0.0	0.0	0.0	0.0	False	40.0	1.86	0.2	"[35893514.4736172 35893514.4736172 35893514.4736172 35893514.4736172
 35893514.4736172 35893514.4736172 35893514.4736172 35893514.4736172
 35893514.4736172 35893514.4736172 35893514.4736172 35893514.4736172
 35893514.4736172 35893514.4736172 35893514.4736172 35893514.4736172
 35893514.4736172 35893514.4736172 35893514.4736172 35893514.4736172]"
3106.941553775861	2.0	trials	5.0	0.0	0.0	0.0	0.0	False	40.0	1.86	0.2	"[35959971.68699047 35959971.68699047 35959971.68699047 35959971.68699047
 35959971.68699047 35959971.68699047 35959971.68699047 35959971.68699047
 35959971.68699047 35959971.68699047 35959971.68699047 35959971.68699047
 35959971.68699047 35959971.68699047 35959971.68699047 35959971.68699047
 35959971.68699047 35959971.68699047 35959971.68699047 35959971.68699047]"
3111.921838566025	2.0	trials	5.0	0.0	0.0	0.0	0.0	False	40.0	1.86	0.2	"[36017613.87206145 36017613.87206145 36017613.87206145 36017613.87206145
 36017613.87206145 36017613.87206145 36017613.87206145 36017613.87206145
 36017613.87206145 36017613.87206145 36017613.87206145 36017613.87206145
 36017613.87206145 36017613.87206145 36017613.87206145 36017613.87206145
 36017613.87206145 36017613.87206145 36017613.87206145 36017613.87206145]"
3119.8056910786536	2.0	trials	5.0	0.0	0.0	0.0	0.0	False	40.0	1.86	0.2	"[36108862.1650311 36108862.1650311 36108862.1650311 36108862.1650311
 36108862.1650311 36108862.1650311 36108862.1650311 36108862.1650311
 36108862.1650311 36108862.1650311 36108862.1650311 36108862.1650311
 36108862.1650311 36108862.1650311 36108862.1650311 36108862.1650311
 36108862.1650311 36108862.1650311 36108862.1650311 36108862.1650311]"
3124.5640135561653	2.0	trials	5.0	0.0	0.0	0.0	0.0	False	40.0	1.86	0.2	"[36163935.3418538 36163935.3418538 36163935.3418538 36163935.3418538
 36163935.3418538 36163935.3418538 36163935.3418538 36163935.3418538
 36163935.3418538 36163935.3418538 36163935.3418538 36163935.3418538
 36163935.3418538 36163935.3418538 36163935.3418538 36163935.3418538
 36163935.3418538 36163935.3418538 36163935.3418538 36163935.3418538]"
3132.676135601697	2.0	trials	5.0	0.0	0.0	0.0	0.0	False	40.0	1.86	0.2	"[36257825.64330611 36257825.64330611 36257825.64330611 36257825.64330611
 36257825.64330611 36257825.64330611 36257825.64330611 36257825.64330611
 36257825.64330611 36257825.64330611 36257825.64330611 36257825.64330611
 36257825.64330611 36257825.64330611 36257825.64330611 36257825.64330611
 36257825.64330611 36257825.64330611 36257825.64330611 36257825.64330611]"
3139.1260027102385	2.0	trials	5.0	0.0	0.0	0.0	0.0	False	40.0	1.86	0.2	"[36332476.88298783 36332476.88298783 36332476.88298783 36332476.88298783
 36332476.88298783 36332476.88298783 36332476.88298783 36332476.88298783
 36332476.88298783 36332476.88298783 36332476.88298783 36332476.88298783
 36332476.88298783 36332476.88298783 36332476.88298783 36332476.88298783
 36332476.88298783 36332476.88298783 36332476.88298783 36332476.88298783]"
3145.9479094132853	2.0	trials	5.0	0.0	0.0	0.0	0.0	False	40.0	1.86	0.2	"[36411434.13649481 36411434.13649481 36411434.13649481 36411434.13649481
 36411434.13649481 36411434.13649481 36411434.13649481 36411434.13649481
 36411434.13649481 36411434.13649481 36411434.13649481 36411434.13649481
 36411434.13649481 36411434.13649481 36411434.13649481 36411434.13649481
 36411434.13649481 36411434.13649481 36411434.13649481 36411434.13649481]"
3151.7384560049513	2.0	trials	5.0	0.0	0.0	0.0	0.0	False	40.0	1.86	0.2	"[36478454.3516757 36478454.3516757 36478454.3516757 36478454.3516757
 36478454.3516757 36478454.3516757 36478454.3516757 36478454.3516757
 36478454.3516757 36478454.3516757 36478454.3516757 36478454.3516757
 36478454.3516757 36478454.3516757 36478454.3516757 36478454.3516757
 36478454.3516757 36478454.3516757 36478454.3516757 36478454.3516757]"
3158.1763998752112	2.0	trials	5.0	0.0	0.0	0.0	0.0	False	40.0	1.86	0.2	"[36552967.59091434 36552967.59091434 36552967.59091434 36552967.59091434
 36552967.59091434 36552967.59091434 36552967.59091434 36552967.59091434
 36552967.59091434 36552967.59091434 36552967.59091434 36552967.59091434
 36552967.59091434 36552967.59091434 36552967.59091434 36552967.59091434
 36552967.59091434 36552967.59091434 36552967.59091434 36552967.59091434]"
3164.9382583854617	2.0	trials	5.0	0.0	0.0	0.0	0.0	False	40.0	1.86	0.2	"[36631229.84218989 36631229.84218989 36631229.84218989 36631229.84218989
 36631229.84218989 36631229.84218989 36631229.84218989 36631229.84218989
 36631229.84218989 36631229.84218989 36631229.84218989 36631229.84218989
 36631229.84218989 36631229.84218989 36631229.84218989 36631229.84218989
 36631229.84218989 36631229.84218989 36631229.84218989 36631229.84218989]"
3170.85425817992	2.0	trials	5.0	0.0	0.0	0.0	0.0	False	40.0	1.86	0.2	"[36699702.06203271 36699702.06203271 36699702.06203271 36699702.06203271
 36699702.06203271 36699702.06203271 36699702.06203271 36699702.06203271
 36699702.06203271 36699702.06203271 36699702.06203271 36699702.06203271
 36699702.06203271 36699702.06203271 36699702.06203271 36699702.06203271
 36699702.06203271 36699702.06203271 36699702.06203271 36699702.06203271]"
3176.0537404738598	2.0	trials	5.0	0.0	0.0	0.0	0.0	False	40.0	1.86	0.2	"[36759881.25524922 36759881.25524922 36759881.25524922 36759881.25524922
 36759881.25524922 36759881.25524922 36759881.25524922 36759881.25524922
 36759881.25524922 36759881.25524922 36759881.25524922 36759881.25524922
 36759881.25524922 36759881.25524922 36759881.25524922 36759881.25524922
 36759881.25524922 36759881.25524922 36759881.25524922 36759881.25524922]"
3183.5623565817195	2.0	trials	5.0	0.0	0.0	0.0	0.0	False	40.0	1.86	0.2	"[36846786.53427482 36846786.53427482 36846786.53427482 36846786.53427482
 36846786.53427482 36846786.53427482 36846786.53427482 36846786.53427482
 36846786.53427482 36846786.53427482 36846786.53427482 36846786.53427482
 36846786.53427482 36846786.53427482 36846786.53427482 36846786.53427482
 36846786.53427482 36846786.53427482 36846786.53427482 36846786.53427482]"
3191.56665108105	2.0	trials	5.0	0.0	0.0	0.0	0.0	False	40.0	1.86	0.2	"[36939428.83172019 36939428.83172019 36939428.83172019 36939428.83172019
 36939428.83172019 36939428.83172019 36939428.83172019 36939428.83172019
 36939428.83172019 36939428.83172019 36939428.83172019 36939428.83172019
 36939428.83172019 36939428.83172019 36939428.83172019 36939428.83172019
 36939428.83172019 36939428.83172019 36939428.83172019 36939428.83172019]"
3199.108444895433	2.0	trials	5.0	0.0	0.0	0.0	0.0	False	40.0	1.86	0.2	"[37026718.11197869 37026718.11197869 37026718.11197869 37026718.11197869
 37026718.11197869 37026718.11197869 37026718.11197869 37026718.11197869
 37026718.11197869 37026718.11197869 37026718.11197869 37026718.11197869
 37026718.11197869 37026718.11197869 37026718.11197869 37026718.11197869
 37026718.11197869 37026718.11197869 37026718.11197869 37026718.11197869]"
3329.9353993405925	2.0	trials	5.0	0.0	0.0	0.0	0.0	False	40.0	1.86	0.005	"[38540918.97360279 38540918.97360279 38540918.97360279 38540918.97360279
 38540918.97360279 38540918.97360279 38540918.97360279 38540918.97360279
 38540918.97360279 38540918.97360279 38540918.97360279 38540918.97360279
 38540918.97360279 38540918.97360279 38540918.97360279 38540918.97360279
 38540918.97360279 38540918.97360279 38540918.97360279 38540918.97360279]"
3334.2712244615946	2.0	trials	5.0	0.0	0.0	0.0	0.0	False	40.0	1.86	0.005	"[38591102.13472518 38591102.13472518 38591102.13472518 38591102.13472518
 38591102.13472518 38591102.13472518 38591102.13472518 38591102.13472518
 38591102.13472518 38591102.13472518 38591102.13472518 38591102.13472518
 38591102.13472518 38591102.13472518 38591102.13472518 38591102.13472518
 38591102.13472518 38591102.13472518 38591102.13472518 38591102.13472518]"
3339.684115440724	2.0	trials	5.0	0.0	0.0	0.0	0.0	False	40.0	1.86	0.005	"[38653751.33587211 38653751.33587211 38653751.33587211 38653751.33587211
 38653751.33587211 38653751.33587211 38653751.33587211 38653751.33587211
 38653751.33587211 38653751.33587211 38653751.33587211 38653751.33587211
 38653751.33587211 38653751.33587211 38653751.33587211 38653751.33587211
 38653751.33587211 38653751.33587211 38653751.33587211 38653751.33587211]"
3344.700083545457	2.0	trials	6.0	0.0	0.0	0.0	0.0	False	0.0	0.0	0.0	"[nan nan nan nan nan nan nan nan nan nan nan nan nan nan nan nan nan nan
 nan nan]"
3349.573577592749	2.0	trials	6.0	0.0	0.0	0.0	0.0	False	0.0	0.0	0.0	"[nan nan nan nan nan nan nan nan nan nan nan nan nan nan nan nan nan nan
 nan nan]"
3353.735651755891	2.0	trials	6.0	0.0	0.0	0.0	0.0	False	0.0	0.0	0.0	"[nan nan nan nan nan nan nan nan nan nan nan nan nan nan nan nan nan nan
 nan nan]"
3361.6825764710247	2.0	trials	6.0	0.0	0.0	0.0	0.0	False	0.0	0.0	0.0	"[nan nan nan nan nan nan nan nan nan nan nan nan nan nan nan nan nan nan
 nan nan]"
3368.9636142481995	2.0	trials	6.0	0.0	0.0	0.0	0.0	False	0.0	0.0	0.0	"[nan nan nan nan nan nan nan nan nan nan nan nan nan nan nan nan nan nan
 nan nan]"
3373.3558587503476	2.0	trials	6.0	0.0	0.0	0.0	0.0	False	0.0	0.0	0.0	"[nan nan nan nan nan nan nan nan nan nan nan nan nan nan nan nan nan nan
 nan nan]"
3378.091025953515	2.0	trials	6.0	0.0	0.0	0.0	0.0	False	0.0	0.0	0.0	"[nan nan nan nan nan nan nan nan nan nan nan nan nan nan nan nan nan nan
 nan nan]"
3382.879070126454	2.0	trials	6.0	0.0	0.0	0.0	0.0	False	0.0	0.0	0.0	"[nan nan nan nan nan nan nan nan nan nan nan nan nan nan nan nan nan nan
 nan nan]"
3387.38389419006	2.0	trials	6.0	0.0	0.0	0.0	0.0	False	0.0	0.0	0.0	"[nan nan nan nan nan nan nan nan nan nan nan nan nan nan nan nan nan nan
 nan nan]"
3394.893547101248	2.0	trials	6.0	0.0	0.0	0.0	0.0	False	0.0	0.0	0.0	"[nan nan nan nan nan nan nan nan nan nan nan nan nan nan nan nan nan nan
 nan nan]"
3400.715802594722	2.0	trials	6.0	0.0	0.0	0.0	0.0	False	0.0	0.0	0.0	"[nan nan nan nan nan nan nan nan nan nan nan nan nan nan nan nan nan nan
 nan nan]"
3404.988555513218	2.0	trials	6.0	0.0	0.0	0.0	0.0	False	0.0	0.0	0.0	"[nan nan nan nan nan nan nan nan nan nan nan nan nan nan nan nan nan nan
 nan nan]"
3411.371808007882	2.0	trials	6.0	0.0	0.0	0.0	0.0	False	0.0	0.0	0.0	"[nan nan nan nan nan nan nan nan nan nan nan nan nan nan nan nan nan nan
 nan nan]"
3416.3244447092766	2.0	trials	6.0	0.0	0.0	0.0	0.0	False	0.0	0.0	0.0	"[nan nan nan nan nan nan nan nan nan nan nan nan nan nan nan nan nan nan
 nan nan]"
3422.1429849908222	2.0	trials	6.0	0.0	0.0	0.0	0.0	False	0.0	0.0	0.0	"[nan nan nan nan nan nan nan nan nan nan nan nan nan nan nan nan nan nan
 nan nan]"
3426.783630290508	2.0	trials	6.0	0.0	0.0	0.0	0.0	False	0.0	0.0	0.0	"[nan nan nan nan nan nan nan nan nan nan nan nan nan nan nan nan nan nan
 nan nan]"
3431.256227050643	2.0	trials	6.0	0.0	0.0	0.0	0.0	False	0.0	0.0	0.0	"[nan nan nan nan nan nan nan nan nan nan nan nan nan nan nan nan nan nan
 nan nan]"
3437.479639032106	2.0	trials	6.0	0.0	0.0	0.0	0.0	False	0.0	0.0	0.0	"[nan nan nan nan nan nan nan nan nan nan nan nan nan nan nan nan nan nan
 nan nan]"
3444.542084107448	2.0	trials	6.0	0.0	0.0	0.0	0.0	False	0.0	0.0	0.0	"[nan nan nan nan nan nan nan nan nan nan nan nan nan nan nan nan nan nan
 nan nan]"
3450.1231100264076	2.0	trials	6.0	0.0	0.0	0.0	0.0	False	0.0	0.0	0.0	"[nan nan nan nan nan nan nan nan nan nan nan nan nan nan nan nan nan nan
 nan nan]"
3455.094581988277	2.0	trials	6.0	0.0	0.0	0.0	0.0	False	0.0	0.0	0.0	"[nan nan nan nan nan nan nan nan nan nan nan nan nan nan nan nan nan nan
 nan nan]"
3459.5731403675522	2.0	trials	6.0	0.0	0.0	0.0	0.0	False	0.0	0.0	0.0	"[nan nan nan nan nan nan nan nan nan nan nan nan nan nan nan nan nan nan
 nan nan]"
3466.1346366345006	2.0	trials	6.0	0.0	0.0	0.0	0.0	False	0.0	0.0	0.0	"[nan nan nan nan nan nan nan nan nan nan nan nan nan nan nan nan nan nan
 nan nan]"
3472.9777114055114	2.0	trials	6.0	0.0	0.0	0.0	0.0	False	0.0	0.0	0.0	"[nan nan nan nan nan nan nan nan nan nan nan nan nan nan nan nan nan nan
 nan nan]"
3479.4015720305542	2.0	trials	6.0	0.0	0.0	0.0	0.0	False	0.0	0.0	0.0	"[nan nan nan nan nan nan nan nan nan nan nan nan nan nan nan nan nan nan
 nan nan]"
3484.2333347438603	2.0	trials	6.0	0.0	0.0	0.0	0.0	False	0.0	0.0	0.0	"[nan nan nan nan nan nan nan nan nan nan nan nan nan nan nan nan nan nan
 nan nan]"
3490.5666478781827	2.0	trials	6.0	0.0	0.0	0.0	0.0	False	0.0	0.0	0.0	"[nan nan nan nan nan nan nan nan nan nan nan nan nan nan nan nan nan nan
 nan nan]"
3496.4772044551637	2.0	trials	6.0	0.0	0.0	0.0	0.0	False	0.0	0.0	0.0	"[nan nan nan nan nan nan nan nan nan nan nan nan nan nan nan nan nan nan
 nan nan]"
3501.5349902941607	2.0	trials	6.0	0.0	0.0	0.0	0.0	False	0.0	0.0	0.0	"[nan nan nan nan nan nan nan nan nan nan nan nan nan nan nan nan nan nan
 nan nan]"
3509.490900638145	2.0	trials	6.0	0.0	0.0	0.0	0.0	False	0.0	0.0	0.0	"[nan nan nan nan nan nan nan nan nan nan nan nan nan nan nan nan nan nan
 nan nan]"
3515.931263716172	2.0	trials	6.0	0.0	0.0	0.0	0.0	False	0.0	0.0	0.0	"[nan nan nan nan nan nan nan nan nan nan nan nan nan nan nan nan nan nan
 nan nan]"
3521.9108541148	2.0	trials	6.0	0.0	0.0	0.0	0.0	False	0.0	0.0	0.0	"[nan nan nan nan nan nan nan nan nan nan nan nan nan nan nan nan nan nan
 nan nan]"
3528.9040061676624	2.0	trials	6.0	0.0	0.0	0.0	0.0	False	0.0	0.0	0.0	"[nan nan nan nan nan nan nan nan nan nan nan nan nan nan nan nan nan nan
 nan nan]"
3535.9270527165077	2.0	trials	6.0	0.0	0.0	0.0	0.0	False	0.0	0.0	0.0	"[nan nan nan nan nan nan nan nan nan nan nan nan nan nan nan nan nan nan
 nan nan]"
3542.611842179313	2.0	trials	6.0	0.0	0.0	0.0	0.0	False	0.0	0.0	0.0	"[nan nan nan nan nan nan nan nan nan nan nan nan nan nan nan nan nan nan
 nan nan]"
3546.745317850633	2.0	trials	6.0	0.0	0.0	0.0	0.0	False	0.0	0.0	0.0	"[nan nan nan nan nan nan nan nan nan nan nan nan nan nan nan nan nan nan
 nan nan]"
3554.3711791349306	2.0	trials	6.0	0.0	0.0	0.0	0.0	False	0.0	0.0	0.0	"[nan nan nan nan nan nan nan nan nan nan nan nan nan nan nan nan nan nan
 nan nan]"
3559.207348262384	2.0	trials	6.0	0.0	0.0	0.0	0.0	False	0.0	0.0	0.0	"[nan nan nan nan nan nan nan nan nan nan nan nan nan nan nan nan nan nan
 nan nan]"
3563.4135729672794	2.0	trials	6.0	0.0	0.0	0.0	0.0	False	0.0	0.0	0.0	"[nan nan nan nan nan nan nan nan nan nan nan nan nan nan nan nan nan nan
 nan nan]"
3568.5257045807634	2.0	trials	6.0	0.0	0.0	0.0	0.0	False	0.0	0.0	0.0	"[nan nan nan nan nan nan nan nan nan nan nan nan nan nan nan nan nan nan
 nan nan]"
3575.5155734230852	2.0	trials	6.0	0.0	0.0	0.0	0.0	False	0.0	0.0	0.0	"[nan nan nan nan nan nan nan nan nan nan nan nan nan nan nan nan nan nan
 nan nan]"
3583.0225479256737	2.0	trials	6.0	0.0	0.0	0.0	0.0	False	0.0	0.0	0.0	"[nan nan nan nan nan nan nan nan nan nan nan nan nan nan nan nan nan nan
 nan nan]"
3587.311716896878	2.0	trials	6.0	0.0	0.0	0.0	0.0	False	0.0	0.0	0.0	"[nan nan nan nan nan nan nan nan nan nan nan nan nan nan nan nan nan nan
 nan nan]"
3594.3673363503044	2.0	trials	6.0	0.0	0.0	0.0	0.0	False	0.0	0.0	0.0	"[nan nan nan nan nan nan nan nan nan nan nan nan nan nan nan nan nan nan
 nan nan]"
3599.165575755977	2.0	trials	6.0	0.0	0.0	0.0	0.0	False	0.0	0.0	0.0	"[nan nan nan nan nan nan nan nan nan nan nan nan nan nan nan nan nan nan
 nan nan]"
3604.6218396743643	2.0	trials	6.0	0.0	0.0	0.0	0.0	False	0.0	0.0	0.0	"[nan nan nan nan nan nan nan nan nan nan nan nan nan nan nan nan nan nan
 nan nan]"
3611.6956031860454	2.0	trials	6.0	0.0	0.0	0.0	0.0	False	0.0	0.0	0.0	"[nan nan nan nan nan nan nan nan nan nan nan nan nan nan nan nan nan nan
 nan nan]"
3633.50415640661	2.0	trials	6.0	0.0	0.0	0.0	0.0	False	0.0	0.0	0.0	"[nan nan nan nan nan nan nan nan nan nan nan nan nan nan nan nan nan nan
 nan nan]"
3638.0160652929635	2.0	trials	6.0	0.0	0.0	0.0	0.0	False	0.0	0.0	0.0	"[nan nan nan nan nan nan nan nan nan nan nan nan nan nan nan nan nan nan
 nan nan]"
3643.130529713937	2.0	trials	6.0	0.0	0.0	0.0	0.0	False	0.0	0.0	0.0	"[nan nan nan nan nan nan nan nan nan nan nan nan nan nan nan nan nan nan
 nan nan]"
3647.454345196381	2.0	trials	7.0	0.0	0.0	0.0	0.0	False	40.0	1.86	0.005	"[38711806.52226911 38711806.52226911 38711806.52226911 38711806.52226911
 38711806.52226911 38711806.52226911 38711806.52226911 38711806.52226911
 38711806.52226911 38711806.52226911 38711806.52226911 38711806.52226911
 38711806.52226911 38711806.52226911 38711806.52226911 38711806.52226911
 38711806.52226911 38711806.52226911 38711806.52226911 38711806.52226911]"
3655.1043121580747	2.0	trials	7.0	0.0	0.0	0.0	0.0	False	40.0	1.86	0.005	"[38768212.70337167 38768212.70337167 38768212.70337167 38768212.70337167
 38768212.70337167 38768212.70337167 38768212.70337167 38768212.70337167
 38768212.70337167 38768212.70337167 38768212.70337167 38768212.70337167
 38768212.70337167 38768212.70337167 38768212.70337167 38768212.70337167
 38768212.70337167 38768212.70337167 38768212.70337167 38768212.70337167]"
3663.038622432707	2.0	trials	7.0	0.0	0.0	0.0	0.0	False	40.0	1.86	0.005	"[38816384.85803735 38816384.85803735 38816384.85803735 38816384.85803735
 38816384.85803735 38816384.85803735 38816384.85803735 38816384.85803735
 38816384.85803735 38816384.85803735 38816384.85803735 38816384.85803735
 38816384.85803735 38816384.85803735 38816384.85803735 38816384.85803735
 38816384.85803735 38816384.85803735 38816384.85803735 38816384.85803735]"
3668.574893007971	2.0	trials	7.0	0.0	0.0	0.0	0.0	False	40.0	1.86	0.005	"[38908363.15335081 38908363.15335081 38908363.15335081 38908363.15335081
 38908363.15335081 38908363.15335081 38908363.15335081 38908363.15335081
 38908363.15335081 38908363.15335081 38908363.15335081 38908363.15335081
 38908363.15335081 38908363.15335081 38908363.15335081 38908363.15335081
 38908363.15335081 38908363.15335081 38908363.15335081 38908363.15335081]"
3673.31299782057	2.0	trials	7.0	0.0	0.0	0.0	0.0	False	40.0	1.86	0.005	"[38992634.42391942 38992634.42391942 38992634.42391942 38992634.42391942
 38992634.42391942 38992634.42391942 38992634.42391942 38992634.42391942
 38992634.42391942 38992634.42391942 38992634.42391942 38992634.42391942
 38992634.42391942 38992634.42391942 38992634.42391942 38992634.42391942
 38992634.42391942 38992634.42391942 38992634.42391942 38992634.42391942]"
3679.0206001459283	2.0	trials	7.0	0.0	0.0	0.0	0.0	False	40.0	1.86	0.005	"[39043470.58713841 39043470.58713841 39043470.58713841 39043470.58713841
 39043470.58713841 39043470.58713841 39043470.58713841 39043470.58713841
 39043470.58713841 39043470.58713841 39043470.58713841 39043470.58713841
 39043470.58713841 39043470.58713841 39043470.58713841 39043470.58713841
 39043470.58713841 39043470.58713841 39043470.58713841 39043470.58713841]"
3685.1109557001882	2.0	trials	7.0	0.0	0.0	0.0	0.0	False	40.0	1.86	0.005	"[39098275.76310064 39098275.76310064 39098275.76310064 39098275.76310064
 39098275.76310064 39098275.76310064 39098275.76310064 39098275.76310064
 39098275.76310064 39098275.76310064 39098275.76310064 39098275.76310064
 39098275.76310064 39098275.76310064 39098275.76310064 39098275.76310064
 39098275.76310064 39098275.76310064 39098275.76310064 39098275.76310064]"
3689.31130518622	2.0	trials	7.0	0.0	0.0	0.0	0.0	False	40.0	1.86	0.005	"[39153692.94102782 39153692.94102782 39153692.94102782 39153692.94102782
 39153692.94102782 39153692.94102782 39153692.94102782 39153692.94102782
 39153692.94102782 39153692.94102782 39153692.94102782 39153692.94102782
 39153692.94102782 39153692.94102782 39153692.94102782 39153692.94102782
 39153692.94102782 39153692.94102782 39153692.94102782 39153692.94102782]"
3695.743287437339	2.0	trials	7.0	0.0	0.0	0.0	0.0	False	40.0	1.86	0.005	"[39205832.10843033 39205832.10843033 39205832.10843033 39205832.10843033
 39205832.10843033 39205832.10843033 39205832.10843033 39205832.10843033
 39205832.10843033 39205832.10843033 39205832.10843033 39205832.10843033
 39205832.10843033 39205832.10843033 39205832.10843033 39205832.10843033
 39205832.10843033 39205832.10843033 39205832.10843033 39205832.10843033]"
3700.7055145695263	2.0	trials	7.0	0.0	0.0	0.0	0.0	False	40.0	1.86	0.005	"[39292749.38749445 39292749.38749445 39292749.38749445 39292749.38749445
 39292749.38749445 39292749.38749445 39292749.38749445 39292749.38749445
 39292749.38749445 39292749.38749445 39292749.38749445 39292749.38749445
 39292749.38749445 39292749.38749445 39292749.38749445 39292749.38749445
 39292749.38749445 39292749.38749445 39292749.38749445 39292749.38749445]"
3708.1509720746026	2.0	trials	7.0	0.0	0.0	0.0	0.0	False	40.0	1.86	0.005	"[39360136.60385367 39360136.60385367 39360136.60385367 39360136.60385367
 39360136.60385367 39360136.60385367 39360136.60385367 39360136.60385367
 39360136.60385367 39360136.60385367 39360136.60385367 39360136.60385367
 39360136.60385367 39360136.60385367 39360136.60385367 39360136.60385367
 39360136.60385367 39360136.60385367 39360136.60385367 39360136.60385367]"
3712.3093310258155	2.0	trials	7.0	0.0	0.0	0.0	0.0	False	40.0	1.86	0.005	"[39409589.76263225 39409589.76263225 39409589.76263225 39409589.76263225
 39409589.76263225 39409589.76263225 39409589.76263225 39409589.76263225
 39409589.76263225 39409589.76263225 39409589.76263225 39409589.76263225
 39409589.76263225 39409589.76263225 39409589.76263225 39409589.76263225
 39409589.76263225 39409589.76263225 39409589.76263225 39409589.76263225]"
3717.559011880928	2.0	trials	7.0	0.0	0.0	0.0	0.0	False	40.0	1.86	0.005	"[39483469.99983853 39483469.99983853 39483469.99983853 39483469.99983853
 39483469.99983853 39483469.99983853 39483469.99983853 39483469.99983853
 39483469.99983853 39483469.99983853 39483469.99983853 39483469.99983853
 39483469.99983853 39483469.99983853 39483469.99983853 39483469.99983853
 39483469.99983853 39483469.99983853 39483469.99983853 39483469.99983853]"
3723.883252986123	2.0	trials	7.0	0.0	0.0	0.0	0.0	False	40.0	1.86	0.005	"[39540792.18388209 39540792.18388209 39540792.18388209 39540792.18388209
 39540792.18388209 39540792.18388209 39540792.18388209 39540792.18388209
 39540792.18388209 39540792.18388209 39540792.18388209 39540792.18388209
 39540792.18388209 39540792.18388209 39540792.18388209 39540792.18388209
 39540792.18388209 39540792.18388209 39540792.18388209 39540792.18388209]"
3731.491056612443	2.0	trials	7.0	0.0	0.0	0.0	0.0	False	40.0	1.86	0.005	"[39608136.40010325 39608136.40010325 39608136.40010325 39608136.40010325
 39608136.40010325 39608136.40010325 39608136.40010325 39608136.40010325
 39608136.40010325 39608136.40010325 39608136.40010325 39608136.40010325
 39608136.40010325 39608136.40010325 39608136.40010325 39608136.40010325
 39608136.40010325 39608136.40010325 39608136.40010325 39608136.40010325]"
3738.8350801918473	2.0	trials	7.0	0.0	0.0	0.0	0.0	False	40.0	1.86	0.005	"[39661847.57255297 39661847.57255297 39661847.57255297 39661847.57255297
 39661847.57255297 39661847.57255297 39661847.57255297 39661847.57255297
 39661847.57255297 39661847.57255297 39661847.57255297 39661847.57255297
 39661847.57255297 39661847.57255297 39661847.57255297 39661847.57255297
 39661847.57255297 39661847.57255297 39661847.57255297 39661847.57255297]"
3744.402714067809	2.0	trials	7.0	0.0	0.0	0.0	0.0	False	40.0	1.86	0.005	"[39713613.7387579 39713613.7387579 39713613.7387579 39713613.7387579
 39713613.7387579 39713613.7387579 39713613.7387579 39713613.7387579
 39713613.7387579 39713613.7387579 39713613.7387579 39713613.7387579
 39713613.7387579 39713613.7387579 39713613.7387579 39713613.7387579
 39713613.7387579 39713613.7387579 39713613.7387579 39713613.7387579]"
3751.611262012242	2.0	trials	7.0	0.0	0.0	0.0	0.0	False	40.0	1.86	0.005	"[39785643.97002438 39785643.97002438 39785643.97002438 39785643.97002438
 39785643.97002438 39785643.97002438 39785643.97002438 39785643.97002438
 39785643.97002438 39785643.97002438 39785643.97002438 39785643.97002438
 39785643.97002438 39785643.97002438 39785643.97002438 39785643.97002438
 39785643.97002438 39785643.97002438 39785643.97002438 39785643.97002438]"
3757.5791019731428	2.0	trials	7.0	0.0	0.0	0.0	0.0	False	40.0	1.86	0.005	"[39867385.23246994 39867385.23246994 39867385.23246994 39867385.23246994
 39867385.23246994 39867385.23246994 39867385.23246994 39867385.23246994
 39867385.23246994 39867385.23246994 39867385.23246994 39867385.23246994
 39867385.23246994 39867385.23246994 39867385.23246994 39867385.23246994
 39867385.23246994 39867385.23246994 39867385.23246994 39867385.23246994]"
3770.97209537393	2.0	trials	7.0	0.0	0.0	0.0	0.0	False	40.0	1.86	0.005	"[39931980.4398649 39931980.4398649 39931980.4398649 39931980.4398649
 39931980.4398649 39931980.4398649 39931980.4398649 39931980.4398649
 39931980.4398649 39931980.4398649 39931980.4398649 39931980.4398649
 39931980.4398649 39931980.4398649 39931980.4398649 39931980.4398649
 39931980.4398649 39931980.4398649 39931980.4398649 39931980.4398649]"
3778.765227595283	2.0	trials	7.0	0.0	0.0	0.0	0.0	False	40.0	1.86	0.005	"[39989520.62460838 39989520.62460838 39989520.62460838 39989520.62460838
 39989520.62460838 39989520.62460838 39989520.62460838 39989520.62460838
 39989520.62460838 39989520.62460838 39989520.62460838 39989520.62460838
 39989520.62460838 39989520.62460838 39989520.62460838 39989520.62460838
 39989520.62460838 39989520.62460838 39989520.62460838 39989520.62460838]"
3785.5994031377218	2.0	trials	7.0	0.0	0.0	0.0	0.0	False	40.0	1.86	0.005	"[40041355.79103485 40041355.79103485 40041355.79103485 40041355.79103485
 40041355.79103485 40041355.79103485 40041355.79103485 40041355.79103485
 40041355.79103485 40041355.79103485 40041355.79103485 40041355.79103485
 40041355.79103485 40041355.79103485 40041355.79103485 40041355.79103485
 40041355.79103485 40041355.79103485 40041355.79103485 40041355.79103485]"
3793.7053907635573	2.0	trials	7.0	0.0	0.0	0.0	0.0	False	40.0	1.86	0.005	"[40117299.03486478 40117299.03486478 40117299.03486478 40117299.03486478
 40117299.03486478 40117299.03486478 40117299.03486478 40117299.03486478
 40117299.03486478 40117299.03486478 40117299.03486478 40117299.03486478
 40117299.03486478 40117299.03486478 40117299.03486478 40117299.03486478
 40117299.03486478 40117299.03486478 40117299.03486478 40117299.03486478]"
3799.945305198006	2.0	trials	7.0	0.0	0.0	0.0	0.0	False	40.0	1.86	0.005	"[40196501.28915838 40196501.28915838 40196501.28915838 40196501.28915838
 40196501.28915838 40196501.28915838 40196501.28915838 40196501.28915838
 40196501.28915838 40196501.28915838 40196501.28915838 40196501.28915838
 40196501.28915838 40196501.28915838 40196501.28915838 40196501.28915838
 40196501.28915838 40196501.28915838 40196501.28915838 40196501.28915838]"
3805.6218898237753	2.0	trials	7.0	0.0	0.0	0.0	0.0	False	40.0	1.86	0.005	"[40270851.52787368 40270851.52787368 40270851.52787368 40270851.52787368
 40270851.52787368 40270851.52787368 40270851.52787368 40270851.52787368
 40270851.52787368 40270851.52787368 40270851.52787368 40270851.52787368
 40270851.52787368 40270851.52787368 40270851.52787368 40270851.52787368
 40270851.52787368 40270851.52787368 40270851.52787368 40270851.52787368]"
3810.025625562818	2.0	trials	7.0	0.0	0.0	0.0	0.0	False	40.0	1.86	0.005	"[40326774.70742548 40326774.70742548 40326774.70742548 40326774.70742548
 40326774.70742548 40326774.70742548 40326774.70742548 40326774.70742548
 40326774.70742548 40326774.70742548 40326774.70742548 40326774.70742548
 40326774.70742548 40326774.70742548 40326774.70742548 40326774.70742548
 40326774.70742548 40326774.70742548 40326774.70742548 40326774.70742548]"
3814.17802289489	2.0	trials	7.0	0.0	0.0	0.0	0.0	False	40.0	1.86	0.005	"[40400076.94277596 40400076.94277596 40400076.94277596 40400076.94277596
 40400076.94277596 40400076.94277596 40400076.94277596 40400076.94277596
 40400076.94277596 40400076.94277596 40400076.94277596 40400076.94277596
 40400076.94277596 40400076.94277596 40400076.94277596 40400076.94277596
 40400076.94277596 40400076.94277596 40400076.94277596 40400076.94277596]"
3818.4436045903626	2.0	trials	7.0	0.0	0.0	0.0	0.0	False	40.0	1.86	0.005	"[40468486.16241651 40468486.16241651 40468486.16241651 40468486.16241651
 40468486.16241651 40468486.16241651 40468486.16241651 40468486.16241651
 40468486.16241651 40468486.16241651 40468486.16241651 40468486.16241651
 40468486.16241651 40468486.16241651 40468486.16241651 40468486.16241651
 40468486.16241651 40468486.16241651 40468486.16241651 40468486.16241651]"
3823.6103411791664	2.0	trials	7.0	0.0	0.0	0.0	0.0	False	40.0	1.86	0.005	"[40527025.35036749 40527025.35036749 40527025.35036749 40527025.35036749
 40527025.35036749 40527025.35036749 40527025.35036749 40527025.35036749
 40527025.35036749 40527025.35036749 40527025.35036749 40527025.35036749
 40527025.35036749 40527025.35036749 40527025.35036749 40527025.35036749
 40527025.35036749 40527025.35036749 40527025.35036749 40527025.35036749]"
3828.5240113554514	2.0	trials	7.0	0.0	0.0	0.0	0.0	False	40.0	1.86	0.005	"[40619107.64601486 40619107.64601486 40619107.64601486 40619107.64601486
 40619107.64601486 40619107.64601486 40619107.64601486 40619107.64601486
 40619107.64601486 40619107.64601486 40619107.64601486 40619107.64601486
 40619107.64601486 40619107.64601486 40619107.64601486 40619107.64601486
 40619107.64601486 40619107.64601486 40619107.64601486 40619107.64601486]"
3836.0417858927162	2.0	trials	7.0	0.0	0.0	0.0	0.0	False	40.0	1.86	0.005	"[40693648.8853434 40693648.8853434 40693648.8853434 40693648.8853434
 40693648.8853434 40693648.8853434 40693648.8853434 40693648.8853434
 40693648.8853434 40693648.8853434 40693648.8853434 40693648.8853434
 40693648.8853434 40693648.8853434 40693648.8853434 40693648.8853434
 40693648.8853434 40693648.8853434 40693648.8853434 40693648.8853434]"
3840.975760134191	2.0	trials	7.0	0.0	0.0	0.0	0.0	False	40.0	1.86	0.005	"[40762857.1075493 40762857.1075493 40762857.1075493 40762857.1075493
 40762857.1075493 40762857.1075493 40762857.1075493 40762857.1075493
 40762857.1075493 40762857.1075493 40762857.1075493 40762857.1075493
 40762857.1075493 40762857.1075493 40762857.1075493 40762857.1075493
 40762857.1075493 40762857.1075493 40762857.1075493 40762857.1075493]"
3848.408343997935	2.0	trials	7.0	0.0	0.0	0.0	0.0	False	40.0	1.86	0.005	"[40843796.36741988 40843796.36741988 40843796.36741988 40843796.36741988
 40843796.36741988 40843796.36741988 40843796.36741988 40843796.36741988
 40843796.36741988 40843796.36741988 40843796.36741988 40843796.36741988
 40843796.36741988 40843796.36741988 40843796.36741988 40843796.36741988
 40843796.36741988 40843796.36741988 40843796.36741988 40843796.36741988]"
3855.93242575545	2.0	trials	7.0	0.0	0.0	0.0	0.0	False	40.0	1.86	0.005	"[40925081.62840136 40925081.62840136 40925081.62840136 40925081.62840136
 40925081.62840136 40925081.62840136 40925081.62840136 40925081.62840136
 40925081.62840136 40925081.62840136 40925081.62840136 40925081.62840136
 40925081.62840136 40925081.62840136 40925081.62840136 40925081.62840136
 40925081.62840136 40925081.62840136 40925081.62840136 40925081.62840136]"
3861.6080599781685	2.0	trials	7.0	0.0	0.0	0.0	0.0	False	40.0	1.86	0.005	"[41002451.87681296 41002451.87681296 41002451.87681296 41002451.87681296
 41002451.87681296 41002451.87681296 41002451.87681296 41002451.87681296
 41002451.87681296 41002451.87681296 41002451.87681296 41002451.87681296
 41002451.87681296 41002451.87681296 41002451.87681296 41002451.87681296
 41002451.87681296 41002451.87681296 41002451.87681296 41002451.87681296]"
3868.0276869896175	2.0	trials	7.0	0.0	0.0	0.0	0.0	False	40.0	1.86	0.005	"[41050293.0304159 41050293.0304159 41050293.0304159 41050293.0304159
 41050293.0304159 41050293.0304159 41050293.0304159 41050293.0304159
 41050293.0304159 41050293.0304159 41050293.0304159 41050293.0304159
 41050293.0304159 41050293.0304159 41050293.0304159 41050293.0304159
 41050293.0304159 41050293.0304159 41050293.0304159 41050293.0304159]"
3876.0080486121074	2.0	trials	7.0	0.0	0.0	0.0	0.0	False	40.0	1.86	0.005	"[41138555.31379841 41138555.31379841 41138555.31379841 41138555.31379841
 41138555.31379841 41138555.31379841 41138555.31379841 41138555.31379841
 41138555.31379841 41138555.31379841 41138555.31379841 41138555.31379841
 41138555.31379841 41138555.31379841 41138555.31379841 41138555.31379841
 41138555.31379841 41138555.31379841 41138555.31379841 41138555.31379841]"
3880.364091398023	2.0	trials	7.0	0.0	0.0	0.0	0.0	False	40.0	1.86	0.005	"[41194529.49351395 41194529.49351395 41194529.49351395 41194529.49351395
 41194529.49351395 41194529.49351395 41194529.49351395 41194529.49351395
 41194529.49351395 41194529.49351395 41194529.49351395 41194529.49351395
 41194529.49351395 41194529.49351395 41194529.49351395 41194529.49351395
 41194529.49351395 41194529.49351395 41194529.49351395 41194529.49351395]"
3885.8667522653764	2.0	trials	7.0	0.0	0.0	0.0	0.0	False	40.0	1.86	0.005	"[41243212.6498203 41243212.6498203 41243212.6498203 41243212.6498203
 41243212.6498203 41243212.6498203 41243212.6498203 41243212.6498203
 41243212.6498203 41243212.6498203 41243212.6498203 41243212.6498203
 41243212.6498203 41243212.6498203 41243212.6498203 41243212.6498203
 41243212.6498203 41243212.6498203 41243212.6498203 41243212.6498203]"
3891.21259662924	2.0	trials	7.0	0.0	0.0	0.0	0.0	False	40.0	1.86	0.005	"[41302380.8397908 41302380.8397908 41302380.8397908 41302380.8397908
 41302380.8397908 41302380.8397908 41302380.8397908 41302380.8397908
 41302380.8397908 41302380.8397908 41302380.8397908 41302380.8397908
 41302380.8397908 41302380.8397908 41302380.8397908 41302380.8397908
 41302380.8397908 41302380.8397908 41302380.8397908 41302380.8397908]"
3899.2133487171973	2.0	trials	7.0	0.0	0.0	0.0	0.0	False	40.0	1.86	0.005	"[41383282.09953938 41383282.09953938 41383282.09953938 41383282.09953938
 41383282.09953938 41383282.09953938 41383282.09953938 41383282.09953938
 41383282.09953938 41383282.09953938 41383282.09953938 41383282.09953938
 41383282.09953938 41383282.09953938 41383282.09953938 41383282.09953938
 41383282.09953938 41383282.09953938 41383282.09953938 41383282.09953938]"
3906.3803381281987	2.0	trials	7.0	0.0	0.0	0.0	0.0	False	40.0	1.86	0.005	"[41470168.37850396 41470168.37850396 41470168.37850396 41470168.37850396
 41470168.37850396 41470168.37850396 41470168.37850396 41470168.37850396
 41470168.37850396 41470168.37850396 41470168.37850396 41470168.37850396
 41470168.37850396 41470168.37850396 41470168.37850396 41470168.37850396
 41470168.37850396 41470168.37850396 41470168.37850396 41470168.37850396]"
3911.1565454631327	2.0	trials	7.0	0.0	0.0	0.0	0.0	False	40.0	1.86	0.005	"[41519811.53789258 41519811.53789258 41519811.53789258 41519811.53789258
 41519811.53789258 41519811.53789258 41519811.53789258 41519811.53789258
 41519811.53789258 41519811.53789258 41519811.53789258 41519811.53789258
 41519811.53789258 41519811.53789258 41519811.53789258 41519811.53789258
 41519811.53789258 41519811.53789258 41519811.53789258 41519811.53789258]"
3916.1967056455387	2.0	trials	7.0	0.0	0.0	0.0	0.0	False	40.0	1.86	0.005	"[41601473.80008449 41601473.80008449 41601473.80008449 41601473.80008449
 41601473.80008449 41601473.80008449 41601473.80008449 41601473.80008449
 41601473.80008449 41601473.80008449 41601473.80008449 41601473.80008449
 41601473.80008449 41601473.80008449 41601473.80008449 41601473.80008449
 41601473.80008449 41601473.80008449 41601473.80008449 41601473.80008449]"
3920.3248244996603	2.0	trials	7.0	0.0	0.0	0.0	0.0	False	40.0	1.86	0.005	"[41657008.97839054 41657008.97839054 41657008.97839054 41657008.97839054
 41657008.97839054 41657008.97839054 41657008.97839054 41657008.97839054
 41657008.97839054 41657008.97839054 41657008.97839054 41657008.97839054
 41657008.97839054 41657008.97839054 41657008.97839054 41657008.97839054
 41657008.97839054 41657008.97839054 41657008.97839054 41657008.97839054]"
3925.377253521457	2.0	trials	7.0	0.0	0.0	0.0	0.0	False	40.0	1.86	0.005	"[41720160.18114924 41720160.18114924 41720160.18114924 41720160.18114924
 41720160.18114924 41720160.18114924 41720160.18114924 41720160.18114924
 41720160.18114924 41720160.18114924 41720160.18114924 41720160.18114924
 41720160.18114924 41720160.18114924 41720160.18114924 41720160.18114924
 41720160.18114924 41720160.18114924 41720160.18114924 41720160.18114924]"
3943.2322164482584	2.0	trials	7.0	0.0	0.0	0.0	0.0	False	40.0	1.86	0.005	"[41802032.4440154 41802032.4440154 41802032.4440154 41802032.4440154
 41802032.4440154 41802032.4440154 41802032.4440154 41802032.4440154
 41802032.4440154 41802032.4440154 41802032.4440154 41802032.4440154
 41802032.4440154 41802032.4440154 41802032.4440154 41802032.4440154
 41802032.4440154 41802032.4440154 41802032.4440154 41802032.4440154]"
3948.8662921375444	2.0	trials	7.0	0.0	0.0	0.0	0.0	False	40.0	1.86	0.2	"[42054446.25443698 42054446.25443698 42054446.25443698 42054446.25443698
 42054446.25443698 42054446.25443698 42054446.25443698 42054446.25443698
 42054446.25443698 42054446.25443698 42054446.25443698 42054446.25443698
 42054446.25443698 42054446.25443698 42054446.25443698 42054446.25443698
 42054446.25443698 42054446.25443698 42054446.25443698 42054446.25443698]"
3953.4799805506805	2.0	trials	7.0	0.0	0.0	0.0	0.0	False	40.0	1.86	0.2	"[42106667.42210278 42106667.42210278 42106667.42210278 42106667.42210278
 42106667.42210278 42106667.42210278 42106667.42210278 42106667.42210278
 42106667.42210278 42106667.42210278 42106667.42210278 42106667.42210278
 42106667.42210278 42106667.42210278 42106667.42210278 42106667.42210278
 42106667.42210278 42106667.42210278 42106667.42210278 42106667.42210278]"
3958.7899687994213	2.0	trials	7.0	0.0	0.0	0.0	0.0	False	40.0	1.86	0.2	"[42165862.61215997 42165862.61215997 42165862.61215997 42165862.61215997
 42165862.61215997 42165862.61215997 42165862.61215997 42165862.61215997
 42165862.61215997 42165862.61215997 42165862.61215997 42165862.61215997
 42165862.61215997 42165862.61215997 42165862.61215997 42165862.61215997
 42165862.61215997 42165862.61215997 42165862.61215997 42165862.61215997]"
3966.903127648282	2.0	trials	8.0	0.0	0.0	0.0	0.0	False	40.0	1.86	0.2	"[42215906.77283608 42215906.77283608 42215906.77283608 42215906.77283608
 42215906.77283608 42215906.77283608 42215906.77283608 42215906.77283608
 42215906.77283608 42215906.77283608 42215906.77283608 42215906.77283608
 42215906.77283608 42215906.77283608 42215906.77283608 42215906.77283608
 42215906.77283608 42215906.77283608 42215906.77283608 42215906.77283608]"
3974.3576571824865	2.0	trials	8.0	0.0	0.0	0.0	0.0	False	40.0	1.86	0.2	"[42304448.05711438 42304448.05711438 42304448.05711438 42304448.05711438
 42304448.05711438 42304448.05711438 42304448.05711438 42304448.05711438
 42304448.05711438 42304448.05711438 42304448.05711438 42304448.05711438
 42304448.05711438 42304448.05711438 42304448.05711438 42304448.05711438
 42304448.05711438 42304448.05711438 42304448.05711438 42304448.05711438]"
3978.674560642737	2.0	trials	8.0	0.0	0.0	0.0	0.0	False	40.0	1.86	0.2	"[42396280.35195907 42396280.35195907 42396280.35195907 42396280.35195907
 42396280.35195907 42396280.35195907 42396280.35195907 42396280.35195907
 42396280.35195907 42396280.35195907 42396280.35195907 42396280.35195907
 42396280.35195907 42396280.35195907 42396280.35195907 42396280.35195907
 42396280.35195907 42396280.35195907 42396280.35195907 42396280.35195907]"
3984.8421580449976	2.0	trials	8.0	0.0	0.0	0.0	0.0	False	40.0	1.86	0.2	"[42460357.55769088 42460357.55769088 42460357.55769088 42460357.55769088
 42460357.55769088 42460357.55769088 42460357.55769088 42460357.55769088
 42460357.55769088 42460357.55769088 42460357.55769088 42460357.55769088
 42460357.55769088 42460357.55769088 42460357.55769088 42460357.55769088
 42460357.55769088 42460357.55769088 42460357.55769088 42460357.55769088]"
3990.950484856958	2.0	trials	8.0	0.0	0.0	0.0	0.0	False	40.0	1.86	0.2	"[42515196.73376228 42515196.73376228 42515196.73376228 42515196.73376228
 42515196.73376228 42515196.73376228 42515196.73376228 42515196.73376228
 42515196.73376228 42515196.73376228 42515196.73376228 42515196.73376228
 42515196.73376228 42515196.73376228 42515196.73376228 42515196.73376228
 42515196.73376228 42515196.73376228 42515196.73376228 42515196.73376228]"
3995.8163756798385	2.0	trials	8.0	0.0	0.0	0.0	0.0	False	40.0	1.86	0.2	"[42581256.94586091 42581256.94586091 42581256.94586091 42581256.94586091
 42581256.94586091 42581256.94586091 42581256.94586091 42581256.94586091
 42581256.94586091 42581256.94586091 42581256.94586091 42581256.94586091
 42581256.94586091 42581256.94586091 42581256.94586091 42581256.94586091
 42581256.94586091 42581256.94586091 42581256.94586091 42581256.94586091]"
4003.92253610623	2.0	trials	8.0	0.0	0.0	0.0	0.0	False	40.0	1.86	0.2	"[42651747.17218291 42651747.17218291 42651747.17218291 42651747.17218291
 42651747.17218291 42651747.17218291 42651747.17218291 42651747.17218291
 42651747.17218291 42651747.17218291 42651747.17218291 42651747.17218291
 42651747.17218291 42651747.17218291 42651747.17218291 42651747.17218291
 42651747.17218291 42651747.17218291 42651747.17218291 42651747.17218291]"
4009.6647849428264	2.0	trials	8.0	0.0	0.0	0.0	0.0	False	40.0	1.86	0.2	"[42700362.32827093 42700362.32827093 42700362.32827093 42700362.32827093
 42700362.32827093 42700362.32827093 42700362.32827093 42700362.32827093
 42700362.32827093 42700362.32827093 42700362.32827093 42700362.32827093
 42700362.32827093 42700362.32827093 42700362.32827093 42700362.32827093
 42700362.32827093 42700362.32827093 42700362.32827093 42700362.32827093]"
4015.069640696158	2.0	trials	8.0	0.0	0.0	0.0	0.0	False	40.0	1.86	0.2	"[42774806.56728803 42774806.56728803 42774806.56728803 42774806.56728803
 42774806.56728803 42774806.56728803 42774806.56728803 42774806.56728803
 42774806.56728803 42774806.56728803 42774806.56728803 42774806.56728803
 42774806.56728803 42774806.56728803 42774806.56728803 42774806.56728803
 42774806.56728803 42774806.56728803 42774806.56728803 42774806.56728803]"
4022.6965387837845	2.0	trials	8.0	0.0	0.0	0.0	0.0	False	40.0	1.86	0.2	"[42832239.75168798 42832239.75168798 42832239.75168798 42832239.75168798
 42832239.75168798 42832239.75168798 42832239.75168798 42832239.75168798
 42832239.75168798 42832239.75168798 42832239.75168798 42832239.75168798
 42832239.75168798 42832239.75168798 42832239.75168798 42832239.75168798
 42832239.75168798 42832239.75168798 42832239.75168798 42832239.75168798]"
4029.7472334213994	2.0	trials	8.0	0.0	0.0	0.0	0.0	False	40.0	1.86	0.2	"[42918414.02836656 42918414.02836656 42918414.02836656 42918414.02836656
 42918414.02836656 42918414.02836656 42918414.02836656 42918414.02836656
 42918414.02836656 42918414.02836656 42918414.02836656 42918414.02836656
 42918414.02836656 42918414.02836656 42918414.02836656 42918414.02836656
 42918414.02836656 42918414.02836656 42918414.02836656 42918414.02836656]"
4037.5060647326222	2.0	trials	8.0	0.0	0.0	0.0	0.0	False	40.0	1.86	0.2	"[42966543.18289418 42966543.18289418 42966543.18289418 42966543.18289418
 42966543.18289418 42966543.18289418 42966543.18289418 42966543.18289418
 42966543.18289418 42966543.18289418 42966543.18289418 42966543.18289418
 42966543.18289418 42966543.18289418 42966543.18289418 42966543.18289418
 42966543.18289418 42966543.18289418 42966543.18289418 42966543.18289418]"
4041.7771760458495	2.0	trials	8.0	0.0	0.0	0.0	0.0	False	40.0	1.86	0.2	"[43027303.37797611 43027303.37797611 43027303.37797611 43027303.37797611
 43027303.37797611 43027303.37797611 43027303.37797611 43027303.37797611
 43027303.37797611 43027303.37797611 43027303.37797611 43027303.37797611
 43027303.37797611 43027303.37797611 43027303.37797611 43027303.37797611
 43027303.37797611 43027303.37797611 43027303.37797611 43027303.37797611]"
4046.5948555139375	2.0	trials	8.0	0.0	0.0	0.0	0.0	False	40.0	1.86	0.2	"[43100500.61298947 43100500.61298947 43100500.61298947 43100500.61298947
 43100500.61298947 43100500.61298947 43100500.61298947 43100500.61298947
 43100500.61298947 43100500.61298947 43100500.61298947 43100500.61298947
 43100500.61298947 43100500.61298947 43100500.61298947 43100500.61298947
 43100500.61298947 43100500.61298947 43100500.61298947 43100500.61298947]"
4052.0550074448083	2.0	trials	8.0	0.0	0.0	0.0	0.0	False	40.0	1.86	0.2	"[43188553.89570095 43188553.89570095 43188553.89570095 43188553.89570095
 43188553.89570095 43188553.89570095 43188553.89570095 43188553.89570095
 43188553.89570095 43188553.89570095 43188553.89570095 43188553.89570095
 43188553.89570095 43188553.89570095 43188553.89570095 43188553.89570095
 43188553.89570095 43188553.89570095 43188553.89570095 43188553.89570095]"
4056.5072137394745	2.0	trials	8.0	0.0	0.0	0.0	0.0	False	40.0	1.86	0.2	"[43273554.16861017 43273554.16861017 43273554.16861017 43273554.16861017
 43273554.16861017 43273554.16861017 43273554.16861017 43273554.16861017
 43273554.16861017 43273554.16861017 43273554.16861017 43273554.16861017
 43273554.16861017 43273554.16861017 43273554.16861017 43273554.16861017
 43273554.16861017 43273554.16861017 43273554.16861017 43273554.16861017]"
4062.3858886140947	2.0	trials	8.0	0.0	0.0	0.0	0.0	False	40.0	1.86	0.2	"[43337994.37550747 43337994.37550747 43337994.37550747 43337994.37550747
 43337994.37550747 43337994.37550747 43337994.37550747 43337994.37550747
 43337994.37550747 43337994.37550747 43337994.37550747 43337994.37550747
 43337994.37550747 43337994.37550747 43337994.37550747 43337994.37550747
 43337994.37550747 43337994.37550747 43337994.37550747 43337994.37550747]"
4066.817358842183	2.0	trials	8.0	0.0	0.0	0.0	0.0	False	40.0	1.86	0.2	"[43421426.64338231 43421426.64338231 43421426.64338231 43421426.64338231
 43421426.64338231 43421426.64338231 43421426.64338231 43421426.64338231
 43421426.64338231 43421426.64338231 43421426.64338231 43421426.64338231
 43421426.64338231 43421426.64338231 43421426.64338231 43421426.64338231
 43421426.64338231 43421426.64338231 43421426.64338231 43421426.64338231]"
4073.601249423172	2.0	trials	8.0	0.0	0.0	0.0	0.0	False	40.0	1.86	0.2	"[43490498.86515155 43490498.86515155 43490498.86515155 43490498.86515155
 43490498.86515155 43490498.86515155 43490498.86515155 43490498.86515155
 43490498.86515155 43490498.86515155 43490498.86515155 43490498.86515155
 43490498.86515155 43490498.86515155 43490498.86515155 43490498.86515155
 43490498.86515155 43490498.86515155 43490498.86515155 43490498.86515155]"
4078.7729972280654	2.0	trials	8.0	0.0	0.0	0.0	0.0	False	40.0	1.86	0.2	"[43645510.36284486 43645510.36284486 43645510.36284486 43645510.36284486
 43645510.36284486 43645510.36284486 43645510.36284486 43645510.36284486
 43645510.36284486 43645510.36284486 43645510.36284486 43645510.36284486
 43645510.36284486 43645510.36284486 43645510.36284486 43645510.36284486
 43645510.36284486 43645510.36284486 43645510.36284486 43645510.36284486]"
4086.3651624041745	2.0	trials	8.0	0.0	0.0	0.0	0.0	False	40.0	1.86	0.2	"[43735708.65244327 43735708.65244327 43735708.65244327 43735708.65244327
 43735708.65244327 43735708.65244327 43735708.65244327 43735708.65244327
 43735708.65244327 43735708.65244327 43735708.65244327 43735708.65244327
 43735708.65244327 43735708.65244327 43735708.65244327 43735708.65244327
 43735708.65244327 43735708.65244327 43735708.65244327 43735708.65244327]"
4092.219213199734	2.0	trials	8.0	0.0	0.0	0.0	0.0	False	40.0	1.86	0.2	"[43814807.90640618 43814807.90640618 43814807.90640618 43814807.90640618
 43814807.90640618 43814807.90640618 43814807.90640618 43814807.90640618
 43814807.90640618 43814807.90640618 43814807.90640618 43814807.90640618
 43814807.90640618 43814807.90640618 43814807.90640618 43814807.90640618
 43814807.90640618 43814807.90640618 43814807.90640618 43814807.90640618]"
4100.039647908747	2.0	trials	8.0	0.0	0.0	0.0	0.0	False	40.0	1.86	0.2	"[43908627.20763053 43908627.20763053 43908627.20763053 43908627.20763053
 43908627.20763053 43908627.20763053 43908627.20763053 43908627.20763053
 43908627.20763053 43908627.20763053 43908627.20763053 43908627.20763053
 43908627.20763053 43908627.20763053 43908627.20763053 43908627.20763053
 43908627.20763053 43908627.20763053 43908627.20763053 43908627.20763053]"
4107.621358651291	2.0	trials	8.0	0.0	0.0	0.0	0.0	False	40.0	1.86	0.2	"[43980848.43951026 43980848.43951026 43980848.43951026 43980848.43951026
 43980848.43951026 43980848.43951026 43980848.43951026 43980848.43951026
 43980848.43951026 43980848.43951026 43980848.43951026 43980848.43951026
 43980848.43951026 43980848.43951026 43980848.43951026 43980848.43951026
 43980848.43951026 43980848.43951026 43980848.43951026 43980848.43951026]"
4115.292234480116	2.0	trials	8.0	0.0	0.0	0.0	0.0	False	40.0	1.86	0.2	"[44046549.65045624 44046549.65045624 44046549.65045624 44046549.65045624
 44046549.65045624 44046549.65045624 44046549.65045624 44046549.65045624
 44046549.65045624 44046549.65045624 44046549.65045624 44046549.65045624
 44046549.65045624 44046549.65045624 44046549.65045624 44046549.65045624
 44046549.65045624 44046549.65045624 44046549.65045624 44046549.65045624]"
4119.44126220137	2.0	trials	8.0	0.0	0.0	0.0	0.0	False	40.0	1.86	0.2	"[44097518.81410224 44097518.81410224 44097518.81410224 44097518.81410224
 44097518.81410224 44097518.81410224 44097518.81410224 44097518.81410224
 44097518.81410224 44097518.81410224 44097518.81410224 44097518.81410224
 44097518.81410224 44097518.81410224 44097518.81410224 44097518.81410224
 44097518.81410224 44097518.81410224 44097518.81410224 44097518.81410224]"
4127.554248249676	2.0	trials	8.0	0.0	0.0	0.0	0.0	False	40.0	1.86	0.2	"[44145578.96840832 44145578.96840832 44145578.96840832 44145578.96840832
 44145578.96840832 44145578.96840832 44145578.96840832 44145578.96840832
 44145578.96840832 44145578.96840832 44145578.96840832 44145578.96840832
 44145578.96840832 44145578.96840832 44145578.96840832 44145578.96840832
 44145578.96840832 44145578.96840832 44145578.96840832 44145578.96840832]"
4132.350327648413	2.0	trials	8.0	0.0	0.0	0.0	0.0	False	40.0	1.86	0.2	"[44194949.12692042 44194949.12692042 44194949.12692042 44194949.12692042
 44194949.12692042 44194949.12692042 44194949.12692042 44194949.12692042
 44194949.12692042 44194949.12692042 44194949.12692042 44194949.12692042
 44194949.12692042 44194949.12692042 44194949.12692042 44194949.12692042
 44194949.12692042 44194949.12692042 44194949.12692042 44194949.12692042]"
4138.068470807614	2.0	trials	8.0	0.0	0.0	0.0	0.0	False	40.0	1.86	0.2	"[44254749.31892008 44254749.31892008 44254749.31892008 44254749.31892008
 44254749.31892008 44254749.31892008 44254749.31892008 44254749.31892008
 44254749.31892008 44254749.31892008 44254749.31892008 44254749.31892008
 44254749.31892008 44254749.31892008 44254749.31892008 44254749.31892008
 44254749.31892008 44254749.31892008 44254749.31892008 44254749.31892008]"
4145.385969501855	2.0	trials	8.0	0.0	0.0	0.0	0.0	False	40.0	1.86	0.2	"[44311620.50151561 44311620.50151561 44311620.50151561 44311620.50151561
 44311620.50151561 44311620.50151561 44311620.50151561 44311620.50151561
 44311620.50151561 44311620.50151561 44311620.50151561 44311620.50151561
 44311620.50151561 44311620.50151561 44311620.50151561 44311620.50151561
 44311620.50151561 44311620.50151561 44311620.50151561 44311620.50151561]"
4152.159664850109	2.0	trials	8.0	0.0	0.0	0.0	0.0	False	40.0	1.86	0.2	"[44398631.78088155 44398631.78088155 44398631.78088155 44398631.78088155
 44398631.78088155 44398631.78088155 44398631.78088155 44398631.78088155
 44398631.78088155 44398631.78088155 44398631.78088155 44398631.78088155
 44398631.78088155 44398631.78088155 44398631.78088155 44398631.78088155
 44398631.78088155 44398631.78088155 44398631.78088155 44398631.78088155]"
4157.270500459433	2.0	trials	8.0	0.0	0.0	0.0	0.0	False	40.0	1.86	0.2	"[44455737.96423159 44455737.96423159 44455737.96423159 44455737.96423159
 44455737.96423159 44455737.96423159 44455737.96423159 44455737.96423159
 44455737.96423159 44455737.96423159 44455737.96423159 44455737.96423159
 44455737.96423159 44455737.96423159 44455737.96423159 44455737.96423159
 44455737.96423159 44455737.96423159 44455737.96423159 44455737.96423159]"
4162.377707257105	2.0	trials	8.0	0.0	0.0	0.0	0.0	False	40.0	1.86	0.2	"[44541763.24043177 44541763.24043177 44541763.24043177 44541763.24043177
 44541763.24043177 44541763.24043177 44541763.24043177 44541763.24043177
 44541763.24043177 44541763.24043177 44541763.24043177 44541763.24043177
 44541763.24043177 44541763.24043177 44541763.24043177 44541763.24043177
 44541763.24043177 44541763.24043177 44541763.24043177 44541763.24043177]"
4168.450609955329	2.0	trials	8.0	0.0	0.0	0.0	0.0	False	40.0	1.86	0.2	"[44628847.52003209 44628847.52003209 44628847.52003209 44628847.52003209
 44628847.52003209 44628847.52003209 44628847.52003209 44628847.52003209
 44628847.52003209 44628847.52003209 44628847.52003209 44628847.52003209
 44628847.52003209 44628847.52003209 44628847.52003209 44628847.52003209
 44628847.52003209 44628847.52003209 44628847.52003209 44628847.52003209]"
4176.430193975322	2.0	trials	8.0	0.0	0.0	0.0	0.0	False	40.0	1.86	0.2	"[44694537.73094276 44694537.73094276 44694537.73094276 44694537.73094276
 44694537.73094276 44694537.73094276 44694537.73094276 44694537.73094276
 44694537.73094276 44694537.73094276 44694537.73094276 44694537.73094276
 44694537.73094276 44694537.73094276 44694537.73094276 44694537.73094276
 44694537.73094276 44694537.73094276 44694537.73094276 44694537.73094276]"
4184.104093813858	2.0	trials	8.0	0.0	0.0	0.0	0.0	False	40.0	1.86	0.2	"[44768838.96950072 44768838.96950072 44768838.96950072 44768838.96950072
 44768838.96950072 44768838.96950072 44768838.96950072 44768838.96950072
 44768838.96950072 44768838.96950072 44768838.96950072 44768838.96950072
 44768838.96950072 44768838.96950072 44768838.96950072 44768838.96950072
 44768838.96950072 44768838.96950072 44768838.96950072 44768838.96950072]"
4192.198244601689	2.0	trials	8.0	0.0	0.0	0.0	0.0	False	40.0	1.86	0.2	"[44861204.26605672 44861204.26605672 44861204.26605672 44861204.26605672
 44861204.26605672 44861204.26605672 44861204.26605672 44861204.26605672
 44861204.26605672 44861204.26605672 44861204.26605672 44861204.26605672
 44861204.26605672 44861204.26605672 44861204.26605672 44861204.26605672
 44861204.26605672 44861204.26605672 44861204.26605672 44861204.26605672]"
4196.512901654727	2.0	trials	8.0	0.0	0.0	0.0	0.0	False	40.0	1.86	0.2	"[44911621.42793042 44911621.42793042 44911621.42793042 44911621.42793042
 44911621.42793042 44911621.42793042 44911621.42793042 44911621.42793042
 44911621.42793042 44911621.42793042 44911621.42793042 44911621.42793042
 44911621.42793042 44911621.42793042 44911621.42793042 44911621.42793042
 44911621.42793042 44911621.42793042 44911621.42793042 44911621.42793042]"
4200.770275323845	2.0	trials	8.0	0.0	0.0	0.0	0.0	False	40.0	1.86	0.2	"[44975309.63241328 44975309.63241328 44975309.63241328 44975309.63241328
 44975309.63241328 44975309.63241328 44975309.63241328 44975309.63241328
 44975309.63241328 44975309.63241328 44975309.63241328 44975309.63241328
 44975309.63241328 44975309.63241328 44975309.63241328 44975309.63241328
 44975309.63241328 44975309.63241328 44975309.63241328 44975309.63241328]"
4208.674172700832	2.0	trials	8.0	0.0	0.0	0.0	0.0	False	40.0	1.86	0.2	"[45037182.83106871 45037182.83106871 45037182.83106871 45037182.83106871
 45037182.83106871 45037182.83106871 45037182.83106871 45037182.83106871
 45037182.83106871 45037182.83106871 45037182.83106871 45037182.83106871
 45037182.83106871 45037182.83106871 45037182.83106871 45037182.83106871
 45037182.83106871 45037182.83106871 45037182.83106871 45037182.83106871]"
4214.752432216256	2.0	trials	8.0	0.0	0.0	0.0	0.0	False	40.0	1.86	0.2	"[45129784.12838244 45129784.12838244 45129784.12838244 45129784.12838244
 45129784.12838244 45129784.12838244 45129784.12838244 45129784.12838244
 45129784.12838244 45129784.12838244 45129784.12838244 45129784.12838244
 45129784.12838244 45129784.12838244 45129784.12838244 45129784.12838244
 45129784.12838244 45129784.12838244 45129784.12838244 45129784.12838244]"
4221.172404828816	2.0	trials	8.0	0.0	0.0	0.0	0.0	False	40.0	1.86	0.2	"[45212735.39471294 45212735.39471294 45212735.39471294 45212735.39471294
 45212735.39471294 45212735.39471294 45212735.39471294 45212735.39471294
 45212735.39471294 45212735.39471294 45212735.39471294 45212735.39471294
 45212735.39471294 45212735.39471294 45212735.39471294 45212735.39471294
 45212735.39471294 45212735.39471294 45212735.39471294 45212735.39471294]"
4228.462428234841	2.0	trials	8.0	0.0	0.0	0.0	0.0	False	40.0	1.86	0.2	"[45268015.57220025 45268015.57220025 45268015.57220025 45268015.57220025
 45268015.57220025 45268015.57220025 45268015.57220025 45268015.57220025
 45268015.57220025 45268015.57220025 45268015.57220025 45268015.57220025
 45268015.57220025 45268015.57220025 45268015.57220025 45268015.57220025
 45268015.57220025 45268015.57220025 45268015.57220025 45268015.57220025]"
4235.82425027139	2.0	trials	8.0	0.0	0.0	0.0	0.0	False	40.0	1.86	0.2	"[45326350.75949624 45326350.75949624 45326350.75949624 45326350.75949624
 45326350.75949624 45326350.75949624 45326350.75949624 45326350.75949624
 45326350.75949624 45326350.75949624 45326350.75949624 45326350.75949624
 45326350.75949624 45326350.75949624 45326350.75949624 45326350.75949624
 45326350.75949624 45326350.75949624 45326350.75949624 45326350.75949624]"
4243.636649754605	2.0	trials	8.0	0.0	0.0	0.0	0.0	False	40.0	1.86	0.2	"[45374129.91290012 45374129.91290012 45374129.91290012 45374129.91290012
 45374129.91290012 45374129.91290012 45374129.91290012 45374129.91290012
 45374129.91290012 45374129.91290012 45374129.91290012 45374129.91290012
 45374129.91290012 45374129.91290012 45374129.91290012 45374129.91290012
 45374129.91290012 45374129.91290012 45374129.91290012 45374129.91290012]"
4249.312456777878	2.0	trials	8.0	0.0	0.0	0.0	0.0	False	40.0	1.86	0.2	"[45432607.10065202 45432607.10065202 45432607.10065202 45432607.10065202
 45432607.10065202 45432607.10065202 45432607.10065202 45432607.10065202
 45432607.10065202 45432607.10065202 45432607.10065202 45432607.10065202
 45432607.10065202 45432607.10065202 45432607.10065202 45432607.10065202
 45432607.10065202 45432607.10065202 45432607.10065202 45432607.10065202]"
4319.101416848788	2.0	trials	8.0	0.0	0.0	0.0	0.0	False	40.0	1.86	0.2	"[45639261.76415534 45639261.76415534 45639261.76415534 45639261.76415534
 45639261.76415534 45639261.76415534 45639261.76415534 45639261.76415534
 45639261.76415534 45639261.76415534 45639261.76415534 45639261.76415534
 45639261.76415534 45639261.76415534 45639261.76415534 45639261.76415534
 45639261.76415534 45639261.76415534 45639261.76415534 45639261.76415534]"
4326.023807074457	2.0	trials	8.0	0.0	0.0	0.0	0.0	False	40.0	1.86	0.2	"[45704470.97352166 45704470.97352166 45704470.97352166 45704470.97352166
 45704470.97352166 45704470.97352166 45704470.97352166 45704470.97352166
 45704470.97352166 45704470.97352166 45704470.97352166 45704470.97352166
 45704470.97352166 45704470.97352166 45704470.97352166 45704470.97352166
 45704470.97352166 45704470.97352166 45704470.97352166 45704470.97352166]"
4332.289727992404	2.0	trials	8.0	0.0	0.0	0.0	0.0	False	40.0	1.86	0.2	"[45757870.14496966 45757870.14496966 45757870.14496966 45757870.14496966
 45757870.14496966 45757870.14496966 45757870.14496966 45757870.14496966
 45757870.14496966 45757870.14496966 45757870.14496966 45757870.14496966
 45757870.14496966 45757870.14496966 45757870.14496966 45757870.14496966
 45757870.14496966 45757870.14496966 45757870.14496966 45757870.14496966]"
4338.930021312345	2.0	trials	8.0	0.0	0.0	0.0	0.0	False	40.0	1.86	0.2	"[45819328.34229265 45819328.34229265 45819328.34229265 45819328.34229265
 45819328.34229265 45819328.34229265 45819328.34229265 45819328.34229265
 45819328.34229265 45819328.34229265 45819328.34229265 45819328.34229265
 45819328.34229265 45819328.34229265 45819328.34229265 45819328.34229265
 45819328.34229265 45819328.34229265 45819328.34229265 45819328.34229265]"
4344.5251304765225	2.0	trials	7.0	0.0	0.0	0.0	0.0	False	40.0	1.86	0.2	"[45913230.64378349 45913230.64378349 45913230.64378349 45913230.64378349
 45913230.64378349 45913230.64378349 45913230.64378349 45913230.64378349
 45913230.64378349 45913230.64378349 45913230.64378349 45913230.64378349
 45913230.64378349 45913230.64378349 45913230.64378349 45913230.64378349
 45913230.64378349 45913230.64378349 45913230.64378349 45913230.64378349]"
4352.165075006037	2.0	trials	7.0	0.0	0.0	0.0	0.0	False	40.0	1.86	0.2	"[45999509.9207992 45999509.9207992 45999509.9207992 45999509.9207992
 45999509.9207992 45999509.9207992 45999509.9207992 45999509.9207992
 45999509.9207992 45999509.9207992 45999509.9207992 45999509.9207992
 45999509.9207992 45999509.9207992 45999509.9207992 45999509.9207992
 45999509.9207992 45999509.9207992 45999509.9207992 45999509.9207992]"
4358.97644087524	2.0	trials	7.0	0.0	0.0	0.0	0.0	False	40.0	1.86	0.2	"[46049474.08121844 46049474.08121844 46049474.08121844 46049474.08121844
 46049474.08121844 46049474.08121844 46049474.08121844 46049474.08121844
 46049474.08121844 46049474.08121844 46049474.08121844 46049474.08121844
 46049474.08121844 46049474.08121844 46049474.08121844 46049474.08121844
 46049474.08121844 46049474.08121844 46049474.08121844 46049474.08121844]"
4363.241936170436	2.0	trials	7.0	0.0	0.0	0.0	0.0	False	40.0	1.86	0.2	"[46120858.31041082 46120858.31041082 46120858.31041082 46120858.31041082
 46120858.31041082 46120858.31041082 46120858.31041082 46120858.31041082
 46120858.31041082 46120858.31041082 46120858.31041082 46120858.31041082
 46120858.31041082 46120858.31041082 46120858.31041082 46120858.31041082
 46120858.31041082 46120858.31041082 46120858.31041082 46120858.31041082]"
4370.6307150935345	2.0	trials	7.0	0.0	0.0	0.0	0.0	False	40.0	1.86	0.2	"[46191556.53740065 46191556.53740065 46191556.53740065 46191556.53740065
 46191556.53740065 46191556.53740065 46191556.53740065 46191556.53740065
 46191556.53740065 46191556.53740065 46191556.53740065 46191556.53740065
 46191556.53740065 46191556.53740065 46191556.53740065 46191556.53740065
 46191556.53740065 46191556.53740065 46191556.53740065 46191556.53740065]"
4377.225561867561	2.0	trials	7.0	0.0	0.0	0.0	0.0	False	40.0	1.86	0.2	"[46247874.71822067 46247874.71822067 46247874.71822067 46247874.71822067
 46247874.71822067 46247874.71822067 46247874.71822067 46247874.71822067
 46247874.71822067 46247874.71822067 46247874.71822067 46247874.71822067
 46247874.71822067 46247874.71822067 46247874.71822067 46247874.71822067
 46247874.71822067 46247874.71822067 46247874.71822067 46247874.71822067]"
4385.135507263966	2.0	trials	7.0	0.0	0.0	0.0	0.0	False	40.0	1.86	0.2	"[46341696.01945145 46341696.01945145 46341696.01945145 46341696.01945145
 46341696.01945145 46341696.01945145 46341696.01945145 46341696.01945145
 46341696.01945145 46341696.01945145 46341696.01945145 46341696.01945145
 46341696.01945145 46341696.01945145 46341696.01945145 46341696.01945145
 46341696.01945145 46341696.01945145 46341696.01945145 46341696.01945145]"
4389.269760537783	2.0	trials	7.0	0.0	0.0	0.0	0.0	False	40.0	1.86	0.2	"[46408157.23283755 46408157.23283755 46408157.23283755 46408157.23283755
 46408157.23283755 46408157.23283755 46408157.23283755 46408157.23283755
 46408157.23283755 46408157.23283755 46408157.23283755 46408157.23283755
 46408157.23283755 46408157.23283755 46408157.23283755 46408157.23283755
 46408157.23283755 46408157.23283755 46408157.23283755 46408157.23283755]"
4394.209609998123	2.0	trials	7.0	0.0	0.0	0.0	0.0	False	40.0	1.86	0.2	"[46470713.4336859 46470713.4336859 46470713.4336859 46470713.4336859
 46470713.4336859 46470713.4336859 46470713.4336859 46470713.4336859
 46470713.4336859 46470713.4336859 46470713.4336859 46470713.4336859
 46470713.4336859 46470713.4336859 46470713.4336859 46470713.4336859
 46470713.4336859 46470713.4336859 46470713.4336859 46470713.4336859]"
4400.186349187596	2.0	trials	7.0	0.0	0.0	0.0	0.0	False	40.0	1.86	0.2	"[46558987.71710694 46558987.71710694 46558987.71710694 46558987.71710694
 46558987.71710694 46558987.71710694 46558987.71710694 46558987.71710694
 46558987.71710694 46558987.71710694 46558987.71710694 46558987.71710694
 46558987.71710694 46558987.71710694 46558987.71710694 46558987.71710694
 46558987.71710694 46558987.71710694 46558987.71710694 46558987.71710694]"
4406.280333553507	2.0	trials	7.0	0.0	0.0	0.0	0.0	False	40.0	1.86	0.2	"[46640592.97911584 46640592.97911584 46640592.97911584 46640592.97911584
 46640592.97911584 46640592.97911584 46640592.97911584 46640592.97911584
 46640592.97911584 46640592.97911584 46640592.97911584 46640592.97911584
 46640592.97911584 46640592.97911584 46640592.97911584 46640592.97911584
 46640592.97911584 46640592.97911584 46640592.97911584 46640592.97911584]"
4412.448794958543	2.0	trials	7.0	0.0	0.0	0.0	0.0	False	40.0	1.86	0.2	"[46730394.26743961 46730394.26743961 46730394.26743961 46730394.26743961
 46730394.26743961 46730394.26743961 46730394.26743961 46730394.26743961
 46730394.26743961 46730394.26743961 46730394.26743961 46730394.26743961
 46730394.26743961 46730394.26743961 46730394.26743961 46730394.26743961
 46730394.26743961 46730394.26743961 46730394.26743961 46730394.26743961]"
4418.0402753110675	2.0	trials	7.0	0.0	0.0	0.0	0.0	False	40.0	1.86	0.2	"[46779828.4261572 46779828.4261572 46779828.4261572 46779828.4261572
 46779828.4261572 46779828.4261572 46779828.4261572 46779828.4261572
 46779828.4261572 46779828.4261572 46779828.4261572 46779828.4261572
 46779828.4261572 46779828.4261572 46779828.4261572 46779828.4261572
 46779828.4261572 46779828.4261572 46779828.4261572 46779828.4261572]"
4426.157926974352	2.0	trials	7.0	0.0	0.0	0.0	0.0	False	40.0	1.86	0.2	"[46835588.60518564 46835588.60518564 46835588.60518564 46835588.60518564
 46835588.60518564 46835588.60518564 46835588.60518564 46835588.60518564
 46835588.60518564 46835588.60518564 46835588.60518564 46835588.60518564
 46835588.60518564 46835588.60518564 46835588.60518564 46835588.60518564
 46835588.60518564 46835588.60518564 46835588.60518564 46835588.60518564]"
4432.434129525312	2.0	trials	7.0	0.0	0.0	0.0	0.0	False	40.0	1.86	0.2	"[46898784.80808883 46898784.80808883 46898784.80808883 46898784.80808883
 46898784.80808883 46898784.80808883 46898784.80808883 46898784.80808883
 46898784.80808883 46898784.80808883 46898784.80808883 46898784.80808883
 46898784.80808883 46898784.80808883 46898784.80808883 46898784.80808883
 46898784.80808883 46898784.80808883 46898784.80808883 46898784.80808883]"
4436.784901894304	2.0	trials	7.0	0.0	0.0	0.0	0.0	False	40.0	1.86	0.2	"[46950314.97353603 46950314.97353603 46950314.97353603 46950314.97353603
 46950314.97353603 46950314.97353603 46950314.97353603 46950314.97353603
 46950314.97353603 46950314.97353603 46950314.97353603 46950314.97353603
 46950314.97353603 46950314.97353603 46950314.97353603 46950314.97353603
 46950314.97353603 46950314.97353603 46950314.97353603 46950314.97353603]"
4443.744185038425	2.0	trials	7.0	0.0	0.0	0.0	0.0	False	40.0	1.86	0.2	"[47018355.19199184 47018355.19199184 47018355.19199184 47018355.19199184
 47018355.19199184 47018355.19199184 47018355.19199184 47018355.19199184
 47018355.19199184 47018355.19199184 47018355.19199184 47018355.19199184
 47018355.19199184 47018355.19199184 47018355.19199184 47018355.19199184
 47018355.19199184 47018355.19199184 47018355.19199184 47018355.19199184]"
4450.204333779978	2.0	trials	7.0	0.0	0.0	0.0	0.0	False	40.0	1.86	0.2	"[47069645.35666846 47069645.35666846 47069645.35666846 47069645.35666846
 47069645.35666846 47069645.35666846 47069645.35666846 47069645.35666846
 47069645.35666846 47069645.35666846 47069645.35666846 47069645.35666846
 47069645.35666846 47069645.35666846 47069645.35666846 47069645.35666846
 47069645.35666846 47069645.35666846 47069645.35666846 47069645.35666846]"
4456.81801581448	2.0	trials	7.0	0.0	0.0	0.0	0.0	False	40.0	1.86	0.2	"[47148162.60876274 47148162.60876274 47148162.60876274 47148162.60876274
 47148162.60876274 47148162.60876274 47148162.60876274 47148162.60876274
 47148162.60876274 47148162.60876274 47148162.60876274 47148162.60876274
 47148162.60876274 47148162.60876274 47148162.60876274 47148162.60876274
 47148162.60876274 47148162.60876274 47148162.60876274 47148162.60876274]"
4462.812639861376	2.0	trials	7.0	0.0	0.0	0.0	0.0	False	40.0	1.86	0.2	"[47208020.80094863 47208020.80094863 47208020.80094863 47208020.80094863
 47208020.80094863 47208020.80094863 47208020.80094863 47208020.80094863
 47208020.80094863 47208020.80094863 47208020.80094863 47208020.80094863
 47208020.80094863 47208020.80094863 47208020.80094863 47208020.80094863
 47208020.80094863 47208020.80094863 47208020.80094863 47208020.80094863]"
4470.193124357844	2.0	trials	7.0	0.0	0.0	0.0	0.0	False	40.0	1.86	0.2	"[47295893.08307896 47295893.08307896 47295893.08307896 47295893.08307896
 47295893.08307896 47295893.08307896 47295893.08307896 47295893.08307896
 47295893.08307896 47295893.08307896 47295893.08307896 47295893.08307896
 47295893.08307896 47295893.08307896 47295893.08307896 47295893.08307896
 47295893.08307896 47295893.08307896 47295893.08307896 47295893.08307896]"
4474.729052521316	2.0	trials	7.0	0.0	0.0	0.0	0.0	False	40.0	1.86	0.2	"[47363648.30061972 47363648.30061972 47363648.30061972 47363648.30061972
 47363648.30061972 47363648.30061972 47363648.30061972 47363648.30061972
 47363648.30061972 47363648.30061972 47363648.30061972 47363648.30061972
 47363648.30061972 47363648.30061972 47363648.30061972 47363648.30061972
 47363648.30061972 47363648.30061972 47363648.30061972 47363648.30061972]"
4480.428965221984	2.0	trials	7.0	0.0	0.0	0.0	0.0	False	40.0	1.86	0.2	"[47454162.59123272 47454162.59123272 47454162.59123272 47454162.59123272
 47454162.59123272 47454162.59123272 47454162.59123272 47454162.59123272
 47454162.59123272 47454162.59123272 47454162.59123272 47454162.59123272
 47454162.59123272 47454162.59123272 47454162.59123272 47454162.59123272
 47454162.59123272 47454162.59123272 47454162.59123272 47454162.59123272]"
4487.198686157479	2.0	trials	7.0	0.0	0.0	0.0	0.0	False	40.0	1.86	0.2	"[47541913.87297457 47541913.87297457 47541913.87297457 47541913.87297457
 47541913.87297457 47541913.87297457 47541913.87297457 47541913.87297457
 47541913.87297457 47541913.87297457 47541913.87297457 47541913.87297457
 47541913.87297457 47541913.87297457 47541913.87297457 47541913.87297457
 47541913.87297457 47541913.87297457 47541913.87297457 47541913.87297457]"
4495.266312060146	2.0	trials	7.0	0.0	0.0	0.0	0.0	False	40.0	1.86	0.2	"[47630697.15802985 47630697.15802985 47630697.15802985 47630697.15802985
 47630697.15802985 47630697.15802985 47630697.15802985 47630697.15802985
 47630697.15802985 47630697.15802985 47630697.15802985 47630697.15802985
 47630697.15802985 47630697.15802985 47630697.15802985 47630697.15802985
 47630697.15802985 47630697.15802985 47630697.15802985 47630697.15802985]"
4500.565241073379	2.0	trials	7.0	0.0	0.0	0.0	0.0	False	40.0	1.86	0.2	"[47678718.31221071 47678718.31221071 47678718.31221071 47678718.31221071
 47678718.31221071 47678718.31221071 47678718.31221071 47678718.31221071
 47678718.31221071 47678718.31221071 47678718.31221071 47678718.31221071
 47678718.31221071 47678718.31221071 47678718.31221071 47678718.31221071
 47678718.31221071 47678718.31221071 47678718.31221071 47678718.31221071]"
4506.276904211775	2.0	trials	7.0	0.0	0.0	0.0	0.0	False	40.0	1.86	0.2	"[47772618.61369513 47772618.61369513 47772618.61369513 47772618.61369513
 47772618.61369513 47772618.61369513 47772618.61369513 47772618.61369513
 47772618.61369513 47772618.61369513 47772618.61369513 47772618.61369513
 47772618.61369513 47772618.61369513 47772618.61369513 47772618.61369513
 47772618.61369513 47772618.61369513 47772618.61369513 47772618.61369513]"
4513.4045814965575	2.0	trials	7.0	0.0	0.0	0.0	0.0	False	40.0	1.86	0.2	"[47828128.79192091 47828128.79192091 47828128.79192091 47828128.79192091
 47828128.79192091 47828128.79192091 47828128.79192091 47828128.79192091
 47828128.79192091 47828128.79192091 47828128.79192091 47828128.79192091
 47828128.79192091 47828128.79192091 47828128.79192091 47828128.79192091
 47828128.79192091 47828128.79192091 47828128.79192091 47828128.79192091]"
4517.833373316048	2.0	trials	7.0	0.0	0.0	0.0	0.0	False	40.0	1.86	0.2	"[47894311.00441124 47894311.00441124 47894311.00441124 47894311.00441124
 47894311.00441124 47894311.00441124 47894311.00441124 47894311.00441124
 47894311.00441124 47894311.00441124 47894311.00441124 47894311.00441124
 47894311.00441124 47894311.00441124 47894311.00441124 47894311.00441124
 47894311.00441124 47894311.00441124 47894311.00441124 47894311.00441124]"
4522.593164598275	2.0	trials	7.0	0.0	0.0	0.0	0.0	False	40.0	1.86	0.2	"[47979004.27633477 47979004.27633477 47979004.27633477 47979004.27633477
 47979004.27633477 47979004.27633477 47979004.27633477 47979004.27633477
 47979004.27633477 47979004.27633477 47979004.27633477 47979004.27633477
 47979004.27633477 47979004.27633477 47979004.27633477 47979004.27633477
 47979004.27633477 47979004.27633477 47979004.27633477 47979004.27633477]"
4530.409020092587	2.0	trials	7.0	0.0	0.0	0.0	0.0	False	40.0	1.86	0.2	"[48057403.52805018 48057403.52805018 48057403.52805018 48057403.52805018
 48057403.52805018 48057403.52805018 48057403.52805018 48057403.52805018
 48057403.52805018 48057403.52805018 48057403.52805018 48057403.52805018
 48057403.52805018 48057403.52805018 48057403.52805018 48057403.52805018
 48057403.52805018 48057403.52805018 48057403.52805018 48057403.52805018]"
4537.513714903578	2.0	trials	7.0	0.0	0.0	0.0	0.0	False	40.0	1.86	0.2	"[48116556.71797252 48116556.71797252 48116556.71797252 48116556.71797252
 48116556.71797252 48116556.71797252 48116556.71797252 48116556.71797252
 48116556.71797252 48116556.71797252 48116556.71797252 48116556.71797252
 48116556.71797252 48116556.71797252 48116556.71797252 48116556.71797252
 48116556.71797252 48116556.71797252 48116556.71797252 48116556.71797252]"
4543.219416422832	2.0	trials	7.0	0.0	0.0	0.0	0.0	False	40.0	1.86	0.2	"[48175667.90776002 48175667.90776002 48175667.90776002 48175667.90776002
 48175667.90776002 48175667.90776002 48175667.90776002 48175667.90776002
 48175667.90776002 48175667.90776002 48175667.90776002 48175667.90776002
 48175667.90776002 48175667.90776002 48175667.90776002 48175667.90776002
 48175667.90776002 48175667.90776002 48175667.90776002 48175667.90776002]"
4548.253182984711	2.0	trials	7.0	0.0	0.0	0.0	0.0	False	40.0	1.86	0.2	"[48245956.13343346 48245956.13343346 48245956.13343346 48245956.13343346
 48245956.13343346 48245956.13343346 48245956.13343346 48245956.13343346
 48245956.13343346 48245956.13343346 48245956.13343346 48245956.13343346
 48245956.13343346 48245956.13343346 48245956.13343346 48245956.13343346
 48245956.13343346 48245956.13343346 48245956.13343346 48245956.13343346]"
4553.6828356176575	2.0	trials	7.0	0.0	0.0	0.0	0.0	False	40.0	1.86	0.2	"[48338312.42996057 48338312.42996057 48338312.42996057 48338312.42996057
 48338312.42996057 48338312.42996057 48338312.42996057 48338312.42996057
 48338312.42996057 48338312.42996057 48338312.42996057 48338312.42996057
 48338312.42996057 48338312.42996057 48338312.42996057 48338312.42996057
 48338312.42996057 48338312.42996057 48338312.42996057 48338312.42996057]"
4560.492991882977	2.0	trials	7.0	0.0	0.0	0.0	0.0	False	40.0	1.86	0.2	"[48427130.71512824 48427130.71512824 48427130.71512824 48427130.71512824
 48427130.71512824 48427130.71512824 48427130.71512824 48427130.71512824
 48427130.71512824 48427130.71512824 48427130.71512824 48427130.71512824
 48427130.71512824 48427130.71512824 48427130.71512824 48427130.71512824
 48427130.71512824 48427130.71512824 48427130.71512824 48427130.71512824]"
4566.614019535716	2.0	trials	7.0	0.0	0.0	0.0	0.0	False	40.0	1.86	0.2	"[48520813.01591272 48520813.01591272 48520813.01591272 48520813.01591272
 48520813.01591272 48520813.01591272 48520813.01591272 48520813.01591272
 48520813.01591272 48520813.01591272 48520813.01591272 48520813.01591272
 48520813.01591272 48520813.01591272 48520813.01591272 48520813.01591272
 48520813.01591272 48520813.01591272 48520813.01591272 48520813.01591272]"
4573.615984416874	2.0	trials	7.0	0.0	0.0	0.0	0.0	False	40.0	1.86	0.2	"[48570751.17624849 48570751.17624849 48570751.17624849 48570751.17624849
 48570751.17624849 48570751.17624849 48570751.17624849 48570751.17624849
 48570751.17624849 48570751.17624849 48570751.17624849 48570751.17624849
 48570751.17624849 48570751.17624849 48570751.17624849 48570751.17624849
 48570751.17624849 48570751.17624849 48570751.17624849 48570751.17624849]"
4578.961396779351	2.0	trials	7.0	0.0	0.0	0.0	0.0	False	40.0	1.86	0.2	"[48620026.33445556 48620026.33445556 48620026.33445556 48620026.33445556
 48620026.33445556 48620026.33445556 48620026.33445556 48620026.33445556
 48620026.33445556 48620026.33445556 48620026.33445556 48620026.33445556
 48620026.33445556 48620026.33445556 48620026.33445556 48620026.33445556
 48620026.33445556 48620026.33445556 48620026.33445556 48620026.33445556]"
4585.237512930033	2.0	trials	7.0	0.0	0.0	0.0	0.0	False	40.0	1.86	0.2	"[48711506.6281701 48711506.6281701 48711506.6281701 48711506.6281701
 48711506.6281701 48711506.6281701 48711506.6281701 48711506.6281701
 48711506.6281701 48711506.6281701 48711506.6281701 48711506.6281701
 48711506.6281701 48711506.6281701 48711506.6281701 48711506.6281701
 48711506.6281701 48711506.6281701 48711506.6281701 48711506.6281701]"
4589.456006474319	2.0	trials	7.0	0.0	0.0	0.0	0.0	False	40.0	1.86	0.2	"[48781856.85404261 48781856.85404261 48781856.85404261 48781856.85404261
 48781856.85404261 48781856.85404261 48781856.85404261 48781856.85404261
 48781856.85404261 48781856.85404261 48781856.85404261 48781856.85404261
 48781856.85404261 48781856.85404261 48781856.85404261 48781856.85404261
 48781856.85404261 48781856.85404261 48781856.85404261 48781856.85404261]"
4595.479315413313	2.0	trials	7.0	0.0	0.0	0.0	0.0	False	40.0	1.86	0.2	"[48856162.09261344 48856162.09261344 48856162.09261344 48856162.09261344
 48856162.09261344 48856162.09261344 48856162.09261344 48856162.09261344
 48856162.09261344 48856162.09261344 48856162.09261344 48856162.09261344
 48856162.09261344 48856162.09261344 48856162.09261344 48856162.09261344
 48856162.09261344 48856162.09261344 48856162.09261344 48856162.09261344]"
4601.40767044744	2.0	trials	7.0	0.0	0.0	0.0	0.0	False	40.0	1.86	0.2	"[48940537.36351597 48940537.36351597 48940537.36351597 48940537.36351597
 48940537.36351597 48940537.36351597 48940537.36351597 48940537.36351597
 48940537.36351597 48940537.36351597 48940537.36351597 48940537.36351597
 48940537.36351597 48940537.36351597 48940537.36351597 48940537.36351597
 48940537.36351597 48940537.36351597 48940537.36351597 48940537.36351597]"
4608.962078702324	2.0	trials	7.0	0.0	0.0	0.0	0.0	False	40.0	1.86	0.2	"[49025743.63708659 49025743.63708659 49025743.63708659 49025743.63708659
 49025743.63708659 49025743.63708659 49025743.63708659 49025743.63708659
 49025743.63708659 49025743.63708659 49025743.63708659 49025743.63708659
 49025743.63708659 49025743.63708659 49025743.63708659 49025743.63708659
 49025743.63708659 49025743.63708659 49025743.63708659 49025743.63708659]"
4615.699572334346	2.0	trials	7.0	0.0	0.0	0.0	0.0	False	40.0	1.86	0.2	"[49116164.92740099 49116164.92740099 49116164.92740099 49116164.92740099
 49116164.92740099 49116164.92740099 49116164.92740099 49116164.92740099
 49116164.92740099 49116164.92740099 49116164.92740099 49116164.92740099
 49116164.92740099 49116164.92740099 49116164.92740099 49116164.92740099
 49116164.92740099 49116164.92740099 49116164.92740099 49116164.92740099]"
4620.631818570274	2.0	trials	7.0	0.0	0.0	0.0	0.0	False	40.0	1.86	0.2	"[49181857.13831808 49181857.13831808 49181857.13831808 49181857.13831808
 49181857.13831808 49181857.13831808 49181857.13831808 49181857.13831808
 49181857.13831808 49181857.13831808 49181857.13831808 49181857.13831808
 49181857.13831808 49181857.13831808 49181857.13831808 49181857.13831808
 49181857.13831808 49181857.13831808 49181857.13831808 49181857.13831808]"
4635.442208521886	2.0	trials	7.0	0.0	0.0	0.0	0.0	False	40.0	1.86	0.2	"[49989599.73172623 49989599.73172623 49989599.73172623 49989599.73172623
 49989599.73172623 49989599.73172623 49989599.73172623 49989599.73172623
 49989599.73172623 49989599.73172623 49989599.73172623 49989599.73172623
 49989599.73172623 49989599.73172623 49989599.73172623 49989599.73172623
 49989599.73172623 49989599.73172623 49989599.73172623 49989599.73172623]"
4642.432163764485	2.0	trials	7.0	0.0	0.0	0.0	0.0	False	40.0	1.86	0.2	"[50069719.98896725 50069719.98896725 50069719.98896725 50069719.98896725
 50069719.98896725 50069719.98896725 50069719.98896725 50069719.98896725
 50069719.98896725 50069719.98896725 50069719.98896725 50069719.98896725
 50069719.98896725 50069719.98896725 50069719.98896725 50069719.98896725
 50069719.98896725 50069719.98896725 50069719.98896725 50069719.98896725]"
4649.014568898566	2.0	trials	7.0	0.0	0.0	0.0	0.0	False	40.0	1.86	0.2	"[50142242.22181339 50142242.22181339 50142242.22181339 50142242.22181339
 50142242.22181339 50142242.22181339 50142242.22181339 50142242.22181339
 50142242.22181339 50142242.22181339 50142242.22181339 50142242.22181339
 50142242.22181339 50142242.22181339 50142242.22181339 50142242.22181339
 50142242.22181339 50142242.22181339 50142242.22181339 50142242.22181339]"
4656.778584226434	2.0	trials	7.0	0.0	0.0	0.0	0.0	False	40.0	1.86	0.2	"[50219097.46857148 50219097.46857148 50219097.46857148 50219097.46857148
 50219097.46857148 50219097.46857148 50219097.46857148 50219097.46857148
 50219097.46857148 50219097.46857148 50219097.46857148 50219097.46857148
 50219097.46857148 50219097.46857148 50219097.46857148 50219097.46857148
 50219097.46857148 50219097.46857148 50219097.46857148 50219097.46857148]"
4663.996290600271	2.0	trials	8.0	0.0	0.0	0.0	0.0	False	40.0	1.86	0.2	"[50283855.67648979 50283855.67648979 50283855.67648979 50283855.67648979
 50283855.67648979 50283855.67648979 50283855.67648979 50283855.67648979
 50283855.67648979 50283855.67648979 50283855.67648979 50283855.67648979
 50283855.67648979 50283855.67648979 50283855.67648979 50283855.67648979
 50283855.67648979 50283855.67648979 50283855.67648979 50283855.67648979]"
4668.370304643887	2.0	trials	8.0	0.0	0.0	0.0	0.0	False	40.0	1.86	0.2	"[50372280.96039564 50372280.96039564 50372280.96039564 50372280.96039564
 50372280.96039564 50372280.96039564 50372280.96039564 50372280.96039564
 50372280.96039564 50372280.96039564 50372280.96039564 50372280.96039564
 50372280.96039564 50372280.96039564 50372280.96039564 50372280.96039564
 50372280.96039564 50372280.96039564 50372280.96039564 50372280.96039564]"
4676.209920214484	2.0	trials	8.0	0.0	0.0	0.0	0.0	False	40.0	1.86	0.2	"[50451116.21351091 50451116.21351091 50451116.21351091 50451116.21351091
 50451116.21351091 50451116.21351091 50451116.21351091 50451116.21351091
 50451116.21351091 50451116.21351091 50451116.21351091 50451116.21351091
 50451116.21351091 50451116.21351091 50451116.21351091 50451116.21351091
 50451116.21351091 50451116.21351091 50451116.21351091 50451116.21351091]"
4681.81038619586	2.0	trials	8.0	0.0	0.0	0.0	0.0	False	40.0	1.86	0.2	"[50500485.37201981 50500485.37201981 50500485.37201981 50500485.37201981
 50500485.37201981 50500485.37201981 50500485.37201981 50500485.37201981
 50500485.37201981 50500485.37201981 50500485.37201981 50500485.37201981
 50500485.37201981 50500485.37201981 50500485.37201981 50500485.37201981
 50500485.37201981 50500485.37201981 50500485.37201981 50500485.37201981]"
4687.012892499509	2.0	trials	8.0	0.0	0.0	0.0	0.0	False	40.0	1.86	0.2	"[50586003.64659216 50586003.64659216 50586003.64659216 50586003.64659216
 50586003.64659216 50586003.64659216 50586003.64659216 50586003.64659216
 50586003.64659216 50586003.64659216 50586003.64659216 50586003.64659216
 50586003.64659216 50586003.64659216 50586003.64659216 50586003.64659216
 50586003.64659216 50586003.64659216 50586003.64659216 50586003.64659216]"
4694.572830372147	2.0	trials	8.0	0.0	0.0	0.0	0.0	False	40.0	1.86	0.2	"[50662332.89166142 50662332.89166142 50662332.89166142 50662332.89166142
 50662332.89166142 50662332.89166142 50662332.89166142 50662332.89166142
 50662332.89166142 50662332.89166142 50662332.89166142 50662332.89166142
 50662332.89166142 50662332.89166142 50662332.89166142 50662332.89166142
 50662332.89166142 50662332.89166142 50662332.89166142 50662332.89166142]"
4702.325095262288	2.0	trials	8.0	0.0	0.0	0.0	0.0	False	40.0	1.86	0.2	"[50753883.18560071 50753883.18560071 50753883.18560071 50753883.18560071
 50753883.18560071 50753883.18560071 50753883.18560071 50753883.18560071
 50753883.18560071 50753883.18560071 50753883.18560071 50753883.18560071
 50753883.18560071 50753883.18560071 50753883.18560071 50753883.18560071
 50753883.18560071 50753883.18560071 50753883.18560071 50753883.18560071]"
4707.293456814171	2.0	trials	8.0	0.0	0.0	0.0	0.0	False	40.0	1.86	0.2	"[50801733.33923255 50801733.33923255 50801733.33923255 50801733.33923255
 50801733.33923255 50801733.33923255 50801733.33923255 50801733.33923255
 50801733.33923255 50801733.33923255 50801733.33923255 50801733.33923255
 50801733.33923255 50801733.33923255 50801733.33923255 50801733.33923255
 50801733.33923255 50801733.33923255 50801733.33923255 50801733.33923255]"
4714.3490762675965	2.0	trials	8.0	0.0	0.0	0.0	0.0	False	40.0	1.86	0.2	"[50858907.52280092 50858907.52280092 50858907.52280092 50858907.52280092
 50858907.52280092 50858907.52280092 50858907.52280092 50858907.52280092
 50858907.52280092 50858907.52280092 50858907.52280092 50858907.52280092
 50858907.52280092 50858907.52280092 50858907.52280092 50858907.52280092
 50858907.52280092 50858907.52280092 50858907.52280092 50858907.52280092]"
4719.873423604578	2.0	trials	8.0	0.0	0.0	0.0	0.0	False	40.0	1.86	0.2	"[50928082.74490086 50928082.74490086 50928082.74490086 50928082.74490086
 50928082.74490086 50928082.74490086 50928082.74490086 50928082.74490086
 50928082.74490086 50928082.74490086 50928082.74490086 50928082.74490086
 50928082.74490086 50928082.74490086 50928082.74490086 50928082.74490086
 50928082.74490086 50928082.74490086 50928082.74490086 50928082.74490086]"
4726.180989456236	2.0	trials	8.0	0.0	0.0	0.0	0.0	False	40.0	1.86	0.2	"[50998614.97135772 50998614.97135772 50998614.97135772 50998614.97135772
 50998614.97135772 50998614.97135772 50998614.97135772 50998614.97135772
 50998614.97135772 50998614.97135772 50998614.97135772 50998614.97135772
 50998614.97135772 50998614.97135772 50998614.97135772 50998614.97135772
 50998614.97135772 50998614.97135772 50998614.97135772 50998614.97135772]"
4734.149341440166	2.0	trials	8.0	0.0	0.0	0.0	0.0	False	40.0	1.86	0.2	"[51070009.20058221 51070009.20058221 51070009.20058221 51070009.20058221
 51070009.20058221 51070009.20058221 51070009.20058221 51070009.20058221
 51070009.20058221 51070009.20058221 51070009.20058221 51070009.20058221
 51070009.20058221 51070009.20058221 51070009.20058221 51070009.20058221
 51070009.20058221 51070009.20058221 51070009.20058221 51070009.20058221]"
4739.759052251224	2.0	trials	8.0	0.0	0.0	0.0	0.0	False	40.0	1.86	0.2	"[51134725.40836565 51134725.40836565 51134725.40836565 51134725.40836565
 51134725.40836565 51134725.40836565 51134725.40836565 51134725.40836565
 51134725.40836565 51134725.40836565 51134725.40836565 51134725.40836565
 51134725.40836565 51134725.40836565 51134725.40836565 51134725.40836565
 51134725.40836565 51134725.40836565 51134725.40836565 51134725.40836565]"
4745.0519332450385	2.0	trials	8.0	0.0	0.0	0.0	0.0	False	40.0	1.86	0.2	"[51228679.71002344 51228679.71002344 51228679.71002344 51228679.71002344
 51228679.71002344 51228679.71002344 51228679.71002344 51228679.71002344
 51228679.71002344 51228679.71002344 51228679.71002344 51228679.71002344
 51228679.71002344 51228679.71002344 51228679.71002344 51228679.71002344
 51228679.71002344 51228679.71002344 51228679.71002344 51228679.71002344]"
4751.585090220999	2.0	trials	8.0	0.0	0.0	0.0	0.0	False	40.0	1.86	0.2	"[51301320.94325167 51301320.94325167 51301320.94325167 51301320.94325167
 51301320.94325167 51301320.94325167 51301320.94325167 51301320.94325167
 51301320.94325167 51301320.94325167 51301320.94325167 51301320.94325167
 51301320.94325167 51301320.94325167 51301320.94325167 51301320.94325167
 51301320.94325167 51301320.94325167 51301320.94325167 51301320.94325167]"
4756.859999957113	2.0	trials	8.0	0.0	0.0	0.0	0.0	False	40.0	1.86	0.2	"[51351677.1049295 51351677.1049295 51351677.1049295 51351677.1049295
 51351677.1049295 51351677.1049295 51351677.1049295 51351677.1049295
 51351677.1049295 51351677.1049295 51351677.1049295 51351677.1049295
 51351677.1049295 51351677.1049295 51351677.1049295 51351677.1049295
 51351677.1049295 51351677.1049295 51351677.1049295 51351677.1049295]"
4764.377515293545	2.0	trials	8.0	0.0	0.0	0.0	0.0	False	40.0	1.86	0.2	"[51432224.36354149 51432224.36354149 51432224.36354149 51432224.36354149
 51432224.36354149 51432224.36354149 51432224.36354149 51432224.36354149
 51432224.36354149 51432224.36354149 51432224.36354149 51432224.36354149
 51432224.36354149 51432224.36354149 51432224.36354149 51432224.36354149
 51432224.36354149 51432224.36354149 51432224.36354149 51432224.36354149]"
4771.981344507105	2.0	trials	8.0	0.0	0.0	0.0	0.0	False	40.0	1.86	0.2	"[51506994.60360529 51506994.60360529 51506994.60360529 51506994.60360529
 51506994.60360529 51506994.60360529 51506994.60360529 51506994.60360529
 51506994.60360529 51506994.60360529 51506994.60360529 51506994.60360529
 51506994.60360529 51506994.60360529 51506994.60360529 51506994.60360529
 51506994.60360529 51506994.60360529 51506994.60360529 51506994.60360529]"
4776.731545358541	2.0	trials	8.0	0.0	0.0	0.0	0.0	False	40.0	1.86	0.2	"[51583541.84937449 51583541.84937449 51583541.84937449 51583541.84937449
 51583541.84937449 51583541.84937449 51583541.84937449 51583541.84937449
 51583541.84937449 51583541.84937449 51583541.84937449 51583541.84937449
 51583541.84937449 51583541.84937449 51583541.84937449 51583541.84937449
 51583541.84937449 51583541.84937449 51583541.84937449 51583541.84937449]"
4783.943549314069	2.0	trials	8.0	0.0	0.0	0.0	0.0	False	40.0	1.86	0.2	"[51652924.07213905 51652924.07213905 51652924.07213905 51652924.07213905
 51652924.07213905 51652924.07213905 51652924.07213905 51652924.07213905
 51652924.07213905 51652924.07213905 51652924.07213905 51652924.07213905
 51652924.07213905 51652924.07213905 51652924.07213905 51652924.07213905
 51652924.07213905 51652924.07213905 51652924.07213905 51652924.07213905]"
4791.089802658494	2.0	trials	8.0	0.0	0.0	0.0	0.0	False	40.0	1.86	0.2	"[51738346.34640318 51738346.34640318 51738346.34640318 51738346.34640318
 51738346.34640318 51738346.34640318 51738346.34640318 51738346.34640318
 51738346.34640318 51738346.34640318 51738346.34640318 51738346.34640318
 51738346.34640318 51738346.34640318 51738346.34640318 51738346.34640318
 51738346.34640318 51738346.34640318 51738346.34640318 51738346.34640318]"
4796.969687136996	2.0	trials	8.0	0.0	0.0	0.0	0.0	False	40.0	1.86	0.2	"[51790845.51496155 51790845.51496155 51790845.51496155 51790845.51496155
 51790845.51496155 51790845.51496155 51790845.51496155 51790845.51496155
 51790845.51496155 51790845.51496155 51790845.51496155 51790845.51496155
 51790845.51496155 51790845.51496155 51790845.51496155 51790845.51496155
 51790845.51496155 51790845.51496155 51790845.51496155 51790845.51496155]"
4801.45628074207	2.0	trials	8.0	0.0	0.0	0.0	0.0	False	40.0	1.86	0.2	"[51856816.72677442 51856816.72677442 51856816.72677442 51856816.72677442
 51856816.72677442 51856816.72677442 51856816.72677442 51856816.72677442
 51856816.72677442 51856816.72677442 51856816.72677442 51856816.72677442
 51856816.72677442 51856816.72677442 51856816.72677442 51856816.72677442
 51856816.72677442 51856816.72677442 51856816.72677442 51856816.72677442]"
4808.0290954453585	2.0	trials	8.0	0.0	0.0	0.0	0.0	False	40.0	1.86	0.2	"[51935169.97834214 51935169.97834214 51935169.97834214 51935169.97834214
 51935169.97834214 51935169.97834214 51935169.97834214 51935169.97834214
 51935169.97834214 51935169.97834214 51935169.97834214 51935169.97834214
 51935169.97834214 51935169.97834214 51935169.97834214 51935169.97834214
 51935169.97834214 51935169.97834214 51935169.97834214 51935169.97834214]"
4815.995719423741	2.0	trials	8.0	0.0	0.0	0.0	0.0	False	40.0	1.86	0.2	"[52028545.27814093 52028545.27814093 52028545.27814093 52028545.27814093
 52028545.27814093 52028545.27814093 52028545.27814093 52028545.27814093
 52028545.27814093 52028545.27814093 52028545.27814093 52028545.27814093
 52028545.27814093 52028545.27814093 52028545.27814093 52028545.27814093
 52028545.27814093 52028545.27814093 52028545.27814093 52028545.27814093]"
4821.995700287836	2.0	trials	8.0	0.0	0.0	0.0	0.0	False	40.0	1.86	0.2	"[52089875.47505296 52089875.47505296 52089875.47505296 52089875.47505296
 52089875.47505296 52089875.47505296 52089875.47505296 52089875.47505296
 52089875.47505296 52089875.47505296 52089875.47505296 52089875.47505296
 52089875.47505296 52089875.47505296 52089875.47505296 52089875.47505296
 52089875.47505296 52089875.47505296 52089875.47505296 52089875.47505296]"
4826.476332273769	2.0	trials	8.0	0.0	0.0	0.0	0.0	False	40.0	1.86	0.2	"[52155982.68730249 52155982.68730249 52155982.68730249 52155982.68730249
 52155982.68730249 52155982.68730249 52155982.68730249 52155982.68730249
 52155982.68730249 52155982.68730249 52155982.68730249 52155982.68730249
 52155982.68730249 52155982.68730249 52155982.68730249 52155982.68730249
 52155982.68730249 52155982.68730249 52155982.68730249 52155982.68730249]"
4832.562108613327	2.0	trials	8.0	0.0	0.0	0.0	0.0	False	40.0	1.86	0.2	"[52238478.95217213 52238478.95217213 52238478.95217213 52238478.95217213
 52238478.95217213 52238478.95217213 52238478.95217213 52238478.95217213
 52238478.95217213 52238478.95217213 52238478.95217213 52238478.95217213
 52238478.95217213 52238478.95217213 52238478.95217213 52238478.95217213
 52238478.95217213 52238478.95217213 52238478.95217213 52238478.95217213]"
4839.044203025342	2.0	trials	8.0	0.0	0.0	0.0	0.0	False	40.0	1.86	0.2	"[52289738.11674923 52289738.11674923 52289738.11674923 52289738.11674923
 52289738.11674923 52289738.11674923 52289738.11674923 52289738.11674923
 52289738.11674923 52289738.11674923 52289738.11674923 52289738.11674923
 52289738.11674923 52289738.11674923 52289738.11674923 52289738.11674923
 52289738.11674923 52289738.11674923 52289738.11674923 52289738.11674923]"
4844.83233040924	2.0	trials	8.0	0.0	0.0	0.0	0.0	False	40.0	1.86	0.2	"[52344828.2936265 52344828.2936265 52344828.2936265 52344828.2936265
 52344828.2936265 52344828.2936265 52344828.2936265 52344828.2936265
 52344828.2936265 52344828.2936265 52344828.2936265 52344828.2936265
 52344828.2936265 52344828.2936265 52344828.2936265 52344828.2936265
 52344828.2936265 52344828.2936265 52344828.2936265 52344828.2936265]"
4851.720506125056	2.0	trials	8.0	0.0	0.0	0.0	0.0	False	40.0	1.86	0.2	"[52435289.58406935 52435289.58406935 52435289.58406935 52435289.58406935
 52435289.58406935 52435289.58406935 52435289.58406935 52435289.58406935
 52435289.58406935 52435289.58406935 52435289.58406935 52435289.58406935
 52435289.58406935 52435289.58406935 52435289.58406935 52435289.58406935
 52435289.58406935 52435289.58406935 52435289.58406935 52435289.58406935]"
4856.658368379014	2.0	trials	8.0	0.0	0.0	0.0	0.0	False	40.0	1.86	0.2	"[52517519.84808493 52517519.84808493 52517519.84808493 52517519.84808493
 52517519.84808493 52517519.84808493 52517519.84808493 52517519.84808493
 52517519.84808493 52517519.84808493 52517519.84808493 52517519.84808493
 52517519.84808493 52517519.84808493 52517519.84808493 52517519.84808493
 52517519.84808493 52517519.84808493 52517519.84808493 52517519.84808493]"
4862.736282293329	2.0	trials	8.0	0.0	0.0	0.0	0.0	False	40.0	1.86	0.2	"[52583558.06011292 52583558.06011292 52583558.06011292 52583558.06011292
 52583558.06011292 52583558.06011292 52583558.06011292 52583558.06011292
 52583558.06011292 52583558.06011292 52583558.06011292 52583558.06011292
 52583558.06011292 52583558.06011292 52583558.06011292 52583558.06011292
 52583558.06011292 52583558.06011292 52583558.06011292 52583558.06011292]"
4869.834410683239	2.0	trials	8.0	0.0	0.0	0.0	0.0	False	40.0	1.86	0.2	"[52641819.24717133 52641819.24717133 52641819.24717133 52641819.24717133
 52641819.24717133 52641819.24717133 52641819.24717133 52641819.24717133
 52641819.24717133 52641819.24717133 52641819.24717133 52641819.24717133
 52641819.24717133 52641819.24717133 52641819.24717133 52641819.24717133
 52641819.24717133 52641819.24717133 52641819.24717133 52641819.24717133]"
4876.770106551627	2.0	trials	8.0	0.0	0.0	0.0	0.0	False	40.0	1.86	0.2	"[52704662.44894113 52704662.44894113 52704662.44894113 52704662.44894113
 52704662.44894113 52704662.44894113 52704662.44894113 52704662.44894113
 52704662.44894113 52704662.44894113 52704662.44894113 52704662.44894113
 52704662.44894113 52704662.44894113 52704662.44894113 52704662.44894113
 52704662.44894113 52704662.44894113 52704662.44894113 52704662.44894113]"
4881.666496672432	2.0	trials	8.0	0.0	0.0	0.0	0.0	False	40.0	1.86	0.2	"[52783483.70201145 52783483.70201145 52783483.70201145 52783483.70201145
 52783483.70201145 52783483.70201145 52783483.70201145 52783483.70201145
 52783483.70201145 52783483.70201145 52783483.70201145 52783483.70201145
 52783483.70201145 52783483.70201145 52783483.70201145 52783483.70201145
 52783483.70201145 52783483.70201145 52783483.70201145 52783483.70201145]"
4886.676243957191	2.0	trials	8.0	0.0	0.0	0.0	0.0	False	40.0	1.86	0.2	"[52854328.92947326 52854328.92947326 52854328.92947326 52854328.92947326
 52854328.92947326 52854328.92947326 52854328.92947326 52854328.92947326
 52854328.92947326 52854328.92947326 52854328.92947326 52854328.92947326
 52854328.92947326 52854328.92947326 52854328.92947326 52854328.92947326
 52854328.92947326 52854328.92947326 52854328.92947326 52854328.92947326]"
4893.040920392212	2.0	trials	8.0	0.0	0.0	0.0	0.0	False	40.0	1.86	0.2	"[52935370.18967133 52935370.18967133 52935370.18967133 52935370.18967133
 52935370.18967133 52935370.18967133 52935370.18967133 52935370.18967133
 52935370.18967133 52935370.18967133 52935370.18967133 52935370.18967133
 52935370.18967133 52935370.18967133 52935370.18967133 52935370.18967133
 52935370.18967133 52935370.18967133 52935370.18967133 52935370.18967133]"
4897.3567006488565	2.0	trials	8.0	0.0	0.0	0.0	0.0	False	40.0	1.86	0.2	"[52997238.38831072 52997238.38831072 52997238.38831072 52997238.38831072
 52997238.38831072 52997238.38831072 52997238.38831072 52997238.38831072
 52997238.38831072 52997238.38831072 52997238.38831072 52997238.38831072
 52997238.38831072 52997238.38831072 52997238.38831072 52997238.38831072
 52997238.38831072 52997238.38831072 52997238.38831072 52997238.38831072]"
4904.052808548002	2.0	trials	8.0	0.0	0.0	0.0	0.0	False	40.0	1.86	0.2	"[53069878.62153573 53069878.62153573 53069878.62153573 53069878.62153573
 53069878.62153573 53069878.62153573 53069878.62153573 53069878.62153573
 53069878.62153573 53069878.62153573 53069878.62153573 53069878.62153573
 53069878.62153573 53069878.62153573 53069878.62153573 53069878.62153573
 53069878.62153573 53069878.62153573 53069878.62153573 53069878.62153573]"
4909.6386728824955	2.0	trials	8.0	0.0	0.0	0.0	0.0	False	40.0	1.86	0.2	"[53118703.77829799 53118703.77829799 53118703.77829799 53118703.77829799
 53118703.77829799 53118703.77829799 53118703.77829799 53118703.77829799
 53118703.77829799 53118703.77829799 53118703.77829799 53118703.77829799
 53118703.77829799 53118703.77829799 53118703.77829799 53118703.77829799
 53118703.77829799 53118703.77829799 53118703.77829799 53118703.77829799]"
4913.904427378523	2.0	trials	8.0	0.0	0.0	0.0	0.0	False	40.0	1.86	0.2	"[53188418.0021285 53188418.0021285 53188418.0021285 53188418.0021285
 53188418.0021285 53188418.0021285 53188418.0021285 53188418.0021285
 53188418.0021285 53188418.0021285 53188418.0021285 53188418.0021285
 53188418.0021285 53188418.0021285 53188418.0021285 53188418.0021285
 53188418.0021285 53188418.0021285 53188418.0021285 53188418.0021285]"
4918.788462259659	2.0	trials	8.0	0.0	0.0	0.0	0.0	False	40.0	1.86	0.2	"[53257033.22243045 53257033.22243045 53257033.22243045 53257033.22243045
 53257033.22243045 53257033.22243045 53257033.22243045 53257033.22243045
 53257033.22243045 53257033.22243045 53257033.22243045 53257033.22243045
 53257033.22243045 53257033.22243045 53257033.22243045 53257033.22243045
 53257033.22243045 53257033.22243045 53257033.22243045 53257033.22243045]"
4925.790427140817	2.0	trials	8.0	0.0	0.0	0.0	0.0	False	40.0	1.86	0.2	"[53344468.50315772 53344468.50315772 53344468.50315772 53344468.50315772
 53344468.50315772 53344468.50315772 53344468.50315772 53344468.50315772
 53344468.50315772 53344468.50315772 53344468.50315772 53344468.50315772
 53344468.50315772 53344468.50315772 53344468.50315772 53344468.50315772
 53344468.50315772 53344468.50315772 53344468.50315772 53344468.50315772]"
4930.686558060789	2.0	trials	8.0	0.0	0.0	0.0	0.0	False	40.0	1.86	0.2	"[53422448.75352784 53422448.75352784 53422448.75352784 53422448.75352784
 53422448.75352784 53422448.75352784 53422448.75352784 53422448.75352784
 53422448.75352784 53422448.75352784 53422448.75352784 53422448.75352784
 53422448.75352784 53422448.75352784 53422448.75352784 53422448.75352784
 53422448.75352784 53422448.75352784 53422448.75352784 53422448.75352784]"
4937.568772157464	2.0	trials	8.0	0.0	0.0	0.0	0.0	False	40.0	1.86	0.2	"[53479534.93681368 53479534.93681368 53479534.93681368 53479534.93681368
 53479534.93681368 53479534.93681368 53479534.93681368 53479534.93681368
 53479534.93681368 53479534.93681368 53479534.93681368 53479534.93681368
 53479534.93681368 53479534.93681368 53479534.93681368 53479534.93681368
 53479534.93681368 53479534.93681368 53479534.93681368 53479534.93681368]"
4937.568772157464	2.0	trials	8.0	0.0	0.0	0.0	0.0	False	40.0	1.86	0.2	"[53897900.28005359 53897900.28005359 53897900.28005359 53897900.28005359
 53897900.28005359 53897900.28005359 53897900.28005359 53897900.28005359
 53897900.28005359 53897900.28005359 53897900.28005359 53897900.28005359
 53897900.28005359 53897900.28005359 53897900.28005359 53897900.28005359
 53897900.28005359 53897900.28005359 53897900.28005359 53897900.28005359]"
