onset	duration	nwb_table	Block	sound	sound_puretone	sound_bluenoise	sound_freq	sound_amp	optogenetics	opto_freq	opto_power	opto_pulse_duration	opto_pulse_ts	airpuff	airpuff_duration	airpuff_amp
308.22798421678783	2.0	trials	1.0	1.0	1.0	0.0	10000.0	1.0	False	0.0	0.0	0.0	"[nan nan nan nan nan nan nan nan nan nan nan nan nan nan nan nan nan nan
 nan nan]"	0.0	0.0	0.0
315.88633082124966	2.0	trials	1.0	1.0	1.0	0.0	10000.0	1.0	False	0.0	0.0	0.0	"[nan nan nan nan nan nan nan nan nan nan nan nan nan nan nan nan nan nan
 nan nan]"	0.0	0.0	0.0
322.30647524167597	2.0	trials	1.0	1.0	1.0	0.0	10000.0	1.0	False	0.0	0.0	0.0	"[nan nan nan nan nan nan nan nan nan nan nan nan nan nan nan nan nan nan
 nan nan]"	0.0	0.0	0.0
328.7928022643611	2.0	trials	1.0	1.0	1.0	0.0	10000.0	1.0	False	0.0	0.0	0.0	"[nan nan nan nan nan nan nan nan nan nan nan nan nan nan nan nan nan nan
 nan nan]"	0.0	0.0	0.0
336.31653725744013	2.0	trials	1.0	1.0	1.0	0.0	10000.0	1.0	False	0.0	0.0	0.0	"[nan nan nan nan nan nan nan nan nan nan nan nan nan nan nan nan nan nan
 nan nan]"	0.0	0.0	0.0
344.3388881743255	2.0	trials	1.0	1.0	1.0	0.0	10000.0	1.0	False	0.0	0.0	0.0	"[nan nan nan nan nan nan nan nan nan nan nan nan nan nan nan nan nan nan
 nan nan]"	0.0	0.0	0.0
354.85751552001244	2.0	trials	1.0	1.0	1.0	0.0	10000.0	1.0	False	0.0	0.0	0.0	"[nan nan nan nan nan nan nan nan nan nan nan nan nan nan nan nan nan nan
 nan nan]"	0.0	0.0	0.0
362.15298101548336	2.0	trials	1.0	1.0	1.0	0.0	10000.0	1.0	False	0.0	0.0	0.0	"[nan nan nan nan nan nan nan nan nan nan nan nan nan nan nan nan nan nan
 nan nan]"	0.0	0.0	0.0
370.8227291108615	2.0	trials	1.0	1.0	1.0	0.0	10000.0	1.0	False	0.0	0.0	0.0	"[nan nan nan nan nan nan nan nan nan nan nan nan nan nan nan nan nan nan
 nan nan]"	0.0	0.0	0.0
377.9301876317694	2.0	trials	1.0	1.0	1.0	0.0	10000.0	1.0	False	0.0	0.0	0.0	"[nan nan nan nan nan nan nan nan nan nan nan nan nan nan nan nan nan nan
 nan nan]"	0.0	0.0	0.0
386.908903071374	2.0	trials	1.0	1.0	1.0	0.0	10000.0	1.0	False	0.0	0.0	0.0	"[nan nan nan nan nan nan nan nan nan nan nan nan nan nan nan nan nan nan
 nan nan]"	0.0	0.0	0.0
395.52499660277977	2.0	trials	1.0	1.0	1.0	0.0	10000.0	1.0	False	0.0	0.0	0.0	"[nan nan nan nan nan nan nan nan nan nan nan nan nan nan nan nan nan nan
 nan nan]"	0.0	0.0	0.0
403.66113666741313	2.0	trials	1.0	1.0	1.0	0.0	10000.0	1.0	False	0.0	0.0	0.0	"[nan nan nan nan nan nan nan nan nan nan nan nan nan nan nan nan nan nan
 nan nan]"	0.0	0.0	0.0
413.1051175289026	2.0	trials	1.0	1.0	1.0	0.0	10000.0	1.0	False	0.0	0.0	0.0	"[nan nan nan nan nan nan nan nan nan nan nan nan nan nan nan nan nan nan
 nan nan]"	0.0	0.0	0.0
420.68924630654936	2.0	trials	1.0	1.0	1.0	0.0	10000.0	1.0	False	0.0	0.0	0.0	"[nan nan nan nan nan nan nan nan nan nan nan nan nan nan nan nan nan nan
 nan nan]"	0.0	0.0	0.0
429.0772431408752	2.0	trials	1.0	1.0	1.0	0.0	10000.0	1.0	False	0.0	0.0	0.0	"[nan nan nan nan nan nan nan nan nan nan nan nan nan nan nan nan nan nan
 nan nan]"	0.0	0.0	0.0
438.37157874503794	2.0	trials	1.0	1.0	1.0	0.0	10000.0	1.0	False	0.0	0.0	0.0	"[nan nan nan nan nan nan nan nan nan nan nan nan nan nan nan nan nan nan
 nan nan]"	0.0	0.0	0.0
445.7573325164363	2.0	trials	1.0	1.0	1.0	0.0	10000.0	1.0	False	0.0	0.0	0.0	"[nan nan nan nan nan nan nan nan nan nan nan nan nan nan nan nan nan nan
 nan nan]"	0.0	0.0	0.0
452.45940099844296	2.0	trials	1.0	1.0	1.0	0.0	10000.0	1.0	False	0.0	0.0	0.0	"[nan nan nan nan nan nan nan nan nan nan nan nan nan nan nan nan nan nan
 nan nan]"	0.0	0.0	0.0
462.60071839104336	2.0	trials	1.0	1.0	1.0	0.0	10000.0	1.0	False	0.0	0.0	0.0	"[nan nan nan nan nan nan nan nan nan nan nan nan nan nan nan nan nan nan
 nan nan]"	0.0	0.0	0.0
470.4775712632762	2.0	trials	1.0	1.0	1.0	0.0	10000.0	1.0	False	0.0	0.0	0.0	"[nan nan nan nan nan nan nan nan nan nan nan nan nan nan nan nan nan nan
 nan nan]"	0.0	0.0	0.0
476.6576957501842	2.0	trials	1.0	1.0	1.0	0.0	10000.0	1.0	False	0.0	0.0	0.0	"[nan nan nan nan nan nan nan nan nan nan nan nan nan nan nan nan nan nan
 nan nan]"	0.0	0.0	0.0
485.9035608062174	2.0	trials	1.0	1.0	1.0	0.0	10000.0	1.0	False	0.0	0.0	0.0	"[nan nan nan nan nan nan nan nan nan nan nan nan nan nan nan nan nan nan
 nan nan]"	0.0	0.0	0.0
493.36163159862184	2.0	trials	1.0	1.0	1.0	0.0	10000.0	1.0	False	0.0	0.0	0.0	"[nan nan nan nan nan nan nan nan nan nan nan nan nan nan nan nan nan nan
 nan nan]"	0.0	0.0	0.0
502.75204429640314	2.0	trials	1.0	1.0	1.0	0.0	10000.0	1.0	False	0.0	0.0	0.0	"[nan nan nan nan nan nan nan nan nan nan nan nan nan nan nan nan nan nan
 nan nan]"	0.0	0.0	0.0
510.1921438338862	1.9999999999999432	trials	1.0	1.0	1.0	0.0	10000.0	1.0	False	0.0	0.0	0.0	"[nan nan nan nan nan nan nan nan nan nan nan nan nan nan nan nan nan nan
 nan nan]"	0.0	0.0	0.0
516.3361530104231	2.0	trials	1.0	1.0	1.0	0.0	10000.0	1.0	False	0.0	0.0	0.0	"[nan nan nan nan nan nan nan nan nan nan nan nan nan nan nan nan nan nan
 nan nan]"	0.0	0.0	0.0
522.8400192867095	2.0	trials	1.0	1.0	1.0	0.0	10000.0	1.0	False	0.0	0.0	0.0	"[nan nan nan nan nan nan nan nan nan nan nan nan nan nan nan nan nan nan
 nan nan]"	0.0	0.0	0.0
533.3343681581996	2.0	trials	1.0	1.0	1.0	0.0	10000.0	1.0	False	0.0	0.0	0.0	"[nan nan nan nan nan nan nan nan nan nan nan nan nan nan nan nan nan nan
 nan nan]"	0.0	0.0	0.0
544.1584204372873	2.0	trials	1.0	1.0	1.0	0.0	10000.0	1.0	False	0.0	0.0	0.0	"[nan nan nan nan nan nan nan nan nan nan nan nan nan nan nan nan nan nan
 nan nan]"	0.0	0.0	0.0
554.7421935820645	2.0	trials	1.0	1.0	1.0	0.0	10000.0	1.0	False	0.0	0.0	0.0	"[nan nan nan nan nan nan nan nan nan nan nan nan nan nan nan nan nan nan
 nan nan]"	0.0	0.0	0.0
564.7681666221642	2.0	trials	1.0	1.0	1.0	0.0	10000.0	1.0	False	0.0	0.0	0.0	"[nan nan nan nan nan nan nan nan nan nan nan nan nan nan nan nan nan nan
 nan nan]"	0.0	0.0	0.0
572.994594962725	2.0	trials	1.0	1.0	1.0	0.0	10000.0	1.0	False	0.0	0.0	0.0	"[nan nan nan nan nan nan nan nan nan nan nan nan nan nan nan nan nan nan
 nan nan]"	0.0	0.0	0.0
579.6664233523157	2.0	trials	1.0	1.0	1.0	0.0	10000.0	1.0	False	0.0	0.0	0.0	"[nan nan nan nan nan nan nan nan nan nan nan nan nan nan nan nan nan nan
 nan nan]"	0.0	0.0	0.0
586.7528002087967	2.0	trials	1.0	1.0	1.0	0.0	10000.0	1.0	False	0.0	0.0	0.0	"[nan nan nan nan nan nan nan nan nan nan nan nan nan nan nan nan nan nan
 nan nan]"	0.0	0.0	0.0
596.8509174693743	2.0	trials	1.0	1.0	1.0	0.0	10000.0	1.0	False	0.0	0.0	0.0	"[nan nan nan nan nan nan nan nan nan nan nan nan nan nan nan nan nan nan
 nan nan]"	0.0	0.0	0.0
604.6557989216572	2.0	trials	1.0	1.0	1.0	0.0	10000.0	1.0	False	0.0	0.0	0.0	"[nan nan nan nan nan nan nan nan nan nan nan nan nan nan nan nan nan nan
 nan nan]"	0.0	0.0	0.0
613.3866320037155	2.0	trials	1.0	1.0	1.0	0.0	10000.0	1.0	False	0.0	0.0	0.0	"[nan nan nan nan nan nan nan nan nan nan nan nan nan nan nan nan nan nan
 nan nan]"	0.0	0.0	0.0
620.4067398576734	2.0	trials	1.0	1.0	1.0	0.0	10000.0	1.0	False	0.0	0.0	0.0	"[nan nan nan nan nan nan nan nan nan nan nan nan nan nan nan nan nan nan
 nan nan]"	0.0	0.0	0.0
631.2066000628283	2.0	trials	1.0	1.0	1.0	0.0	10000.0	1.0	False	0.0	0.0	0.0	"[nan nan nan nan nan nan nan nan nan nan nan nan nan nan nan nan nan nan
 nan nan]"	0.0	0.0	0.0
637.8189850707557	2.0	trials	1.0	1.0	1.0	0.0	10000.0	1.0	False	0.0	0.0	0.0	"[nan nan nan nan nan nan nan nan nan nan nan nan nan nan nan nan nan nan
 nan nan]"	0.0	0.0	0.0
646.7352331194555	2.0	trials	1.0	1.0	1.0	0.0	10000.0	1.0	False	0.0	0.0	0.0	"[nan nan nan nan nan nan nan nan nan nan nan nan nan nan nan nan nan nan
 nan nan]"	0.0	0.0	0.0
655.5371736188232	2.0	trials	1.0	1.0	1.0	0.0	10000.0	1.0	False	0.0	0.0	0.0	"[nan nan nan nan nan nan nan nan nan nan nan nan nan nan nan nan nan nan
 nan nan]"	0.0	0.0	0.0
664.339373318983	2.0	trials	1.0	1.0	1.0	0.0	10000.0	1.0	False	0.0	0.0	0.0	"[nan nan nan nan nan nan nan nan nan nan nan nan nan nan nan nan nan nan
 nan nan]"	0.0	0.0	0.0
672.9925325636642	2.0	trials	1.0	1.0	1.0	0.0	10000.0	1.0	False	0.0	0.0	0.0	"[nan nan nan nan nan nan nan nan nan nan nan nan nan nan nan nan nan nan
 nan nan]"	0.0	0.0	0.0
683.6894036540771	2.0	trials	1.0	1.0	1.0	0.0	10000.0	1.0	False	0.0	0.0	0.0	"[nan nan nan nan nan nan nan nan nan nan nan nan nan nan nan nan nan nan
 nan nan]"	0.0	0.0	0.0
691.1774553381052	2.0	trials	1.0	1.0	1.0	0.0	10000.0	1.0	False	0.0	0.0	0.0	"[nan nan nan nan nan nan nan nan nan nan nan nan nan nan nan nan nan nan
 nan nan]"	0.0	0.0	0.0
699.7635679778874	2.0	trials	1.0	1.0	1.0	0.0	10000.0	1.0	False	0.0	0.0	0.0	"[nan nan nan nan nan nan nan nan nan nan nan nan nan nan nan nan nan nan
 nan nan]"	0.0	0.0	0.0
708.379488708765	2.0	trials	1.0	1.0	1.0	0.0	10000.0	1.0	False	0.0	0.0	0.0	"[nan nan nan nan nan nan nan nan nan nan nan nan nan nan nan nan nan nan
 nan nan]"	0.0	0.0	0.0
715.2918554334584	2.0	trials	1.0	1.0	1.0	0.0	10000.0	1.0	False	0.0	0.0	0.0	"[nan nan nan nan nan nan nan nan nan nan nan nan nan nan nan nan nan nan
 nan nan]"	0.0	0.0	0.0
779.3053790634226	2.0	trials	2.0	1.0	1.0	0.0	10000.0	1.0	True	40.0	0.0	0.005	"[9027850.20833758 9028140.20922385 9028429.21010705 9028718.21099026
 9029009.21187958 9029298.21276278 9029588.21364904 9029877.21453225
 9030167.21541851 9030457.21630477 9030747.21719103 9031036.21807424
 9031325.21895745 9031615.21984371 9031905.22072997 9032194.22161317
 9032484.22249944 9032773.22338264 9033063.22426891 9033353.22515517]"	0.0	0.0	0.0
785.8510630675069	2.0	trials	2.0	1.0	1.0	0.0	10000.0	1.0	True	40.0	0.0	0.005	"[9103609.4398628  9103899.44074906 9104189.44163532 9104479.44252158
 9104768.44340479 9105058.44429105 9105348.44517731 9105637.44606052
 9105927.44694678 9106216.44782999 9106506.44871625 9106796.44960251
 9107086.45048877 9107374.45136892 9107665.45225824 9107954.45314145
 9108243.45402465 9108534.45491397 9108823.45579717 9109112.45668038]"	0.0	0.0	0.0
793.6273460323907	2.0	trials	2.0	1.0	1.0	0.0	10000.0	1.0	True	40.0	0.0	0.005	"[9193614.71492486 9193902.71580501 9194192.71669127 9194482.71757753
 9194771.71846074 9195061.719347   9195351.72023326 9195640.72111647
 9195929.72199968 9196220.72288899 9196509.7237722  9196799.72465846
 9197089.72554472 9197378.72642793 9197667.72731113 9197958.72820045
 9198247.72908366 9198537.72996992 9198826.73085313 9199116.73173939]"	0.0	0.0	0.0
804.2294360331457	2.0	trials	2.0	1.0	1.0	0.0	10000.0	1.0	True	40.0	0.0	0.005	"[9316323.08992976 9316613.09081602 9316901.09169617 9317192.09258549
 9317482.09347175 9317770.0943519  9318061.09524122 9318350.09612442
 9318640.09701068 9318929.09789389 9319219.09878015 9319508.09966336
 9319799.10055267 9320087.10143282 9320377.10231909 9320668.1032084
 9320957.10409161 9321246.10497481 9321536.10586108 9321825.10674428]"	0.0	0.0	0.0
814.8554589070411	2.0	trials	2.0	1.0	1.0	0.0	10000.0	1.0	True	40.0	0.0	0.005	"[9439309.46578424 9439598.46666745 9439888.46755371 9440177.46843691
 9440467.46932318 9440757.47020944 9441046.47109264 9441337.47198196
 9441626.47286517 9441916.47375143 9442205.47463463 9442495.4755209
 9442785.47640716 9443073.47728731 9443364.47817663 9443653.47905983
 9443943.47994609 9444233.48083236 9444522.48171556 9444811.48259877]"	0.0	0.0	0.0
824.0894871269002	2.0	trials	2.0	1.0	1.0	0.0	10000.0	1.0	True	40.0	0.0	0.005	"[9546183.79239924 9546472.79328244 9546763.79417176 9547052.79505497
 9547341.79593818 9547631.79682443 9547921.7977107  9548211.79859696
 9548500.79948016 9548790.80036643 9549080.80125269 9549370.80213895
 9549659.80302216 9549950.80391147 9550239.80479468 9550528.80567789
 9550818.80656415 9551108.80745041 9551397.80833361 9551686.80921682]"	0.0	0.0	0.0
833.6714492100701	2.0	trials	2.0	1.0	1.0	0.0	10000.0	1.0	True	40.0	0.0	0.005	"[9657087.13132716 9657377.13221343 9657666.13309663 9657956.13398289
 9658246.13486915 9658535.13575236 9658824.13663557 9659114.13752183
 9659403.13840503 9659693.1392913  9659983.14017756 9660272.14106076
 9660563.14195008 9660852.14283329 9661142.14371955 9661431.14460276
 9661721.14548902 9662010.14637222 9662301.14726154 9662590.14814475]"	0.0	0.0	0.0
840.806901416529	2.0	trials	2.0	1.0	1.0	0.0	10000.0	1.0	True	40.0	0.0	0.005	"[9739672.38371315 9739961.38459635 9740251.38548261 9740540.38636582
 9740831.38725514 9741120.38813834 9741410.38902461 9741699.38990781
 9741989.39079407 9742279.39168034 9742568.39256354 9742858.3934498
 9743148.39433607 9743438.39522233 9743728.39610859 9744017.3969918
 9744306.397875   9744596.39876126 9744886.39964752 9745175.40053073]"	0.0	0.0	0.0
848.4559167924739	2.0	trials	2.0	1.0	1.0	0.0	10000.0	1.0	True	40.0	0.0	0.005	"[9828202.6542675  9828492.65515376 9828781.65603697 9829071.65692323
 9829361.65780949 9829650.6586927  9829940.65957896 9830230.66046522
 9830520.66135148 9830809.66223469 9831098.66311789 9831389.66400721
 9831678.66489042 9831967.66577362 9832258.66666294 9832547.66754615
 9832836.66842935 9833126.66931562 9833416.67020188 9833706.67108814]"	0.0	0.0	0.0
855.5060919383196	2.0	trials	2.0	1.0	1.0	0.0	10000.0	1.0	True	40.0	0.0	0.005	"[9909802.90364325 9910091.90452645 9910381.90541272 9910670.90629592
 9910960.90718218 9911249.90806539 9911539.90895165 9911829.90983791
 9912118.91072112 9912408.91160738 9912697.91249059 9912986.91337379
 9913277.91426311 9913566.91514632 9913856.91603258 9914145.91691578
 9914435.91780205 9914726.91869137 9915015.91957457 9915304.92045777]"	0.0	0.0	0.0
862.9577691111848	2.0	trials	2.0	1.0	1.0	0.0	10000.0	1.0	True	40.0	0.0	0.005	"[ 9996049.16721752  9996339.16810379  9996628.16898699  9996918.16987325
  9997208.17075952  9997497.17164272  9997787.17252898  9998077.17341525
  9998366.17429845  9998656.17518471  9998946.17607098  9999235.17695418
  9999525.17784044  9999814.17872365 10000104.17960991 10000394.18049617
 10000684.18138243 10000973.18226564 10001262.18314885 10001552.18403511]"	0.0	0.0	0.0
869.1861913456942	2.0	trials	2.0	1.0	1.0	0.0	10000.0	1.0	True	40.0	0.0	0.005	"[10068137.38752389 10068427.38841015 10068715.3892903  10069005.39017656
 10069295.39106282 10069585.39194908 10069874.39283229 10070163.39371549
 10070454.39460481 10070744.39549107 10071033.39637428 10071322.39725749
 10071611.39814069 10071902.39903001 10072191.39991322 10072480.40079642
 10072770.40168268 10073060.40256894 10073350.40345521 10073640.40434147]"	0.0	0.0	0.0
875.5519035997718	2.0	trials	2.0	1.0	1.0	0.0	10000.0	1.0	True	40.0	0.0	0.005	"[10141813.61268329 10142104.61357261 10142393.61445582 10142683.61534208
 10142973.61622834 10143262.61711155 10143551.61799475 10143841.61888102
 10144131.61976728 10144420.62065048 10144710.62153674 10145000.62242301
 10145289.62330621 10145580.62419553 10145869.62507874 10146159.625965
 10146448.6268482  10146738.62773446 10147027.62861767 10147317.62950393]"	0.0	0.0	0.0
883.7664087038944	2.0	trials	2.0	1.0	1.0	0.0	10000.0	1.0	True	40.0	0.0	0.005	"[10236889.90324271 10237178.90412592 10237467.90500913 10237758.90589844
 10238047.90678165 10238337.90766791 10238626.90855112 10238916.90943738
 10239206.91032364 10239495.91120685 10239785.91209311 10240074.91297632
 10240364.91386258 10240653.91474578 10240943.91563204 10241233.91651831
 10241522.91740151 10241812.91828777 10242102.91917404 10242391.92005724]"	0.0	0.0	0.0
891.1580376932479	2.0	trials	2.0	1.0	1.0	0.0	10000.0	1.0	True	40.0	0.0	0.005	"[10322441.16469302 10322730.16557622 10323020.16646248 10323309.16734569
 10323599.16823195 10323889.16911821 10324179.17000448 10324467.17088463
 10324757.17177089 10325047.17265715 10325337.17354341 10325627.17442968
 10325916.17531288 10326206.17619914 10326496.1770854  10326785.17796861
 10327074.17885181 10327364.17973808 10327654.18062434 10327944.1815106 ]"	0.0	0.0	0.0
899.4608438672248	2.0	trials	2.0	1.0	1.0	0.0	10000.0	1.0	True	40.0	0.0	0.005	"[10418538.45837269 10418828.45925895 10419117.46014216 10419407.46102842
 10419696.46191163 10419986.46279789 10420276.46368415 10420565.46456736
 10420855.46545362 10421145.46633988 10421434.46722309 10421725.46811241
 10422013.46899255 10422303.46987882 10422592.47076202 10422883.47165134
 10423171.47253149 10423462.47342081 10423752.47430707 10424041.47519027]"	0.0	0.0	0.0
907.2494820698672	2.0	trials	2.0	1.0	1.0	0.0	10000.0	1.0	True	40.0	0.0	0.005	"[10508683.7338626  10508973.73474887 10509263.73563513 10509553.73652139
 10509842.7374046  10510132.73829086 10510421.73917406 10510711.74006033
 10511001.74094659 10511291.74183285 10511580.74271606 10511870.74360232
 10512159.74448552 10512449.74537179 10512739.74625805 10513028.74714125
 10513318.74802751 10513607.74891072 10513897.74979698 10514187.75068324]"	0.0	0.0	0.0
914.5649924265966	2.0	trials	2.0	1.0	1.0	0.0	10000.0	1.0	True	40.0	0.0	0.005	"[10593353.99262051 10593643.99350677 10593933.99439303 10594222.99527624
 10594513.99616555 10594802.99704876 10595092.99793502 10595381.99881823
 10595670.99970143 10595962.00059075 10596251.00147396 10596540.00235716
 10596831.00324648 10597120.00412969 10597409.00501289 10597699.00589915
 10597989.00678542 10598278.00766862 10598568.00855488 10598857.00943809]"	0.0	0.0	0.0
924.4222257510155	2.0	trials	2.0	1.0	1.0	0.0	10000.0	1.0	True	40.0	0.0	0.005	"[10707443.34128509 10707733.34217135 10708023.34305761 10708313.34394387
 10708602.34482708 10708891.34571029 10709180.34659349 10709471.34748281
 10709760.34836601 10710049.34924922 10710340.35013854 10710629.35102174
 10710919.35190801 10711208.35279121 10711498.35367747 10711788.35456374
 10712078.35545    10712366.35633015 10712657.35721947 10712946.35810267]"	0.0	0.0	0.0
930.5665805286088	2.0	trials	2.0	1.0	1.0	0.0	10000.0	1.0	True	40.0	0.0	0.005	"[10778558.55861789 10778848.55950415 10779137.56038735 10779427.56127362
 10779716.56215682 10780007.56304614 10780296.56392935 10780585.56481255
 10780874.56569576 10781165.56658508 10781454.56746828 10781744.56835454
 10782033.56923775 10782324.57012707 10782612.57100722 10782902.57189348
 10783192.57277974 10783481.57366295 10783771.57454921 10784060.57543241]"	0.0	0.0	0.0
940.5204957484946	2.0	trials	2.0	1.0	1.0	0.0	10000.0	1.0	True	40.0	0.0	0.005	"[10893763.91069305 10894054.91158237 10894344.91246863 10894633.91335183
 10894923.9142381  10895213.91512436 10895503.91601062 10895791.91689077
 10896081.91777703 10896371.91866329 10896660.9195465  10896950.92043276
 10897240.92131902 10897529.92220223 10897819.92308849 10898109.92397475
 10898398.92485796 10898687.92574116 10898978.92663048 10899267.92751369]"	0.0	0.0	0.0
949.5145040348352	2.0	trials	2.0	1.0	1.0	0.0	10000.0	1.0	True	40.0	0.0	0.005	"[10997862.22882438 10998151.22970759 10998442.23059691 10998731.23148011
 10999021.23236637 10999310.23324958 10999600.23413584 10999889.23501905
 11000179.23590531 11000469.23679157 11000758.23767478 11001049.23856409
 11001338.2394473  11001627.24033051 11001917.24121677 11002207.24210303
 11002497.24298929 11002787.24387555 11003075.2447557  11003366.24564502]"	0.0	0.0	0.0
959.4687648557772	2.0	trials	2.0	1.0	1.0	0.0	10000.0	1.0	True	40.0	0.0	0.005	"[11113073.58091788 11113363.58180414 11113652.58268735 11113942.58357361
 11114232.58445987 11114522.58534613 11114811.58622934 11115101.5871156
 11115391.58800186 11115681.58888813 11115970.58977133 11116259.59065454
 11116549.5915408  11116839.59242706 11117129.59331332 11117418.59419653
 11117707.59507973 11117997.59596599 11118287.59685226 11118577.59773852]"	0.0	0.0	0.0
965.834736310647	2.0	trials	2.0	1.0	1.0	0.0	10000.0	1.0	True	40.0	0.0	0.005	"[11186754.80609257 11187043.80697577 11187332.80785898 11187623.8087483
 11187912.8096315  11188202.81051777 11188491.81140097 11188782.81229029
 11189070.81317044 11189360.8140567  11189650.81494296 11189940.81582922
 11190229.81671243 11190518.81759564 11190808.8184819  11191098.81936816
 11191389.82025748 11191677.82113763 11191966.82202083 11192257.82291015]"	0.0	0.0	0.0
972.2078789874325	2.0	trials	2.0	1.0	1.0	0.0	10000.0	1.0	True	40.0	0.0	0.005	"[11260518.03151786 11260807.03240106 11261097.03328732 11261386.03417053
 11261676.03505679 11261966.03594305 11262256.03682932 11262546.03771558
 11262835.03859878 11263125.03948504 11263415.04037131 11263704.04125451
 11263993.04213772 11264283.04302398 11264573.04391024 11264862.04479345
 11265152.04567971 11265442.04656597 11265731.04744918 11266021.04833544]"	0.0	0.0	0.0
980.1089239335981	2.0	trials	2.0	1.0	1.0	0.0	10000.0	1.0	True	40.0	0.0	0.005	"[11351964.31098372 11352255.31187304 11352544.31275625 11352834.31364251
 11353123.31452572 11353413.31541198 11353703.31629824 11353992.31718144
 11354282.31806771 11354571.31895091 11354861.31983717 11355151.32072344
 11355440.32160664 11355729.32248985 11356019.32337611 11356309.32426237
 11356598.32514558 11356889.32603489 11357178.3269181  11357467.32780131]"	0.0	0.0	0.0
990.9872355785063	2.0	trials	2.0	1.0	1.0	0.0	10000.0	1.0	True	40.0	0.0	0.005	"[11477870.69576195 11478160.69664821 11478450.69753447 11478740.69842074
 11479029.69930394 11479319.7001902  11479609.70107646 11479898.70195967
 11480187.70284287 11480478.70373219 11480767.7046154  11481057.70550166
 11481347.70638792 11481636.70727113 11481925.70815433 11482216.70904365
 11482505.70992686 11482794.71081006 11483084.71169632 11483374.71258259]"	0.0	0.0	0.0
999.5130408339845	2.0	trials	2.0	1.0	1.0	0.0	10000.0	1.0	True	40.0	0.0	0.005	"[11576549.99733241 11576838.99821561 11577128.99910188 11577418.99998814
 11577709.0008744  11577997.00175455 11578288.00264387 11578577.00352707
 11578867.00441334 11579156.00529654 11579446.0061828  11579735.00706601
 11580026.00795533 11580315.00883853 11580604.00972174 11580894.010608
 11581184.01149426 11581473.01237747 11581763.01326373 11582052.01414694]"	0.0	0.0	0.0
1007.5710750599209	2.0	trials	2.0	1.0	1.0	0.0	10000.0	1.0	True	40.0	0.0	0.005	"[11669814.28235422 11670103.28323743 11670392.28412063 11670683.28500995
 11670972.28589316 11671261.28677636 11671552.28766568 11671841.28854888
 11672131.28943515 11672420.29031835 11672710.29120462 11672999.29208782
 11673289.29297408 11673579.29386034 11673868.29474355 11674157.29562676
 11674447.29651302 11674737.29739928 11675026.29828249 11675316.29916875]"	0.0	0.0	0.0
1015.9022205205047	2.0	trials	2.0	1.0	1.0	0.0	10000.0	1.0	True	40.0	0.0	0.005	"[11766239.57703629 11766528.57791949 11766817.5788027  11767107.57968896
 11767397.58057522 11767686.58145843 11767976.58234469 11768266.58323095
 11768556.58411722 11768845.58500042 11769135.58588668 11769425.58677294
 11769714.58765615 11770003.58853936 11770294.58942867 11770583.59031188
 11770872.59119508 11771163.5920844  11771452.59296761 11771741.59385082]"	0.0	0.0	0.0
1024.9893682914865	2.0	trials	2.0	1.0	1.0	0.0	10000.0	1.0	True	40.0	0.0	0.005	"[11871414.89845902 11871704.89934528 11871993.90022848 11872283.90111475
 11872572.90199795 11872862.90288421 11873151.90376742 11873441.90465368
 11873731.90553994 11874020.90642315 11874310.90730941 11874599.90819261
 11874890.90908193 11875179.90996514 11875469.9108514  11875759.91173766
 11876049.91262393 11876338.91350713 11876627.91439034 11876917.9152766 ]"	0.0	0.0	0.0
1033.0510313285124	2.0	trials	2.0	1.0	1.0	0.0	10000.0	1.0	False	0.0	0.0	0.0	"[nan nan nan nan nan nan nan nan nan nan nan nan nan nan nan nan nan nan
 nan nan]"	0.0	0.0	0.0
1039.5875569046082	2.0	trials	2.0	1.0	1.0	0.0	10000.0	1.0	True	40.0	0.0	0.005	"[11967459.19197672 11967748.19285992 11968038.19374618 11968328.19463245
 11968618.19551871 11968907.19640191 11969196.19728512 11969486.19817138
 11969776.19905764 11970066.19994391 11970355.20082711 11970644.20171032
 11970935.20259963 11971225.2034859  11971514.2043691  11971804.20525536
 11972093.20613857 11972383.20702483 11972672.20790804 11972962.2087943 ]"	0.0	0.0	0.0
1046.5174628829027	2.0	trials	2.0	1.0	1.0	0.0	10000.0	1.0	True	40.0	0.0	0.005	"[12040374.41481045 12040664.41569671 12040953.41657992 12041244.41746924
 12041533.41835244 12041823.41923871 12042113.42012497 12042402.42100817
 12042692.42189443 12042982.42278069 12043271.4236639  12043560.42454711
 12043850.42543337 12044140.42631963 12044429.42720284 12044719.4280891
 12045009.42897536 12045298.42985857 12045589.43074789 12045877.43162804]"	0.0	0.0	0.0
1057.2577069058661	2.0	trials	2.0	1.0	1.0	0.0	10000.0	1.0	True	40.0	0.0	0.005	"[12120581.65992909 12120871.66081535 12121161.66170161 12121450.66258482
 12121740.66347108 12122029.66435429 12122320.66524361 12122609.66612681
 12122899.66701307 12123188.66789627 12123478.66878254 12123767.66966575
 12124057.67055201 12124347.67143827 12124636.67232147 12124926.67320774
 12125216.674094   12125505.6749772  12125795.67586347 12126085.67674973]"	0.0	0.0	0.0
1067.0982649793243	2.0	trials	2.0	1.0	1.0	0.0	10000.0	1.0	True	40.0	0.0	0.005	"[12244890.03982371 12245180.04070997 12245469.04159317 12245760.04248249
 12246048.04336264 12246339.04425196 12246628.04513517 12246918.04602142
 12247207.04690463 12247497.04779089 12247787.04867716 12248076.04956036
 12248366.05044662 12248655.05132983 12248946.05221915 12249235.05310235
 12249525.05398861 12249814.05487182 12250103.05575503 12250393.05664129]"	0.0	0.0	0.0
1074.3156246360982	2.0	trials	2.0	1.0	1.0	0.0	10000.0	1.0	True	40.0	0.0	0.005	"[12358785.38789541 12359075.38878167 12359364.38966488 12359653.39054808
 12359944.3914374  12360234.39232366 12360523.39320687 12360812.39409007
 12361103.39497939 12361392.3958626  12361681.3967458  12361972.39763512
 12362260.39851527 12362550.39940153 12362840.40028779 12363130.40117405
 12363419.40205726 12363709.40294352 12363999.40382979 12364289.40471605]"	0.0	0.0	0.0
1082.8595739470259	2.0	trials	2.0	1.0	1.0	0.0	10000.0	1.0	True	40.0	0.0	0.005	"[12442319.64318161 12442609.64406787 12442899.64495413 12443189.64584039
 12443477.64672054 12443767.6476068  12444057.64849307 12444347.64937933
 12444636.65026253 12444925.65114574 12445216.65203506 12445506.65292132
 12445795.65380452 12446084.65468773 12446375.65557705 12446665.65646331
 12446953.65734346 12447243.65822972 12447532.65911293 12447823.66000224]"	0.0	0.0	0.0
1090.755607677877	2.0	trials	2.0	1.0	1.0	0.0	10000.0	1.0	True	40.0	0.0	0.005	"[12541208.94539384 12541497.94627705 12541787.94716331 12542077.94804957
 12542366.94893278 12542656.94981904 12542946.9507053  12543236.95159156
 12543525.95247477 12543814.95335798 12544104.95424424 12544394.9551305
 12544684.95601676 12544974.95690303 12545263.95778623 12545553.95867249
 12545843.95955876 12546131.9604389  12546421.96132516 12546711.96221142]"	0.0	0.0	0.0
1101.346811245362	2.0	trials	2.0	1.0	1.0	0.0	10000.0	1.0	True	40.0	0.0	0.005	"[12632597.22468246 12632887.22556872 12633177.22645498 12633466.22733819
 12633755.22822139 12634046.22911071 12634335.22999392 12634625.23088018
 12634914.23176338 12635204.23264965 12635494.23353591 12635784.23442217
 12636073.23530538 12636363.23619164 12636652.23707484 12636942.23796111
 12637231.23884431 12637521.23973057 12637810.24061378 12638100.24150004]"	0.0	0.0	0.0
1108.995826621307	2.0	trials	2.0	1.0	1.0	0.0	10000.0	1.0	True	40.0	0.0	0.005	"[12755180.59930534 12755470.6001916  12755759.60107481 12756049.60196107
 12756339.60284734 12756629.6037336  12756919.60461986 12757209.60550612
 12757498.60638933 12757788.60727559 12758077.6081588  12758366.609042
 12758655.60992521 12758946.61081452 12759236.61170078 12759525.61258399
 12759814.6134672  12760105.61435651 12760394.61523972 12760684.61612599]"	0.0	0.0	0.0
1119.5437436565053	2.0	trials	2.0	1.0	1.0	0.0	10000.0	1.0	True	40.0	0.0	0.005	"[12843710.8698597  12844000.87074596 12844290.87163222 12844579.87251542
 12844869.87340169 12845159.87428795 12845448.87517116 12845738.87605742
 12846027.87694062 12846317.87782688 12846607.87871315 12846896.87959635
 12847186.88048261 12847476.88136888 12847765.88225208 12848055.88313834
 12848344.88402155 12848634.88490781 12848924.88579407 12849213.88667728]"	0.0	0.0	0.0
1130.3919016092616	2.0	trials	2.0	1.0	1.0	0.0	10000.0	1.0	True	40.0	0.0	0.005	"[12965793.24295149 12966084.2438408  12966372.24472095 12966663.24561027
 12966952.24649348 12967242.24737974 12967531.24826295 12967821.24914921
 12968110.25003242 12968401.25092173 12968690.25180494 12968980.2526912
 12969269.25357441 12969559.25446067 12969849.25534693 12970138.25623013
 12970428.2571164  12970717.2579996  12971007.25888586 12971296.25976907]"	0.0	0.0	0.0
1141.1549553019333	2.0	trials	2.0	1.0	1.0	0.0	10000.0	1.0	True	40.0	0.0	0.005	"[13091350.62666314 13091640.6275494  13091930.62843567 13092219.62931887
 13092509.63020513 13092800.63109445 13093089.63197766 13093378.63286086
 13093668.63374712 13093957.63463033 13094248.63551965 13094537.63640285
 13094827.63728912 13095116.63817232 13095406.63905858 13095695.63994179
 13095985.64082805 13096275.64171431 13096565.64260058 13096854.64348378]"	0.0	0.0	0.0
1150.9841949408014	2.0	trials	2.0	1.0	1.0	0.0	10000.0	1.0	True	40.0	0.0	0.005	"[13215923.00736456 13216213.00825082 13216503.00913709 13216793.01002335
 13217082.01090655 13217372.01179282 13217661.01267602 13217951.01356228
 13218241.01444855 13218531.01533481 13218820.01621801 13219109.01710122
 13219400.01799054 13219689.01887374 13219978.01975695 13220268.02064321
 13220558.02152947 13220848.02241573 13221137.02329894 13221427.0241852 ]"	0.0	0.0	0.0
1161.587062543933	2.0	trials	2.0	1.0	1.0	0.0	10000.0	1.0	True	40.0	0.0	0.005	"[13329687.35503592 13329976.35591913 13330267.35680844 13330556.35769165
 13330846.35857791 13331136.35946417 13331425.36034738 13331714.36123058
 13332004.36211685 13332293.36300005 13332584.36388937 13332874.36477563
 13333163.36565884 13333452.36654204 13333742.36742831 13334032.36831457
 13334322.36920083 13334611.37008404 13334901.3709703  13335191.37185656]"	0.0	0.0	0.0
1167.8924674137065	2.0	trials	2.0	1.0	1.0	0.0	10000.0	1.0	True	40.0	0.0	0.005	"[13452405.73007137 13452694.73095458 13452984.73184084 13453274.7327271
 13453563.73361031 13453853.73449657 13454143.73538283 13454432.73626604
 13454722.7371523  13455012.73803856 13455301.73892177 13455592.73981109
 13455882.74069735 13456171.74158056 13456460.74246376 13456750.74335003
 13457040.74423628 13457328.74511643 13457619.74600575 13457908.74688896]"	0.0	0.0	0.0
1174.4383242183192	2.0	trials	2.0	1.0	1.0	0.0	10000.0	1.0	True	40.0	0.0	0.005	"[13525385.95310375 13525674.95398696 13525964.95487322 13526254.95575948
 13526544.95664575 13526832.9575259  13527123.95841521 13527413.95930148
 13527702.96018468 13527991.96106789 13528281.96195415 13528571.96284041
 13528861.96372668 13529150.96460988 13529440.96549614 13529730.9663824
 13530020.96726866 13530309.96815187 13530599.96903813 13530888.96992134]"	0.0	0.0	0.0
1180.912555204038	2.0	trials	2.0	1.0	1.0	0.0	10000.0	1.0	True	40.0	0.0	0.005	"[13601148.18463814 13601438.1855244  13601727.18640761 13602017.18729387
 13602306.18817707 13602596.18906333 13602886.1899496  13603176.19083586
 13603465.19171906 13603755.19260532 13604044.19348853 13604334.19437479
 13604623.195258   13604913.19614426 13605203.19703053 13605493.19791678
 13605783.19880304 13606072.19968625 13606361.20056946 13606651.20145572]"	0.0	0.0	0.0
1188.1374316837835	2.0	trials	2.0	1.0	1.0	0.0	10000.0	1.0	True	40.0	0.0	0.005	"[13676081.41363903 13676370.41452224 13676660.4154085  13676950.41629476
 13677238.41717491 13677529.41806423 13677818.41894743 13678108.4198337
 13678398.42071996 13678688.42160622 13678977.42248943 13679267.42337569
 13679557.42426195 13679846.42514515 13680135.42602836 13680425.42691462
 13680715.42780089 13681004.42868409 13681295.42957341 13681584.43045662]"	0.0	0.0	0.0
1195.3604937579844	2.0	trials	2.0	1.0	1.0	0.0	10000.0	1.0	True	40.0	0.0	0.005	"[13759702.66919111 13759991.67007432 13760280.67095752 13760570.67184378
 13760859.67272699 13761149.67361325 13761440.67450257 13761728.67538272
 13762018.67626898 13762309.6771583  13762598.6780415  13762888.67892777
 13763177.67981097 13763466.68069418 13763756.68158044 13764046.6824667
 13764336.68335296 13764625.68423617 13764915.68512243 13765205.68600869]"	0.0	0.0	0.0
1203.2026137240712	2.0	trials	2.0	1.0	1.0	0.0	10000.0	1.0	True	40.0	0.0	0.005	"[13843301.92467595 13843591.92556221 13843881.92644848 13844170.92733168
 13844460.92821794 13844749.92910115 13845040.92999047 13845329.93087368
 13845619.93175993 13845908.93264314 13846198.9335294  13846487.93441261
 13846777.93529887 13847067.93618513 13847356.93706834 13847645.93795155
 13847936.93884086 13848225.93972407 13848514.94060728 13848804.94149354]"	0.0	0.0	0.0
1209.4673240694794	2.0	trials	2.0	1.0	1.0	0.0	10000.0	1.0	True	40.0	0.0	0.005	"[13934068.20206369 13934357.20294689 13934647.20383316 13934937.20471942
 13935226.20560263 13935516.20648889 13935805.20737209 13936095.20825836
 13936385.20914462 13936675.21003088 13936964.21091408 13937254.21180034
 13937543.21268355 13937833.21356981 13938122.21445302 13938412.21533928
 13938702.21622554 13938992.2171118  13939281.21799501 13939572.21888433]"	0.0	0.0	0.0
1219.5947310195686	2.0	trials	2.0	1.0	1.0	0.0	10000.0	1.0	True	40.0	0.0	0.005	"[14006575.42365055 14006865.42453681 14007155.42542307 14007445.42630933
 14007734.42719254 14008025.42808186 14008314.42896506 14008603.42984827
 14008893.43073453 14009182.43161773 14009472.43250399 14009761.4333872
 14010051.43427347 14010342.43516278 14010631.43604599 14010920.43692919
 14011210.43781546 14011500.43870172 14011789.43958492 14012079.44047119]"	0.0	0.0	0.0
1230.454812208763	2.0	trials	2.0	1.0	1.0	0.0	10000.0	1.0	True	40.0	0.0	0.005	"[14123791.78187148 14124080.78275468 14124369.78363789 14124660.7845272
 14124950.78541347 14125239.78629667 14125529.78718293 14125819.7880692
 14126108.7889524  14126398.78983866 14126687.79072187 14126977.79160813
 14127267.79249439 14127556.7933776  14127845.7942608  14128135.79514707
 14128425.79603333 14128714.79691654 14129004.7978028  14129294.79868906]"	0.0	0.0	0.0
1238.2848361378835	2.0	trials	2.0	1.0	1.0	0.0	10000.0	1.0	True	40.0	0.0	0.005	"[14249487.16600487 14249776.16688807 14250066.16777434 14250355.16865754
 14250645.1695438  14250934.17042701 14251224.17131327 14251513.17219648
 14251804.17308579 14252094.17397206 14252382.17485221 14252672.17573847
 14252962.17662473 14253252.17751099 14253541.1783942  14253831.17928046
 14254120.18016366 14254410.18104993 14254700.18193619 14254990.18282245]"	0.0	0.0	0.0
1244.9271156371706	2.0	trials	2.0	1.0	1.0	0.0	10000.0	1.0	True	40.0	0.0	0.005	"[14340111.44295864 14340400.44384185 14340691.44473116 14340979.44561131
 14341269.44649758 14341559.44738384 14341849.4482701  14342139.44915636
 14342428.45003957 14342718.45092583 14343007.45180904 14343297.4526953
 14343588.45358462 14343876.45446477 14344167.45535408 14344456.45623729
 14344745.45712049 14345036.45800981 14345325.45889302 14345614.45977622]"	0.0	0.0	0.0
1254.9530886772702	2.0	trials	2.0	1.0	1.0	0.0	10000.0	1.0	True	40.0	0.0	0.005	"[14416989.6779036  14417279.67878987 14417569.67967613 14417858.68055933
 14418148.68144559 14418438.68233186 14418728.68321812 14419017.68410132
 14419306.68498453 14419596.68587079 14419885.686754   14420175.68764026
 14420465.68852652 14420755.68941278 14421044.69029599 14421334.69118225
 14421623.69206546 14421913.69295172 14422203.69383798 14422493.69472424]"	0.0	0.0	0.0
1262.4295627259164	2.0	trials	2.0	1.0	1.0	0.0	10000.0	1.0	True	40.0	0.0	0.005	"[14533032.0325367  14533322.03342296 14533612.03430922 14533901.03519243
 14534191.03607869 14534480.0369619  14534769.0378451  14535060.03873442
 14535350.03962068 14535638.04050083 14535928.04138709 14536218.04227336
 14536508.04315962 14536797.04404282 14537087.04492909 14537376.04581229
 14537666.04669855 14537956.04758482 14538245.04846802 14538535.04935428]"	0.0	0.0	0.0
1273.127989021082	2.0	trials	2.0	1.0	1.0	0.0	10000.0	1.0	True	40.0	0.0	0.005	"[14619564.29698502 14619854.29787128 14620143.29875448 14620433.29964074
 14620723.30052701 14621012.30141021 14621302.30229647 14621591.30317968
 14621881.30406594 14622171.3049522  14622461.30583846 14622750.30672167
 14623039.30760488 14623330.30849419 14623619.3093774  14623908.3102606
 14624198.31114687 14624488.31203313 14624778.31291939 14625067.3138026 ]"	0.0	0.0	0.0
1281.41351514225	2.0	trials	2.0	1.0	1.0	0.0	10000.0	1.0	True	40.0	0.0	0.005	"[14743388.67540049 14743678.67628675 14743968.67717301 14744258.67805927
 14744547.67894248 14744836.67982569 14745126.68071195 14745416.68159821
 14745705.68248142 14745996.68337073 14746284.68425088 14746574.68513715
 14746865.68602647 14747154.68690967 14747444.68779593 14747733.68867914
 14748023.6895654  14748313.69045166 14748602.69133486 14748891.69221807]"	0.0	0.0	0.0
1292.0518068536396	2.0	trials	2.0	1.0	1.0	0.0	10000.0	1.0	True	40.0	0.0	0.005	"[14839285.96846895 14839575.96935521 14839865.97024147 14840154.97112468
 14840444.97201094 14840733.97289415 14841023.9737804  14841312.97466362
 14841603.97555293 14841891.97643308 14842182.9773224  14842471.9782056
 14842760.97908881 14843051.97997813 14843340.98086133 14843630.9817476
 14843920.98263386 14844209.98351706 14844498.98440027 14844788.98528653]"	0.0	0.0	0.0
1300.2773711915602	2.0	trials	2.0	1.0	1.0	0.0	10000.0	1.0	True	40.0	0.0	0.005	"[14962413.34475434 14962704.34564366 14962993.34652686 14963283.34741312
 14963572.34829633 14963863.34918565 14964152.35006886 14964441.35095206
 14964732.35184138 14965021.35272458 14965311.35361085 14965601.35449711
 14965890.35538031 14966179.35626352 14966470.35715284 14966759.35803604
 14967049.3589223  14967338.35980551 14967627.36068872 14967918.36157803]"	0.0	0.0	0.0
1308.1432512302592	2.0	trials	2.0	1.0	1.0	0.0	10000.0	1.0	True	40.0	0.0	0.005	"[15057618.635708   15057907.6365912  15058196.6374744  15058487.63836372
 15058776.63924693 15059065.64013013 15059355.6410164  15059645.64190266
 15059935.64278892 15060224.64367213 15060514.64455839 15060804.64544465
 15061093.64632786 15061382.64721106 15061673.64810038 15061962.64898359
 15062251.64986679 15062541.65075305 15062831.65163931 15063121.65252558]"	0.0	0.0	0.0
1315.799524228384	2.0	trials	2.0	1.0	1.0	0.0	10000.0	1.0	True	40.0	0.0	0.005	"[15148658.91393309 15148947.9148163  15149238.91570562 15149526.91658577
 15149816.91747203 15150107.91836135 15150396.91924455 15150686.92013082
 15150975.92101402 15151265.92190028 15151555.92278655 15151844.92366975
 15152134.92455601 15152423.92543922 15152713.92632548 15153003.92721174
 15153293.928098   15153582.92898121 15153871.92986442 15154161.93075068]"	0.0	0.0	0.0
1323.9596835664217	2.0	trials	2.0	1.0	1.0	0.0	10000.0	1.0	True	40.0	0.0	0.005	"[15237273.18474416 15237562.18562736 15237852.18651363 15238143.18740294
 15238431.18828309 15238721.18916935 15239011.19005562 15239301.19094188
 15239590.19182508 15239880.19271135 15240170.19359761 15240459.19448081
 15240749.19536708 15241039.19625334 15241328.19713654 15241617.19801975
 15241907.19890601 15242197.19979227 15242486.20067548 15242776.20156174]"	0.0	0.0	0.0
1333.862881831313	2.0	trials	2.0	1.0	1.0	0.0	10000.0	1.0	True	40.0	0.0	0.005	"[15331719.47337825 15332008.47426146 15332297.47514466 15332588.47603398
 15332877.47691718 15333166.47780039 15333457.47868971 15333745.47956986
 15334035.48045612 15334325.48134238 15334615.48222864 15334905.48311491
 15335194.48399811 15335484.48488437 15335774.48577064 15336062.48665079
 15336352.48753705 15336642.48842331 15336932.48930957 15337221.49019278]"	0.0	0.0	0.0
1340.8302855242032	2.0	trials	2.0	1.0	1.0	0.0	10000.0	1.0	True	40.0	0.0	0.005	"[15446339.82366561 15446628.82454881 15446918.82543508 15447208.82632134
 15447497.82720454 15447787.82809081 15448076.82897401 15448366.82986027
 15448655.83074348 15448946.8316328  15449235.832516   15449524.83339921
 15449814.83428547 15450104.83517173 15450394.83605799 15450684.83694425
 15450973.83782746 15451262.83871067 15451553.83959999 15451841.84048014]"	0.0	0.0	0.0
1351.3502088738508	2.0	trials	2.0	1.0	1.0	0.0	10000.0	1.0	True	40.0	0.0	0.005	"[15526981.07011058 15527271.07099684 15527560.07188005 15527850.07276631
 15528140.07365257 15528430.07453883 15528719.07542204 15529009.0763083
 15529299.07719456 15529588.07807777 15529877.07896098 15530167.07984724
 15530456.08073044 15530746.08161671 15531036.08250297 15531326.08338923
 15531615.08427243 15531905.08515869 15532195.08604496 15532484.08692816]"	0.0	0.0	0.0
1357.692161055316	2.0	trials	2.0	1.0	1.0	0.0	10000.0	1.0	True	40.0	0.0	0.005	"[15648739.44221221 15649028.44309541 15649318.44398167 15649607.44486488
 15649898.4457542  15650187.4466374  15650477.44752366 15650765.44840381
 15651055.44929008 15651346.45017939 15651634.45105954 15651924.45194581
 15652214.45283207 15652503.45371527 15652794.45460459 15653084.45549085
 15653372.456371   15653662.45725726 15653952.45814352 15654241.45902673]"	0.0	0.0	0.0
1364.3402293722943	2.0	trials	2.0	1.0	1.0	0.0	10000.0	1.0	True	40.0	0.0	0.005	"[15722140.6665312  15722429.6674144  15722720.66830372 15723009.66918692
 15723299.67007319 15723588.67095639 15723878.67184265 15724167.67272586
 15724457.67361212 15724746.67449533 15725037.67538464 15725326.67626785
 15725616.67715411 15725906.67804037 15726195.67892358 15726484.67980678
 15726775.6806961  15727064.68157931 15727353.68246251 15727643.68334877]"	0.0	0.0	0.0
1371.6000115587142	2.0	trials	2.0	1.0	1.0	0.0	10000.0	1.0	True	40.0	0.0	0.005	"[15799086.90168397 15799375.90256717 15799665.90345343 15799955.9043397
 15800244.9052229  15800534.90610917 15800824.90699543 15801114.90788169
 15801403.9087649  15801693.90965116 15801982.91053436 15802272.91142062
 15802562.91230689 15802852.91319315 15803141.91407635 15803430.91495956
 15803720.91584582 15804010.91673208 15804300.91761834 15804589.91850155]"	0.0	0.0	0.0
1380.5761349903978	2.0	trials	2.0	1.0	1.0	0.0	10000.0	1.0	True	40.0	0.0	0.005	"[15883111.15846764 15883402.15935696 15883691.16024017 15883981.16112643
 15884270.16200963 15884560.1628959  15884849.1637791  15885139.16466537
 15885428.16554857 15885718.16643483 15886008.16732109 15886298.16820736
 15886588.16909362 15886877.16997682 15887167.17086308 15887457.17174935
 15887746.17263255 15888035.17351576 15888325.17440202 15888615.17528828]"	0.0	0.0	0.0
1390.1828075490846	2.0	trials	2.0	1.0	1.0	0.0	10000.0	1.0	True	40.0	0.0	0.005	"[15987002.47596637 15987292.47685263 15987582.47773889 15987870.47861904
 15988160.47950531 15988450.48039157 15988739.48127477 15989030.48216409
 15989319.4830473  15989609.48393356 15989899.48481982 15990188.48570302
 15990478.48658929 15990767.48747249 15991057.48835875 15991347.48924502
 15991636.49012822 15991926.49101448 15992216.49190075 15992505.49278395]"	0.0	0.0	0.0
1400.8324176950646	2.0	trials	2.0	1.0	1.0	0.0	10000.0	1.0	True	40.0	0.0	0.005	"[16098189.81576222 16098479.81664848 16098770.8175378  16099059.81842101
 16099348.81930421 16099639.82019353 16099927.82107368 16100217.82195994
 16100507.8228462  16100796.82372941 16101086.82461567 16101376.82550193
 16101666.82638819 16101954.82726834 16102245.82815766 16102534.82904087
 16102825.82993019 16103113.83081033 16103404.83169965 16103693.83258286]"	0.0	0.0	0.0
1408.0203148617989	2.0	trials	2.0	1.0	1.0	0.0	10000.0	1.0	True	40.0	0.0	0.005	"[16221450.19245407 16221739.19333727 16222030.19422659 16222319.1951098
 16222608.195993   16222898.19687927 16223188.19776553 16223478.19865179
 16223767.199535   16224056.2004182  16224347.20130752 16224636.20219073
 16224926.20307698 16225215.20396019 16225505.20484646 16225795.20573272
 16226084.20661592 16226374.20750218 16226664.20838845 16226953.20927165]"	0.0	0.0	0.0
1416.9724190200775	2.0	trials	2.0	1.0	1.0	0.0	10000.0	1.0	True	40.0	0.0	0.005	"[16304642.44669509 16304932.44758135 16305222.44846761 16305512.44935388
 16305801.45023708 16306091.45112334 16306380.45200655 16306670.45289281
 16306960.45377908 16307250.45466533 16307539.45554854 16307829.4564348
 16308118.45731801 16308407.45820121 16308698.45909053 16308987.45997374
 16309277.46086    16309566.46174321 16309856.46262947 16310145.46351267]"	0.0	0.0	0.0
1424.5327013248477	2.0	trials	2.0	1.0	1.0	0.0	10000.0	1.0	True	40.0	0.0	0.005	"[16408255.76334423 16408545.76423049 16408834.76511369 16409123.7659969
 16409414.76688622 16409704.76777248 16409993.76865568 16410282.76953889
 16410572.77042515 16410862.77131141 16411151.77219462 16411440.77307783
 16411730.77396409 16412020.77485035 16412310.77573661 16412599.77661982
 16412889.77750608 16413179.77839234 16413468.77927555 16413758.78016181]"	0.0	0.0	0.0
1430.9707305999314	2.0	trials	2.0	1.0	1.0	0.0	10000.0	1.0	True	40.0	0.0	0.005	"[16495759.03075999 16496048.03164319 16496338.03252946 16496628.03341572
 16496917.03429892 16497207.03518519 16497496.03606839 16497787.03695771
 16498075.03783786 16498366.03872718 16498655.03961038 16498945.04049664
 16499234.04137985 16499524.04226611 16499813.04314932 16500104.04403864
 16500393.04492184 16500683.0458081  16500972.04669131 16501262.04757757]"	0.0	0.0	0.0
1439.0947746275983	2.0	trials	2.0	1.0	1.0	0.0	10000.0	1.0	True	40.0	0.0	0.005	"[16570273.25848039 16570563.25936665 16570853.26025291 16571142.26113612
 16571431.26201932 16571721.26290558 16572011.26379185 16572301.26467811
 16572590.26556132 16572880.26644758 16573169.26733078 16573459.26821705
 16573748.26910025 16574038.26998651 16574328.27087278 16574617.27175598
 16574907.27264224 16575196.27352545 16575487.27441476 16575776.27529797]"	0.0	0.0	0.0
1447.8786574717803	2.0	trials	2.0	1.0	1.0	0.0	10000.0	1.0	True	40.0	0.0	0.005	"[16664300.54583399 16664590.54672025 16664879.54760345 16665169.54848972
 16665458.54937292 16665748.55025918 16666038.55114545 16666327.55202865
 16666617.55291492 16666907.55380118 16667197.55468743 16667486.55557064
 16667776.5564569  16668066.55734317 16668355.55822637 16668645.55911263
 16668934.55999584 16669224.5608821  16669513.56176531 16669803.56265157]"	0.0	0.0	0.0
1456.6929532089066	2.0	trials	2.0	1.0	1.0	0.0	10000.0	1.0	True	40.0	0.0	0.005	"[16765965.85652989 16766254.85741309 16766544.85829935 16766834.85918562
 16767124.86007188 16767414.86095814 16767704.8618444  16767993.86272761
 16768282.86361082 16768571.86449402 16768862.86538334 16769150.86626349
 16769441.86715281 16769731.86803907 16770020.86892227 16770310.86980854
 16770600.8706948  16770889.871578   16771179.87246426 16771468.87334747]"	0.0	0.0	0.0
1465.026777077676	2.0	trials	2.0	1.0	1.0	0.0	10000.0	1.0	True	40.0	0.0	0.005	"[16867984.16830458 16868274.16919085 16868563.17007405 16868852.17095726
 16869143.17184658 16869432.17272978 16869722.17361604 16870011.17449925
 16870301.17538551 16870591.17627177 16870880.17715498 16871170.17804124
 16871460.1789275  16871750.17981376 16872039.18069697 16872328.18158017
 16872618.18246644 16872908.1833527  16873197.1842359  16873487.18512217]"	0.0	0.0	0.0
1472.8270793159643	2.0	trials	2.0	1.0	1.0	0.0	10000.0	1.0	True	40.0	0.0	0.005	"[16964440.46308139 16964729.4639646  16965019.46485085 16965308.46573406
 16965597.46661727 16965886.46750048 16966177.46838979 16966466.469273
 16966756.47015926 16967046.47104552 16967336.47193178 16967626.47281805
 16967914.4736982  16968204.47458446 16968495.47547377 16968784.47635698
 16969073.47724019 16969363.47812645 16969653.47901271 16969943.47989897]"	0.0	0.0	0.0
1479.6165848651851	2.0	trials	2.0	1.0	1.0	0.0	10000.0	1.0	True	40.0	0.0	0.005	"[17054720.73898387 17055011.73987319 17055300.7407564  17055590.74164266
 17055879.74252586 17056169.74341213 17056459.74429839 17056749.74518465
 17057037.7460648  17057328.74695412 17057618.74784038 17057906.74872053
 17058197.74960985 17058486.75049305 17058775.75137626 17059066.75226558
 17059355.75314878 17059644.75403199 17059934.75491825 17060224.75580451]"	0.0	0.0	0.0
1488.685070179133	2.0	trials	2.0	1.0	1.0	0.0	10000.0	1.0	True	40.0	0.0	0.005	"[17133302.97913639 17133591.98001959 17133881.98090585 17134171.98179211
 17134461.98267838 17134750.98356158 17135040.98444784 17135329.98533105
 17135620.98622037 17135909.98710357 17136198.98798678 17136488.98887304
 17136777.98975625 17137068.99064557 17137356.99152572 17137646.99241198
 17137936.99329824 17138227.99418756 17138516.99507076 17138806.99595703]"	0.0	0.0	0.0
1496.4077849803089	2.0	trials	2.0	1.0	1.0	0.0	10000.0	1.0	True	40.0	0.0	0.005	"[17238262.299899   17238552.30078527 17238842.30167152 17239132.30255779
 17239421.30344099 17239711.30432725 17240001.30521351 17240290.30609672
 17240579.30697993 17240870.30786924 17241159.30875245 17241449.30963871
 17241738.31052192 17242029.31141124 17242318.31229444 17242607.31317765
 17242897.31406391 17243186.31494712 17243477.31583644 17243766.31671964]"	0.0	0.0	0.0
1505.1253124217037	2.0	trials	2.0	1.0	1.0	0.0	10000.0	1.0	True	40.0	0.0	0.005	"[17327645.57306018 17327934.57394339 17328224.57482965 17328513.57571286
 17328803.57659912 17329093.57748538 17329384.5783747  17329672.57925485
 17329963.58014417 17330252.58102737 17330542.58191364 17330831.58279684
 17331120.58368004 17331410.58456631 17331700.58545257 17331990.58633883
 17332280.58722509 17332569.5881083  17332859.58899456 17333149.58988082]"	0.0	0.0	0.0
1511.9419476538349	2.0	trials	2.0	1.0	1.0	0.0	10000.0	1.0	True	40.0	0.0	0.005	"[17428543.88141208 17428832.88229528 17429121.88317849 17429411.88406475
 17429701.88495101 17429991.88583727 17430280.88672048 17430570.88760674
 17430860.88849301 17431149.88937621 17431438.89025941 17431728.89114568
 17432018.89203194 17432307.89291514 17432597.89380141 17432887.89468767
 17433176.89557087 17433467.89646019 17433756.8973434  17434045.8982266 ]"	0.0	0.0	0.0
1518.4632667834583	2.0	trials	2.0	1.0	1.0	0.0	10000.0	1.0	True	40.0	0.0	0.005	"[17507440.1225242  17507728.12340435 17508018.12429061 17508309.12517993
 17508597.12606008 17508888.12694939 17509176.12782954 17509467.12871886
 17509757.12960513 17510046.13048833 17510335.13137154 17510625.1322578
 17510915.13314406 17511204.13402727 17511494.13491353 17511784.13579979
 17512074.13668605 17512362.1375662  17512652.13845246 17512942.13933872]"	0.0	0.0	0.0
1525.6223926622656	2.0	trials	2.0	1.0	1.0	0.0	10000.0	1.0	True	40.0	0.0	0.005	"[17582917.3531876  17583206.35407081 17583496.35495707 17583786.35584333
 17584076.35672959 17584365.3576128  17584655.35849906 17584944.35938226
 17585234.36026853 17585524.36115479 17585814.36204105 17586104.36292731
 17586393.36381052 17586682.36469372 17586972.36557998 17587262.36646624
 17587551.36734945 17587841.36823571 17588130.36911892 17588421.37000824]"	0.0	0.0	0.0
1532.1317021551868	2.0	trials	2.0	1.0	1.0	0.0	10000.0	1.0	True	40.0	0.0	0.005	"[17665778.60641706 17666067.60730026 17666357.60818652 17666647.60907279
 17666937.60995905 17667226.61084226 17667516.61172852 17667805.61261172
 17668095.61349799 17668385.61438425 17668674.61526745 17668965.61615677
 17669253.61703692 17669543.61792318 17669834.6188125  17670123.6196957
 17670412.62057891 17670701.62146212 17670992.62235143 17671280.62323158]"	0.0	0.0	0.0
1539.0918482258974	2.0	trials	2.0	1.0	1.0	0.0	10000.0	1.0	True	40.0	0.0	0.005	"[17741116.83665566 17741405.83753887 17741695.83842513 17741985.83931139
 17742275.84019766 17742564.84108086 17742854.84196712 17743144.84285339
 17743433.84373659 17743723.84462285 17744013.84550912 17744302.84639232
 17744592.84727858 17744882.84816484 17745171.84904805 17745460.84993125
 17745751.85082057 17746040.85170378 17746330.85259004 17746620.8534763 ]"	0.0	0.0	0.0
1546.3035918655078	2.0	trials	2.0	1.0	1.0	0.0	10000.0	1.0	True	40.0	0.0	0.005	"[17821674.08284393 17821964.08373019 17822254.08461645 17822543.08549966
 17822833.08638592 17823123.08727218 17823412.08815539 17823701.08903859
 17823991.08992485 17824281.09081111 17824570.09169432 17824860.09258058
 17825150.09346684 17825440.09435311 17825729.09523631 17826019.09612258
 17826309.09700884 17826598.09789204 17826888.0987783  17827177.09966151]"	0.0	0.0	0.0
1556.947585994325	2.0	trials	2.0	1.0	1.0	0.0	10000.0	1.0	True	40.0	0.0	0.005	"[17905143.33793148 17905433.33881775 17905723.339704   17906013.34059027
 17906302.34147347 17906592.34235973 17906881.34324294 17907171.3441292
 17907460.34501241 17907750.34589867 17908041.34678799 17908330.34767119
 17908620.34855745 17908909.34944066 17909198.35032387 17909488.35121013
 17909778.35209639 17910067.35297959 17910357.35386586 17910647.35475212]"	0.0	0.0	0.0
1563.2576564783574	2.0	trials	2.0	1.0	1.0	0.0	10000.0	1.0	True	40.0	0.0	0.005	"[18028338.71442468 18028628.71531095 18028917.71619415 18029207.71708041
 18029496.71796362 18029786.71884988 18030076.71973614 18030365.72061935
 18030656.72150867 18030945.72239187 18031234.72327508 18031525.7241644
 18031814.7250476  18032104.72593387 18032393.72681707 18032683.72770333
 18032972.72858654 18033261.72946975 18033552.73035906 18033841.73124227]"	0.0	0.0	0.0
1570.7120984596718	2.0	trials	2.0	1.0	1.0	0.0	10000.0	1.0	True	40.0	0.0	0.005	"[18101370.93761598 18101660.93850224 18101951.93939156 18102240.94027477
 18102530.94116103 18102819.94204424 18103109.9429305  18103398.9438137
 18103688.94469997 18103978.94558623 18104267.94646943 18104556.94735264
 18104846.9482389  18105137.94912822 18105426.95001142 18105715.95089463
 18106005.95178089 18106294.9526641  18106585.95355342 18106874.95443662]"	0.0	0.0	0.0
1577.4857927605722	2.0	trials	2.0	1.0	1.0	0.0	10000.0	1.0	True	40.0	0.0	0.005	"[18187649.20128805 18187939.20217431 18188229.20306057 18188518.20394378
 18188807.20482699 18189097.20571325 18189387.20659951 18189677.20748577
 18189967.20837203 18190256.20925524 18190546.2101415  18190836.21102776
 18191125.21191097 18191415.21279723 18191704.21368044 18191993.21456364
 18192283.21544991 18192573.21633616 18192863.21722243 18193153.21810869]"	0.0	0.0	0.0
1586.1507024411637	2.0	trials	2.0	1.0	1.0	0.0	10000.0	1.0	True	40.0	0.0	0.005	"[18266048.4408813  18266338.44176756 18266628.44265383 18266917.44353703
 18267206.44442024 18267497.44530956 18267787.44619582 18268076.44707903
 18268365.44796223 18268655.44884849 18268945.44973475 18269234.45061796
 18269524.45150422 18269814.45239048 18270103.45327369 18270392.45415689
 18270682.45504316 18270973.45593248 18271262.45681568 18271552.45770194]"	0.0	0.0	0.0
1596.3799753025628	2.0	trials	2.0	1.0	1.0	0.0	10000.0	1.0	True	40.0	0.0	0.005	"[18366337.74737204 18366626.74825525 18366915.74913846 18367205.75002472
 18367494.75090792 18367784.75179419 18368074.75268045 18368363.75356365
 18368653.75444992 18368943.75533618 18369233.75622244 18369522.75710565
 18369812.75799191 18370102.75887817 18370391.75976137 18370681.76064764
 18370970.76153084 18371260.7624171  18371549.76330031 18371840.76418963]"	0.0	0.0	0.0
1629.7318596283362	2.0	trials	3.0	1.0	1.0	0.0	10000.0	1.0	False	0.0	0.0	0.0	"[nan nan nan nan nan nan nan nan nan nan nan nan nan nan nan nan nan nan
 nan nan]"	0.0	0.0	0.0
1637.5257682470854	2.0	trials	3.0	1.0	1.0	0.0	10000.0	1.0	False	0.0	0.0	0.0	"[nan nan nan nan nan nan nan nan nan nan nan nan nan nan nan nan nan nan
 nan nan]"	0.0	0.0	0.0
1645.1888668660697	2.0	trials	3.0	1.0	1.0	0.0	10000.0	1.0	False	0.0	0.0	0.0	"[nan nan nan nan nan nan nan nan nan nan nan nan nan nan nan nan nan nan
 nan nan]"	0.0	0.0	0.0
1653.1022670499938	2.0	trials	3.0	1.0	1.0	0.0	10000.0	1.0	False	0.0	0.0	0.0	"[nan nan nan nan nan nan nan nan nan nan nan nan nan nan nan nan nan nan
 nan nan]"	0.0	0.0	0.0
1662.6191697343377	2.0	trials	3.0	1.0	1.0	0.0	10000.0	1.0	False	0.0	0.0	0.0	"[nan nan nan nan nan nan nan nan nan nan nan nan nan nan nan nan nan nan
 nan nan]"	0.0	0.0	0.0
1673.4791645232683	2.0	trials	3.0	1.0	1.0	0.0	10000.0	1.0	False	0.0	0.0	0.0	"[nan nan nan nan nan nan nan nan nan nan nan nan nan nan nan nan nan nan
 nan nan]"	0.0	0.0	0.0
1681.3811598723382	2.0	trials	3.0	1.0	1.0	0.0	10000.0	1.0	False	0.0	0.0	0.0	"[nan nan nan nan nan nan nan nan nan nan nan nan nan nan nan nan nan nan
 nan nan]"	0.0	0.0	0.0
1688.0714779184345	2.0	trials	3.0	1.0	1.0	0.0	10000.0	1.0	False	0.0	0.0	0.0	"[nan nan nan nan nan nan nan nan nan nan nan nan nan nan nan nan nan nan
 nan nan]"	0.0	0.0	0.0
1696.519609336536	2.0	trials	3.0	1.0	1.0	0.0	10000.0	1.0	False	0.0	0.0	0.0	"[nan nan nan nan nan nan nan nan nan nan nan nan nan nan nan nan nan nan
 nan nan]"	0.0	0.0	0.0
1705.7932952775923	2.0	trials	3.0	1.0	1.0	0.0	10000.0	1.0	False	0.0	0.0	0.0	"[nan nan nan nan nan nan nan nan nan nan nan nan nan nan nan nan nan nan
 nan nan]"	0.0	0.0	0.0
1715.8756012898496	2.0	trials	3.0	1.0	1.0	0.0	10000.0	1.0	False	0.0	0.0	0.0	"[nan nan nan nan nan nan nan nan nan nan nan nan nan nan nan nan nan nan
 nan nan]"	0.0	0.0	0.0
1725.253745150136	2.0	trials	3.0	1.0	1.0	0.0	10000.0	1.0	False	0.0	0.0	0.0	"[nan nan nan nan nan nan nan nan nan nan nan nan nan nan nan nan nan nan
 nan nan]"	0.0	0.0	0.0
1734.0196567393969	2.0	trials	3.0	1.0	1.0	0.0	10000.0	1.0	False	0.0	0.0	0.0	"[nan nan nan nan nan nan nan nan nan nan nan nan nan nan nan nan nan nan
 nan nan]"	0.0	0.0	0.0
1740.6199457103578	2.0	trials	3.0	1.0	1.0	0.0	10000.0	1.0	False	0.0	0.0	0.0	"[nan nan nan nan nan nan nan nan nan nan nan nan nan nan nan nan nan nan
 nan nan]"	0.0	0.0	0.0
1749.6610421406035	2.0	trials	3.0	1.0	1.0	0.0	10000.0	1.0	False	0.0	0.0	0.0	"[nan nan nan nan nan nan nan nan nan nan nan nan nan nan nan nan nan nan
 nan nan]"	0.0	0.0	0.0
1758.2601148199922	2.0	trials	3.0	1.0	1.0	0.0	10000.0	1.0	False	0.0	0.0	0.0	"[nan nan nan nan nan nan nan nan nan nan nan nan nan nan nan nan nan nan
 nan nan]"	0.0	0.0	0.0
1767.0263720103092	2.0	trials	3.0	1.0	1.0	0.0	10000.0	1.0	False	0.0	0.0	0.0	"[nan nan nan nan nan nan nan nan nan nan nan nan nan nan nan nan nan nan
 nan nan]"	0.0	0.0	0.0
1777.0705755061226	2.0	trials	3.0	1.0	1.0	0.0	10000.0	1.0	False	0.0	0.0	0.0	"[nan nan nan nan nan nan nan nan nan nan nan nan nan nan nan nan nan nan
 nan nan]"	0.0	0.0	0.0
1784.9661772356533	2.0	trials	3.0	1.0	1.0	0.0	10000.0	1.0	False	0.0	0.0	0.0	"[nan nan nan nan nan nan nan nan nan nan nan nan nan nan nan nan nan nan
 nan nan]"	0.0	0.0	0.0
1793.6063764407277	2.0	trials	3.0	1.0	1.0	0.0	10000.0	1.0	False	0.0	0.0	0.0	"[nan nan nan nan nan nan nan nan nan nan nan nan nan nan nan nan nan nan
 nan nan]"	0.0	0.0	0.0
1804.1545526767181	2.0	trials	3.0	1.0	1.0	0.0	10000.0	1.0	False	0.0	0.0	0.0	"[nan nan nan nan nan nan nan nan nan nan nan nan nan nan nan nan nan nan
 nan nan]"	0.0	0.0	0.0
1813.1064840344686	2.0	trials	3.0	1.0	1.0	0.0	10000.0	1.0	False	0.0	0.0	0.0	"[nan nan nan nan nan nan nan nan nan nan nan nan nan nan nan nan nan nan
 nan nan]"	0.0	0.0	0.0
1820.1508703626234	2.0	trials	3.0	1.0	1.0	0.0	10000.0	1.0	False	0.0	0.0	0.0	"[nan nan nan nan nan nan nan nan nan nan nan nan nan nan nan nan nan nan
 nan nan]"	0.0	0.0	0.0
1830.0088812894187	2.0	trials	3.0	1.0	1.0	0.0	10000.0	1.0	False	0.0	0.0	0.0	"[nan nan nan nan nan nan nan nan nan nan nan nan nan nan nan nan nan nan
 nan nan]"	0.0	0.0	0.0
1837.4127791162668	2.0	trials	3.0	1.0	1.0	0.0	10000.0	1.0	False	0.0	0.0	0.0	"[nan nan nan nan nan nan nan nan nan nan nan nan nan nan nan nan nan nan
 nan nan]"	0.0	0.0	0.0
1847.1328088213816	2.0	trials	3.0	1.0	1.0	0.0	10000.0	1.0	False	0.0	0.0	0.0	"[nan nan nan nan nan nan nan nan nan nan nan nan nan nan nan nan nan nan
 nan nan]"	0.0	0.0	0.0
1857.044733512941	2.0	trials	3.0	1.0	1.0	0.0	10000.0	1.0	False	0.0	0.0	0.0	"[nan nan nan nan nan nan nan nan nan nan nan nan nan nan nan nan nan nan
 nan nan]"	0.0	0.0	0.0
1864.005138784444	2.0	trials	3.0	1.0	1.0	0.0	10000.0	1.0	False	0.0	0.0	0.0	"[nan nan nan nan nan nan nan nan nan nan nan nan nan nan nan nan nan nan
 nan nan]"	0.0	0.0	0.0
1873.5628223934173	2.0	trials	3.0	1.0	1.0	0.0	10000.0	1.0	False	0.0	0.0	0.0	"[nan nan nan nan nan nan nan nan nan nan nan nan nan nan nan nan nan nan
 nan nan]"	0.0	0.0	0.0
1881.6993080591067	2.0	trials	3.0	1.0	1.0	0.0	10000.0	1.0	False	0.0	0.0	0.0	"[nan nan nan nan nan nan nan nan nan nan nan nan nan nan nan nan nan nan
 nan nan]"	0.0	0.0	0.0
1890.189257205006	2.0	trials	3.0	1.0	1.0	0.0	10000.0	1.0	False	0.0	0.0	0.0	"[nan nan nan nan nan nan nan nan nan nan nan nan nan nan nan nan nan nan
 nan nan]"	0.0	0.0	0.0
1897.6830977067254	2.0	trials	3.0	1.0	1.0	0.0	10000.0	1.0	False	0.0	0.0	0.0	"[nan nan nan nan nan nan nan nan nan nan nan nan nan nan nan nan nan nan
 nan nan]"	0.0	0.0	0.0
1906.3050664560863	2.0	trials	3.0	1.0	1.0	0.0	10000.0	1.0	False	0.0	0.0	0.0	"[nan nan nan nan nan nan nan nan nan nan nan nan nan nan nan nan nan nan
 nan nan]"	0.0	0.0	0.0
1914.2253786611343	2.0	trials	3.0	1.0	1.0	0.0	10000.0	1.0	False	0.0	0.0	0.0	"[nan nan nan nan nan nan nan nan nan nan nan nan nan nan nan nan nan nan
 nan nan]"	0.0	0.0	0.0
1921.2335632786535	2.0	trials	3.0	1.0	1.0	0.0	10000.0	1.0	False	0.0	0.0	0.0	"[nan nan nan nan nan nan nan nan nan nan nan nan nan nan nan nan nan nan
 nan nan]"	0.0	0.0	0.0
1930.605486319929	2.0	trials	3.0	1.0	1.0	0.0	10000.0	1.0	False	0.0	0.0	0.0	"[nan nan nan nan nan nan nan nan nan nan nan nan nan nan nan nan nan nan
 nan nan]"	0.0	0.0	0.0
1939.2394647059925	2.0	trials	3.0	1.0	1.0	0.0	10000.0	1.0	False	0.0	0.0	0.0	"[nan nan nan nan nan nan nan nan nan nan nan nan nan nan nan nan nan nan
 nan nan]"	0.0	0.0	0.0
1948.304234808586	2.0	trials	3.0	1.0	1.0	0.0	10000.0	1.0	False	0.0	0.0	0.0	"[nan nan nan nan nan nan nan nan nan nan nan nan nan nan nan nan nan nan
 nan nan]"	0.0	0.0	0.0
1955.853976281143	2.0	trials	3.0	1.0	1.0	0.0	10000.0	1.0	False	0.0	0.0	0.0	"[nan nan nan nan nan nan nan nan nan nan nan nan nan nan nan nan nan nan
 nan nan]"	0.0	0.0	0.0
1965.9460455232374	2.0	trials	3.0	1.0	1.0	0.0	10000.0	1.0	False	0.0	0.0	0.0	"[nan nan nan nan nan nan nan nan nan nan nan nan nan nan nan nan nan nan
 nan nan]"	0.0	0.0	0.0
1975.3359398194343	2.0	trials	3.0	1.0	1.0	0.0	10000.0	1.0	False	0.0	0.0	0.0	"[nan nan nan nan nan nan nan nan nan nan nan nan nan nan nan nan nan nan
 nan nan]"	0.0	0.0	0.0
1981.4741601782805	2.0	trials	3.0	1.0	1.0	0.0	10000.0	1.0	False	0.0	0.0	0.0	"[nan nan nan nan nan nan nan nan nan nan nan nan nan nan nan nan nan nan
 nan nan]"	0.0	0.0	0.0
1987.9057958338246	2.0	trials	3.0	1.0	1.0	0.0	10000.0	1.0	False	0.0	0.0	0.0	"[nan nan nan nan nan nan nan nan nan nan nan nan nan nan nan nan nan nan
 nan nan]"	0.0	0.0	0.0
1998.981964083397	2.0	trials	3.0	1.0	1.0	0.0	10000.0	1.0	False	0.0	0.0	0.0	"[nan nan nan nan nan nan nan nan nan nan nan nan nan nan nan nan nan nan
 nan nan]"	0.0	0.0	0.0
2009.848266091603	2.0	trials	3.0	1.0	1.0	0.0	10000.0	1.0	False	0.0	0.0	0.0	"[nan nan nan nan nan nan nan nan nan nan nan nan nan nan nan nan nan nan
 nan nan]"	0.0	0.0	0.0
2017.7259829664763	2.0	trials	3.0	1.0	1.0	0.0	10000.0	1.0	False	0.0	0.0	0.0	"[nan nan nan nan nan nan nan nan nan nan nan nan nan nan nan nan nan nan
 nan nan]"	0.0	0.0	0.0
2025.6223622983835	2.0	trials	3.0	1.0	1.0	0.0	10000.0	1.0	False	0.0	0.0	0.0	"[nan nan nan nan nan nan nan nan nan nan nan nan nan nan nan nan nan nan
 nan nan]"	0.0	0.0	0.0
2034.7241981142529	2.0	trials	3.0	1.0	1.0	0.0	10000.0	1.0	False	0.0	0.0	0.0	"[nan nan nan nan nan nan nan nan nan nan nan nan nan nan nan nan nan nan
 nan nan]"	0.0	0.0	0.0
2041.1926402822805	2.0	trials	3.0	1.0	1.0	0.0	10000.0	1.0	False	0.0	0.0	0.0	"[nan nan nan nan nan nan nan nan nan nan nan nan nan nan nan nan nan nan
 nan nan]"	0.0	0.0	0.0
2049.4242526386843	2.0	trials	3.0	1.0	1.0	0.0	10000.0	1.0	False	0.0	0.0	0.0	"[nan nan nan nan nan nan nan nan nan nan nan nan nan nan nan nan nan nan
 nan nan]"	0.0	0.0	0.0
2125.529752422603	2.0	trials	4.0	1.0	1.0	1.0	0.0	1.0	False	0.0	0.0	0.0	"[nan nan nan nan nan nan nan nan nan nan nan nan nan nan nan nan nan nan
 nan nan]"	1.0	0.02	5.0
2131.8297140757422	2.0	trials	4.0	1.0	1.0	1.0	0.0	1.0	False	0.0	0.0	0.0	"[nan nan nan nan nan nan nan nan nan nan nan nan nan nan nan nan nan nan
 nan nan]"	1.0	0.02	5.0
2141.6634465283405	2.0	trials	4.0	1.0	1.0	1.0	0.0	1.0	False	0.0	0.0	0.0	"[nan nan nan nan nan nan nan nan nan nan nan nan nan nan nan nan nan nan
 nan nan]"	1.0	0.02	5.0
2151.845804046363	2.0	trials	4.0	1.0	1.0	1.0	0.0	1.0	False	0.0	0.0	0.0	"[nan nan nan nan nan nan nan nan nan nan nan nan nan nan nan nan nan nan
 nan nan]"	1.0	0.02	5.0
2162.5376639214605	2.0	trials	4.0	1.0	1.0	1.0	0.0	1.0	False	0.0	0.0	0.0	"[nan nan nan nan nan nan nan nan nan nan nan nan nan nan nan nan nan nan
 nan nan]"	1.0	0.02	5.0
2168.711999590678	2.0	trials	4.0	1.0	1.0	1.0	0.0	1.0	False	0.0	0.0	0.0	"[nan nan nan nan nan nan nan nan nan nan nan nan nan nan nan nan nan nan
 nan nan]"	1.0	0.02	5.0
2178.996223020009	2.0	trials	4.0	1.0	1.0	1.0	0.0	1.0	False	0.0	0.0	0.0	"[nan nan nan nan nan nan nan nan nan nan nan nan nan nan nan nan nan nan
 nan nan]"	1.0	0.02	5.0
2185.6802338468306	2.0	trials	4.0	1.0	1.0	1.0	0.0	1.0	False	0.0	0.0	0.0	"[nan nan nan nan nan nan nan nan nan nan nan nan nan nan nan nan nan nan
 nan nan]"	1.0	0.02	5.0
2193.761941745115	2.0	trials	4.0	1.0	1.0	1.0	0.0	1.0	False	0.0	0.0	0.0	"[nan nan nan nan nan nan nan nan nan nan nan nan nan nan nan nan nan nan
 nan nan]"	1.0	0.02	5.0
2202.294140620133	2.0	trials	4.0	1.0	1.0	1.0	0.0	1.0	False	0.0	0.0	0.0	"[nan nan nan nan nan nan nan nan nan nan nan nan nan nan nan nan nan nan
 nan nan]"	1.0	0.02	5.0
2209.0684397228815	2.0	trials	4.0	1.0	1.0	1.0	0.0	1.0	False	0.0	0.0	0.0	"[nan nan nan nan nan nan nan nan nan nan nan nan nan nan nan nan nan nan
 nan nan]"	1.0	0.02	5.0
2218.092428900846	2.0	trials	4.0	1.0	1.0	1.0	0.0	1.0	False	0.0	0.0	0.0	"[nan nan nan nan nan nan nan nan nan nan nan nan nan nan nan nan nan nan
 nan nan]"	1.0	0.02	5.0
2227.0440146575406	2.0	trials	4.0	1.0	1.0	1.0	0.0	1.0	False	0.0	0.0	0.0	"[nan nan nan nan nan nan nan nan nan nan nan nan nan nan nan nan nan nan
 nan nan]"	1.0	0.02	5.0
2234.711778890783	2.0	trials	4.0	1.0	1.0	1.0	0.0	1.0	False	0.0	0.0	0.0	"[nan nan nan nan nan nan nan nan nan nan nan nan nan nan nan nan nan nan
 nan nan]"	1.0	0.02	5.0
2243.7666993632756	2.0	trials	4.0	1.0	1.0	1.0	0.0	1.0	False	0.0	0.0	0.0	"[nan nan nan nan nan nan nan nan nan nan nan nan nan nan nan nan nan nan
 nan nan]"	1.0	0.02	5.0
2252.7727172863188	2.0	trials	4.0	1.0	1.0	1.0	0.0	1.0	False	0.0	0.0	0.0	"[nan nan nan nan nan nan nan nan nan nan nan nan nan nan nan nan nan nan
 nan nan]"	1.0	0.02	5.0
2262.810872763649	2.0	trials	4.0	1.0	1.0	1.0	0.0	1.0	False	0.0	0.0	0.0	"[nan nan nan nan nan nan nan nan nan nan nan nan nan nan nan nan nan nan
 nan nan]"	1.0	0.02	5.0
2273.028913590722	2.0	trials	4.0	1.0	1.0	1.0	0.0	1.0	False	0.0	0.0	0.0	"[nan nan nan nan nan nan nan nan nan nan nan nan nan nan nan nan nan nan
 nan nan]"	1.0	0.02	5.0
2284.1290147134346	2.0	trials	4.0	1.0	1.0	1.0	0.0	1.0	False	0.0	0.0	0.0	"[nan nan nan nan nan nan nan nan nan nan nan nan nan nan nan nan nan nan
 nan nan]"	1.0	0.02	5.0
2290.489024550085	2.0	trials	4.0	1.0	1.0	1.0	0.0	1.0	False	0.0	0.0	0.0	"[nan nan nan nan nan nan nan nan nan nan nan nan nan nan nan nan nan nan
 nan nan]"	1.0	0.02	5.0
2296.619641685695	2.0	trials	4.0	1.0	1.0	1.0	0.0	1.0	False	0.0	0.0	0.0	"[nan nan nan nan nan nan nan nan nan nan nan nan nan nan nan nan nan nan
 nan nan]"	1.0	0.02	5.0
2305.7349559427557	2.0	trials	4.0	1.0	1.0	1.0	0.0	1.0	False	0.0	0.0	0.0	"[nan nan nan nan nan nan nan nan nan nan nan nan nan nan nan nan nan nan
 nan nan]"	1.0	0.02	5.0
2312.953006801642	2.0	trials	4.0	1.0	1.0	1.0	0.0	1.0	False	0.0	0.0	0.0	"[nan nan nan nan nan nan nan nan nan nan nan nan nan nan nan nan nan nan
 nan nan]"	1.0	0.02	5.0
2320.830896477043	2.0	trials	4.0	1.0	1.0	1.0	0.0	1.0	False	0.0	0.0	0.0	"[nan nan nan nan nan nan nan nan nan nan nan nan nan nan nan nan nan nan
 nan nan]"	1.0	0.02	5.0
2329.69901957867	2.0	trials	4.0	1.0	1.0	1.0	0.0	1.0	False	0.0	0.0	0.0	"[nan nan nan nan nan nan nan nan nan nan nan nan nan nan nan nan nan nan
 nan nan]"	1.0	0.02	5.0
2336.88726234646	2.0	trials	4.0	1.0	1.0	1.0	0.0	1.0	False	0.0	0.0	0.0	"[nan nan nan nan nan nan nan nan nan nan nan nan nan nan nan nan nan nan
 nan nan]"	1.0	0.02	5.0
2346.7095899642045	2.0	trials	4.0	1.0	1.0	1.0	0.0	1.0	False	0.0	0.0	0.0	"[nan nan nan nan nan nan nan nan nan nan nan nan nan nan nan nan nan nan
 nan nan]"	1.0	0.02	5.0
2354.4852681272405	2.0	trials	4.0	1.0	1.0	1.0	0.0	1.0	False	0.0	0.0	0.0	"[nan nan nan nan nan nan nan nan nan nan nan nan nan nan nan nan nan nan
 nan nan]"	1.0	0.02	5.0
2362.801293541616	2.0	trials	4.0	1.0	1.0	1.0	0.0	1.0	False	0.0	0.0	0.0	"[nan nan nan nan nan nan nan nan nan nan nan nan nan nan nan nan nan nan
 nan nan]"	1.0	0.02	5.0
2370.6674327811074	2.0	trials	4.0	1.0	1.0	1.0	0.0	1.0	False	0.0	0.0	0.0	"[nan nan nan nan nan nan nan nan nan nan nan nan nan nan nan nan nan nan
 nan nan]"	1.0	0.02	5.0
2376.973701653522	2.0	trials	4.0	1.0	1.0	1.0	0.0	1.0	False	0.0	0.0	0.0	"[nan nan nan nan nan nan nan nan nan nan nan nan nan nan nan nan nan nan
 nan nan]"	1.0	0.02	5.0
2383.315481034459	2.0	trials	4.0	1.0	1.0	1.0	0.0	1.0	False	0.0	0.0	0.0	"[nan nan nan nan nan nan nan nan nan nan nan nan nan nan nan nan nan nan
 nan nan]"	1.0	0.02	5.0
2390.143521101444	2.0	trials	4.0	1.0	1.0	1.0	0.0	1.0	False	0.0	0.0	0.0	"[nan nan nan nan nan nan nan nan nan nan nan nan nan nan nan nan nan nan
 nan nan]"	1.0	0.02	5.0
2397.115936009649	2.0	trials	4.0	1.0	1.0	1.0	0.0	1.0	False	0.0	0.0	0.0	"[nan nan nan nan nan nan nan nan nan nan nan nan nan nan nan nan nan nan
 nan nan]"	1.0	0.02	5.0
2407.970314781416	2.0	trials	4.0	1.0	1.0	1.0	0.0	1.0	False	0.0	0.0	0.0	"[nan nan nan nan nan nan nan nan nan nan nan nan nan nan nan nan nan nan
 nan nan]"	1.0	0.02	5.0
2414.5701717510574	2.0	trials	4.0	1.0	1.0	1.0	0.0	1.0	False	0.0	0.0	0.0	"[nan nan nan nan nan nan nan nan nan nan nan nan nan nan nan nan nan nan
 nan nan]"	1.0	0.02	5.0
2421.5123465668466	2.0	trials	4.0	1.0	1.0	1.0	0.0	1.0	False	0.0	0.0	0.0	"[nan nan nan nan nan nan nan nan nan nan nan nan nan nan nan nan nan nan
 nan nan]"	1.0	0.02	5.0
2428.9705901597786	2.0	trials	4.0	1.0	1.0	1.0	0.0	1.0	False	0.0	0.0	0.0	"[nan nan nan nan nan nan nan nan nan nan nan nan nan nan nan nan nan nan
 nan nan]"	1.0	0.02	5.0
2439.0503905643786	2.0	trials	4.0	1.0	1.0	1.0	0.0	1.0	False	0.0	0.0	0.0	"[nan nan nan nan nan nan nan nan nan nan nan nan nan nan nan nan nan nan
 nan nan]"	1.0	0.02	5.0
2449.0040465834727	2.0	trials	4.0	1.0	1.0	1.0	0.0	1.0	False	0.0	0.0	0.0	"[nan nan nan nan nan nan nan nan nan nan nan nan nan nan nan nan nan nan
 nan nan]"	1.0	0.02	5.0
2457.6564282257773	2.0	trials	4.0	1.0	1.0	1.0	0.0	1.0	False	0.0	0.0	0.0	"[nan nan nan nan nan nan nan nan nan nan nan nan nan nan nan nan nan nan
 nan nan]"	1.0	0.02	5.0
2467.7726895418045	2.0	trials	4.0	1.0	1.0	1.0	0.0	1.0	False	0.0	0.0	0.0	"[nan nan nan nan nan nan nan nan nan nan nan nan nan nan nan nan nan nan
 nan nan]"	1.0	0.02	5.0
2474.6555073761942	2.0	trials	4.0	1.0	1.0	1.0	0.0	1.0	False	0.0	0.0	0.0	"[nan nan nan nan nan nan nan nan nan nan nan nan nan nan nan nan nan nan
 nan nan]"	1.0	0.02	5.0
2482.9949472621265	2.0	trials	4.0	1.0	1.0	1.0	0.0	1.0	False	0.0	0.0	0.0	"[nan nan nan nan nan nan nan nan nan nan nan nan nan nan nan nan nan nan
 nan nan]"	1.0	0.02	5.0
2490.3747394153056	2.0	trials	4.0	1.0	1.0	1.0	0.0	1.0	False	0.0	0.0	0.0	"[nan nan nan nan nan nan nan nan nan nan nan nan nan nan nan nan nan nan
 nan nan]"	1.0	0.02	5.0
2499.518565759501	2.0	trials	4.0	1.0	1.0	1.0	0.0	1.0	False	0.0	0.0	0.0	"[nan nan nan nan nan nan nan nan nan nan nan nan nan nan nan nan nan nan
 nan nan]"	1.0	0.02	5.0
2509.419431217263	2.0	trials	4.0	1.0	1.0	1.0	0.0	1.0	False	0.0	0.0	0.0	"[nan nan nan nan nan nan nan nan nan nan nan nan nan nan nan nan nan nan
 nan nan]"	1.0	0.02	5.0
2517.704870938167	2.0	trials	4.0	1.0	1.0	1.0	0.0	1.0	False	0.0	0.0	0.0	"[nan nan nan nan nan nan nan nan nan nan nan nan nan nan nan nan nan nan
 nan nan]"	1.0	0.02	5.0
2525.9730306062615	2.0	trials	4.0	1.0	1.0	1.0	0.0	1.0	False	0.0	0.0	0.0	"[nan nan nan nan nan nan nan nan nan nan nan nan nan nan nan nan nan nan
 nan nan]"	1.0	0.02	5.0
2533.448727052532	2.0	trials	4.0	1.0	1.0	1.0	0.0	1.0	False	0.0	0.0	0.0	"[nan nan nan nan nan nan nan nan nan nan nan nan nan nan nan nan nan nan
 nan nan]"	1.0	0.02	5.0
2604.0146739071756	2.0	trials	5.0	0.0	0.0	0.0	0.0	0.0	True	40.0	0.0	0.005	"[18484732.10919303 18485021.11007624 18485312.11096555 18485601.11184876
 18485891.11273502 18486180.11361823 18486470.11450449 18486759.1153877
 18487049.11627396 18487339.11716022 18487629.11804648 18487918.11892969
 18488207.11981289 18488497.12069916 18488786.12158236 18489076.12246862
 18489367.12335794 18489656.12424114 18489946.12512741 18490235.12601062]"	0.0	0.0	0.0
2611.5389273018386	2.0	trials	5.0	0.0	0.0	0.0	0.0	0.0	True	40.0	0.0	0.005	"[30147170.75037549 30147460.75126175 30147749.75214496 30148039.75303122
 30148328.75391442 30148618.75480069 30148908.75568695 30149198.75657322
 30149487.75745642 30149776.75833962 30150066.75922588 30150356.76011215
 30150645.76099535 30150935.76188161 30151225.76276788 30151514.76365108
 30151806.76454346 30152093.76542055 30152383.76630681 30152673.76719308]"	0.0	0.0	0.0
2618.259053439031	2.0	trials	5.0	0.0	0.0	0.0	0.0	0.0	True	40.0	0.0	0.005	"[30234256.01651381 30234546.01740007 30234835.01828328 30235126.01917259
 30235415.0200558  30235705.02094207 30235994.02182527 30236284.02271153
 30236574.0235978  30236864.02448405 30237153.02536726 30237443.02625352
 30237732.02713673 30238022.02802299 30238311.0289062  30238600.0297894
 30238890.03067566 30239179.03155887 30239470.03244818 30239760.03333445]"	0.0	0.0	0.0
2624.6492169678336	2.0	trials	5.0	0.0	0.0	0.0	0.0	0.0	True	40.0	0.0	0.005	"[30312035.2542123  30312325.25509856 30312614.25598176 30312905.25687109
 30313194.25775429 30313484.25864055 30313774.25952681 30314064.26041308
 30314352.26129322 30314642.26217949 30314933.26306881 30315221.26394895
 30315510.26483217 30315801.26572147 30316092.2666108  30316380.26749095
 30316671.26838027 30316959.26926041 30317250.27014973 30317539.27103294]"	0.0	0.0	0.0
2631.681507259022	2.0	trials	5.0	0.0	0.0	0.0	0.0	0.0	True	40.0	0.0	0.005	"[30385995.48023963 30386285.48112589 30386575.48201216 30386864.48289536
 30387154.48378162 30387443.48466482 30387733.48555109 30388022.4864343
 30388314.48732667 30388602.48820682 30388892.48909308 30389181.48997629
 30389471.49086255 30389760.49174575 30390050.49263202 30390340.49351828
 30390630.49440454 30390920.4952908  30391210.49617707 30391499.49706027]"	0.0	0.0	0.0
2637.1234278899256	2.0	trials	5.0	0.0	0.0	0.0	0.0	0.0	True	40.0	0.0	0.005	"[30467388.72898278 30467677.72986598 30467967.73075224 30468257.73163851
 30468547.73252476 30468836.73340797 30469126.73429423 30469416.73518049
 30469705.7360637  30469995.73694996 30470283.73783011 30470574.73871943
 30470863.73960264 30471153.74048889 30471442.7413721  30471733.74226142
 30472022.74314462 30472312.74403089 30472601.74491409 30472890.7457973 ]"	0.0	0.0	0.0
2644.3953061133125	2.0	trials	5.0	0.0	0.0	0.0	0.0	0.0	True	40.0	0.0	0.005	"[30530373.92146968 30530663.92235594 30530951.92323609 30531241.92412235
 30531531.92500861 30531821.92589488 30532111.92678114 30532400.92766434
 30532690.9285506  30532981.92943992 30533269.93032007 30533559.93120634
 30533848.93208954 30534138.9329758  30534428.93386207 30534718.93474833
 30535008.93563459 30535297.9365178  30535587.93740406 30535875.9382842 ]"	0.0	0.0	0.0
2652.615081633541	2.0	trials	5.0	0.0	0.0	0.0	0.0	0.0	True	40.0	0.0	0.005	"[30614538.17868121 30614828.17956747 30615118.18045373 30615408.18133999
 30615697.1822232  30615987.18310946 30616276.18399267 30616566.18487893
 30616855.18576213 30617144.18664534 30617434.18753161 30617725.18842092
 30618014.18930412 30618304.19019039 30618593.19107359 30618882.1919568
 30619172.19284306 30619462.19372932 30619751.19461253 30620041.19549879]"	0.0	0.0	0.0
2658.32130067216	2.0	trials	5.0	0.0	0.0	0.0	0.0	0.0	True	40.0	0.0	0.005	"[30709674.469424   30709964.47031026 30710254.47119651 30710543.47207972
 30710834.47296904 30711123.47385225 30711412.47473545 30711702.47562171
 30711991.47650492 30712281.47739118 30712571.47827744 30712862.47916676
 30713150.48004691 30713439.48093012 30713730.48181943 30714018.48269959
 30714308.48358585 30714597.48446905 30714887.48535531 30715178.48624463]"	0.0	0.0	0.0
2666.3913445347985	2.0	trials	5.0	0.0	0.0	0.0	0.0	0.0	True	40.0	0.0	0.005	"[30775719.67126249 30776008.67214569 30776298.67303196 30776588.67391822
 30776878.67480448 30777166.67568463 30777457.67657395 30777745.6774541
 30778036.67834342 30778325.67922662 30778615.68011289 30778906.6810022
 30779194.68188235 30779485.68277167 30779773.68365182 30780064.68454114
 30780354.68542739 30780642.68630755 30780933.68719687 30781222.68808007]"	0.0	0.0	0.0
2672.2657848875133	2.0	trials	5.0	0.0	0.0	0.0	0.0	0.0	True	40.0	0.0	0.005	"[30869121.95670604 30869410.95758925 30869700.9584755  30869990.95936177
 30870280.96024803 30870570.9611343  30870859.9620175  30871149.96290376
 30871439.96379003 30871728.96467323 30872017.96555643 30872307.9664427
 30872598.96733201 30872886.96821216 30873176.96909843 30873466.96998469
 30873755.97086789 30874046.97175721 30874335.97264042 30874624.97352362]"	0.0	0.0	0.0
2678.626485926277	2.0	trials	5.0	0.0	0.0	0.0	0.0	0.0	True	40.0	0.0	0.005	"[30937113.16449166 30937403.16537792 30937693.16626418 30937982.16714739
 30938272.16803365 30938561.16891686 30938852.16980617 30939140.17068632
 30939430.17157259 30939720.17245885 30940009.17334205 30940300.17423137
 30940588.17511152 30940879.17600084 30941168.17688405 30941458.1777703
 30941747.17865352 30942037.17953978 30942326.18042298 30942616.18130925]"	0.0	0.0	0.0
2684.39154354471	2.0	trials	5.0	0.0	0.0	0.0	0.0	0.0	True	40.0	0.0	0.005	"[31010732.38947687 31011023.39036619 31011312.3912494  31011601.3921326
 31011891.39301886 31012180.39390207 31012471.39479139 31012760.39567459
 31013049.3965578  31013339.39744406 31013630.39833337 31013919.39921658
 31014208.40009979 31014498.40098605 31014788.40187231 31015076.40275246
 31015367.40364178 31015657.40452805 31015947.4054143  31016237.40630057]"	0.0	0.0	0.0
2693.4758401069785	2.0	trials	5.0	0.0	0.0	0.0	0.0	0.0	True	40.0	0.0	0.005	"[31077458.59339656 31077748.59428282 31078036.59516297 31078327.59605229
 31078615.59693243 31078906.59782176 31079195.59870496 31079485.59959122
 31079775.60047749 31080064.60136069 31080354.60224696 31080644.60313321
 31080934.60401947 31081224.60490574 31081512.60578589 31081801.60666909
 31082091.60755535 31082382.60844467 31082670.60932482 31082961.61021414]"	0.0	0.0	0.0
2702.338347191442	2.0	trials	5.0	0.0	0.0	0.0	0.0	0.0	True	40.0	0.0	0.005	"[31182598.91471232 31182889.91560164 31183178.91648485 31183467.91736805
 31183758.91825737 31184047.91914058 31184336.92002378 31184626.92091004
 31184916.9217963  31185207.92268562 31185494.92356271 31185786.92445508
 31186075.9253383  31186365.92622456 31186653.92710471 31186943.92799097
 31187234.92888029 31187523.92976349 31187813.93064975 31188101.93152991]"	0.0	0.0	0.0
2709.7660050909026	2.0	trials	5.0	0.0	0.0	0.0	0.0	0.0	True	40.0	0.0	0.005	"[31285176.22819537 31285466.22908163 31285754.22996178 31286044.23084803
 31286334.2317343  31286623.2326175  31286914.23350682 31287204.23439308
 31287493.23527629 31287782.2361595  31288072.23704576 31288362.23793202
 31288651.23881523 31288940.23969843 31289230.24058469 31289520.24147096
 31289810.24235722 31290100.24324348 31290389.24412668 31290679.24501295]"	0.0	0.0	0.0
2716.0536115062832	2.0	trials	5.0	0.0	0.0	0.0	0.0	0.0	True	40.0	0.0	0.005	"[31371143.49091699 31371434.49180631 31371723.49268952 31372012.49357273
 31372302.49445898 31372592.49534525 31372882.49623151 31373172.49711777
 31373460.49799792 31373751.49888723 31374040.49977044 31374330.50065671
 31374620.50154296 31374909.50242617 31375199.50331244 31375488.50419564
 31375778.5050819  31376067.50596511 31376358.50685442 31376647.50773764]"	0.0	0.0	0.0
2723.5420951916317	2.0	trials	5.0	0.0	0.0	0.0	0.0	0.0	True	40.0	0.0	0.005	"[31443917.71331982 31444206.71420303 31444496.71508929 31444786.71597555
 31445076.71686181 31445364.71774196 31445655.71863129 31445945.71951754
 31446234.72040075 31446523.72128395 31446813.72217022 31447103.72305648
 31447392.72393968 31447682.72482594 31447972.72571221 31448261.72659542
 31448552.72748473 31448840.72836488 31449131.7292542  31449419.73013435]"	0.0	0.0	0.0
2729.0321407696083	2.0	trials	5.0	0.0	0.0	0.0	0.0	0.0	True	40.0	0.0	0.005	"[31530589.97819598 31530879.97908225 31531168.97996545 31531457.98084866
 31531748.98173798 31532037.98262118 31532327.98350744 31532617.98439371
 31532905.98527386 31533195.98616011 31533486.98704944 31533775.98793264
 31534064.98881584 31534354.98970211 31534643.99058531 31534934.99147464
 31535224.9923609  31535511.99323799 31535802.99412731 31536093.99501662]"	0.0	0.0	0.0
2738.062177966056	2.0	trials	5.0	0.0	0.0	0.0	0.0	0.0	True	40.0	0.0	0.005	"[31594132.17238513 31594421.17326833 31594711.17415459 31595001.17504086
 31595291.17592712 31595581.17681338 31595869.17769353 31596160.17858285
 31596449.17946605 31596739.18035232 31597028.18123552 31597318.18212178
 31597608.18300804 31597897.18389125 31598186.18477445 31598477.18566377
 31598765.18654392 31599056.18743324 31599345.18831645 31599635.18920271]"	0.0	0.0	0.0
2747.1403401095768	2.0	trials	5.0	0.0	0.0	0.0	0.0	0.0	True	40.0	0.0	0.005	"[31698645.49178473 31698935.49267099 31699225.49355725 31699514.49444045
 31699804.49532672 31700093.49620993 31700383.49709619 31700673.49798245
 31700962.49886565 31701251.49974886 31701541.50063513 31701830.50151833
 31702120.5024046  31702411.50329391 31702700.50417711 31702990.50506338
 31703280.50594964 31703569.50683285 31703858.50771605 31704148.50860231]"	0.0	0.0	0.0
2753.9561113390673	2.0	trials	5.0	0.0	0.0	0.0	0.0	0.0	True	40.0	0.0	0.005	"[31803716.81288963 31804005.81377283 31804295.81465909 31804584.8155423
 31804874.81642856 31805163.81731176 31805454.81820108 31805743.81908429
 31806032.81996749 31806323.82085681 31806612.82174002 31806903.82262934
 31807191.82350949 31807482.8243988  31807772.82528507 31808061.82616827
 31808350.82705147 31808640.82793774 31808930.828824   31809219.82970721]"	0.0	0.0	0.0
2759.686436051355	2.0	trials	5.0	0.0	0.0	0.0	0.0	0.0	True	40.0	0.0	0.005	"[31882605.0539773  31882893.05485744 31883183.05574371 31883473.05662997
 31883762.05751317 31884052.05839944 31884342.0592857  31884631.0601689
 31884920.06105211 31885211.06194143 31885500.06282463 31885790.0637109
 31886080.06459716 31886369.06548036 31886659.06636663 31886948.06724983
 31887238.0681361  31887528.06902236 31887818.06990862 31888107.07079183]"	0.0	0.0	0.0
2768.1753483940856	2.0	trials	5.0	0.0	0.0	0.0	0.0	0.0	True	40.0	0.0	0.005	"[31948926.25665927 31949216.25754553 31949506.2584318  31949796.25931806
 31950085.26020126 31950375.26108753 31950665.26197379 31950954.26285699
 31951244.26374326 31951533.26462646 31951823.26551272 31952111.26639287
 31952403.26728524 31952693.2681715  31952982.26905471 31953272.26994097
 31953561.27082418 31953851.27171044 31954140.27259365 31954430.27347991]"	0.0	0.0	0.0
2773.9423932185923	2.0	trials	5.0	0.0	0.0	0.0	0.0	0.0	True	40.0	0.0	0.005	"[32047177.55692173 32047467.55780799 32047756.5586912  32048047.55958052
 32048337.56046678 32048626.56134999 32048915.56223319 32049205.56311945
 32049495.56400572 32049784.56488892 32050073.56577212 32050363.56665839
 32050653.56754465 32050942.56842785 32051233.56931718 32051523.57020343
 32051813.5710897  32052102.5719729  32052392.57285916 32052681.57374237]"	0.0	0.0	0.0
2780.2366524543045	2.0	trials	5.0	0.0	0.0	0.0	0.0	0.0	True	40.0	0.0	0.005	"[32113926.76091171 32114216.76179797 32114504.76267812 32114794.76356438
 32115084.76445064 32115375.76533996 32115663.76622011 32115954.76710943
 32116243.76799263 32116533.76887889 32116823.76976516 32117112.77064836
 32117402.77153463 32117692.77242088 32117981.77330409 32118271.77419036
 32118560.77507356 32118851.77596288 32119139.77684303 32119429.77772929]"	0.0	0.0	0.0
2787.004817138306	2.0	trials	5.0	0.0	0.0	0.0	0.0	0.0	True	40.0	0.0	0.005	"[32186775.98354374 32187066.98443306 32187355.98531626 32187644.98619946
 32187933.98708268 32188224.98797199 32188513.98885519 32188803.98974146
 32189092.99062467 32189382.99151092 32189673.99240025 32189962.99328345
 32190252.99416972 32190542.99505598 32190830.99593612 32191120.99682239
 32191409.99770559 32191699.99859185 32191988.99947505 32192280.00036438]"	0.0	0.0	0.0
2794.582379495885	2.0	trials	5.0	0.0	0.0	0.0	0.0	0.0	True	40.0	0.0	0.005	"[32265112.22294446 32265402.22383072 32265692.22471698 32265980.22559713
 32266269.22648034 32266561.22737271 32266850.22825592 32267140.22914218
 32267429.23002538 32267718.23090859 32268008.23179485 32268298.23268111
 32268588.23356738 32268876.23444753 32269166.23533379 32269456.23622005
 32269747.23710937 32270036.23799258 32270325.23887578 32270615.23976204]"	0.0	0.0	0.0
2801.932622758761	2.0	trials	5.0	0.0	0.0	0.0	0.0	0.0	True	40.0	0.0	0.005	"[32352815.49097144 32353105.4918577  32353395.49274397 32353684.49362717
 32353974.49451343 32354264.49539969 32354553.4962829  32354842.4971661
 32355132.49805237 32355422.49893863 32355711.49982183 32356001.5007081
 32356290.5015913  32356580.50247756 32356870.50336383 32357160.50425008
 32357448.50513023 32357740.50602261 32358029.50690582 32358317.50778596]"	0.0	0.0	0.0
2808.3824024697547	2.0	trials	5.0	0.0	0.0	0.0	0.0	0.0	True	40.0	0.0	0.005	"[32437888.75096094 32438176.75184109 32438466.75272735 32438755.75361056
 32439046.75449987 32439334.75538002 32439624.75626628 32439913.75714949
 32440203.75803575 32440493.75892201 32440783.75980828 32441073.76069453
 32441362.76157775 32441651.76246095 32441942.76335026 32442231.76423347
 32442521.76511973 32442810.76600294 32443100.7668892  32443390.76777546]"	0.0	0.0	0.0
2817.1487460603357	2.0	trials	5.0	0.0	0.0	0.0	0.0	0.0	True	40.0	0.0	0.005	"[32512537.97909391 32512826.97997711 32513117.98086642 32513406.98174964
 32513695.98263284 32513984.98351605 32514275.98440536 32514564.98528857
 32514854.98617483 32515143.98705804 32515433.9879443  32515722.98882751
 32516013.98971683 32516302.99060003 32516591.99148323 32516881.9923695
 32517170.99325271 32517460.99413896 32517751.99502828 32518041.99591454]"	0.0	0.0	0.0
2824.489398893902	2.0	trials	5.0	0.0	0.0	0.0	0.0	0.0	True	40.0	0.0	0.005	"[32614000.28916943 32614290.29005569 32614580.29094195 32614870.29182821
 32615158.29270836 32615448.29359462 32615737.29447783 32616028.29536714
 32616317.29625035 32616606.29713356 32616895.29801676 32617187.29890914
 32617476.29979234 32617765.30067555 32618054.30155876 32618344.30244502
 32618634.30333127 32618924.30421754 32619214.3051038  32619504.30599006]"	0.0	0.0	0.0
2833.540863355833	2.0	trials	5.0	0.0	0.0	0.0	0.0	0.0	True	40.0	0.0	0.005	"[32698960.54881359 32699251.54970291 32699540.55058611 32699829.55146932
 32700119.55235557 32700410.5532449  32700698.55412505 32700988.5550113
 32701277.55589452 32701567.55678077 32701858.55767009 32702147.5585533
 32702437.55943956 32702727.56032582 32703015.56120598 32703305.56209223
 32703596.56298155 32703883.56385865 32704174.56474796 32704463.56563117]"	0.0	0.0	0.0
2842.384621582999	2.0	trials	5.0	0.0	0.0	0.0	0.0	0.0	True	40.0	0.0	0.005	"[32803724.86898027 32804012.86986042 32804302.87074668 32804592.87163294
 32804882.8725192  32805171.8734024  32805461.87428867 32805750.87517187
 32806040.87605813 32806329.87694134 32806619.8778276  32806909.87871387
 32807199.87960013 32807489.88048639 32807777.88136654 32808068.88225586
 32808357.88313906 32808647.88402532 32808937.88491159 32809226.88579479]"	0.0	0.0	0.0
2848.131362345455	2.0	trials	5.0	0.0	0.0	0.0	0.0	0.0	True	40.0	0.0	0.005	"[32906082.18179097 32906372.18267723 32906660.18355738 32906950.18444365
 32907241.18533296 32907531.18621922 32907819.18709937 32908110.18798869
 32908399.1888719  32908689.18975816 32908979.19064442 32909268.19152763
 32909558.19241389 32909847.1932971  32910138.19418641 32910426.19506656
 32910717.19595588 32911006.19683908 32911296.19772535 32911584.1986055 ]"	0.0	0.0	0.0
2856.569212132135	2.0	trials	5.0	0.0	0.0	0.0	0.0	0.0	True	40.0	0.0	0.005	"[32972594.38505666 32972884.38594292 32973173.38682612 32973462.38770933
 32973752.38859559 32974042.38948185 32974332.39036812 32974622.39125438
 32974911.39213758 32975202.3930269  32975491.39391011 32975780.39479331
 32976070.39567957 32976360.39656584 32976649.39744904 32976939.3983353
 32977229.39922157 32977518.40010477 32977808.40099103 32978097.40187424]"	0.0	0.0	0.0
2862.833058474903	2.0	trials	5.0	0.0	0.0	0.0	0.0	0.0	True	40.0	0.0	0.005	"[33070254.68351297 33070544.68439924 33070834.6852855  33071123.6861687
 33071412.68705191 33071704.68794429 33071992.68882443 33072282.6897107
 33072571.6905939  33072861.69148016 33073151.69236642 33073441.69325269
 33073731.69413895 33074020.69502215 33074310.69590842 33074600.69679468
 33074889.69767788 33075178.69856109 33075467.6994443  33075758.70033361]"	0.0	0.0	0.0
2870.117291936048	2.0	trials	5.0	0.0	0.0	0.0	0.0	0.0	True	40.0	0.0	0.005	"[33142753.90507538 33143042.90595859 33143331.90684179 33143621.90772806
 33143910.90861126 33144200.90949752 33144490.91038379 33144779.91126699
 33145070.91215631 33145359.91303952 33145649.91392577 33145939.91481204
 33146228.91569524 33146518.9165815  33146808.91746777 33147096.91834792
 33147386.91923418 33147676.92012044 33147965.92100365 33148255.9218899 ]"	0.0	0.0	0.0
2877.485506453845	2.0	trials	5.0	0.0	0.0	0.0	0.0	0.0	True	40.0	0.0	0.005	"[33227061.16272392 33227352.16361324 33227640.1644934  33227930.16537966
 33228220.16626592 33228509.16714912 33228799.16803539 33229088.1689186
 33229378.16980485 33229668.17069112 33229957.17157432 33230248.17246364
 33230537.17334685 33230826.17423005 33231117.17511937 33231407.17600563
 33231696.17688883 33231985.17777205 33232275.17865831 33232565.17954457]"	0.0	0.0	0.0
2885.723253228996	2.0	trials	5.0	0.0	0.0	0.0	0.0	0.0	True	40.0	0.0	0.005	"[33312342.42334909 33312631.4242323  33312920.4251155  33313210.42600176
 33313500.42688803 33313789.42777123 33314080.42866055 33314369.42954376
 33314659.43043002 33314948.43131322 33315238.43219949 33315527.43308269
 33315817.43396895 33316107.43485522 33316396.43573842 33316686.43662468
 33316976.43751094 33317266.43839721 33317554.43927735 33317844.44016362]"	0.0	0.0	0.0
2891.369424084103	2.0	trials	5.0	0.0	0.0	0.0	0.0	0.0	True	40.0	0.0	0.005	"[33407685.71472448 33407976.7156138  33408264.71649395 33408554.71738021
 33408843.71826342 33409134.71915274 33409424.720039   33409713.72092221
 33410002.72180541 33410292.72269167 33410582.72357794 33410872.7244642
 33411161.7253474  33411451.72623366 33411741.72711993 33412031.72800619
 33412319.72888634 33412610.72977566 33412899.73065886 33413189.73154512]"	0.0	0.0	0.0
2899.343390853123	2.0	trials	5.0	0.0	0.0	0.0	0.0	0.0	True	40.0	0.0	0.005	"[33473034.91443595 33473324.91532221 33473614.91620848 33473903.91709168
 33474194.917981   33474482.91886115 33474772.91974741 33475062.92063367
 33475352.92151994 33475640.92240008 33475931.9232894  33476219.92416956
 33476510.92505887 33476800.92594513 33477089.92682834 33477379.9277146
 33477669.92860086 33477958.92948407 33478248.93037033 33478537.93125353]"	0.0	0.0	0.0
2908.30828225048	2.0	trials	5.0	0.0	0.0	0.0	0.0	0.0	True	40.0	0.0	0.005	"[33565326.19648421 33565616.19737047 33565906.19825673 33566195.19913994
 33566486.20002925 33566775.20091246 33567065.20179871 33567354.20268193
 33567644.20356819 33567934.20445444 33568224.20534071 33568512.20622087
 33568802.20710713 33569092.20799339 33569381.20887659 33569671.20976286
 33569961.21064911 33570251.21153537 33570541.21242164 33570830.21330484]"	0.0	0.0	0.0
2913.853019195598	2.0	trials	5.0	0.0	0.0	0.0	0.0	0.0	True	40.0	0.0	0.005	"[33669087.51358563 33669377.5144719  33669666.51535511 33669955.51623832
 33670246.51712763 33670535.51801084 33670825.51889709 33671114.51978031
 33671404.52066656 33671693.52154978 33671982.52243298 33672274.52332535
 33672563.52420856 33672853.52509482 33673141.52597497 33673432.52686429
 33673721.52774749 33674011.52863375 33674300.52951696 33674589.53040017]"	0.0	0.0	0.0
2920.188059355939	2.0	trials	5.0	0.0	0.0	0.0	0.0	0.0	True	40.0	0.0	0.005	"[33733261.70970622 33733551.71059249 33733840.71147569 33734131.71236501
 33734420.71324821 33734710.71413447 33735000.71502074 33735290.715907
 33735579.7167902  33735868.71767341 33736159.71856273 33736447.71944287
 33736737.72032914 33737028.72121846 33737317.72210167 33737606.72298487
 33737895.72386807 33738185.72475433 33738475.72564059 33738764.7265238 ]"	0.0	0.0	0.0
2925.3956624707516	2.0	trials	5.0	0.0	0.0	0.0	0.0	0.0	True	40.0	0.0	0.005	"[33806583.93378378 33806872.93466698 33807162.93555325 33807452.93643951
 33807743.93732882 33808031.93820898 33808321.93909524 33808610.93997844
 33808901.94086776 33809190.94175097 33809480.94263723 33809769.94352043
 33810058.94440364 33810349.94529296 33810638.94617616 33810928.94706242
 33811218.94794869 33811507.94883189 33811797.94971815 33812087.95060442]"	0.0	0.0	0.0
2931.3480358616353	2.0	trials	5.0	0.0	0.0	0.0	0.0	0.0	True	40.0	0.0	0.005	"[33866858.11798566 33867148.11887193 33867436.11975208 33867726.12063833
 33868016.1215246  33868306.12241086 33868595.12329406 33868884.12417728
 33869175.12506659 33869465.12595285 33869754.12683605 33870044.12772232
 33870333.12860553 33870622.12948874 33870913.13037805 33871203.13126431
 33871491.13214446 33871781.13303072 33872072.13392004 33872361.13480324]"	0.0	0.0	0.0
2940.2098517439867	2.0	trials	5.0	0.0	0.0	0.0	0.0	0.0	True	40.0	0.0	0.005	"[33935751.32852787 33936040.32941107 33936331.33030038 33936620.3311836
 33936910.33206986 33937200.33295611 33937489.33383933 33937779.33472558
 33938068.3356088  33938358.33649505 33938648.33738131 33938937.33826452
 33939227.33915078 33939516.34003399 33939806.34092025 33940095.34180345
 33940386.34269277 33940675.34357598 33940965.34446224 33941255.3453485 ]"	0.0	0.0	0.0
2945.7597727049474	2.0	trials	5.0	0.0	0.0	0.0	0.0	0.0	True	40.0	0.0	0.005	"[34038318.64198034 34038607.64286355 34038897.64374982 34039186.64463302
 34039476.64551928 34039765.64640249 34040055.64728875 34040345.64817501
 34040635.64906127 34040924.64994448 34041214.65083075 34041503.65171394
 34041794.65260326 34042082.65348341 34042372.65436967 34042662.65525594
 34042952.6561422  34043242.65702846 34043531.65791167 34043820.65879487]"	0.0	0.0	0.0
2954.6880303903486	2.0	trials	5.0	0.0	0.0	0.0	0.0	0.0	True	40.0	0.0	0.005	"[34102552.83828429 34102843.83917361 34103131.84005376 34103421.84094002
 34103711.84182628 34104001.84271254 34104290.84359574 34104581.84448507
 34104869.84536522 34105159.84625147 34105450.8471408  34105739.848024
 34106028.8489072  34106317.84979042 34106608.85067973 34106897.85156293
 34107187.8524492  34107476.8533324  34107766.85421867 34108055.85510188]"	0.0	0.0	0.0
2975.293888563344	2.0	trials	6.0	0.0	0.0	0.0	0.0	0.0	True	40.0	0.0	0.005	"[34205891.154093   34206180.15497621 34206470.15586247 34206759.15674568
 34207048.15762889 34207337.15851209 34207628.15940141 34207918.16028767
 34208207.16117088 34208495.16205103 34208787.1629434  34209076.16382661
 34209366.16471287 34209654.16559302 34209945.16648234 34210234.16736554
 34210525.16825486 34210814.16913807 34211103.17002127 34211394.17091059]"	0.0	0.0	0.0
2983.1748022479874	2.0	trials	6.0	0.0	0.0	0.0	0.0	0.0	True	40.0	0.0	0.005	"[34444383.88294253 34444672.88382573 34444962.884712   34445251.88559521
 34445541.88648146 34445830.88736467 34446120.88825094 34446411.88914026
 34446699.89002041 34446990.89090972 34447280.89179599 34447568.89267614
 34447858.89356239 34448148.89444865 34448438.89533491 34448727.89621812
 34449017.89710438 34449306.89798759 34449597.89887691 34449885.89975706]"	0.0	0.0	0.0
2990.720050906814	2.0	trials	6.0	0.0	0.0	0.0	0.0	0.0	True	40.0	0.0	0.005	"[34535598.16169939 34535887.1625826  34536177.16346886 34536466.16435207
 34536757.16524138 34537046.16612459 34537337.16701391 34537625.16789406
 34537914.16877726 34538205.16966657 34538494.17054979 34538783.17143299
 34539074.1723223  34539363.17320551 34539653.17409177 34539942.17497499
 34540233.1758643  34540522.1767475  34540811.17763072 34541101.17851697]"	0.0	0.0	0.0
2997.8119573801932	2.0	trials	6.0	0.0	0.0	0.0	0.0	0.0	True	40.0	0.0	0.005	"[34622925.42857728 34623215.42946354 34623505.4303498  34623795.43123607
 34624085.43212233 34624374.43300553 34624663.43388874 34624953.434775
 34625243.43566126 34625532.43654447 34625822.43743073 34626112.43831699
 34626402.43920325 34626691.44008646 34626982.44097578 34627271.44185899
 34627560.44274219 34627850.44362845 34628140.44451472 34628430.44540098]"	0.0	0.0	0.0
3006.013848045765	2.0	trials	6.0	0.0	0.0	0.0	0.0	0.0	True	40.0	0.0	0.005	"[34705008.67942911 34705299.68031843 34705588.68120164 34705878.6820879
 34706168.68297416 34706457.68385737 34706746.68474057 34707037.6856299
 34707326.6865131  34707615.6873963  34707905.68828256 34708195.68916883
 34708485.69005509 34708773.69093524 34709063.6918215  34709353.69270776
 34709642.69359097 34709933.69448029 34710223.69536655 34710512.69624975]"	0.0	0.0	0.0
3014.7323258900647	2.0	trials	6.0	0.0	0.0	0.0	0.0	0.0	True	40.0	0.0	0.005	"[34799938.96954235 34800228.97042862 34800518.97131488 34800807.97219808
 34801097.97308435 34801386.97396754 34801675.97485075 34801965.97573701
 34802255.97662327 34802544.97750648 34802835.9783958  34803124.979279
 34803415.98016832 34803703.98104847 34803993.98193473 34804282.98281794
 34804572.9837042  34804862.98459046 34805151.98547367 34805442.98636299]"	0.0	0.0	0.0
3020.074627016524	2.0	trials	6.0	0.0	0.0	0.0	0.0	0.0	True	40.0	0.0	0.005	"[34900847.2779248  34901137.27881107 34901426.27969427 34901716.28058053
 34902005.28146373 34902295.28235    34902585.28323626 34902875.28412253
 34903165.28500879 34903453.28588893 34903743.2867752  34904033.28766146
 34904322.28854466 34904612.28943092 34904902.29031719 34905191.29120039
 34905481.29208665 34905771.29297291 34906060.29385613 34906350.29474238]"	0.0	0.0	0.0
3026.750170617469	2.0	trials	6.0	0.0	0.0	0.0	0.0	0.0	True	40.0	0.0	0.005	"[34962679.46688806 34962968.46777126 34963258.46865752 34963548.46954378
 34963837.47042699 34964127.47131325 34964417.47219951 34964706.47308272
 34964996.47396898 34965285.47485218 34965574.4757354  34965865.4766247
 34966154.47750791 34966444.47839418 34966733.47927738 34967023.48016365
 34967314.48105296 34967603.48193617 34967892.48281938 34968182.48370563]"	0.0	0.0	0.0
3032.9950953024104	2.0	trials	6.0	0.0	0.0	0.0	0.0	0.0	True	40.0	0.0	0.005	"[35039942.70300961 35040231.7038928  35040520.70477602 35040811.70566534
 35041100.70654853 35041390.7074348  35041680.70832106 35041968.70920122
 35042259.71009053 35042549.71097679 35042838.71186    35043127.7127432
 35043418.71363252 35043707.71451573 35043996.71539893 35044287.71628825
 35044577.71717452 35044865.71805466 35045155.71894093 35045445.71982719]"	0.0	0.0	0.0
3041.8225238796717	2.0	trials	6.0	0.0	0.0	0.0	0.0	0.0	True	40.0	0.0	0.005	"[35112220.92389662 35112510.92478288 35112800.92566915 35113089.92655235
 35113379.92743861 35113669.92832488 35113958.92920808 35114249.93009739
 35114537.93097755 35114827.93186381 35115117.93275007 35115407.93363634
 35115696.93451954 35115987.93540885 35116276.93629207 35116566.93717832
 35116855.93806154 35117145.93894779 35117435.93983405 35117723.9407142 ]"	0.0	0.0	0.0
3048.9142575525234	2.0	trials	6.0	0.0	0.0	0.0	0.0	0.0	True	40.0	0.0	0.005	"[35214391.23613584 35214679.23701598 35214970.23790531 35215259.23878852
 35215549.23967477 35215838.24055798 35216128.24144424 35216418.24233051
 35216707.24321371 35216998.24410303 35217287.24498624 35217576.24586944
 35217865.24675264 35218156.24764197 35218444.24852211 35218735.24941143
 35219024.25029464 35219314.25118089 35219603.2520641  35219894.25295343]"	0.0	0.0	0.0
3055.984995961212	2.0	trials	6.0	0.0	0.0	0.0	0.0	0.0	True	40.0	0.0	0.005	"[35296470.48697545 35296760.48786171 35297049.48874491 35297339.48963118
 35297629.49051744 35297919.49140371 35298208.49228691 35298498.49317317
 35298787.49405637 35299077.49494264 35299367.4958289  35299657.49671516
 35299946.49759836 35300235.49848157 35300526.49937089 35300814.50025104
 35301104.5011373  35301394.50202356 35301684.50290983 35301973.50379303]"	0.0	0.0	0.0
3062.7414102093035	2.0	trials	6.0	0.0	0.0	0.0	0.0	0.0	True	40.0	0.0	0.005	"[35378308.73707855 35378597.73796175 35378886.73884495 35379177.73973427
 35379466.74061748 35379755.74150068 35380045.74238695 35380334.74327015
 35380624.74415641 35380915.74504573 35381203.74592588 35381494.7468152
 35381783.7476984  35382073.74858467 35382363.74947093 35382652.75035413
 35382942.7512404  35383232.75212666 35383521.75300986 35383811.75389612]"	0.0	0.0	0.0
3069.3207903163657	2.0	trials	6.0	0.0	0.0	0.0	0.0	0.0	True	40.0	0.0	0.005	"[35456506.97605752 35456796.97694378 35457086.97783004 35457376.97871631
 35457666.97960258 35457955.98048577 35458245.98137204 35458535.9822583
 35458823.98313845 35459114.98402777 35459404.98491403 35459693.98579724
 35459982.98668044 35460272.9875667  35460561.98844991 35460851.98933617
 35461141.99022243 35461430.99110564 35461720.9919919  35462009.99287511]"	0.0	0.0	0.0
3077.810825862529	2.0	trials	6.0	0.0	0.0	0.0	0.0	0.0	True	40.0	0.0	0.005	"[35532658.20878072 35532948.20966697 35533237.21055019 35533526.2114334
 35533817.2123227  35534106.21320592 35534395.21408913 35534685.21497539
 35534975.21586165 35535264.21674486 35535554.21763112 35535843.21851432
 35536134.21940363 35536423.22028685 35536713.22117311 35537002.22205631
 35537291.22293951 35537582.22382883 35537872.2247151  35538161.22559831]"	0.0	0.0	0.0
3085.27865988477	2.0	trials	6.0	0.0	0.0	0.0	0.0	0.0	True	40.0	0.0	0.005	"[35630922.50908291 35631212.50996917 35631502.51085544 35631790.51173558
 35632081.5126249  35632370.51350811 35632660.51439437 35632950.51528063
 35633239.51616383 35633528.51704704 35633818.51793331 35634108.51881956
 35634398.51970583 35634687.52058904 35634977.52147529 35635266.5223585
 35635556.52324476 35635845.52412797 35636136.52501729 35636425.52590049]"	0.0	0.0	0.0
3091.8867248794954	2.0	trials	6.0	0.0	0.0	0.0	0.0	0.0	True	40.0	0.0	0.005	"[35717354.77322561 35717643.77410882 35717933.77499508 35718223.77588134
 35718513.7767676  35718802.77765081 35719092.77853707 35719383.7794264
 35719671.78030654 35719960.78118975 35720250.78207601 35720540.78296227
 35720830.78384853 35721120.78473479 35721409.785618   35721699.78650426
 35721989.78739053 35722278.78827373 35722568.78915999 35722858.79004626]"	0.0	0.0	0.0
3099.461695229154	2.0	trials	6.0	0.0	0.0	0.0	0.0	0.0	True	40.0	0.0	0.005	"[35793837.00696037 35794127.00784663 35794416.00872985 35794707.00961915
 35794996.01050236 35795286.01138862 35795575.01227183 35795865.01315809
 35796155.01404435 35796445.01493061 35796734.01581382 35797023.01669703
 35797314.01758634 35797602.01846649 35797892.01935276 35798182.02023902
 35798472.02112528 35798761.02200849 35799051.02289475 35799340.02377795]"	0.0	0.0	0.0
3104.6555607019827	2.0	trials	6.0	0.0	0.0	0.0	0.0	0.0	True	40.0	0.0	0.005	"[35881511.27489872 35881800.27578193 35882090.27666819 35882379.27755139
 35882670.27844071 35882959.27932392 35883249.28021018 35883538.28109339
 35883828.28197965 35884118.28286591 35884407.28374912 35884696.28463232
 35884987.28552164 35885275.28640179 35885565.28728805 35885855.28817432
 35886145.28906058 35886435.28994684 35886724.29083005 35887014.29171631]"	0.0	0.0	0.0
3112.7850479462845	2.0	trials	6.0	0.0	0.0	0.0	0.0	0.0	True	40.0	0.0	0.005	"[35941624.45860858 35941914.45949484 35942204.46038111 35942494.46126737
 35942783.46215057 35943073.46303684 35943362.46392004 35943652.4648063
 35943941.46568951 35944231.46657576 35944521.46746203 35944811.46834829
 35945100.46923149 35945391.47012082 35945680.47100402 35945969.47188722
 35946259.47277349 35946549.47365975 35946838.47454295 35947127.47542617]"	0.0	0.0	0.0
3119.571443086	2.0	trials	6.0	0.0	0.0	0.0	0.0	0.0	True	40.0	0.0	0.005	"[36035715.74615777 36036005.74704403 36036296.74793335 36036585.74881655
 36036875.74970282 36037164.75058603 36037453.75146922 36037743.75235549
 36038033.75324175 36038323.75412801 36038612.75501122 36038901.75589442
 36039191.75678068 36039481.75766695 36039770.75855015 36040060.75943641
 36040350.76032268 36040640.76120894 36040929.76209214 36041219.7629784 ]"	0.0	0.0	0.0
3127.965142337753	2.0	trials	6.0	0.0	0.0	0.0	0.0	0.0	True	40.0	0.0	0.005	"[36114262.98620332 36114552.98708958 36114842.98797584 36115131.98885904
 36115421.98974531 36115710.99062852 36116000.99151477 36116290.99240104
 36116580.9932873  36116869.99417051 36117159.99505677 36117449.99594303
 36117738.99682624 36118027.99770945 36118317.9985957  36118607.99948197
 36118897.00036518 36119186.00124837 36119476.00213464 36119766.0030209 ]"	0.0	0.0	0.0
3136.545034158524	2.0	trials	6.0	0.0	0.0	0.0	0.0	0.0	True	40.0	0.0	0.005	"[36211412.28309798 36211702.28398425 36211992.28487051 36212281.28575371
 36212571.28663998 36212861.28752623 36213150.28840944 36213439.28929265
 36213730.29018196 36214019.29106518 36214308.29194838 36214597.29283158
 36214888.29372091 36215177.29460411 36215467.29549037 36215757.29637664
 36216047.29726289 36216335.29814304 36216625.29902931 36216916.29991862]"	0.0	0.0	0.0
3144.2978162515865	2.0	trials	6.0	0.0	0.0	0.0	0.0	0.0	True	40.0	0.0	0.005	"[36310715.58657543 36311005.5874617  36311295.58834796 36311584.58923116
 36311874.59011742 36312164.59100369 36312453.59188689 36312743.59277315
 36313033.59365942 36313322.59454262 36313612.59542888 36313902.59631515
 36314191.59719835 36314481.59808461 36314771.59897088 36315060.59985408
 36315349.60073729 36315639.60162355 36315929.60250981 36316218.60339302]"	0.0	0.0	0.0
3152.0517215480827	2.0	trials	6.0	0.0	0.0	0.0	0.0	0.0	True	40.0	0.0	0.005	"[36400446.86080014 36400735.86168334 36401026.86257266 36401315.86345587
 36401604.86433907 36401895.86522838 36402183.86610854 36402473.8669948
 36402763.86788106 36403053.86876732 36403342.86965053 36403632.8705368
 36403922.87142305 36404211.87230626 36404501.87319253 36404791.87407878
 36405081.87496504 36405369.87584519 36405660.87673451 36405949.87761772]"	0.0	0.0	0.0
3158.601207163785	2.0	trials	6.0	0.0	0.0	0.0	0.0	0.0	True	40.0	0.0	0.005	"[36490191.13506456 36490481.13595083 36490771.13683708 36491060.13772029
 36491350.13860656 36491639.13948976 36491929.14037602 36492219.14126229
 36492508.14214548 36492798.14303175 36493088.14391801 36493377.14480121
 36493668.14569053 36493957.14657374 36494247.14746    36494536.14834321
 36494825.14922641 36495115.15011268 36495404.15099588 36495694.15188214]"	0.0	0.0	0.0
3166.3022354986856	2.0	trials	6.0	0.0	0.0	0.0	0.0	0.0	True	40.0	0.0	0.005	"[36565996.36673035 36566286.36761662 36566575.36849982 36566864.36938303
 36567155.37027235 36567444.37115555 36567734.37204181 36568024.37292808
 36568312.37380823 36568603.37469754 36568893.37558381 36569182.37646701
 36569471.37735021 36569761.37823647 36570051.37912274 36570341.380009
 36570630.3808922  36570920.38177847 36571209.38266167 36571498.38354488]"	0.0	0.0	0.0
3174.6399473793367	2.0	trials	6.0	0.0	0.0	0.0	0.0	0.0	True	40.0	0.0	0.005	"[36655127.63912141 36655416.64000461 36655706.64089087 36655996.64177714
 36656285.64266034 36656575.6435466  36656865.64443287 36657154.64531607
 36657445.6462054  36657733.64708553 36658023.6479718  36658314.64886113
 36658603.64974432 36658893.65063059 36659182.65151379 36659471.652397
 36659761.65328326 36660051.65416952 36660340.65505273 36660631.65594205]"	0.0	0.0	0.0
3180.909496139532	2.0	trials	6.0	0.0	0.0	0.0	0.0	0.0	True	40.0	0.0	0.005	"[36751629.93403879 36751918.934922   36752208.93580826 36752497.93669146
 36752788.93758078 36753077.93846399 36753366.9393472  36753656.94023346
 36753946.94111972 36754236.94200598 36754525.94288918 36754815.94377545
 36755105.94466171 36755395.94554798 36755684.94643117 36755974.94731744
 36756263.94820064 36756553.9490869  36756843.94997317 36757132.95085637]"	0.0	0.0	0.0
3186.6422400592123	2.0	trials	6.0	0.0	0.0	0.0	0.0	0.0	True	40.0	0.0	0.005	"[36824194.15579985 36824483.15668305 36824773.15756931 36825062.15845252
 36825352.15933878 36825642.16022504 36825932.1611113  36826222.16199756
 36826511.16288077 36826800.16376398 36827090.16465024 36827381.16553956
 36827670.16642276 36827959.16730597 36828249.16819223 36828539.16907849
 36828828.1699617  36829118.17084796 36829406.17172811 36829697.17261743]"	0.0	0.0	0.0
3194.0258338240096	2.0	trials	6.0	0.0	0.0	0.0	0.0	0.0	True	40.0	0.0	0.005	"[36890545.3585735  36890834.3594567  36891123.36033991 36891414.36122923
 36891703.36211243 36891993.36299869 36892282.3638819  36892572.36476817
 36892862.36565442 36893151.36653763 36893440.36742084 36893730.3683071
 36894020.36919336 36894309.37007656 36894599.37096283 36894889.37184909
 36895178.3727323  36895468.37361856 36895757.37450176 36896048.37539108]"	0.0	0.0	0.0
3202.2405117286603	2.0	trials	6.0	0.0	0.0	0.0	0.0	0.0	True	40.0	0.0	0.005	"[36976003.61973958 36976292.62062279 36976582.62150905 36976873.62239838
 36977161.62327852 36977452.62416784 36977741.62505104 36978031.62593731
 36978320.62682051 36978610.62770677 36978899.62858998 36979189.62947624
 36979479.6303625  36979769.63124877 36980057.63212892 36980347.63301518
 36980637.63390144 36980927.6347877  36981216.63567091 36981506.63655717]"	0.0	0.0	0.0
3210.5449595076543	2.0	trials	6.0	0.0	0.0	0.0	0.0	0.0	True	40.0	0.0	0.005	"[37071079.91029901 37071369.91118527 37071659.91207153 37071949.91295779
 37072238.913841   37072528.91472726 37072817.91561047 37073107.91649672
 37073397.91738299 37073686.9182662  37073975.9191494  37074265.92003567
 37074556.92092498 37074845.92180819 37075134.9226914  37075424.92357765
 37075713.92446086 37076003.92534713 37076293.92623338 37076582.9271166 ]"	0.0	0.0	0.0
3217.720069435309	2.0	trials	6.0	0.0	0.0	0.0	0.0	0.0	True	40.0	0.0	0.005	"[37167197.2040398  37167486.20492301 37167775.20580621 37168066.20669553
 37168355.20757874 37168644.20846194 37168934.20934821 37169224.21023447
 37169514.21112073 37169803.21200394 37170093.2128902  37170382.2137734
 37170672.21465967 37170961.21554287 37171251.21642914 37171541.2173154
 37171831.21820166 37172120.21908487 37172410.21997113 37172699.22085433]"	0.0	0.0	0.0
3223.2699903962707	2.0	trials	6.0	0.0	0.0	0.0	0.0	0.0	True	40.0	0.0	0.005	"[37250241.45782853 37250532.45871785 37250822.45960411 37251111.46048731
 37251401.46137357 37251690.46225678 37251980.46314304 37252270.4640293
 37252559.46491251 37252849.46579877 37253139.46668503 37253428.46756824
 37253718.4684545  37254008.46934076 37254297.47022397 37254586.47110717
 37254876.47199344 37255166.4728797  37255455.4737629  37255745.47464917]"	0.0	0.0	0.0
3231.8021028710236	2.0	trials	6.0	0.0	0.0	0.0	0.0	0.0	True	40.0	0.0	0.005	"[37314477.65413859 37314767.65502485 37315056.65590806 37315346.65679431
 37315636.65768058 37315925.65856379 37316214.65944698 37316505.6603363
 37316794.66121951 37317084.66210577 37317373.66298898 37317663.66387524
 37317953.6647615  37318243.66564776 37318532.66653097 37318821.66741417
 37319111.66830043 37319400.66918364 37319689.67006685 37319980.67095616]"	0.0	0.0	0.0
3237.870511816521	2.0	trials	6.0	0.0	0.0	0.0	0.0	0.0	True	40.0	0.0	0.005	"[37413227.95592602 37413517.95681228 37413807.95769855 37414096.95858175
 37414386.95946801 37414675.96035122 37414964.96123443 37415255.96212374
 37415545.96301001 37415834.96389321 37416124.96477947 37416413.96566268
 37416702.96654589 37416993.9674352  37417282.96831841 37417571.96920162
 37417861.97008788 37418151.97097414 37418441.9718604  37418730.97274361]"	0.0	0.0	0.0
3246.2158269204083	2.0	trials	6.0	0.0	0.0	0.0	0.0	0.0	True	40.0	0.0	0.005	"[37483465.17057559 37483755.17146185 37484043.172342   37484334.17323132
 37484623.17411453 37484913.17500079 37485203.17588705 37485492.17677025
 37485782.17765652 37486071.17853972 37486361.17942598 37486650.18030919
 37486940.18119545 37487229.18207866 37487519.18296492 37487809.18385118
 37488098.18473439 37488388.18562065 37488678.1865069  37488968.18739317]"	0.0	0.0	0.0
3254.1298319061807	2.0	trials	6.0	0.0	0.0	0.0	0.0	0.0	True	40.0	0.0	0.005	"[37580054.46575885 37580343.46664206 37580633.46752832 37580922.46841153
 37581211.46929473 37581501.470181   37581791.47106726 37582081.47195352
 37582370.47283673 37582660.47372299 37582950.47460925 37583240.47549551
 37583529.47637872 37583818.47726192 37584108.47814818 37584398.47903445
 37584688.4799207  37584977.48080391 37585268.48169323 37585557.48257644]"	0.0	0.0	0.0
3260.6705910952146	2.0	trials	6.0	0.0	0.0	0.0	0.0	0.0	True	40.0	0.0	0.005	"[37671650.74568313 37671940.7465694  37672230.74745566 37672520.74834192
 37672809.74922512 37673099.75011139 37673388.75099459 37673677.75187779
 37673967.75276406 37674257.75365032 37674547.75453658 37674837.75542285
 37675126.75630605 37675416.75719231 37675705.75807552 37675995.75896178
 37676285.75984804 37676574.76073125 37676864.76161751 37677154.76250377]"	0.0	0.0	0.0
3269.614314427881	2.0	trials	6.0	0.0	0.0	0.0	0.0	0.0	True	40.0	0.0	0.005	"[37747353.9770372  37747643.97792347 37747932.97880667 37748222.97969294
 37748511.98057614 37748801.9814624  37749091.98234867 37749380.98323187
 37749670.98411813 37749961.98500745 37750250.98589066 37750540.98677692
 37750829.98766012 37751119.98854639 37751408.98942959 37751698.99031585
 37751987.99119905 37752278.99208838 37752567.99297158 37752857.99385785]"	0.0	0.0	0.0
3278.4427798083107	2.0	trials	6.0	0.0	0.0	0.0	0.0	0.0	True	40.0	0.0	0.005	"[37850870.2933899  37851159.29427311 37851449.29515938 37851738.29604258
 37852027.29692578 37852317.29781204 37852607.29869831 37852896.29958151
 37853187.30047083 37853477.30135709 37853766.3022403  37854055.3031235
 37854345.30400977 37854635.30489603 37854925.30578229 37855214.3066655
 37855503.30754869 37855794.30843802 37856082.30931817 37856372.31020443]"	0.0	0.0	0.0
3285.0526592085803	2.0	trials	6.0	0.0	0.0	0.0	0.0	0.0	True	40.0	0.0	0.005	"[37953051.60566274 37953341.606549   37953629.60742915 37953919.60831541
 37954208.60919862 37954498.61008488 37954788.61097114 37955078.61185741
 37955368.61274366 37955657.61362687 37955947.61451314 37956237.61539939
 37956526.6162826  37956816.61716886 37957105.61805207 37957395.61893833
 37957684.61982154 37957974.6207078  37958264.62159406 37958554.62248032]"	0.0	0.0	0.0
3292.276671685686	2.0	trials	6.0	0.0	0.0	0.0	0.0	0.0	True	40.0	0.0	0.005	"[38029553.83945862 38029842.84034182 38030132.84122808 38030422.84211435
 38030711.84299755 38031001.84388381 38031291.84477008 38031581.84565634
 38031871.8465426  38032160.8474258  38032450.84831207 38032739.84919528
 38033029.85008153 38033319.85096779 38033608.851851   38033898.85273726
 38034188.85362352 38034476.85450368 38034766.85538994 38035057.85627925]"	0.0	0.0	0.0
3300.1906766714583	2.0	trials	6.0	0.0	0.0	0.0	0.0	0.0	True	40.0	0.0	0.005	"[38113165.09498014 38113455.0958664  38113745.09675266 38114034.09763587
 38114324.09852213 38114615.09941144 38114904.10029464 38115193.10117786
 38115483.10206412 38115772.10294732 38116061.10383052 38116352.10471984
 38116640.1056     38116931.10648932 38117221.10737557 38117510.10825878
 38117799.10914198 38118089.11002825 38118380.11091757 38118668.11179772]"	0.0	0.0	0.0
3305.8926620971383	2.0	trials	6.0	0.0	0.0	0.0	0.0	0.0	True	40.0	0.0	0.005	"[38204762.37490746 38205052.37579373 38205341.37667694 38205632.37756625
 38205920.3784464  38206210.37933267 38206500.38021892 38206790.38110519
 38207080.38199145 38207369.38287465 38207659.38376092 38207948.38464412
 38208239.38553344 38208528.38641664 38208818.38730291 38209106.38818306
 38209397.38907237 38209686.38995558 38209976.39084185 38210265.39172505]"	0.0	0.0	0.0
3313.3306880282844	2.0	trials	6.0	0.0	0.0	0.0	0.0	0.0	True	40.0	0.0	0.005	"[38270757.57659317 38271046.57747637 38271336.57836263 38271626.5792489
 38271917.58013821 38272205.58101836 38272496.58190767 38272785.58279088
 38273074.5836741  38273364.58456035 38273653.58544356 38273943.58632983
 38274233.58721608 38274523.58810234 38274812.58898555 38275103.58987486
 38275392.59075807 38275681.59164128 38275971.59252754 38276260.59341075]"	0.0	0.0	0.0
3321.5326650941206	2.0	trials	6.0	0.0	0.0	0.0	0.0	0.0	True	40.0	0.0	0.005	"[38356846.83968763 38357135.84057084 38357426.84146016 38357715.84234336
 38358005.84322962 38358295.84411589 38358584.84499909 38358874.84588535
 38359164.84677162 38359453.84765482 38359743.84854109 38360032.84942429
 38360322.85031055 38360611.85119376 38360901.85208002 38361191.85296628
 38361480.85384949 38361770.85473575 38362059.85561895 38362350.85650828]"	0.0	0.0	0.0
3327.7789721832874	2.0	trials	6.0	0.0	0.0	0.0	0.0	0.0	True	40.0	0.0	0.005	"[38451777.12980086 38452066.13068408 38452357.13157339 38452645.13245354
 38452936.13334286 38453224.13422301 38453514.13510927 38453805.13599859
 38454093.13687874 38454384.13776806 38454673.13865126 38454963.13953752
 38455252.14042073 38455542.14130699 38455832.14219326 38456121.14307646
 38456411.14396272 38456700.14484593 38456991.14573524 38457280.14661845]"	0.0	0.0	0.0
3336.0590550878205	2.0	trials	6.0	0.0	0.0	0.0	0.0	0.0	True	40.0	0.0	0.005	"[38524072.35073984 38524362.3516261  38524651.3525093  38524940.35339251
 38525230.35427877 38525519.35516197 38525809.35604824 38526098.35693144
 38526389.35782076 38526679.35870703 38526968.35959023 38527258.36047649
 38527548.36136275 38527838.36224902 38528127.36313222 38528416.36401543
 38528705.36489863 38528995.3657849  38529285.36667116 38529574.36755436]"	0.0	0.0	0.0
3356.287948908785	2.0	trials	7.0	0.0	0.0	0.0	0.0	0.0	True	40.0	0.0	0.005	"[38619906.64361576 38620196.64450203 38620485.64538523 38620774.64626843
 38621064.6471547  38621354.64804096 38621644.64892723 38621934.64981348
 38622222.65069363 38622512.65157989 38622803.65246921 38623092.65335242
 38623381.65423562 38623671.65512189 38623961.65600815 38624251.65689441
 38624541.65778067 38624829.65866082 38625119.65954708 38625409.66043334]"	0.0	0.0	0.0
3364.5907550827615	2.0	trials	7.0	0.0	0.0	0.0	0.0	0.0	True	40.0	0.0	0.005	"[38854037.35913469 38854326.3600179  38854616.36090416 38854906.36179042
 38855195.36267363 38855485.36355988 38855775.36444615 38856065.3653324
 38856354.36621561 38856643.36709882 38856933.36798508 38857222.36886828
 38857513.3697576  38857802.37064081 38858091.37152401 38858382.37241333
 38858671.37329654 38858961.3741828  38859251.37506906 38859540.37595227]"	0.0	0.0	0.0
3371.6845623619506	2.0	trials	7.0	0.0	0.0	0.0	0.0	0.0	True	40.0	0.0	0.005	"[38950133.6528113  38950424.65370062 38950713.65458383 38951002.65546703
 38951293.65635635 38951582.65723956 38951871.65812276 38952161.65900902
 38952451.65989529 38952740.66077849 38953031.66166781 38953320.66255102
 38953609.66343422 38953899.66432048 38954189.66520675 38954478.66608994
 38954768.66697621 38955058.66786247 38955347.66874567 38955636.66962889]"	0.0	0.0	0.0
3378.200351874675	2.0	trials	7.0	0.0	0.0	0.0	0.0	0.0	True	40.0	0.0	0.005	"[39032238.90373038 39032528.90461663 39032818.90550289 39033107.9063861
 39033396.90726931 39033686.90815558 39033975.90903877 39034265.90992504
 39034555.91081131 39034845.91169756 39035135.91258382 39035424.91346703
 39035712.91434718 39036003.9152365  39036293.91612276 39036583.91700902
 39036873.91789528 39037162.91877849 39037451.91966169 39037741.92054795]"	0.0	0.0	0.0
3387.248446726308	2.0	trials	7.0	0.0	0.0	0.0	0.0	0.0	True	40.0	0.0	0.005	"[39107653.13420124 39107942.13508444 39108233.13597376 39108522.13685697
 39108811.13774018 39109101.13862644 39109390.13950964 39109680.14039591
 39109970.14128216 39110259.14216537 39110549.14305164 39110839.14393789
 39111128.1448211  39111418.14570737 39111708.14659362 39111997.14747683
 39112288.14836615 39112576.1492463  39112866.15013257 39113156.15101882]"	0.0	0.0	0.0
3396.383114642515	2.0	trials	7.0	0.0	0.0	0.0	0.0	0.0	True	40.0	0.0	0.005	"[39212376.45424262 39212665.45512582 39212955.45601209 39213244.45689529
 39213535.45778461 39213825.45867087 39214114.45955408 39214403.46043728
 39214693.46132355 39214983.46220981 39215273.46309607 39215562.46397928
 39215852.46486554 39216141.46574874 39216431.466635   39216721.46752127
 39217010.46840448 39217300.46929073 39217589.47017394 39217879.4710602 ]"	0.0	0.0	0.0
3405.0564915489826	2.0	trials	7.0	0.0	0.0	0.0	0.0	0.0	True	40.0	0.0	0.005	"[39318100.77734313 39318390.77822939 39318680.77911565 39318969.77999886
 39319259.78088512 39319548.78176832 39319838.78265459 39320127.78353779
 39320418.78442711 39320707.78531032 39320997.78619658 39321287.78708284
 39321576.78796605 39321865.78884925 39322155.78973552 39322445.79062178
 39322734.79150498 39323024.79239125 39323314.79327751 39323603.79416071]"	0.0	0.0	0.0
3412.0164648191653	2.0	trials	7.0	0.0	0.0	0.0	0.0	0.0	True	40.0	0.0	0.005	"[39418487.08413032 39418777.08501657 39419067.08590283 39419356.08678604
 39419647.08767536 39419935.08855551 39420225.08944177 39420515.09032803
 39420804.09121124 39421095.09210056 39421384.09298376 39421674.09387002
 39421964.09475629 39422253.09563949 39422542.0965227  39422832.09740896
 39423122.09829522 39423411.09917843 39423702.10006775 39423990.10094789]"	0.0	0.0	0.0
3418.0712225229436	2.0	trials	7.0	0.0	0.0	0.0	0.0	0.0	True	40.0	0.0	0.005	"[39499042.33031246 39499332.33119872 39499622.33208498 39499912.33297125
 39500201.33385445 39500491.33474072 39500781.33562697 39501070.33651018
 39501359.33739339 39501650.3382827  39501939.33916591 39502228.34004912
 39502519.34093843 39502808.34182164 39503098.3427079  39503387.34359111
 39503677.34447738 39503966.34536058 39504257.34624989 39504546.34713311]"	0.0	0.0	0.0
3425.55858300486	2.0	trials	7.0	0.0	0.0	0.0	0.0	0.0	True	40.0	0.0	0.005	"[39569120.54447611 39569411.54536543 39569700.54624864 39569990.5471349
 39570279.54801811 39570569.54890437 39570859.54979063 39571149.55067689
 39571438.5515601  39571727.5524433  39572017.55332956 39572307.55421583
 39572597.55510209 39572886.55598529 39573176.55687155 39573465.55775476
 39573755.55864102 39574045.55952729 39574334.56041049 39574624.56129675]"	0.0	0.0	0.0
3431.0608974203305	2.0	trials	7.0	0.0	0.0	0.0	0.0	0.0	True	40.0	0.0	0.005	"[39655779.80931254 39656069.81019881 39656360.81108812 39656649.81197134
 39656938.81285454 39657228.8137408  39657518.81462707 39657808.81551332
 39658097.81639653 39658387.8172828  39658676.818166   39658965.8190492
 39659255.81993546 39659545.82082172 39659835.82170799 39660124.82259119
 39660414.82347745 39660703.82436066 39660993.82524692 39661283.82613318]"	0.0	0.0	0.0
3436.9315361614276	2.0	trials	7.0	0.0	0.0	0.0	0.0	0.0	True	40.0	0.0	0.005	"[39719464.00393565 39719755.00482497 39720044.00570817 39720334.00659443
 39720624.0074807  39720913.0083639  39721202.00924711 39721492.01013337
 39721782.01101963 39722072.01190589 39722361.0127891  39722650.01367231
 39722941.01456162 39723230.01544483 39723520.01633109 39723810.01721735
 39724100.01810361 39724389.01898682 39724678.01987003 39724968.02075629]"	0.0	0.0	0.0
3442.73201788812	2.0	trials	7.0	0.0	0.0	0.0	0.0	0.0	True	40.0	0.0	0.005	"[39787412.21158986 39787702.21247612 39787991.21335933 39788281.21424559
 39788571.21513185 39788860.21601506 39789150.21690132 39789440.21778758
 39789729.21867079 39790018.21955399 39790309.22044331 39790598.22132652
 39790888.22221278 39791178.22309904 39791467.22398224 39791756.22486545
 39792046.22575171 39792336.22663797 39792625.22752117 39792915.22840744]"	0.0	0.0	0.0
3449.774935411786	2.0	trials	7.0	0.0	0.0	0.0	0.0	0.0	True	40.0	0.0	0.005	"[39854546.41675642 39854835.41763963 39855125.41852589 39855415.41941215
 39855705.42029841 39855994.42118162 39856284.42206788 39856573.42295109
 39856863.42383735 39857154.42472667 39857442.42560682 39857733.42649613
 39858022.42737934 39858311.42826255 39858601.42914881 39858891.43003507
 39859181.43092133 39859470.43180454 39859759.43268774 39860049.433574  ]"	0.0	0.0	0.0
3457.347227353259	2.0	trials	7.0	0.0	0.0	0.0	0.0	0.0	True	40.0	0.0	0.005	"[39936062.66587546 39936351.66675866 39936640.66764187 39936931.66853119
 39937220.66941439 39937510.67030066 39937799.67118386 39938089.67207012
 39938379.67295639 39938668.67383959 39938957.6747228  39939248.67561211
 39939537.67649532 39939826.67737853 39940116.67826479 39940406.67915105
 39940695.68003426 39940985.68092052 39941275.68180678 39941565.68269304]"	0.0	0.0	0.0
3465.5010794720206	2.0	trials	7.0	0.0	0.0	0.0	0.0	0.0	True	40.0	0.0	0.005	"[40023704.93371601 40023994.93460228 40024283.93548549 40024572.93636869
 40024862.93725496 40025152.93814121 40025441.93902442 40025731.93991069
 40026021.94079694 40026311.9416832  40026600.94256642 40026890.94345267
 40027180.94433893 40027469.94522214 40027759.9461084  40028048.94699161
 40028338.94787787 40028628.94876413 40028917.94964734 40029207.9505336 ]"	0.0	0.0	0.0
3470.886148729183	2.0	trials	7.0	0.0	0.0	0.0	0.0	0.0	True	40.0	0.0	0.005	"[40118077.22212396 40118367.22301023 40118656.22389343 40118946.22477969
 40119236.22566595 40119525.22654916 40119815.22743542 40120105.22832168
 40120394.22920489 40120684.23009115 40120973.23097436 40121263.23186062
 40121553.23274688 40121843.23363314 40122133.23451941 40122422.23540261
 40122711.23628581 40123001.23717207 40123290.23805529 40123581.2389446 ]"	0.0	0.0	0.0
3479.5177079078526	2.0	trials	7.0	0.0	0.0	0.0	0.0	0.0	True	40.0	0.0	0.005	"[40180404.41259997 40180694.41348623 40180983.41436943 40181273.4152557
 40181563.41614196 40181853.41702823 40182142.41791143 40182432.41879769
 40182721.41968089 40183011.42056716 40183301.42145342 40183590.42233663
 40183880.42322289 40184170.42410915 40184459.42499236 40184748.42587556
 40185039.42676488 40185328.42764809 40185618.42853435 40185908.42942061]"	0.0	0.0	0.0
3485.8411704328123	2.0	trials	7.0	0.0	0.0	0.0	0.0	0.0	True	40.0	0.0	0.005	"[40280306.71790801 40280597.71879733 40280886.71968053 40281176.72056679
 40281465.72145    40281755.72233626 40282044.72321947 40282335.72410879
 40282623.72498894 40282913.7258752  40283202.7267584  40283493.72764772
 40283783.72853399 40284072.72941719 40284362.73030345 40284652.73118972
 40284941.73207292 40285231.73295918 40285520.73384239 40285810.73472865]"	0.0	0.0	0.0
3491.3550624836657	2.0	trials	7.0	0.0	0.0	0.0	0.0	0.0	True	40.0	0.0	0.005	"[40353494.94157605 40353785.94246537 40354075.94335163 40354364.94423484
 40354653.94511805 40354943.94600431 40355233.94689057 40355523.94777683
 40355811.94865698 40356101.94954324 40356392.95043256 40356680.95131271
 40356971.95220203 40357260.95308524 40357550.9539715  40357840.95485776
 40358129.95574097 40358419.95662723 40358709.95751349 40358997.95839363]"	0.0	0.0	0.0
3500.1097420386004	2.0	trials	7.0	0.0	0.0	0.0	0.0	0.0	True	40.0	0.0	0.005	"[40417313.13660867 40417603.13749494 40417893.1383812  40418182.1392644
 40418472.14015067 40418761.14103387 40419051.14192013 40419342.14280945
 40419631.14369265 40419920.14457586 40420210.14546213 40420500.14634838
 40420790.14723465 40421080.14812091 40421369.14900411 40421658.14988732
 40421948.15077358 40422238.15165985 40422528.15254611 40422817.15342931]"	0.0	0.0	0.0
3507.5462127649935	2.0	trials	7.0	0.0	0.0	0.0	0.0	0.0	True	40.0	0.0	0.005	"[40518640.44627162 40518931.44716093 40519220.44804414 40519509.44892735
 40519800.44981667 40520089.45069987 40520378.45158308 40520668.45246934
 40520957.45335255 40521247.45423881 40521537.45512507 40521827.45601133
 40522117.45689759 40522406.4577808  40522695.45866401 40522985.45955027
 40523275.46043653 40523565.46132278 40523854.462206   40524145.46309531]"	0.0	0.0	0.0
3516.6273989177557	2.0	trials	7.0	0.0	0.0	0.0	0.0	0.0	True	40.0	0.0	0.005	"[40604710.70930803 40605001.71019734 40605289.71107749 40605580.71196681
 40605869.71285002 40606159.71373628 40606449.71462254 40606738.71550575
 40607028.71639201 40607317.71727522 40607607.71816148 40607897.71904774
 40608187.719934   40608476.7208172  40608765.72170042 40609056.72258973
 40609345.72347294 40609635.7243592  40609924.72524241 40610214.72612867]"	0.0	0.0	0.0
3525.375684853151	2.0	trials	7.0	0.0	0.0	0.0	0.0	0.0	True	40.0	0.0	0.005	"[40709818.03052294 40710107.03140615 40710397.0322924  40710687.03317866
 40710976.03406187 40711266.03494813 40711555.03583135 40711845.0367176
 40712135.03760386 40712424.03848707 40712715.03937639 40713003.04025654
 40713294.04114585 40713584.04203212 40713873.04291532 40714163.04380159
 40714452.04468479 40714742.04557105 40715031.04645426 40715321.04734052]"	0.0	0.0	0.0
3531.7960884743693	2.0	trials	7.0	0.0	0.0	0.0	0.0	0.0	True	40.0	0.0	0.005	"[40811070.33995669 40811360.34084295 40811649.34172615 40811940.34261546
 40812230.34350172 40812519.34438493 40812809.34527119 40813098.3461544
 40813388.34704066 40813677.34792387 40813967.34881013 40814257.34969639
 40814546.3505796  40814836.35146586 40815125.35234907 40815415.35323533
 40815704.35411853 40815994.3550048  40816283.355888   40816574.35677732]"	0.0	0.0	0.0
3537.3899871697295	2.0	trials	7.0	0.0	0.0	0.0	0.0	0.0	True	40.0	0.0	0.005	"[40885381.5670567  40885670.5679399  40885960.56882617 40886251.56971548
 40886538.57059257 40886830.57148495 40887119.57236816 40887408.57325137
 40887699.57414068 40887987.57502083 40888278.57591014 40888567.57679336
 40888857.57767961 40889146.57856283 40889436.57944909 40889725.58033229
 40890015.58121856 40890304.58210175 40890595.58299107 40890885.58387733]"	0.0	0.0	0.0
3545.0981003262814	2.0	trials	7.0	0.0	0.0	0.0	0.0	0.0	True	40.0	0.0	0.005	"[40950125.76491924 40950414.76580245 40950704.7666887  40950994.76757497
 40951282.76845512 40951572.76934138 40951862.77022764 40952151.77111085
 40952442.77200016 40952731.77288337 40953021.77376963 40953311.77465589
 40953600.77553911 40953890.77642536 40954180.77731162 40954469.77819483
 40954759.77908109 40955049.77996736 40955338.78085056 40955627.78173377]"	0.0	0.0	0.0
3551.8238424806373	2.0	trials	7.0	0.0	0.0	0.0	0.0	0.0	True	40.0	0.0	0.005	"[41039339.0375609  41039628.03844409 41039918.03933036 41040208.04021662
 41040498.04110289 41040788.04198914 41041077.04287235 41041367.04375861
 41041656.04464182 41041946.04552808 41042236.04641434 41042526.0473006
 41042814.04818075 41043103.04906396 41043394.04995328 41043684.05083954
 41043974.0517258  41044263.05260901 41044553.05349527 41044842.05437848]"	0.0	0.0	0.0
3557.1335707075505	2.0	trials	7.0	0.0	0.0	0.0	0.0	0.0	True	40.0	0.0	0.005	"[41117184.27546108 41117474.27634734 41117762.27722749 41118053.27811681
 41118342.27900001 41118632.27988628 41118922.28077254 41119211.28165574
 41119500.28253895 41119791.28342827 41120080.28431147 41120370.28519773
 41120659.28608094 41120949.2869672  41121238.28785041 41121528.28873667
 41121818.28962293 41122107.29050614 41122398.29139546 41122687.29227865]"	0.0	0.0	0.0
3565.102526261256	2.0	trials	7.0	0.0	0.0	0.0	0.0	0.0	True	40.0	0.0	0.005	"[41178638.46326914 41178929.46415845 41179218.46504165 41179508.46592792
 41179797.46681112 41180087.46769738 41180376.4685806  41180666.46946685
 41180955.47035006 41181245.47123632 41181534.47211953 41181825.47300885
 41182114.47389205 41182404.47477831 41182694.47566458 41182983.47654778
 41183273.47743404 41183562.47831725 41183853.47920657 41184142.48008978]"	0.0	0.0	0.0
3571.762863415728	2.0	trials	7.0	0.0	0.0	0.0	0.0	0.0	True	40.0	0.0	0.005	"[41270872.74514319 41271161.7460264  41271451.74691265 41271741.74779892
 41272030.74868212 41272320.74956838 41272610.75045465 41272900.75134091
 41273189.75222412 41273479.75311038 41273768.75399358 41274058.75487985
 41274348.75576611 41274638.75665237 41274927.75753558 41275217.75842184
 41275507.7593081  41275795.76018824 41276085.76107451 41276375.76196077]"	0.0	0.0	0.0
3577.4021222497117	2.0	trials	7.0	0.0	0.0	0.0	0.0	0.0	True	40.0	0.0	0.005	"[41347958.98072381 41348248.98161007 41348538.98249634 41348827.98337954
 41349116.98426275 41349406.98514901 41349696.98603527 41349986.98692153
 41350275.98780474 41350565.988691   41350854.98957421 41351144.99046047
 41351434.99134672 41351724.99223299 41352013.9931162  41352302.99399941
 41352592.99488567 41352883.99577498 41353172.99665819 41353461.9975414 ]"	0.0	0.0	0.0
3586.468620357586	2.0	trials	7.0	0.0	0.0	0.0	0.0	0.0	True	40.0	0.0	0.005	"[41413228.18019079 41413519.18108011 41413808.18196332 41414098.18284958
 41414387.18373279 41414676.18461599 41414966.18550226 41415256.18638851
 41415546.18727478 41415836.18816104 41416125.18904424 41416415.18993051
 41416704.19081371 41416994.19169997 41417284.19258624 41417573.19346944
 41417863.1943557  41418153.19524197 41418442.19612517 41418732.19701143]"	0.0	0.0	0.0
3595.1684357448526	2.0	trials	7.0	0.0	0.0	0.0	0.0	0.0	True	40.0	0.0	0.005	"[41518164.50088312 41518453.50176632 41518744.50265565 41519033.50353885
 41519323.50442512 41519612.50530832 41519902.50619458 41520192.50708085
 41520481.50796404 41520770.50884725 41521060.50973351 41521350.51061977
 41521640.51150604 41521929.51238924 41522219.5132755  41522508.51415871
 41522798.51504497 41523088.51593123 41523378.5168175  41523667.5177007 ]"	0.0	0.0	0.0
3601.9424756468093	2.0	trials	7.0	0.0	0.0	0.0	0.0	0.0	True	40.0	0.0	0.005	"[41618858.80861157 41619147.80949478 41619436.81037799 41619726.81126425
 41620015.81214745 41620305.81303371 41620595.81391998 41620885.81480624
 41621175.8156925  41621464.81657571 41621753.81745891 41622043.81834517
 41622332.81922838 41622622.82011463 41622912.8210009  41623201.82188411
 41623492.82277343 41623780.82365357 41624070.82453984 41624360.82542609]"	0.0	0.0	0.0
3610.6784927447097	2.0	trials	7.0	0.0	0.0	0.0	0.0	0.0	True	40.0	0.0	0.005	"[41697261.048214   41697551.04910026 41697840.04998346 41698129.05086666
 41698419.05175293 41698709.05263919 41698998.0535224  41699288.05440866
 41699577.05529186 41699867.05617813 41700157.05706439 41700446.05794759
 41700736.05883386 41701026.05972011 41701315.06060332 41701605.06148959
 41701895.06237584 41702184.06325905 41702474.06414532 41702764.06503157]"	0.0	0.0	0.0
3616.504548949559	2.0	trials	7.0	0.0	0.0	0.0	0.0	0.0	True	40.0	0.0	0.005	"[41798372.35721684 41798662.35810309 41798951.3589863  41799242.35987561
 41799531.36075882 41799820.36164203 41800110.36252829 41800399.36341149
 41800689.36429776 41800979.36518402 41801267.36606417 41801558.36695349
 41801848.36783975 41802137.36872295 41802427.36960922 41802717.37049548
 41803006.37137868 41803295.37226189 41803585.37314815 41803875.37403441]"	0.0	0.0	0.0
3625.049535063656	2.0	trials	7.0	0.0	0.0	0.0	0.0	0.0	True	40.0	0.0	0.005	"[41865803.56329104 41866092.56417426 41866382.56506052 41866672.56594678
 41866962.56683303 41867252.5677193  41867540.56859945 41867831.56948876
 41868120.57037197 41868410.57125823 41868699.57214144 41868989.5730277
 41869278.57391091 41869568.57479717 41869857.57568038 41870148.57656969
 41870437.5774529  41870727.57833916 41871017.57922542 41871306.58010863]"	0.0	0.0	0.0
3631.582431828662	2.0	trials	7.0	0.0	0.0	0.0	0.0	0.0	True	40.0	0.0	0.005	"[41964703.8655369  41964993.86642316 41965282.86730637 41965572.86819263
 41965861.86907584 41966151.8699621  41966441.87084836 41966731.87173462
 41967021.87262089 41967309.87350103 41967600.87439035 41967889.87527356
 41968179.87615982 41968468.87704302 41968758.87792929 41969048.87881555
 41969337.87969875 41969626.88058196 41969916.88146822 41970207.88235754]"	0.0	0.0	0.0
3636.7432924006253	2.0	trials	7.0	0.0	0.0	0.0	0.0	0.0	True	40.0	0.0	0.005	"[42040316.09661287 42040606.09749913 42040895.09838234 42041185.0992686
 42041474.10015181 42041764.10103807 42042054.10192433 42042343.10280754
 42042633.1036938  42042922.104577   42043212.10546327 42043502.10634952
 42043792.10723579 42044081.108119   42044370.1090022  42044660.10988846
 42044950.11077473 42045239.11165792 42045529.11254419 42045819.11343045]"	0.0	0.0	0.0
3645.210777477873	2.0	trials	7.0	0.0	0.0	0.0	0.0	0.0	True	40.0	0.0	0.005	"[42100047.27915531 42100337.28004158 42100627.28092783 42100916.28181104
 42101206.2826973  42101496.28358356 42101786.28446982 42102075.28535303
 42102365.28623929 42102654.2871225  42102944.28800876 42103234.28889502
 42103524.28978128 42103813.29066449 42104102.29154769 42104392.29243395
 42104681.29331716 42104972.29420648 42105262.29509274 42105551.29597595]"	0.0	0.0	0.0
3654.112683082741	2.0	trials	7.0	0.0	0.0	0.0	0.0	0.0	True	40.0	0.0	0.005	"[42198051.57866292 42198339.57954306 42198629.58042933 42198919.58131559
 42199209.58220185 42199498.58308506 42199788.58397132 42200077.58485453
 42200368.58574384 42200657.58662705 42200946.58751026 42201236.58839652
 42201526.58928278 42201816.59016904 42202105.59105225 42202395.59193851
 42202685.59282477 42202975.59371103 42203263.59459119 42203554.59548049]"	0.0	0.0	0.0
3659.8306525572702	2.0	trials	7.0	0.0	0.0	0.0	0.0	0.0	True	40.0	0.0	0.005	"[42301082.89353342 42301371.89441662 42301661.89530288 42301951.89618915
 42302241.89707541 42302530.89795861 42302820.89884488 42303109.89972808
 42303400.9006174  42303688.90149755 42303978.90238381 42304268.90327007
 42304558.90415633 42304847.90503954 42305137.9059258  42305427.90681206
 42305716.90769527 42306006.90858153 42306296.9094678  42306586.91035406]"	0.0	0.0	0.0
3668.683828413217	2.0	trials	7.0	0.0	0.0	0.0	0.0	0.0	True	40.0	0.0	0.005	"[42367263.09578449 42367552.09666769 42367841.0975509  42368131.09843715
 42368421.09932342 42368711.10020968 42369000.10109288 42369289.1019761
 42369579.10286235 42369869.10374861 42370159.10463488 42370448.10551808
 42370738.10640435 42371028.10729061 42371318.10817687 42371607.10906008
 42371896.10994328 42372186.11082954 42372476.11171581 42372766.11260207]"	0.0	0.0	0.0
3675.335093539965	2.0	trials	7.0	0.0	0.0	0.0	0.0	0.0	True	40.0	0.0	0.005	"[42469730.40893136 42470019.40981457 42470308.41069777 42470598.41158403
 42470888.4124703  42471177.4133535  42471468.41424282 42471757.41512603
 42472047.41601229 42472336.41689549 42472626.41778176 42472915.41866495
 42473206.41955428 42473495.42043748 42473784.42132068 42474074.42220695
 42474364.42309321 42474654.42397948 42474944.42486574 42475232.42574588]"	0.0	0.0	0.0
3683.3568396550013	2.0	trials	7.0	0.0	0.0	0.0	0.0	0.0	True	40.0	0.0	0.005	"[42546711.64419109 42547001.64507736 42547291.64596362 42547580.64684682
 42547870.64773309 42548159.64861629 42548450.64950561 42548739.65038882
 42549028.65127202 42549317.65215523 42549607.65304149 42549897.65392775
 42550187.65481401 42550477.65570028 42550767.65658654 42551056.65746975
 42551345.65835295 42551636.65924226 42551924.66012242 42552214.66100868]"	0.0	0.0	0.0
3689.513290469561	2.0	trials	7.0	0.0	0.0	0.0	0.0	0.0	True	40.0	0.0	0.005	"[42639556.92793242 42639845.92881562 42640136.92970493 42640425.93058815
 42640715.9314744  42641004.93235762 42641294.93324387 42641584.93413013
 42641873.93501335 42642163.9358996  42642452.93678281 42642742.93766908
 42643032.93855533 42643321.93943854 42643611.9403248  42643901.94121106
 42644190.94209427 42644480.94298053 42644770.94386679 42645060.94475305]"	0.0	0.0	0.0
3694.677607052087	2.0	trials	7.0	0.0	0.0	0.0	0.0	0.0	True	40.0	0.0	0.005	"[42710811.14569001 42711101.14657627 42711391.14746253 42711681.14834879
 42711970.14923199 42712261.15012132 42712549.15100147 42712839.15188772
 42713129.15277399 42713419.15366025 42713708.15454346 42713998.15542972
 42714287.15631292 42714577.15719919 42714866.1580824  42715156.15896865
 42715446.15985492 42715735.16073813 42716025.16162438 42716315.16251065]"	0.0	0.0	0.0
3702.372846569296	2.0	trials	7.0	0.0	0.0	0.0	0.0	0.0	True	40.0	0.0	0.005	"[42770583.32835774 42770873.32924401 42771164.33013333 42771453.33101653
 42771742.33189973 42772032.33278599 42772322.33367226 42772611.33455546
 42772902.33544478 42773191.33632799 42773481.33721425 42773770.33809746
 42774060.33898372 42774349.33986692 42774639.34075319 42774928.34163639
 42775218.34252265 42775507.34340586 42775798.34429517 42776087.34517838]"	0.0	0.0	0.0
3707.87265537711	2.0	trials	7.0	0.0	0.0	0.0	0.0	0.0	True	40.0	0.0	0.005	"[42859649.60055015 42859938.60143336 42860227.60231657 42860518.60320588
 42860807.60408909 42861096.6049723  42861387.60586161 42861676.60674482
 42861965.60762802 42862255.60851429 42862544.60939749 42862834.61028375
 42863124.61117002 42863413.61205322 42863703.61293948 42863993.61382575
 42864283.61471201 42864572.61559521 42864862.61648148 42865152.61736774]"	0.0	0.0	0.0
3792.5553685736145	2.0	trials	8.0	0.0	0.0	0.0	0.0	0.0	True	40.0	0.0	0.005	"[42923303.79508157 42923593.79596783 42923883.7968541  42924173.79774036
 42924462.79862356 42924752.79950982 42925042.80039608 42925331.80127929
 42925620.8021625  42925911.80305181 42926199.80393197 42926490.80482128
 42926779.80570449 42927069.80659075 42927358.80747396 42927649.80836328
 42927937.80924342 42928227.81012969 42928517.81101595 42928806.81189916]"	0.0	0.0	0.0
3800.097506822935	2.0	trials	8.0	0.0	0.0	0.0	0.0	0.0	True	40.0	0.0	0.005	"[43903428.79040827 43903718.79129453 43904007.79217774 43904296.79306094
 43904586.7939472  43904876.79483347 43905166.79571973 43905455.79660293
 43905745.7974892  43906034.7983724  43906324.79925866 43906614.80014493
 43906904.80103119 43907193.80191439 43907482.80279759 43907772.80368386
 43908061.80456706 43908351.80545332 43908641.80633959 43908931.80722585]"	0.0	0.0	0.0
3806.3316314748718	2.0	trials	8.0	0.0	0.0	0.0	0.0	0.0	True	40.0	0.0	0.005	"[43990722.05718225 43991012.05806851 43991301.05895172 43991590.05983493
 43991880.06072119 43992170.06160745 43992459.06249066 43992749.06337692
 43993039.06426318 43993328.06514639 43993619.06603571 43993908.06691891
 43994197.06780212 43994487.06868838 43994777.06957464 43995066.07045785
 43995356.07134411 43995646.07223037 43995935.07311358 43996224.07399677]"	0.0	0.0	0.0
3813.6815291366906	2.0	trials	8.0	0.0	0.0	0.0	0.0	0.0	True	40.0	0.0	0.005	"[44062876.27769032 44063165.27857353 44063454.27945673 44063744.28034299
 44064035.2812323  44064324.28211551 44064613.28299873 44064904.28388803
 44065193.28477124 44065483.2856575  44065772.28654071 44066061.28742392
 44066351.28831018 44066642.2891995  44066931.2900827  44067221.29096896
 44067510.29185217 44067800.29273843 44068090.29362469 44068379.29450789]"	0.0	0.0	0.0
3819.418074667989	2.0	trials	8.0	0.0	0.0	0.0	0.0	0.0	True	40.0	0.0	0.005	"[44147943.53766148 44148233.53854774 44148523.53943401 44148812.54031721
 44149102.54120347 44149392.54208974 44149681.54297294 44149971.5438592
 44150261.54474547 44150551.54563172 44150840.54651493 44151130.5474012
 44151420.54828745 44151708.5491676  44151998.55005386 44152288.55094013
 44152578.5518264  44152868.55271265 44153156.5535928  44153447.55448212]"	0.0	0.0	0.0
3825.46583395038	2.0	trials	8.0	0.0	0.0	0.0	0.0	0.0	True	40.0	0.0	0.005	"[44214338.74056961 44214628.74145586 44214917.74233907 44215207.74322533
 44215496.74410854 44215786.7449948  44216076.74588106 44216366.74676732
 44216655.74765053 44216945.74853679 44217235.74942305 44217523.7503032
 44217813.75118947 44218104.75207879 44218393.75296199 44218682.7538452
 44218973.75473452 44219262.75561772 44219552.75650398 44219842.75739025]"	0.0	0.0	0.0
3832.4615769298775	2.0	trials	8.0	0.0	0.0	0.0	0.0	0.0	True	40.0	0.0	0.005	"[44284336.95448877 44284626.95537502 44284915.95625823 44285205.9571445
 44285495.95803075 44285784.95891396 44286074.95980022 44286363.96068343
 44286653.9615697  44286943.96245595 44287233.96334221 44287522.96422543
 44287811.96510863 44288101.96599489 44288391.96688115 44288681.96776741
 44288970.96865062 44289259.96953382 44289549.97042008 44289839.97130635]"	0.0	0.0	0.0
3841.572311972943	2.0	trials	8.0	0.0	0.0	0.0	0.0	0.0	True	40.0	0.0	0.005	"[44365305.20193308 44365595.20281934 44365885.20370559 44366175.20459186
 44366464.20547506 44366754.20636132 44367044.20724759 44367333.20813079
 44367623.20901705 44367913.20990332 44368203.21078958 44368492.21167279
 44368781.21255599 44369071.21344225 44369360.21432547 44369651.21521478
 44369940.21609798 44370230.21698425 44370519.21786745 44370809.21875371]"	0.0	0.0	0.0
3850.589216329256	2.0	trials	8.0	0.0	0.0	0.0	0.0	0.0	True	40.0	0.0	0.005	"[44470754.52419317 44471043.52507637 44471333.52596263 44471623.5268489
 44471912.5277321  44472203.52862142 44472491.52950157 44472781.53038783
 44473071.5312741  44473361.53216036 44473650.53304356 44473939.53392677
 44474230.53481609 44474519.53569929 44474809.53658555 44475098.53746875
 44475389.53835808 44475677.53923823 44475967.54012448 44476257.54101075]"	0.0	0.0	0.0
3858.7778013541647	2.0	trials	8.0	0.0	0.0	0.0	0.0	0.0	True	40.0	0.0	0.005	"[44575115.84312825 44575406.84401756 44575696.84490383 44575985.84578703
 44576274.84667024 44576564.8475565  44576853.84843971 44577143.84932597
 44577433.85021223 44577723.85109849 44578012.8519817  44578302.85286796
 44578592.85375421 44578881.85463743 44579171.85552368 44579460.8564069
 44579750.85729316 44580040.85817941 44580330.85906568 44580619.85994888]"	0.0	0.0	0.0
3864.646020887869	2.0	trials	8.0	0.0	0.0	0.0	0.0	0.0	True	40.0	0.0	0.005	"[44669892.13277084 44670181.13365405 44670471.13454031 44670761.13542657
 44671050.13630978 44671340.13719604 44671629.13807925 44671920.13896857
 44672209.13985177 44672498.14073498 44672789.1416243  44673078.1425075
 44673368.14339377 44673657.14427697 44673946.14516018 44674236.14604644
 44674526.1469327  44674816.14781896 44675105.14870217 44675395.14958843]"	0.0	0.0	0.0
3873.118603580695	2.0	trials	8.0	0.0	0.0	0.0	0.0	0.0	True	40.0	0.0	0.005	"[44737811.34033643 44738100.34121963 44738389.34210284 44738680.34299216
 44738969.34387536 44739259.34476162 44739549.34564789 44739838.34653109
 44740127.3474143  44740417.34830055 44740707.34918682 44740997.35007308
 44741287.35095935 44741576.35184255 44741866.35272881 44742155.35361201
 44742445.35449828 44742734.35538148 44743024.35626775 44743314.35715401]"	0.0	0.0	0.0
3880.018010265782	2.0	trials	8.0	0.0	0.0	0.0	0.0	0.0	True	40.0	0.0	0.005	"[44835872.64001823 44836162.64090449 44836451.6417877  44836741.64267396
 44837031.64356022 44837320.64444343 44837609.64532664 44837900.64621595
 44838189.64709916 44838479.64798542 44838768.64886863 44839058.64975488
 44839348.65064115 44839638.65152741 44839927.65241061 44840217.65329688
 44840506.65418009 44840796.65506635 44841085.65594956 44841375.65683581]"	0.0	0.0	0.0
3888.2080640951795	2.0	trials	8.0	0.0	0.0	0.0	0.0	0.0	True	40.0	0.0	0.005	"[44915727.88406114 44916017.88494739 44916306.8858306  44916595.8867138
 44916885.88760007 44917175.88848633 44917465.88937259 44917754.8902558
 44918044.89114206 44918333.89202526 44918623.89291153 44918912.89379473
 44919202.894681   44919493.89557031 44919782.89645351 44920071.89733673
 44920361.89822299 44920651.89910924 44920940.89999246 44921230.90087871]"	0.0	0.0	0.0
3894.518912181588	2.0	trials	8.0	0.0	0.0	0.0	0.0	0.0	True	40.0	0.0	0.005	"[45010519.17374957 45010809.17463583 45011099.1755221  45011389.17640836
 45011678.17729156 45011967.17817477 45012257.17906103 45012547.17994729
 45012837.18083356 45013126.18171676 45013416.18260302 45013705.18348623
 45013995.18437248 45014285.18525875 45014574.18614195 45014864.18702822
 45015154.18791448 45015444.18880074 45015733.18968395 45016022.19056716]"	0.0	0.0	0.0
3900.6586013449228	2.0	trials	8.0	0.0	0.0	0.0	0.0	0.0	True	40.0	0.0	0.005	"[45083562.39697448 45083851.3978577  45084141.39874395 45084431.39963021
 45084720.40051343 45085009.40139662 45085300.40228594 45085589.40316916
 45085878.40405235 45086169.40494167 45086457.40582182 45086747.40670808
 45087037.40759435 45087326.40847755 45087617.40936687 45087906.41025008
 45088195.41113328 45088485.41201954 45088774.41290275 45089064.41378901]"	0.0	0.0	0.0
3906.430484584216	2.0	trials	8.0	0.0	0.0	0.0	0.0	0.0	True	40.0	0.0	0.005	"[45154623.61414225 45154913.61502852 45155203.61591478 45155492.61679798
 45155782.61768425 45156071.61856745 45156360.61945066 45156650.62033692
 45156940.62122318 45157229.62210639 45157519.62299266 45157809.62387891
 45158099.62476517 45158388.62564838 45158678.62653464 45158968.6274209
 45159257.62830411 45159547.62919037 45159837.63007663 45160126.63095984]"	0.0	0.0	0.0
3912.136358021778	2.0	trials	8.0	0.0	0.0	0.0	0.0	0.0	True	40.0	0.0	0.005	"[45221427.81830031 45221716.81918351 45222006.82006978 45222295.82095299
 45222584.8218362  45222874.82272246 45223164.82360871 45223454.82449497
 45223743.82537818 45224032.82626139 45224322.82714766 45224612.82803392
 45224901.82891712 45225191.82980338 45225481.83068964 45225771.8315759
 45226061.83246217 45226350.83334537 45226639.83422858 45226929.83511484]"	0.0	0.0	0.0
3920.2184979213825	2.0	trials	8.0	0.0	0.0	0.0	0.0	0.0	True	40.0	0.0	0.005	"[45287468.02012353 45287757.02100673 45288047.02189299 45288337.02277926
 45288626.02366246 45288916.02454872 45289206.02543499 45289495.02631819
 45289785.02720445 45290074.02808766 45290364.02897392 45290654.02986018
 45290943.03074339 45291233.03162965 45291523.03251591 45291812.03339912
 45292102.03428538 45292391.03516859 45292681.03605485 45292971.03694111]"	0.0	0.0	0.0
3926.380564753106	2.0	trials	8.0	0.0	0.0	0.0	0.0	0.0	True	40.0	0.0	0.005	"[45381011.30599799 45381300.30688119 45381590.30776746 45381880.30865372
 45382169.30953692 45382458.31042013 45382747.31130334 45383038.31219266
 45383327.31307586 45383618.31396517 45383907.31484839 45384196.31573159
 45384486.31661785 45384776.31750412 45385066.31839037 45385355.31927358
 45385645.32015985 45385935.3210461  45386224.32192931 45386513.32281251]"	0.0	0.0	0.0
3933.382442151351	2.0	trials	8.0	0.0	0.0	0.0	0.0	0.0	True	40.0	0.0	0.005	"[45452330.52395422 45452620.52484049 45452910.52572675 45453199.52660995
 45453489.52749622 45453778.52837942 45454068.52926569 45454358.53015195
 45454647.53103515 45454937.53192142 45455227.53280768 45455517.53369394
 45455806.53457715 45456095.53546035 45456385.53634661 45456675.53723288
 45456965.53811914 45457254.53900234 45457543.53988555 45457834.54077487]"	0.0	0.0	0.0
3939.8867404289567	2.0	trials	8.0	0.0	0.0	0.0	0.0	0.0	True	40.0	0.0	0.005	"[45533370.77161857 45533660.77250484 45533949.77338804 45534239.7742743
 45534529.77516057 45534819.77604683 45535109.77693309 45535398.7778163
 45535687.7786995  45535977.77958576 45536267.78047203 45536557.78135828
 45536847.78224455 45537135.7831247  45537425.78401096 45537715.78489722
 45538005.78578348 45538294.78666669 45538585.78755601 45538874.78843921]"	0.0	0.0	0.0
3946.9128099011336	2.0	trials	8.0	0.0	0.0	0.0	0.0	0.0	True	40.0	0.0	0.005	"[45608653.00168604 45608943.0025723  45609232.0034555  45609521.00433871
 45609811.00522497 45610101.00611123 45610391.0069975  45610681.00788376
 45610970.00876696 45611260.00965323 45611549.01053643 45611839.01142269
 45612129.01230896 45612419.01319522 45612708.01407842 45612997.01496163
 45613287.01584789 45613577.01673415 45613867.01762041 45614156.01850362]"	0.0	0.0	0.0
3952.8646648904337	2.0	trials	8.0	0.0	0.0	0.0	0.0	0.0	True	40.0	0.0	0.005	"[45689972.25020303 45690263.25109234 45690552.25197556 45690841.25285876
 45691131.25374502 45691421.25463129 45691710.25551449 45692000.25640075
 45692290.25728701 45692579.25817022 45692869.25905649 45693158.25993969
 45693448.26082595 45693738.26171222 45694028.26259847 45694317.26348168
 45694607.26436794 45694897.2652542  45695186.26613741 45695476.26702367]"	0.0	0.0	0.0
3959.2333147534887	2.0	trials	8.0	0.0	0.0	0.0	0.0	0.0	True	40.0	0.0	0.005	"[45758859.46072689 45759148.4616101  45759439.46249942 45759728.46338262
 45760017.46426583 45760307.46515208 45760596.4660353  45760887.46692462
 45761176.46780782 45761466.46869408 45761756.46958034 45762045.47046355
 45762335.47134981 45762624.47223301 45762914.47311928 45763204.47400554
 45763494.4748918  45763783.47577501 45764073.47666127 45764362.47754448]"	0.0	0.0	0.0
3967.3608147917175	2.0	trials	8.0	0.0	0.0	0.0	0.0	0.0	True	40.0	0.0	0.005	"[45832570.68599327 45832860.68687952 45833149.68776273 45833439.688649
 45833729.68953525 45834019.69042152 45834308.69130472 45834598.69219098
 45834887.6930742  45835178.69396351 45835467.69484672 45835756.69572992
 45836046.69661618 45836336.69750245 45836625.69838565 45836915.69927191
 45837205.70015818 45837494.70104138 45837784.70192764 45838073.70281085]"	0.0	0.0	0.0
3973.5887186246428	2.0	trials	8.0	0.0	0.0	0.0	0.0	0.0	True	40.0	0.0	0.005	"[45926638.97347216 45926927.97435536 45927218.97524469 45927507.97612789
 45927796.9770111  45928086.97789736 45928376.97878362 45928666.97966988
 45928955.98055309 45929245.98143935 45929535.98232561 45929824.98320882
 45930113.98409202 45930404.98498134 45930694.9858676  45930983.98675081
 45931272.98763402 45931562.98852028 45931852.98940654 45932141.99028975]"	0.0	0.0	0.0
3982.361369434499	2.0	trials	8.0	0.0	0.0	0.0	0.0	0.0	True	40.0	0.0	0.005	"[45998721.19376019 45999012.19464951 45999301.19553271 45999591.19641897
 45999880.19730218 46000170.19818844 46000459.19907165 46000749.19995791
 46001038.20084111 46001328.20172738 46001618.20261364 46001908.2034999
 46002198.20438616 46002487.20526937 46002777.20615563 46003066.20703883
 46003356.2079251  46003645.2088083  46003935.20969456 46004225.21058083]"	0.0	0.0	0.0
3987.5391644582155	2.0	trials	8.0	0.0	0.0	0.0	0.0	0.0	True	40.0	0.0	0.005	"[46100257.50406186 46100546.50494506 46100836.50583132 46101126.50671759
 46101416.50760385 46101705.50848705 46101995.50937331 46102285.51025958
 46102573.51113973 46102863.51202599 46103153.51291225 46103443.51379851
 46103733.51468477 46104022.51556798 46104312.51645423 46104602.5173405
 46104891.51822371 46105180.51910692 46105470.51999318 46105760.52087943]"	0.0	0.0	0.0
3994.9252638306702	2.0	trials	8.0	0.0	0.0	0.0	0.0	0.0	True	40.0	0.0	0.005	"[46160184.68720328 46160473.68808649 46160763.68897275 46161053.68985901
 46161342.69074222 46161632.69162848 46161922.69251474 46162211.69339795
 46162501.69428421 46162791.69517047 46163081.69605674 46163370.69693994
 46163660.69782621 46163949.69870941 46164239.69959567 46164529.70048194
 46164819.70136819 46165108.7022514  46165398.70313766 46165687.70402087]"	0.0	0.0	0.0
4002.6051241008795	2.0	trials	8.0	0.0	0.0	0.0	0.0	0.0	True	40.0	0.0	0.005	"[46245671.94845799 46245961.94934426 46246251.95023052 46246540.95111372
 46246830.95199999 46247120.95288625 46247410.95377252 46247699.95465571
 46247989.95554198 46248279.95642824 46248568.95731144 46248859.95820077
 46249147.95908092 46249437.95996717 46249727.96085344 46250016.96173664
 46250306.9626229  46250596.96350917 46250885.96439237 46251175.96527863]"	0.0	0.0	0.0
4008.1760403260027	2.0	trials	8.0	0.0	0.0	0.0	0.0	0.0	True	40.0	0.0	0.005	"[46334560.22010643 46334849.22098963 46335139.22187589 46335429.22276216
 46335718.22364536 46336009.22453468 46336298.22541788 46336587.22630109
 46336877.22718735 46337166.22807056 46337456.22895682 46337746.22984309
 46338036.23072934 46338325.23161255 46338615.23249881 46338904.23338202
 46339194.23426828 46339484.23515454 46339773.23603775 46340063.23692401]"	0.0	0.0	0.0
4015.403681614198	2.0	trials	8.0	0.0	0.0	0.0	0.0	0.0	True	40.0	0.0	0.005	"[46399038.41715606 46399327.41803925 46399616.41892246 46399906.41980872
 46400196.42069498 46400485.42157819 46400775.42246445 46401065.42335071
 46401355.42423698 46401645.42512324 46401934.42600645 46402224.42689271
 46402513.42777591 46402803.42866218 46403092.42954538 46403382.43043164
 46403671.43131485 46403961.43220111 46404251.43308737 46404541.43397363]"	0.0	0.0	0.0
4024.1632859841834	2.0	trials	8.0	0.0	0.0	0.0	0.0	0.0	True	40.0	0.0	0.005	"[46482691.67280592 46482980.67368913 46483270.6745754  46483560.67546165
 46483849.67634486 46484139.67723113 46484428.67811432 46484717.67899753
 46485008.67988685 46485296.68076701 46485587.68165632 46485877.68254258
 46486167.68342884 46486456.68431205 46486746.68519831 46487035.68608151
 46487325.68696778 46487614.68785098 46487904.68873724 46488194.6896235 ]"	0.0	0.0	0.0
4030.747850107088	2.0	trials	8.0	0.0	0.0	0.0	0.0	0.0	True	40.0	0.0	0.005	"[46584074.98264001 46584364.98352627 46584654.98441254 46584943.98529574
 46585233.986182   46585523.98706827 46585813.98795453 46586102.98883773
 46586392.989724   46586681.9906072  46586971.99149346 46587261.99237972
 46587550.99326293 46587839.99414613 46588130.99503545 46588419.99591866
 46588708.99680186 46588998.99768812 46589288.99857439 46589577.99945759]"	0.0	0.0	0.0
4038.035625979059	2.0	trials	8.0	0.0	0.0	0.0	0.0	0.0	True	40.0	0.0	0.005	"[46660285.21554351 46660574.21642672 46660865.21731604 46661153.21819619
 46661443.21908245 46661733.21996871 46662023.22085498 46662313.22174124
 46662602.22262444 46662892.2235107  46663181.2243939  46663471.22528017
 46663761.22616643 46664051.2270527  46664340.2279359  46664630.22882216
 46664919.22970536 46665210.23059469 46665498.23147483 46665788.23236109]"	0.0	0.0	0.0
4044.2395969388435	2.0	trials	8.0	0.0	0.0	0.0	0.0	0.0	True	40.0	0.0	0.005	"[46744635.47332347 46744924.47420668 46745214.47509294 46745504.4759792
 46745794.47686546 46746083.47774867 46746373.47863493 46746662.47951813
 46746952.4804044  46747242.48129066 46747532.48217692 46747821.48306013
 46748111.48394639 46748400.4848296  46748690.48571586 46748979.48659906
 46749269.48748533 46749559.48837159 46749848.48925479 46750138.49014106]"	0.0	0.0	0.0
4050.79772258095	2.0	trials	8.0	0.0	0.0	0.0	0.0	0.0	True	40.0	0.0	0.005	"[46816440.69276497 46816729.69364817 46817019.69453443 46817309.69542069
 46817599.69630695 46817888.69719016 46818177.69807336 46818467.69895963
 46818757.6998459  46819047.70073215 46819337.70161841 46819625.70249856
 46819915.70338482 46820205.70427109 46820495.70515735 46820784.70604055
 46821074.70692682 46821364.70781308 46821653.70869628 46821944.70958561]"	0.0	0.0	0.0
4057.8054751971504	2.0	trials	8.0	0.0	0.0	0.0	0.0	0.0	True	40.0	0.0	0.005	"[46892344.92473331 46892633.92561651 46892923.92650277 46893212.92738598
 46893502.92827224 46893791.92915545 46894081.93004171 46894371.93092797
 46894660.93181118 46894951.93270049 46895239.93358064 46895530.93446997
 46895818.93535012 46896109.93623943 46896398.93712264 46896688.9380089
 46896977.9388921  46897267.93977837 46897556.94066157 46897847.9415509 ]"	0.0	0.0	0.0
4066.656059045175	2.0	trials	8.0	0.0	0.0	0.0	0.0	0.0	True	40.0	0.0	0.005	"[46973452.17260242 46973742.17348867 46974032.17437493 46974321.17525814
 46974611.1761444  46974901.17703066 46975192.17791998 46975479.17879708
 46975770.1796864  46976059.1805696  46976349.18145586 46976638.18233906
 46976928.18322533 46977218.18411159 46977508.18499786 46977797.18588106
 46978086.18676426 46978376.18765052 46978665.18853374 46978955.18941999]"	0.0	0.0	0.0
4074.7436421614143	2.0	trials	8.0	0.0	0.0	0.0	0.0	0.0	True	40.0	0.0	0.005	"[47075890.48566066 47076180.48654693 47076469.48743013 47076759.48831639
 47077048.48919959 47077338.49008586 47077627.49096906 47077917.49185532
 47078207.49274158 47078497.49362785 47078786.49451105 47079076.49539731
 47079366.49628358 47079655.49716678 47079945.49805304 47080234.49893625
 47080524.49982251 47080813.50070572 47081103.50159198 47081393.50247824]"	0.0	0.0	0.0
4081.3617295867693	2.0	trials	8.0	0.0	0.0	0.0	0.0	0.0	True	40.0	0.0	0.005	"[47169495.7717246  47169785.77261085 47170076.77350017 47170365.77438338
 47170654.77526658 47170944.77615285 47171234.77703911 47171523.77792231
 47171813.77880858 47172103.77969484 47172392.78057804 47172682.78146431
 47172972.78235056 47173262.78323683 47173551.78412004 47173841.78500629
 47174130.78588951 47174420.78677577 47174710.78766203 47174999.78854524]"	0.0	0.0	0.0
4087.9078455921745	2.0	trials	8.0	0.0	0.0	0.0	0.0	0.0	True	40.0	0.0	0.005	"[47246094.00581385 47246384.00670011 47246674.00758638 47246964.00847264
 47247254.00935891 47247543.01024211 47247832.01112531 47248122.01201157
 47248412.01289784 47248702.0137841  47248992.01467036 47249281.01555357
 47249570.01643677 47249860.01732304 47250150.01820929 47250440.01909555
 47250729.01997877 47251019.02086502 47251309.02175129 47251598.0226345 ]"	0.0	0.0	0.0
4094.4540479978427	1.9999999999995453	trials	8.0	0.0	0.0	0.0	0.0	0.0	True	40.0	0.0	0.005	"[47321860.23736046 47322150.23824672 47322440.23913299 47322729.24001619
 47323018.24089939 47323309.24178871 47323598.24267192 47323887.24355512
 47324178.24444444 47324467.24532764 47324756.24621085 47325046.24709712
 47325336.24798337 47325625.24886659 47325915.24975285 47326204.25063605
 47326494.25152232 47326784.25240857 47327074.25329484 47327364.25418109]"	0.0	0.0	0.0
4100.3385971814505	2.0	trials	8.0	0.0	0.0	0.0	0.0	0.0	True	40.0	0.0	0.005	"[47397625.468904   47397915.46979026 47398205.47067653 47398495.4715628
 47398784.472446   47399074.47333226 47399363.47421546 47399654.47510479
 47399943.47598799 47400233.47687425 47400522.47775746 47400812.47864372
 47401102.47952998 47401391.48041319 47401681.48129945 47401970.48218266
 47402260.48306892 47402550.48395518 47402839.48483839 47403129.48572465]"	0.0	0.0	0.0
4108.788370204569	2.0	trials	8.0	0.0	0.0	0.0	0.0	0.0	True	40.0	0.0	0.005	"[47465733.67704719 47466023.67793345 47466313.67881972 47466603.67970597
 47466892.68058917 47467182.68147543 47467471.68235864 47467761.68324491
 47468051.68413118 47468341.68501743 47468630.68590063 47468920.68678689
 47469209.6876701  47469500.68855942 47469789.68944263 47470078.69032583
 47470368.6912121  47470658.69209835 47470947.69298156 47471237.69386782]"	0.0	0.0	0.0
4114.980245127387	2.0	trials	8.0	0.0	0.0	0.0	0.0	0.0	True	40.0	0.0	0.005	"[47563532.97592831 47563820.97680844 47564111.97769777 47564400.97858097
 47564690.97946724 47564979.98035044 47565269.9812367  47565558.9821199
 47565848.98300617 47566139.98389549 47566428.9847787  47566718.98566496
 47567006.98654511 47567296.98743137 47567586.98831763 47567876.98920389
 47568165.99008709 47568455.99097336 47568744.99185657 47569034.99274283]"	0.0	0.0	0.0
4122.780028964092	2.0	trials	8.0	0.0	0.0	0.0	0.0	0.0	True	40.0	0.0	0.005	"[47635197.19493888 47635487.19582514 47635777.19671141 47636067.19759768
 47636357.19848393 47636646.19936714 47636936.2002534  47637225.2011366
 47637516.20202594 47637805.20290913 47638094.20379234 47638384.2046786
 47638674.20556486 47638963.20644806 47639253.20733432 47639543.20822059
 47639832.2091038  47640122.20999006 47640411.21087326 47640700.21175647]"	0.0	0.0	0.0
4129.284154441169	2.0	trials	8.0	0.0	0.0	0.0	0.0	0.0	True	40.0	0.0	0.005	"[47725473.47082914 47725762.47171235 47726051.47259556 47726341.47348181
 47726631.47436808 47726920.47525129 47727210.47613755 47727499.47702076
 47727789.47790702 47728079.47879327 47728368.47967648 47728659.4805658
 47728948.48144901 47729237.48233222 47729527.48321846 47729817.48410473
 47730107.48499099 47730396.48587421 47730686.48676047 47730975.48764367]"	0.0	0.0	0.0
4136.256828550167	2.0	trials	8.0	0.0	0.0	0.0	0.0	0.0	True	40.0	0.0	0.005	"[47800751.70088438 47801042.7017737  47801331.70265691 47801621.70354316
 47801911.70442943 47802200.70531264 47802490.70619889 47802779.7070821
 47803069.70796837 47803359.70885462 47803648.70973784 47803937.71062104
 47804228.71151035 47804517.71239356 47804807.71327983 47805096.71416304
 47805386.71504929 47805675.7159325  47805965.71681876 47806255.71770502]"	0.0	0.0	0.0
4185.7940743395775	2.0	trials	9.0	0.0	0.0	0.0	0.0	0.0	True	5.0	0.0	0.01	"[47881454.94751883 47881744.94840509 47882032.94928525               nan
               nan               nan               nan               nan
               nan               nan               nan               nan
               nan               nan               nan               nan
               nan               nan               nan               nan]"	0.0	0.0	0.0
4193.678271234254	2.0	trials	9.0	0.0	0.0	0.0	0.0	0.0	True	5.0	0.0	0.01	"[47882322.95017152 47882612.95105777 47882902.95194402               nan
               nan               nan               nan               nan
               nan               nan               nan               nan
               nan               nan               nan               nan
               nan               nan               nan               nan]"	0.0	0.0	0.0
4199.120278265422	2.0	trials	9.0	0.0	0.0	0.0	0.0	0.0	True	5.0	0.0	0.01	"[47883192.95283029 47883481.9537135  47883770.95459671               nan
               nan               nan               nan               nan
               nan               nan               nan               nan
               nan               nan               nan               nan
               nan               nan               nan               nan]"	0.0	0.0	0.0
4205.660519052871	2.0	trials	9.0	0.0	0.0	0.0	0.0	0.0	True	5.0	0.0	0.01	"[47884061.95548602 47884350.95636923 47884640.95725548               nan
               nan               nan               nan               nan
               nan               nan               nan               nan
               nan               nan               nan               nan
               nan               nan               nan               nan]"	0.0	0.0	0.0
4212.953046939365	2.0	trials	9.0	0.0	0.0	0.0	0.0	0.0	True	5.0	0.0	0.01	"[47884929.95813869 47885219.95902496 47885508.95990817               nan
               nan               nan               nan               nan
               nan               nan               nan               nan
               nan               nan               nan               nan
               nan               nan               nan               nan]"	0.0	0.0	0.0
4218.57398891737	2.0	trials	9.0	0.0	0.0	0.0	0.0	0.0	True	5.0	0.0	0.01	"[47885798.96079443 47886088.96168069 47886378.96256694               nan
               nan               nan               nan               nan
               nan               nan               nan               nan
               nan               nan               nan               nan
               nan               nan               nan               nan]"	0.0	0.0	0.0
4224.356412988877	2.0	trials	9.0	0.0	0.0	0.0	0.0	0.0	True	5.0	0.0	0.01	"[47886667.96345015 47886957.96433642 48454850.69985411               nan
               nan               nan               nan               nan
               nan               nan               nan               nan
               nan               nan               nan               nan
               nan               nan               nan               nan]"	0.0	0.0	0.0
4230.67503709905	2.0	trials	9.0	0.0	0.0	0.0	0.0	0.0	True	5.0	0.0	0.01	"[48457167.70693503 48459484.71401596 48546102.97872709               nan
               nan               nan               nan               nan
               nan               nan               nan               nan
               nan               nan               nan               nan
               nan               nan               nan               nan]"	0.0	0.0	0.0
4236.530901394995	2.0	trials	9.0	0.0	0.0	0.0	0.0	0.0	True	5.0	0.0	0.01	"[48548419.98580802 48550736.99288895 48609089.17121706               nan
               nan               nan               nan               nan
               nan               nan               nan               nan
               nan               nan               nan               nan
               nan               nan               nan               nan]"	0.0	0.0	0.0
4244.283165086475	2.0	trials	9.0	0.0	0.0	0.0	0.0	0.0	True	5.0	0.0	0.01	"[48611406.17829799 48613724.18538197 48684786.40255279               nan
               nan               nan               nan               nan
               nan               nan               nan               nan
               nan               nan               nan               nan
               nan               nan               nan               nan]"	0.0	0.0	0.0
4249.592893313388	2.0	trials	9.0	0.0	0.0	0.0	0.0	0.0	True	5.0	0.0	0.01	"[48687103.40963373 48689420.41671465 48769190.66049778               nan
               nan               nan               nan               nan
               nan               nan               nan               nan
               nan               nan               nan               nan
               nan               nan               nan               nan]"	0.0	0.0	0.0
4258.370728139087	2.0	trials	9.0	0.0	0.0	0.0	0.0	0.0	True	5.0	0.0	0.01	"[48771507.6675787  48773824.67465964 48834247.85931687               nan
               nan               nan               nan               nan
               nan               nan               nan               nan
               nan               nan               nan               nan
               nan               nan               nan               nan]"	0.0	0.0	0.0
4266.333722074573	2.0	trials	9.0	0.0	0.0	0.0	0.0	0.0	True	5.0	0.0	0.01	"[48836564.86639781 48838881.87347873 48901174.06384778               nan
               nan               nan               nan               nan
               nan               nan               nan               nan
               nan               nan               nan               nan
               nan               nan               nan               nan]"	0.0	0.0	0.0
4275.047102303294	2.0	trials	9.0	0.0	0.0	0.0	0.0	0.0	True	5.0	0.0	0.01	"[48903491.0709287  48905808.07800964 48974306.28734468               nan
               nan               nan               nan               nan
               nan               nan               nan               nan
               nan               nan               nan               nan
               nan               nan               nan               nan]"	0.0	0.0	0.0
4282.073344576	2.0	trials	9.0	0.0	0.0	0.0	0.0	0.0	True	5.0	0.0	0.01	"[48976623.29442561 48978940.30150653 49042082.49447326               nan
               nan               nan               nan               nan
               nan               nan               nan               nan
               nan               nan               nan               nan
               nan               nan               nan               nan]"	0.0	0.0	0.0
4289.403456577354	2.0	trials	9.0	0.0	0.0	0.0	0.0	0.0	True	5.0	0.0	0.01	"[49044399.50155417 49046716.5086351  49131807.7686796                nan
               nan               nan               nan               nan
               nan               nan               nan               nan
               nan               nan               nan               nan
               nan               nan               nan               nan]"	0.0	0.0	0.0
4295.09766597927	2.0	trials	9.0	0.0	0.0	0.0	0.0	0.0	True	5.0	0.0	0.01	"[49134124.77576052 49136441.78284146 49193262.95649071               nan
               nan               nan               nan               nan
               nan               nan               nan               nan
               nan               nan               nan               nan
               nan               nan               nan               nan]"	0.0	0.0	0.0
4304.115261537694	2.0	trials	9.0	0.0	0.0	0.0	0.0	0.0	True	5.0	0.0	0.01	"[49195579.96357165 49197896.97065257 49294858.26697268               nan
               nan               nan               nan               nan
               nan               nan               nan               nan
               nan               nan               nan               nan
               nan               nan               nan               nan]"	0.0	0.0	0.0
4310.523309921155	2.0	trials	9.0	0.0	0.0	0.0	0.0	0.0	True	5.0	0.0	0.01	"[49297175.27405362 49299492.28113454 49387022.54863282               nan
               nan               nan               nan               nan
               nan               nan               nan               nan
               nan               nan               nan               nan
               nan               nan               nan               nan]"	0.0	0.0	0.0
4319.314277586988	2.0	trials	9.0	0.0	0.0	0.0	0.0	0.0	True	5.0	0.0	0.01	"[49389339.55571375 49391657.56279774 49487871.85683496               nan
               nan               nan               nan               nan
               nan               nan               nan               nan
               nan               nan               nan               nan
               nan               nan               nan               nan]"	0.0	0.0	0.0
4324.539765556458	2.0	trials	9.0	0.0	0.0	0.0	0.0	0.0	True	5.0	0.0	0.01	"[49490188.86391589 49492505.87099681 49569194.10536112               nan
               nan               nan               nan               nan
               nan               nan               nan               nan
               nan               nan               nan               nan
               nan               nan               nan               nan]"	0.0	0.0	0.0
4331.78166288822	2.0	trials	9.0	0.0	0.0	0.0	0.0	0.0	True	5.0	0.0	0.01	"[49571511.11244205 49573828.11952297 49654033.36463551               nan
               nan               nan               nan               nan
               nan               nan               nan               nan
               nan               nan               nan               nan
               nan               nan               nan               nan]"	0.0	0.0	0.0
4339.629226070942	2.0	trials	9.0	0.0	0.0	0.0	0.0	0.0	True	5.0	0.0	0.01	"[49656350.37171643 49658667.37879737 49719938.56604615               nan
               nan               nan               nan               nan
               nan               nan               nan               nan
               nan               nan               nan               nan
               nan               nan               nan               nan]"	0.0	0.0	0.0
4346.2053229679705	2.0	trials	9.0	0.0	0.0	0.0	0.0	0.0	True	5.0	0.0	0.01	"[49722255.57312708 49724572.580208   49824308.88500873               nan
               nan               nan               nan               nan
               nan               nan               nan               nan
               nan               nan               nan               nan
               nan               nan               nan               nan]"	0.0	0.0	0.0
4352.045721616652	2.0	trials	9.0	0.0	0.0	0.0	0.0	0.0	True	5.0	0.0	0.01	"[49826625.89208966 49828943.89917365 49898476.11166868               nan
               nan               nan               nan               nan
               nan               nan               nan               nan
               nan               nan               nan               nan
               nan               nan               nan               nan]"	0.0	0.0	0.0
4358.205628441773	2.0	trials	9.0	0.0	0.0	0.0	0.0	0.0	True	5.0	0.0	0.01	"[49900793.11874961 49903110.12583053 50000223.42261518               nan
               nan               nan               nan               nan
               nan               nan               nan               nan
               nan               nan               nan               nan
               nan               nan               nan               nan]"	0.0	0.0	0.0
4366.455730454682	2.0	trials	9.0	0.0	0.0	0.0	0.0	0.0	True	5.0	0.0	0.01	"[50002540.4296961  50004857.43677703 50060703.60744662               nan
               nan               nan               nan               nan
               nan               nan               nan               nan
               nan               nan               nan               nan
               nan               nan               nan               nan]"	0.0	0.0	0.0
4374.729851740996	2.0	trials	9.0	0.0	0.0	0.0	0.0	0.0	True	5.0	0.0	0.01	"[50063020.61452754 50065337.62160847 50144521.86360073               nan
               nan               nan               nan               nan
               nan               nan               nan               nan
               nan               nan               nan               nan
               nan               nan               nan               nan]"	0.0	0.0	0.0
4383.642038977286	2.0	trials	9.0	0.0	0.0	0.0	0.0	0.0	True	5.0	0.0	0.01	"[50146838.87068167 50149155.87776259 50235350.14117795               nan
               nan               nan               nan               nan
               nan               nan               nan               nan
               nan               nan               nan               nan
               nan               nan               nan               nan]"	0.0	0.0	0.0
4392.651858511947	2.0	trials	9.0	0.0	0.0	0.0	0.0	0.0	True	5.0	0.0	0.01	"[50237667.14825889 50239984.15533981 50311462.37378196               nan
               nan               nan               nan               nan
               nan               nan               nan               nan
               nan               nan               nan               nan
               nan               nan               nan               nan]"	0.0	0.0	0.0
4410.955495249186	2.0	trials	10.0	0.0	0.0	0.0	0.0	0.0	True	10.0	0.0	0.005	"[50313779.38086289 50316096.38794381 50379059.58036349 50381376.58744442
 50383693.59452534               nan               nan               nan
               nan               nan               nan               nan
               nan               nan               nan               nan
               nan               nan               nan               nan]"	0.0	0.0	0.0
4416.43949280868	2.0	trials	10.0	0.0	0.0	0.0	0.0	0.0	True	10.0	0.0	0.005	"[50450354.79824638 50452671.80532731 50454988.81240823 50545841.09005879
 50548159.09714277               nan               nan               nan
               nan               nan               nan               nan
               nan               nan               nan               nan
               nan               nan               nan               nan]"	0.0	0.0	0.0
4424.145186757839	2.0	trials	10.0	0.0	0.0	0.0	0.0	0.0	True	10.0	0.0	0.005	"[50550476.10422371 50641606.38272385 50643924.38980783 50646241.39688876
 50744757.69796108               nan               nan               nan
               nan               nan               nan               nan
               nan               nan               nan               nan
               nan               nan               nan               nan]"	0.0	0.0	0.0
4430.799735094621	2.0	trials	10.0	0.0	0.0	0.0	0.0	0.0	True	10.0	0.0	0.005	"[50747074.705042   50749391.71212293 50849038.01664862 50851355.02372953
 50853673.03081352               nan               nan               nan
               nan               nan               nan               nan
               nan               nan               nan               nan
               nan               nan               nan               nan]"	0.0	0.0	0.0
4438.834268448736	2.0	trials	10.0	0.0	0.0	0.0	0.0	0.0	True	10.0	0.0	0.005	"[51060837.66392232 51061995.66746126 51063154.67100324 51064313.67454524
 51065472.67808723               nan               nan               nan
               nan               nan               nan               nan
               nan               nan               nan               nan
               nan               nan               nan               nan]"	0.0	0.0	0.0
4446.607441004115	2.0	trials	10.0	0.0	0.0	0.0	0.0	0.0	True	10.0	0.0	0.005	"[51124309.85789754 51125467.86143648 51126627.86498152 51127784.86851741
 51128944.87206245               nan               nan               nan
               nan               nan               nan               nan
               nan               nan               nan               nan
               nan               nan               nan               nan]"	0.0	0.0	0.0
4451.81340251391	2.0	trials	10.0	0.0	0.0	0.0	0.0	0.0	True	10.0	0.0	0.005	"[51213495.13045362 51214654.13399561 51215812.13753454 51216972.1410796
 51218129.14461548               nan               nan               nan
               nan               nan               nan               nan
               nan               nan               nan               nan
               nan               nan               nan               nan]"	0.0	0.0	0.0
4459.496200393097	2.0	trials	10.0	0.0	0.0	0.0	0.0	0.0	True	10.0	0.0	0.005	"[51290516.36583559 51291675.3693776  51292833.37291653 51293992.37645852
 51295150.37999745               nan               nan               nan
               nan               nan               nan               nan
               nan               nan               nan               nan
               nan               nan               nan               nan]"	0.0	0.0	0.0
4468.588359379393	2.0	trials	10.0	0.0	0.0	0.0	0.0	0.0	True	10.0	0.0	0.005	"[51383507.6500231  51384667.65356816 51385825.65710709 51386983.66064602
 51388142.66418801               nan               nan               nan
               nan               nan               nan               nan
               nan               nan               nan               nan
               nan               nan               nan               nan]"	0.0	0.0	0.0
4476.5899742329075	2.0	trials	10.0	0.0	0.0	0.0	0.0	0.0	True	10.0	0.0	0.005	"[51473474.92496904 51474633.92851103 51475791.93204997 51476950.93559195
 51478108.93913089               nan               nan               nan
               nan               nan               nan               nan
               nan               nan               nan               nan
               nan               nan               nan               nan]"	0.0	0.0	0.0
4483.309841169308	2.0	trials	10.0	0.0	0.0	0.0	0.0	0.0	True	10.0	0.0	0.005	"[51533729.10910981 51534888.1126518  51536046.11619073 51537204.11972966
 51538364.12327471               nan               nan               nan
               nan               nan               nan               nan
               nan               nan               nan               nan
               nan               nan               nan               nan]"	0.0	0.0	0.0
4492.124741708282	2.0	trials	10.0	0.0	0.0	0.0	0.0	0.0	True	10.0	0.0	0.005	"[51622651.38086214 51623810.38440412 51624968.38794306 51626126.391482
 51627285.39502399               nan               nan               nan
               nan               nan               nan               nan
               nan               nan               nan               nan
               nan               nan               nan               nan]"	0.0	0.0	0.0
4499.008337145048	2.0	trials	10.0	0.0	0.0	0.0	0.0	0.0	True	10.0	0.0	0.005	"[51727884.70246211 51729042.70600105 51730201.70954304 51731360.71308503
 51732519.71662702               nan               nan               nan
               nan               nan               nan               nan
               nan               nan               nan               nan
               nan               nan               nan               nan]"	0.0	0.0	0.0
4506.959667044888	2.0	trials	10.0	0.0	0.0	0.0	0.0	0.0	True	10.0	0.0	0.005	"[51820494.98548525 51821652.98902419 51822811.99256618 51823970.99610817
 51825128.9996471                nan               nan               nan
               nan               nan               nan               nan
               nan               nan               nan               nan
               nan               nan               nan               nan]"	0.0	0.0	0.0
4515.1943898107975	2.0	trials	10.0	0.0	0.0	0.0	0.0	0.0	True	10.0	0.0	0.005	"[51898272.22317762 51899430.22671656 51900588.23025548 51901747.23379749
 51902906.23733947               nan               nan               nan
               nan               nan               nan               nan
               nan               nan               nan               nan
               nan               nan               nan               nan]"	0.0	0.0	0.0
4523.192462253485	2.0	trials	10.0	0.0	0.0	0.0	0.0	0.0	True	10.0	0.0	0.005	"[52000295.53496759 52001453.53850653 52002612.54204853 52003770.54558747
 52004929.54912945               nan               nan               nan
               nan               nan               nan               nan
               nan               nan               nan               nan
               nan               nan               nan               nan]"	0.0	0.0	0.0
4531.202198731821	2.0	trials	10.0	0.0	0.0	0.0	0.0	0.0	True	10.0	0.0	0.005	"[52079967.77845124 52081126.78199323 52082285.78553522 52083443.78907415
 52084601.79261308               nan               nan               nan
               nan               nan               nan               nan
               nan               nan               nan               nan
               nan               nan               nan               nan]"	0.0	0.0	0.0
4536.893816125816	2.0	trials	10.0	0.0	0.0	0.0	0.0	0.0	True	10.0	0.0	0.005	"[52171997.0596988  52173155.06323773 52174314.06677972 52175473.07032172
 52176631.07386065               nan               nan               nan
               nan               nan               nan               nan
               nan               nan               nan               nan
               nan               nan               nan               nan]"	0.0	0.0	0.0
4544.381090207467	2.0	trials	10.0	0.0	0.0	0.0	0.0	0.0	True	10.0	0.0	0.005	"[52267305.35096722 52268463.35450616 52269623.35805121 52270781.36159015
 52271940.36513214               nan               nan               nan
               nan               nan               nan               nan
               nan               nan               nan               nan
               nan               nan               nan               nan]"	0.0	0.0	0.0
4549.694879246791	2.0	trials	10.0	0.0	0.0	0.0	0.0	0.0	True	10.0	0.0	0.005	"[52359875.63386811 52361034.63741011 52362193.6409521  52363351.64449103
 52364510.64803304               nan               nan               nan
               nan               nan               nan               nan
               nan               nan               nan               nan
               nan               nan               nan               nan]"	0.0	0.0	0.0
4555.121247830167	2.0	trials	10.0	0.0	0.0	0.0	0.0	0.0	True	10.0	0.0	0.005	"[52452581.91718464 52453739.92072358 52454898.92426558 52456056.92780451
 52457215.9313465                nan               nan               nan
               nan               nan               nan               nan
               nan               nan               nan               nan
               nan               nan               nan               nan]"	0.0	0.0	0.0
4561.2086648337545	2.0	trials	10.0	0.0	0.0	0.0	0.0	0.0	True	10.0	0.0	0.005	"[52518456.11850055 52519615.12204255 52520773.12558148 52521932.12912347
 52523091.13266546               nan               nan               nan
               nan               nan               nan               nan
               nan               nan               nan               nan
               nan               nan               nan               nan]"	0.0	0.0	0.0
4568.144618830532	2.0	trials	10.0	0.0	0.0	0.0	0.0	0.0	True	10.0	0.0	0.005	"[52605114.38333394 52606273.38687592 52607432.39041792 52608591.39395991
 52609749.39749883               nan               nan               nan
               nan               nan               nan               nan
               nan               nan               nan               nan
               nan               nan               nan               nan]"	0.0	0.0	0.0
4575.515598156779	2.0	trials	10.0	0.0	0.0	0.0	0.0	0.0	True	10.0	0.0	0.005	"[52666617.57129174 52667775.57483067 52668934.57837266 52670092.58191159
 52671251.58545359               nan               nan               nan
               nan               nan               nan               nan
               nan               nan               nan               nan
               nan               nan               nan               nan]"	0.0	0.0	0.0
4582.946798467065	2.0	trials	10.0	0.0	0.0	0.0	0.0	0.0	True	10.0	0.0	0.005	"[52729422.76322856 52730581.76677054 52731739.77030947 52732898.77385146
 52734056.77739041               nan               nan               nan
               nan               nan               nan               nan
               nan               nan               nan               nan
               nan               nan               nan               nan]"	0.0	0.0	0.0
4591.688863583449	2.0	trials	10.0	0.0	0.0	0.0	0.0	0.0	True	10.0	0.0	0.005	"[52799876.97854128 52801037.98208939 52802194.98562527 52803353.98916726
 52804512.99270924               nan               nan               nan
               nan               nan               nan               nan
               nan               nan               nan               nan
               nan               nan               nan               nan]"	0.0	0.0	0.0
4599.219164996595	2.0	trials	10.0	0.0	0.0	0.0	0.0	0.0	True	10.0	0.0	0.005	"[52880155.22387691 52881314.22741889 52882473.23096088 52883631.23449983
 52884790.23804181               nan               nan               nan
               nan               nan               nan               nan
               nan               nan               nan               nan
               nan               nan               nan               nan]"	0.0	0.0	0.0
4605.048072410159	2.0	trials	10.0	0.0	0.0	0.0	0.0	0.0	True	10.0	0.0	0.005	"[52965468.48459986 52966626.48813879 52967784.49167772 52968943.49521972
 52970102.49876171               nan               nan               nan
               nan               nan               nan               nan
               nan               nan               nan               nan
               nan               nan               nan               nan]"	0.0	0.0	0.0
4612.2280207526	2.0	trials	10.0	0.0	0.0	0.0	0.0	0.0	True	10.0	0.0	0.005	"[53051477.74744984 53052636.75099184 53053795.75453383 53054952.7580697
 53056111.76161169               nan               nan               nan
               nan               nan               nan               nan
               nan               nan               nan               nan
               nan               nan               nan               nan]"	0.0	0.0	0.0
4621.101068669278	2.0	trials	10.0	0.0	0.0	0.0	0.0	0.0	True	10.0	0.0	0.005	"[53152658.05666355 53153817.06020553 53154975.06374448 53156134.06728647
 53157293.07082845               nan               nan               nan
               nan               nan               nan               nan
               nan               nan               nan               nan
               nan               nan               nan               nan]"	0.0	0.0	0.0
4641.396490693557	2.0	trials	11.0	0.0	0.0	0.0	0.0	0.0	True	20.0	0.0	0.005	"[53239814.32301885 53240973.32656083 53242131.33009978 53243290.33364177
 53244450.33718682 53307279.52919697 53308438.53273898 53309596.53627791
 53310754.53981684 53311914.54336189               nan               nan
               nan               nan               nan               nan
               nan               nan               nan               nan]"	0.0	0.0	0.0
4649.538505976146	2.0	trials	11.0	0.0	0.0	0.0	0.0	0.0	True	20.0	0.0	0.005	"[53390379.78315684 53391537.78669578 53392696.79023776 53393855.79377976
 53395014.79732175 53493078.09700966 53494237.10055166 53495395.10409059
 53496553.10762953 53497712.11117151               nan               nan
               nan               nan               nan               nan
               nan               nan               nan               nan]"	0.0	0.0	0.0
4654.752589110762	2.0	trials	11.0	0.0	0.0	0.0	0.0	0.0	True	20.0	0.0	0.005	"[53727977.81487872 53728557.81665124 53729136.81842071 53729715.82019018
 53730294.82195963 53730874.82373216 53731453.82550164 53732033.82727415
 53732612.82904362 53733191.83081309               nan               nan
               nan               nan               nan               nan
               nan               nan               nan               nan]"	0.0	0.0	0.0
4661.565509131538	2.0	trials	11.0	0.0	0.0	0.0	0.0	0.0	True	20.0	0.0	0.005	"[53822215.10287409 53822794.10464355 53823373.10641302 53823952.1081825
 53824532.10995501 53825111.11172448 53825690.11349395 53826270.11526646
 53826848.11703289 53827428.11880541               nan               nan
               nan               nan               nan               nan
               nan               nan               nan               nan]"	0.0	0.0	0.0
4667.959128670903	2.0	trials	11.0	0.0	0.0	0.0	0.0	0.0	True	20.0	0.0	0.005	"[53882563.28730211 53883142.28907159 53883722.29084411 53884301.29261357
 53884880.29438305 53885459.29615251 53886039.29792503 53886618.29969451
 53887197.30146397 53887777.3032365                nan               nan
               nan               nan               nan               nan
               nan               nan               nan               nan]"	0.0	0.0	0.0
4676.010682877035	2.0	trials	11.0	0.0	0.0	0.0	0.0	0.0	True	20.0	0.0	0.005	"[53961416.52828284 53961995.5300523  53962574.53182177 53963154.5335943
 53963733.53536376 53964312.53713323 53964892.53890575 53965470.54067216
 53966050.54244469 53966630.54421721               nan               nan
               nan               nan               nan               nan
               nan               nan               nan               nan]"	0.0	0.0	0.0
4683.901100590723	2.0	trials	11.0	0.0	0.0	0.0	0.0	0.0	True	20.0	0.0	0.005	"[54035416.75443241 54035995.75620188 54036575.75797441 54037153.75974081
 54037733.76151334 54038312.7632828  54038891.76505227 54039470.76682173
 54040049.76859121 54040630.77036679               nan               nan
               nan               nan               nan               nan
               nan               nan               nan               nan]"	0.0	0.0	0.0
4692.895108877065	2.0	trials	11.0	0.0	0.0	0.0	0.0	0.0	True	20.0	0.0	0.005	"[54128606.03922502 54129186.04099753 54129764.04276396 54130344.04453648
 54130923.04630595 54131502.04807542 54132081.04984487 54132661.0516174
 54133240.05338687 54133819.05515634               nan               nan
               nan               nan               nan               nan
               nan               nan               nan               nan]"	0.0	0.0	0.0
4700.088967662017	2.0	trials	11.0	0.0	0.0	0.0	0.0	0.0	True	20.0	0.0	0.005	"[54219929.31831498 54220509.32008751 54221088.32185697 54221668.3236295
 54222247.32539897 54222826.32716843 54223405.3289379  54223984.33070736
 54224563.33247684 54225143.33424936               nan               nan
               nan               nan               nan               nan
               nan               nan               nan               nan]"	0.0	0.0	0.0
4707.879765871261	2.0	trials	11.0	0.0	0.0	0.0	0.0	0.0	True	20.0	0.0	0.005	"[54324026.63644326 54324606.63821579 54325185.63998526 54325764.64175472
 54326343.64352418 54326923.64529672 54327502.64706618 54328082.64883871
 54328661.65060817 54329240.65237764               nan               nan
               nan               nan               nan               nan
               nan               nan               nan               nan]"	0.0	0.0	0.0
4713.9791061112865	2.0	trials	11.0	0.0	0.0	0.0	0.0	0.0	True	20.0	0.0	0.005	"[54407289.89090127 54407868.89267073 54408447.8944402  54409027.89621273
 54409605.89797914 54410185.89975166 54410764.90152112 54411344.90329365
 54411923.90506312 54412502.90683258               nan               nan
               nan               nan               nan               nan
               nan               nan               nan               nan]"	0.0	0.0	0.0
4720.711155484917	2.0	trials	11.0	0.0	0.0	0.0	0.0	0.0	True	20.0	0.0	0.005	"[54497460.16646758 54498039.16823705 54498618.17000652 54499198.17177904
 54499777.1735485  54500357.17532104 54500937.17709356 54501516.17886302
 54502095.18063249 54502674.18240196               nan               nan
               nan               nan               nan               nan
               nan               nan               nan               nan]"	0.0	0.0	0.0
4727.281895565575	2.0	trials	11.0	0.0	0.0	0.0	0.0	0.0	True	20.0	0.0	0.005	"[54568055.38221122 54568634.38398068 54569213.38575016 54569793.38752268
 54570371.3892891  54570951.39106162 54571530.39283108 54572110.3946036
 54572689.39637308 54573269.39814561               nan               nan
               nan               nan               nan               nan
               nan               nan               nan               nan]"	0.0	0.0	0.0
4735.369305881286	2.0	trials	11.0	0.0	0.0	0.0	0.0	0.0	True	20.0	0.0	0.005	"[54645971.62032839 54646551.62210091 54647130.62387037 54647710.6256429
 54648289.62741237 54648869.6291849  54649448.63095436 54650027.63272384
 54650606.63449329 54651185.63626277               nan               nan
               nan               nan               nan               nan
               nan               nan               nan               nan]"	0.0	0.0	0.0
4744.213496109773	2.0	trials	11.0	0.0	0.0	0.0	0.0	0.0	True	20.0	0.0	0.005	"[54722021.85274291 54722600.85451239 54723180.85628492 54723759.85805438
 54724338.85982385 54724918.86159638 54725497.86336584 54726077.86513836
 54726655.86690477 54727235.8686773                nan               nan
               nan               nan               nan               nan
               nan               nan               nan               nan]"	0.0	0.0	0.0
4749.529358755433	2.0	trials	11.0	0.0	0.0	0.0	0.0	0.0	True	20.0	0.0	0.005	"[54815626.13880381 54816207.14057939 54816786.14234884 54817364.14411527
 54817944.14588778 54818523.14765725 54819102.14942671 54819682.15119924
 54820261.1529687  54820840.15473817               nan               nan
               nan               nan               nan               nan
               nan               nan               nan               nan]"	0.0	0.0	0.0
4755.799253116685	2.0	trials	11.0	0.0	0.0	0.0	0.0	0.0	True	20.0	0.0	0.005	"[54917990.4516359  54918569.45340537 54919148.45517483 54919728.45694736
 54920306.45871376 54920886.46048629 54921466.46225881 54922044.46402522
 54922623.46579469 54923204.46757027               nan               nan
               nan               nan               nan               nan
               nan               nan               nan               nan]"	0.0	0.0	0.0
4763.389775513871	2.0	trials	11.0	0.0	0.0	0.0	0.0	0.0	True	20.0	0.0	0.005	"[54979515.63966093 54980095.64143346 54980674.64320292 54981254.64497545
 54981832.64674186 54982412.64851438 54982992.65028691 54983570.65205332
 54984150.65382583 54984729.65559531               nan               nan
               nan               nan               nan               nan
               nan               nan               nan               nan]"	0.0	0.0	0.0
4770.187489088176	2.0	trials	11.0	0.0	0.0	0.0	0.0	0.0	True	20.0	0.0	0.005	"[55052083.8614342  55052663.86320673 55053243.86497925 55053821.86674567
 55054400.86851513 55054979.8702846  55055560.87206017 55056139.87382965
 55056717.87559605 55057296.87736553               nan               nan
               nan               nan               nan               nan
               nan               nan               nan               nan]"	0.0	0.0	0.0
4778.467658392973	2.0	trials	11.0	0.0	0.0	0.0	0.0	0.0	True	20.0	0.0	0.005	"[55139937.1299196  55140516.13168906 55141096.13346159 55141675.13523106
 55142255.13700359 55142834.13877305 55143413.14054252 55143993.14231504
 55144572.14408451 55145151.14585398               nan               nan
               nan               nan               nan               nan
               nan               nan               nan               nan]"	0.0	0.0	0.0
4784.683898190251	2.0	trials	11.0	0.0	0.0	0.0	0.0	0.0	True	20.0	0.0	0.005	"[55218615.37036549 55219194.37213497 55219774.37390749 55220352.3756739
 55220932.37744643 55221511.37921589 55222091.38098841 55222670.38275789
 55223249.38452735 55223828.38629682               nan               nan
               nan               nan               nan               nan
               nan               nan               nan               nan]"	0.0	0.0	0.0
4793.600146238951	2.0	trials	11.0	0.0	0.0	0.0	0.0	0.0	True	20.0	0.0	0.005	"[55314449.66324142 55315028.66501089 55315608.66678342 55316187.66855288
 55316766.67032235 55317345.67209181 55317924.67386129 55318503.67563075
 55319083.67740327 55319662.67917275               nan               nan
               nan               nan               nan               nan
               nan               nan               nan               nan]"	0.0	0.0	0.0
4801.3095553994635	2.0	trials	11.0	0.0	0.0	0.0	0.0	0.0	True	20.0	0.0	0.005	"[55386396.88311688 55386977.88489246 55387555.88665886 55388134.88842834
 55388715.89020392 55389293.89197032 55389873.89374285 55390452.89551232
 55391031.89728179 55391610.89905124               nan               nan
               nan               nan               nan               nan
               nan               nan               nan               nan]"	0.0	0.0	0.0
4807.124033968932	2.0	trials	11.0	0.0	0.0	0.0	0.0	0.0	True	20.0	0.0	0.005	"[55489594.19849468 55490173.20026416 55490753.20203667 55491332.20380614
 55491911.20557562 55492490.20734508 55493070.2091176  55493649.21088707
 55494228.21265654 55494808.21442906               nan               nan
               nan               nan               nan               nan
               nan               nan               nan               nan]"	0.0	0.0	0.0
4815.944118523749	2.0	trials	11.0	0.0	0.0	0.0	0.0	0.0	True	20.0	0.0	0.005	"[55578824.47118829 55579402.4729547  55579982.47472722 55580561.47649668
 55581140.47826616 55581720.48003869 55582299.48180814 55582878.48357762
 55583458.48535015 55584036.48711655               nan               nan
               nan               nan               nan               nan
               nan               nan               nan               nan]"	0.0	0.0	0.0
4824.10859787499	2.0	trials	11.0	0.0	0.0	0.0	0.0	0.0	True	20.0	0.0	0.005	"[55646120.67684994 55646700.67862246 55647280.68039499 55647858.6821614
 55648438.68393392 55649017.68570338 55649597.68747591 55650176.68924538
 55650755.69101484 55651334.69278432               nan               nan
               nan               nan               nan               nan
               nan               nan               nan               nan]"	0.0	0.0	0.0
4831.682704222007	2.0	trials	11.0	0.0	0.0	0.0	0.0	0.0	True	20.0	0.0	0.005	"[55748204.98882633 55748785.99060191 55749363.99236833 55749943.99414086
 55750521.99590726 55751101.99767978 55751680.99944925 55752260.00121872
 55752840.00299124 55753419.00476071               nan               nan
               nan               nan               nan               nan
               nan               nan               nan               nan]"	0.0	0.0	0.0
4838.312196482216	2.0	trials	11.0	0.0	0.0	0.0	0.0	0.0	True	20.0	0.0	0.005	"[55842702.27761628 55843280.27938269 55843860.28115522 55844439.28292469
 55845019.28469722 55845598.28646668 55846176.2882331  55846756.29000561
 55847335.29177509 55847915.29354762               nan               nan
               nan               nan               nan               nan
               nan               nan               nan               nan]"	0.0	0.0	0.0
4844.765086602715	2.0	trials	11.0	0.0	0.0	0.0	0.0	0.0	True	20.0	0.0	0.005	"[55930365.54552102 55930944.54729049 55931523.54905996 55932102.55082943
 55932682.55260194 55933260.55436836 55933840.55614088 55934419.55791036
 55934999.55968288 55935578.56145234               nan               nan
               nan               nan               nan               nan
               nan               nan               nan               nan]"	0.0	0.0	0.0
4852.144965156158	2.0	trials	11.0	0.0	0.0	0.0	0.0	0.0	True	20.0	0.0	0.005	"[56007095.78001368 56007674.78178316 56008253.78355262 56008832.78532209
 56009411.78709155 56009991.78886408 56010570.79063355 56011150.79240606
 56011729.79417554 56012308.79594501               nan               nan
               nan               nan               nan               nan
               nan               nan               nan               nan]"	0.0	0.0	0.0
4879.506027973547	2.0	trials	12.0	0.0	0.0	0.0	0.0	0.0	True	1.0	0.0	1.0	"[56081781.00825668               nan               nan               nan
               nan               nan               nan               nan
               nan               nan               nan               nan
               nan               nan               nan               nan
               nan               nan               nan               nan]"	0.0	0.0	0.0
4886.712069195732	2.0	trials	12.0	0.0	0.0	0.0	0.0	0.0	True	1.0	0.0	1.0	"[56082360.01002613               nan               nan               nan
               nan               nan               nan               nan
               nan               nan               nan               nan
               nan               nan               nan               nan
               nan               nan               nan               nan]"	0.0	0.0	0.0
4892.894526489768	2.0	trials	12.0	0.0	0.0	0.0	0.0	0.0	True	1.0	0.0	1.0	"[56082940.01179866               nan               nan               nan
               nan               nan               nan               nan
               nan               nan               nan               nan
               nan               nan               nan               nan
               nan               nan               nan               nan]"	0.0	0.0	0.0
4901.38110602537	2.0	trials	12.0	0.0	0.0	0.0	0.0	0.0	True	1.0	0.0	1.0	"[56083519.01356814               nan               nan               nan
               nan               nan               nan               nan
               nan               nan               nan               nan
               nan               nan               nan               nan
               nan               nan               nan               nan]"	0.0	0.0	0.0
4908.882031348741	2.0	trials	12.0	0.0	0.0	0.0	0.0	0.0	True	1.0	0.0	1.0	"[56084098.01533759               nan               nan               nan
               nan               nan               nan               nan
               nan               nan               nan               nan
               nan               nan               nan               nan
               nan               nan               nan               nan]"	0.0	0.0	0.0
4915.361964751887	2.0	trials	12.0	0.0	0.0	0.0	0.0	0.0	True	1.0	0.0	1.0	"[56084678.01711012               nan               nan               nan
               nan               nan               nan               nan
               nan               nan               nan               nan
               nan               nan               nan               nan
               nan               nan               nan               nan]"	0.0	0.0	0.0
4924.386213130644	2.0	trials	12.0	0.0	0.0	0.0	0.0	0.0	True	1.0	0.0	1.0	"[56085256.01887653               nan               nan               nan
               nan               nan               nan               nan
               nan               nan               nan               nan
               nan               nan               nan               nan
               nan               nan               nan               nan]"	0.0	0.0	0.0
4930.820181593318	2.0	trials	12.0	0.0	0.0	0.0	0.0	0.0	True	1.0	0.0	1.0	"[56085836.02064906               nan               nan               nan
               nan               nan               nan               nan
               nan               nan               nan               nan
               nan               nan               nan               nan
               nan               nan               nan               nan]"	0.0	0.0	0.0
4937.796311712876	2.0	trials	12.0	0.0	0.0	0.0	0.0	0.0	True	1.0	0.0	1.0	"[56086415.02241852               nan               nan               nan
               nan               nan               nan               nan
               nan               nan               nan               nan
               nan               nan               nan               nan
               nan               nan               nan               nan]"	0.0	0.0	0.0
4945.254296105017	2.0	trials	12.0	0.0	0.0	0.0	0.0	0.0	True	1.0	0.0	1.0	"[56086994.02418799               nan               nan               nan
               nan               nan               nan               nan
               nan               nan               nan               nan
               nan               nan               nan               nan
               nan               nan               nan               nan]"	0.0	0.0	0.0
4951.584584250836	2.0	trials	12.0	0.0	0.0	0.0	0.0	0.0	True	1.0	0.0	1.0	"[56167197.2692944              nan              nan              nan
              nan              nan              nan              nan
              nan              nan              nan              nan
              nan              nan              nan              nan
              nan              nan              nan              nan]"	0.0	0.0	0.0
4960.056821342605	2.0	trials	12.0	0.0	0.0	0.0	0.0	0.0	True	1.0	0.0	1.0	"[56167775.27106082               nan               nan               nan
               nan               nan               nan               nan
               nan               nan               nan               nan
               nan               nan               nan               nan
               nan               nan               nan               nan]"	0.0	0.0	0.0
4968.85271382349	2.0	trials	12.0	0.0	0.0	0.0	0.0	0.0	True	1.0	0.0	1.0	"[56168356.2728364              nan              nan              nan
              nan              nan              nan              nan
              nan              nan              nan              nan
              nan              nan              nan              nan
              nan              nan              nan              nan]"	0.0	0.0	0.0
4977.847326911679	2.0	trials	12.0	0.0	0.0	0.0	0.0	0.0	True	1.0	0.0	1.0	"[56168935.27460586               nan               nan               nan
               nan               nan               nan               nan
               nan               nan               nan               nan
               nan               nan               nan               nan
               nan               nan               nan               nan]"	0.0	0.0	0.0
4984.525376120281	2.0	trials	12.0	0.0	0.0	0.0	0.0	0.0	True	1.0	0.0	1.0	"[56169514.27637534               nan               nan               nan
               nan               nan               nan               nan
               nan               nan               nan               nan
               nan               nan               nan               nan
               nan               nan               nan               nan]"	0.0	0.0	0.0
4991.972387678888	2.0	trials	12.0	0.0	0.0	0.0	0.0	0.0	True	1.0	0.0	1.0	"[56170093.27814479               nan               nan               nan
               nan               nan               nan               nan
               nan               nan               nan               nan
               nan               nan               nan               nan
               nan               nan               nan               nan]"	0.0	0.0	0.0
4998.427265005461	2.0	trials	12.0	0.0	0.0	0.0	0.0	0.0	True	1.0	0.0	1.0	"[56170673.27991732               nan               nan               nan
               nan               nan               nan               nan
               nan               nan               nan               nan
               nan               nan               nan               nan
               nan               nan               nan               nan]"	0.0	0.0	0.0
5003.982629183056	2.0	trials	12.0	0.0	0.0	0.0	0.0	0.0	True	1.0	0.0	1.0	"[56171252.2816868              nan              nan              nan
              nan              nan              nan              nan
              nan              nan              nan              nan
              nan              nan              nan              nan
              nan              nan              nan              nan]"	0.0	0.0	0.0
5011.525372234224	2.0	trials	12.0	0.0	0.0	0.0	0.0	0.0	True	0.0	0.0	0.0	"[nan nan nan nan nan nan nan nan nan nan nan nan nan nan nan nan nan nan
 nan nan]"	0.0	0.0	0.0
5020.633342468842	2.0	trials	12.0	0.0	0.0	0.0	0.0	0.0	True	1.0	0.0	1.0	"[56171831.28345625               nan               nan               nan
               nan               nan               nan               nan
               nan               nan               nan               nan
               nan               nan               nan               nan
               nan               nan               nan               nan]"	0.0	0.0	0.0
5028.483756860276	2.0	trials	12.0	0.0	0.0	0.0	0.0	0.0	True	1.0	0.0	1.0	"[56172410.28522573               nan               nan               nan
               nan               nan               nan               nan
               nan               nan               nan               nan
               nan               nan               nan               nan
               nan               nan               nan               nan]"	0.0	0.0	0.0
5034.913232509219	2.0	trials	12.0	0.0	0.0	0.0	0.0	0.0	True	1.0	0.0	1.0	"[56484725.23968085               nan               nan               nan
               nan               nan               nan               nan
               nan               nan               nan               nan
               nan               nan               nan               nan
               nan               nan               nan               nan]"	0.0	0.0	0.0
5042.217338031095	2.0	trials	12.0	0.0	0.0	0.0	0.0	0.0	True	1.0	0.0	1.0	"[56484728.23969001               nan               nan               nan
               nan               nan               nan               nan
               nan               nan               nan               nan
               nan               nan               nan               nan
               nan               nan               nan               nan]"	0.0	0.0	0.0
5050.439187157662	2.0	trials	12.0	0.0	0.0	0.0	0.0	0.0	True	1.0	0.0	1.0	"[56494547.26969762               nan               nan               nan
               nan               nan               nan               nan
               nan               nan               nan               nan
               nan               nan               nan               nan
               nan               nan               nan               nan]"	0.0	0.0	0.0
5058.591484071671	2.0	trials	12.0	0.0	0.0	0.0	0.0	0.0	True	0.0	0.0	0.0	"[nan nan nan nan nan nan nan nan nan nan nan nan nan nan nan nan nan nan
 nan nan]"	0.0	0.0	0.0
5064.3017639227	2.0	trials	12.0	0.0	0.0	0.0	0.0	0.0	True	1.0	0.0	1.0	"[56568127.49456364               nan               nan               nan
               nan               nan               nan               nan
               nan               nan               nan               nan
               nan               nan               nan               nan
               nan               nan               nan               nan]"	0.0	0.0	0.0
5071.405680032782	2.0	trials	12.0	0.0	0.0	0.0	0.0	0.0	True	1.0	0.0	1.0	"[56568129.49456976               nan               nan               nan
               nan               nan               nan               nan
               nan               nan               nan               nan
               nan               nan               nan               nan
               nan               nan               nan               nan]"	0.0	0.0	0.0
5079.8616738749115	2.0	trials	12.0	0.0	0.0	0.0	0.0	0.0	True	1.0	0.0	1.0	"[56577949.52458042               nan               nan               nan
               nan               nan               nan               nan
               nan               nan               nan               nan
               nan               nan               nan               nan
               nan               nan               nan               nan]"	0.0	0.0	0.0
5087.738872348201	2.0	trials	12.0	0.0	0.0	0.0	0.0	0.0	True	1.0	0.0	1.0	"[56577952.52458959               nan               nan               nan
               nan               nan               nan               nan
               nan               nan               nan               nan
               nan               nan               nan               nan
               nan               nan               nan               nan]"	0.0	0.0	0.0
5095.286021812835	2.0	trials	12.0	0.0	0.0	0.0	0.0	0.0	True	1.0	0.0	1.0	"[56577975.52465987               nan               nan               nan
               nan               nan               nan               nan
               nan               nan               nan               nan
               nan               nan               nan               nan
               nan               nan               nan               nan]"	0.0	0.0	0.0
