onset	duration	nwb_table	Block	sound	sound_puretone	sound_bluenoise	sound_freq	sound_amp	optogenetics	opto_freq	opto_power	opto_pulse_duration	opto_pulse_ts	airpuff	airpuff_duration	airpuff_amp
306.9185860024983	2.0	trials	1.0	1.0	1.0	0.0	10000.0	1.0	False	0.0	0.0	0.0	"[nan nan nan nan nan nan nan nan nan nan nan nan nan nan nan nan nan nan
 nan nan]"	0.0	0.0	0.0
315.94853903207786	2.0	trials	1.0	1.0	1.0	0.0	10000.0	1.0	False	0.0	0.0	0.0	"[nan nan nan nan nan nan nan nan nan nan nan nan nan nan nan nan nan nan
 nan nan]"	0.0	0.0	0.0
325.2784738526184	2.0	trials	1.0	1.0	1.0	0.0	10000.0	1.0	False	0.0	0.0	0.0	"[nan nan nan nan nan nan nan nan nan nan nan nan nan nan nan nan nan nan
 nan nan]"	0.0	0.0	0.0
335.41253612951635	2.0	trials	1.0	1.0	1.0	0.0	10000.0	1.0	False	0.0	0.0	0.0	"[nan nan nan nan nan nan nan nan nan nan nan nan nan nan nan nan nan nan
 nan nan]"	0.0	0.0	0.0
343.7228611818743	2.0	trials	1.0	1.0	1.0	0.0	10000.0	1.0	False	0.0	0.0	0.0	"[nan nan nan nan nan nan nan nan nan nan nan nan nan nan nan nan nan nan
 nan nan]"	0.0	0.0	0.0
352.4589668407574	2.0	trials	1.0	1.0	1.0	0.0	10000.0	1.0	False	0.0	0.0	0.0	"[nan nan nan nan nan nan nan nan nan nan nan nan nan nan nan nan nan nan
 nan nan]"	0.0	0.0	0.0
361.4947950897452	2.0	trials	1.0	1.0	1.0	0.0	10000.0	1.0	False	0.0	0.0	0.0	"[nan nan nan nan nan nan nan nan nan nan nan nan nan nan nan nan nan nan
 nan nan]"	0.0	0.0	0.0
372.51938510841575	2.0	trials	1.0	1.0	1.0	0.0	10000.0	1.0	False	0.0	0.0	0.0	"[nan nan nan nan nan nan nan nan nan nan nan nan nan nan nan nan nan nan
 nan nan]"	0.0	0.0	0.0
378.82366833400783	2.0	trials	1.0	1.0	1.0	0.0	10000.0	1.0	False	0.0	0.0	0.0	"[nan nan nan nan nan nan nan nan nan nan nan nan nan nan nan nan nan nan
 nan nan]"	0.0	0.0	0.0
386.62328129927755	2.0	trials	1.0	1.0	1.0	0.0	10000.0	1.0	False	0.0	0.0	0.0	"[nan nan nan nan nan nan nan nan nan nan nan nan nan nan nan nan nan nan
 nan nan]"	0.0	0.0	0.0
395.17319434309127	2.0	trials	1.0	1.0	1.0	0.0	10000.0	1.0	False	0.0	0.0	0.0	"[nan nan nan nan nan nan nan nan nan nan nan nan nan nan nan nan nan nan
 nan nan]"	0.0	0.0	0.0
402.3261011720296	2.0	trials	1.0	1.0	1.0	0.0	10000.0	1.0	False	0.0	0.0	0.0	"[nan nan nan nan nan nan nan nan nan nan nan nan nan nan nan nan nan nan
 nan nan]"	0.0	0.0	0.0
410.0711955572025	2.0	trials	1.0	1.0	1.0	0.0	10000.0	1.0	False	0.0	0.0	0.0	"[nan nan nan nan nan nan nan nan nan nan nan nan nan nan nan nan nan nan
 nan nan]"	0.0	0.0	0.0
418.0569147372562	2.0	trials	1.0	1.0	1.0	0.0	10000.0	1.0	False	0.0	0.0	0.0	"[nan nan nan nan nan nan nan nan nan nan nan nan nan nan nan nan nan nan
 nan nan]"	0.0	0.0	0.0
424.8934237210047	2.0	trials	1.0	1.0	1.0	0.0	10000.0	1.0	False	0.0	0.0	0.0	"[nan nan nan nan nan nan nan nan nan nan nan nan nan nan nan nan nan nan
 nan nan]"	0.0	0.0	0.0
435.48134669718786	2.0	trials	1.0	1.0	1.0	0.0	10000.0	1.0	False	0.0	0.0	0.0	"[nan nan nan nan nan nan nan nan nan nan nan nan nan nan nan nan nan nan
 nan nan]"	0.0	0.0	0.0
443.72626673348657	2.0	trials	1.0	1.0	1.0	0.0	10000.0	1.0	False	0.0	0.0	0.0	"[nan nan nan nan nan nan nan nan nan nan nan nan nan nan nan nan nan nan
 nan nan]"	0.0	0.0	0.0
453.67370439388816	2.0	trials	1.0	1.0	1.0	0.0	10000.0	1.0	False	0.0	0.0	0.0	"[nan nan nan nan nan nan nan nan nan nan nan nan nan nan nan nan nan nan
 nan nan]"	0.0	0.0	0.0
461.5156534990112	2.0	trials	1.0	1.0	1.0	0.0	10000.0	1.0	False	0.0	0.0	0.0	"[nan nan nan nan nan nan nan nan nan nan nan nan nan nan nan nan nan nan
 nan nan]"	0.0	0.0	0.0
470.8753964180199	2.0	trials	1.0	1.0	1.0	0.0	10000.0	1.0	False	0.0	0.0	0.0	"[nan nan nan nan nan nan nan nan nan nan nan nan nan nan nan nan nan nan
 nan nan]"	0.0	0.0	0.0
478.8871220839835	2.0	trials	1.0	1.0	1.0	0.0	10000.0	1.0	False	0.0	0.0	0.0	"[nan nan nan nan nan nan nan nan nan nan nan nan nan nan nan nan nan nan
 nan nan]"	0.0	0.0	0.0
487.28808103574175	2.0	trials	1.0	1.0	1.0	0.0	10000.0	1.0	False	0.0	0.0	0.0	"[nan nan nan nan nan nan nan nan nan nan nan nan nan nan nan nan nan nan
 nan nan]"	0.0	0.0	0.0
493.6639900979428	2.0	trials	1.0	1.0	1.0	0.0	10000.0	1.0	False	0.0	0.0	0.0	"[nan nan nan nan nan nan nan nan nan nan nan nan nan nan nan nan nan nan
 nan nan]"	0.0	0.0	0.0
503.13207897486194	2.0	trials	1.0	1.0	1.0	0.0	10000.0	1.0	False	0.0	0.0	0.0	"[nan nan nan nan nan nan nan nan nan nan nan nan nan nan nan nan nan nan
 nan nan]"	0.0	0.0	0.0
510.15659497967357	2.000000000000057	trials	1.0	1.0	1.0	0.0	10000.0	1.0	False	0.0	0.0	0.0	"[nan nan nan nan nan nan nan nan nan nan nan nan nan nan nan nan nan nan
 nan nan]"	0.0	0.0	0.0
520.6938873886035	2.0	trials	1.0	1.0	1.0	0.0	10000.0	1.0	False	0.0	0.0	0.0	"[nan nan nan nan nan nan nan nan nan nan nan nan nan nan nan nan nan nan
 nan nan]"	0.0	0.0	0.0
528.3643319271778	2.0	trials	1.0	1.0	1.0	0.0	10000.0	1.0	False	0.0	0.0	0.0	"[nan nan nan nan nan nan nan nan nan nan nan nan nan nan nan nan nan nan
 nan nan]"	0.0	0.0	0.0
538.0284630517035	2.0	trials	1.0	1.0	1.0	0.0	10000.0	1.0	False	0.0	0.0	0.0	"[nan nan nan nan nan nan nan nan nan nan nan nan nan nan nan nan nan nan
 nan nan]"	0.0	0.0	0.0
544.7484180504272	2.0	trials	1.0	1.0	1.0	0.0	10000.0	1.0	False	0.0	0.0	0.0	"[nan nan nan nan nan nan nan nan nan nan nan nan nan nan nan nan nan nan
 nan nan]"	0.0	0.0	0.0
555.7042334419076	2.0	trials	1.0	1.0	1.0	0.0	10000.0	1.0	False	0.0	0.0	0.0	"[nan nan nan nan nan nan nan nan nan nan nan nan nan nan nan nan nan nan
 nan nan]"	0.0	0.0	0.0
563.1861525577062	2.0	trials	1.0	1.0	1.0	0.0	10000.0	1.0	False	0.0	0.0	0.0	"[nan nan nan nan nan nan nan nan nan nan nan nan nan nan nan nan nan nan
 nan nan]"	0.0	0.0	0.0
572.6486254160733	2.0	trials	1.0	1.0	1.0	0.0	10000.0	1.0	False	0.0	0.0	0.0	"[nan nan nan nan nan nan nan nan nan nan nan nan nan nan nan nan nan nan
 nan nan]"	0.0	0.0	0.0
579.5972819702906	2.0	trials	1.0	1.0	1.0	0.0	10000.0	1.0	False	0.0	0.0	0.0	"[nan nan nan nan nan nan nan nan nan nan nan nan nan nan nan nan nan nan
 nan nan]"	0.0	0.0	0.0
587.3243186958117	2.0	trials	1.0	1.0	1.0	0.0	10000.0	1.0	False	0.0	0.0	0.0	"[nan nan nan nan nan nan nan nan nan nan nan nan nan nan nan nan nan nan
 nan nan]"	0.0	0.0	0.0
596.4395488070959	2.0	trials	1.0	1.0	1.0	0.0	10000.0	1.0	False	0.0	0.0	0.0	"[nan nan nan nan nan nan nan nan nan nan nan nan nan nan nan nan nan nan
 nan nan]"	0.0	0.0	0.0
605.5407820721429	2.0	trials	1.0	1.0	1.0	0.0	10000.0	1.0	False	0.0	0.0	0.0	"[nan nan nan nan nan nan nan nan nan nan nan nan nan nan nan nan nan nan
 nan nan]"	0.0	0.0	0.0
615.8789218231911	2.0	trials	1.0	1.0	1.0	0.0	10000.0	1.0	False	0.0	0.0	0.0	"[nan nan nan nan nan nan nan nan nan nan nan nan nan nan nan nan nan nan
 nan nan]"	0.0	0.0	0.0
623.00694536993	2.0	trials	1.0	1.0	1.0	0.0	10000.0	1.0	False	0.0	0.0	0.0	"[nan nan nan nan nan nan nan nan nan nan nan nan nan nan nan nan nan nan
 nan nan]"	0.0	0.0	0.0
633.7782961520492	2.0	trials	1.0	1.0	1.0	0.0	10000.0	1.0	False	0.0	0.0	0.0	"[nan nan nan nan nan nan nan nan nan nan nan nan nan nan nan nan nan nan
 nan nan]"	0.0	0.0	0.0
642.8253564381408	2.0	trials	1.0	1.0	1.0	0.0	10000.0	1.0	False	0.0	0.0	0.0	"[nan nan nan nan nan nan nan nan nan nan nan nan nan nan nan nan nan nan
 nan nan]"	0.0	0.0	0.0
651.275649952871	2.0	trials	1.0	1.0	1.0	0.0	10000.0	1.0	False	0.0	0.0	0.0	"[nan nan nan nan nan nan nan nan nan nan nan nan nan nan nan nan nan nan
 nan nan]"	0.0	0.0	0.0
659.0017362752527	2.0	trials	1.0	1.0	1.0	0.0	10000.0	1.0	False	0.0	0.0	0.0	"[nan nan nan nan nan nan nan nan nan nan nan nan nan nan nan nan nan nan
 nan nan]"	0.0	0.0	0.0
668.7756821625409	2.0	trials	1.0	1.0	1.0	0.0	10000.0	1.0	False	0.0	0.0	0.0	"[nan nan nan nan nan nan nan nan nan nan nan nan nan nan nan nan nan nan
 nan nan]"	0.0	0.0	0.0
679.0713993734505	2.0	trials	1.0	1.0	1.0	0.0	10000.0	1.0	False	0.0	0.0	0.0	"[nan nan nan nan nan nan nan nan nan nan nan nan nan nan nan nan nan nan
 nan nan]"	0.0	0.0	0.0
689.1000533021422	2.0	trials	1.0	1.0	1.0	0.0	10000.0	1.0	False	0.0	0.0	0.0	"[nan nan nan nan nan nan nan nan nan nan nan nan nan nan nan nan nan nan
 nan nan]"	0.0	0.0	0.0
697.4795849831175	2.0	trials	1.0	1.0	1.0	0.0	10000.0	1.0	False	0.0	0.0	0.0	"[nan nan nan nan nan nan nan nan nan nan nan nan nan nan nan nan nan nan
 nan nan]"	0.0	0.0	0.0
706.3776911771538	2.0	trials	1.0	1.0	1.0	0.0	10000.0	1.0	False	0.0	0.0	0.0	"[nan nan nan nan nan nan nan nan nan nan nan nan nan nan nan nan nan nan
 nan nan]"	0.0	0.0	0.0
716.9619853413495	2.0	trials	1.0	1.0	1.0	0.0	10000.0	1.0	False	0.0	0.0	0.0	"[nan nan nan nan nan nan nan nan nan nan nan nan nan nan nan nan nan nan
 nan nan]"	0.0	0.0	0.0
727.6421838223557	2.0	trials	1.0	1.0	1.0	0.0	10000.0	1.0	False	0.0	0.0	0.0	"[nan nan nan nan nan nan nan nan nan nan nan nan nan nan nan nan nan nan
 nan nan]"	0.0	0.0	0.0
734.2361672049444	2.0	trials	1.0	1.0	1.0	0.0	10000.0	1.0	False	0.0	0.0	0.0	"[nan nan nan nan nan nan nan nan nan nan nan nan nan nan nan nan nan nan
 nan nan]"	0.0	0.0	0.0
776.2451091774354	2.0	trials	2.0	1.0	1.0	0.0	10000.0	1.0	True	40.0	0.0	0.005	"[8992430.4199971  8992719.42095179 8993009.42190978 8993299.42286776
 8993588.42382245 8993878.42478044 8994167.42573512 8994458.42669642
 8994747.4276511  8995037.42860909 8995327.42956708 8995616.43052176
 8995906.43147975 8996195.43243443 8996485.43339242 8996774.43434711
 8997065.4353084  8997354.43626308 8997644.43722107 8997932.43817245]"	0.0	0.0	0.0
786.829316941346	2.0	trials	2.0	1.0	1.0	0.0	10000.0	1.0	True	40.0	0.0	0.005	"[9114931.8246679  9115221.82562589 9115511.82658388 9115800.82753856
 9116090.82849655 9116379.82945124 9116669.83040923 9116959.83136722
 9117249.8323252  9117538.83327989 9117828.83423788 9118118.83519587
 9118407.83615055 9118697.83710854 9118986.83806322 9119276.83902121
 9119565.8399759  9119855.84093388 9120144.84188857 9120435.84284986]"	0.0	0.0	0.0
795.3921036276864	2.0	trials	2.0	1.0	1.0	0.0	10000.0	1.0	True	40.0	0.0	0.005	"[9214038.15205547 9214328.15301346 9214618.15397145 9214907.15492613
 9215197.15588412 9215487.15684211 9215776.15779679 9216066.15875478
 9216355.15970947 9216645.16066745 9216934.16162214 9217224.16258013
 9217515.16354142 9217804.16449611 9218093.16545079 9218383.16640878
 9218673.16736677 9218962.16832145 9219252.16927944 9219541.17023413]"	0.0	0.0	0.0
803.569113039649	2.0	trials	2.0	1.0	1.0	0.0	10000.0	1.0	True	40.0	0.0	0.005	"[9308679.46469332 9308970.46565461 9309259.4666093  9309549.46756728
 9309839.46852527 9310128.46947996 9310418.47043795 9310708.47139593
 9310997.47235062 9311286.4733053  9311577.4742666  9311866.47522128
 9312156.47617927 9312446.47713726 9312735.47809194 9313024.47904663
 9313314.48000462 9313604.4809626  9313893.48191729 9314183.48287528]"	0.0	0.0	0.0
811.6939366792207	2.0	trials	2.0	1.0	1.0	0.0	10000.0	1.0	True	40.0	0.0	0.005	"[9402716.77533591 9403005.77629059 9403295.77724858 9403585.77820657
 9403876.77916786 9404164.78011925 9404453.78107393 9404743.78203192
 9405032.7829866  9405323.7839479  9405612.78490258 9405902.78586057
 9406191.78681525 9406481.78777324 9406771.78873123 9407060.78968591
 9407350.7906439  9407640.79160189 9407930.79255988 9408219.79351456]"	0.0	0.0	0.0
821.5808941398318	2.0	trials	2.0	1.0	1.0	0.0	10000.0	1.0	True	40.0	0.0	0.005	"[9517150.15335481 9517439.1543095  9517729.15526749 9518018.15622217
 9518309.15718346 9518597.15813484 9518888.15909614 9519177.16005082
 9519467.16100881 9519756.1619635  9520046.16292148 9520335.16387617
 9520625.16483416 9520915.16579214 9521205.16675013 9521495.16770812
 9521783.1686595  9522074.1696208  9522363.17057548 9522652.17153016]"	0.0	0.0	0.0
829.2794187711661	2.0	trials	2.0	1.0	1.0	0.0	10000.0	1.0	True	40.0	0.0	0.005	"[9606252.44769509 9606542.44865307 9606831.44960776 9607122.45056905
 9607410.45152043 9607701.45248172 9607990.45343641 9608280.4543944
 9608568.45534578 9608860.45631037 9609149.45726506 9609439.45822305
 9609728.45917773 9610018.46013572 9610308.46109371 9610596.46204509
 9610886.46300308 9611176.46396107 9611466.46491905 9611755.46587374]"	0.0	0.0	0.0
839.0832591572079	2.0	trials	2.0	1.0	1.0	0.0	10000.0	1.0	True	40.0	0.0	0.005	"[9719722.82253281 9720011.82348749 9720301.82444548 9720591.82540347
 9720881.82636146 9721170.82731614 9721460.82827413 9721750.82923212
 9722040.83019011 9722329.83114479 9722619.83210278 9722908.83305746
 9723198.83401545 9723488.83497344 9723777.83592813 9724067.83688612
 9724356.8378408  9724647.83880209 9724936.83975678 9725226.84071477]"	0.0	0.0	0.0
846.53778938253	2.0	trials	2.0	1.0	1.0	0.0	10000.0	1.0	True	40.0	0.0	0.005	"[9806002.10754756 9806292.10850555 9806583.10946684 9806873.11042482
 9807162.11137951 9807451.1123342  9807741.11329218 9808031.11425017
 9808319.11520155 9808609.11615954 9808900.11712083 9809189.11807552
 9809479.11903351 9809768.11998819 9810058.12094618 9810348.12190417
 9810637.12285885 9810927.12381684 9811217.12477483 9811506.12572951]"	0.0	0.0	0.0
856.4077259869142	2.0	trials	2.0	1.0	1.0	0.0	10000.0	1.0	True	40.0	0.0	0.005	"[9920238.48491569 9920528.48587368 9920816.48682506 9921107.48778635
 9921397.48874434 9921685.48969572 9921975.49065371 9922265.4916117
 9922554.49256638 9922845.49352767 9923134.49448236 9923423.49543704
 9923713.49639503 9924003.49735302 9924293.49831101 9924582.49926569
 9924872.50022368 9925161.50117837 9925452.50213966 9925741.50309434]"	0.0	0.0	0.0
864.379880322158	2.0	trials	2.0	1.0	1.0	0.0	10000.0	1.0	True	40.0	0.0	0.005	"[10012508.78972116 10012797.79067584 10013087.79163383 10013376.79258852
 10013667.79354981 10013956.79450449 10014246.79546248 10014535.79641717
 10014825.79737515 10015115.79833314 10015404.79928783 10015694.80024582
 10015984.8012038  10016273.80215849 10016563.80311648 10016852.80407116
 10017143.80503245 10017432.80598714 10017721.80694182 10018011.80789981]"	0.0	0.0	0.0
872.0776273509233	2.0	trials	2.0	1.0	1.0	0.0	10000.0	1.0	True	40.0	0.0	0.005	"[10101602.0840317  10101892.08498969 10102182.08594768 10102471.08690236
 10102761.08786035 10103050.08881503 10103340.08977302 10103629.09072771
 10103920.091689   10104209.09264368 10104499.09360167 10104788.09455636
 10105078.09551435 10105367.09646903 10105657.09742702 10105947.09838501
 10106236.09933969 10106527.10030098 10106815.10125237 10107105.10221035]"	0.0	0.0	0.0
882.355891704179	2.0	trials	2.0	1.0	1.0	0.0	10000.0	1.0	True	40.0	0.0	0.005	"[10220564.47701174 10220853.47796642 10221142.47892111 10221432.4798791
 10221722.48083708 10222011.48179177 10222301.48274976 10222590.48370444
 10222880.48466243 10223171.48562372 10223459.4865751  10223750.48753639
 10224039.48849108 10224328.48944576 10224618.49040375 10224908.49136174
 10225197.49231643 10225488.49327772 10225777.4942324  10226066.49518709]"	0.0	0.0	0.0
893.227985219092	2.0	trials	2.0	1.0	1.0	0.0	10000.0	1.0	True	40.0	0.0	0.005	"[10346398.8926928  10346687.89364748 10346976.89460217 10347266.89556015
 10347556.89651814 10347846.89747613 10348135.89843082 10348425.89938881
 10348714.90034349 10349004.90130148 10349294.90225947 10349584.90321746
 10349873.90417214 10350162.90512682 10350452.90608481 10350742.9070428
 10351032.90800079 10351321.90895547 10351610.90991016 10351900.91086815]"	0.0	0.0	0.0
900.5480766003084	2.0	trials	2.0	1.0	1.0	0.0	10000.0	1.0	True	40.0	0.0	0.005	"[10431121.17256414 10431411.17352213 10431701.17448012 10431990.1754348
 10432280.17639279 10432569.17734748 10432859.17830546 10433149.17926345
 10433438.18021814 10433728.18117613 10434019.18213742 10434307.1830888
 10434597.18404679 10434887.18500478 10435177.18596276 10435466.18691745
 10435756.18787544 10436046.18883342 10436335.18978811 10436625.1907461 ]"	0.0	0.0	0.0
908.1284920414804	2.0	trials	2.0	1.0	1.0	0.0	10000.0	1.0	True	40.0	0.0	0.005	"[10518858.46239526 10519148.46335325 10519437.46430793 10519726.46526262
 10520017.46622391 10520306.46717859 10520596.46813658 10520885.46909127
 10521174.47004595 10521464.47100394 10521753.47195863 10522044.47291992
 10522333.4738746  10522623.47483259 10522913.47579058 10523202.47674527
 10523492.47770325 10523782.47866124 10524071.47961593 10524361.48057391]"	0.0	0.0	0.0
918.4461549248854	2.0	trials	2.0	1.0	1.0	0.0	10000.0	1.0	True	40.0	0.0	0.005	"[10638274.85687505 10638565.85783634 10638854.85879102 10639143.85974571
 10639433.8607037  10639724.86166499 10640013.86261967 10640303.86357766
 10640592.86453235 10640881.86548703 10641171.86644502 10641461.86740301
 10641750.86835769 10642040.86931568 10642329.87027037 10642619.87122835
 10642909.87218634 10643199.87314433 10643489.87410232 10643779.87506031]"	0.0	0.0	0.0
927.0258760671672	2.0	trials	2.0	1.0	1.0	0.0	10000.0	1.0	True	40.0	0.0	0.005	"[10737578.18491338 10737867.18586807 10738157.18682606 10738446.18778074
 10738736.18873873 10739026.18969672 10739315.1906514  10739605.19160939
 10739894.19256408 10740185.19352537 10740474.19448005 10740764.19543804
 10741053.19639273 10741343.19735071 10741633.1983087  10741922.19926339
 10742212.20022138 10742502.20117937 10742791.20213405 10743081.20309204]"	0.0	0.0	0.0
933.590742553571	2.0	trials	2.0	1.0	1.0	0.0	10000.0	1.0	True	40.0	0.0	0.005	"[10813560.43591294 10813850.43687093 10814139.43782561 10814429.4387836
 10814719.43974159 10815008.44069627 10815297.44165096 10815587.44260895
 10815876.44356363 10816166.44452162 10816456.44547961 10816745.4464343
 10817035.44739228 10817325.44835027 10817615.44930826 10817904.45026295
 10818194.45122094 10818483.45217562 10818773.45313361 10819062.45408829]"	0.0	0.0	0.0
940.4367555687152	2.0	trials	2.0	1.0	1.0	0.0	10000.0	1.0	True	40.0	0.0	0.005	"[10892796.69766179 10893086.69861978 10893375.69957446 10893665.70053245
 10893954.70148714 10894243.70244182 10894534.70340311 10894823.7043578
 10895114.70531909 10895403.70627377 10895692.70722846 10895982.70818645
 10896271.70914113 10896561.71009912 10896851.71105711 10897139.71200849
 10897430.71296978 10897719.71392447 10898009.71488246 10898298.71583714]"	0.0	0.0	0.0
950.5944051235315	2.0	trials	2.0	1.0	1.0	0.0	10000.0	1.0	True	40.0	0.0	0.005	"[11010362.08602697 11010651.08698165 11010941.08793964 11011230.08889432
 11011520.08985231 11011810.0908103  11012099.09176498 11012389.09272297
 11012679.09368096 11012968.09463565 11013258.09559363 11013548.09655162
 11013838.09750961 11014127.0984643  11014417.09942229 11014706.10037697
 11014996.10133496 11015285.10228965 11015575.10324763 11015865.10420562]"	0.0	0.0	0.0
958.4786039682225	2.0	trials	2.0	1.0	1.0	0.0	10000.0	1.0	True	40.0	0.0	0.005	"[11101613.38746626 11101903.38842425 11102192.38937894 11102482.39033692
 11102772.39129491 11103062.3922529  11103351.39320758 11103641.39416557
 11103930.39512026 11104221.39608155 11104510.39703623 11104800.39799422
 11105089.39894891 11105378.39990359 11105669.40086489 11105958.40181957
 11106248.40277756 11106537.40373224 11106827.40469023 11107117.40564822]"	0.0	0.0	0.0
965.0845105901984	2.0	trials	2.0	1.0	1.0	0.0	10000.0	1.0	True	40.0	0.0	0.005	"[11178070.64003494 11178360.64099292 11178650.64195091 11178939.6429056
 11179229.64386359 11179519.64482157 11179808.64577626 11180098.64673425
 11180387.64768893 11180677.64864692 11180966.64960161 11181257.6505629
 11181547.65152089 11181835.65247227 11182125.65343026 11182415.65438825
 11182705.65534624 11182994.65630092 11183285.65726221 11183574.6582169 ]"	0.0	0.0	0.0
974.1031451823884	2.0	trials	2.0	1.0	1.0	0.0	10000.0	1.0	True	40.0	0.0	0.005	"[11282453.98485459 11282743.98581258 11283031.98676396 11283322.98772525
 11283611.98867994 11283901.98963792 11284191.99059591 11284480.9915506
 11284770.99250858 11285059.99346327 11285349.99442126 11285639.99537925
 11285928.99633393 11286218.99729192 11286508.99824991 11286797.99920459
 11287089.00016589 11287378.00112057 11287667.00207525 11287957.00303324]"	0.0	0.0	0.0
982.8445212586821	2.0	trials	2.0	1.0	1.0	0.0	10000.0	1.0	True	40.0	0.0	0.005	"[11383627.3190703  11383917.32002829 11384207.32098628 11384496.32194096
 11384785.32289565 11385075.32385364 11385365.32481162 11385654.32576631
 11385944.3267243  11386234.32768228 11386523.32863697 11386813.32959496
 11387102.33054964 11387391.33150433 11387682.33246562 11387972.33342361
 11388262.3343816  11388551.33533628 11388840.33629097 11389130.33724895]"	0.0	0.0	0.0
991.22042412767	2.0	trials	2.0	1.0	1.0	0.0	10000.0	1.0	True	40.0	0.0	0.005	"[11480570.6393126  11480859.64026728 11481149.64122527 11481439.64218326
 11481728.64313794 11482018.64409593 11482307.64505062 11482597.6460086
 11482887.64696659 11483177.64792458 11483466.64887926 11483756.64983725
 11484045.65079194 11484336.65175323 11484625.65270792 11484915.6536659
 11485204.65462059 11485494.65557858 11485783.65653326 11486073.65749125]"	0.0	0.0	0.0
1001.3245055055289	2.0	trials	2.0	1.0	1.0	0.0	10000.0	1.0	True	40.0	0.0	0.005	"[11597515.02562636 11597805.02658435 11598095.02754233 11598384.02849702
 11598674.02945501 11598963.03040969 11599253.03136768 11599543.03232567
 11599832.03328035 11600122.03423834 11600412.03519633 11600701.03615101
 11600991.037109   11601280.03806369 11601570.03902167 11601860.03997966
 11602149.04093435 11602439.04189234 11602729.04285032 11603018.04380501]"	0.0	0.0	0.0
1012.394801275184	2.0	trials	2.0	1.0	1.0	0.0	10000.0	1.0	True	40.0	0.0	0.005	"[11725643.44888543 11725934.44984673 11726223.45080141 11726512.45175609
 11726802.45271408 11727091.45366877 11727381.45462676 11727671.45558475
 11727961.45654273 11728250.45749742 11728540.45845541 11728829.45941009
 11729119.46036808 11729409.46132607 11729698.46228075 11729987.46323544
 11730277.46419343 11730566.46514811 11730856.4661061  11731147.46706739]"	0.0	0.0	0.0
1021.1488781934335	2.0	trials	2.0	1.0	1.0	0.0	10000.0	1.0	True	40.0	0.0	0.005	"[11826964.78359005 11827253.78454473 11827542.78549942 11827833.78646071
 11828121.78741209 11828412.78837338 11828702.78933137 11828991.79028606
 11829281.79124404 11829571.79220203 11829860.79315672 11830149.7941114
 11830439.79506939 11830729.79602738 11831019.79698537 11831308.79794005
 11831598.79889804 11831887.79985273 11832177.80081072 11832467.80176871]"	0.0	0.0	0.0
1031.6910954186324	2.0	trials	2.0	1.0	1.0	0.0	10000.0	1.0	True	40.0	0.0	0.005	"[11948980.1866554  11949270.18761338 11949560.18857137 11949850.18952936
 11950140.19048735 11950429.19144203 11950718.19239672 11951007.1933514
 11951297.19430939 11951587.19526738 11951877.19622537 11952166.19718005
 11952456.19813804 11952746.19909603 11953036.20005402 11953324.2010054
 11953615.20196669 11953904.20292138 11954194.20387936 11954483.20483405]"	0.0	0.0	0.0
1038.3393381804615	2.0	trials	2.0	1.0	1.0	0.0	10000.0	1.0	True	40.0	0.0	0.005	"[12025927.44084274 12026217.44180073 12026507.44275872 12026797.44371671
 12027086.44467139 12027376.44562938 12027665.44658406 12027954.44753875
 12028244.44849674 12028534.44945472 12028824.45041271 12029113.4513674
 12029403.45232539 12029693.45328338 12029982.45423806 12030272.45519605
 12030561.45615073 12030852.45711203 12031140.45806341 12031431.4590247 ]"	0.0	0.0	0.0
1049.4033267292812	2.0	trials	2.0	1.0	1.0	0.0	10000.0	1.0	True	40.0	0.0	0.005	"[12153983.86386397 12154272.86481866 12154562.86577665 12154852.86673464
 12155142.86769262 12155431.86864731 12155721.8696053  12156011.87056328
 12156300.87151797 12156589.87247266 12156880.87343394 12157170.87439193
 12157459.87534662 12157749.87630461 12158038.87725929 12158327.87821398
 12158617.87917197 12158906.88012665 12159196.88108464 12159487.88204593]"	0.0	0.0	0.0
1057.1210322239776	2.0	trials	2.0	1.0	1.0	0.0	10000.0	1.0	True	40.0	0.0	0.005	"[12243308.1589376  12243597.15989229 12243887.16085027 12244178.16181157
 12244467.16276625 12244756.16372093 12245046.16467893 12245336.16563691
 12245626.1665949  12245915.16754959 12246204.16850427 12246494.16946226
 12246784.17042025 12247073.17137493 12247363.17233292 12247653.17329091
 12247943.1742489  12248232.17520358 12248521.17615827 12248811.17711625]"	0.0	0.0	0.0
1067.6569422283408	2.0	trials	2.0	1.0	1.0	0.0	10000.0	1.0	True	40.0	0.0	0.005	"[12365251.5617651  12365542.56272639 12365832.56368438 12366121.56463907
 12366410.56559375 12366701.56655504 12366989.56750643 12367280.56846771
 12367569.5694224  12367859.57038039 12368148.57133507 12368438.57229306
 12368728.57325105 12369018.57420904 12369306.57516042 12369597.57612171
 12369886.57707639 12370175.57803108 12370466.57899237 12370756.57995036]"	0.0	0.0	0.0
1077.6995066029845	2.0	trials	2.0	1.0	1.0	0.0	10000.0	1.0	True	40.0	0.0	0.005	"[12481484.94573014 12481774.94668812 12482064.94764611 12482354.9486041
 12482644.94956209 12482933.95051677 12483223.95147477 12483512.95242945
 12483802.95338744 12484091.95434212 12484381.95530011 12484671.9562581
 12484961.95721609 12485251.95817407 12485540.95912876 12485830.96008675
 12486118.96103813 12486409.96199942 12486698.96295411 12486988.96391209]"	0.0	0.0	0.0
1084.2037200890268	2.0	trials	2.0	1.0	1.0	0.0	10000.0	1.0	True	40.0	0.0	0.005	"[12556766.194414   12557056.19537199 12557345.19632668 12557634.19728136
 12557925.19824265 12558213.19919404 12558503.20015202 12558794.20111332
 12559083.202068   12559373.20302599 12559662.20398067 12559951.20493536
 12560241.20589335 12560531.20685134 12560820.20780602 12561111.20876731
 12561400.209722   12561690.21067999 12561979.21163467 12562269.21259266]"	0.0	0.0	0.0
1094.448374731256	2.0	trials	2.0	1.0	1.0	0.0	10000.0	1.0	True	40.0	0.0	0.005	"[12675337.58610241 12675627.5870604  12675917.58801839 12676207.58897638
 12676496.58993106 12676786.59088905 12677075.59184374 12677365.59280172
 12677654.59375641 12677944.5947144  12678234.59567238 12678524.59663037
 12678813.59758506 12679102.59853974 12679392.59949773 12679682.60045572
 12679972.60141371 12680260.60236509 12680551.60332638 12680841.60428437]"	0.0	0.0	0.0
1105.0956547035194	2.0	trials	2.0	1.0	1.0	0.0	10000.0	1.0	True	40.0	0.0	0.005	"[12798570.99319131 12798859.99414599 12799148.99510068 12799438.99605867
 12799727.99701335 12800018.99797464 12800306.99892602 12800596.99988401
 12800888.0008453  12801177.00179999 12801466.00275467 12801756.00371266
 12802046.00467065 12802335.00562533 12802625.00658332 12802914.00753801
 12803205.0084993  12803494.00945399 12803784.01041197 12804073.01136666]"	0.0	0.0	0.0
1114.2764626314336	2.0	trials	2.0	1.0	1.0	0.0	10000.0	1.0	True	40.0	0.0	0.005	"[12904830.34420815 12905119.34516284 12905409.34612082 12905698.34707551
 12905988.3480335  12906278.34899149 12906567.34994617 12906856.35090086
 12907146.35185884 12907436.35281683 12907726.35377482 12908015.35472951
 12908304.35568419 12908595.35664548 12908884.35760017 12909174.35855816
 12909464.35951614 12909753.36047083 12910043.36142882 12910332.3623835 ]"	0.0	0.0	0.0
1121.9816400847446	2.0	trials	2.0	1.0	1.0	0.0	10000.0	1.0	True	40.0	0.0	0.005	"[12994010.63880609 12994299.63976077 12994589.64071876 12994878.64167345
 12995169.64263474 12995458.64358942 12995748.64454741 12996036.64549879
 12996327.64646009 12996617.64741807 12996907.64837606 12997196.64933075
 12997485.65028543 12997775.65124342 12998065.65220141 12998354.6531561
 12998644.65411408 12998933.65506877 12999224.65603006 12999513.65698474]"	0.0	0.0	0.0
1131.3063908881602	2.0	trials	2.0	1.0	1.0	0.0	10000.0	1.0	True	40.0	0.0	0.005	"[13101934.99532311 13102224.9962811  13102513.99723578 13102803.99819377
 13103093.99915176 13103383.00010644 13103673.00106443 13103963.00202242
 13104253.00298041 13104542.00393509 13104832.00489308 13105122.00585107
 13105411.00680576 13105701.00776374 13105990.00871843 13106279.00967311
 13106570.01063441 13106859.01158909 13107149.01254708 13107438.01350176]"	0.0	0.0	0.0
1140.4603283273102	2.0	trials	2.0	1.0	1.0	0.0	10000.0	1.0	True	40.0	0.0	0.005	"[13207884.3453159  13208174.34627389 13208463.34722857 13208752.34818326
 13209042.34914124 13209332.35009923 13209621.35105392 13209911.3520119
 13210201.35296989 13210491.35392788 13210780.35488257 13211070.35584055
 13211360.35679855 13211649.35775323 13211938.35870791 13212228.3596659
 13212518.36062389 13212808.36158188 13213098.36253987 13213386.36349125]"	0.0	0.0	0.0
1147.6362176321688	2.0	trials	2.0	1.0	1.0	0.0	10000.0	1.0	True	40.0	0.0	0.005	"[13290937.61967385 13291227.62063184 13291516.62158653 13291807.62254782
 13292096.6235025  13292386.62446049 13292676.62541848 13292964.62636986
 13293254.62732785 13293545.62828914 13293833.62924052 13294124.63020182
 13294413.6311565  13294704.63211779 13294992.63306917 13295282.63402716
 13295572.63498515 13295862.63594314 13296151.63689782 13296440.63785251]"	0.0	0.0	0.0
1157.2726142650765	2.0	trials	2.0	1.0	1.0	0.0	10000.0	1.0	True	40.0	0.0	0.005	"[13402469.98810957 13402759.98906756 13403049.99002555 13403338.99098023
 13403629.99194152 13403917.9928929  13404208.99385419 13404498.99481218
 13404786.99576357 13405076.99672155 13405366.99767954 13405656.99863753
 13405945.99959221 13406236.0005502  13406526.00150819 13406815.00246288
 13407105.00342087 13407395.00437886 13407685.00533684 13407974.00629153]"	0.0	0.0	0.0
1165.0425919324489	2.0	trials	2.0	1.0	1.0	0.0	10000.0	1.0	True	40.0	0.0	0.005	"[13492401.28518837 13492691.28614636 13492979.28709773 13493269.28805572
 13493559.28901371 13493849.2899717  13494139.29092969 13494428.29188438
 13494718.29284236 13495007.29379705 13495297.29475504 13495587.29571302
 13495877.29667101 13496165.29762239 13496456.29858368 13496746.29954168
 13497034.30049306 13497324.30145104 13497615.30241234 13497904.30336702]"	0.0	0.0	0.0
1172.5124150082897	2.0	trials	2.0	1.0	1.0	0.0	10000.0	1.0	True	40.0	0.0	0.005	"[13578856.57078452 13579146.57174251 13579436.57270049 13579726.57365848
 13580015.57461317 13580305.57557116 13580595.57652914 13580884.57748383
 13581173.57843851 13581463.5793965  13581753.58035449 13582042.58130918
 13582332.58226717 13582622.58322515 13582912.58418314 13583202.58514113
 13583491.58609581 13583780.5870505  13584070.58800849 13584360.58896647]"	0.0	0.0	0.0
1181.296472825578	2.0	trials	2.0	1.0	1.0	0.0	10000.0	1.0	True	40.0	0.0	0.005	"[13680523.90663211 13680813.9075901  13681102.90854478 13681392.90950277
 13681682.91046076 13681972.91141875 13682261.91237343 13682550.91332812
 13682840.91428611 13683130.9152441  13683419.91619878 13683709.91715677
 13683999.91811476 13684289.91907275 13684579.92003074 13684868.92098542
 13685157.92194011 13685448.9229014  13685737.92385608 13686027.92481407]"	0.0	0.0	0.0
1190.4606918986924	2.0	trials	2.0	1.0	1.0	0.0	10000.0	1.0	True	40.0	0.0	0.005	"[13786591.2570147  13786881.25797269 13787171.25893068 13787460.25988536
 13787750.26084335 13788040.26180134 13788329.26275603 13788619.26371402
 13788908.2646687  13789198.26562669 13789488.26658468 13789777.26753936
 13790067.26849735 13790357.26945534 13790646.27041002 13790936.27136801
 13791225.2723227  13791515.27328068 13791804.27423537 13792095.27519666]"	0.0	0.0	0.0
1198.58879874911	2.0	trials	2.0	1.0	1.0	0.0	10000.0	1.0	True	40.0	0.0	0.005	"[13880667.56778613 13880957.56874411 13881246.5696988  13881536.57065679
 13881826.57161478 13882114.57256616 13882405.57352745 13882695.57448544
 13882984.57544012 13883273.57639481 13883563.5773528  13883853.57831079
 13884142.57926547 13884432.58022346 13884721.58117814 13885011.58213613
 13885300.58309082 13885591.58405211 13885881.5850101  13886170.58596478]"	0.0	0.0	0.0
1206.214574340125	2.0	trials	2.0	1.0	1.0	0.0	10000.0	1.0	True	40.0	0.0	0.005	"[13968928.85934823 13969218.86030622 13969508.86126421 13969797.86221889
 13970086.86317358 13970376.86413157 13970665.86508625 13970956.86604754
 13971246.86700553 13971534.86795691 13971824.8689149  13972114.86987289
 13972404.87083088 13972693.87178556 13972984.87274685 13973272.87369824
 13973563.87465953 13973852.87561421 13974142.8765722  13974431.87752688]"	0.0	0.0	0.0
1215.5989413404768	2.0	trials	2.0	1.0	1.0	0.0	10000.0	1.0	True	40.0	0.0	0.005	"[14077543.2181446  14077832.21909929 14078122.22005728 14078413.22101857
 14078702.22197325 14078992.22293124 14079281.22388593 14079570.22484061
 14079861.2258019  14080150.22675659 14080440.22771458 14080729.22866926
 14081019.22962725 14081308.23058193 14081598.23153992 14081888.23249791
 14082178.2334559  14082467.23441059 14082757.23536857 14083047.23632656]"	0.0	0.0	0.0
1224.202249760677	2.0	trials	2.0	1.0	1.0	0.0	10000.0	1.0	True	40.0	0.0	0.005	"[14177119.54708477 14177408.54803946 14177697.54899414 14177988.54995543
 14178277.55091012 14178567.55186811 14178856.55282279 14179145.55377747
 14179436.55473877 14179725.55569345 14180014.55664814 14180304.55760613
 14180594.55856412 14180884.5595221  14181173.56047679 14181462.56143147
 14181753.56239277 14182042.56334745 14182332.56430544 14182621.56526012]"	0.0	0.0	0.0
1233.4907124442184	2.0	trials	2.0	1.0	1.0	0.0	10000.0	1.0	True	40.0	0.0	0.005	"[14284624.90221766 14284914.90317565 14285203.90413034 14285492.90508502
 14285782.90604301 14286072.907001   14286361.90795568 14286652.90891698
 14286941.90987166 14287231.91082965 14287521.91178764 14287809.91273902
 14288099.91369701 14288390.9146583  14288678.91560968 14288969.91657097
 14289258.91752566 14289547.91848034 14289838.91944163 14290127.92039632]"	0.0	0.0	0.0
1242.67100197042	2.0	trials	2.0	1.0	1.0	0.0	10000.0	1.0	True	40.0	0.0	0.005	"[14390878.25321469 14391168.25417268 14391457.25512736 14391746.25608205
 14392036.25704003 14392326.25799802 14392615.25895271 14392905.2599107
 14393195.26086869 14393485.26182667 14393775.26278466 14394064.26373935
 14394354.26469733 14394644.26565532 14394933.26661001 14395222.26756469
 14395512.26852268 14395802.26948067 14396091.27043535 14396381.27139334]"	0.0	0.0	0.0
1251.0952025989548	2.0	trials	2.0	1.0	1.0	0.0	10000.0	1.0	True	40.0	0.0	0.005	"[14488379.57530029 14488669.57625827 14488959.57721626 14489248.57817095
 14489538.57912893 14489828.58008692 14490118.58104491 14490407.58199959
 14490696.58295428 14490986.58391227 14491277.58487356 14491566.58582825
 14491856.58678623 14492145.58774092 14492434.5886956  14492725.5896569
 14493015.59061489 14493303.59156627 14493593.59252425 14493882.59347894]"	0.0	0.0	0.0
1258.5777265167515	2.0	trials	2.0	1.0	1.0	0.0	10000.0	1.0	True	40.0	0.0	0.005	"[14574982.86138534 14575271.86234002 14575562.86330131 14575851.864256
 14576140.86521069 14576431.86617198 14576720.86712666 14577009.86808135
 14577300.86904264 14577589.86999732 14577879.87095531 14578168.87191
 14578458.87286799 14578748.87382597 14579037.87478066 14579326.87573534
 14579617.87669664 14579906.87765132 14580195.87860601 14580485.87956399]"	0.0	0.0	0.0
1267.9612295142492	2.0	trials	2.0	1.0	1.0	0.0	10000.0	1.0	True	40.0	0.0	0.005	"[14683588.22015198 14683878.22110997 14684167.22206465 14684457.22302264
 14684746.22397733 14685037.22493862 14685326.2258933  14685615.22684799
 14685905.22780598 14686194.22876066 14686484.22971865 14686774.23067664
 14687064.23163463 14687354.23259261 14687643.2335473  14687932.23450199
 14688223.23546327 14688512.23641796 14688801.23737265 14689091.23833063]"	0.0	0.0	0.0
1275.7204071459446	2.0	trials	2.0	1.0	1.0	0.0	10000.0	1.0	True	40.0	0.0	0.005	"[14773393.51681455 14773684.51777584 14773973.51873052 14774263.51968851
 14774553.5206465  14774842.52160118 14775132.52255917 14775421.52351386
 14775711.52447185 14776000.52542653 14776290.52638452 14776580.52734251
 14776869.5282972  14777159.52925518 14777448.53020987 14777738.53116786
 14778028.53212584 14778318.53308383 14778608.53404182 14778897.5349965 ]"	0.0	0.0	0.0
1284.677265534063	2.0	trials	2.0	1.0	1.0	0.0	10000.0	1.0	True	40.0	0.0	0.005	"[14877061.85927226 14877350.86022695 14877640.86118494 14877929.86213962
 14878219.86309761 14878509.8640556  14878798.86501028 14879087.86596497
 14879378.86692626 14879667.86788094 14879957.86883893 14880247.86979692
 14880536.87075161 14880825.87170629 14881115.87266428 14881405.87362227
 14881694.87457695 14881984.87553494 14882274.87649293 14882563.87744761]"	0.0	0.0	0.0
1295.429349052535	2.0	trials	2.0	1.0	1.0	0.0	10000.0	1.0	True	40.0	0.0	0.005	"[15001507.27036489 15001796.27131958 15002086.27227756 15002377.27323885
 15002666.27419354 15002956.27515152 15003245.27610621 15003535.2770642
 15003824.27801888 15004114.27897687 15004404.27993486 15004693.28088954
 15004983.28184753 15005273.28280552 15005562.28376021 15005852.28471819
 15006141.28567288 15006431.28663087 15006721.28758886 15007011.28854684]"	0.0	0.0	0.0
1302.4938683894936	2.0	trials	2.0	1.0	1.0	0.0	10000.0	1.0	True	40.0	0.0	0.005	"[15083272.54046805 15083561.54142274 15083851.54238073 15084140.54333541
 15084431.5442967  15084721.54525469 15085010.54620938 15085299.54716406
 15085589.54812205 15085879.54908004 15086168.55003472 15086458.55099271
 15086747.5519474  15087037.55290538 15087327.55386337 15087616.55481806
 15087907.55577935 15088196.55673404 15088486.55769202 15088775.55864671]"	0.0	0.0	0.0
1309.8893872198773	2.0	trials	2.0	1.0	1.0	0.0	10000.0	1.0	True	40.0	0.0	0.005	"[15168868.82322658 15169157.82418126 15169447.82513925 15169736.82609393
 15170026.82705192 15170316.82800991 15170606.8289679  15170895.82992258
 15171185.83088057 15171475.83183856 15171764.83279325 15172054.83375123
 15172344.83470922 15172633.83566391 15172922.83661859 15173213.83757989
 15173502.83853457 15173792.83949256 15174082.84045055 15174371.84140523]"	0.0	0.0	0.0
1320.9775678486135	2.0	trials	2.0	1.0	1.0	0.0	10000.0	1.0	True	40.0	0.0	0.005	"[15297204.24716946 15297494.24812745 15297783.24908213 15298072.25003682
 15298363.25099811 15298652.2519528  15298942.25291078 15299232.25386877
 15299520.25482015 15299811.25578144 15300100.25673613 15300390.25769412
 15300680.25865211 15300969.25960679 15301259.26056478 15301549.26152277
 15301838.26247745 15302127.26343214 15302417.26439012 15302707.26534812]"	0.0	0.0	0.0
1328.9695078492168	2.0	trials	2.0	1.0	1.0	0.0	10000.0	1.0	True	40.0	0.0	0.005	"[15389702.5527281  15389993.5536894  15390282.55464408 15390572.55560207
 15390861.55655675 15391151.55751474 15391441.55847273 15391730.55942742
 15392019.5603821  15392309.56134009 15392599.56229808 15392888.56325276
 15393179.56421406 15393468.56516874 15393757.56612343 15394047.56708141
 15394336.5680361  15394626.56899409 15394916.56995208 15395205.57090676]"	0.0	0.0	0.0
1339.127762206031	2.0	trials	2.0	1.0	1.0	0.0	10000.0	1.0	True	40.0	0.0	0.005	"[15507274.94111641 15507564.9420744  15507854.94303238 15508143.94398707
 15508433.94494506 15508722.94589974 15509012.94685773 15509302.94781572
 15509590.9487671  15509880.94972509 15510170.95068308 15510461.95164437
 15510749.95259575 15511039.95355374 15511329.95451173 15511618.95546641
 15511908.9564244  15512198.95738239 15512488.95834038 15512777.95929506]"	0.0	0.0	0.0
1348.2136162202742	2.0	trials	2.0	1.0	1.0	0.0	10000.0	1.0	True	40.0	0.0	0.005	"[15612436.28850611 15612725.2894608  15613015.29041878 15613305.29137677
 15613594.29233146 15613884.29328944 15614174.29424743 15614463.29520212
 15614753.2961601  15615042.29711479 15615333.29807608 15615621.29902746
 15615911.29998545 15616201.30094344 15616491.30190143 15616780.30285612
 15617070.3038141  15617359.30476879 15617649.30572678 15617940.30668807]"	0.0	0.0	0.0
1354.6501782828368	2.0	trials	2.0	1.0	1.0	0.0	10000.0	1.0	True	40.0	0.0	0.005	"[15686932.5345968  15687222.53555479 15687512.53651278 15687801.53746746
 15688091.53842545 15688381.53938344 15688671.54034143 15688960.54129612
 15689250.5422541  15689540.54321209 15689830.54417008 15690119.54512476
 15690408.54607945 15690698.54703744 15690988.54799543 15691277.54895011
 15691568.5499114  15691856.55086278 15692147.55182408 15692436.55277876]"	0.0	0.0	0.0
1363.9384681658073	2.0	trials	2.0	1.0	1.0	0.0	10000.0	1.0	True	40.0	0.0	0.005	"[15794436.88972639 15794726.89068438 15795015.89163906 15795305.89259705
 15795595.89355504 15795884.89450973 15796173.89546441 15796464.8964257
 15796752.89737708 15797043.89833838 15797333.89929636 15797622.90025105
 15797911.90120574 15798201.90216372 15798490.90311841 15798780.9040764
 15799070.90503438 15799359.90598907 15799650.90695036 15799938.90790174]"	0.0	0.0	0.0
1372.0200052623861	2.0	trials	2.0	1.0	1.0	0.0	10000.0	1.0	True	40.0	0.0	0.005	"[15887973.19871397 15888263.19967196 15888552.20062665 15888843.20158794
 15889131.20253932 15889421.20349731 15889710.20445199 15890001.20541329
 15890289.20636467 15890580.20732596 15890869.20828065 15891159.20923863
 15891448.21019332 15891739.21115461 15892027.21210599 15892317.21306398
 15892607.21402197 15892897.21497996 15893187.21593794 15893476.21689263]"	0.0	0.0	0.0
1378.914488837648	2.0	trials	2.0	1.0	1.0	0.0	10000.0	1.0	True	40.0	0.0	0.005	"[15967769.46231273 15968058.46326742 15968349.4642287  15968639.46518669
 15968927.46613808 15969217.46709606 15969506.46805075 15969796.46900874
 15970087.46997003 15970376.47092471 15970665.4718794  15970955.47283738
 15971245.47379538 15971535.47475336 15971824.47570805 15972113.47666274
 15972403.47762072 15972693.47857871 15972982.4795334  15973272.48049138]"	0.0	0.0	0.0
1387.692412234672	2.0	trials	2.0	1.0	1.0	0.0	10000.0	1.0	True	40.0	0.0	0.005	"[16069366.79792909 16069656.79888707 16069945.79984176 16070234.80079644
 16070525.80175774 16070815.80271572 16071104.80367041 16071394.8046284
 16071683.80558308 16071972.80653777 16072262.80749575 16072552.80845374
 16072841.80940843 16073131.81036642 16073421.81132441 16073711.81228239
 16074001.81324038 16074290.81419507 16074580.81515306 16074869.81610774]"	0.0	0.0	0.0
1395.3913688674334	2.0	trials	2.0	1.0	1.0	0.0	10000.0	1.0	True	40.0	0.0	0.005	"[16158475.09228918 16158764.09324386 16159054.09420185 16159344.09515984
 16159634.09611783 16159923.09707251 16160214.09803381 16160502.09898519
 16160792.09994318 16161082.10090116 16161371.10185585 16161660.10281053
 16161951.10377183 16162240.10472651 16162530.1056845  16162819.10663918
 16163109.10759717 16163399.10855516 16163689.10951315 16163978.11046783]"	0.0	0.0	0.0
1401.9062959888672	2.0	trials	2.0	1.0	1.0	0.0	10000.0	1.0	True	40.0	0.0	0.005	"[16233879.34137936 16234169.34233735 16234458.34329204 16234747.34424672
 16235038.34520801 16235328.346166   16235616.34711738 16235907.34807867
 16236196.34903336 16236485.34998805 16236776.35094934 16237065.35190403
 16237354.35285871 16237645.35382    16237934.35477469 16238223.35572937
 16238513.35668736 16238803.35764535 16239093.35860333 16239382.35955802]"	0.0	0.0	0.0
1409.4807498103453	2.0	trials	2.0	1.0	1.0	0.0	10000.0	1.0	True	40.0	0.0	0.005	"[16321546.63097925 16321836.63193724 16322125.63289192 16322415.63384991
 16322705.6348079  16322995.63576588 16323283.63671727 16323574.63767856
 16323863.63863324 16324153.63959123 16324442.64054592 16324732.6415039
 16325021.64245859 16325312.64341988 16325601.64437456 16325891.64533256
 16326181.64629054 16326470.64724523 16326759.64819991 16327049.6491579 ]"	0.0	0.0	0.0
1419.339281577055	2.0	trials	2.0	1.0	1.0	0.0	10000.0	1.0	True	40.0	0.0	0.005	"[16435649.00790472 16435940.00886601 16436228.0098174  16436518.01077538
 16436809.01173667 16437097.01268806 16437387.01364605 16437676.01460073
 16437967.01556202 16438256.01651671 16438545.01747139 16438836.01843268
 16439126.01939067 16439416.02034866 16439704.02130004 16439994.02225803
 16440284.02321602 16440574.02417401 16440864.02513199 16441153.02608668]"	0.0	0.0	0.0
1427.5389278637963	2.0	trials	2.0	1.0	1.0	0.0	10000.0	1.0	True	40.0	0.0	0.005	"[16530552.32140807 16530842.32236605 16531132.32332404 16531422.32428203
 16531711.32523672 16532000.3261914  16532290.32714939 16532580.32810738
 16532870.32906536 16533159.33002005 16533449.33097804 16533738.33193272
 16534027.33288741 16534318.3338487  16534608.33480668 16534897.33576137
 16535186.33671606 16535476.33767404 16535766.33863203 16536055.33958672]"	0.0	0.0	0.0
1434.462701135814	2.0	trials	2.0	1.0	1.0	0.0	10000.0	1.0	True	40.0	0.0	0.005	"[16610689.58613328 16610978.58708796 16611268.58804595 16611558.58900394
 16611847.58995863 16612137.59091662 16612427.59187461 16612716.59282929
 16613006.59378728 16613296.59474527 16613585.59569995 16613874.59665464
 16614164.59761262 16614454.59857061 16614743.5995253  16615034.60048659
 16615323.60144127 16615612.60239596 16615903.60335725 16616192.60431194]"	0.0	0.0	0.0
1444.6028978329764	2.0	trials	2.0	1.0	1.0	0.0	10000.0	1.0	True	40.0	0.0	0.005	"[16728052.97383117 16728341.97478586 16728631.97574385 16728921.97670183
 16729210.97765652 16729501.97861781 16729790.97957249 16730079.98052718
 16730369.98148517 16730658.98243985 16730948.98339784 16731237.98435253
 16731528.98531381 16731817.9862685  16732107.98722649 16732396.98818117
 16732687.98914247 16732976.99009715 16733265.99105184 16733555.99200983]"	0.0	0.0	0.0
1450.7831102487123	2.0	trials	2.0	1.0	1.0	0.0	10000.0	1.0	True	40.0	0.0	0.005	"[16799583.21012395 16799872.21107864 16800163.21203993 16800452.21299462
 16800742.2139526  16801031.21490729 16801321.21586528 16801610.21681996
 16801899.21777465 16802190.21873594 16802480.21969393 16802769.22064861
 16803059.2216066  16803348.22256128 16803638.22351927 16803927.22447396
 16804217.22543195 16804507.22638994 16804796.22734462 16805085.2282993 ]"	0.0	0.0	0.0
1459.4646973274987	2.0	trials	2.0	1.0	1.0	0.0	10000.0	1.0	True	40.0	0.0	0.005	"[16900063.5420504  16900352.54300509 16900643.54396638 16900932.54492107
 16901221.54587575 16901512.54683704 16901801.54779173 16902091.54874972
 16902380.5497044  16902670.55066239 16902959.55161707 16903249.55257506
 16903539.55353305 16903828.55448774 16904118.55544572 16904408.55640372
 16904697.5573584  16904987.55831639 16905276.55927107 16905567.56023236]"	0.0	0.0	0.0
1469.1550941387907	2.0	trials	2.0	1.0	1.0	0.0	10000.0	1.0	True	40.0	0.0	0.005	"[17012221.91255406 17012510.91350874 17012800.91446673 17013090.91542472
 17013380.9163827  17013669.91733739 17013959.91829538 17014248.91925006
 17014539.92021135 17014828.92116604 17015118.92212403 17015407.92307871
 17015697.9240367  17015987.92499469 17016276.92594937 17016565.92690406
 17016855.92786205 17017145.92882004 17017435.92977802 17017724.93073271]"	0.0	0.0	0.0
1480.1077991199961	2.0	trials	2.0	1.0	1.0	0.0	10000.0	1.0	True	40.0	0.0	0.005	"[17138989.33131719 17139278.33227188 17139568.33322986 17139858.33418785
 17140148.33514584 17140437.33610053 17140727.33705852 17141017.3380165
 17141306.33897119 17141596.33992918 17141885.34088386 17142174.34183855
 17142464.34279653 17142755.34375783 17143044.34471251 17143334.3456705
 17143622.34662188 17143913.34758317 17144203.34854116 17144492.34949585]"	0.0	0.0	0.0
1487.4337657206206	2.0	trials	2.0	1.0	1.0	0.0	10000.0	1.0	True	40.0	0.0	0.005	"[17223779.61141317 17224068.61236785 17224358.61332584 17224649.61428713
 17224938.61524182 17225227.6161965  17225517.61715449 17225807.61811248
 17226096.61906717 17226386.62002515 17226675.62097984 17226965.62193783
 17227255.62289581 17227544.6238505  17227834.62480849 17228124.62576648
 17228414.62672447 17228703.62767915 17228993.62863714 17229282.62959182]"	0.0	0.0	0.0
1498.3874211049656	2.0	trials	2.0	1.0	1.0	0.0	10000.0	1.0	True	40.0	0.0	0.005	"[17350559.03021595 17350848.03117063 17351138.03212862 17351429.03308991
 17351717.03404129 17352008.03500259 17352296.03595397 17352586.03691196
 17352875.03786664 17353165.03882463 17353456.03978592 17353745.04074061
 17354034.04169529 17354324.04265328 17354613.04360797 17354903.04456595
 17355192.04552064 17355483.04648193 17355772.04743661 17356062.0483946 ]"	0.0	0.0	0.0
1509.267722646993	2.0	trials	2.0	1.0	1.0	0.0	10000.0	1.0	True	40.0	0.0	0.005	"[17476487.44620753 17476778.44716882 17477066.4481202  17477357.4490815
 17477646.45003618 17477936.45099417 17478224.45194555 17478515.45290684
 17478804.45386153 17479094.45481951 17479384.4557775  17479673.45673219
 17479962.45768687 17480252.45864486 17480542.45960285 17480832.46056084
 17481122.46151882 17481411.46247351 17481701.4634315  17481990.46438618]"	0.0	0.0	0.0
1519.6597761761402	2.0	trials	2.0	1.0	1.0	0.0	10000.0	1.0	True	40.0	0.0	0.005	"[17596765.84353485 17597055.84449284 17597344.84544753 17597634.84640551
 17597924.8473635  17598214.84832149 17598503.84927618 17598793.85023416
 17599082.85118885 17599372.85214684 17599662.85310483 17599951.85405951
 17600241.8550175  17600531.85597549 17600821.85693348 17601110.85788816
 17601400.85884615 17601690.85980414 17601978.86075552 17602268.86171351]"	0.0	0.0	0.0
1526.779850896621	2.0	trials	2.0	1.0	1.0	0.0	10000.0	1.0	True	40.0	0.0	0.005	"[17679175.11576541 17679464.1167201  17679754.11767809 17680044.11863608
 17680333.11959076 17680623.12054875 17680912.12150343 17681201.12245812
 17681492.12341941 17681781.1243741  17682071.12533208 17682360.12628677
 17682650.12724476 17682940.12820274 17683230.12916073 17683519.13011542
 17683809.1310734  17684098.13202809 17684389.13298938 17684677.13394076]"	0.0	0.0	0.0
1537.2913960204974	2.0	trials	2.0	1.0	1.0	0.0	10000.0	1.0	True	40.0	0.0	0.005	"[17800835.51765805 17801126.51861934 17801415.51957402 17801705.52053201
 17801995.52149    17802284.52244468 17802574.52340267 17802863.52435736
 17803153.52531535 17803443.52627334 17803731.52722472 17804022.52818601
 17804311.5291407  17804601.53009868 17804891.53105667 17805180.53201136
 17805470.53296934 17805760.53392733 17806049.53488202 17806339.53584   ]"	0.0	0.0	0.0
1547.0420138307234	2.0	trials	2.0	1.0	1.0	0.0	10000.0	1.0	True	40.0	0.0	0.005	"[17913689.89046087 17913979.89141886 17914268.89237354 17914559.89333484
 17914849.89429282 17915138.89524751 17915428.8962055  17915718.89716348
 17916007.89811817 17916296.89907286 17916586.90003084 17916876.90098883
 17917165.90194352 17917455.9029015  17917744.90385619 17918034.90481418
 17918323.90576886 17918614.90673016 17918903.90768484 17919193.90864283]"	0.0	0.0	0.0
1556.654045583144	2.0	trials	2.0	1.0	1.0	0.0	10000.0	1.0	True	40.0	0.0	0.005	"[18024941.25796833 18025231.25892632 18025521.25988431 18025809.26083568
 18026100.26179698 18026390.26275497 18026679.26370965 18026968.26466434
 18027258.26562233 18027547.26657701 18027837.267535   18028127.26849299
 18028417.26945097 18028707.27040896 18028996.27136365 18029286.27232163
 18029575.27327632 18029865.27423431 18030154.27518899 18030445.27615029]"	0.0	0.0	0.0
1567.4197803467114	2.0	trials	2.0	1.0	1.0	0.0	10000.0	1.0	True	40.0	0.0	0.005	"[18149544.66958289 18149834.67054088 18150123.67149556 18150413.67245355
 18150702.67340824 18150992.67436622 18151282.67532421 18151571.6762789
 18151861.67723689 18152151.67819488 18152440.67914956 18152730.68010755
 18153019.68106224 18153309.68202022 18153599.68297821 18153889.6839362
 18154178.68489088 18154468.68584887 18154757.68680356 18155048.68776485]"	0.0	0.0	0.0
1575.3198768439188	2.0	trials	2.0	1.0	1.0	0.0	10000.0	1.0	True	40.0	0.0	0.005	"[18240979.97163001 18241269.972588   18241559.97354599 18241848.97450068
 18242138.97545867 18242428.97641665 18242718.97737464 18243007.97832933
 18243296.97928401 18243586.980242   18243875.98119669 18244165.98215467
 18244455.98311266 18244744.98406735 18245034.98502534 18245324.98598332
 18245614.98694131 18245903.987896   18246193.98885398 18246482.98980867]"	0.0	0.0	0.0
1582.3516504727054	2.0	trials	2.0	1.0	1.0	0.0	10000.0	1.0	True	40.0	0.0	0.005	"[18322366.24048119 18322656.24143918 18322946.24239717 18323236.24335515
 18323525.24430984 18323815.24526783 18324104.24622251 18324394.2471805
 18324683.24813519 18324974.24909648 18325263.25005116 18325553.25100915
 18325842.25196384 18326132.25292183 18326422.25387981 18326711.2548345
 18327000.25578918 18327291.25675048 18327581.25770846 18327870.25866315]"	0.0	0.0	0.0
1591.844709032109	2.0	trials	2.0	1.0	1.0	0.0	10000.0	1.0	True	40.0	0.0	0.005	"[18432240.60343985 18432529.60439454 18432819.60535252 18433109.60631052
 18433399.6072685  18433688.60822319 18433978.60918118 18434268.61013917
 18434557.61109385 18434847.61205184 18435137.61300983 18435426.61396451
 18435716.6149225  18436005.61587719 18436295.61683517 18436584.61778986
 18436874.61874785 18437163.61970253 18437453.62066052 18437742.6216152 ]"	0.0	0.0	0.0
1599.1830308735478	2.0	trials	2.0	1.0	1.0	0.0	10000.0	1.0	True	40.0	0.0	0.005	"[18517174.88401152 18517463.88496621 18517753.88592419 18518043.88688218
 18518332.88783687 18518622.88879485 18518911.88974954 18519201.89070753
 18519492.89166882 18519780.8926202  18520070.89357819 18520360.89453618
 18520650.89549417 18520939.89644885 18521228.89740354 18521518.89836153
 18521808.89931951 18522098.9002775  18522387.90123219 18522677.90219017]"	0.0	0.0	0.0
1606.3215088548222	2.0	trials	2.0	1.0	1.0	0.0	10000.0	1.0	True	40.0	0.0	0.005	"[18599796.1569424  18600085.15789709 18600376.15885838 18600664.15980976
 18600955.16077105 18601245.16172904 18601534.16268373 18601823.16363841
 18602113.1645964  18602403.16555439 18602692.16650907 18602982.16746706
 18603271.16842175 18603562.16938304 18603850.17033442 18604140.17129241
 18604431.1722537  18604720.17320839 18605010.17416637 18605299.17512106]"	0.0	0.0	0.0
1616.732224845619	2.0	trials	2.0	1.0	1.0	0.0	10000.0	1.0	True	40.0	0.0	0.005	"[18720289.55497996 18720580.55594125 18720869.55689594 18721159.55785393
 18721448.55880861 18721738.5597666  18722028.56072459 18722318.56168257
 18722606.56263396 18722896.56359195 18723187.56455324 18723475.56550462
 18723765.56646261 18724055.56742059 18724345.56837858 18724635.56933657
 18724924.57029125 18725213.57124594 18725504.57220723 18725793.57316192]"	0.0	0.0	0.0
1623.3287138364847	2.0	trials	2.0	1.0	1.0	0.0	10000.0	1.0	True	40.0	0.0	0.005	"[18796637.80718857 18796927.80814655 18797216.80910124 18797507.81006253
 18797796.81101722 18798086.8119752  18798375.81292989 18798665.81388788
 18798955.81484586 18799245.81580385 18799534.81675854 18799823.81771322
 18800113.81867121 18800403.8196292  18800693.82058719 18800982.82154187
 18801273.82250316 18801562.82345785 18801852.82441584 18802141.82537052]"	0.0	0.0	0.0
1633.7203353642049	2.0	trials	2.0	1.0	1.0	0.0	10000.0	1.0	True	40.0	0.0	0.005	"[18916912.20450268 18917201.20545736 18917490.20641205 18917780.20737004
 18918069.20832472 18918359.20928271 18918649.2102407  18918939.21119868
 18919229.21215667 18919519.21311466 18919808.21406934 18920097.21502403
 18920387.21598202 18920677.21694001 18920966.21789469 18921256.21885268
 18921545.21980737 18921836.22076866 18922125.22172334 18922415.22268133]"	0.0	0.0	0.0
1643.7989286578666	2.0	trials	2.0	1.0	1.0	0.0	10000.0	1.0	True	40.0	0.0	0.005	"[19033561.58984193 19033851.59079992 19034141.5917579  19034429.59270929
 19034720.59367058 19035010.59462857 19035299.59558326 19035589.59654124
 19035878.59749593 19036168.59845392 19036458.5994119  19036747.60036659
 19037037.60132458 19037326.60227926 19037616.60323725 19037906.60419524
 19038196.60515323 19038485.60610791 19038775.6070659  19039065.60802389]"	0.0	0.0	0.0
1672.6290622954343	2.0	trials	3.0	1.0	1.0	0.0	10000.0	1.0	False	0.0	0.0	0.0	"[nan nan nan nan nan nan nan nan nan nan nan nan nan nan nan nan nan nan
 nan nan]"	0.0	0.0	0.0
1682.298982239083	2.0	trials	3.0	1.0	1.0	0.0	10000.0	1.0	False	0.0	0.0	0.0	"[nan nan nan nan nan nan nan nan nan nan nan nan nan nan nan nan nan nan
 nan nan]"	0.0	0.0	0.0
1691.3528681477226	2.0	trials	3.0	1.0	1.0	0.0	10000.0	1.0	False	0.0	0.0	0.0	"[nan nan nan nan nan nan nan nan nan nan nan nan nan nan nan nan nan nan
 nan nan]"	0.0	0.0	0.0
1699.6032314020024	2.0	trials	3.0	1.0	1.0	0.0	10000.0	1.0	False	0.0	0.0	0.0	"[nan nan nan nan nan nan nan nan nan nan nan nan nan nan nan nan nan nan
 nan nan]"	0.0	0.0	0.0
1706.497023774981	2.0	trials	3.0	1.0	1.0	0.0	10000.0	1.0	False	0.0	0.0	0.0	"[nan nan nan nan nan nan nan nan nan nan nan nan nan nan nan nan nan nan
 nan nan]"	0.0	0.0	0.0
1715.1545051741364	2.0	trials	3.0	1.0	1.0	0.0	10000.0	1.0	False	0.0	0.0	0.0	"[nan nan nan nan nan nan nan nan nan nan nan nan nan nan nan nan nan nan
 nan nan]"	0.0	0.0	0.0
1725.7578074011235	2.0	trials	3.0	1.0	1.0	0.0	10000.0	1.0	False	0.0	0.0	0.0	"[nan nan nan nan nan nan nan nan nan nan nan nan nan nan nan nan nan nan
 nan nan]"	0.0	0.0	0.0
1734.877271126393	2.0	trials	3.0	1.0	1.0	0.0	10000.0	1.0	False	0.0	0.0	0.0	"[nan nan nan nan nan nan nan nan nan nan nan nan nan nan nan nan nan nan
 nan nan]"	0.0	0.0	0.0
1742.8384526253888	2.0	trials	3.0	1.0	1.0	0.0	10000.0	1.0	False	0.0	0.0	0.0	"[nan nan nan nan nan nan nan nan nan nan nan nan nan nan nan nan nan nan
 nan nan]"	0.0	0.0	0.0
1752.6737427153219	2.0	trials	3.0	1.0	1.0	0.0	10000.0	1.0	False	0.0	0.0	0.0	"[nan nan nan nan nan nan nan nan nan nan nan nan nan nan nan nan nan nan
 nan nan]"	0.0	0.0	0.0
1761.5533592482789	2.0	trials	3.0	1.0	1.0	0.0	10000.0	1.0	False	0.0	0.0	0.0	"[nan nan nan nan nan nan nan nan nan nan nan nan nan nan nan nan nan nan
 nan nan]"	0.0	0.0	0.0
1767.715427604078	2.0	trials	3.0	1.0	1.0	0.0	10000.0	1.0	False	0.0	0.0	0.0	"[nan nan nan nan nan nan nan nan nan nan nan nan nan nan nan nan nan nan
 nan nan]"	0.0	0.0	0.0
1774.3704095881699	2.0	trials	3.0	1.0	1.0	0.0	10000.0	1.0	False	0.0	0.0	0.0	"[nan nan nan nan nan nan nan nan nan nan nan nan nan nan nan nan nan nan
 nan nan]"	0.0	0.0	0.0
1781.2940100596165	2.0	trials	3.0	1.0	1.0	0.0	10000.0	1.0	False	0.0	0.0	0.0	"[nan nan nan nan nan nan nan nan nan nan nan nan nan nan nan nan nan nan
 nan nan]"	0.0	0.0	0.0
1789.0884390077613	2.0	trials	3.0	1.0	1.0	0.0	10000.0	1.0	False	0.0	0.0	0.0	"[nan nan nan nan nan nan nan nan nan nan nan nan nan nan nan nan nan nan
 nan nan]"	0.0	0.0	0.0
1795.441797595469	2.0	trials	3.0	1.0	1.0	0.0	10000.0	1.0	False	0.0	0.0	0.0	"[nan nan nan nan nan nan nan nan nan nan nan nan nan nan nan nan nan nan
 nan nan]"	0.0	0.0	0.0
1804.5924518237737	2.0	trials	3.0	1.0	1.0	0.0	10000.0	1.0	False	0.0	0.0	0.0	"[nan nan nan nan nan nan nan nan nan nan nan nan nan nan nan nan nan nan
 nan nan]"	0.0	0.0	0.0
1811.1438398656526	2.0	trials	3.0	1.0	1.0	0.0	10000.0	1.0	False	0.0	0.0	0.0	"[nan nan nan nan nan nan nan nan nan nan nan nan nan nan nan nan nan nan
 nan nan]"	0.0	0.0	0.0
1819.2980396022654	2.0	trials	3.0	1.0	1.0	0.0	10000.0	1.0	False	0.0	0.0	0.0	"[nan nan nan nan nan nan nan nan nan nan nan nan nan nan nan nan nan nan
 nan nan]"	0.0	0.0	0.0
1825.8438116255927	2.0	trials	3.0	1.0	1.0	0.0	10000.0	1.0	False	0.0	0.0	0.0	"[nan nan nan nan nan nan nan nan nan nan nan nan nan nan nan nan nan nan
 nan nan]"	0.0	0.0	0.0
1834.958523335164	2.0	trials	3.0	1.0	1.0	0.0	10000.0	1.0	False	0.0	0.0	0.0	"[nan nan nan nan nan nan nan nan nan nan nan nan nan nan nan nan nan nan
 nan nan]"	0.0	0.0	0.0
1843.8264758295907	2.0	trials	3.0	1.0	1.0	0.0	10000.0	1.0	False	0.0	0.0	0.0	"[nan nan nan nan nan nan nan nan nan nan nan nan nan nan nan nan nan nan
 nan nan]"	0.0	0.0	0.0
1851.0381348526112	2.0	trials	3.0	1.0	1.0	0.0	10000.0	1.0	False	0.0	0.0	0.0	"[nan nan nan nan nan nan nan nan nan nan nan nan nan nan nan nan nan nan
 nan nan]"	0.0	0.0	0.0
1857.638857457462	2.0	trials	3.0	1.0	1.0	0.0	10000.0	1.0	False	0.0	0.0	0.0	"[nan nan nan nan nan nan nan nan nan nan nan nan nan nan nan nan nan nan
 nan nan]"	0.0	0.0	0.0
1868.5824904086987	2.0	trials	3.0	1.0	1.0	0.0	10000.0	1.0	False	0.0	0.0	0.0	"[nan nan nan nan nan nan nan nan nan nan nan nan nan nan nan nan nan nan
 nan nan]"	0.0	0.0	0.0
1877.6547795781316	2.0	trials	3.0	1.0	1.0	0.0	10000.0	1.0	False	0.0	0.0	0.0	"[nan nan nan nan nan nan nan nan nan nan nan nan nan nan nan nan nan nan
 nan nan]"	0.0	0.0	0.0
1887.7344960755036	2.0	trials	3.0	1.0	1.0	0.0	10000.0	1.0	False	0.0	0.0	0.0	"[nan nan nan nan nan nan nan nan nan nan nan nan nan nan nan nan nan nan
 nan nan]"	0.0	0.0	0.0
1896.37970863413	2.0	trials	3.0	1.0	1.0	0.0	10000.0	1.0	False	0.0	0.0	0.0	"[nan nan nan nan nan nan nan nan nan nan nan nan nan nan nan nan nan nan
 nan nan]"	0.0	0.0	0.0
1906.4425770758462	2.0	trials	3.0	1.0	1.0	0.0	10000.0	1.0	False	0.0	0.0	0.0	"[nan nan nan nan nan nan nan nan nan nan nan nan nan nan nan nan nan nan
 nan nan]"	0.0	0.0	0.0
1916.205204525745	2.0	trials	3.0	1.0	1.0	0.0	10000.0	1.0	False	0.0	0.0	0.0	"[nan nan nan nan nan nan nan nan nan nan nan nan nan nan nan nan nan nan
 nan nan]"	0.0	0.0	0.0
1926.7049128105195	2.0	trials	3.0	1.0	1.0	0.0	10000.0	1.0	False	0.0	0.0	0.0	"[nan nan nan nan nan nan nan nan nan nan nan nan nan nan nan nan nan nan
 nan nan]"	0.0	0.0	0.0
1934.2592353654961	2.0	trials	3.0	1.0	1.0	0.0	10000.0	1.0	False	0.0	0.0	0.0	"[nan nan nan nan nan nan nan nan nan nan nan nan nan nan nan nan nan nan
 nan nan]"	0.0	0.0	0.0
1944.7773469110637	2.0	trials	3.0	1.0	1.0	0.0	10000.0	1.0	False	0.0	0.0	0.0	"[nan nan nan nan nan nan nan nan nan nan nan nan nan nan nan nan nan nan
 nan nan]"	0.0	0.0	0.0
1953.339183194265	2.0	trials	3.0	1.0	1.0	0.0	10000.0	1.0	False	0.0	0.0	0.0	"[nan nan nan nan nan nan nan nan nan nan nan nan nan nan nan nan nan nan
 nan nan]"	0.0	0.0	0.0
1963.1492444008568	2.0	trials	3.0	1.0	1.0	0.0	10000.0	1.0	False	0.0	0.0	0.0	"[nan nan nan nan nan nan nan nan nan nan nan nan nan nan nan nan nan nan
 nan nan]"	0.0	0.0	0.0
1970.25324866825	2.0	trials	3.0	1.0	1.0	0.0	10000.0	1.0	False	0.0	0.0	0.0	"[nan nan nan nan nan nan nan nan nan nan nan nan nan nan nan nan nan nan
 nan nan]"	0.0	0.0	0.0
1976.433374683701	2.0	trials	3.0	1.0	1.0	0.0	10000.0	1.0	False	0.0	0.0	0.0	"[nan nan nan nan nan nan nan nan nan nan nan nan nan nan nan nan nan nan
 nan nan]"	0.0	0.0	0.0
1984.9233259294363	2.0	trials	3.0	1.0	1.0	0.0	10000.0	1.0	False	0.0	0.0	0.0	"[nan nan nan nan nan nan nan nan nan nan nan nan nan nan nan nan nan nan
 nan nan]"	0.0	0.0	0.0
1995.5984267936035	2.0	trials	3.0	1.0	1.0	0.0	10000.0	1.0	False	0.0	0.0	0.0	"[nan nan nan nan nan nan nan nan nan nan nan nan nan nan nan nan nan nan
 nan nan]"	0.0	0.0	0.0
2004.9576513108993	2.0	trials	3.0	1.0	1.0	0.0	10000.0	1.0	False	0.0	0.0	0.0	"[nan nan nan nan nan nan nan nan nan nan nan nan nan nan nan nan nan nan
 nan nan]"	0.0	0.0	0.0
2013.4497625637705	2.0	trials	3.0	1.0	1.0	0.0	10000.0	1.0	False	0.0	0.0	0.0	"[nan nan nan nan nan nan nan nan nan nan nan nan nan nan nan nan nan nan
 nan nan]"	0.0	0.0	0.0
2021.0338068169299	2.0	trials	3.0	1.0	1.0	0.0	10000.0	1.0	False	0.0	0.0	0.0	"[nan nan nan nan nan nan nan nan nan nan nan nan nan nan nan nan nan nan
 nan nan]"	0.0	0.0	0.0
2029.3803335888765	2.0	trials	3.0	1.0	1.0	0.0	10000.0	1.0	False	0.0	0.0	0.0	"[nan nan nan nan nan nan nan nan nan nan nan nan nan nan nan nan nan nan
 nan nan]"	0.0	0.0	0.0
2036.5542356871708	2.0	trials	3.0	1.0	1.0	0.0	10000.0	1.0	False	0.0	0.0	0.0	"[nan nan nan nan nan nan nan nan nan nan nan nan nan nan nan nan nan nan
 nan nan]"	0.0	0.0	0.0
2045.2202707145823	2.0	trials	3.0	1.0	1.0	0.0	10000.0	1.0	False	0.0	0.0	0.0	"[nan nan nan nan nan nan nan nan nan nan nan nan nan nan nan nan nan nan
 nan nan]"	0.0	0.0	0.0
2055.069903251894	2.0	trials	3.0	1.0	1.0	0.0	10000.0	1.0	False	0.0	0.0	0.0	"[nan nan nan nan nan nan nan nan nan nan nan nan nan nan nan nan nan nan
 nan nan]"	0.0	0.0	0.0
2065.126205271919	2.0	trials	3.0	1.0	1.0	0.0	10000.0	1.0	False	0.0	0.0	0.0	"[nan nan nan nan nan nan nan nan nan nan nan nan nan nan nan nan nan nan
 nan nan]"	0.0	0.0	0.0
2074.3086548052556	2.0	trials	3.0	1.0	1.0	0.0	10000.0	1.0	False	0.0	0.0	0.0	"[nan nan nan nan nan nan nan nan nan nan nan nan nan nan nan nan nan nan
 nan nan]"	0.0	0.0	0.0
2085.198287578108	2.0	trials	3.0	1.0	1.0	0.0	10000.0	1.0	False	0.0	0.0	0.0	"[nan nan nan nan nan nan nan nan nan nan nan nan nan nan nan nan nan nan
 nan nan]"	0.0	0.0	0.0
2095.918316590691	2.0	trials	3.0	1.0	1.0	0.0	10000.0	1.0	False	0.0	0.0	0.0	"[nan nan nan nan nan nan nan nan nan nan nan nan nan nan nan nan nan nan
 nan nan]"	0.0	0.0	0.0
2160.604050273778	2.0	trials	4.0	1.0	1.0	1.0	0.0	1.0	False	0.0	0.0	0.0	"[nan nan nan nan nan nan nan nan nan nan nan nan nan nan nan nan nan nan
 nan nan]"	1.0	0.02	5.0
2169.0279917014564	2.0	trials	4.0	1.0	1.0	1.0	0.0	1.0	False	0.0	0.0	0.0	"[nan nan nan nan nan nan nan nan nan nan nan nan nan nan nan nan nan nan
 nan nan]"	1.0	0.02	5.0
2179.287852793919	2.0	trials	4.0	1.0	1.0	1.0	0.0	1.0	False	0.0	0.0	0.0	"[nan nan nan nan nan nan nan nan nan nan nan nan nan nan nan nan nan nan
 nan nan]"	1.0	0.02	5.0
2187.7962937007333	2.0	trials	4.0	1.0	1.0	1.0	0.0	1.0	False	0.0	0.0	0.0	"[nan nan nan nan nan nan nan nan nan nan nan nan nan nan nan nan nan nan
 nan nan]"	1.0	0.02	5.0
2197.048036262973	2.0	trials	4.0	1.0	1.0	1.0	0.0	1.0	False	0.0	0.0	0.0	"[nan nan nan nan nan nan nan nan nan nan nan nan nan nan nan nan nan nan
 nan nan]"	1.0	0.02	5.0
2206.6187686789654	2.0	trials	4.0	1.0	1.0	1.0	0.0	1.0	False	0.0	0.0	0.0	"[nan nan nan nan nan nan nan nan nan nan nan nan nan nan nan nan nan nan
 nan nan]"	1.0	0.02	5.0
2215.980498804539	2.0	trials	4.0	1.0	1.0	1.0	0.0	1.0	False	0.0	0.0	0.0	"[nan nan nan nan nan nan nan nan nan nan nan nan nan nan nan nan nan nan
 nan nan]"	1.0	0.02	5.0
2225.8239969215856	2.0	trials	4.0	1.0	1.0	1.0	0.0	1.0	False	0.0	0.0	0.0	"[nan nan nan nan nan nan nan nan nan nan nan nan nan nan nan nan nan nan
 nan nan]"	1.0	0.02	5.0
2235.802538684737	2.0	trials	4.0	1.0	1.0	1.0	0.0	1.0	False	0.0	0.0	0.0	"[nan nan nan nan nan nan nan nan nan nan nan nan nan nan nan nan nan nan
 nan nan]"	1.0	0.02	5.0
2244.214297672172	2.0	trials	4.0	1.0	1.0	1.0	0.0	1.0	False	0.0	0.0	0.0	"[nan nan nan nan nan nan nan nan nan nan nan nan nan nan nan nan nan nan
 nan nan]"	1.0	0.02	5.0
2254.7746589573076	2.0	trials	4.0	1.0	1.0	1.0	0.0	1.0	False	0.0	0.0	0.0	"[nan nan nan nan nan nan nan nan nan nan nan nan nan nan nan nan nan nan
 nan nan]"	1.0	0.02	5.0
2261.644432050941	2.0	trials	4.0	1.0	1.0	1.0	0.0	1.0	False	0.0	0.0	0.0	"[nan nan nan nan nan nan nan nan nan nan nan nan nan nan nan nan nan nan
 nan nan]"	1.0	0.02	5.0
2268.3969599572665	2.0	trials	4.0	1.0	1.0	1.0	0.0	1.0	False	0.0	0.0	0.0	"[nan nan nan nan nan nan nan nan nan nan nan nan nan nan nan nan nan nan
 nan nan]"	1.0	0.02	5.0
2276.35667265141	2.0	trials	4.0	1.0	1.0	1.0	0.0	1.0	False	0.0	0.0	0.0	"[nan nan nan nan nan nan nan nan nan nan nan nan nan nan nan nan nan nan
 nan nan]"	1.0	0.02	5.0
2286.940794015035	2.0	trials	4.0	1.0	1.0	1.0	0.0	1.0	False	0.0	0.0	0.0	"[nan nan nan nan nan nan nan nan nan nan nan nan nan nan nan nan nan nan
 nan nan]"	1.0	0.02	5.0
2297.476444818542	2.0	trials	4.0	1.0	1.0	1.0	0.0	1.0	False	0.0	0.0	0.0	"[nan nan nan nan nan nan nan nan nan nan nan nan nan nan nan nan nan nan
 nan nan]"	1.0	0.02	5.0
2305.798865910858	2.0	trials	4.0	1.0	1.0	1.0	0.0	1.0	False	0.0	0.0	0.0	"[nan nan nan nan nan nan nan nan nan nan nan nan nan nan nan nan nan nan
 nan nan]"	1.0	0.02	5.0
2312.4347534318727	2.0	trials	4.0	1.0	1.0	1.0	0.0	1.0	False	0.0	0.0	0.0	"[nan nan nan nan nan nan nan nan nan nan nan nan nan nan nan nan nan nan
 nan nan]"	1.0	0.02	5.0
2321.095431641588	2.0	trials	4.0	1.0	1.0	1.0	0.0	1.0	False	0.0	0.0	0.0	"[nan nan nan nan nan nan nan nan nan nan nan nan nan nan nan nan nan nan
 nan nan]"	1.0	0.02	5.0
2329.8971151171017	2.0	trials	4.0	1.0	1.0	1.0	0.0	1.0	False	0.0	0.0	0.0	"[nan nan nan nan nan nan nan nan nan nan nan nan nan nan nan nan nan nan
 nan nan]"	1.0	0.02	5.0
2336.3296163662494	2.0	trials	4.0	1.0	1.0	1.0	0.0	1.0	False	0.0	0.0	0.0	"[nan nan nan nan nan nan nan nan nan nan nan nan nan nan nan nan nan nan
 nan nan]"	1.0	0.02	5.0
2343.515700904787	2.0	trials	4.0	1.0	1.0	1.0	0.0	1.0	False	0.0	0.0	0.0	"[nan nan nan nan nan nan nan nan nan nan nan nan nan nan nan nan nan nan
 nan nan]"	1.0	0.02	5.0
2352.2631250010595	2.0	trials	4.0	1.0	1.0	1.0	0.0	1.0	False	0.0	0.0	0.0	"[nan nan nan nan nan nan nan nan nan nan nan nan nan nan nan nan nan nan
 nan nan]"	1.0	0.02	5.0
2360.585373292805	2.0	trials	4.0	1.0	1.0	1.0	0.0	1.0	False	0.0	0.0	0.0	"[nan nan nan nan nan nan nan nan nan nan nan nan nan nan nan nan nan nan
 nan nan]"	1.0	0.02	5.0
2369.7532211779067	2.0	trials	4.0	1.0	1.0	1.0	0.0	1.0	False	0.0	0.0	0.0	"[nan nan nan nan nan nan nan nan nan nan nan nan nan nan nan nan nan nan
 nan nan]"	1.0	0.02	5.0
2380.1402634905003	2.0	trials	4.0	1.0	1.0	1.0	0.0	1.0	False	0.0	0.0	0.0	"[nan nan nan nan nan nan nan nan nan nan nan nan nan nan nan nan nan nan
 nan nan]"	1.0	0.02	5.0
2390.9400399665205	2.0	trials	4.0	1.0	1.0	1.0	0.0	1.0	False	0.0	0.0	0.0	"[nan nan nan nan nan nan nan nan nan nan nan nan nan nan nan nan nan nan
 nan nan]"	1.0	0.02	5.0
2397.62370684537	2.0	trials	4.0	1.0	1.0	1.0	0.0	1.0	False	0.0	0.0	0.0	"[nan nan nan nan nan nan nan nan nan nan nan nan nan nan nan nan nan nan
 nan nan]"	1.0	0.02	5.0
2404.0856705918445	2.0	trials	4.0	1.0	1.0	1.0	0.0	1.0	False	0.0	0.0	0.0	"[nan nan nan nan nan nan nan nan nan nan nan nan nan nan nan nan nan nan
 nan nan]"	1.0	0.02	5.0
2412.065773753346	2.0	trials	4.0	1.0	1.0	1.0	0.0	1.0	False	0.0	0.0	0.0	"[nan nan nan nan nan nan nan nan nan nan nan nan nan nan nan nan nan nan
 nan nan]"	1.0	0.02	5.0
2419.512095951554	2.0	trials	4.0	1.0	1.0	1.0	0.0	1.0	False	0.0	0.0	0.0	"[nan nan nan nan nan nan nan nan nan nan nan nan nan nan nan nan nan nan
 nan nan]"	1.0	0.02	5.0
2427.989432755619	2.0	trials	4.0	1.0	1.0	1.0	0.0	1.0	False	0.0	0.0	0.0	"[nan nan nan nan nan nan nan nan nan nan nan nan nan nan nan nan nan nan
 nan nan]"	1.0	0.02	5.0
2436.1978918714726	2.0	trials	4.0	1.0	1.0	1.0	0.0	1.0	False	0.0	0.0	0.0	"[nan nan nan nan nan nan nan nan nan nan nan nan nan nan nan nan nan nan
 nan nan]"	1.0	0.02	5.0
2442.7743359961223	2.0	trials	4.0	1.0	1.0	1.0	0.0	1.0	False	0.0	0.0	0.0	"[nan nan nan nan nan nan nan nan nan nan nan nan nan nan nan nan nan nan
 nan nan]"	1.0	0.02	5.0
2452.626214940855	2.0	trials	4.0	1.0	1.0	1.0	0.0	1.0	False	0.0	0.0	0.0	"[nan nan nan nan nan nan nan nan nan nan nan nan nan nan nan nan nan nan
 nan nan]"	1.0	0.02	5.0
2461.127916625407	2.0	trials	4.0	1.0	1.0	1.0	0.0	1.0	False	0.0	0.0	0.0	"[nan nan nan nan nan nan nan nan nan nan nan nan nan nan nan nan nan nan
 nan nan]"	1.0	0.02	5.0
2470.398235249011	2.0	trials	4.0	1.0	1.0	1.0	0.0	1.0	False	0.0	0.0	0.0	"[nan nan nan nan nan nan nan nan nan nan nan nan nan nan nan nan nan nan
 nan nan]"	1.0	0.02	5.0
2477.525913194608	2.0	trials	4.0	1.0	1.0	1.0	0.0	1.0	False	0.0	0.0	0.0	"[nan nan nan nan nan nan nan nan nan nan nan nan nan nan nan nan nan nan
 nan nan]"	1.0	0.02	5.0
2487.1563482078222	2.0	trials	4.0	1.0	1.0	1.0	0.0	1.0	False	0.0	0.0	0.0	"[nan nan nan nan nan nan nan nan nan nan nan nan nan nan nan nan nan nan
 nan nan]"	1.0	0.02	5.0
2494.296381394234	2.0	trials	4.0	1.0	1.0	1.0	0.0	1.0	False	0.0	0.0	0.0	"[nan nan nan nan nan nan nan nan nan nan nan nan nan nan nan nan nan nan
 nan nan]"	1.0	0.02	5.0
2503.389406632166	2.0	trials	4.0	1.0	1.0	1.0	0.0	1.0	False	0.0	0.0	0.0	"[nan nan nan nan nan nan nan nan nan nan nan nan nan nan nan nan nan nan
 nan nan]"	1.0	0.02	5.0
2509.986414024744	2.0	trials	4.0	1.0	1.0	1.0	0.0	1.0	False	0.0	0.0	0.0	"[nan nan nan nan nan nan nan nan nan nan nan nan nan nan nan nan nan nan
 nan nan]"	1.0	0.02	5.0
2516.5508485097207	2.0	trials	4.0	1.0	1.0	1.0	0.0	1.0	False	0.0	0.0	0.0	"[nan nan nan nan nan nan nan nan nan nan nan nan nan nan nan nan nan nan
 nan nan]"	1.0	0.02	5.0
2526.0132349678024	2.0	trials	4.0	1.0	1.0	1.0	0.0	1.0	False	0.0	0.0	0.0	"[nan nan nan nan nan nan nan nan nan nan nan nan nan nan nan nan nan nan
 nan nan]"	1.0	0.02	5.0
2537.1191276550485	2.0	trials	4.0	1.0	1.0	1.0	0.0	1.0	False	0.0	0.0	0.0	"[nan nan nan nan nan nan nan nan nan nan nan nan nan nan nan nan nan nan
 nan nan]"	1.0	0.02	5.0
2543.3650042877002	2.0	trials	4.0	1.0	1.0	1.0	0.0	1.0	False	0.0	0.0	0.0	"[nan nan nan nan nan nan nan nan nan nan nan nan nan nan nan nan nan nan
 nan nan]"	1.0	0.02	5.0
2554.1109533859076	2.0	trials	4.0	1.0	1.0	1.0	0.0	1.0	False	0.0	0.0	0.0	"[nan nan nan nan nan nan nan nan nan nan nan nan nan nan nan nan nan nan
 nan nan]"	1.0	0.02	5.0
2560.4169646172077	2.0	trials	4.0	1.0	1.0	1.0	0.0	1.0	False	0.0	0.0	0.0	"[nan nan nan nan nan nan nan nan nan nan nan nan nan nan nan nan nan nan
 nan nan]"	1.0	0.02	5.0
2568.367259680241	2.0	trials	4.0	1.0	1.0	1.0	0.0	1.0	False	0.0	0.0	0.0	"[nan nan nan nan nan nan nan nan nan nan nan nan nan nan nan nan nan nan
 nan nan]"	1.0	0.02	5.0
2578.9691795026615	2.0	trials	4.0	1.0	1.0	1.0	0.0	1.0	False	0.0	0.0	0.0	"[nan nan nan nan nan nan nan nan nan nan nan nan nan nan nan nan nan nan
 nan nan]"	1.0	0.02	5.0
2651.107369804221	2.0	trials	5.0	0.0	0.0	0.0	0.0	0.0	True	40.0	0.0	0.005	"[30692226.10304191 30692514.1039933  30692804.10495128 30693093.10590597
 30693383.10686396 30693674.10782525 30693963.10877993 30694252.10973462
 30694541.1106893  30694832.11165059 30695121.11260528 30695411.11356327
 30695701.11452125 30695990.11547594 30696280.11643393 30696570.11739191
 30696860.11834991 30697148.11930129 30697438.12025928 30697727.12121396]"	0.0	0.0	0.0
2656.5879127086664	2.0	trials	5.0	0.0	0.0	0.0	0.0	0.0	True	40.0	0.0	0.005	"[30755655.31257379 30755945.31353178 30756236.31449306 30756525.31544775
 30756815.31640574 30757104.31736043 30757394.31831842 30757684.3192764
 30757973.32023109 30758264.32119238 30758552.32214377 30758842.32310175
 30759132.32405974 30759421.32501443 30759711.32597241 30760001.3269304
 30760291.32788838 30760580.32884307 30760870.32980106 30761160.33075905]"	0.0	0.0	0.0
2664.915949819534	2.0	trials	5.0	0.0	0.0	0.0	0.0	0.0	True	40.0	0.0	0.005	"[30852046.6309926  30852334.63194399 30852625.63290528 30852914.63385996
 30853204.63481795 30853493.63577263 30853783.63673062 30854073.63768861
 30854362.63864329 30854651.63959798 30854942.64055927 30855230.64151065
 30855521.64247194 30855811.64342994 30856100.64438462 30856390.6453426
 30856680.6463006  30856969.64725528 30857259.64821327 30857548.64916795]"	0.0	0.0	0.0
2673.7961711544895	2.0	trials	5.0	0.0	0.0	0.0	0.0	0.0	True	40.0	0.0	0.005	"[30954825.97051359 30955115.97147157 30955406.97243287 30955694.97338425
 30955984.97434223 30956274.97530022 30956563.97625491 30956854.9772162
 30957143.97817089 30957433.97912888 30957723.98008686 30958012.98104155
 30958301.98199623 30958591.98295422 30958880.98390891 30959171.9848702
 30959460.98582488 30959751.98678618 30960039.98773756 30960329.98869555]"	0.0	0.0	0.0
2680.4682603950932	2.0	trials	5.0	0.0	0.0	0.0	0.0	0.0	True	40.0	0.0	0.005	"[31032049.22561267 31032339.22657066 31032628.22752535 31032919.22848664
 31033209.22944463 31033497.23039601 31033788.2313573  31034077.23231199
 31034366.23326667 31034657.23422796 31034945.23517934 31035236.23614063
 31035526.23709862 31035815.23805331 31036105.2390113  31036393.23996268
 31036683.24092067 31036973.24187865 31037263.24283665 31037553.24379463]"	0.0	0.0	0.0
2688.484219675042	2.0	trials	5.0	0.0	0.0	0.0	0.0	0.0	True	40.0	0.0	0.005	"[31124826.53209297 31125116.53305095 31125405.53400565 31125695.53496363
 31125985.53592161 31126275.53687961 31126564.53783429 31126854.53879228
 31127143.53974697 31127432.54070165 31127722.54165964 31128012.54261763
 31128302.54357561 31128593.54453691 31128881.54548829 31129171.54644627
 31129460.54740096 31129750.54835895 31130039.54931363 31130330.55027493]"	0.0	0.0	0.0
2695.638854509689	2.0	trials	5.0	0.0	0.0	0.0	0.0	0.0	True	40.0	0.0	0.005	"[31207635.8056449  31207924.80659958 31208215.80756087 31208503.80851225
 31208792.80946694 31209083.81042823 31209373.81138622 31209662.8123409
 31209952.81329889 31210241.81425358 31210531.81521156 31210821.81616955
 31211111.81712754 31211400.81808222 31211690.81904021 31211980.8199982
 31212269.82095289 31212559.82191087 31212847.82286226 31213138.82382355]"	0.0	0.0	0.0
2703.250201253039	2.0	trials	5.0	0.0	0.0	0.0	0.0	0.0	True	40.0	0.0	0.005	"[31295729.09665203 31296019.09761001 31296308.0985647  31296598.09952269
 31296889.10048398 31297177.10143536 31297468.10239666 31297756.10334804
 31298047.10430933 31298336.10526401 31298626.106222   31298916.10717999
 31299205.10813467 31299495.10909266 31299785.11005065 31300074.11100533
 31300364.11196332 31300653.11291801 31300944.1138793  31301234.11483729]"	0.0	0.0	0.0
2710.723048338869	2.0	trials	5.0	0.0	0.0	0.0	0.0	0.0	True	40.0	0.0	0.005	"[31382221.3823704  31382510.38332509 31382799.38427977 31383088.38523446
 31383378.38619244 31383670.38715704 31383957.38810512 31384247.3890631
 31384538.3900244  31384827.39097908 31385117.39193707 31385406.39289176
 31385696.39384975 31385985.39480443 31386275.39576242 31386565.39672041
 31386855.3976784  31387143.39862978 31387433.39958777 31387723.40054576]"	0.0	0.0	0.0
2718.934358664141	2.0	trials	5.0	0.0	0.0	0.0	0.0	0.0	True	40.0	0.0	0.005	"[31477259.69631971 31477549.69727769 31477838.69823238 31478127.69918706
 31478417.70014505 31478708.70110634 31478996.70205772 31479285.70301241
 31479576.7039737  31479866.70493169 31480155.70588638 31480445.70684437
 31480733.70779575 31481024.70875704 31481314.70971503 31481603.71066971
 31481893.7116277  31482182.71258238 31482472.71354038 31482761.71449506]"	0.0	0.0	0.0
2727.9108299170493	2.0	trials	5.0	0.0	0.0	0.0	0.0	0.0	True	40.0	0.0	0.005	"[31581153.03952069 31581443.04047868 31581734.04143997 31582022.04239135
 31582313.04335264 31582602.04430733 31582892.04526531 31583182.04622331
 31583471.04717799 31583761.04813597 31584051.04909397 31584340.05004865
 31584629.05100333 31584919.05196132 31585208.05291601 31585499.05387729
 31585788.05483199 31586078.05578997 31586368.05674797 31586656.05769934]"	0.0	0.0	0.0
2734.1624089685383	2.0	trials	5.0	0.0	0.0	0.0	0.0	0.0	True	40.0	0.0	0.005	"[31653510.27854539 31653799.27950007 31654088.28045476 31654379.28141605
 31654668.28237073 31654958.28332872 31655247.28428341 31655537.2852414
 31655826.28619608 31656116.28715407 31656406.28811206 31656696.28907005
 31656984.29002143 31657275.29098272 31657565.29194071 31657853.29289209
 31658143.29385008 31658434.29481137 31658722.29576275 31659012.29672074]"	0.0	0.0	0.0
2740.354803824518	2.0	trials	5.0	0.0	0.0	0.0	0.0	0.0	True	40.0	0.0	0.005	"[31725179.51529735 31725471.51626195 31725759.51721333 31726049.51817131
 31726339.5191293  31726628.52008399 31726919.52104528 31727207.52199666
 31727497.52295465 31727788.52391594 31728077.52487062 31728367.52582861
 31728655.52677999 31728946.52774128 31729235.52869597 31729525.52965396
 31729815.53061194 31730104.53156663 31730393.53252131 31730684.53348261]"	0.0	0.0	0.0
2747.7228473641394	2.0	trials	5.0	0.0	0.0	0.0	0.0	0.0	True	40.0	0.0	0.005	"[31810458.79700869 31810748.79796668 31811038.79892467 31811327.79987935
 31811616.80083404 31811906.80179202 31812197.80275332 31812485.8037047
 31812776.80466599 31813065.80562067 31813355.80657866 31813645.80753665
 31813934.80849133 31814223.80944602 31814513.81040401 31814804.8113653
 31815092.81231668 31815383.81327798 31815671.81422936 31815961.81518734]"	0.0	0.0	0.0
2755.1391886633082	2.0	trials	5.0	0.0	0.0	0.0	0.0	0.0	True	40.0	0.0	0.005	"[31896297.08056664 31896587.08152462 31896876.08247931 31897165.08343399
 31897455.08439198 31897745.08534998 31898035.08630796 31898324.08726264
 31898613.08821733 31898904.08917862 31899193.09013331 31899483.0910913
 31899772.09204598 31900061.09300067 31900351.09395865 31900642.09491995
 31900931.09587463 31901220.09682931 31901510.0977873  31901799.09874199]"	0.0	0.0	0.0
2763.4127935943648	2.0	trials	5.0	0.0	0.0	0.0	0.0	0.0	True	40.0	0.0	0.005	"[31992056.3968977  31992345.39785238 31992635.39881037 31992925.39976836
 31993214.40072304 31993505.40168434 31993794.40263902 31994084.40359701
 31994373.40455169 31994662.40550638 31994952.40646437 31995242.40742236
 31995532.40838034 31995821.40933503 31996110.41028971 31996400.4112477
 31996690.41220569 31996979.41316037 31997269.41411836 31997558.41507304]"	0.0	0.0	0.0
2771.8477942585764	2.0	trials	5.0	0.0	0.0	0.0	0.0	0.0	True	40.0	0.0	0.005	"[32089682.71939622 32089972.72035421 32090261.72130889 32090551.72226688
 32090841.72322487 32091131.72418286 32091420.72513755 32091710.72609553
 32092000.72705352 32092289.72800821 32092578.72896289 32092868.72992088
 32093159.73088217 32093449.73184016 32093738.73279484 32094027.73374953
 32094317.73470752 32094607.7356655  32094896.73662019 32095186.73757818]"	0.0	0.0	0.0
2778.9472193108427	2.0	trials	5.0	0.0	0.0	0.0	0.0	0.0	True	40.0	0.0	0.005	"[32171852.99083727 32172141.99179195 32172430.99274664 32172721.99370793
 32173010.99466261 32173300.9956206  32173589.99657528 32173878.99752997
 32174169.99849126 32174458.99944595 32174749.00040393 32175038.00135862
 32175328.00231661 32175618.00327459 32175907.00422928 32176197.00518727
 32176487.00614526 32176776.00709995 32177065.00805463 32177356.00901592]"	0.0	0.0	0.0
2786.945293731711	2.0	trials	5.0	0.0	0.0	0.0	0.0	0.0	True	40.0	0.0	0.005	"[32264422.29663045 32264711.29758514 32265000.29853983 32265290.29949781
 32265581.3004591  32265870.30141379 32266160.30237177 32266449.30332647
 32266739.30428445 32267029.30524244 32267318.30619713 32267608.30715511
 32267898.3081131  32268188.30907109 32268476.31002247 32268767.31098376
 32269057.31194175 32269345.31289313 32269637.31385773 32269925.31480911]"	0.0	0.0	0.0
2794.3613758300235	2.0	trials	5.0	0.0	0.0	0.0	0.0	0.0	True	40.0	0.0	0.005	"[32350256.58017519 32350547.58113648 32350835.58208786 32351125.58304585
 32351415.58400384 32351704.58495853 32351994.58591651 32352285.58687781
 32352573.58782919 32352863.58878717 32353153.58974516 32353441.59069654
 32353732.59165784 32354021.59261252 32354311.59357051 32354602.5945318
 32354891.59548648 32355180.59644117 32355470.59739916 32355759.59835384]"	0.0	0.0	0.0
2802.4937162944266	2.0	trials	5.0	0.0	0.0	0.0	0.0	0.0	True	40.0	0.0	0.005	"[32444380.89110518 32444670.89206317 32444960.89302116 32445248.89397253
 32445540.89493713 32445830.89589511 32446119.8968498  32446408.89780449
 32446698.89876248 32446987.89971716 32447277.90067515 32447566.90162983
 32447855.90258452 32448145.90354251 32448435.90450049 32448726.90546179
 32449014.90641317 32449304.90737116 32449594.90832914 32449884.90928713]"	0.0	0.0	0.0
2808.7255960808407	2.0	trials	5.0	0.0	0.0	0.0	0.0	0.0	True	40.0	0.0	0.005	"[32516509.1293734  32516798.13032808 32517089.13128937 32517377.13224075
 32517667.13319875 32517958.13416003 32518246.13511141 32518537.13607271
 32518827.1370307  32519115.13798207 32519405.13894007 32519695.13989805
 32519985.14085605 32520275.14181403 32520564.14276872 32520854.14372671
 32521143.14468139 32521433.14563938 32521721.14659076 32522012.14755205]"	0.0	0.0	0.0
2816.7956419394595	2.0	trials	5.0	0.0	0.0	0.0	0.0	0.0	True	40.0	0.0	0.005	"[32609912.43792163 32610203.43888292 32610491.4398343  32610781.44079229
 32611071.44175028 32611361.44270827 32611650.44366295 32611941.44462424
 32612229.44557562 32612520.44653691 32612809.4474916  32613099.44844959
 32613389.44940758 32613679.45036556 32613967.45131695 32614258.45227824
 32614546.45322962 32614837.45419091 32615127.4551489  32615415.45610028]"	0.0	0.0	0.0
2822.7714312799035	2.0	trials	5.0	0.0	0.0	0.0	0.0	0.0	True	40.0	0.0	0.005	"[32679076.66639855 32679366.66735654 32679657.66831783 32679947.66927582
 32680236.6702305  32680525.67118518 32680815.67214317 32681105.67310116
 32681394.67405585 32681683.67501053 32681973.67596852 32682264.67692981
 32682553.6778845  32682843.67884248 32683132.67979717 32683422.68075516
 32683712.68171315 32684002.68267114 32684291.68362582 32684580.6845805 ]"	0.0	0.0	0.0
2828.66332594321	2.0	trials	5.0	0.0	0.0	0.0	0.0	0.0	True	40.0	0.0	0.005	"[32747270.89167116 32747559.89262585 32747849.89358383 32748139.89454182
 32748428.89549651 32748718.89645449 32749008.89741248 32749297.89836717
 32749586.89932186 32749876.90027985 32750165.90123452 32750455.90219252
 32750745.90315051 32751035.90410849 32751325.90506648 32751614.90602117
 32751904.90697915 32752193.90793384 32752483.90889183 32752773.90984982]"	0.0	0.0	0.0
2836.709352522483	2.0	trials	5.0	0.0	0.0	0.0	0.0	0.0	True	40.0	0.0	0.005	"[32840396.19930105 32840684.20025243 32840974.20121041 32841264.2021684
 32841554.20312639 32841843.20408108 32842133.20503907 32842423.20599705
 32842711.20694843 32843002.20790973 32843291.20886441 32843581.2098224
 32843871.21078039 32844160.21173507 32844450.21269306 32844740.21365105
 32845030.21460904 32845319.21556372 32845608.21651841 32845897.21747309]"	0.0	0.0	0.0
2841.9954947847446	2.0	trials	5.0	0.0	0.0	0.0	0.0	0.0	True	40.0	0.0	0.005	"[32901578.40141016 32901867.40236485 32902158.40332614 32902445.40427421
 32902735.4052322  32903026.40619349 32903316.40715149 32903604.40810287
 32903894.40906085 32904185.41002215 32904474.41097683 32904763.41193152
 32905053.41288951 32905343.41384749 32905633.41480549 32905921.41575686
 32906211.41671485 32906501.41767284 32906792.41863413 32907081.41958882]"	0.0	0.0	0.0
2850.5999264086554	2.0	trials	5.0	0.0	0.0	0.0	0.0	0.0	True	40.0	0.0	0.005	"[33001166.73038998 33001456.73134796 33001745.73230264 33002034.73325732
 33002325.73421862 33002615.73517661 33002905.7361346  33003192.73708268
 33003484.73804727 33003773.73900196 33004061.73995334 33004351.74091132
 33004641.74186932 33004931.7428273  33005222.74378859 33005511.74474328
 33005800.74569796 33006090.74665595 33006379.74761064 33006670.74857193]"	0.0	0.0	0.0
2857.7276043542524	2.0	trials	5.0	0.0	0.0	0.0	0.0	0.0	True	40.0	0.0	0.005	"[33083662.00290463 33083953.00386592 33084241.0048173  33084531.00577529
 33084821.00673328 33085111.00769126 33085400.00864595 33085690.00960394
 33085979.01055862 33086269.01151661 33086558.0124713  33086849.01343258
 33087138.01438727 33087429.01534856 33087717.01629994 33088007.01725793
 33088297.01821592 33088586.0191706  33088876.02012859 33089166.02108658]"	0.0	0.0	0.0
2865.2280995314154	2.0	trials	5.0	0.0	0.0	0.0	0.0	0.0	True	40.0	0.0	0.005	"[33170474.28968009 33170764.29063808 33171052.29158946 33171342.29254745
 33171631.29350213 33171922.29446343 33172210.29541481 33172500.2963728
 33172790.29733078 33173080.29828877 33173369.29924346 33173659.30020144
 33173949.30115944 33174238.30211412 33174527.30306881 33174818.3040301
 33175107.30498478 33175397.30594277 33175687.30690076 33175977.30785875]"	0.0	0.0	0.0
2871.995661087403	2.0	trials	5.0	0.0	0.0	0.0	0.0	0.0	True	40.0	0.0	0.005	"[33248801.54842614 33249091.54938413 33249382.55034542 33249671.55130011
 33249960.55225479 33250250.55321278 33250540.55417077 33250828.55512215
 33251119.55608344 33251409.55704143 33251699.55799942 33251987.5589508
 33252277.55990879 33252567.56086678 33252857.56182476 33253146.56277945
 33253437.56374074 33253725.56469212 33254014.56564681 33254305.5666081 ]"	0.0	0.0	0.0
2878.182007923403	2.0	trials	5.0	0.0	0.0	0.0	0.0	0.0	True	40.0	0.0	0.005	"[33320402.78495346 33320693.78591476 33320981.78686614 33321271.78782413
 33321561.78878212 33321851.78974011 33322141.7906981  33322430.79165278
 33322720.79261077 33323009.79356545 33323298.79452014 33323588.79547812
 33323878.79643611 33324168.7973941  33324457.79834879 33324747.79930677
 33325037.80026476 33325327.80122275 33325616.80217744 33325905.80313212]"	0.0	0.0	0.0
2884.1640180843974	2.0	trials	5.0	0.0	0.0	0.0	0.0	0.0	True	40.0	0.0	0.005	"[33389640.01367154 33389930.01462952 33390220.01558752 33390508.0165389
 33390799.01750018 33391088.01845487 33391379.01941616 33391668.02037085
 33391957.02132554 33392246.02228022 33392536.0232382  33392827.0241995
 33393116.02515418 33393406.02611217 33393694.02706356 33393985.02802484
 33394274.02897952 33394564.02993752 33394853.0308922  33395143.03185019]"	0.0	0.0	0.0
2890.313990400238	2.0	trials	5.0	0.0	0.0	0.0	0.0	0.0	True	40.0	0.0	0.005	"[33460820.24880813 33461109.24976281 33461398.2507175  33461688.25167549
 33461979.25263677 33462268.25359146 33462557.25454615 33462846.25550083
 33463136.25645882 33463426.25741681 33463716.2583748  33464006.25933279
 33464296.26029077 33464586.26124876 33464875.26220345 33465164.26315814
 33465453.26411282 33465743.26507081 33466032.26602549 33466323.26698678]"	0.0	0.0	0.0
2897.1240608966496	2.0	trials	5.0	0.0	0.0	0.0	0.0	0.0	True	40.0	0.0	0.005	"[33539640.50918275 33539929.51013744 33540219.51109543 33540509.51205342
 33540798.5130081  33541089.51396939 33541378.51492408 33541668.51588207
 33541957.51683675 33542246.51779144 33542536.51874943 33542826.51970742
 33543115.5206621  33543405.52162009 33543694.52257477 33543985.52353607
 33544274.52449076 33544563.52544543 33544853.52640342 33545144.52736471]"	0.0	0.0	0.0
2903.9426850213167	2.0	trials	5.0	0.0	0.0	0.0	0.0	0.0	True	40.0	0.0	0.005	"[33618559.76988442 33618847.7708358  33619138.7717971  33619427.77275178
 33619717.77370977 33620007.77466776 33620296.77562244 33620586.77658043
 33620875.77753512 33621165.77849311 33621455.77945109 33621745.78040908
 33622033.78136046 33622324.78232175 33622614.78327974 33622903.78423443
 33623193.78519242 33623482.7861471  33623773.7871084  33624061.78805978]"	0.0	0.0	0.0
2910.1980656853643	2.0	trials	5.0	0.0	0.0	0.0	0.0	0.0	True	40.0	0.0	0.005	"[33690959.00904787 33691248.01000256 33691539.01096385 33691828.01191853
 33692118.01287652 33692407.0138312  33692698.01479249 33692987.01574717
 33693277.01670517 33693566.01765986 33693857.01862115 33694145.01957253
 33694436.02053382 33694724.0214852  33695015.02244649 33695304.02340118
 33695594.02435917 33695883.02531385 33696173.02627183 33696462.02722652]"	0.0	0.0	0.0
2917.7882443587882	2.0	trials	5.0	0.0	0.0	0.0	0.0	0.0	True	40.0	0.0	0.005	"[33778808.29924897 33779099.30021026 33779387.30116165 33779677.30211964
 33779968.30308092 33780257.30403561 33780546.30499029 33780836.30594828
 33781125.30690297 33781415.30786096 33781705.30881894 33781995.30977693
 33782284.31073162 33782574.31168961 33782863.31264429 33783154.31360558
 33783443.31456026 33783733.31551825 33784022.31647294 33784312.31743093]"	0.0	0.0	0.0
2926.4644746198783	2.0	trials	5.0	0.0	0.0	0.0	0.0	0.0	True	40.0	0.0	0.005	"[33879228.63097721 33879516.6319286  33879807.63288989 33880096.63384458
 33880386.63480256 33880675.63575725 33880966.63671854 33881254.63766992
 33881544.63862791 33881834.6395859  33882124.64054389 33882413.64149857
 33882702.64245325 33882993.64341455 33883282.64436923 33883572.64532722
 33883861.64628191 33884150.64723659 33884441.64819788 33884730.64915257]"	0.0	0.0	0.0
2935.224426757536	2.0	trials	5.0	0.0	0.0	0.0	0.0	0.0	True	40.0	0.0	0.005	"[33980615.96589986 33980904.96685454 33981194.96781252 33981485.96877383
 33981774.96972851 33982064.9706865  33982354.97164448 33982643.97259917
 33982933.97355716 33983223.97451515 33983512.97546983 33983802.97642782
 33984091.9773825  33984381.97834049 33984670.97929518 33984960.98025316
 33985250.98121116 33985538.98216253 33985829.98312382 33986119.98408181]"	0.0	0.0	0.0
2940.504520999819	2.0	trials	5.0	0.0	0.0	0.0	0.0	0.0	True	40.0	0.0	0.005	"[34041727.16777443 34042019.16873902 34042308.16969371 34042596.1706451
 34042887.17160638 34043177.17256437 34043466.17351906 34043756.17447704
 34044046.17543504 34044334.17638642 34044624.1773444  34044914.17830239
 34045204.17926038 34045493.18021507 34045784.18117636 34046071.18212444
 34046363.18308903 34046652.18404371 34046941.1849984  34047231.18595639]"	0.0	0.0	0.0
2948.5865764981104	2.0	trials	5.0	0.0	0.0	0.0	0.0	0.0	True	40.0	0.0	0.005	"[34135270.47678514 34135560.47774313 34135850.47870111 34136138.47965249
 34136429.48061379 34136718.48156847 34137008.48252646 34137297.48348115
 34137587.48443913 34137877.48539713 34138167.48635511 34138456.48730979
 34138746.48826779 34139035.48922247 34139324.49017715 34139615.49113845
 34139905.49209643 34140194.49305112 34140483.49400581 34140774.49496709]"	0.0	0.0	0.0
2955.072386723359	2.0	trials	5.0	0.0	0.0	0.0	0.0	0.0	True	40.0	0.0	0.005	"[34210338.72476538 34210626.72571676 34210917.72667805 34211207.72763605
 34211497.72859403 34211786.72954872 34212076.7305067  34212364.73145809
 34212654.73241608 34212945.73337737 34213234.73433205 34213523.73528673
 34213814.73624803 34214103.73720271 34214392.7381574  34214683.73911869
 34214971.74007007 34215261.74102806 34215551.74198604 34215840.74294073]"	0.0	0.0	0.0
2962.254324048197	2.0	trials	5.0	0.0	0.0	0.0	0.0	0.0	True	40.0	0.0	0.005	"[34293461.99935457 34293751.00030927 34294042.00127055 34294332.00222854
 34294621.00318322 34294910.0041379  34295199.00509259 34295490.00605389
 34295780.00701188 34296070.00796986 34296358.00892124 34296648.00987923
 34296939.01084053 34297227.01179191 34297517.0127499  34297806.01370458
 34298096.01466256 34298387.01562386 34298677.01658185 34298965.01753323]"	0.0	0.0	0.0
2968.482920623765	2.0	trials	5.0	0.0	0.0	0.0	0.0	0.0	True	40.0	0.0	0.005	"[34365552.23749727 34365843.23845856 34366132.23941325 34366422.24037123
 34366711.24132591 34367000.2422806  34367290.24323859 34367581.24419988
 34367868.24514797 34368160.24611256 34368449.24706724 34368738.24802192
 34369029.24898322 34369318.2499379  34369608.25089589 34369897.25185058
 34370187.25280856 34370476.25376325 34370767.25472454 34371056.25567923]"	0.0	0.0	0.0
2974.464844384474	2.0	trials	5.0	0.0	0.0	0.0	0.0	0.0	True	40.0	0.0	0.005	"[34434786.46620543 34435077.46716671 34435366.4681214  34435656.46907939
 34435947.47004069 34436236.47099537 34436524.47194675 34436814.47290473
 34437104.47386273 34437395.47482401 34437683.4757754  34437973.47673339
 34438263.47769137 34438552.47864606 34438842.47960405 34439132.48056204
 34439422.48152003 34439711.48247471 34440000.48342939 34440290.48438738]"	0.0	0.0	0.0
2981.6047911706005	2.0	trials	5.0	0.0	0.0	0.0	0.0	0.0	True	40.0	0.0	0.005	"[34517425.73919577 34517715.74015376 34518005.74111175 34518295.74206974
 34518585.74302772 34518875.74398571 34519163.74493709 34519453.74589508
 34519744.74685638 34520033.74781106 34520323.74876904 34520613.74972703
 34520902.75068172 34521191.75163641 34521479.75258779 34521770.75354908
 34522060.75450707 34522350.75546505 34522640.75642305 34522928.75737442]"	0.0	0.0	0.0
2989.7112115493783	2.0	trials	5.0	0.0	0.0	0.0	0.0	0.0	True	40.0	0.0	0.005	"[34611250.04913474 34611539.05008942 34611830.05105072 34612120.0520087
 34612409.05296338 34612699.05392137 34612988.05487606 34613277.05583074
 34613566.05678543 34613857.05774672 34614146.0587014  34614436.0596594
 34614725.06061408 34615015.06157206 34615305.06253006 34615594.06348474
 34615884.06444273 34616174.06540072 34616464.06635871 34616754.0673167 ]"	0.0	0.0	0.0
2996.3947920279425	2.0	trials	5.0	0.0	0.0	0.0	0.0	0.0	True	40.0	0.0	0.005	"[34688606.30467318 34688896.30563116 34689185.30658585 34689475.30754384
 34689764.30849852 34690055.30945981 34690344.3104145  34690633.31136919
 34690924.31233048 34691213.31328516 34691503.31424315 34691792.31519783
 34692083.31615912 34692371.31711051 34692662.3180718  34692951.31902649
 34693239.31997786 34693529.32093585 34693818.32189054 34694109.32285183]"	0.0	0.0	0.0
3004.657337722466	2.0	trials	5.0	0.0	0.0	0.0	0.0	0.0	True	40.0	0.0	0.005	"[34784237.6205814  34784527.62153939 34784817.62249737 34785107.62345537
 34785397.62441335 34785686.62536804 34785975.62632272 34786265.62728071
 34786554.6282354  34786844.62919338 34787135.63015468 34787423.63110606
 34787713.63206404 34788003.63302203 34788292.63397672 34788582.63493471
 34788872.6358927  34789161.63684738 34789451.63780537 34789740.63876005]"	0.0	0.0	0.0
3021.745845372704	2.0	trials	6.0	0.0	0.0	0.0	0.0	0.0	True	40.0	0.0	0.005	"[34982021.27393937 34982312.27490066 34982601.27585535 34982890.27681003
 34983180.27776802 34983471.27872931 34983760.279684   34984050.28064198
 34984339.28159667 34984629.28255466 34984918.28350934 34985208.28446732
 34985497.28542202 34985787.28638001 34986077.287338   34986366.28829268
 34986656.28925066 34986945.29020535 34987235.29116334 34987525.29212133]"	0.0	0.0	0.0
3030.835328198934	2.0	trials	6.0	0.0	0.0	0.0	0.0	0.0	True	40.0	0.0	0.005	"[35087224.62146782 35087513.6224225  35087803.62338049 35088093.62433848
 35088383.62529647 35088672.62625115 35088961.62720583 35089251.62816382
 35089542.62912512 35089831.6300798  35090121.63103779 35090409.63198917
 35090700.63295046 35090990.63390845 35091279.63486314 35091569.63582112
 35091859.63677911 35092148.6377338  35092437.63868848 35092728.63964978]"	0.0	0.0	0.0
3038.251496697533	2.0	trials	6.0	0.0	0.0	0.0	0.0	0.0	True	40.0	0.0	0.005	"[35173059.90501585 35173348.90597054 35173638.90692852 35173928.90788652
 35174217.9088412  35174507.90979919 35174796.91075387 35175086.91171186
 35175375.91266654 35175665.91362453 35175955.91458252 35176245.91554051
 35176534.9164952  35176824.91745318 35177113.91840786 35177403.91936586
 35177692.92032055 35177983.92128184 35178273.92223983 35178562.92319451]"	0.0	0.0	0.0
3043.4604835049186	2.0	trials	6.0	0.0	0.0	0.0	0.0	0.0	True	40.0	0.0	0.005	"[35233349.10417502 35233638.10512971 35233928.1060877  35234218.10704569
 35234507.10800037 35234796.10895506 35235087.10991634 35235377.11087434
 35235666.11182902 35235957.11279032 35236245.1137417  35236536.11470298
 35236824.11565437 35237114.11661236 35237404.11757034 35237694.11852834
 35237984.11948632 35238272.1204377  35238563.121399   35238853.12235699]"	0.0	0.0	0.0
3051.0152380613226	2.0	trials	6.0	0.0	0.0	0.0	0.0	0.0	True	40.0	0.0	0.005	"[35320788.39302173 35321076.39397311 35321367.3949344  35321656.39588909
 35321946.39684708 35322235.39780176 35322526.39876305 35322815.39971774
 35323105.40067573 35323395.40163372 35323685.40259171 35323974.40354639
 35324263.40450108 35324553.40545906 35324843.40641706 35325132.40737174
 35325421.40832642 35325712.40928771 35326001.4102424  35326292.41120369]"	0.0	0.0	0.0
3056.5156530314125	2.0	trials	6.0	0.0	0.0	0.0	0.0	0.0	True	40.0	0.0	0.005	"[35384450.6033233  35384739.60427798 35385029.60523597 35385319.60619397
 35385609.60715195 35385898.60810663 35386187.60906132 35386478.6100226
 35386767.6109773  35387057.61193529 35387346.61288997 35387636.61384796
 35387925.61480264 35388216.61576394 35388504.61671532 35388794.6176733
 35389084.61863129 35389374.61958928 35389663.62054397 35389953.62150196]"	0.0	0.0	0.0
3065.3980343735034	2.0	trials	6.0	0.0	0.0	0.0	0.0	0.0	True	40.0	0.0	0.005	"[35487254.94292687 35487545.94388817 35487833.94483954 35488123.94579753
 35488413.94675552 35488702.9477102  35488992.94866819 35489282.94962618
 35489572.95058417 35489861.95153885 35490150.95249354 35490441.95345483
 35490731.95441282 35491019.9553642  35491309.95632219 35491599.95728017
 35491889.95823816 35492178.95919285 35492468.96015084 35492758.96110883]"	0.0	0.0	0.0
3072.4371520265504	2.0	trials	6.0	0.0	0.0	0.0	0.0	0.0	True	40.0	0.0	0.005	"[35568728.21206544 35569015.21301351 35569306.21397481 35569596.2149328
 35569886.21589079 35570175.21684547 35570465.21780346 35570755.21876145
 35571044.21971613 35571334.22067412 35571622.2216255  35571913.2225868
 35572203.22354478 35572493.22450277 35572782.22545746 35573071.22641215
 35573361.22737013 35573651.22832812 35573940.2292828  35574230.23024078]"	0.0	0.0	0.0
3079.6279021805	2.0	trials	6.0	0.0	0.0	0.0	0.0	0.0	True	40.0	0.0	0.005	"[35651953.48699158 35652242.48794627 35652531.48890095 35652821.48985894
 35653110.49081363 35653400.49177162 35653689.4927263  35653979.49368428
 35654270.49464558 35654558.49559696 35654849.49655826 35655138.49751294
 35655428.49847092 35655717.49942561 35656007.5003836  35656297.50134159
 35656587.50229958 35656876.50325426 35657166.50421225 35657455.50516693]"	0.0	0.0	0.0
3085.0037279390226	2.0	trials	6.0	0.0	0.0	0.0	0.0	0.0	True	40.0	0.0	0.005	"[35714172.69252633 35714462.69348432 35714751.69443901 35715042.6954003
 35715330.69635168 35715620.69730967 35715910.69826765 35716200.69922564
 35716489.70018033 35716778.70113501 35717068.70209301 35717358.70305099
 35717648.70400898 35717938.70496697 35718228.70592496 35718517.70687965
 35718807.70783763 35719096.70879231 35719386.7097503  35719674.71070169]"	0.0	0.0	0.0
3092.7749152103906	2.0	trials	6.0	0.0	0.0	0.0	0.0	0.0	True	40.0	0.0	0.005	"[35804117.98965137 35804406.99060606 35804696.99156405 35804986.99252205
 35805275.99347673 35805565.99443471 35805855.9953927  35806145.99635069
 35806434.99730537 35806723.99826006 35807013.99921805 35807304.00017603
 35807594.00113402 35807883.00208871 35808173.0030467  35808463.00400469
 35808752.00495937 35809042.00591736 35809331.00687205 35809620.00782672]"	0.0	0.0	0.0
3100.369932299798	2.0	trials	6.0	0.0	0.0	0.0	0.0	0.0	True	40.0	0.0	0.005	"[35892023.28003747 35892312.28099216 35892601.28194684 35892892.28290813
 35893181.28386281 35893471.28482081 35893760.28577549 35894050.28673348
 35894340.28769147 35894629.28864615 35894919.28960413 35895208.29055883
 35895498.29151682 35895788.2924748  35896078.29343279 35896366.29438417
 35896657.29534546 35896946.29630015 35897236.29725814 35897524.29820952]"	0.0	0.0	0.0
3105.920632236	2.0	trials	6.0	0.0	0.0	0.0	0.0	0.0	True	40.0	0.0	0.005	"[35956266.49225832 35956556.49321631 35956845.49417099 35957135.49512898
 35957425.49608697 35957714.49704165 35958004.49799964 35958294.49895763
 35958583.49991231 35958874.5008736  35959163.50182829 35959453.50278629
 35959742.50374097 35960032.50469895 35960322.50565694 35960612.50661493
 35960900.50756631 35961190.5085243  35961480.50948229 35961770.51044028]"	0.0	0.0	0.0
3113.3539079911093	2.0	trials	6.0	0.0	0.0	0.0	0.0	0.0	True	40.0	0.0	0.005	"[36042300.77646374 36042590.77742172 36042879.77837641 36043169.7793344
 36043458.78028908 36043748.78124707 36044038.78220506 36044328.78316305
 36044617.78411773 36044907.78507572 36045197.7860337  36045485.78698509
 36045776.78794638 36046066.78890437 36046355.78985906 36046644.79081374
 36046934.79177173 36047224.79272972 36047513.7936844  36047802.79463909]"	0.0	0.0	0.0
3119.6721880629393	2.0	trials	6.0	0.0	0.0	0.0	0.0	0.0	True	40.0	0.0	0.005	"[36115428.01803206 36115718.01899005 36116007.01994474 36116298.02090602
 36116586.0218574  36116876.0228154  36117166.02377338 36117455.02472807
 36117746.02568936 36118036.02664735 36118324.02759872 36118615.02856002
 36118904.0295147  36119193.0304694  36119484.03143068 36119773.03238537
 36120062.03334005 36120352.03429804 36120641.03525273 36120931.03621072]"	0.0	0.0	0.0
3125.372274092624	2.0	trials	6.0	0.0	0.0	0.0	0.0	0.0	True	40.0	0.0	0.005	"[36181403.23597442 36181692.2369291  36181981.23788378 36182271.23884177
 36182560.23979645 36182850.24075444 36183139.24170914 36183429.24266712
 36183719.24362511 36184009.2445831  36184299.24554108 36184588.24649577
 36184877.24745046 36185168.24841174 36185457.24936643 36185746.25032111
 36186037.25128241 36186326.25223709 36186615.25319178 36186906.25415307]"	0.0	0.0	0.0
3131.876055577239	2.0	trials	6.0	0.0	0.0	0.0	0.0	0.0	True	40.0	0.0	0.005	"[36256676.48463186 36256967.48559315 36257256.48654784 36257545.48750252
 36257836.48846381 36258125.48941849 36258416.49037979 36258704.49133117
 36258994.49228916 36259283.49324384 36259573.49420183 36259863.49515981
 36260152.4961145  36260442.49707249 36260732.49803048 36261021.49898516
 36261311.49994315 36261600.50089784 36261891.50185913 36262180.50281381]"	0.0	0.0	0.0
3137.1952027485295	2.0	trials	6.0	0.0	0.0	0.0	0.0	0.0	True	40.0	0.0	0.005	"[36318241.68800618 36318531.68896417 36318820.68991885 36319109.69087353
 36319399.69183152 36319689.69278952 36319978.6937442  36320269.69470549
 36320558.69566017 36320848.69661815 36321137.69757284 36321426.69852753
 36321717.69948882 36322005.70044021 36322295.70139819 36322586.70235948
 36322876.70331747 36323165.70427216 36323454.70522684 36323744.70618483]"	0.0	0.0	0.0
3142.8020628702507	2.0	trials	6.0	0.0	0.0	0.0	0.0	0.0	True	40.0	0.0	0.005	"[36383135.90237755 36383423.90332893 36383714.90429021 36384003.9052449
 36384292.90619958 36384583.90716088 36384872.90811556 36385161.90907025
 36385452.91003153 36385742.91098953 36386032.91194752 36386321.9129022
 36386610.91385688 36386900.91481487 36387190.91577286 36387479.91672755
 36387769.91768554 36388058.91864022 36388348.91959821 36388638.9205562 ]"	0.0	0.0	0.0
3151.8625152005825	2.0	trials	6.0	0.0	0.0	0.0	0.0	0.0	True	40.0	0.0	0.005	"[36488002.24879274 36488291.24974743 36488582.25070871 36488870.2516601
 36489161.2526214  36489450.25357608 36489739.25453077 36490030.25549205
 36490318.25644343 36490608.25740142 36490898.25835941 36491188.2593174
 36491477.26027209 36491768.26123337 36492057.26218806 36492346.26314274
 36492636.26410074 36492926.26505872 36493215.26601341 36493506.2669747 ]"	0.0	0.0	0.0
3158.108391833234	2.0	trials	6.0	0.0	0.0	0.0	0.0	0.0	True	40.0	0.0	0.005	"[36560291.48759282 36560581.4885508  36560871.48950879 36561160.49046347
 36561450.49142146 36561740.49237945 36562029.49333414 36562319.49429213
 36562608.49524681 36562898.49620479 36563188.49716278 36563478.49812078
 36563767.49907546 36564057.50003345 36564346.50098813 36564637.50194942
 36564926.50290411 36565215.50385879 36565506.50482009 36565795.50577477]"	0.0	0.0	0.0
3165.608282208399	2.0	trials	6.0	0.0	0.0	0.0	0.0	0.0	True	40.0	0.0	0.005	"[36647095.77434186 36647385.77529984 36647675.77625784 36647964.77721252
 36648254.7781705  36648543.77912518 36648833.78008318 36649123.78104116
 36649413.78199916 36649702.78295384 36649991.78390852 36650281.78486651
 36650571.7858245  36650861.78678249 36651151.78774048 36651440.78869516
 36651729.78964984 36652019.79060783 36652309.79156582 36652598.7925205 ]"	0.0	0.0	0.0
3171.3567523979164	2.0	trials	6.0	0.0	0.0	0.0	0.0	0.0	True	40.0	0.0	0.005	"[36713628.9941275  36713918.99508549 36714207.99604018 36714498.99700148
 36714787.99795616 36715076.99891084 36715367.99987213 36715656.00082351
 36715946.0017815  36716236.00273949 36716525.00369418 36716816.00465547
 36717106.00561345 36717395.00656814 36717685.00752613 36717974.00848081
 36718263.0094355  36718554.01039679 36718843.01135147 36719132.01230615]"	0.0	0.0	0.0
3178.016745598562	2.0	trials	6.0	0.0	0.0	0.0	0.0	0.0	True	40.0	0.0	0.005	"[36790713.24876742 36791002.2497221  36791292.2506801  36791581.25163478
 36791871.25259276 36792161.25355075 36792451.25450874 36792740.25546342
 36793030.25642142 36793320.2573794  36793609.25833409 36793899.25929207
 36794189.26025006 36794477.26120145 36794767.26215944 36795058.26312073
 36795347.26407541 36795636.2650301  36795927.26599139 36796216.26694608]"	0.0	0.0	0.0
3185.7445599266516	2.0	trials	6.0	0.0	0.0	0.0	0.0	0.0	True	40.0	0.0	0.005	"[36880155.54423085 36880444.54518554 36880733.54614022 36881023.5470982
 36881313.54805619 36881603.54901418 36881892.54996887 36882182.55092686
 36882472.55188484 36882761.55283953 36883050.55379421 36883340.55475221
 36883630.55571019 36883920.55666818 36884209.55762286 36884500.55858415
 36884789.55953884 36885078.56049353 36885368.56145152 36885657.5624062 ]"	0.0	0.0	0.0
3193.7252678901514	2.0	trials	6.0	0.0	0.0	0.0	0.0	0.0	True	40.0	0.0	0.005	"[36972523.84936005 36972812.85031474 36973103.85127603 36973392.85223071
 36973682.8531887  36973971.85414339 36974260.85509807 36974551.85605936
 36974840.85701405 36975129.85796873 36975420.85893002 36975709.85988471
 36975999.8608427  36976289.86180069 36976578.86275537 36976868.86371335
 36977157.86466805 36977446.86562273 36977736.86658071 36978026.86753871]"	0.0	0.0	0.0
3201.5594409695873	2.0	trials	6.0	0.0	0.0	0.0	0.0	0.0	True	40.0	0.0	0.005	"[37063198.14889328 37063487.14984796 37063776.15080265 37064066.15176064
 37064356.15271863 37064645.15367331 37064936.1546346  37065225.15558928
 37065515.15654728 37065805.15750526 37066094.15845995 37066384.15941794
 37066674.16037592 37066963.16133061 37067252.1622853  37067543.16324659
 37067833.16420458 37068122.16515926 37068411.16611394 37068700.16706864]"	0.0	0.0	0.0
3209.331146642668	2.0	trials	6.0	0.0	0.0	0.0	0.0	0.0	True	40.0	0.0	0.005	"[37153148.44603484 37153438.44699283 37153727.44794751 37154017.44890551
 37154307.44986349 37154596.45081818 37154885.45177286 37155175.45273085
 37155464.45368553 37155755.45464683 37156044.45560151 37156333.45655619
 37156624.45751748 37156913.45847217 37157203.45943017 37157492.46038485
 37157782.46134283 37158072.46230082 37158361.46325551 37158651.4642135 ]"	0.0	0.0	0.0
3216.375793913982	2.0	trials	6.0	0.0	0.0	0.0	0.0	0.0	True	40.0	0.0	0.005	"[37234682.71537492 37234972.71633291 37235261.71728759 37235552.71824889
 37235840.71920027 37236130.72015826 37236420.72111625 37236709.72207092
 37237000.72303223 37237289.72398691 37237579.72494489 37237868.72589958
 37238158.72685757 37238448.72781555 37238737.72877023 37239027.72972823
 37239316.73068292 37239606.73164091 37239896.73259889 37240186.73355688]"	0.0	0.0	0.0
3225.218863126208	2.0	trials	6.0	0.0	0.0	0.0	0.0	0.0	True	40.0	0.0	0.005	"[37337034.05348205 37337323.05443674 37337613.05539472 37337902.0563494
 37338191.05730409 37338481.05826208 37338771.05922007 37339061.06017806
 37339351.06113604 37339639.06208742 37339929.06304541 37340219.0640034
 37340509.0649614  37340798.06591607 37341088.06687406 37341378.06783205
 37341667.06878674 37341957.06974473 37342246.07069941 37342537.0716607 ]"	0.0	0.0	0.0
3231.984178274775	2.0	trials	6.0	0.0	0.0	0.0	0.0	0.0	True	40.0	0.0	0.005	"[37415336.31214551 37415625.3131002  37415914.31405488 37416205.31501617
 37416494.31597086 37416783.31692554 37417073.31788353 37417363.31884152
 37417653.31979951 37417942.32075419 37418232.32171218 37418522.32267017
 37418811.32362486 37419101.32458284 37419391.32554083 37419680.32649552
 37419970.32745351 37420260.32841149 37420549.32936618 37420838.33032086]"	0.0	0.0	0.0
3239.625160316022	2.0	trials	6.0	0.0	0.0	0.0	0.0	0.0	True	40.0	0.0	0.005	"[37503772.60428572 37504062.6052437  37504352.60620169 37504641.60715637
 37504931.60811435 37505221.60907235 37505511.61003034 37505800.61098503
 37506089.61193971 37506380.612901   37506669.61385569 37506959.61481367
 37507248.61576836 37507538.61672635 37507828.61768433 37508117.61863901
 37508407.61959701 37508696.6205517  37508986.62150969 37509276.62246767]"	0.0	0.0	0.0
3246.73512620311	2.0	trials	6.0	0.0	0.0	0.0	0.0	0.0	True	40.0	0.0	0.005	"[37586064.87612978 37586354.87708776 37586643.87804245 37586932.87899713
 37587223.87995843 37587512.88091311 37587803.8818744  37588091.88282578
 37588382.88378707 37588671.88474176 37588961.88569975 37589249.88665113
 37589540.88761242 37589830.88857041 37590119.88952509 37590408.89047978
 37590699.89144107 37590988.89239576 37591278.89335375 37591567.89430843]"	0.0	0.0	0.0
3253.04113743441	2.0	trials	6.0	0.0	0.0	0.0	0.0	0.0	True	40.0	0.0	0.005	"[37659050.11722902 37659340.118187   37659630.11914499 37659919.12009969
 37660209.12105767 37660498.12201235 37660789.12297364 37661078.12392832
 37661368.12488632 37661657.12584101 37661947.12679899 37662236.12775367
 37662527.12871497 37662816.12966965 37663106.13062764 37663396.13158563
 37663685.13254032 37663975.1334983  37664264.13445298 37664554.13541098]"	0.0	0.0	0.0
3260.67944106681	2.0	trials	6.0	0.0	0.0	0.0	0.0	0.0	True	40.0	0.0	0.005	"[37747457.40927342 37747746.4102281  37748036.41118609 37748325.41214078
 37748615.41309877 37748905.41405676 37749194.41501144 37749484.41596943
 37749774.41692742 37750063.41788211 37750352.41883679 37750642.41979478
 37750932.42075276 37751221.42170745 37751512.42266874 37751800.42362012
 37752091.42458142 37752380.4255361  37752670.42649408 37752959.42744877]"	0.0	0.0	0.0
3266.373306275945	2.0	trials	6.0	0.0	0.0	0.0	0.0	0.0	True	40.0	0.0	0.005	"[37813357.62696802 37813647.62792601 37813937.628884   37814227.62984198
 37814516.63079666 37814806.63175466 37815096.63271264 37815385.63366733
 37815675.63462532 37815965.6355833  37816255.63654129 37816543.63749268
 37816833.63845067 37817123.63940866 37817413.64036664 37817702.64132132
 37817992.64227931 37818281.643234   37818572.6441953  37818861.64514998]"	0.0	0.0	0.0
3273.591272519801	2.0	trials	6.0	0.0	0.0	0.0	0.0	0.0	True	40.0	0.0	0.005	"[37896899.90294134 37897189.90389933 37897478.90485401 37897767.90580869
 37898057.90676669 37898347.90772468 37898637.90868267 37898926.90963735
 37899216.91059534 37899506.91155332 37899795.91250801 37900084.91346269
 37900375.91442399 37900664.91537867 37900954.91633666 37901243.91729135
 37901533.91824933 37901823.91920733 37902112.92016201 37902402.92111999]"	0.0	0.0	0.0
3281.675574425513	2.0	trials	6.0	0.0	0.0	0.0	0.0	0.0	True	40.0	0.0	0.005	"[37990467.21203133 37990757.21298932 37991047.2139473  37991336.21490199
 37991626.21585998 37991915.21681466 37992205.21777265 37992495.21873064
 37992785.21968862 37993075.22064662 37993363.221598   37993653.22255599
 37993942.22351067 37994233.22447196 37994523.22542995 37994812.22638464
 37995101.22733932 37995391.22829731 37995680.229252   37995972.23021659]"	0.0	0.0	0.0
3288.2492537410285	2.0	trials	6.0	0.0	0.0	0.0	0.0	0.0	True	40.0	0.0	0.005	"[38066551.46336783 38066842.46432912 38067131.46528381 38067421.4662418
 38067710.46719648 38068000.46815447 38068290.46911246 38068580.47007044
 38068869.47102513 38069159.47198312 38069448.47293781 38069738.47389579
 38070027.47485048 38070317.47580847 38070607.47676646 38070896.47772114
 38071187.47868244 38071476.47963712 38071766.4805951  38072054.48154649]"	0.0	0.0	0.0
3296.3916166385393	2.0	trials	6.0	0.0	0.0	0.0	0.0	0.0	True	40.0	0.0	0.005	"[38160792.77468432 38161081.77563901 38161371.77659699 38161661.77755498
 38161950.77850967 38162240.77946766 38162529.78042234 38162820.78138363
 38163109.78233831 38163400.78329961 38163688.78425099 38163978.78520898
 38164267.78616366 38164558.78712495 38164847.78807963 38165136.78903432
 38165427.78999562 38165715.790947   38166006.79190829 38166296.79286628]"	0.0	0.0	0.0
3304.851500584951	2.0	trials	6.0	0.0	0.0	0.0	0.0	0.0	True	40.0	0.0	0.005	"[38258708.09813753 38258997.09909222 38259287.1000502  38259576.10100488
 38259866.10196287 38260155.10291756 38260446.10387885 38260734.10483023
 38261024.10578822 38261314.1067462  38261604.1077042  38261893.10865888
 38262183.10961687 38262473.11057486 38262763.11153284 38263052.11248753
 38263341.11344222 38263631.1144002  38263921.1153582  38264211.11631618]"	0.0	0.0	0.0
3310.1075755478882	2.0	trials	6.0	0.0	0.0	0.0	0.0	0.0	True	40.0	0.0	0.005	"[38319541.29909376 38319831.30005174 38320120.30100643 38320410.30196442
 38320700.30292241 38320990.30388039 38321279.30483508 38321569.30579306
 38321858.30674775 38322147.30770244 38322438.30866373 38322728.30962171
 38323016.31057309 38323306.31153108 38323596.31248907 38323886.31344706
 38324175.31440175 38324465.31535974 38324755.31631772 38325044.31727241]"	0.0	0.0	0.0
3316.5501856304295	2.0	trials	6.0	0.0	0.0	0.0	0.0	0.0	True	40.0	0.0	0.005	"[38394108.54541899 38394398.54637698 38394689.54733826 38394977.54828965
 38395267.54924764 38395557.55020563 38395847.55116361 38396136.5521183
 38396425.55307298 38396716.55403428 38397005.55498896 38397295.55594695
 38397584.55690163 38397873.55785632 38398163.55881431 38398453.5597723
 38398743.56073029 38399033.56168827 38399322.56264296 38399612.56360095]"	0.0	0.0	0.0
3322.2643549066374	2.0	trials	6.0	0.0	0.0	0.0	0.0	0.0	True	40.0	0.0	0.005	"[38460245.7638965  38460535.76485448 38460824.76580916 38461114.76676715
 38461403.76772184 38461693.76867983 38461982.76963452 38462273.7705958
 38462562.77155049 38462852.77250847 38463141.77346316 38463430.77441785
 38463721.77537914 38464010.77633382 38464299.7772885  38464590.7782498
 38464879.77920448 38465168.78015917 38465459.78112046 38465748.78207515]"	0.0	0.0	0.0
3328.6779344932793	2.0	trials	6.0	0.0	0.0	0.0	0.0	0.0	True	40.0	0.0	0.005	"[38534476.00910848 38534766.01006646 38535055.01102115 38535346.01198244
 38535635.01293713 38535924.01389181 38536215.0148531  38536504.01580779
 38536794.01676578 38537083.01772046 38537373.01867845 38537663.01963644
 38537952.02059112 38538242.02154911 38538532.0225071  38538820.02345849
 38539110.02441647 38539400.02537446 38539689.02632914 38539980.02729044]"	0.0	0.0	0.0
3334.347521222213	2.0	trials	6.0	0.0	0.0	0.0	0.0	0.0	True	40.0	0.0	0.005	"[38600096.22587812 38600386.22683611 38600676.2277941  38600965.22874878
 38601255.22970677 38601545.23066476 38601835.23162275 38602124.23257743
 38602413.23353212 38602703.2344901  38602993.2354481  38603283.23640608
 38603573.23736407 38603863.23832206 38604152.23927674 38604441.24023142
 38604731.24118942 38605020.2421441  38605311.2431054  38605600.24406008]"	0.0	0.0	0.0
3341.4481558784746	2.0	trials	6.0	0.0	0.0	0.0	0.0	0.0	True	40.0	0.0	0.005	"[38682279.49736211 38682569.4983201  38682859.49927809 38683149.50023608
 38683439.50119407 38683728.50214875 38684018.50310674 38684307.50406142
 38684597.50501941 38684887.5059774  38685176.50693208 38685466.50789008
 38685756.50884806 38686045.50980275 38686335.51076074 38686624.51171542
 38686914.51267341 38687204.5136314  38687494.51458938 38687783.51554407]"	0.0	0.0	0.0
3347.6916997034205	2.0	trials	6.0	0.0	0.0	0.0	0.0	0.0	True	40.0	0.0	0.005	"[38754543.7360796  38754831.73703098 38755122.73799227 38755412.73895025
 38755702.73990825 38755992.74086623 38756280.74181762 38756570.7427756
 38756860.74373359 38757150.74469159 38757439.74564627 38757729.74660426
 38758018.74755894 38758309.74852023 38758597.74947161 38758888.75043291
 38759178.75139089 38759467.75234558 38759756.75330026 38760046.75425825]"	0.0	0.0	0.0
3355.9542453979434	2.0	trials	6.0	0.0	0.0	0.0	0.0	0.0	True	40.0	0.0	0.005	"[38850175.05198782 38850464.05294251 38850754.0539005  38851044.05485848
 38851333.05581317 38851622.05676785 38851913.05772915 38852201.05868053
 38852491.05963852 38852782.0605998  38853071.06155449 38853361.06251248
 38853650.06346716 38853940.06442515 38854229.06537984 38854519.06633782
 38854809.06729581 38855099.0682538  38855388.06920849 38855677.07016317]"	0.0	0.0	0.0
3364.5459761798984	2.0	trials	6.0	0.0	0.0	0.0	0.0	0.0	True	40.0	0.0	0.005	"[38949616.38048203 38949904.38143341 38950195.3823947  38950484.38334939
 38950775.38431068 38951065.38526867 38951353.38622005 38951643.38717803
 38951933.38813603 38952223.38909401 38952513.39005201 38952801.39100338
 38953092.39196467 38953381.39291935 38953671.39387735 38953960.39483204
 38954250.39579002 38954540.39674801 38954830.397706   38955119.39866068]"	0.0	0.0	0.0
3371.4641334333646	2.0	trials	6.0	0.0	0.0	0.0	0.0	0.0	True	40.0	0.0	0.005	"[39029685.64498261 39029975.6459406  39030266.6469019  39030555.64785658
 39030845.64881457 39031135.64977255 39031423.65072393 39031714.65168523
 39032004.65264322 39032292.6535946  39032582.65455259 39032872.65551057
 39033161.65646525 39033451.65742325 39033741.65838123 39034032.65934253
 39034320.66029391 39034610.6612519  39034900.66220989 39035190.66316788]"	0.0	0.0	0.0
3378.4241084249707	2.0	trials	6.0	0.0	0.0	0.0	0.0	0.0	True	40.0	0.0	0.005	"[39110242.91109526 39110531.91204995 39110820.91300464 39111110.91396262
 39111400.91492061 39111690.9158786  39111979.91683328 39112269.91779127
 39112558.91874596 39112849.91970725 39113138.92066193 39113427.92161662
 39113717.92257461 39114006.92352929 39114296.92448728 39114587.92544857
 39114876.92640325 39115165.92735794 39115455.92831593 39115745.92927392]"	0.0	0.0	0.0
3385.210073241751	2.0	trials	6.0	0.0	0.0	0.0	0.0	0.0	True	40.0	0.0	0.005	"[39188784.17054824 39189073.17150293 39189363.17246091 39189652.1734156
 39189942.17437359 39190231.17532828 39190521.17628627 39190811.17724425
 39191101.17820224 39191391.17916023 39191679.18011161 39191970.1810729
 39192259.18202759 39192549.18298557 39192838.18394026 39193129.18490155
 39193418.18585624 39193707.18681093 39193998.18777221 39194287.1887269 ]"	0.0	0.0	0.0
3390.4305512870974	2.0	trials	6.0	0.0	0.0	0.0	0.0	0.0	True	40.0	0.0	0.005	"[39249205.37014347 39249494.37109815 39249785.37205945 39250074.37301413
 39250364.37397211 39250654.37493011 39250943.37588479 39251233.37684277
 39251522.37779745 39251811.37875215 39252102.37971343 39252392.38067143
 39252680.38162281 39252971.3825841  39253260.38353878 39253550.38449677
 39253839.38545146 39254129.38640945 39254418.38736413 39254708.38832211]"	0.0	0.0	0.0
3399.124148005556	2.0	trials	6.0	0.0	0.0	0.0	0.0	0.0	True	40.0	0.0	0.005	"[39349826.7025357  39350116.70349368 39350405.70444837 39350695.70540636
 39350984.70636104 39351274.70731903 39351563.70827372 39351854.70923501
 39352144.71019299 39352432.71114437 39352722.71210236 39353012.71306036
 39353302.71401834 39353591.71497303 39353881.71593101 39354170.7168857
 39354460.71784369 39354750.71880168 39355039.71975636 39355329.72071435]"	0.0	0.0	0.0
3404.705520043081	2.0	trials	6.0	0.0	0.0	0.0	0.0	0.0	True	40.0	0.0	0.005	"[39414425.91593256 39414715.91689055 39415004.91784523 39415294.91880322
 39415583.91975791 39415873.92071589 39416163.92167389 39416453.92263187
 39416742.92358655 39417031.92454123 39417322.92550253 39417611.92645721
 39417900.9274119  39418191.9283732  39418480.92932788 39418770.93028586
 39419059.93124055 39419349.93219854 39419638.93315323 39419928.93411121]"	0.0	0.0	0.0
3425.817775385382	2.0	trials	7.0	0.0	0.0	0.0	0.0	0.0	True	40.0	0.0	0.005	"[39658780.72313355 39659069.72408824 39659360.72504953 39659649.72600421
 39659939.7269622  39660229.72792019 39660518.72887488 39660807.72982956
 39661097.73078755 39661387.73174553 39661675.73269691 39661966.73365821
 39662255.7346129  39662546.73557419 39662835.73652887 39663124.73748355
 39663414.73844154 39663704.73939953 39663994.74035752 39664283.7413122 ]"	0.0	0.0	0.0
3433.6184251540767	2.0	trials	7.0	0.0	0.0	0.0	0.0	0.0	True	40.0	0.0	0.005	"[39749065.02137845 39749355.02233644 39749645.02329443 39749934.02424911
 39750224.0252071  39750513.02616178 39750803.02711977 39751094.02808107
 39751382.02903245 39751672.02999043 39751962.03094842 39752251.0319031
 39752541.0328611  39752831.03381908 39753121.03477707 39753410.03573176
 39753699.03668644 39753989.03764442 39754280.03860573 39754569.03956041]"	0.0	0.0	0.0
3441.628336414046	2.0	trials	7.0	0.0	0.0	0.0	0.0	0.0	True	40.0	0.0	0.005	"[39841772.32762751 39842062.3285855  39842351.32954018 39842641.33049817
 39842930.33145285 39843220.33241084 39843510.33336883 39843800.33432682
 39844089.3352815  39844379.33623949 39844669.33719748 39844959.33815547
 39845248.33911015 39845538.34006814 39845827.34102283 39846117.34198081
 39846406.3429355  39846696.34389349 39846986.34485148 39847276.34580947]"	0.0	0.0	0.0
3449.0023415733613	2.0	trials	7.0	0.0	0.0	0.0	0.0	0.0	True	40.0	0.0	0.005	"[39927120.60956679 39927409.61052147 39927699.61147946 39927989.61243745
 39928278.61339214 39928568.61435012 39928858.61530811 39929147.61626279
 39929437.61722078 39929727.61817877 39930016.61913346 39930306.62009144
 39930596.62104943 39930885.62200411 39931175.6229621  39931464.62391679
 39931754.62487478 39932043.62582946 39932333.62678745 39932624.62774874]"	0.0	0.0	0.0
3457.0005887948005	2.0	trials	7.0	0.0	0.0	0.0	0.0	0.0	True	40.0	0.0	0.005	"[40019691.91536658 40019981.91632456 40020271.91728255 40020560.91823724
 40020850.91919523 40021140.92015322 40021430.92111121 40021719.92206589
 40022009.92302388 40022298.92397857 40022588.92493656 40022878.92589454
 40023168.92685253 40023457.92780721 40023746.9287619  40024036.92971989
 40024326.93067788 40024615.93163256 40024906.93259385 40025195.93354853]"	0.0	0.0	0.0
3464.578585027981	2.0	trials	7.0	0.0	0.0	0.0	0.0	0.0	True	40.0	0.0	0.005	"[40107400.2051019  40107690.20605989 40107979.20701458 40108269.20797256
 40108559.20893055 40108848.20988523 40109137.21083992 40109428.21180121
 40109718.2127592  40110007.21371388 40110297.21467187 40110586.21562656
 40110876.21658455 40111165.21753924 40111455.21849722 40111744.21945191
 40112034.22040989 40112324.22136788 40112614.22232587 40112903.22328056]"	0.0	0.0	0.0
3471.982398285764	2.0	trials	7.0	0.0	0.0	0.0	0.0	0.0	True	40.0	0.0	0.005	"[40193092.48817755 40193383.48913884 40193672.49009353 40193962.49105152
 40194251.4920062  40194541.49296419 40194830.49391887 40195120.49487686
 40195409.49583155 40195699.49678954 40195989.49774753 40196278.49870221
 40196568.49966019 40196857.50061489 40197148.50157617 40197438.50253416
 40197726.50348555 40198016.50444353 40198306.50540152 40198595.50635621]"	0.0	0.0	0.0
3480.4485030527253	2.0	trials	7.0	0.0	0.0	0.0	0.0	0.0	True	40.0	0.0	0.005	"[40291080.81187191 40291370.8128299  40291658.81378128 40291948.81473926
 40292238.81569725 40292527.81665194 40292818.81761323 40293107.81856792
 40293396.8195226  40293686.82048059 40293976.82143857 40294265.82239326
 40294555.82335126 40294845.82430924 40295135.82526723 40295424.82622191
 40295713.8271766  40296004.82813789 40296292.82908927 40296582.83004726]"	0.0	0.0	0.0
3488.968175996644	2.0	trials	7.0	0.0	0.0	0.0	0.0	0.0	True	40.0	0.0	0.005	"[40389686.13760447 40389977.13856576 40390266.13952044 40390557.14048173
 40390846.14143641 40391135.14239111 40391425.1433491  40391715.14430708
 40392004.14526176 40392294.14621975 40392584.14717774 40392874.14813573
 40393163.14909042 40393452.1500451  40393743.15100639 40394031.15195777
 40394321.15291577 40394611.15387375 40394901.15483174 40395191.15578973]"	0.0	0.0	0.0
3496.6006044096353	2.0	trials	7.0	0.0	0.0	0.0	0.0	0.0	True	40.0	0.0	0.005	"[40478026.42942754 40478314.43037892 40478605.43134022 40478894.4322949
 40479184.43325289 40479474.43421087 40479763.43516556 40480053.43612355
 40480342.43707824 40480632.43803622 40480922.43899421 40481211.43994889
 40481501.44090688 40481791.44186487 40482080.44281956 40482370.44377755
 40482660.44473553 40482949.44569021 40483239.4466482  40483529.44760619]"	0.0	0.0	0.0
3505.191557589021	2.0	trials	7.0	0.0	0.0	0.0	0.0	0.0	True	40.0	0.0	0.005	"[40577458.75789201 40577747.75884671 40578036.75980139 40578327.76076268
 40578616.76171736 40578906.76267535 40579195.76363004 40579485.76458803
 40579774.76554271 40580064.7665007  40580353.76745538 40580644.76841667
 40580933.76937136 40581223.77032935 40581512.77128404 40581802.77224202
 40582092.77320001 40582381.7741547  40582671.77511268 40582961.77607067]"	0.0	0.0	0.0
3512.7108880284054	2.0	trials	7.0	0.0	0.0	0.0	0.0	0.0	True	40.0	0.0	0.005	"[40664487.04538102 40664776.04633571 40665066.04729369 40665356.04825168
 40665646.04920967 40665936.05016766 40666225.05112235 40666515.05208033
 40666805.05303832 40667094.05399301 40667383.0549477  40667673.05590568
 40667964.05686697 40668253.05782166 40668542.05877634 40668831.05973103
 40669122.06069232 40669412.06165031 40669701.06260499 40669991.06356298]"	0.0	0.0	0.0
3518.208365388792	2.0	trials	7.0	0.0	0.0	0.0	0.0	0.0	True	40.0	0.0	0.005	"[40728115.25557028 40728406.25653157 40728695.25748625 40728985.25844423
 40729274.25939892 40729564.26035691 40729853.2613116  40730144.26227289
 40730432.26322427 40730722.26418225 40731012.26514025 40731301.26609494
 40731592.26705623 40731882.26801421 40732171.2689689  40732461.26992689
 40732750.27088157 40733040.27183955 40733329.27279425 40733619.27375223]"	0.0	0.0	0.0
3525.600428207759	2.0	trials	7.0	0.0	0.0	0.0	0.0	0.0	True	40.0	0.0	0.005	"[40813672.53819997 40813961.53915465 40814251.54011264 40814541.54107063
 40814831.54202861 40815120.54298329 40815410.54394129 40815699.54489597
 40815989.54585396 40816279.54681195 40816569.54776994 40816858.54872463
 40817147.54967931 40817437.55063729 40817727.55159529 40818016.55254997
 40818306.55350795 40818595.55446264 40818886.55542394 40819175.55637862]"	0.0	0.0	0.0
3533.8488906557595	2.0	trials	7.0	0.0	0.0	0.0	0.0	0.0	True	40.0	0.0	0.005	"[40909140.85356973 40909429.85452442 40909719.85548241 40910009.8564404
 40910298.85739508 40910588.85835307 40910877.85930775 40911168.86026905
 40911456.86122043 40911747.86218172 40912036.8631364  40912325.86409108
 40912616.86505238 40912905.86600706 40913195.86696506 40913484.86791974
 40913774.86887772 40914063.86983241 40914354.8707937  40914643.87174839]"	0.0	0.0	0.0
3540.8213072884664	2.0	trials	7.0	0.0	0.0	0.0	0.0	0.0	True	40.0	0.0	0.005	"[40989839.12014816 40990130.12110945 40990419.12206414 40990708.12301882
 40990999.12398012 40991288.1249348  40991577.12588949 40991868.12685078
 40992157.12780546 40992446.12876015 40992736.12971813 40993025.13067282
 40993315.13163082 40993605.1325888  40993895.13354678 40994184.13450147
 40994473.13545616 40994764.13641745 40995053.13737214 40995343.13833012]"	0.0	0.0	0.0
3549.722264691921	2.0	trials	7.0	0.0	0.0	0.0	0.0	0.0	True	40.0	0.0	0.005	"[41092860.46046858 41093149.46142326 41093439.46238124 41093729.46333923
 41094019.46429722 41094308.46525191 41094597.46620659 41094887.46716458
 41095177.46812257 41095466.46907726 41095756.47003524 41096046.47099324
 41096336.47195122 41096625.4729059  41096914.47386059 41097205.47482187
 41097494.47577657 41097784.47673456 41098073.47768924 41098363.47864722]"	0.0	0.0	0.0
3557.531208888015	2.0	trials	7.0	0.0	0.0	0.0	0.0	0.0	True	40.0	0.0	0.005	"[41183240.7590306  41183530.75998859 41183820.76094657 41184110.76190457
 41184399.76285925 41184689.76381724 41184978.76477192 41185267.76572661
 41185557.76668459 41185846.76763928 41186136.76859727 41186426.76955526
 41186716.77051325 41187005.77146793 41187295.77242592 41187585.77338391
 41187875.7743419  41188164.77529658 41188454.77625457 41188743.77720925]"	0.0	0.0	0.0
3563.1293425809104	2.0	trials	7.0	0.0	0.0	0.0	0.0	0.0	True	40.0	0.0	0.005	"[41248034.97307163 41248323.97402631 41248612.974981   41248903.97594228
 41249192.97689697 41249482.97785496 41249772.97881296 41250060.97976433
 41250350.98072232 41250640.98168031 41250930.9826383  41251219.98359298
 41251509.98455097 41251799.98550896 41252088.98646364 41252378.98742163
 41252668.98837962 41252958.98933761 41253247.99029229 41253537.99125028]"	0.0	0.0	0.0
3571.8581906158183	2.0	trials	7.0	0.0	0.0	0.0	0.0	0.0	True	40.0	0.0	0.005	"[41349063.30680834 41349352.30776303 41349642.30872102 41349931.3096757
 41350220.31063039 41350510.31158838 41350800.31254636 41351090.31350435
 41351380.31446234 41351669.31541702 41351958.31637171 41352248.3173297
 41352537.31828438 41352827.31924237 41353117.32020036 41353406.32115505
 41353696.32211304 41353986.32307103 41354276.32402901 41354566.324987  ]"	0.0	0.0	0.0
3580.5620689682414	2.0	trials	7.0	0.0	0.0	0.0	0.0	0.0	True	40.0	0.0	0.005	"[41449802.63959038 41450091.64054506 41450381.64150305 41450671.64246104
 41450960.64341572 41451250.64437371 41451540.6453317  41451829.64628638
 41452119.64724437 41452409.64820236 41452698.64915705 41452988.65011504
 41453277.65106972 41453567.6520277  41453857.65298569 41454147.65394368
 41454436.65489837 41454726.65585636 41455016.65681434 41455304.65776572]"	0.0	0.0	0.0
3589.4030645736184	2.0	trials	7.0	0.0	0.0	0.0	0.0	0.0	True	40.0	0.0	0.005	"[41552128.97761492 41552417.9785696  41552707.97952759 41552997.98048558
 41553286.98144026 41553576.98239826 41553866.98335624 41554155.98431093
 41554445.98526891 41554734.9862236  41555024.98718158 41555313.98813627
 41555604.98909756 41555894.99005555 41556182.99100693 41556472.99196492
 41556762.99292291 41557051.9938776  41557342.99483889 41557631.99579357]"	0.0	0.0	0.0
3597.6172261083098	2.0	trials	7.0	0.0	0.0	0.0	0.0	0.0	True	40.0	0.0	0.005	"[41647199.29166993 41647488.29262462 41647777.2935793  41648069.29454389
 41648358.29549857 41648648.29645656 41648938.29741455 41649227.29836924
 41649517.29932723 41649806.30028191 41650095.30123659 41650385.30219459
 41650675.30315258 41650965.30411056 41651255.30506855 41651544.30602323
 41651833.30697793 41652124.30793921 41652412.30889059 41652702.30984858]"	0.0	0.0	0.0
3602.8073776534757	2.0	trials	7.0	0.0	0.0	0.0	0.0	0.0	True	40.0	0.0	0.005	"[41707271.49011226 41707561.49107025 41707851.49202824 41708140.49298292
 41708429.4939376  41708719.49489559 41709008.49585029 41709298.49680827
 41709588.49776626 41709878.49872425 41710167.49967892 41710457.50063692
 41710747.50159491 41711035.50254629 41711326.50350758 41711615.50446226
 41711905.50542025 41712195.50637824 41712485.50733623 41712774.50829092]"	0.0	0.0	0.0
3609.119782505896	2.0	trials	7.0	0.0	0.0	0.0	0.0	0.0	True	40.0	0.0	0.005	"[41780330.73145596 41780620.73241394 41780909.73336863 41781199.73432662
 41781489.7352846  41781779.7362426  41782068.73719728 41782358.73815526
 41782648.73911326 41782937.74006794 41783229.74103254 41783517.74198392
 41783806.7429386  41784096.74389659 41784386.74485458 41784676.74581257
 41784965.74676726 41785255.74772524 41785544.74867992 41785834.74963792]"	0.0	0.0	0.0
3616.62140088677	2.0	trials	7.0	0.0	0.0	0.0	0.0	0.0	True	40.0	0.0	0.005	"[41867155.01827107 41867446.01923236 41867735.02018704 41868024.02114172
 41868314.02209971 41868603.0230544  41868893.02401239 41869182.02496707
 41869472.02592506 41869762.02688305 41870052.02784104 41870341.02879573
 41870631.02975371 41870920.03070839 41871210.03166638 41871499.03262107
 41871789.03357906 41872079.03453705 41872369.03549504 41872659.03645302]"	0.0	0.0	0.0
3624.6720066811695	2.0	trials	7.0	0.0	0.0	0.0	0.0	0.0	True	40.0	0.0	0.005	"[41960333.32607603 41960623.32703402 41960913.32799201 41961203.32894999
 41961492.32990468 41961782.33086267 41962072.33182065 41962361.33277534
 41962651.33373333 41962940.33468802 41963230.335646   41963520.33660399
 41963809.33755867 41964099.33851666 41964388.33947135 41964678.34042934
 41964968.34138732 41965257.342342   41965547.34329999 41965837.34425799]"	0.0	0.0	0.0
3630.0420436205695	2.0	trials	7.0	0.0	0.0	0.0	0.0	0.0	True	40.0	0.0	0.005	"[42022487.53139605 42022776.53235074 42023066.53330873 42023355.53426342
 42023645.53522141 42023934.53617609 42024225.53713738 42024514.53809207
 42024804.53905005 42025093.54000474 42025384.54096603 42025673.54192071
 42025962.54287539 42026252.54383339 42026541.54478808 42026832.54574937
 42027121.54670405 42027411.54766204 42027700.54861672 42027990.54957471]"	0.0	0.0	0.0
3638.3223877738883	2.0	trials	7.0	0.0	0.0	0.0	0.0	0.0	True	40.0	0.0	0.005	"[42118323.84798148 42118613.84893946 42118902.84989415 42119192.85085215
 42119482.85181013 42119771.85276482 42120061.8537228  42120350.85467749
 42120640.85563547 42120930.85659347 42121220.85755145 42121509.85850614
 42121799.85946412 42122089.86042211 42122379.8613801  42122668.86233479
 42122958.86329278 42123247.86424746 42123537.86520544 42123827.86616344]"	0.0	0.0	0.0
3644.3036203323136	2.0	trials	7.0	0.0	0.0	0.0	0.0	0.0	True	40.0	0.0	0.005	"[42187551.07666651 42187841.0776245  42188131.07858249 42188420.07953718
 42188711.08049846 42189000.08145315 42189289.08240783 42189579.08336583
 42189869.08432381 42190158.0852785  42190448.08623649 42190737.08719117
 42191028.08815247 42191317.08910715 42191607.09006514 42191896.09101982
 42192186.09197781 42192475.09293249 42192766.09389379 42193055.09484847]"	0.0	0.0	0.0
3650.792713768408	2.0	trials	7.0	0.0	0.0	0.0	0.0	0.0	True	40.0	0.0	0.005	"[42262656.32476898 42262946.32572697 42263236.32668496 42263525.32763965
 42263815.32859763 42264105.32955562 42264395.33051361 42264683.33146499
 42264974.33242628 42265263.33338097 42265552.33433565 42265843.33529694
 42266132.33625162 42266421.33720631 42266711.33816431 42267001.33912229
 42267291.34008028 42267581.34103826 42267869.34198965 42268159.34294763]"	0.0	0.0	0.0
3659.3875549606378	2.0	trials	7.0	0.0	0.0	0.0	0.0	0.0	True	40.0	0.0	0.005	"[42362133.65338212 42362422.6543368  42362713.65529809 42363002.65625278
 42363292.65721076 42363582.65816876 42363872.65912674 42364161.66008142
 42364450.6610361  42364740.6619941  42365029.66294878 42365319.66390678
 42365609.66486476 42365899.66582274 42366189.66678073 42366477.66773212
 42366768.66869342 42367058.6696514  42367347.67060608 42367637.67156407]"	0.0	0.0	0.0
3667.241945706861	2.0	trials	7.0	0.0	0.0	0.0	0.0	0.0	True	40.0	0.0	0.005	"[42453041.95368834 42453331.95464633 42453621.95560431 42453910.956559
 42454200.95751699 42454489.95847167 42454779.95942967 42455068.96038435
 42455358.96134233 42455648.96230033 42455937.96325501 42456227.964213
 42456517.96517099 42456807.96612897 42457095.96708035 42457385.96803834
 42457675.96899633 42457964.96995102 42458255.97091231 42458545.9718703 ]"	0.0	0.0	0.0
3673.8903612692607	2.0	trials	7.0	0.0	0.0	0.0	0.0	0.0	True	40.0	0.0	0.005	"[42529991.20788229 42530281.20884028 42530570.20979497 42530859.21074966
 42531150.21171094 42531440.21266893 42531729.21362361 42532019.21458161
 42532310.2155429  42532598.21649428 42532887.21744896 42533177.21840695
 42533466.21936163 42533756.22031963 42534045.22127431 42534335.2222323
 42534626.22319359 42534914.22414497 42535205.22510626 42535494.22606095]"	0.0	0.0	0.0
3680.5693625326976	2.0	trials	7.0	0.0	0.0	0.0	0.0	0.0	True	40.0	0.0	0.005	"[42607293.46324235 42607582.46419703 42607873.46515833 42608163.46611631
 42608452.467071   42608742.46802898 42609031.46898367 42609321.46994166
 42609611.47089965 42609900.47185433 42610189.47280902 42610479.473767
 42610769.47472499 42611059.47568299 42611348.47663767 42611637.47759235
 42611927.47855034 42612218.47951163 42612507.48046632 42612796.481421  ]"	0.0	0.0	0.0
3686.0823055441733	2.0	trials	7.0	0.0	0.0	0.0	0.0	0.0	True	40.0	0.0	0.005	"[42671101.67402621 42671390.6749809  42671679.67593558 42671969.67689357
 42672259.67785156 42672548.67880625 42672837.67976093 42673127.68071891
 42673417.68167691 42673707.68263489 42673996.68358958 42674286.68454757
 42674576.68550555 42674866.68646355 42675155.68741823 42675445.68837622
 42675734.68933091 42676024.69028889 42676314.69124688 42676604.69220487]"	0.0	0.0	0.0
3694.332323197312	2.0	trials	7.0	0.0	0.0	0.0	0.0	0.0	True	40.0	0.0	0.005	"[42766587.98945544 42766876.99041013 42767166.99136812 42767457.9923294
 42767745.99328079 42768035.99423878 42768325.99519677 42768614.99615145
 42768903.99710613 42769194.99806743 42769483.99902211 42769773.9999801
 42770063.00093479 42770353.00189278 42770642.00284746 42770933.00380876
 42771222.00476344 42771512.00572142 42771801.00667611 42772091.0076341 ]"	0.0	0.0	0.0
3703.2123717316963	2.0	trials	7.0	0.0	0.0	0.0	0.0	0.0	True	40.0	0.0	0.005	"[42869366.32897312 42869655.32992781 42869945.33088581 42870234.33184048
 42870524.33279847 42870813.33375316 42871103.33471115 42871393.33566914
 42871682.33662382 42871972.33758181 42872261.33853649 42872551.33949448
 42872842.34045577 42873130.34140716 42873421.34236845 42873711.34332643
 42874000.34428112 42874290.3452391  42874579.34619379 42874869.34715178]"	0.0	0.0	0.0
3711.1144554354682	2.0	trials	7.0	0.0	0.0	0.0	0.0	0.0	True	40.0	0.0	0.005	"[42960825.63109953 42961114.63205421 42961403.6330089  42961693.63396689
 42961983.63492487 42962272.63587956 42962562.63683755 42962852.63779554
 42963142.63875353 42963432.63971151 42963720.64066289 42964010.64162089
 42964300.64257887 42964589.64353356 42964880.64449485 42965169.64544953
 42965459.64640753 42965748.64736221 42966038.64832019 42966328.64927819]"	0.0	0.0	0.0
3719.1004338163784	2.0	trials	7.0	0.0	0.0	0.0	0.0	0.0	True	40.0	0.0	0.005	"[43053255.93643354 43053544.93738823 43053834.93834621 43054124.9393042
 43054413.94025889 43054703.94121688 43054992.94217157 43055282.94312955
 43055572.94408754 43055862.94504553 43056151.94600022 43056441.9469582
 43056731.94791619 43057020.94887087 43057309.94982556 43057600.95078685
 43057889.95174154 43058179.95269952 43058469.95365752 43058758.9546122 ]"	0.0	0.0	0.0
3727.863150763169	2.0	trials	7.0	0.0	0.0	0.0	0.0	0.0	True	40.0	0.0	0.005	"[43154676.2714652  43154966.27242319 43155255.27337787 43155544.27433255
 43155834.27529054 43156124.27624853 43156414.27720652 43156703.27816121
 43156993.27911919 43157282.28007388 43157572.28103187 43157862.28198985
 43158151.28294454 43158441.28390253 43158731.28486051 43159020.2858152
 43159310.28677319 43159600.28773118 43159889.28868586 43160179.28964385]"	0.0	0.0	0.0
3736.4741488087716	2.0	trials	7.0	0.0	0.0	0.0	0.0	0.0	True	40.0	0.0	0.005	"[43254340.60069607 43254630.60165405 43254919.60260873 43255209.60356673
 43255498.60452142 43255788.6054794  43256077.60643408 43256368.60739538
 43256657.60835006 43256946.60930475 43257236.61026274 43257525.61121742
 43257816.61217871 43258106.6131367  43258395.61409139 43258684.61504607
 43258974.61600406 43259264.61696205 43259554.61792003 43259843.61887472]"	0.0	0.0	0.0
3744.493045698424	2.0	trials	7.0	0.0	0.0	0.0	0.0	0.0	True	40.0	0.0	0.005	"[43347150.90728538 43347440.90824337 43347730.90920135 43348019.91015604
 43348309.91111402 43348599.91207202 43348888.9130267  43349178.91398469
 43349468.91494267 43349757.91589736 43350046.91685204 43350337.91781334
 43350627.91877133 43350916.91972601 43351206.92068399 43351495.92163868
 43351785.92259668 43352074.92355136 43352364.92450934 43352654.92546733]"	0.0	0.0	0.0
3752.56240035476	2.0	trials	7.0	0.0	0.0	0.0	0.0	0.0	True	40.0	0.0	0.005	"[43440546.21580718 43440836.21676517 43441126.21772315 43441416.21868114
 43441705.21963583 43441995.22059382 43442284.2215485  43442573.22250319
 43442863.22346117 43443153.22441916 43443443.22537715 43443732.22633184
 43444022.22728983 43444312.22824781 43444601.22920249 43444891.23016049
 43445181.23111848 43445470.23207316 43445760.23303115 43446050.23398913]"	0.0	0.0	0.0
3758.6168139549313	2.0	trials	7.0	0.0	0.0	0.0	0.0	0.0	True	40.0	0.0	0.005	"[43510620.4472902  43510909.44824488 43511200.44920617 43511490.45016416
 43511778.45111555 43512068.45207354 43512358.45303153 43512648.45398951
 43512937.45494419 43513227.45590218 43513517.45686017 43513807.45781817
 43514096.45877285 43514385.45972753 43514675.46068552 43514964.4616402
 43515255.4626015  43515543.46355288 43515834.46451417 43516124.46547215]"	0.0	0.0	0.0
3766.578773056496	2.0	trials	7.0	0.0	0.0	0.0	0.0	0.0	True	40.0	0.0	0.005	"[43602773.75170917 43603062.75266385 43603352.75362184 43603642.75457983
 43603931.75553451 43604221.7564925  43604510.75744718 43604801.75840849
 43605090.75936317 43605379.76031785 43605669.76127584 43605959.76223383
 43606248.76318851 43606538.7641465  43606827.76510119 43607118.76606248
 43607407.76701716 43607696.76797184 43607986.76892983 43608277.76989113]"	0.0	0.0	0.0
3775.3033010771333	2.0	trials	7.0	0.0	0.0	0.0	0.0	0.0	True	40.0	0.0	0.005	"[43703751.08527741 43704041.0862354  43704330.08719008 43704620.08814808
 43704909.08910276 43705200.09006405 43705489.09101874 43705778.09197342
 43706069.09293471 43706358.0938894  43706648.09484738 43706937.09580207
 43707227.09676006 43707516.09771474 43707806.09867273 43708096.09963072
 43708385.10058541 43708675.1015434  43708965.10250138 43709255.10345937]"	0.0	0.0	0.0
3782.72534479514	2.0	trials	7.0	0.0	0.0	0.0	0.0	0.0	True	40.0	0.0	0.005	"[43789654.36905009 43789944.37000807 43790234.37096605 43790523.37192074
 43790813.37287873 43791102.37383342 43791392.37479141 43791682.37574939
 43791971.37670407 43792261.37766207 43792550.37861675 43792840.37957474
 43793130.38053273 43793419.38148741 43793709.3824454  43793999.38340339
 43794288.38435807 43794578.38531607 43794867.38627075 43795157.38722873]"	0.0	0.0	0.0
3788.552266443814	2.0	trials	7.0	0.0	0.0	0.0	0.0	0.0	True	40.0	0.0	0.005	"[43857096.59183853 43857386.59279653 43857675.59375121 43857965.5947092
 43858254.59566388 43858545.59662516 43858833.59757655 43859124.59853785
 43859414.59949584 43859703.60045052 43859992.6014052  43860281.60235988
 43860572.60332118 43860862.60427917 43861151.60523385 43861440.60618854
 43861730.60714652 43862020.60810451 43862310.6090625  43862599.61001719]"	0.0	0.0	0.0
3793.825448663263	2.0	trials	7.0	0.0	0.0	0.0	0.0	0.0	True	40.0	0.0	0.005	"[43918127.79344884 43918417.79440682 43918707.7953648  43918997.7963228
 43919286.79727749 43919576.79823548 43919866.79919346 43920155.80014814
 43920445.80110614 43920734.80206082 43921025.80302212 43921313.8039735
 43921603.80493148 43921893.80588946 43922183.80684746 43922473.80780545
 43922762.80876013 43923052.80971812 43923341.8106728  43923631.8116308 ]"	0.0	0.0	0.0
3813.6181988467056	2.0	trials	8.0	0.0	0.0	0.0	0.0	0.0	True	40.0	0.0	0.005	"[44147210.55020018 44147501.55116147 44147790.55211616 44148079.55307084
 44148369.55402882 44148659.55498682 44148948.5559415  44149238.55689949
 44149528.55785748 44149817.55881216 44150107.55977015 44150397.56072814
 44150687.56168613 44150976.56264082 44151266.5635988  44151556.56455679
 44151845.56551148 44152134.56646616 44152424.56742414 44152714.56838214]"	0.0	0.0	0.0
3819.262124690871	2.0	trials	8.0	0.0	0.0	0.0	0.0	0.0	True	40.0	0.0	0.005	"[44212534.76599202 44212823.7669467  44213113.76790468 44213403.76886267
 44213692.76981736 44213982.77077535 44214272.77173334 44214561.77268802
 44214850.7736427  44215141.77460399 44215430.77555868 44215720.77651667
 44216010.77747466 44216300.77843265 44216589.77938733 44216879.78034531
 44217168.78130001 44217458.782258   44217747.78321268 44218037.78417066]"	0.0	0.0	0.0
3825.308503064499	2.0	trials	8.0	0.0	0.0	0.0	0.0	0.0	True	40.0	0.0	0.005	"[44282515.99716781 44282804.9981225  44283093.99907718 44283384.00003517
 44283673.00098986 44283963.00194785 44284253.00290584 44284543.00386383
 44284833.00482181 44285122.00577649 44285412.00673449 44285701.00768917
 44285991.00864716 44286281.00960515 44286571.01056314 44286860.01151782
 44287150.01247581 44287439.01343049 44287729.01438848 44288018.01534317]"	0.0	0.0	0.0
3830.6224662186637	2.0	trials	8.0	0.0	0.0	0.0	0.0	0.0	True	40.0	0.0	0.005	"[44344019.20033733 44344309.20129532 44344598.20225    44344888.20320798
 44345178.20416597 44345468.20512397 44345756.20607535 44346047.20703664
 44346336.20799132 44346626.20894931 44346915.20990399 44347205.21086198
 44347495.21181997 44347784.21277466 44348075.21373595 44348364.21469063
 44348654.21564863 44348943.21660331 44349233.2175613  44349523.21851929]"	0.0	0.0	0.0
3837.2010703504484	2.0	trials	8.0	0.0	0.0	0.0	0.0	0.0	True	40.0	0.0	0.005	"[44420161.45186543 44420450.45282011 44420741.45378141 44421030.45473609
 44421320.45569408 44421609.45664876 44421899.45760676 44422188.45856144
 44422478.45951942 44422767.46047411 44423058.4614354  44423347.46239009
 44423637.46334808 44423926.46430276 44424216.46526074 44424506.46621873
 44424795.46717342 44425085.46813142 44425375.4690894  44425664.47004408]"	0.0	0.0	0.0
3842.706496537094	2.0	trials	8.0	0.0	0.0	0.0	0.0	0.0	True	40.0	0.0	0.005	"[44483881.6623586  44484171.66331659 44484461.66427457 44484750.66522925
 44485040.66618725 44485329.66714193 44485619.66809992 44485908.66905461
 44486198.67001259 44486488.67097058 44486778.67192857 44487067.67288325
 44487357.67384124 44487646.67479593 44487936.67575391 44488226.6767119
 44488515.67766659 44488805.67862458 44489094.67957927 44489384.68053725]"	0.0	0.0	0.0
3849.7325677470426	2.0	trials	8.0	0.0	0.0	0.0	0.0	0.0	True	40.0	0.0	0.005	"[44565200.93098844 44565490.93194643 44565780.93290441 44566070.93386241
 44566359.93481709 44566649.93577507 44566938.93672977 44567228.93768775
 44567517.93864243 44567808.93960373 44568097.94055841 44568386.9415131
 44568676.94247109 44568966.94342908 44569256.94438706 44569545.94534175
 44569835.94629973 44570124.94725443 44570414.94821241 44570704.9491704 ]"	0.0	0.0	0.0
3857.9406812617544	2.0	trials	8.0	0.0	0.0	0.0	0.0	0.0	True	40.0	0.0	0.005	"[44660203.24481881 44660492.24577351 44660782.2467315  44661072.24768948
 44661362.24864747 44661651.24960215 44661940.25055684 44662230.25151483
 44662520.25247282 44662810.25343081 44663099.25438549 44663389.25534347
 44663678.25629816 44663968.25725615 44664257.25821084 44664548.25917213
 44664837.26012681 44665127.2610848  44665416.26203949 44665706.26299748]"	0.0	0.0	0.0
3863.847177573296	2.0	trials	8.0	0.0	0.0	0.0	0.0	0.0	True	40.0	0.0	0.005	"[44728564.47064311 44728854.47160109 44729144.47255908 44729433.47351377
 44729723.47447175 44730013.47542974 44730303.47638773 44730593.47734572
 44730881.4782971  44731171.47925509 44731461.48021308 44731751.48117106
 44732040.48212575 44732330.48308374 44732619.48403843 44732909.48499641
 44733198.4859511  44733488.48690909 44733778.48786707 44734068.48882507]"	0.0	0.0	0.0
3871.8369575667643	2.0	trials	8.0	0.0	0.0	0.0	0.0	0.0	True	40.0	0.0	0.005	"[44821039.77612577 44821328.77708045 44821618.77803844 44821908.77899643
 44822198.77995442 44822488.78091241 44822777.78186709 44823067.78282508
 44823356.78377976 44823646.78473776 44823936.78569574 44824225.78665043
 44824515.78760842 44824805.78856641 44825094.78952109 44825383.79047578
 44825674.79143707 44825963.79239175 44826253.79334974 44826543.79430773]"	0.0	0.0	0.0
3879.186943446734	2.0	trials	8.0	0.0	0.0	0.0	0.0	0.0	True	40.0	0.0	0.005	"[44906109.0571434  44906398.05809808 44906688.05905607 44906978.06001406
 44907267.06096874 44907557.06192673 44907846.06288142 44908137.06384271
 44908425.06479409 44908716.06575539 44909005.06671007 44909295.06766805
 44909585.06862605 44909874.06958073 44910164.07053871 44910453.0714934
 44910743.07245139 44911033.07340938 44911323.07436737 44911611.07531875]"	0.0	0.0	0.0
3888.0311358626714	2.0	trials	8.0	0.0	0.0	0.0	0.0	0.0	True	40.0	0.0	0.005	"[45008472.39529017 45008761.39624485 45009051.39720284 45009341.39816083
 45009630.39911551 45009920.4000735  45010209.40102819 45010500.40198947
 45010789.40294416 45011078.40389885 45011369.40486014 45011658.40581483
 45011948.40677281 45012236.40772419 45012527.40868548 45012816.40964017
 45013106.41059816 45013395.41155285 45013686.41251414 45013976.41347212]"	0.0	0.0	0.0
3896.30525919544	2.0	trials	8.0	0.0	0.0	0.0	0.0	0.0	True	40.0	0.0	0.005	"[45104236.71163774 45104526.71259573 45104815.71355042 45105105.71450841
 45105395.7154664  45105684.71642108 45105974.71737906 45106263.71833375
 45106553.71929174 45106842.72024643 45107132.72120441 45107423.7221657
 45107712.72312038 45108001.72407507 45108292.72503637 45108581.72599105
 45108870.72694574 45109160.72790372 45109450.72886171 45109739.7298164 ]"	0.0	0.0	0.0
3901.4771802803834	2.0	trials	8.0	0.0	0.0	0.0	0.0	0.0	True	40.0	0.0	0.005	"[45164096.90937975 45164386.91033774 45164677.91129903 45164966.91225372
 45165256.9132117  45165545.91416639 45165834.91512107 45166124.91607907
 45166413.91703375 45166704.91799504 45166993.91894973 45167283.91990771
 45167572.9208624  45167862.92182039 45168152.92277838 45168441.92373306
 45168731.92469105 45169021.92564904 45169310.92660373 45169600.92756171]"	0.0	0.0	0.0
3907.130005353946	2.0	trials	8.0	0.0	0.0	0.0	0.0	0.0	True	40.0	0.0	0.005	"[45229524.12551184 45229813.12646652 45230102.12742121 45230392.1283792
 45230681.12933388 45230971.13029187 45231261.13124985 45231551.13220784
 45231840.13316254 45232130.13412052 45232420.13507851 45232709.13603319
 45232999.13699118 45233289.13794917 45233578.13890386 45233868.13986184
 45234158.14081983 45234447.14177451 45234737.1427325  45235027.1436905 ]"	0.0	0.0	0.0
3914.5331274094465	2.0	trials	8.0	0.0	0.0	0.0	0.0	0.0	True	40.0	0.0	0.005	"[45315207.40855776 45315497.40951575 45315787.41047373 45316077.41143173
 45316367.41238971 45316656.41334439 45316946.41430239 45317235.41525707
 45317525.41621505 45317815.41717305 45318104.41812773 45318393.41908242
 45318684.42004371 45318973.42099839 45319262.42195307 45319553.42291437
 45319842.42386905 45320132.42482704 45320421.42578173 45320711.42673972]"	0.0	0.0	0.0
3923.5754356798407	2.0	trials	8.0	0.0	0.0	0.0	0.0	0.0	True	40.0	0.0	0.005	"[45419864.75428254 45420154.75524054 45420443.75619522 45420733.7571532
 45421023.75811119 45421312.75906588 45421602.76002386 45421891.76097855
 45422181.76193654 45422471.76289453 45422760.76384921 45423050.7648072
 45423340.76576519 45423629.76671987 45423919.76767786 45424209.76863585
 45424498.76959053 45424788.77054852 45425077.77150321 45425367.7724612 ]"	0.0	0.0	0.0
3930.5532955305275	2.0	trials	8.0	0.0	0.0	0.0	0.0	0.0	True	40.0	0.0	0.005	"[45500627.02107239 45500915.02202377 45501205.02298176 45501495.02393975
 45501785.02489774 45502074.02585242 45502365.02681372 45502654.0277684
 45502943.02872308 45503234.02968437 45503522.03063575 45503812.03159375
 45504102.03255174 45504391.03350642 45504681.0344644  45504971.03542239
 45505261.03638038 45505551.03733837 45505839.03828976 45506130.03925104]"	0.0	0.0	0.0
3937.5802307433314	2.0	trials	8.0	0.0	0.0	0.0	0.0	0.0	True	40.0	0.0	0.005	"[45581957.28973857 45582247.29069657 45582536.29165124 45582826.29260923
 45583115.29356392 45583405.29452191 45583694.29547659 45583984.29643458
 45584274.29739257 45584564.29835056 45584854.29930855 45585143.30026323
 45585433.30122122 45585722.3021759  45586012.30313389 45586302.30409189
 45586591.30504657 45586880.30600125 45587170.30695924 45587460.30791723]"	0.0	0.0	0.0
3944.983525599402	2.0	trials	8.0	0.0	0.0	0.0	0.0	0.0	True	40.0	0.0	0.005	"[45667643.5727944  45667933.57375239 45668222.57470708 45668512.57566506
 45668801.57661975 45669090.57757444 45669381.57853572 45669669.57948711
 45669959.5804451  45670249.58140308 45670539.58236107 45670829.58331906
 45671118.58427375 45671408.58523174 45671698.58618972 45671987.58714441
 45672277.58810239 45672567.58906038 45672856.59001508 45673146.59097306]"	0.0	0.0	0.0
3950.4797933557925	2.0	trials	8.0	0.0	0.0	0.0	0.0	0.0	True	40.0	0.0	0.005	"[45731256.78293411 45731546.7838921  45731836.78485008 45732126.78580807
 45732415.78676275 45732705.78772075 45732995.78867873 45733284.78963342
 45733574.7905914  45733863.79154609 45734153.79250407 45734443.79346207
 45734732.79441675 45735022.79537474 45735311.79632942 45735601.79728741
 45735891.79824541 45736180.79920009 45736471.80016138 45736760.80111606]"	0.0	0.0	0.0
3957.6138649225104	2.0	trials	8.0	0.0	0.0	0.0	0.0	0.0	True	40.0	0.0	0.005	"[45813826.05569321 45814118.05665781 45814407.05761249 45814697.05857048
 45814986.05952516 45815276.06048315 45815566.06144115 45815855.06239583
 45816145.06335381 45816435.0643118  45816724.06526649 45817013.06622117
 45817304.06718247 45817593.06813715 45817883.06909513 45818172.07004982
 45818462.07100781 45818751.0719625  45819042.07292379 45819331.07387847]"	0.0	0.0	0.0
3964.2901877770996	2.0	trials	8.0	0.0	0.0	0.0	0.0	0.0	True	40.0	0.0	0.005	"[45891099.31095747 45891389.31191546 45891679.31287345 45891968.31382813
 45892257.31478281 45892548.31574411 45892837.31669879 45893127.31765678
 45893416.31861147 45893706.31956945 45893996.32052744 45894285.32148213
 45894576.32244342 45894865.32339811 45895155.32435609 45895444.32531077
 45895733.32626546 45896024.32722675 45896313.32818144 45896603.32913943]"	0.0	0.0	0.0
3971.7223403284997	2.0	trials	8.0	0.0	0.0	0.0	0.0	0.0	True	40.0	0.0	0.005	"[45977119.59511663 45977409.59607463 45977698.59702931 45977987.59798399
 45978278.59894528 45978568.59990328 45978857.60085796 45979147.60181595
 45979436.60277063 45979726.60372862 45980016.6046866  45980306.6056446
 45980595.60659929 45980885.60755727 45981174.60851195 45981464.60946994
 45981753.61042463 45982043.61138262 45982333.61234061 45982622.61329529]"	0.0	0.0	0.0
3979.1259807857123	2.0	trials	8.0	0.0	0.0	0.0	0.0	0.0	True	40.0	0.0	0.005	"[46062810.87818898 46063098.87914037 46063389.88010165 46063679.88105964
 46063968.88201433 46064257.88296901 46064547.883927   46064838.8848883
 46065127.88584298 46065416.88679767 46065706.88775565 46065996.88871364
 46066286.88967163 46066574.89062301 46066864.89158101 46067154.89253899
 46067444.89349698 46067734.89445496 46068024.89541295 46068313.89636764]"	0.0	0.0	0.0
3984.847666886751	2.0	trials	8.0	0.0	0.0	0.0	0.0	0.0	True	40.0	0.0	0.005	"[46129033.09694728 46129323.09790526 46129613.09886325 46129902.09981794
 46130192.10077593 46130481.10173061 46130771.1026886  46131060.10364329
 46131351.10460457 46131640.10555927 46131930.10651725 46132220.10747524
 46132509.10842992 46132799.10938791 46133088.11034259 46133378.11130059
 46133668.11225858 46133957.11321326 46134247.11417124 46134537.11512923]"	0.0	0.0	0.0
3990.432322135121	2.0	trials	8.0	0.0	0.0	0.0	0.0	0.0	True	40.0	0.0	0.005	"[46193671.31047297 46193960.31142766 46194250.31238565 46194540.31334364
 46194828.31429502 46195118.315253   46195409.31621429 46195697.31716568
 46195987.31812366 46196277.31908166 46196567.32003964 46196856.32099432
 46197146.32195231 46197435.322907   46197725.32386498 46198015.32482298
 46198304.32577766 46198594.32673565 46198884.32769364 46199174.32865162]"	0.0	0.0	0.0
3998.530275285929	2.0	trials	8.0	0.0	0.0	0.0	0.0	0.0	True	40.0	0.0	0.005	"[46287396.6200849  46287687.62104619 46287976.62200088 46288266.62295887
 46288555.62391355 46288846.62487484 46289135.62582953 46289424.62678421
 46289714.6277422  46290004.62870019 46290293.62965488 46290582.63060956
 46290872.63156755 46291163.63252884 46291452.63348352 46291741.6344382
 46292032.6353995  46292321.63635419 46292610.63730887 46292901.63827016]"	0.0	0.0	0.0
4007.0314585687684	2.0	trials	8.0	0.0	0.0	0.0	0.0	0.0	True	40.0	0.0	0.005	"[46385789.94511714 46386078.94607182 46386368.94702981 46386658.94798779
 46386948.94894578 46387238.94990377 46387527.95085846 46387816.95181315
 46388106.95277113 46388396.95372912 46388686.95468711 46388976.95564509
 46389265.95659978 46389555.95755777 46389844.95851246 46390134.95947044
 46390424.96042843 46390713.96138312 46391003.96234111 46391292.96329579]"	0.0	0.0	0.0
4013.0665185050075	2.0	trials	8.0	0.0	0.0	0.0	0.0	0.0	True	40.0	0.0	0.005	"[46455640.1758602  46455931.17682149 46456220.17777617 46456509.17873086
 46456800.17969215 46457088.18064352 46457379.18160482 46457667.1825562
 46457957.18351419 46458248.18447548 46458537.18543017 46458827.18638816
 46459116.18734284 46459406.18830083 46459695.18925551 46459985.1902135
 46460275.19117149 46460564.19212618 46460855.19308747 46461143.19403885]"	0.0	0.0	0.0
4018.622056857194	2.0	trials	8.0	0.0	0.0	0.0	0.0	0.0	True	40.0	0.0	0.005	"[46519942.38827594 46520231.38923062 46520521.39018861 46520810.3911433
 46521099.39209799 46521389.39305598 46521679.39401396 46521969.39497195
 46522258.39592664 46522548.39688463 46522837.39783931 46523127.3987973
 46523417.39975528 46523706.40070997 46523995.40166465 46524285.40262265
 46524575.40358063 46524865.40453862 46525155.40549661 46525444.40645129]"	0.0	0.0	0.0
4024.28611396786	2.0	trials	8.0	0.0	0.0	0.0	0.0	0.0	True	40.0	0.0	0.005	"[46585496.60482756 46585786.60578555 46586076.60674354 46586366.60770153
 46586655.60865621 46586944.6096109  46587234.61056889 46587524.61152688
 46587813.61248156 46588103.61343955 46588393.61439753 46588682.61535222
 46588972.61631021 46589262.6172682  46589551.61822288 46589841.61918087
 46590131.62013885 46590420.62109354 46590710.62205153 46590999.62300622]"	0.0	0.0	0.0
4032.332226947419	2.0	trials	8.0	0.0	0.0	0.0	0.0	0.0	True	40.0	0.0	0.005	"[46678622.91246074 46678912.91341873 46679202.91437672 46679492.91533471
 46679781.9162894  46680071.91724738 46680361.91820537 46680650.91916005
 46680940.92011804 46681229.92107274 46681519.92203072 46681809.92298871
 46682098.92394339 46682388.92490138 46682678.92585937 46682968.92681736
 46683257.92777205 46683547.92873003 46683836.92968471 46684127.93064601]"	0.0	0.0	0.0
4038.5781899803555	2.0	trials	8.0	0.0	0.0	0.0	0.0	0.0	True	40.0	0.0	0.005	"[46750915.15127072 46751205.15222871 46751494.1531834  46751784.15414139
 46752074.15509938 46752363.15605406 46752652.15700875 46752942.15796674
 46753232.15892473 46753522.15988272 46753812.16084071 46754101.16179539
 46754391.16275337 46754680.16370806 46754970.16466605 46755259.16562073
 46755549.16657872 46755839.16753671 46756129.16849469 46756418.16944938]"	0.0	0.0	0.0
4047.134323844719	2.0	trials	8.0	0.0	0.0	0.0	0.0	0.0	True	40.0	0.0	0.005	"[46849943.47840063 46850233.47935862 46850523.4803166  46850813.4812746
 46851102.48222928 46851391.48318397 46851681.48414195 46851971.48509994
 46852261.48605793 46852551.48701592 46852840.4879706  46853129.48892529
 46853419.48988327 46853708.49083796 46853998.49179595 46854289.49275724
 46854578.49371193 46854867.49466661 46855158.4956279  46855446.49657928]"	0.0	0.0	0.0
4055.36300062736	2.0	trials	8.0	0.0	0.0	0.0	0.0	0.0	True	40.0	0.0	0.005	"[46945183.79301722 46945472.7939719  46945761.79492659 46946051.79588458
 46946341.79684257 46946630.79779726 46946920.79875524 46947210.79971322
 46947500.80067121 46947789.8016259  46948078.80258059 46948369.80354188
 46948658.80449656 46948947.80545125 46949238.80641254 46949527.80736723
 46949816.80832191 46950106.8092799  46950396.81023788 46950686.81119587]"	0.0	0.0	0.0
4063.460435376455	2.0	trials	8.0	0.0	0.0	0.0	0.0	0.0	True	40.0	0.0	0.005	"[47038904.10261263 47039193.10356732 47039483.10452531 47039772.10547999
 47040062.10643797 47040352.10739596 47040642.10835395 47040931.10930864
 47041221.11026663 47041511.11122461 47041800.1121793  47042090.11313729
 47042379.11409198 47042669.11504997 47042959.11600795 47043248.11696263
 47043538.11792062 47043827.11887531 47044118.1198366  47044407.12079129]"	0.0	0.0	0.0
4069.869522148256	2.0	trials	8.0	0.0	0.0	0.0	0.0	0.0	True	40.0	0.0	0.005	"[47113082.34765284 47113372.34861083 47113662.34956881 47113951.3505235
 47114241.35148149 47114531.35243948 47114820.35339417 47115110.35435215
 47115400.35531013 47115689.35626483 47115978.35721951 47116269.35818081
 47116558.35913549 47116848.36009347 47117138.36105146 47117427.36200615
 47117717.36296414 47118006.36391883 47118296.36487681 47118585.36583149]"	0.0	0.0	0.0
4078.4247056094796	2.0	trials	8.0	0.0	0.0	0.0	0.0	0.0	True	40.0	0.0	0.005	"[47212100.6747497  47212390.6757077  47212679.67666238 47212969.67762037
 47213259.67857835 47213548.67953304 47213838.68049103 47214128.68144902
 47214418.68240701 47214707.68336169 47214996.68431637 47215286.68527436
 47215576.68623235 47215866.68719034 47216155.68814503 47216445.68910301
 47216735.690061   47217024.69101569 47217314.69197368 47217603.69292836]"	0.0	0.0	0.0
4084.1263468443017	2.0	trials	8.0	0.0	0.0	0.0	0.0	0.0	True	40.0	0.0	0.005	"[47278091.89274491 47278381.8937029  47278671.89466089 47278961.89561888
 47279250.89657356 47279540.89753155 47279829.89848623 47280119.89944422
 47280409.90040221 47280698.90135689 47280988.90231489 47281278.90327287
 47281567.90422755 47281858.90518885 47282147.90614354 47282436.90709822
 47282726.90805621 47283016.9090142  47283305.90996888 47283595.91092687]"	0.0	0.0	0.0
4092.2427032559035	2.0	trials	8.0	0.0	0.0	0.0	0.0	0.0	True	40.0	0.0	0.005	"[47372031.20306376 47372321.20402176 47372611.20497974 47372901.20593773
 47373190.20689242 47373480.20785041 47373770.2088084  47374059.20976308
 47374349.21072107 47374638.21167576 47374928.21263374 47375217.21358842
 47375507.21454642 47375797.2155044  47376086.21645909 47376376.21741708
 47376665.21837176 47376955.21932974 47377246.22029104 47377535.22124573]"	0.0	0.0	0.0
4098.3688290929695	2.0	trials	8.0	0.0	0.0	0.0	0.0	0.0	True	40.0	0.0	0.005	"[47442936.43729192 47443225.43824662 47443514.43920129 47443805.44016258
 47444094.44111726 47444384.44207526 47444673.44302995 47444963.44398794
 47445252.44494262 47445542.4459006  47445832.44685858 47446122.44781658
 47446411.44877127 47446701.44972926 47446991.45068725 47447281.45164523
 47447570.45259991 47447860.4535579  47448149.45451259 47448438.45546727]"	0.0	0.0	0.0
4103.714760352738	2.0	trials	8.0	0.0	0.0	0.0	0.0	0.0	True	40.0	0.0	0.005	"[47504810.641687   47505099.64264169 47505388.64359637 47505678.64455436
 47505968.64551234 47506258.64647032 47506547.64742501 47506837.64838301
 47507126.64933769 47507416.65029568 47507706.65125368 47507995.65220836
 47508285.65316634 47508574.65412103 47508864.65507901 47509154.656037
 47509444.656995   47509734.65795298 47510023.65890766 47510313.65986565]"	0.0	0.0	0.0
4111.430737841726	2.0	trials	8.0	0.0	0.0	0.0	0.0	0.0	True	40.0	0.0	0.005	"[47594114.93669456 47594404.93765254 47594693.93860723 47594984.93956852
 47595273.94052321 47595563.9414812  47595852.94243588 47596141.94339057
 47596431.94434855 47596720.94530323 47597011.94626453 47597300.94721922
 47597590.9481772  47597880.9491352  47598169.95008988 47598459.95104787
 47598749.95200586 47599037.95295724 47599328.95391852 47599618.95487652]"	0.0	0.0	0.0
4118.2107410388135	2.0	trials	8.0	0.0	0.0	0.0	0.0	0.0	True	40.0	0.0	0.005	"[47672588.1959229  47672877.19687759 47673167.19783557 47673457.19879357
 47673747.19975156 47674036.20070624 47674325.20166093 47674615.20261891
 47674905.20357689 47675195.20453489 47675485.20549288 47675774.20644756
 47676064.20740556 47676354.20836353 47676643.20931821 47676932.21027291
 47677222.2112309  47677512.21218888 47677802.21314688 47678091.21410156]"	0.0	0.0	0.0
4124.933374446386	2.0	trials	8.0	0.0	0.0	0.0	0.0	0.0	True	40.0	0.0	0.005	"[47750396.45295449 47750685.45390917 47750975.45486716 47751264.45582184
 47751554.45677984 47751843.45773453 47752133.4586925  47752423.45965049
 47752712.46060517 47753002.46156316 47753292.46252116 47753582.46347914
 47753871.46443383 47754161.46539181 47754450.46634649 47754740.46730449
 47755029.46825917 47755319.46921717 47755609.47017515 47755899.47113314]"	0.0	0.0	0.0
4130.9156438082355	2.0	trials	8.0	0.0	0.0	0.0	0.0	0.0	True	40.0	0.0	0.005	"[47819634.68167586 47819924.68263384 47820213.68358853 47820503.68454652
 47820793.68550451 47821083.6864625  47821372.68741719 47821662.68837517
 47821951.68932986 47822241.69028784 47822530.69124252 47822820.69220051
 47823110.69315851 47823400.69411649 47823688.69506788 47823978.69602586
 47824268.69698385 47824558.69794183 47824848.69889983 47825137.69985452]"	0.0	0.0	0.0
4136.181309202853	2.0	trials	8.0	0.0	0.0	0.0	0.0	0.0	True	40.0	0.0	0.005	"[47880579.88300206 47880869.88396005 47881159.88491805 47881449.88587603
 47881738.88683072 47882027.88778541 47882317.88874338 47882607.88970137
 47882896.89065606 47883186.89161405 47883475.89256874 47883765.89352673
 47884055.89448471 47884345.89544269 47884635.89640069 47884924.89735537
 47885214.89831337 47885503.89926805 47885793.90022604 47886082.90118073]"	0.0	0.0	0.0
4144.839136203151	2.0	trials	8.0	0.0	0.0	0.0	0.0	0.0	True	40.0	0.0	0.005	"[47980786.21402339 47981075.21497808 47981365.21593605 47981655.21689404
 47981945.21785203 47982235.21881003 47982524.21976471 47982814.22072268
 47983104.22168068 47983393.22263536 47983683.22359335 47983973.22455135
 47984262.22550603 47984552.22646403 47984841.22741871 47985131.22837668
 47985421.22933467 47985711.23029267 47985999.23124404 47986289.23220204]"	0.0	0.0	0.0
4153.499728012581	2.0	trials	8.0	0.0	0.0	0.0	0.0	0.0	True	40.0	0.0	0.005	"[48081025.54515371 48081315.5461117  48081604.54706639 48081893.54802107
 48082184.54898235 48082473.54993704 48082763.55089504 48083052.55184972
 48083342.55280771 48083631.55376239 48083922.55472367 48084211.55567837
 48084501.55663636 48084790.55759104 48085080.55854903 48085370.55950703
 48085660.56046501 48085949.56141969 48086238.56237438 48086528.56333237]"	0.0	0.0	0.0
4180.031182056682	2.0	trials	9.0	0.0	0.0	0.0	0.0	0.0	True	5.0	0.0	0.01	"[48388150.55970963 48390467.56736363 48392785.57502092               nan
               nan               nan               nan               nan
               nan               nan               nan               nan
               nan               nan               nan               nan
               nan               nan               nan               nan]"	0.0	0.0	0.0
4186.96117614925	2.0	trials	9.0	0.0	0.0	0.0	0.0	0.0	True	5.0	0.0	0.01	"[48468358.82466939 48470675.83232338 48472992.83997738               nan
               nan               nan               nan               nan
               nan               nan               nan               nan
               nan               nan               nan               nan
               nan               nan               nan               nan]"	0.0	0.0	0.0
4195.387882386062	2.0	trials	9.0	0.0	0.0	0.0	0.0	0.0	True	5.0	0.0	0.01	"[48565890.1468541  48568207.15450808 48570524.16216208               nan
               nan               nan               nan               nan
               nan               nan               nan               nan
               nan               nan               nan               nan
               nan               nan               nan               nan]"	0.0	0.0	0.0
4201.93192640368	2.0	trials	9.0	0.0	0.0	0.0	0.0	0.0	True	5.0	0.0	0.01	"[48641631.39705753 48643948.40471151 48646266.41236882               nan
               nan               nan               nan               nan
               nan               nan               nan               nan
               nan               nan               nan               nan
               nan               nan               nan               nan]"	0.0	0.0	0.0
4207.199147003435	2.0	trials	9.0	0.0	0.0	0.0	0.0	0.0	True	5.0	0.0	0.01	"[48702594.59844319 48704911.60609718 48707228.61375119               nan
               nan               nan               nan               nan
               nan               nan               nan               nan
               nan               nan               nan               nan
               nan               nan               nan               nan]"	0.0	0.0	0.0
4215.563731435034	2.0	trials	9.0	0.0	0.0	0.0	0.0	0.0	True	5.0	0.0	0.01	"[48799406.91825274 48801723.92590674 48804040.93356074               nan
               nan               nan               nan               nan
               nan               nan               nan               nan
               nan               nan               nan               nan
               nan               nan               nan               nan]"	0.0	0.0	0.0
4224.317808353284	2.0	trials	9.0	0.0	0.0	0.0	0.0	0.0	True	5.0	0.0	0.01	"[48900727.25295406 48903044.26060805 48905361.26826205               nan
               nan               nan               nan               nan
               nan               nan               nan               nan
               nan               nan               nan               nan
               nan               nan               nan               nan]"	0.0	0.0	0.0
4231.805948289632	2.0	trials	9.0	0.0	0.0	0.0	0.0	0.0	True	5.0	0.0	0.01	"[48987395.53925383 48989712.54690783 48992029.55456183               nan
               nan               nan               nan               nan
               nan               nan               nan               nan
               nan               nan               nan               nan
               nan               nan               nan               nan]"	0.0	0.0	0.0
4237.746572713912	2.0	trials	9.0	0.0	0.0	0.0	0.0	0.0	True	5.0	0.0	0.01	"[49056152.76638627 49058469.77404026 49060786.78169426               nan
               nan               nan               nan               nan
               nan               nan               nan               nan
               nan               nan               nan               nan
               nan               nan               nan               nan]"	0.0	0.0	0.0
4244.143995447182	2.0	trials	9.0	0.0	0.0	0.0	0.0	0.0	True	5.0	0.0	0.01	"[49130197.01098381 49132514.01863781 49134831.02629181               nan
               nan               nan               nan               nan
               nan               nan               nan               nan
               nan               nan               nan               nan
               nan               nan               nan               nan]"	0.0	0.0	0.0
4252.949826136395	2.0	trials	9.0	0.0	0.0	0.0	0.0	0.0	True	5.0	0.0	0.01	"[49232116.34766387 49234433.35531787 49236750.36297186               nan
               nan               nan               nan               nan
               nan               nan               nan               nan
               nan               nan               nan               nan
               nan               nan               nan               nan]"	0.0	0.0	0.0
4259.286336668447	2.0	trials	9.0	0.0	0.0	0.0	0.0	0.0	True	5.0	0.0	0.01	"[49305455.58993252 49307772.59758652 49310089.60524052               nan
               nan               nan               nan               nan
               nan               nan               nan               nan
               nan               nan               nan               nan
               nan               nan               nan               nan]"	0.0	0.0	0.0
4264.604274235741	2.0	trials	9.0	0.0	0.0	0.0	0.0	0.0	True	5.0	0.0	0.01	"[49367004.79325398 49369322.80091129 49371639.80856529               nan
               nan               nan               nan               nan
               nan               nan               nan               nan
               nan               nan               nan               nan
               nan               nan               nan               nan]"	0.0	0.0	0.0
4270.446488734934	2.0	trials	9.0	0.0	0.0	0.0	0.0	0.0	True	5.0	0.0	0.01	"[49434624.01662713 49436941.02428114 49439258.03193513               nan
               nan               nan               nan               nan
               nan               nan               nan               nan
               nan               nan               nan               nan
               nan               nan               nan               nan]"	0.0	0.0	0.0
4275.8486665805085	2.0	trials	9.0	0.0	0.0	0.0	0.0	0.0	True	5.0	0.0	0.01	"[49497149.22317273 49499466.23082674 49501783.23848073               nan
               nan               nan               nan               nan
               nan               nan               nan               nan
               nan               nan               nan               nan
               nan               nan               nan               nan]"	0.0	0.0	0.0
4281.510304483183	2.0	trials	9.0	0.0	0.0	0.0	0.0	0.0	True	5.0	0.0	0.01	"[49562677.43963846 49564994.44729245 49567311.45494645               nan
               nan               nan               nan               nan
               nan               nan               nan               nan
               nan               nan               nan               nan
               nan               nan               nan               nan]"	0.0	0.0	0.0
4287.222486552826	2.0	trials	9.0	0.0	0.0	0.0	0.0	0.0	True	5.0	0.0	0.01	"[49628790.65803669 49631107.66569069 49633424.67334469               nan
               nan               nan               nan               nan
               nan               nan               nan               nan
               nan               nan               nan               nan
               nan               nan               nan               nan]"	0.0	0.0	0.0
4296.276199660895	2.0	trials	9.0	0.0	0.0	0.0	0.0	0.0	True	5.0	0.0	0.01	"[49733579.00419422 49735896.01184821 49738213.01950222               nan
               nan               nan               nan               nan
               nan               nan               nan               nan
               nan               nan               nan               nan
               nan               nan               nan               nan]"	0.0	0.0	0.0
4303.764944399241	2.0	trials	9.0	0.0	0.0	0.0	0.0	0.0	True	5.0	0.0	0.01	"[49820254.29051711 49822571.29817111 49824888.30582511               nan
               nan               nan               nan               nan
               nan               nan               nan               nan
               nan               nan               nan               nan
               nan               nan               nan               nan]"	0.0	0.0	0.0
4309.188895116739	2.0	trials	9.0	0.0	0.0	0.0	0.0	0.0	True	5.0	0.0	0.01	"[49883030.49789186 49885348.50554917 49887665.51320317               nan
               nan               nan               nan               nan
               nan               nan               nan               nan
               nan               nan               nan               nan
               nan               nan               nan               nan]"	0.0	0.0	0.0
4318.050540390331	2.0	trials	9.0	0.0	0.0	0.0	0.0	0.0	True	5.0	0.0	0.01	"[49985596.83670923 49987913.84436323 49990230.85201722               nan
               nan               nan               nan               nan
               nan               nan               nan               nan
               nan               nan               nan               nan
               nan               nan               nan               nan]"	0.0	0.0	0.0
4326.922726498742	2.0	trials	9.0	0.0	0.0	0.0	0.0	0.0	True	5.0	0.0	0.01	"[50088284.1759263  50090601.18358029 50092918.19123428               nan
               nan               nan               nan               nan
               nan               nan               nan               nan
               nan               nan               nan               nan
               nan               nan               nan               nan]"	0.0	0.0	0.0
4334.778499649531	2.0	trials	9.0	0.0	0.0	0.0	0.0	0.0	True	5.0	0.0	0.01	"[50179207.47628207 50181524.48393606 50183842.49159338               nan
               nan               nan               nan               nan
               nan               nan               nan               nan
               nan               nan               nan               nan
               nan               nan               nan               nan]"	0.0	0.0	0.0
4342.836708669049	2.0	trials	9.0	0.0	0.0	0.0	0.0	0.0	True	5.0	0.0	0.01	"[50272473.78437774 50274790.79203174 50277107.79968574               nan
               nan               nan               nan               nan
               nan               nan               nan               nan
               nan               nan               nan               nan
               nan               nan               nan               nan]"	0.0	0.0	0.0
4350.5651277991365	2.0	trials	9.0	0.0	0.0	0.0	0.0	0.0	True	5.0	0.0	0.01	"[50361923.07986429 50364240.08751829 50366557.09517229               nan
               nan               nan               nan               nan
               nan               nan               nan               nan
               nan               nan               nan               nan
               nan               nan               nan               nan]"	0.0	0.0	0.0
4359.565445530819	2.0	trials	9.0	0.0	0.0	0.0	0.0	0.0	True	5.0	0.0	0.01	"[50466093.42398032 50468410.43163431 50470727.43928832               nan
               nan               nan               nan               nan
               nan               nan               nan               nan
               nan               nan               nan               nan
               nan               nan               nan               nan]"	0.0	0.0	0.0
4367.132555328036	2.0	trials	9.0	0.0	0.0	0.0	0.0	0.0	True	5.0	0.0	0.01	"[50553675.7132994 50555992.7209534 50558309.7286074              nan
              nan              nan              nan              nan
              nan              nan              nan              nan
              nan              nan              nan              nan
              nan              nan              nan              nan]"	0.0	0.0	0.0
4372.407638353765	2.0	trials	9.0	0.0	0.0	0.0	0.0	0.0	True	5.0	0.0	0.01	"[50614729.91498569 50617046.92263969 50619363.93029369               nan
               nan               nan               nan               nan
               nan               nan               nan               nan
               nan               nan               nan               nan
               nan               nan               nan               nan]"	0.0	0.0	0.0
4379.5330698919415	2.0	trials	9.0	0.0	0.0	0.0	0.0	0.0	True	5.0	0.0	0.01	"[50697200.18741776 50699517.19507175 50701834.20272575               nan
               nan               nan               nan               nan
               nan               nan               nan               nan
               nan               nan               nan               nan
               nan               nan               nan               nan]"	0.0	0.0	0.0
4387.1891719831365	2.0	trials	9.0	0.0	0.0	0.0	0.0	0.0	True	5.0	0.0	0.01	"[50785812.48013936 50788129.48779336 50790446.49544735               nan
               nan               nan               nan               nan
               nan               nan               nan               nan
               nan               nan               nan               nan
               nan               nan               nan               nan]"	0.0	0.0	0.0
4411.05414041876	2.0	trials	10.0	0.0	0.0	0.0	0.0	0.0	True	10.0	0.0	0.005	"[51061978.39242508 51063136.39625042 51064295.40007906 51065454.40390772
 51066613.40773637               nan               nan               nan
               nan               nan               nan               nan
               nan               nan               nan               nan
               nan               nan               nan               nan]"	0.0	0.0	0.0
4419.046426020504	2.0	trials	10.0	0.0	0.0	0.0	0.0	0.0	True	10.0	0.0	0.005	"[51154482.69800354 51155640.70182888 51156799.70565753 51157958.70948618
 51159116.71331154               nan               nan               nan
               nan               nan               nan               nan
               nan               nan               nan               nan
               nan               nan               nan               nan]"	0.0	0.0	0.0
4425.634361383114	2.0	trials	10.0	0.0	0.0	0.0	0.0	0.0	True	10.0	0.0	0.005	"[51230730.9498818  51231889.95371044 51233047.9575358  51234207.96136775
 51235366.9651964                nan               nan               nan
               nan               nan               nan               nan
               nan               nan               nan               nan
               nan               nan               nan               nan]"	0.0	0.0	0.0
4434.299273206816	2.0	trials	10.0	0.0	0.0	0.0	0.0	0.0	True	10.0	0.0	0.005	"[51331020.2811773  51332178.28500264 51333337.2888313  51334495.29265665
 51335653.29648199               nan               nan               nan
               nan               nan               nan               nan
               nan               nan               nan               nan
               nan               nan               nan               nan]"	0.0	0.0	0.0
4441.108738901229	2.0	trials	10.0	0.0	0.0	0.0	0.0	0.0	True	10.0	0.0	0.005	"[51409832.5415255  51410991.54535414 51412150.54918279 51413309.55301145
 51414467.5568368                nan               nan               nan
               nan               nan               nan               nan
               nan               nan               nan               nan
               nan               nan               nan               nan]"	0.0	0.0	0.0
4447.336471473944	2.0	trials	10.0	0.0	0.0	0.0	0.0	0.0	True	10.0	0.0	0.005	"[51481913.77963846 51483071.78346381 51484229.78728915 51485388.7911178
 51486547.79494645               nan               nan               nan
               nan               nan               nan               nan
               nan               nan               nan               nan
               nan               nan               nan               nan]"	0.0	0.0	0.0
4452.910413086923	2.0	trials	10.0	0.0	0.0	0.0	0.0	0.0	True	10.0	0.0	0.005	"[51546426.99275123 51547584.99657658 51548744.00040523 51549902.00423057
 51551061.00805922               nan               nan               nan
               nan               nan               nan               nan
               nan               nan               nan               nan
               nan               nan               nan               nan]"	0.0	0.0	0.0
4458.976836326767	2.0	trials	10.0	0.0	0.0	0.0	0.0	0.0	True	10.0	0.0	0.005	"[51616639.22469012 51617798.22851878 51618956.23234412 51620115.23617277
 51621273.23999812               nan               nan               nan
               nan               nan               nan               nan
               nan               nan               nan               nan
               nan               nan               nan               nan]"	0.0	0.0	0.0
4465.102962163834	2.0	trials	10.0	0.0	0.0	0.0	0.0	0.0	True	10.0	0.0	0.005	"[51687544.45891827 51688702.46274363 51689861.46657226 51691020.47040093
 51692178.47422627               nan               nan               nan
               nan               nan               nan               nan
               nan               nan               nan               nan
               nan               nan               nan               nan]"	0.0	0.0	0.0
4471.3382115613795	2.0	trials	10.0	0.0	0.0	0.0	0.0	0.0	True	10.0	0.0	0.005	"[51759711.69731533 51760870.70114398 51762027.70496602 51763186.70879468
 51764345.71262332               nan               nan               nan
               nan               nan               nan               nan
               nan               nan               nan               nan
               nan               nan               nan               nan]"	0.0	0.0	0.0
4477.630657947869	2.0	trials	10.0	0.0	0.0	0.0	0.0	0.0	True	10.0	0.0	0.005	"[51832540.93789925 51833698.94172458 51834857.94555324 51836015.94937858
 51837174.95320723               nan               nan               nan
               nan               nan               nan               nan
               nan               nan               nan               nan
               nan               nan               nan               nan]"	0.0	0.0	0.0
4484.73526701726	2.0	trials	10.0	0.0	0.0	0.0	0.0	0.0	True	10.0	0.0	0.005	"[51914770.2095352  51915929.21336384 51917087.21718918 51918246.22101784
 51919404.22484317               nan               nan               nan
               nan               nan               nan               nan
               nan               nan               nan               nan
               nan               nan               nan               nan]"	0.0	0.0	0.0
4493.585161852035	2.0	trials	10.0	0.0	0.0	0.0	0.0	0.0	True	10.0	0.0	0.005	"[52017199.54789998 52018358.55172863 52019516.55555399 52020675.55938262
 52021834.56321127               nan               nan               nan
               nan               nan               nan               nan
               nan               nan               nan               nan
               nan               nan               nan               nan]"	0.0	0.0	0.0
4500.905080432681	2.0	trials	10.0	0.0	0.0	0.0	0.0	0.0	True	10.0	0.0	0.005	"[52101920.82776802 52103078.83159336 52104237.83542202 52105396.83925068
 52106554.84307601               nan               nan               nan
               nan               nan               nan               nan
               nan               nan               nan               nan
               nan               nan               nan               nan]"	0.0	0.0	0.0
4506.286781410611	2.0	trials	10.0	0.0	0.0	0.0	0.0	0.0	True	10.0	0.0	0.005	"[52164209.0335307  52165367.03735605 52166525.04118141 52167684.04501005
 52168843.0488387                nan               nan               nan
               nan               nan               nan               nan
               nan               nan               nan               nan
               nan               nan               nan               nan]"	0.0	0.0	0.0
4513.739238029083	2.0	trials	10.0	0.0	0.0	0.0	0.0	0.0	True	10.0	0.0	0.005	"[52250464.31846618 52251622.32229152 52252781.32612018 52253939.32994551
 52255097.33377087               nan               nan               nan
               nan               nan               nan               nan
               nan               nan               nan               nan
               nan               nan               nan               nan]"	0.0	0.0	0.0
4521.983294062527	2.0	trials	10.0	0.0	0.0	0.0	0.0	0.0	True	10.0	0.0	0.005	"[52345880.63366417 52347039.63749281 52348197.64131816 52349357.64515012
 52350515.64897547               nan               nan               nan
               nan               nan               nan               nan
               nan               nan               nan               nan
               nan               nan               nan               nan]"	0.0	0.0	0.0
4529.309174262868	2.0	trials	10.0	0.0	0.0	0.0	0.0	0.0	True	10.0	0.0	0.005	"[52430670.91376014 52431828.91758548 52432988.92141744 52434146.9252428
 52435304.92906814               nan               nan               nan
               nan               nan               nan               nan
               nan               nan               nan               nan
               nan               nan               nan               nan]"	0.0	0.0	0.0
4536.830664709386	2.0	trials	10.0	0.0	0.0	0.0	0.0	0.0	True	10.0	0.0	0.005	"[52517726.20133834 52518884.20516368 52520044.20899565 52521202.21282098
 52522361.21664964               nan               nan               nan
               nan               nan               nan               nan
               nan               nan               nan               nan
               nan               nan               nan               nan]"	0.0	0.0	0.0
4545.191533928712	2.0	trials	10.0	0.0	0.0	0.0	0.0	0.0	True	10.0	0.0	0.005	"[52614494.52100254 52615653.52483118 52616812.52865984 52617970.53248518
 52619128.53631053               nan               nan               nan
               nan               nan               nan               nan
               nan               nan               nan               nan
               nan               nan               nan               nan]"	0.0	0.0	0.0
4550.807898081829	2.0	trials	10.0	0.0	0.0	0.0	0.0	0.0	True	10.0	0.0	0.005	"[52679498.73573728 52680657.73956594 52681815.74339128 52682974.74721992
 52684132.75104528               nan               nan               nan
               nan               nan               nan               nan
               nan               nan               nan               nan
               nan               nan               nan               nan]"	0.0	0.0	0.0
4559.477302720372	2.0	trials	10.0	0.0	0.0	0.0	0.0	0.0	True	10.0	0.0	0.005	"[52779840.06720456 52780998.0710299  52782156.07485525 52783315.0786839
 52784474.08251254               nan               nan               nan
               nan               nan               nan               nan
               nan               nan               nan               nan
               nan               nan               nan               nan]"	0.0	0.0	0.0
4567.05590375555	2.0	trials	10.0	0.0	0.0	0.0	0.0	0.0	True	10.0	0.0	0.005	"[52867554.35695969 52868712.36078504 52869872.364617   52871030.36844235
 52872188.37226769               nan               nan               nan
               nan               nan               nan               nan
               nan               nan               nan               nan
               nan               nan               nan               nan]"	0.0	0.0	0.0
4575.095536713703	2.0	trials	10.0	0.0	0.0	0.0	0.0	0.0	True	10.0	0.0	0.005	"[52960606.66434843 52961764.66817378 52962922.67199912 52964081.67582776
 52965240.67965643               nan               nan               nan
               nan               nan               nan               nan
               nan               nan               nan               nan
               nan               nan               nan               nan]"	0.0	0.0	0.0
4580.447861594592	2.0	trials	10.0	0.0	0.0	0.0	0.0	0.0	True	10.0	0.0	0.005	"[53022553.86898465 53023713.87281661 53024871.87664196 53026030.8804706
 53027188.88429595               nan               nan               nan
               nan               nan               nan               nan
               nan               nan               nan               nan
               nan               nan               nan               nan]"	0.0	0.0	0.0
4586.693651826959	2.0	trials	10.0	0.0	0.0	0.0	0.0	0.0	True	10.0	0.0	0.005	"[53094843.10778473 53096002.11161338 53097161.11544202 53098319.11926737
 53099478.12309602               nan               nan               nan
               nan               nan               nan               nan
               nan               nan               nan               nan
               nan               nan               nan               nan]"	0.0	0.0	0.0
4592.9042771431605	2.0	trials	10.0	0.0	0.0	0.0	0.0	0.0	True	10.0	0.0	0.005	"[53166725.3452403  53167884.34906895 53169043.35289761 53170201.35672296
 53171360.36055161               nan               nan               nan
               nan               nan               nan               nan
               nan               nan               nan               nan
               nan               nan               nan               nan]"	0.0	0.0	0.0
4599.317770329517	2.0	trials	10.0	0.0	0.0	0.0	0.0	0.0	True	10.0	0.0	0.005	"[53240955.5904523  53242115.59428425 53243272.59810629 53244431.60193494
 53245590.60576358               nan               nan               nan
               nan               nan               nan               nan
               nan               nan               nan               nan
               nan               nan               nan               nan]"	0.0	0.0	0.0
4605.1396807616375	2.0	trials	10.0	0.0	0.0	0.0	0.0	0.0	True	10.0	0.0	0.005	"[53308338.81304584 53309496.81687119 53310655.82069984 53311813.82452518
 53312972.82835384               nan               nan               nan
               nan               nan               nan               nan
               nan               nan               nan               nan
               nan               nan               nan               nan]"	0.0	0.0	0.0
4613.824551051269	2.0	trials	10.0	0.0	0.0	0.0	0.0	0.0	True	10.0	0.0	0.005	"[53408858.14510113 53410018.14893307 53411176.15275843 53412335.15658707
 53413493.16041242               nan               nan               nan
               nan               nan               nan               nan
               nan               nan               nan               nan
               nan               nan               nan               nan]"	0.0	0.0	0.0
4635.767804338691	2.0	trials	11.0	0.0	0.0	0.0	0.0	0.0	True	20.0	0.0	0.005	"[53662831.9840776  53663410.98599028 53663989.98790295 53664569.98981893
 53665148.9917316  53665727.99364427 53666306.99555694 53666886.99747292
 53667466.9993889  53668045.00129826               nan               nan
               nan               nan               nan               nan
               nan               nan               nan               nan]"	0.0	0.0	0.0
4642.433067956748	2.0	trials	11.0	0.0	0.0	0.0	0.0	0.0	True	20.0	0.0	0.005	"[53739976.23891572 53740555.24082839 53741134.24274107 53741714.24465704
 53742292.24656641 53742872.24848239 53743451.25039506 53744030.25230773
 53744610.25422371 53745190.25613969               nan               nan
               nan               nan               nan               nan
               nan               nan               nan               nan]"	0.0	0.0	0.0
4647.648275584684	2.0	trials	11.0	0.0	0.0	0.0	0.0	0.0	True	20.0	0.0	0.005	"[53800336.43830943 53800916.44022541 53801495.44213808 53802074.44405075
 53802653.44596343 53803233.44787941 53803812.44979209 53804392.45170805
 53804971.45362073 53805550.45553341               nan               nan
               nan               nan               nan               nan
               nan               nan               nan               nan]"	0.0	0.0	0.0
4656.612477997061	2.0	trials	11.0	0.0	0.0	0.0	0.0	0.0	True	20.0	0.0	0.005	"[53904088.78104463 53904667.78295731 53905247.78487328 53905826.78678595
 53906406.78870194 53906985.7906146  53907564.79252727 53908143.79443995
 53908723.79635594 53909301.79826531               nan               nan
               nan               nan               nan               nan
               nan               nan               nan               nan]"	0.0	0.0	0.0
4664.664120594887	2.0	trials	11.0	0.0	0.0	0.0	0.0	0.0	True	20.0	0.0	0.005	"[53997279.08888924 53997858.09080191 53998438.09271789 53999017.09463056
 53999597.09654654 54000175.09845591 54000755.10037188 54001334.10228457
 54001914.10420054 54002493.1061132                nan               nan
               nan               nan               nan               nan
               nan               nan               nan               nan]"	0.0	0.0	0.0
4671.482571918984	2.0	trials	11.0	0.0	0.0	0.0	0.0	0.0	True	20.0	0.0	0.005	"[54076197.3495876  54076776.35150028 54077355.35341294 54077934.35532562
 54078514.3572416  54079093.35915427 54079672.36106694 54080251.36297962
 54080830.3648923  54081410.36680827               nan               nan
               nan               nan               nan               nan
               nan               nan               nan               nan]"	0.0	0.0	0.0
4679.442457413699	2.0	trials	11.0	0.0	0.0	0.0	0.0	0.0	True	20.0	0.0	0.005	"[54168324.65392068 54168904.65583666 54169483.65774934 54170061.65965871
 54170641.66157468 54171221.66349066 54171800.66540334 54172378.6673127
 54172958.66922867 54173538.67114466               nan               nan
               nan               nan               nan               nan
               nan               nan               nan               nan]"	0.0	0.0	0.0
4684.572819961357	2.0	trials	11.0	0.0	0.0	0.0	0.0	0.0	True	20.0	0.0	0.005	"[54227703.85007375 54228283.85198973 54228861.85389911 54229441.85581508
 54230021.85773106 54230599.85964043 54231179.8615564  54231759.86347238
 54232338.86538506 54232917.86729772               nan               nan
               nan               nan               nan               nan
               nan               nan               nan               nan]"	0.0	0.0	0.0
4692.786376694051	2.0	trials	11.0	0.0	0.0	0.0	0.0	0.0	True	20.0	0.0	0.005	"[54322769.16411225 54323348.16602492 54323928.16794089 54324507.16985357
 54325085.17176294 54325666.17368223 54326244.1755916  54326823.17750426
 54327402.17941694 54327982.18133292               nan               nan
               nan               nan               nan               nan
               nan               nan               nan               nan]"	0.0	0.0	0.0
4701.300779220558	2.0	trials	11.0	0.0	0.0	0.0	0.0	0.0	True	20.0	0.0	0.005	"[54421314.48964661 54421894.49156258 54422473.49347526 54423052.49538793
 54423632.4973039  54424210.49921327 54424789.50112595 54425369.50304193
 54425948.50495459 54426528.50687057               nan               nan
               nan               nan               nan               nan
               nan               nan               nan               nan]"	0.0	0.0	0.0
4709.65888363075	2.0	trials	11.0	0.0	0.0	0.0	0.0	0.0	True	20.0	0.0	0.005	"[54518051.80920839 54518631.81112438 54519210.81303704 54519789.81494972
 54520368.8168624  54520947.81877507 54521527.82069104 54522106.82260372
 54522686.82451969 54523265.82643236               nan               nan
               nan               nan               nan               nan
               nan               nan               nan               nan]"	0.0	0.0	0.0
4714.873054455261	2.0	trials	11.0	0.0	0.0	0.0	0.0	0.0	True	20.0	0.0	0.005	"[54578402.00856908 54578980.01047845 54579560.01239442 54580139.0143071
 54580719.01622308 54581298.01813575 54581877.02004842 54582456.02196109
 54583036.02387707 54583615.02578974               nan               nan
               nan               nan               nan               nan
               nan               nan               nan               nan]"	0.0	0.0	0.0
4720.1408798570155	2.0	trials	11.0	0.0	0.0	0.0	0.0	0.0	True	20.0	0.0	0.005	"[54639371.20997456 54639951.21189055 54640529.21379992 54641109.2157159
 54641688.21762856 54642268.21954454 54642846.22145391 54643426.22336988
 54644006.22528587 54644584.22719523               nan               nan
               nan               nan               nan               nan
               nan               nan               nan               nan]"	0.0	0.0	0.0
4725.343041041852	2.0	trials	11.0	0.0	0.0	0.0	0.0	0.0	True	20.0	0.0	0.005	"[54699582.40887608 54700160.41078544 54700740.41270141 54701320.4146174
 54701899.41653008 54702478.41844276 54703057.42035541 54703637.4222714
 54704215.42418077 54704795.42609674               nan               nan
               nan               nan               nan               nan
               nan               nan               nan               nan]"	0.0	0.0	0.0
4731.8947746848735	2.0	trials	11.0	0.0	0.0	0.0	0.0	0.0	True	20.0	0.0	0.005	"[54775412.65937352 54775990.66128289 54776570.66319886 54777150.66511484
 54777730.66703081 54778309.66894349 54778887.67085285 54779467.67276885
 54780046.6746815  54780625.67659418               nan               nan
               nan               nan               nan               nan
               nan               nan               nan               nan]"	0.0	0.0	0.0
4737.533516511914	2.0	trials	11.0	0.0	0.0	0.0	0.0	0.0	True	20.0	0.0	0.005	"[54840675.87496383 54841254.87687651 54841833.87878919 54842413.88070516
 54842992.88261783 54843571.88453051 54844150.88644318 54844730.88835916
 54845309.89027183 54845888.89218451               nan               nan
               nan               nan               nan               nan
               nan               nan               nan               nan]"	0.0	0.0	0.0
4743.829159708964	2.0	trials	11.0	0.0	0.0	0.0	0.0	0.0	True	20.0	0.0	0.005	"[54913543.11567328 54914121.11758266 54914701.11949863 54915280.1214113
 54915858.12332067 54916439.12523995 54917017.12714931 54917597.1290653
 54918176.13097798 54918756.13289394               nan               nan
               nan               nan               nan               nan
               nan               nan               nan               nan]"	0.0	0.0	0.0
4751.731243412736	2.0	trials	11.0	0.0	0.0	0.0	0.0	0.0	True	20.0	0.0	0.005	"[55005001.41779638 55005580.41970906 55006159.42162173 55006739.4235377
 55007318.42545038 55007897.42736305 55008477.42927902 55009056.4311917
 55009635.43310438 55010215.43502034               nan               nan
               nan               nan               nan               nan
               nan               nan               nan               nan]"	0.0	0.0	0.0
4759.303450826794	2.0	trials	11.0	0.0	0.0	0.0	0.0	0.0	True	20.0	0.0	0.005	"[55092642.70731038 55093221.70922305 55093800.71113572 55094379.7130484
 55094959.71496437 55095538.71687704 55096118.71879302 55096697.7207057
 55097275.72261506 55097855.72453104               nan               nan
               nan               nan               nan               nan
               nan               nan               nan               nan]"	0.0	0.0	0.0
4766.551138768832	2.0	trials	11.0	0.0	0.0	0.0	0.0	0.0	True	20.0	0.0	0.005	"[55176527.98441678 55177106.98632944 55177685.9882421  55178264.99015479
 55178844.99207076 55179423.99398343 55180002.99589611 55180581.99780878
 55181161.99972476 55181741.00163743               nan               nan
               nan               nan               nan               nan
               nan               nan               nan               nan]"	0.0	0.0	0.0
4771.717098234082	2.0	trials	11.0	0.0	0.0	0.0	0.0	0.0	True	20.0	0.0	0.005	"[55236318.18192753 55236898.18384352 55237478.18575949 55238057.18767216
 55238636.18958484 55239216.19150083 55239795.19341348 55240374.19532616
 55240953.19723883 55241532.19915152               nan               nan
               nan               nan               nan               nan
               nan               nan               nan               nan]"	0.0	0.0	0.0
4777.261145348307	2.0	trials	11.0	0.0	0.0	0.0	0.0	0.0	True	20.0	0.0	0.005	"[55300486.39390063 55301065.39581331 55301644.39772598 55302223.39963865
 55302802.40155132 55303381.403464   55303961.40537997 55304541.40729595
 55305119.40920532 55305699.41112129               nan               nan
               nan               nan               nan               nan
               nan               nan               nan               nan]"	0.0	0.0	0.0
4785.373527346779	2.0	trials	11.0	0.0	0.0	0.0	0.0	0.0	True	20.0	0.0	0.005	"[55394379.70406752 55394959.70598351 55395537.70789288 55396117.70980886
 55396696.71172152 55397276.71363751 55397854.71554688 55398434.71746285
 55399013.71937552 55399593.7212915                nan               nan
               nan               nan               nan               nan
               nan               nan               nan               nan]"	0.0	0.0	0.0
4792.243386840698	2.0	trials	11.0	0.0	0.0	0.0	0.0	0.0	True	20.0	0.0	0.005	"[55473891.96672812 55474470.96864079 55475050.97055677 55475629.97246944
 55476207.97437881 55476787.97629479 55477366.97820746 55477946.98012344
 55478525.98203611 55479105.98395208               nan               nan
               nan               nan               nan               nan
               nan               nan               nan               nan]"	0.0	0.0	0.0
4799.371669588292	2.0	trials	11.0	0.0	0.0	0.0	0.0	0.0	True	20.0	0.0	0.005	"[55556395.2392692  55556974.24118187 55557553.24309455 55558133.24501052
 55558713.2469265  55559291.24883587 55559870.25074854 55560449.25266121
 55561029.25457719 55561609.25649317               nan               nan
               nan               nan               nan               nan
               nan               nan               nan               nan]"	0.0	0.0	0.0
4808.437824337461	2.0	trials	11.0	0.0	0.0	0.0	0.0	0.0	True	20.0	0.0	0.005	"[55661326.58589911 55661906.5878151  55662485.58972777 55663064.59164045
 55663644.59355643 55664223.59546909 55664803.59738506 55665381.59929443
 55665962.60121372 55666540.60312309               nan               nan
               nan               nan               nan               nan
               nan               nan               nan               nan]"	0.0	0.0	0.0
4816.555563153629	2.0	trials	11.0	0.0	0.0	0.0	0.0	0.0	True	20.0	0.0	0.005	"[55755281.89627083 55755860.8981835  55756439.90009618 55757020.90201546
 55757599.90392813 55758177.9058375  55758757.90775348 55759336.90966616
 55759916.91158212 55760495.9134948                nan               nan
               nan               nan               nan               nan
               nan               nan               nan               nan]"	0.0	0.0	0.0
4821.700095348096	2.0	trials	11.0	0.0	0.0	0.0	0.0	0.0	True	20.0	0.0	0.005	"[55814826.09296897 55815405.09488164 55815985.09679762 55816563.09870699
 55817143.10062296 55817722.10253564 55818301.10444831 55818881.10636429
 55819461.10828026 55820039.11018963               nan               nan
               nan               nan               nan               nan
               nan               nan               nan               nan]"	0.0	0.0	0.0
4830.530550118652	2.0	trials	11.0	0.0	0.0	0.0	0.0	0.0	True	20.0	0.0	0.005	"[55917030.43059049 55917610.43250647 55918188.43441584 55918769.43633512
 55919347.43824448 55919927.44016048 55920506.44207313 55921085.4439858
 55921664.44589848 55922243.44781116               nan               nan
               nan               nan               nan               nan
               nan               nan               nan               nan]"	0.0	0.0	0.0
4838.623837654047	2.0	trials	11.0	0.0	0.0	0.0	0.0	0.0	True	20.0	0.0	0.005	"[56010701.74002404 56011281.74194001 56011861.74385599 56012439.74576536
 56013019.74768133 56013598.74959401 56014177.75150668 56014757.75342266
 56015336.75533533 56015915.75724801               nan               nan
               nan               nan               nan               nan
               nan               nan               nan               nan]"	0.0	0.0	0.0
4844.401856741177	2.0	trials	11.0	0.0	0.0	0.0	0.0	0.0	True	20.0	0.0	0.005	"[56077577.96094275 56078155.96285212 56078735.96476811 56079314.96668077
 56079894.96859675 56080473.97050943 56081052.97242211 56081631.97433478
 56082211.97625075 56082790.97816343               nan               nan
               nan               nan               nan               nan
               nan               nan               nan               nan]"	0.0	0.0	0.0
4873.960690385935	2.0	trials	12.0	0.0	0.0	0.0	0.0	0.0	True	1.0	0.0	1.0	"[56142023.17383089               nan               nan               nan
               nan               nan               nan               nan
               nan               nan               nan               nan
               nan               nan               nan               nan
               nan               nan               nan               nan]"	0.0	0.0	0.0
4879.240698227932	2.0	trials	12.0	0.0	0.0	0.0	0.0	0.0	True	1.0	0.0	1.0	"[56142604.17575017               nan               nan               nan
               nan               nan               nan               nan
               nan               nan               nan               nan
               nan               nan               nan               nan
               nan               nan               nan               nan]"	0.0	0.0	0.0
4886.237047739698	2.0	trials	12.0	0.0	0.0	0.0	0.0	0.0	True	1.0	0.0	1.0	"[56143182.17765955               nan               nan               nan
               nan               nan               nan               nan
               nan               nan               nan               nan
               nan               nan               nan               nan
               nan               nan               nan               nan]"	0.0	0.0	0.0
4891.451218564209	2.0	trials	12.0	0.0	0.0	0.0	0.0	0.0	True	1.0	0.0	1.0	"[56143762.17957553               nan               nan               nan
               nan               nan               nan               nan
               nan               nan               nan               nan
               nan               nan               nan               nan
               nan               nan               nan               nan]"	0.0	0.0	0.0
4899.439270551969	2.0	trials	12.0	0.0	0.0	0.0	0.0	0.0	True	1.0	0.0	1.0	"[56144340.18148489               nan               nan               nan
               nan               nan               nan               nan
               nan               nan               nan               nan
               nan               nan               nan               nan
               nan               nan               nan               nan]"	0.0	0.0	0.0
4907.003010738055	2.0	trials	12.0	0.0	0.0	0.0	0.0	0.0	True	1.0	0.0	1.0	"[56144921.18340416               nan               nan               nan
               nan               nan               nan               nan
               nan               nan               nan               nan
               nan               nan               nan               nan
               nan               nan               nan               nan]"	0.0	0.0	0.0
4913.189184773485	2.0	trials	12.0	0.0	0.0	0.0	0.0	0.0	True	0.0	0.0	0.0	"[nan nan nan nan nan nan nan nan nan nan nan nan nan nan nan nan nan nan
 nan nan]"	0.0	0.0	0.0
4918.895059622292	2.0	trials	12.0	0.0	0.0	0.0	0.0	0.0	True	1.0	0.0	1.0	"[56145500.18531685               nan               nan               nan
               nan               nan               nan               nan
               nan               nan               nan               nan
               nan               nan               nan               nan
               nan               nan               nan               nan]"	0.0	0.0	0.0
4926.533190454122	2.0	trials	12.0	0.0	0.0	0.0	0.0	0.0	True	1.0	0.0	1.0	"[56146079.18722952               nan               nan               nan
               nan               nan               nan               nan
               nan               nan               nan               nan
               nan               nan               nan               nan
               nan               nan               nan               nan]"	0.0	0.0	0.0
4933.103154557365	2.0	trials	12.0	0.0	0.0	0.0	0.0	0.0	True	1.0	0.0	1.0	"[56146658.18914219               nan               nan               nan
               nan               nan               nan               nan
               nan               nan               nan               nan
               nan               nan               nan               nan
               nan               nan               nan               nan]"	0.0	0.0	0.0
4939.889551375572	2.0	trials	12.0	0.0	0.0	0.0	0.0	0.0	True	1.0	0.0	1.0	"[56147237.19105487               nan               nan               nan
               nan               nan               nan               nan
               nan               nan               nan               nan
               nan               nan               nan               nan
               nan               nan               nan               nan]"	0.0	0.0	0.0
4948.295521543884	2.0	trials	12.0	0.0	0.0	0.0	0.0	0.0	True	0.0	0.0	0.0	"[nan nan nan nan nan nan nan nan nan nan nan nan nan nan nan nan nan nan
 nan nan]"	0.0	0.0	0.0
4953.590131034117	2.0	trials	12.0	0.0	0.0	0.0	0.0	0.0	True	1.0	0.0	1.0	"[56420544.09389613               nan               nan               nan
               nan               nan               nan               nan
               nan               nan               nan               nan
               nan               nan               nan               nan
               nan               nan               nan               nan]"	0.0	0.0	0.0
4961.915835337279	2.0	trials	12.0	0.0	0.0	0.0	0.0	0.0	True	1.0	0.0	1.0	"[56420551.09391925               nan               nan               nan
               nan               nan               nan               nan
               nan               nan               nan               nan
               nan               nan               nan               nan
               nan               nan               nan               nan]"	0.0	0.0	0.0
4968.137779090871	2.0	trials	12.0	0.0	0.0	0.0	0.0	0.0	True	0.0	0.0	0.0	"[nan nan nan nan nan nan nan nan nan nan nan nan nan nan nan nan nan nan
 nan nan]"	0.0	0.0	0.0
4974.852118071042	2.0	trials	12.0	0.0	0.0	0.0	0.0	0.0	True	1.0	0.0	1.0	"[56420557.09393907               nan               nan               nan
               nan               nan               nan               nan
               nan               nan               nan               nan
               nan               nan               nan               nan
               nan               nan               nan               nan]"	0.0	0.0	0.0
4982.442296744465	2.0	trials	12.0	0.0	0.0	0.0	0.0	0.0	True	0.0	0.0	0.0	"[nan nan nan nan nan nan nan nan nan nan nan nan nan nan nan nan nan nan
 nan nan]"	0.0	0.0	0.0
4987.697853305691	2.0	trials	12.0	0.0	0.0	0.0	0.0	0.0	True	1.0	0.0	1.0	"[56430366.1263422              nan              nan              nan
              nan              nan              nan              nan
              nan              nan              nan              nan
              nan              nan              nan              nan
              nan              nan              nan              nan]"	0.0	0.0	0.0
4995.974568647021	2.0	trials	12.0	0.0	0.0	0.0	0.0	0.0	True	1.0	0.0	1.0	"[56430368.12634881               nan               nan               nan
               nan               nan               nan               nan
               nan               nan               nan               nan
               nan               nan               nan               nan
               nan               nan               nan               nan]"	0.0	0.0	0.0
5002.8417497320925	2.0	trials	12.0	0.0	0.0	0.0	0.0	0.0	True	1.0	0.0	1.0	"[56481656.295774             nan             nan             nan
             nan             nan             nan             nan
             nan             nan             nan             nan
             nan             nan             nan             nan
             nan             nan             nan             nan]"	0.0	0.0	0.0
5008.258010824189	2.0	trials	12.0	0.0	0.0	0.0	0.0	0.0	True	1.0	0.0	1.0	"[56481662.29579382               nan               nan               nan
               nan               nan               nan               nan
               nan               nan               nan               nan
               nan               nan               nan               nan
               nan               nan               nan               nan]"	0.0	0.0	0.0
5016.624668862638	2.0	trials	12.0	0.0	0.0	0.0	0.0	0.0	True	1.0	0.0	1.0	"[56491462.32816722               nan               nan               nan
               nan               nan               nan               nan
               nan               nan               nan               nan
               nan               nan               nan               nan
               nan               nan               nan               nan]"	0.0	0.0	0.0
5023.752087607379	2.0	trials	12.0	0.0	0.0	0.0	0.0	0.0	True	1.0	0.0	1.0	"[56491476.32821348               nan               nan               nan
               nan               nan               nan               nan
               nan               nan               nan               nan
               nan               nan               nan               nan
               nan               nan               nan               nan]"	0.0	0.0	0.0
5031.324035820579	2.0	trials	12.0	0.0	0.0	0.0	0.0	0.0	True	1.0	0.0	1.0	"[56491478.32822008               nan               nan               nan
               nan               nan               nan               nan
               nan               nan               nan               nan
               nan               nan               nan               nan
               nan               nan               nan               nan]"	0.0	0.0	0.0
5036.735976898406	2.0	trials	12.0	0.0	0.0	0.0	0.0	0.0	True	1.0	0.0	1.0	"[56562632.56327078               nan               nan               nan
               nan               nan               nan               nan
               nan               nan               nan               nan
               nan               nan               nan               nan
               nan               nan               nan               nan]"	0.0	0.0	0.0
5044.476232867596	2.0	trials	12.0	0.0	0.0	0.0	0.0	0.0	True	1.0	0.0	1.0	"[56562636.56328399               nan               nan               nan
               nan               nan               nan               nan
               nan               nan               nan               nan
               nan               nan               nan               nan
               nan               nan               nan               nan]"	0.0	0.0	0.0
5051.478371198485	2.0	trials	12.0	0.0	0.0	0.0	0.0	0.0	True	1.0	0.0	1.0	"[56572453.59571355               nan               nan               nan
               nan               nan               nan               nan
               nan               nan               nan               nan
               nan               nan               nan               nan
               nan               nan               nan               nan]"	0.0	0.0	0.0
5059.356435622911	2.0	trials	12.0	0.0	0.0	0.0	0.0	0.0	True	0.0	0.0	0.0	"[nan nan nan nan nan nan nan nan nan nan nan nan nan nan nan nan nan nan
 nan nan]"	0.0	0.0	0.0
5064.558337606893	2.0	trials	12.0	0.0	0.0	0.0	0.0	0.0	True	1.0	0.0	1.0	"[56572456.59572347               nan               nan               nan
               nan               nan               nan               nan
               nan               nan               nan               nan
               nan               nan               nan               nan
               nan               nan               nan               nan]"	0.0	0.0	0.0
5072.736815823707	2.0	trials	12.0	0.0	0.0	0.0	0.0	0.0	True	1.0	0.0	1.0	"[56572459.59573337               nan               nan               nan
               nan               nan               nan               nan
               nan               nan               nan               nan
               nan               nan               nan               nan
               nan               nan               nan               nan]"	0.0	0.0	0.0
