onset	duration	nwb_table	Block	sound	sound_puretone	sound_bluenoise	sound_freq	sound_amp	optogenetics	opto_freq	opto_power	opto_pulse_duration	opto_pulse_ts	airpuff	airpuff_duration	airpuff_amp
300.0065364250722	2.0	trials	1.0	1.0	1.0	0.0	10000.0	1.0	False	0.0	0.0	0.0	"[nan nan nan nan nan nan nan nan nan nan nan nan nan nan nan nan nan nan
 nan nan]"	0.0	0.0	0.0
309.69053880545533	2.0	trials	1.0	1.0	1.0	0.0	10000.0	1.0	False	0.0	0.0	0.0	"[nan nan nan nan nan nan nan nan nan nan nan nan nan nan nan nan nan nan
 nan nan]"	0.0	0.0	0.0
319.2906465157159	2.0	trials	1.0	1.0	1.0	0.0	10000.0	1.0	False	0.0	0.0	0.0	"[nan nan nan nan nan nan nan nan nan nan nan nan nan nan nan nan nan nan
 nan nan]"	0.0	0.0	0.0
327.19912317929214	2.0	trials	1.0	1.0	1.0	0.0	10000.0	1.0	False	0.0	0.0	0.0	"[nan nan nan nan nan nan nan nan nan nan nan nan nan nan nan nan nan nan
 nan nan]"	0.0	0.0	0.0
336.53484603829094	2.0	trials	1.0	1.0	1.0	0.0	10000.0	1.0	False	0.0	0.0	0.0	"[nan nan nan nan nan nan nan nan nan nan nan nan nan nan nan nan nan nan
 nan nan]"	0.0	0.0	0.0
346.1166368895752	2.0	trials	1.0	1.0	1.0	0.0	10000.0	1.0	False	0.0	0.0	0.0	"[nan nan nan nan nan nan nan nan nan nan nan nan nan nan nan nan nan nan
 nan nan]"	0.0	0.0	0.0
353.00507186883885	2.0	trials	1.0	1.0	1.0	0.0	10000.0	1.0	False	0.0	0.0	0.0	"[nan nan nan nan nan nan nan nan nan nan nan nan nan nan nan nan nan nan
 nan nan]"	0.0	0.0	0.0
361.32109864463786	2.0	trials	1.0	1.0	1.0	0.0	10000.0	1.0	False	0.0	0.0	0.0	"[nan nan nan nan nan nan nan nan nan nan nan nan nan nan nan nan nan nan
 nan nan]"	0.0	0.0	0.0
369.39710544762477	2.0	trials	1.0	1.0	1.0	0.0	10000.0	1.0	False	0.0	0.0	0.0	"[nan nan nan nan nan nan nan nan nan nan nan nan nan nan nan nan nan nan
 nan nan]"	0.0	0.0	0.0
379.42930094911407	2.0	trials	1.0	1.0	1.0	0.0	10000.0	1.0	False	0.0	0.0	0.0	"[nan nan nan nan nan nan nan nan nan nan nan nan nan nan nan nan nan nan
 nan nan]"	0.0	0.0	0.0
388.72346527430346	2.0	trials	1.0	1.0	1.0	0.0	10000.0	1.0	False	0.0	0.0	0.0	"[nan nan nan nan nan nan nan nan nan nan nan nan nan nan nan nan nan nan
 nan nan]"	0.0	0.0	0.0
396.15069238836054	2.0	trials	1.0	1.0	1.0	0.0	10000.0	1.0	False	0.0	0.0	0.0	"[nan nan nan nan nan nan nan nan nan nan nan nan nan nan nan nan nan nan
 nan nan]"	0.0	0.0	0.0
406.3993205867162	2.0	trials	1.0	1.0	1.0	0.0	10000.0	1.0	False	0.0	0.0	0.0	"[nan nan nan nan nan nan nan nan nan nan nan nan nan nan nan nan nan nan
 nan nan]"	0.0	0.0	0.0
413.03529395310835	2.0	trials	1.0	1.0	1.0	0.0	10000.0	1.0	False	0.0	0.0	0.0	"[nan nan nan nan nan nan nan nan nan nan nan nan nan nan nan nan nan nan
 nan nan]"	0.0	0.0	0.0
422.083735887125	2.0	trials	1.0	1.0	1.0	0.0	10000.0	1.0	False	0.0	0.0	0.0	"[nan nan nan nan nan nan nan nan nan nan nan nan nan nan nan nan nan nan
 nan nan]"	0.0	0.0	0.0
430.5461247341781	2.0	trials	1.0	1.0	1.0	0.0	10000.0	1.0	False	0.0	0.0	0.0	"[nan nan nan nan nan nan nan nan nan nan nan nan nan nan nan nan nan nan
 nan nan]"	0.0	0.0	0.0
437.50964155518886	2.0	trials	1.0	1.0	1.0	0.0	10000.0	1.0	False	0.0	0.0	0.0	"[nan nan nan nan nan nan nan nan nan nan nan nan nan nan nan nan nan nan
 nan nan]"	0.0	0.0	0.0
444.91958861360814	2.0	trials	1.0	1.0	1.0	0.0	10000.0	1.0	False	0.0	0.0	0.0	"[nan nan nan nan nan nan nan nan nan nan nan nan nan nan nan nan nan nan
 nan nan]"	0.0	0.0	0.0
455.2881403980916	2.0	trials	1.0	1.0	1.0	0.0	10000.0	1.0	False	0.0	0.0	0.0	"[nan nan nan nan nan nan nan nan nan nan nan nan nan nan nan nan nan nan
 nan nan]"	0.0	0.0	0.0
464.46730595300994	2.0	trials	1.0	1.0	1.0	0.0	10000.0	1.0	False	0.0	0.0	0.0	"[nan nan nan nan nan nan nan nan nan nan nan nan nan nan nan nan nan nan
 nan nan]"	0.0	0.0	0.0
475.36410903834775	2.0	trials	1.0	1.0	1.0	0.0	10000.0	1.0	False	0.0	0.0	0.0	"[nan nan nan nan nan nan nan nan nan nan nan nan nan nan nan nan nan nan
 nan nan]"	0.0	0.0	0.0
486.20786235287693	2.0	trials	1.0	1.0	1.0	0.0	10000.0	1.0	False	0.0	0.0	0.0	"[nan nan nan nan nan nan nan nan nan nan nan nan nan nan nan nan nan nan
 nan nan]"	0.0	0.0	0.0
493.8376117190119	2.0	trials	1.0	1.0	1.0	0.0	10000.0	1.0	False	0.0	0.0	0.0	"[nan nan nan nan nan nan nan nan nan nan nan nan nan nan nan nan nan nan
 nan nan]"	0.0	0.0	0.0
502.7736468911032	2.0	trials	1.0	1.0	1.0	0.0	10000.0	1.0	False	0.0	0.0	0.0	"[nan nan nan nan nan nan nan nan nan nan nan nan nan nan nan nan nan nan
 nan nan]"	0.0	0.0	0.0
513.4640397118447	2.0	trials	1.0	1.0	1.0	0.0	10000.0	1.0	False	0.0	0.0	0.0	"[nan nan nan nan nan nan nan nan nan nan nan nan nan nan nan nan nan nan
 nan nan]"	0.0	0.0	0.0
520.2824904657745	2.0	trials	1.0	1.0	1.0	0.0	10000.0	1.0	False	0.0	0.0	0.0	"[nan nan nan nan nan nan nan nan nan nan nan nan nan nan nan nan nan nan
 nan nan]"	0.0	0.0	0.0
530.9124894920612	2.0	trials	1.0	1.0	1.0	0.0	10000.0	1.0	False	0.0	0.0	0.0	"[nan nan nan nan nan nan nan nan nan nan nan nan nan nan nan nan nan nan
 nan nan]"	0.0	0.0	0.0
541.654722479717	2.0	trials	1.0	1.0	1.0	0.0	10000.0	1.0	False	0.0	0.0	0.0	"[nan nan nan nan nan nan nan nan nan nan nan nan nan nan nan nan nan nan
 nan nan]"	0.0	0.0	0.0
552.687519602926	2.0	trials	1.0	1.0	1.0	0.0	10000.0	1.0	False	0.0	0.0	0.0	"[nan nan nan nan nan nan nan nan nan nan nan nan nan nan nan nan nan nan
 nan nan]"	0.0	0.0	0.0
561.22481749117	2.0	trials	1.0	1.0	1.0	0.0	10000.0	1.0	False	0.0	0.0	0.0	"[nan nan nan nan nan nan nan nan nan nan nan nan nan nan nan nan nan nan
 nan nan]"	0.0	0.0	0.0
569.0728139600131	2.0	trials	1.0	1.0	1.0	0.0	10000.0	1.0	False	0.0	0.0	0.0	"[nan nan nan nan nan nan nan nan nan nan nan nan nan nan nan nan nan nan
 nan nan]"	0.0	0.0	0.0
576.9026663704364	2.0	trials	1.0	1.0	1.0	0.0	10000.0	1.0	False	0.0	0.0	0.0	"[nan nan nan nan nan nan nan nan nan nan nan nan nan nan nan nan nan nan
 nan nan]"	0.0	0.0	0.0
583.838794303261	2.0	trials	1.0	1.0	1.0	0.0	10000.0	1.0	False	0.0	0.0	0.0	"[nan nan nan nan nan nan nan nan nan nan nan nan nan nan nan nan nan nan
 nan nan]"	0.0	0.0	0.0
590.4089306576722	2.0	trials	1.0	1.0	1.0	0.0	10000.0	1.0	False	0.0	0.0	0.0	"[nan nan nan nan nan nan nan nan nan nan nan nan nan nan nan nan nan nan
 nan nan]"	0.0	0.0	0.0
599.3244889638324	2.0	trials	1.0	1.0	1.0	0.0	10000.0	1.0	False	0.0	0.0	0.0	"[nan nan nan nan nan nan nan nan nan nan nan nan nan nan nan nan nan nan
 nan nan]"	0.0	0.0	0.0
610.1127732997636	2.0	trials	1.0	1.0	1.0	0.0	10000.0	1.0	False	0.0	0.0	0.0	"[nan nan nan nan nan nan nan nan nan nan nan nan nan nan nan nan nan nan
 nan nan]"	0.0	0.0	0.0
618.0691157174571	2.0	trials	1.0	1.0	1.0	0.0	10000.0	1.0	False	0.0	0.0	0.0	"[nan nan nan nan nan nan nan nan nan nan nan nan nan nan nan nan nan nan
 nan nan]"	0.0	0.0	0.0
627.0511158375456	2.0	trials	1.0	1.0	1.0	0.0	10000.0	1.0	False	0.0	0.0	0.0	"[nan nan nan nan nan nan nan nan nan nan nan nan nan nan nan nan nan nan
 nan nan]"	0.0	0.0	0.0
635.3547009732852	2.0	trials	1.0	1.0	1.0	0.0	10000.0	1.0	False	0.0	0.0	0.0	"[nan nan nan nan nan nan nan nan nan nan nan nan nan nan nan nan nan nan
 nan nan]"	0.0	0.0	0.0
645.4111749529459	2.0	trials	1.0	1.0	1.0	0.0	10000.0	1.0	False	0.0	0.0	0.0	"[nan nan nan nan nan nan nan nan nan nan nan nan nan nan nan nan nan nan
 nan nan]"	0.0	0.0	0.0
656.3802086708507	2.0	trials	1.0	1.0	1.0	0.0	10000.0	1.0	False	0.0	0.0	0.0	"[nan nan nan nan nan nan nan nan nan nan nan nan nan nan nan nan nan nan
 nan nan]"	0.0	0.0	0.0
663.9113753195707	2.0	trials	1.0	1.0	1.0	0.0	10000.0	1.0	False	0.0	0.0	0.0	"[nan nan nan nan nan nan nan nan nan nan nan nan nan nan nan nan nan nan
 nan nan]"	0.0	0.0	0.0
671.5136493972411	2.0	trials	1.0	1.0	1.0	0.0	10000.0	1.0	False	0.0	0.0	0.0	"[nan nan nan nan nan nan nan nan nan nan nan nan nan nan nan nan nan nan
 nan nan]"	0.0	0.0	0.0
678.621195481995	2.0	trials	1.0	1.0	1.0	0.0	10000.0	1.0	False	0.0	0.0	0.0	"[nan nan nan nan nan nan nan nan nan nan nan nan nan nan nan nan nan nan
 nan nan]"	0.0	0.0	0.0
689.6382677545735	2.0	trials	1.0	1.0	1.0	0.0	10000.0	1.0	False	0.0	0.0	0.0	"[nan nan nan nan nan nan nan nan nan nan nan nan nan nan nan nan nan nan
 nan nan]"	0.0	0.0	0.0
699.1899913090475	2.0	trials	1.0	1.0	1.0	0.0	10000.0	1.0	False	0.0	0.0	0.0	"[nan nan nan nan nan nan nan nan nan nan nan nan nan nan nan nan nan nan
 nan nan]"	0.0	0.0	0.0
707.4756915872018	2.0	trials	1.0	1.0	1.0	0.0	10000.0	1.0	False	0.0	0.0	0.0	"[nan nan nan nan nan nan nan nan nan nan nan nan nan nan nan nan nan nan
 nan nan]"	0.0	0.0	0.0
714.0571463780559	2.0	trials	1.0	1.0	1.0	0.0	10000.0	1.0	False	0.0	0.0	0.0	"[nan nan nan nan nan nan nan nan nan nan nan nan nan nan nan nan nan nan
 nan nan]"	0.0	0.0	0.0
720.2328654625294	2.0	trials	1.0	1.0	1.0	0.0	10000.0	1.0	False	0.0	0.0	0.0	"[nan nan nan nan nan nan nan nan nan nan nan nan nan nan nan nan nan nan
 nan nan]"	0.0	0.0	0.0
729.4665495929856	2.0	trials	1.0	1.0	1.0	0.0	10000.0	1.0	False	0.0	0.0	0.0	"[nan nan nan nan nan nan nan nan nan nan nan nan nan nan nan nan nan nan
 nan nan]"	0.0	0.0	0.0
784.7076042571769	2.0	trials	2.0	1.0	1.0	0.0	10000.0	1.0	True	40.0	0.0	0.005	"[9090375.96422255 9090664.96515307 9090954.96608681 9091244.96702055
 9091534.96795428 9091823.9688848  9092113.96981854 9092403.97075228
 9092692.9716828  9092982.97261653 9093271.97354705 9093562.97448401
 9093851.97541453 9094140.97634505 9094430.97727879 9094719.9782093
 9095009.97914304 9095298.98007356 9095588.9810073  9095878.98194104]"	0.0	0.0	0.0
794.2607102161019	2.0	trials	2.0	1.0	1.0	0.0	10000.0	1.0	True	40.0	0.0	0.005	"[9200944.32022792 9201232.32115522 9201523.32209218 9201812.3230227
 9202102.32395643 9202391.32488695 9202681.32582069 9202970.32675121
 9203260.32768495 9203549.32861547 9203840.32955242 9204130.33048616
 9204419.33141668 9204708.3323472  9204998.33328094 9205288.33421467
 9205578.33514841 9205867.33607893 9206156.33700945 9206447.33794641]"	0.0	0.0	0.0
804.7079726540168	2.0	trials	2.0	1.0	1.0	0.0	10000.0	1.0	True	40.0	0.0	0.005	"[9321860.70955165 9322150.71048538 9322440.71141912 9322729.71234964
 9323019.71328338 9323309.71421712 9323598.71514763 9323889.71608459
 9324177.71701189 9324467.71794563 9324756.71887615 9325046.71980988
 9325336.72074362 9325626.72167736 9325915.72260788 9326205.72354162
 9326495.72447536 9326784.72540587 9327074.72633961 9327363.72727013]"	0.0	0.0	0.0
812.6980975804825	2.0	trials	2.0	1.0	1.0	0.0	10000.0	1.0	True	40.0	0.0	0.005	"[9414340.00731429 9414630.00824803 9414919.00917855 9415208.01010907
 9415498.01104281 9415788.01197654 9416078.01291028 9416367.0138408
 9416658.01477776 9416947.01570828 9417236.01663879 9417526.01757253
 9417815.01850305 9418106.01944001 9418395.02037053 9418684.02130105
 9418975.022238   9419265.02317174 9419554.02410226 9419844.025036  ]"	0.0	0.0	0.0
821.1842465040379	2.0	trials	2.0	1.0	1.0	0.0	10000.0	1.0	True	40.0	0.0	0.005	"[9512558.3235553  9512848.32448904 9513138.32542278 9513427.32635329
 9513718.32729025 9514007.32822077 9514297.32915451 9514586.33008503
 9514875.33101555 9515165.33194928 9515456.33288624 9515745.33381676
 9516035.3347505  9516324.33568102 9516614.33661475 9516903.33754527
 9517193.33847901 9517482.33940953 9517772.34034327 9518062.34127701]"	0.0	0.0	0.0
828.5808879196157	2.0	trials	2.0	1.0	1.0	0.0	10000.0	1.0	True	40.0	0.0	0.005	"[9598169.59920445 9598458.60013497 9598747.60106549 9599037.60199923
 9599327.60293297 9599616.60386349 9599906.60479722 9600196.60573096
 9600485.60666148 9600774.607592   9601064.60852574 9601353.60945625
 9601643.61038999 9601933.61132373 9602222.61225425 9602513.61319121
 9602802.61412173 9603092.61505546 9603381.61598598 9603672.61692294]"	0.0	0.0	0.0
836.0741248462102	2.0	trials	2.0	1.0	1.0	0.0	10000.0	1.0	True	40.0	0.0	0.005	"[9684895.87844367 9685185.87937741 9685474.88030793 9685763.88123845
 9686054.8821754  9686343.88310592 9686632.88403644 9686923.8849734
 9687212.88590392 9687502.88683765 9687791.88776817 9688081.88870191
 9688370.88963243 9688660.89056617 9688950.8914999  9689241.89243686
 9689530.89336738 9689818.89429468 9690108.89522842 9690398.89616216]"	0.0	0.0	0.0
846.8405499117592	2.0	trials	2.0	1.0	1.0	0.0	10000.0	1.0	True	40.0	0.0	0.005	"[9809506.27966129 9809796.28059502 9810086.28152876 9810376.2824625
 9810666.28339624 9810955.28432676 9811245.28526049 9811534.28619101
 9811823.28712153 9812113.28805527 9812403.28898901 9812693.28992275
 9812982.29085326 9813272.291787   9813561.29271752 9813851.29365126
 9814140.29458178 9814431.29551873 9814720.29644925 9815010.29738299]"	0.0	0.0	0.0
853.6367093939158	2.0	trials	2.0	1.0	1.0	0.0	10000.0	1.0	True	40.0	0.0	0.005	"[9888165.53292648 9888455.53386022 9888745.53479396 9889034.53572448
 9889323.536655   9889613.53758873 9889903.53852247 9890192.53945299
 9890483.54038995 9890773.54132369 9891061.54225099 9891351.54318473
 9891641.54411846 9891930.54504898 9892220.54598272 9892509.54691324
 9892799.54784698 9893090.54878393 9893380.54971767 9893668.55064497]"	0.0	0.0	0.0
860.450321732267	2.0	trials	2.0	1.0	1.0	0.0	10000.0	1.0	True	40.0	0.0	0.005	"[9967027.7868453  9967316.78777581 9967607.78871277 9967896.78964329
 9968186.79057703 9968475.79150755 9968765.79244129 9969055.79337502
 9969344.79430554 9969633.79523606 9969923.7961698  9970212.79710032
 9970502.79803406 9970792.79896779 9971082.79990153 9971372.80083527
 9971661.80176579 9971951.80269953 9972240.80363004 9972530.80456378]"	0.0	0.0	0.0
870.4421683038415	2.0	trials	2.0	1.0	1.0	0.0	10000.0	1.0	True	40.0	0.0	0.005	"[10082673.15919752 10082963.16013126 10083253.161065   10083543.16199874
 10083833.16293248 10084123.16386622 10084411.16479351 10084702.16573047
 10084991.16666099 10085281.16759473 10085571.16852847 10085859.16945576
 10086150.17039272 10086440.17132646 10086729.17225698 10087019.17319072
 10087309.17412446 10087598.17505497 10087887.17598549 10088178.17692245]"	0.0	0.0	0.0
878.8245504932905	2.0	trials	2.0	1.0	1.0	0.0	10000.0	1.0	True	40.0	0.0	0.005	"[10179691.47157479 10179981.47250853 10180270.47343904 10180561.474376
 10180850.47530652 10181140.47624026 10181429.47717078 10181719.47810451
 10182008.47903503 10182298.47996877 10182587.48089929 10182877.48183303
 10183167.48276676 10183457.4837005  10183746.48463102 10184036.48556476
 10184325.48649528 10184615.48742902 10184905.48836275 10185195.48929649]"	0.0	0.0	0.0
889.2710353287013	2.0	trials	2.0	1.0	1.0	0.0	10000.0	1.0	True	40.0	0.0	0.005	"[10300600.86087597 10300889.86180649 10301180.86274345 10301469.86367396
 10301759.8646077  10302048.86553822 10302338.86647196 10302628.8674057
 10302917.86833622 10303207.86926995 10303496.87020047 10303786.87113421
 10304076.87206795 10304366.87300169 10304655.87393221 10304944.87486272
 10305234.87579646 10305524.8767302  10305814.87766394 10306104.87859768]"	0.0	0.0	0.0
899.296923609883	2.0	trials	2.0	1.0	1.0	0.0	10000.0	1.0	True	40.0	0.0	0.005	"[10416640.23449679 10416931.23543375 10417219.23636105 10417509.23729479
 10417799.23822853 10418089.23916226 10418378.24009278 10418667.2410233
 10418957.24195704 10419247.24289078 10419536.24382129 10419827.24475825
 10420116.24568877 10420405.24661929 10420695.24755303 10420985.24848677
 10421275.24942051 10421564.25035102 10421853.25128154 10422143.25221528]"	0.0	0.0	0.0
908.2968085875567	2.0	trials	2.0	1.0	1.0	0.0	10000.0	1.0	True	40.0	0.0	0.005	"[10520806.56988909 10521095.57081961 10521384.57175012 10521674.57268387
 10521964.5736176  10522254.57455134 10522544.57548508 10522833.5764156
 10523123.57734933 10523413.57828307 10523702.57921359 10523992.58014733
 10524281.58107785 10524571.58201159 10524860.5829421  10525150.58387584
 10525440.58480958 10525729.5857401  10526020.58667706 10526309.58760758]"	0.0	0.0	0.0
918.6972420746923	2.0	trials	2.0	1.0	1.0	0.0	10000.0	1.0	True	40.0	0.0	0.005	"[10641180.95746769 10641470.95840142 10641760.95933517 10642049.96026568
 10642339.96119942 10642629.96213316 10642918.96306368 10643208.96399742
 10643497.96492793 10643787.96586167 10644076.96679219 10644366.96772593
 10644656.96865967 10644944.96958696 10645235.97052392 10645525.97145766
 10645815.9723914  10646105.97332514 10646393.97425244 10646684.97518939]"	0.0	0.0	0.0
925.7355815366159	2.0	trials	2.0	1.0	1.0	0.0	10000.0	1.0	True	40.0	0.0	0.005	"[10722643.21975795 10722933.22069169 10723221.22161898 10723512.22255594
 10723801.22348646 10724091.2244202  10724380.22535072 10724671.22628768
 10724960.22721819 10725250.22815193 10725540.22908567 10725829.23001619
 10726119.23094993 10726408.23188044 10726698.23281418 10726987.2337447
 10727278.23468166 10727567.23561218 10727857.23654592 10728146.23747643]"	0.0	0.0	0.0
936.0917780813181	2.0	trials	2.0	1.0	1.0	0.0	10000.0	1.0	True	40.0	0.0	0.005	"[10842507.60569445 10842797.60662819 10843087.60756193 10843376.60849245
 10843665.60942297 10843955.61035671 10844244.61128723 10844534.61222096
 10844823.61315148 10845114.61408844 10845403.61501896 10845693.61595269
 10845983.61688643 10846273.61782017 10846561.61874747 10846852.61968443
 10847141.62061495 10847430.62154547 10847719.62247598 10848009.62340972]"	0.0	0.0	0.0
946.5952871003346	2.0	trials	2.0	1.0	1.0	0.0	10000.0	1.0	True	40.0	0.0	0.005	"[10964075.99711748 10964364.998048   10964654.99898174 10964943.99991225
 10965235.00084921 10965524.00177973 10965813.00271025 10966104.0036472
 10966393.00457772 10966683.00551146 10966973.0064452  10967261.0073725
 10967551.00830624 10967841.00923998 10968130.0101705  10968421.01110745
 10968710.01203797 10969000.01297171 10969289.01390223 10969578.01483275]"	0.0	0.0	0.0
955.7513837809762	2.0	trials	2.0	1.0	1.0	0.0	10000.0	1.0	True	40.0	0.0	0.005	"[11070047.33832149 11070338.33925845 11070627.34018897 11070917.3411227
 11071206.34205322 11071496.34298696 11071786.3439207  11072075.34485122
 11072366.34578818 11072655.3467187  11072944.34764921 11073234.34858295
 11073524.34951669 11073814.35045043 11074103.35138094 11074393.35231468
 11074683.35324842 11074972.35417894 11075262.35511268 11075551.3560432 ]"	0.0	0.0	0.0
964.4959559365982	2.0	trials	2.0	1.0	1.0	0.0	10000.0	1.0	True	40.0	0.0	0.005	"[11171260.66420576 11171549.66513627 11171838.66606679 11172128.66700053
 11172418.66793427 11172708.66886801 11172997.66979853 11173287.67073226
 11173576.67166278 11173865.6725933  11174156.67353026 11174445.67446078
 11174735.67539451 11175024.67632503 11175314.67725877 11175604.67819251
 11175894.67912625 11176183.68005677 11176472.68098728 11176762.68192102]"	0.0	0.0	0.0
973.8773845427595	2.0	trials	2.0	1.0	1.0	0.0	10000.0	1.0	True	40.0	0.0	0.005	"[11279840.01380697 11280130.01474071 11280419.01567123 11280710.01660818
 11280999.0175387  11281288.01846922 11281578.01940296 11281867.02033348
 11282157.02126722 11282447.02220096 11282737.02313469 11283026.02406521
 11283316.02499895 11283606.02593269 11283895.0268632  11284185.02779694
 11284475.02873068 11284765.02966442 11285054.03059494 11285344.03152868]"	0.0	0.0	0.0
981.7256402124373	2.0	trials	2.0	1.0	1.0	0.0	10000.0	1.0	True	40.0	0.0	0.005	"[11370676.30627951 11370966.30721325 11371256.30814699 11371546.30908073
 11371834.31000802 11372124.31094176 11372414.3118755  11372704.31280924
 11372994.31374298 11373284.31467672 11373572.31560401 11373863.31654097
 11374152.31747149 11374441.31840201 11374732.31933897 11375021.32026948
 11375311.32120322 11375600.32213374 11375889.32306426 11376179.323998  ]"	0.0	0.0	0.0
992.4645899895218	2.0	trials	2.0	1.0	1.0	0.0	10000.0	1.0	True	40.0	0.0	0.005	"[11494970.70647967 11495259.70741019 11495548.70834071 11495839.70927767
 11496128.71020819 11496417.7111387  11496708.71207566 11496997.71300618
 11497287.71393992 11497577.71487366 11497866.71580417 11498155.71673469
 11498445.71766843 11498734.71859895 11499024.71953269 11499314.72046643
 11499604.72140016 11499893.72233068 11500183.72326442 11500473.72419816]"	0.0	0.0	0.0
1001.6941269066249	2.0	trials	2.0	1.0	1.0	0.0	10000.0	1.0	True	40.0	0.0	0.005	"[11601793.05042372 11602084.05136068 11602373.0522912  11602663.05322494
 11602952.05415546 11603242.05508919 11603532.05602293 11603821.05695345
 11604111.05788719 11604400.05881771 11604691.05975466 11604979.06068196
 11605269.0616157  11605560.06255266 11605848.06347996 11606138.06441369
 11606428.06534743 11606718.06628117 11607008.06721491 11607297.06814543]"	0.0	0.0	0.0
1008.9117469457929	2.0	trials	2.0	1.0	1.0	0.0	10000.0	1.0	True	40.0	0.0	0.005	"[11685331.31939826 11685621.320332   11685910.32126252 11686199.32219303
 11686490.32312999 11686779.32406051 11687069.32499425 11687358.32592477
 11687648.3268585  11687938.32779224 11688227.32872276 11688517.3296565
 11688806.33058702 11689097.33152398 11689385.33245127 11689675.33338501
 11689964.33431553 11690255.33525249 11690544.33618301 11690834.33711675]"	0.0	0.0	0.0
1018.8894238717442	2.0	trials	2.0	1.0	1.0	0.0	10000.0	1.0	True	40.0	0.0	0.005	"[11800814.69122888 11801102.69215618 11801391.6930867  11801682.69402366
 11801972.69495739 11802260.69588469 11802550.69681843 11802840.69775217
 11803130.69868591 11803419.69961642 11803709.70055016 11803998.70148068
 11804289.70241764 11804578.70334816 11804868.7042819  11805157.70521241
 11805446.70614293 11805737.70707989 11806026.70801041 11806315.70894093]"	0.0	0.0	0.0
1026.623717574489	2.0	trials	2.0	1.0	1.0	0.0	10000.0	1.0	True	40.0	0.0	0.005	"[11890329.97944808 11890619.98038182 11890909.98131556 11891198.98224608
 11891488.98317982 11891778.98411355 11892068.98504729 11892357.98597781
 11892646.98690833 11892937.98784529 11893226.98877581 11893515.98970632
 11893804.99063684 11894094.99157058 11894385.99250754 11894674.99343806
 11894964.99437179 11895253.99530231 11895543.99623605 11895833.99716979]"	0.0	0.0	0.0
1036.749225376424	2.0	trials	2.0	1.0	1.0	0.0	10000.0	1.0	True	40.0	0.0	0.005	"[12007525.35679098 12007814.3577215  12008103.35865202 12008393.35958575
 12008682.36051628 12008971.36144679 12009262.36238375 12009551.36331427
 12009841.36424801 12010130.36517852 12010420.36611226 12010710.367046
 12010999.36797652 12011289.36891026 12011579.369844   12011869.37077774
 12012158.37170825 12012447.37263877 12012737.37357251 12013027.37450625]"	0.0	0.0	0.0
1042.9563077618805	2.0	trials	2.0	1.0	1.0	0.0	10000.0	1.0	True	40.0	0.0	0.005	"[12079364.58809723 12079654.58903097 12079944.58996471 12080233.59089523
 12080524.59183219 12080812.59275948 12081102.59369322 12081392.59462696
 12081682.5955607  12081972.59649444 12082261.59742496 12082550.59835547
 12082840.59928921 12083130.60022295 12083419.60115347 12083709.60208721
 12083998.60301773 12084288.60395146 12084578.6048852  12084868.60581894]"	0.0	0.0	0.0
1053.1619950219754	2.0	trials	2.0	1.0	1.0	0.0	10000.0	1.0	True	40.0	0.0	0.005	"[12197485.96842165 12197776.96935861 12198066.97029235 12198355.97122287
 12198645.97215661 12198934.97308712 12199224.97402086 12199513.97495138
 12199803.97588512 12200093.97681886 12200383.97775259 12200672.97868311
 12200962.97961685 12201251.98054737 12201541.98148111 12201830.98241162
 12202120.98334536 12202410.9842791  12202700.98521284 12202989.98614336]"	0.0	0.0	0.0
1060.6136734147606	2.0	trials	2.0	1.0	1.0	0.0	10000.0	1.0	True	40.0	0.0	0.005	"[12283733.24611859 12284023.24705233 12284312.24798285 12284602.24891659
 12284891.2498471  12285181.25078084 12285471.25171458 12285760.2526451
 12286050.25357884 12286340.25451257 12286630.25544631 12286919.25637683
 12287208.25730735 12287499.25824431 12287788.25917483 12288077.26010535
 12288367.26103908 12288657.26197282 12288947.26290656 12289236.26383708]"	0.0	0.0	0.0
1067.640176038572	2.0	trials	2.0	1.0	1.0	0.0	10000.0	1.0	True	40.0	0.0	0.005	"[12365057.50796452 12365348.50890148 12365636.50982878 12365927.51076574
 12366217.51169947 12366506.51262999 12366795.51356051 12367085.51449425
 12367376.51543121 12367664.5163585  12367954.51729224 12368243.51822276
 12368533.5191565  12368823.52009024 12369113.52102398 12369402.5219545
 12369692.52288823 12369982.52382197 12370271.52475249 12370560.52568301]"	0.0	0.0	0.0
1077.2226580920817	2.0	trials	2.0	1.0	1.0	0.0	10000.0	1.0	True	40.0	0.0	0.005	"[12475966.86506784 12476255.86599836 12476544.86692888 12476834.86786261
 12477124.86879635 12477414.86973009 12477704.87066383 12477993.87159435
 12478282.87252486 12478573.87346182 12478862.87439234 12479151.87532286
 12479441.8762566  12479731.87719034 12480021.87812407 12480311.87905781
 12480600.87998833 12480889.88091885 12481179.88185259 12481468.8827831 ]"	0.0	0.0	0.0
1085.6940325680666	2.0	trials	2.0	1.0	1.0	0.0	10000.0	1.0	True	40.0	0.0	0.005	"[12574015.18076148 12574304.181692   12574594.18262574 12574884.18355948
 12575174.18449322 12575463.18542373 12575753.18635747 12576042.18728799
 12576332.18822173 12576621.18915224 12576912.1900892  12577201.19101972
 12577490.19195024 12577780.19288398 12578070.19381772 12578359.19474823
 12578648.19567875 12578938.19661249 12579228.19754623 12579518.19847997]"	0.0	0.0	0.0
1092.758205713169	2.0	trials	2.0	1.0	1.0	0.0	10000.0	1.0	True	40.0	0.0	0.005	"[12655775.44401124 12656064.44494176 12656354.44587549 12656644.44680923
 12656934.44774297 12657224.44867671 12657513.44960723 12657803.45054097
 12658092.45147148 12658382.45240522 12658671.45333574 12658962.4542727
 12659251.45520321 12659541.45613695 12659830.45706747 12660119.45799799
 12660409.45893173 12660700.45986869 12660988.46079599 12661279.46173294]"	0.0	0.0	0.0
1101.1684087921951	2.0	trials	2.0	1.0	1.0	0.0	10000.0	1.0	True	40.0	0.0	0.005	"[12753115.75742527 12753405.75835901 12753695.75929275 12753984.76022326
 12754274.761157   12754563.76208752 12754853.76302126 12755143.763955
 12755432.76488552 12755721.76581603 12756012.76675299 12756301.76768351
 12756591.76861725 12756880.76954777 12757170.77048151 12757460.77141524
 12757750.77234898 12758039.7732795  12758329.77421324 12758618.77514376]"	0.0	0.0	0.0
1107.93648818394	2.0	trials	2.0	1.0	1.0	0.0	10000.0	1.0	True	40.0	0.0	0.005	"[12831450.00964404 12831741.01058099 12832030.01151151 12832319.01244203
 12832609.01337577 12832900.01431273 12833189.01524325 12833478.01617377
 12833767.01710428 12834057.01803802 12834347.01897176 12834636.01990228
 12834927.02083924 12835216.02176975 12835506.02270349 12835795.02363401
 12836085.02456775 12836374.02549827 12836664.02643201 12836954.02736574]"	0.0	0.0	0.0
1119.0303703038294	2.0	trials	2.0	1.0	1.0	0.0	10000.0	1.0	True	40.0	0.0	0.005	"[12959852.42307108 12960141.4240016  12960430.42493212 12960720.42586586
 12961009.42679637 12961299.42773011 12961589.42866385 12961879.42959759
 12962168.43052811 12962458.43146185 12962747.43239236 12963037.4333261
 12963327.43425984 12963616.43519036 12963906.4361241  12964196.43705783
 12964486.43799157 12964775.43892209 12965064.43985261 12965354.44078635]"	0.0	0.0	0.0
1125.8228145740238	2.0	trials	2.0	1.0	1.0	0.0	10000.0	1.0	True	40.0	0.0	0.005	"[13038468.67619783 13038757.67712835 13039047.67806209 13039337.67899583
 13039627.67992956 13039916.68086008 13040205.6817906  13040496.68272756
 13040785.68365807 13041074.68458859 13041365.68552555 13041654.68645607
 13041945.68739303 13042234.68832354 13042523.68925406 13042813.6901878
 13043103.69112154 13043391.69204884 13043682.6929858  13043971.69391632]"	0.0	0.0	0.0
1135.4588648000117	2.0	trials	2.0	1.0	1.0	0.0	10000.0	1.0	True	40.0	0.0	0.005	"[13149997.03529419 13150285.03622149 13150575.03715523 13150865.03808897
 13151154.03901949 13151444.03995323 13151734.04088696 13152023.04181748
 13152313.04275122 13152603.04368496 13152893.0446187  13153182.04554921
 13153472.04648295 13153762.04741669 13154052.04835043 13154341.04928095
 13154630.05021147 13154920.05114521 13155210.05207894 13155500.05301268]"	0.0	0.0	0.0
1142.9380184812612	2.0	trials	2.0	1.0	1.0	0.0	10000.0	1.0	True	40.0	0.0	0.005	"[13236560.31400859 13236850.31494233 13237140.31587606 13237429.31680658
 13237718.3177371  13238008.31867084 13238298.31960458 13238588.32053832
 13238878.32147205 13239167.32240257 13239457.32333631 13239746.32426683
 13240036.32520057 13240326.3261343  13240615.32706482 13240905.32799856
 13241195.3289323  13241484.32986281 13241774.33079655 13242063.33172707]"	0.0	0.0	0.0
1151.004521253647	2.0	trials	2.0	1.0	1.0	0.0	10000.0	1.0	True	40.0	0.0	0.005	"[13329923.61461753 13330213.61555127 13330502.61648178 13330792.61741552
 13331081.61834604 13331371.61927978 13331661.62021352 13331950.62114403
 13332241.62208099 13332530.62301151 13332820.62394525 13333109.62487577
 13333399.62580951 13333688.62674003 13333977.62767054 13334268.6286075
 13334557.62953802 13334847.63047176 13335136.63140227 13335426.63233601]"	0.0	0.0	0.0
1159.3265960489193	2.0	trials	2.0	1.0	1.0	0.0	10000.0	1.0	True	40.0	0.0	0.005	"[13426243.92474738 13426532.9256779  13426822.92661163 13427112.92754537
 13427402.92847911 13427691.92940963 13427981.93034337 13428270.93127389
 13428560.93220763 13428850.93314136 13429139.93407188 13429429.93500562
 13429718.93593614 13430008.93686987 13430298.93780361 13430587.93873413
 13430876.93966465 13431166.94059839 13431456.94153213 13431746.94246586]"	0.0	0.0	0.0
1166.1367523761428	2.0	trials	2.0	1.0	1.0	0.0	10000.0	1.0	True	40.0	0.0	0.005	"[13505064.17853096 13505354.1794647  13505643.18039522 13505933.18132896
 13506223.1822627  13506513.18319643 13506802.18412695 13507092.18506069
 13507381.18599121 13507672.18692817 13507960.18785546 13508251.18879242
 13508540.18972294 13508830.19065668 13509119.1915872  13509409.19252093
 13509699.19345467 13509988.19438519 13510278.19531893 13510567.19624945]"	0.0	0.0	0.0
1174.9508767557077	2.0	trials	2.0	1.0	1.0	0.0	10000.0	1.0	True	40.0	0.0	0.005	"[13607078.50699428 13607368.50792802 13607658.50886175 13607948.50979549
 13608238.51072923 13608528.51166297 13608817.51259349 13609107.51352723
 13609397.51446096 13609686.51539148 13609975.516322   13610265.51725574
 13610555.51818948 13610845.51912321 13611134.52005373 13611424.52098747
 13611713.52191799 13612003.52285173 13612293.52378546 13612583.5247192 ]"	0.0	0.0	0.0
1181.5993781624375	2.0	trials	2.0	1.0	1.0	0.0	10000.0	1.0	True	40.0	0.0	0.005	"[13684029.75476008 13684318.7556906  13684608.75662434 13684898.75755807
 13685188.75849181 13685478.75942555 13685767.76035607 13686057.76128981
 13686346.76222033 13686636.76315406 13686926.7640878  13687215.76501832
 13687505.76595206 13687795.7668858  13688084.76781631 13688373.76874683
 13688663.76968057 13688953.77061431 13689243.77154805 13689533.77248178]"	0.0	0.0	0.0
1188.39095842985	2.0	trials	2.0	1.0	1.0	0.0	10000.0	1.0	True	40.0	0.0	0.005	"[13762637.00785785 13762926.00878837 13763215.00971889 13763505.01065262
 13763795.01158636 13764084.01251688 13764375.01345384 13764664.01438436
 13764953.01531488 13765243.01624861 13765533.01718235 13765822.01811287
 13766112.01904661 13766401.01997713 13766691.02091086 13766981.0218446
 13767270.02277512 13767560.02370886 13767849.02463938 13768140.02557634]"	0.0	0.0	0.0
1196.901990633524	2.0	trials	2.0	1.0	1.0	0.0	10000.0	1.0	True	40.0	0.0	0.005	"[13861144.32502937 13861433.32595989 13861723.32689363 13862013.32782737
 13862302.32875788 13862591.3296884  13862882.33062536 13863171.33155588
 13863460.3324864  13863751.33342335 13864039.33435065 13864330.33528761
 13864619.33621813 13864908.33714865 13865199.33808561 13865488.33901612
 13865778.33994986 13866067.34088038 13866357.34181412 13866646.34274464]"	0.0	0.0	0.0
1204.4650389848962	2.0	trials	2.0	1.0	1.0	0.0	10000.0	1.0	True	40.0	0.0	0.005	"[13948679.6068734  13948969.60780713 13949258.60873765 13949548.60967139
 13949838.61060513 13950127.61153565 13950417.61246938 13950707.61340312
 13950996.61433364 13951286.61526738 13951575.6161979  13951865.61713164
 13952155.61806537 13952445.61899911 13952734.61992963 13953024.62086337
 13953314.62179711 13953602.6227244  13953892.62365814 13954181.62458866]"	0.0	0.0	0.0
1211.3018065978022	2.0	trials	2.0	1.0	1.0	0.0	10000.0	1.0	True	40.0	0.0	0.005	"[14027808.86165189 14028098.86258563 14028387.86351615 14028676.86444667
 14028966.86538041 14029256.86631415 14029545.86724466 14029835.8681784
 14030124.86910892 14030415.87004588 14030705.87097962 14030994.87191013
 14031284.87284387 14031573.87377439 14031862.87470491 14032152.87563865
 14032442.87657239 14032732.87750612 14033021.87843664 14033311.87937038]"	0.0	0.0	0.0
1217.9951497489128	2.0	trials	2.0	1.0	1.0	0.0	10000.0	1.0	True	40.0	0.0	0.005	"[14105277.11108232 14105567.11201607 14105857.1129498  14106146.11388032
 14106435.11481084 14106726.1157478  14107015.11667832 14107304.11760883
 14107594.11854257 14107884.11947631 14108173.12040683 14108464.12134379
 14108753.12227431 14109043.12320804 14109332.12413856 14109622.1250723
 14109912.12600604 14110202.12693978 14110491.1278703  14110781.12880403]"	0.0	0.0	0.0
1226.4733498468745	2.0	trials	2.0	1.0	1.0	0.0	10000.0	1.0	True	40.0	0.0	0.005	"[14203405.42703355 14203694.42796407 14203984.42889781 14204273.42982833
 14204563.43076206 14204853.4316958  14205142.43262632 14205431.43355684
 14205722.4344938  14206011.43542432 14206301.43635805 14206591.43729179
 14206880.43822231 14207170.43915605 14207459.44008657 14207748.44101708
 14208038.44195082 14208327.44288134 14208618.4438183  14208907.44474882]"	0.0	0.0	0.0
1237.19553796999	2.0	trials	2.0	1.0	1.0	0.0	10000.0	1.0	True	40.0	0.0	0.005	"[14327503.82660263 14327793.82753637 14328083.82847011 14328372.82940063
 14328662.83033437 14328952.83126811 14329242.83220184 14329531.83313236
 14329821.8340661  14330110.83499662 14330399.83592714 14330689.83686087
 14330979.83779461 14331268.83872513 14331559.83966209 14331848.84059261
 14332137.84152313 14332428.84246009 14332717.8433906  14333007.84432434]"	0.0	0.0	0.0
1246.4688798281356	2.0	trials	2.0	1.0	1.0	0.0	10000.0	1.0	True	40.0	0.0	0.005	"[14434835.17218555 14435124.17311607 14435414.17404981 14435704.17498355
 14435993.17591407 14436283.17684781 14436572.17777833 14436862.17871206
 14437152.1796458  14437442.18057954 14437731.18151006 14438020.18244058
 14438310.18337431 14438599.18430483 14438890.18524179 14439179.18617231
 14439469.18710605 14439758.18803656 14440048.1889703  14440338.18990404]"	0.0	0.0	0.0
1252.7354920052649	2.0	trials	2.0	1.0	1.0	0.0	10000.0	1.0	True	40.0	0.0	0.005	"[14507364.40571346 14507654.4066472  14507945.40758416 14508233.40851146
 14508523.4094452  14508813.41037893 14509103.41131267 14509392.41224319
 14509681.41317371 14509970.41410423 14510261.41504118 14510551.41597492
 14510840.41690544 14511130.41783918 14511419.4187697  14511710.41970665
 14511999.42063717 14512288.42156769 14512577.42249821 14512868.42343517]"	0.0	0.0	0.0
1262.1260790409146	2.0	trials	2.0	1.0	1.0	0.0	10000.0	1.0	True	40.0	0.0	0.005	"[14616051.75566241 14616341.75659615 14616631.75752989 14616920.75846041
 14617210.75939415 14617500.76032788 14617790.76126162 14618079.76219214
 14618368.76312266 14618658.7640564  14618948.76499013 14619236.76591743
 14619527.76685439 14619817.76778813 14620106.76871865 14620396.76965239
 14620686.77058613 14620976.77151986 14621265.77245038 14621555.77338412]"	0.0	0.0	0.0
1272.284246148005	2.0	trials	2.0	1.0	1.0	0.0	10000.0	1.0	True	40.0	0.0	0.005	"[14733624.13421917 14733913.13514969 14734203.13608343 14734493.13701716
 14734782.13794768 14735071.1388782  14735361.13981194 14735651.14074568
 14735940.1416762  14736230.14260993 14736520.14354367 14736810.14447741
 14737099.14540793 14737389.14634167 14737678.14727218 14737968.14820592
 14738258.14913966 14738548.1500734  14738837.15100392 14739127.15193765]"	0.0	0.0	0.0
1281.655565921618	2.0	trials	2.0	1.0	1.0	0.0	10000.0	1.0	True	40.0	0.0	0.005	"[14842087.48344689 14842377.48438063 14842667.48531437 14842956.48624488
 14843246.48717862 14843536.48811236 14843826.4890461  14844115.48997661
 14844404.49090713 14844694.49184087 14844984.49277461 14845274.49370835
 14845563.49463887 14845853.49557261 14846143.49650634 14846433.49744008
 14846722.4983706  14847012.49930434 14847301.50023485 14847591.50116859]"	0.0	0.0	0.0
1290.49370957852	2.0	trials	2.0	1.0	1.0	0.0	10000.0	1.0	True	40.0	0.0	0.005	"[14944381.81281175 14944670.81374226 14944960.814676   14945249.81560652
 14945539.81654026 14945828.81747078 14946119.81840773 14946409.81934147
 14946698.82027199 14946988.82120573 14947277.82213625 14947566.82306677
 14947857.82400372 14948146.82493424 14948435.82586476 14948726.82680172
 14949014.82772902 14949305.82866597 14949595.82959971 14949883.83052701]"	0.0	0.0	0.0
1297.045961075346	2.0	trials	2.0	1.0	1.0	0.0	10000.0	1.0	True	40.0	0.0	0.005	"[15020218.05698748 15020509.05792444 15020797.05885174 15021087.05978548
 15021377.06071922 15021665.06164652 15021955.06258025 15022246.06351721
 15022535.06444773 15022825.06538147 15023115.0663152  15023404.06724573
 15023695.06818268 15023983.06910998 15024272.0700405  15024562.07097424
 15024852.07190798 15025142.07284171 15025431.07377223 15025721.07470597]"	0.0	0.0	0.0
1304.2716163403857	2.0	trials	2.0	1.0	1.0	0.0	10000.0	1.0	True	40.0	0.0	0.005	"[15103847.32625502 15104137.32718876 15104426.32811928 15104716.32905302
 15105006.32998676 15105296.33092049 15105585.33185101 15105874.33278153
 15106164.33371527 15106454.33464901 15106743.33557953 15107034.33651648
 15107323.337447   15107612.33837752 15107903.33931448 15108192.340245
 15108482.34117873 15108772.34211247 15109062.34304621 15109350.34397351]"	0.0	0.0	0.0
1312.2679620868812	2.0	trials	2.0	1.0	1.0	0.0	10000.0	1.0	True	40.0	0.0	0.005	"[15196398.6242495  15196687.62518002 15196978.62611697 15197266.62704427
 15197556.62797801 15197847.62891497 15198135.62984227 15198426.63077922
 15198715.63170974 15199005.63264348 15199293.63357078 15199584.63450774
 15199873.63543825 15200163.63637199 15200452.63730251 15200742.63823625
 15201032.63916999 15201321.64010051 15201611.64103424 15201901.64196798]"	0.0	0.0	0.0
1322.192157240633	2.0	trials	2.0	1.0	1.0	0.0	10000.0	1.0	True	40.0	0.0	0.005	"[15311260.99408063 15311551.99501759 15311840.99594811 15312130.99688184
 15312419.99781236 15312708.99874288 15312999.99967984 15313288.00060714
 15313579.0015441  15313868.00247462 15314158.00340835 15314448.00434209
 15314737.00527261 15315026.00620313 15315317.00714009 15315606.0080706
 15315895.00900112 15316186.00993808 15316475.0108686  15316764.01179912]"	0.0	0.0	0.0
1332.230573562152	2.0	trials	2.0	1.0	1.0	0.0	10000.0	1.0	True	40.0	0.0	0.005	"[15427446.36817154 15427737.3691085  15428026.37003902 15428315.37096954
 15428605.37190328 15428894.37283379 15429184.37376753 15429474.37470127
 15429764.37563501 15430053.37656553 15430343.37749927 15430633.378433
 15430923.37936674 15431212.38029726 15431502.381231   15431791.38216152
 15432081.38309525 15432371.38402899 15432660.38495951 15432950.38589325]"	0.0	0.0	0.0
1338.6262677548973	2.0	trials	2.0	1.0	1.0	0.0	10000.0	1.0	True	40.0	0.0	0.005	"[15501470.60651303 15501760.60744677 15502049.60837729 15502339.60931102
 15502629.61024476 15502918.61117528 15503208.61210902 15503498.61304276
 15503788.61397649 15504077.61490701 15504366.61583753 15504656.61677127
 15504946.61770501 15505235.61863553 15505525.61956926 15505814.62049978
 15506105.62143674 15506395.62237048 15506683.62329778 15506974.62423474]"	0.0	0.0	0.0
1345.1449959437855	2.0	trials	2.0	1.0	1.0	0.0	10000.0	1.0	True	40.0	0.0	0.005	"[15576919.84944271 15577208.85037323 15577498.85130697 15577788.85224071
 15578078.85317445 15578367.85410496 15578657.8550387  15578946.85596922
 15579236.85690296 15579526.8578367  15579815.85876721 15580106.85970417
 15580395.86063469 15580684.86156521 15580973.86249573 15581264.86343269
 15581554.86436642 15581843.86529694 15582132.86622746 15582422.8671612 ]"	0.0	0.0	0.0
1353.2652396892058	2.0	trials	2.0	1.0	1.0	0.0	10000.0	1.0	True	40.0	0.0	0.005	"[15670903.15204792 15671193.15298166 15671483.1539154  15671773.15484914
 15672062.15577965 15672351.15671017 15672641.15764391 15672931.15857765
 15673221.15951139 15673510.16044191 15673800.16137564 15674089.16230616
 15674379.1632399  15674669.16417364 15674958.16510416 15675247.16603467
 15675537.16696841 15675827.16790215 15676116.16883267 15676406.16976641]"	0.0	0.0	0.0
1361.1744075550075	2.0	trials	2.0	1.0	1.0	0.0	10000.0	1.0	True	40.0	0.0	0.005	"[15762444.44679041 15762733.44772093 15763023.44865467 15763313.44958841
 15763602.45051892 15763892.45145267 15764182.4523864  15764471.45331692
 15764761.45425066 15765052.45518762 15765341.45611813 15765630.45704865
 15765919.45797917 15766209.45891291 15766499.45984665 15766788.46077717
 15767078.4617109  15767368.46264464 15767658.46357838 15767948.46451212]"	0.0	0.0	0.0
1370.7176638822189	2.0	trials	2.0	1.0	1.0	0.0	10000.0	1.0	True	40.0	0.0	0.005	"[15872898.80242873 15873189.80336569 15873478.8042962  15873768.80522994
 15874057.80616046 15874347.8070942  15874636.80802472 15874926.80895845
 15875216.80989219 15875505.81082271 15875795.81175645 15876084.81268697
 15876375.81362393 15876664.81455444 15876953.81548496 15877243.8164187
 15877533.81735244 15877823.81828617 15878112.81921669 15878403.82015365]"	0.0	0.0	0.0
1378.4728664522859	2.0	trials	2.0	1.0	1.0	0.0	10000.0	1.0	True	40.0	0.0	0.005	"[15962659.09143678 15962948.0923673  15963237.09329781 15963528.09423477
 15963817.09516529 15964108.09610225 15964397.09703276 15964686.09796328
 15964976.09889702 15965265.09982754 15965555.10076128 15965845.10169502
 15966134.10262553 15966424.10355927 15966713.10448979 15967003.10542353
 15967293.10635727 15967583.10729101 15967872.10822153 15968161.10915204]"	0.0	0.0	0.0
1388.4588378049434	2.0	trials	2.0	1.0	1.0	0.0	10000.0	1.0	True	40.0	0.0	0.005	"[16078237.46357328 16078526.46450379 16078816.46543753 16079106.46637127
 16079395.46730179 16079685.46823553 16079975.46916927 16080263.47009656
 16080554.47103352 16080843.47196404 16081133.47289778 16081422.4738283
 16081712.47476204 16082002.47569578 16082292.47662951 16082581.47756003
 16082871.47849377 16083160.47942429 16083450.48035802 16083739.48128854]"	0.0	0.0	0.0
1396.9972588968037	2.0	trials	2.0	1.0	1.0	0.0	10000.0	1.0	True	40.0	0.0	0.005	"[16177060.78176225 16177349.78269277 16177639.78362651 16177929.78456025
 16178219.78549398 16178508.78642451 16178798.78735824 16179087.78828876
 16179377.7892225  16179667.79015624 16179956.79108675 16180247.79202371
 16180536.79295423 16180826.79388797 16181116.79482171 16181405.79575223
 16181694.79668275 16181984.79761648 16182273.798547   16182563.79948074]"	0.0	0.0	0.0
1404.591238547768	2.0	trials	2.0	1.0	1.0	0.0	10000.0	1.0	True	40.0	0.0	0.005	"[16264954.06475896 16265243.06568948 16265534.06662644 16265823.06755695
 16266113.0684907  16266402.06942121 16266692.07035495 16266981.07128547
 16267271.07221921 16267561.07315295 16267850.07408346 16268140.0750172
 16268430.07595094 16268719.07688146 16269009.0778152  16269299.07874893
 16269588.07967945 16269878.08061319 16270167.08154371 16270458.08248067]"	0.0	0.0	0.0
1414.1554901425798	2.0	trials	2.0	1.0	1.0	0.0	10000.0	1.0	True	40.0	0.0	0.005	"[16375651.42117968 16375941.42211342 16376230.42304394 16376520.42397768
 16376810.42491142 16377099.42584193 16377390.42677889 16377679.42770941
 16377968.42863993 16378257.42957045 16378548.4305074  16378838.43144115
 16379126.43236844 16379416.43330218 16379706.43423592 16379996.43516966
 16380285.43610018 16380575.43703391 16380865.43796765 16381155.43890139]"	0.0	0.0	0.0
1424.591261343495	2.0	trials	2.0	1.0	1.0	0.0	10000.0	1.0	True	40.0	0.0	0.005	"[16496436.81008161 16496726.81101535 16497016.81194909 16497305.81287961
 16497594.81381013 16497884.81474387 16498173.81567438 16498464.81661134
 16498753.81754186 16499043.8184756  16499333.81940934 16499622.82033986
 16499911.82127037 16500202.82220733 16500491.82313785 16500781.82407159
 16501071.82500533 16501360.82593584 16501649.82686636 16501939.8278001 ]"	0.0	0.0	0.0
1430.799034931177	2.0	trials	2.0	1.0	1.0	0.0	10000.0	1.0	True	40.0	0.0	0.005	"[16568285.04141685 16568574.04234736 16568865.04328432 16569154.04421484
 16569443.04514536 16569733.0460791  16570024.04701605 16570312.04794335
 16570602.04887709 16570892.04981083 16571181.05074135 16571471.05167509
 16571760.0526056  16572051.05354256 16572340.05447308 16572631.05541004
 16572919.05633733 16573209.05727107 16573499.05820481 16573788.05913533]"	0.0	0.0	0.0
1439.2833694488902	2.0	trials	2.0	1.0	1.0	0.0	10000.0	1.0	True	40.0	0.0	0.005	"[16666484.35759667 16666773.35852719 16667064.35946415 16667353.36039467
 16667643.36132841 16667932.36225893 16668221.36318945 16668512.3641264
 16668801.36505692 16669091.36599066 16669381.3669244  16669670.36785492
 16669959.36878543 16670250.36972239 16670539.37065291 16670828.37158343
 16671119.37252039 16671407.37344769 16671697.37438142 16671987.37531516]"	0.0	0.0	0.0
1449.8744883499915	2.0	trials	2.0	1.0	1.0	0.0	10000.0	1.0	True	40.0	0.0	0.005	"[16789066.75228456 16789355.75321508 16789645.75414882 16789935.75508256
 16790224.75601308 16790514.75694681 16790804.75788055 16791093.75881107
 16791382.75974159 16791673.76067854 16791963.76161228 16792251.76253958
 16792542.76347654 16792831.76440706 16793120.76533758 16793411.76627453
 16793699.76720184 16793990.76813879 16794279.76906931 16794570.77000627]"	0.0	0.0	0.0
1459.4910985133863	2.0	trials	2.0	1.0	1.0	0.0	10000.0	1.0	True	40.0	0.0	0.005	"[16900369.11065326 16900659.11158699 16900948.11251751 16901238.11345125
 16901528.11438499 16901817.11531551 16902107.11624924 16902397.11718298
 16902687.11811672 16902976.11904724 16903266.11998098 16903555.12091149
 16903844.12184201 16904134.12277575 16904425.12371271 16904714.12464323
 16905003.12557375 16905293.12650748 16905583.12744122 16905872.12837174]"	0.0	0.0	0.0
1467.945538534846	2.0	trials	2.0	1.0	1.0	0.0	10000.0	1.0	True	40.0	0.0	0.005	"[16998222.42571904 16998511.42664956 16998801.4275833  16999090.42851381
 16999379.42944434 16999670.43038129 16999959.4313118  17000249.43224555
 17000539.43317929 17000828.4341098  17001117.43504032 17001407.43597406
 17001697.4369078  17001986.43783832 17002276.43877205 17002566.43970579
 17002856.44063953 17003145.44157005 17003435.44250379 17003725.44343752]"	0.0	0.0	0.0
1477.5937712000582	2.0	trials	2.0	1.0	1.0	0.0	10000.0	1.0	True	40.0	0.0	0.005	"[17109890.78526618 17110180.78619991 17110469.78713043 17110759.78806417
 17111049.78899791 17111339.78993165 17111628.79086217 17111917.79179268
 17112208.79272964 17112497.79366016 17112787.7945939  17113076.79552441
 17113366.79645815 17113655.79738867 17113945.79832241 17114234.79925293
 17114525.80018989 17114815.80112363 17115104.80205414 17115393.80298466]"	0.0	0.0	0.0
1488.6280371279968	2.0	trials	2.0	1.0	1.0	0.0	10000.0	1.0	True	40.0	0.0	0.005	"[17237603.19647156 17237892.19740209 17238182.19833582 17238473.19927278
 17238761.20020008 17239051.20113382 17239341.20206756 17239630.20299808
 17239919.20392859 17240209.20486233 17240500.20579929 17240789.20672981
 17241078.20766032 17241368.20859407 17241658.2095278  17241948.21046154
 17242237.21139206 17242526.21232258 17242817.21325954 17243106.21419005]"	0.0	0.0	0.0
1499.2658121793208	2.0	trials	2.0	1.0	1.0	0.0	10000.0	1.0	True	40.0	0.0	0.005	"[17360725.59289814 17361014.59382866 17361303.59475917 17361594.59569613
 17361883.59662665 17362172.59755717 17362463.59849413 17362752.59942465
 17363041.60035517 17363331.6012889  17363621.60222264 17363911.60315638
 17364200.6040869  17364490.60502063 17364780.60595438 17365069.60688489
 17365358.60781541 17365648.60874915 17365937.60967967 17366228.61061662]"	0.0	0.0	0.0
1509.6595064447574	2.0	trials	2.0	1.0	1.0	0.0	10000.0	1.0	True	40.0	0.0	0.005	"[17481022.98022882 17481311.98115933 17481602.98209629 17481891.98302681
 17482180.98395733 17482470.98489106 17482760.9858248  17483050.98675854
 17483340.98769228 17483629.9886228  17483918.98955331 17484208.99048705
 17484498.99142079 17484788.99235453 17485078.99328827 17485366.99421557
 17485656.9951493  17485946.99608304 17486235.99701356 17486525.9979473 ]"	0.0	0.0	0.0
1520.063050341908	2.0	trials	2.0	1.0	1.0	0.0	10000.0	1.0	True	40.0	0.0	0.005	"[17601434.36792655 17601723.36885706 17602013.3697908  17602303.37072454
 17602592.37165506 17602882.37258879 17603171.37351931 17603461.37445305
 17603750.37538357 17604040.37631731 17604330.37725105 17604619.37818157
 17604909.3791153  17605199.38004904 17605488.38097956 17605778.3819133
 17606067.38284381 17606357.38377755 17606648.38471451 17606936.38564181]"	0.0	0.0	0.0
1529.7403135005923	2.0	trials	2.0	1.0	1.0	0.0	10000.0	1.0	True	40.0	0.0	0.005	"[17713439.72855875 17713729.72949249 17714018.730423   17714307.73135353
 17714597.73228726 17714886.73321778 17715176.73415152 17715466.73508526
 17715756.73601899 17716045.73694951 17716335.73788325 17716624.73881377
 17716914.73974751 17717205.74068446 17717493.74161176 17717783.7425455
 17718073.74347924 17718363.74441298 17718652.7453435  17718941.74627401]"	0.0	0.0	0.0
1536.7722593419296	2.0	trials	2.0	1.0	1.0	0.0	10000.0	1.0	True	40.0	0.0	0.005	"[17794826.99060753 17795117.99154448 17795406.992475   17795696.99340874
 17795986.99434248 17796274.99526978 17796564.99620352 17796855.99714047
 17797143.99806777 17797434.99900473 17797723.99993524 17798014.00086898
 17798303.0017995  17798593.00273324 17798883.00366698 17799172.0045975
 17799462.00553124 17799751.00646175 17800041.00739549 17800331.00832923]"	0.0	0.0	0.0
1544.3686582006833	2.0	trials	2.0	1.0	1.0	0.0	10000.0	1.0	True	40.0	0.0	0.005	"[17882749.27369761 17883038.27462813 17883327.27555864 17883618.2764956
 17883908.27742934 17884197.27835986 17884486.27929037 17884776.28022411
 17885066.28115785 17885355.28208837 17885645.28302211 17885935.28395585
 17886224.28488636 17886514.2858201  17886803.28675062 17887093.28768436
 17887383.2886181  17887672.28954862 17887962.29048235 17888252.29141609]"	0.0	0.0	0.0
1551.2564019777212	2.0	trials	2.0	1.0	1.0	0.0	10000.0	1.0	True	40.0	0.0	0.005	"[17962468.53037577 17962757.5313063  17963046.53223681 17963336.53317055
 17963626.53410429 17963915.53503481 17964205.53596855 17964495.53690229
 17964784.5378328  17965074.53876654 17965364.53970028 17965653.5406308
 17965942.54156132 17966232.54249505 17966522.54342879 17966812.54436253
 17967102.54529627 17967391.54622679 17967681.54716052 17967970.54809104]"	0.0	0.0	0.0
1562.1165713451069	2.0	trials	2.0	1.0	1.0	0.0	10000.0	1.0	True	40.0	0.0	0.005	"[18088163.93508686 18088453.9360206  18088743.93695433 18089032.93788485
 18089322.93881859 18089613.93975555 18089902.94068607 18090192.94161981
 18090481.94255032 18090770.94348085 18091061.9444178  18091350.94534832
 18091640.94628206 18091929.94721258 18092219.94814632 18092508.94907684
 18092798.95001057 18093087.95094109 18093378.95187805 18093667.95280857]"	0.0	0.0	0.0
1569.4498813567711	2.0	trials	2.0	1.0	1.0	0.0	10000.0	1.0	True	40.0	0.0	0.005	"[18173040.20836947 18173330.20930321 18173619.21023373 18173909.21116747
 18174199.21210121 18174488.21303172 18174778.21396546 18175068.2148992
 18175357.21582972 18175648.21676667 18175937.21769719 18176227.21863093
 18176517.21956467 18176806.22049519 18177096.22142893 18177385.22235944
 18177674.22328996 18177965.22422692 18178254.22515744 18178544.22609118]"	0.0	0.0	0.0
1577.8601708360757	2.0	trials	2.0	1.0	1.0	0.0	10000.0	1.0	True	40.0	0.0	0.005	"[18270382.52178995 18270671.52272046 18270961.5236542  18271250.52458472
 18271541.52552168 18271830.52645219 18272121.52738915 18272410.52831967
 18272699.52925019 18272988.53018071 18273279.53111767 18273568.53204818
 18273857.5329787  18274147.53391244 18274437.53484618 18274726.5357767
 18275016.53671044 18275306.53764418 18275596.53857791 18275885.53950843]"	0.0	0.0	0.0
1585.4804161716095	2.0	trials	2.0	1.0	1.0	0.0	10000.0	1.0	True	40.0	0.0	0.005	"[18358580.80576869 18358868.80669599 18359158.80762972 18359447.80856024
 18359737.80949398 18360027.81042772 18360317.81136145 18360606.81229198
 18360896.81322572 18361186.81415945 18361476.81509319 18361765.81602371
 18362055.81695745 18362344.81788797 18362633.81881848 18362923.81975222
 18363213.82068596 18363503.8216197  18363792.82255022 18364082.82348395]"	0.0	0.0	0.0
1593.3405086793996	2.0	trials	2.0	1.0	1.0	0.0	10000.0	1.0	True	40.0	0.0	0.005	"[18449552.0986759  18449843.09961285 18450132.10054337 18450421.10147389
 18450712.10241085 18451001.10334137 18451291.10427511 18451581.10520884
 18451870.10613937 18452160.1070731  18452450.10800684 18452739.10893736
 18453029.1098711  18453319.11080484 18453609.11173857 18453897.11266587
 18454187.11359961 18454476.11453013 18454766.11546387 18455057.11640082]"	0.0	0.0	0.0
1603.1719963346532	2.0	trials	2.0	1.0	1.0	0.0	10000.0	1.0	True	40.0	0.0	0.005	"[18563342.46505542 18563632.46598916 18563922.4669229  18564212.46785663
 18564501.46878715 18564791.46972089 18565080.47065141 18565371.47158837
 18565660.47251889 18565949.47344941 18566238.47437993 18566528.47531366
 18566819.47625062 18567108.47718114 18567397.47811165 18567687.47904539
 18567977.47997914 18568267.48091287 18568557.48184661 18568845.48277391]"	0.0	0.0	0.0
1611.0885082241011	2.0	trials	2.0	1.0	1.0	0.0	10000.0	1.0	True	40.0	0.0	0.005	"[18654968.76007159 18655257.76100211 18655548.76193907 18655837.76286959
 18656127.76380333 18656416.76473384 18656706.76566758 18656995.7665981
 18657285.76753184 18657575.76846557 18657865.76939932 18658154.77032984
 18658443.77126035 18658734.77219731 18659023.77312783 18659312.77405835
 18659602.77499208 18659892.77592582 18660182.77685956 18660472.7777933 ]"	0.0	0.0	0.0
1620.785297845656	2.0	trials	2.0	1.0	1.0	0.0	10000.0	1.0	True	40.0	0.0	0.005	"[18767200.12143147 18767489.12236199 18767779.12329572 18768069.12422946
 18768360.12516642 18768648.12609372 18768937.12702424 18769227.12795798
 18769517.12889171 18769806.12982223 18770096.13075597 18770386.13168971
 18770676.13262345 18770965.13355396 18771255.1344877  18771545.13542144
 18771835.13635518 18772124.1372857  18772413.13821622 18772703.13914996]"	0.0	0.0	0.0
1627.0486268122145	2.0	trials	2.0	1.0	1.0	0.0	10000.0	1.0	True	40.0	0.0	0.005	"[18839692.35484024 18839982.35577398 18840272.35670772 18840561.35763824
 18840850.35856875 18841141.35950571 18841431.36043945 18841720.36136997
 18842010.36230371 18842299.36323423 18842589.36416797 18842878.36509848
 18843168.36603222 18843458.36696596 18843747.36789648 18844036.368827
 18844326.36976073 18844616.37069447 18844906.37162821 18845196.37256195]"	0.0	0.0	0.0
1636.2707333053932	2.0	trials	2.0	1.0	1.0	0.0	10000.0	1.0	True	40.0	0.0	0.005	"[18946429.69851061 18946719.69944435 18947010.70038131 18947299.70131183
 18947589.70224556 18947878.70317608 18948168.70410982 18948457.70504034
 18948748.70597729 18949036.70690459 18949326.70783833 18949616.70877207
 18949906.70970581 18950195.71063633 18950485.71157007 18950775.7125038
 18951064.71343432 18951353.71436484 18951644.7153018  18951933.71623231]"	0.0	0.0	0.0
1668.0294019614046	2.0	trials	3.0	1.0	1.0	0.0	10000.0	1.0	False	0.0	0.0	0.0	"[nan nan nan nan nan nan nan nan nan nan nan nan nan nan nan nan nan nan
 nan nan]"	0.0	0.0	0.0
1678.2364716259508	2.0	trials	3.0	1.0	1.0	0.0	10000.0	1.0	False	0.0	0.0	0.0	"[nan nan nan nan nan nan nan nan nan nan nan nan nan nan nan nan nan nan
 nan nan]"	0.0	0.0	0.0
1686.7914815712234	2.0	trials	3.0	1.0	1.0	0.0	10000.0	1.0	False	0.0	0.0	0.0	"[nan nan nan nan nan nan nan nan nan nan nan nan nan nan nan nan nan nan
 nan nan]"	0.0	0.0	0.0
1697.8619492157236	2.0	trials	3.0	1.0	1.0	0.0	10000.0	1.0	False	0.0	0.0	0.0	"[nan nan nan nan nan nan nan nan nan nan nan nan nan nan nan nan nan nan
 nan nan]"	0.0	0.0	0.0
1704.4319127695785	2.0	trials	3.0	1.0	1.0	0.0	10000.0	1.0	False	0.0	0.0	0.0	"[nan nan nan nan nan nan nan nan nan nan nan nan nan nan nan nan nan nan
 nan nan]"	0.0	0.0	0.0
1710.942173731204	2.0	trials	3.0	1.0	1.0	0.0	10000.0	1.0	False	0.0	0.0	0.0	"[nan nan nan nan nan nan nan nan nan nan nan nan nan nan nan nan nan nan
 nan nan]"	0.0	0.0	0.0
1719.6362881243629	2.0	trials	3.0	1.0	1.0	0.0	10000.0	1.0	False	0.0	0.0	0.0	"[nan nan nan nan nan nan nan nan nan nan nan nan nan nan nan nan nan nan
 nan nan]"	0.0	0.0	0.0
1730.2979960527455	2.0	trials	3.0	1.0	1.0	0.0	10000.0	1.0	False	0.0	0.0	0.0	"[nan nan nan nan nan nan nan nan nan nan nan nan nan nan nan nan nan nan
 nan nan]"	0.0	0.0	0.0
1736.987883192728	2.0	trials	3.0	1.0	1.0	0.0	10000.0	1.0	False	0.0	0.0	0.0	"[nan nan nan nan nan nan nan nan nan nan nan nan nan nan nan nan nan nan
 nan nan]"	0.0	0.0	0.0
1748.0429715877106	2.0	trials	3.0	1.0	1.0	0.0	10000.0	1.0	False	0.0	0.0	0.0	"[nan nan nan nan nan nan nan nan nan nan nan nan nan nan nan nan nan nan
 nan nan]"	0.0	0.0	0.0
1754.580621437522	2.0	trials	3.0	1.0	1.0	0.0	10000.0	1.0	False	0.0	0.0	0.0	"[nan nan nan nan nan nan nan nan nan nan nan nan nan nan nan nan nan nan
 nan nan]"	0.0	0.0	0.0
1762.1342521585716	2.0	trials	3.0	1.0	1.0	0.0	10000.0	1.0	False	0.0	0.0	0.0	"[nan nan nan nan nan nan nan nan nan nan nan nan nan nan nan nan nan nan
 nan nan]"	0.0	0.0	0.0
1771.308924899024	2.0	trials	3.0	1.0	1.0	0.0	10000.0	1.0	False	0.0	0.0	0.0	"[nan nan nan nan nan nan nan nan nan nan nan nan nan nan nan nan nan nan
 nan nan]"	0.0	0.0	0.0
1777.8210002664914	2.0	trials	3.0	1.0	1.0	0.0	10000.0	1.0	False	0.0	0.0	0.0	"[nan nan nan nan nan nan nan nan nan nan nan nan nan nan nan nan nan nan
 nan nan]"	0.0	0.0	0.0
1787.0463899702418	2.0	trials	3.0	1.0	1.0	0.0	10000.0	1.0	False	0.0	0.0	0.0	"[nan nan nan nan nan nan nan nan nan nan nan nan nan nan nan nan nan nan
 nan nan]"	0.0	0.0	0.0
1795.6889233973209	2.0	trials	3.0	1.0	1.0	0.0	10000.0	1.0	False	0.0	0.0	0.0	"[nan nan nan nan nan nan nan nan nan nan nan nan nan nan nan nan nan nan
 nan nan]"	0.0	0.0	0.0
1801.8126295143243	2.0	trials	3.0	1.0	1.0	0.0	10000.0	1.0	False	0.0	0.0	0.0	"[nan nan nan nan nan nan nan nan nan nan nan nan nan nan nan nan nan nan
 nan nan]"	0.0	0.0	0.0
1812.3570922652023	2.0	trials	3.0	1.0	1.0	0.0	10000.0	1.0	False	0.0	0.0	0.0	"[nan nan nan nan nan nan nan nan nan nan nan nan nan nan nan nan nan nan
 nan nan]"	0.0	0.0	0.0
1823.3170539538974	2.0	trials	3.0	1.0	1.0	0.0	10000.0	1.0	False	0.0	0.0	0.0	"[nan nan nan nan nan nan nan nan nan nan nan nan nan nan nan nan nan nan
 nan nan]"	0.0	0.0	0.0
1833.5529813113587	2.0	trials	3.0	1.0	1.0	0.0	10000.0	1.0	False	0.0	0.0	0.0	"[nan nan nan nan nan nan nan nan nan nan nan nan nan nan nan nan nan nan
 nan nan]"	0.0	0.0	0.0
1843.4774356659452	2.0	trials	3.0	1.0	1.0	0.0	10000.0	1.0	False	0.0	0.0	0.0	"[nan nan nan nan nan nan nan nan nan nan nan nan nan nan nan nan nan nan
 nan nan]"	0.0	0.0	0.0
1850.9290276584522	2.0	trials	3.0	1.0	1.0	0.0	10000.0	1.0	False	0.0	0.0	0.0	"[nan nan nan nan nan nan nan nan nan nan nan nan nan nan nan nan nan nan
 nan nan]"	0.0	0.0	0.0
1860.6458621445477	2.0	trials	3.0	1.0	1.0	0.0	10000.0	1.0	False	0.0	0.0	0.0	"[nan nan nan nan nan nan nan nan nan nan nan nan nan nan nan nan nan nan
 nan nan]"	0.0	0.0	0.0
1869.7094241272475	2.0	trials	3.0	1.0	1.0	0.0	10000.0	1.0	False	0.0	0.0	0.0	"[nan nan nan nan nan nan nan nan nan nan nan nan nan nan nan nan nan nan
 nan nan]"	0.0	0.0	0.0
1880.2932854049807	2.0	trials	3.0	1.0	1.0	0.0	10000.0	1.0	False	0.0	0.0	0.0	"[nan nan nan nan nan nan nan nan nan nan nan nan nan nan nan nan nan nan
 nan nan]"	0.0	0.0	0.0
1888.6455138973413	2.0	trials	3.0	1.0	1.0	0.0	10000.0	1.0	False	0.0	0.0	0.0	"[nan nan nan nan nan nan nan nan nan nan nan nan nan nan nan nan nan nan
 nan nan]"	0.0	0.0	0.0
1897.897601287052	2.0	trials	3.0	1.0	1.0	0.0	10000.0	1.0	False	0.0	0.0	0.0	"[nan nan nan nan nan nan nan nan nan nan nan nan nan nan nan nan nan nan
 nan nan]"	0.0	0.0	0.0
1907.191506411407	2.0	trials	3.0	1.0	1.0	0.0	10000.0	1.0	False	0.0	0.0	0.0	"[nan nan nan nan nan nan nan nan nan nan nan nan nan nan nan nan nan nan
 nan nan]"	0.0	0.0	0.0
1917.0438165337043	2.0	trials	3.0	1.0	1.0	0.0	10000.0	1.0	False	0.0	0.0	0.0	"[nan nan nan nan nan nan nan nan nan nan nan nan nan nan nan nan nan nan
 nan nan]"	0.0	0.0	0.0
1924.668036282035	2.0	trials	3.0	1.0	1.0	0.0	10000.0	1.0	False	0.0	0.0	0.0	"[nan nan nan nan nan nan nan nan nan nan nan nan nan nan nan nan nan nan
 nan nan]"	0.0	0.0	0.0
1930.9583221353882	2.0	trials	3.0	1.0	1.0	0.0	10000.0	1.0	False	0.0	0.0	0.0	"[nan nan nan nan nan nan nan nan nan nan nan nan nan nan nan nan nan nan
 nan nan]"	0.0	0.0	0.0
1939.4600231090183	2.0	trials	3.0	1.0	1.0	0.0	10000.0	1.0	False	0.0	0.0	0.0	"[nan nan nan nan nan nan nan nan nan nan nan nan nan nan nan nan nan nan
 nan nan]"	0.0	0.0	0.0
1948.0518395728004	2.0	trials	3.0	1.0	1.0	0.0	10000.0	1.0	False	0.0	0.0	0.0	"[nan nan nan nan nan nan nan nan nan nan nan nan nan nan nan nan nan nan
 nan nan]"	0.0	0.0	0.0
1958.295629355577	2.0	trials	3.0	1.0	1.0	0.0	10000.0	1.0	False	0.0	0.0	0.0	"[nan nan nan nan nan nan nan nan nan nan nan nan nan nan nan nan nan nan
 nan nan]"	0.0	0.0	0.0
1968.1519138906715	2.0	trials	3.0	1.0	1.0	0.0	10000.0	1.0	False	0.0	0.0	0.0	"[nan nan nan nan nan nan nan nan nan nan nan nan nan nan nan nan nan nan
 nan nan]"	0.0	0.0	0.0
1974.734146284029	2.0	trials	3.0	1.0	1.0	0.0	10000.0	1.0	False	0.0	0.0	0.0	"[nan nan nan nan nan nan nan nan nan nan nan nan nan nan nan nan nan nan
 nan nan]"	0.0	0.0	0.0
1982.840652385217	2.0	trials	3.0	1.0	1.0	0.0	10000.0	1.0	False	0.0	0.0	0.0	"[nan nan nan nan nan nan nan nan nan nan nan nan nan nan nan nan nan nan
 nan nan]"	0.0	0.0	0.0
1992.9624449751896	2.0	trials	3.0	1.0	1.0	0.0	10000.0	1.0	False	0.0	0.0	0.0	"[nan nan nan nan nan nan nan nan nan nan nan nan nan nan nan nan nan nan
 nan nan]"	0.0	0.0	0.0
2003.5993560237318	2.0	trials	3.0	1.0	1.0	0.0	10000.0	1.0	False	0.0	0.0	0.0	"[nan nan nan nan nan nan nan nan nan nan nan nan nan nan nan nan nan nan
 nan nan]"	0.0	0.0	0.0
2011.526581547675	2.0	trials	3.0	1.0	1.0	0.0	10000.0	1.0	False	0.0	0.0	0.0	"[nan nan nan nan nan nan nan nan nan nan nan nan nan nan nan nan nan nan
 nan nan]"	0.0	0.0	0.0
2018.6608253183897	2.0	trials	3.0	1.0	1.0	0.0	10000.0	1.0	False	0.0	0.0	0.0	"[nan nan nan nan nan nan nan nan nan nan nan nan nan nan nan nan nan nan
 nan nan]"	0.0	0.0	0.0
2027.943671207136	2.0	trials	3.0	1.0	1.0	0.0	10000.0	1.0	False	0.0	0.0	0.0	"[nan nan nan nan nan nan nan nan nan nan nan nan nan nan nan nan nan nan
 nan nan]"	0.0	0.0	0.0
2036.6191231402056	2.0	trials	3.0	1.0	1.0	0.0	10000.0	1.0	False	0.0	0.0	0.0	"[nan nan nan nan nan nan nan nan nan nan nan nan nan nan nan nan nan nan
 nan nan]"	0.0	0.0	0.0
2046.945079587542	1.9999999999997726	trials	3.0	1.0	1.0	0.0	10000.0	1.0	False	0.0	0.0	0.0	"[nan nan nan nan nan nan nan nan nan nan nan nan nan nan nan nan nan nan
 nan nan]"	0.0	0.0	0.0
2053.5449376376505	2.0	trials	3.0	1.0	1.0	0.0	10000.0	1.0	False	0.0	0.0	0.0	"[nan nan nan nan nan nan nan nan nan nan nan nan nan nan nan nan nan nan
 nan nan]"	0.0	0.0	0.0
2062.994622463582	2.0	trials	3.0	1.0	1.0	0.0	10000.0	1.0	False	0.0	0.0	0.0	"[nan nan nan nan nan nan nan nan nan nan nan nan nan nan nan nan nan nan
 nan nan]"	0.0	0.0	0.0
2072.936616074641	2.0	trials	3.0	1.0	1.0	0.0	10000.0	1.0	False	0.0	0.0	0.0	"[nan nan nan nan nan nan nan nan nan nan nan nan nan nan nan nan nan nan
 nan nan]"	0.0	0.0	0.0
2082.0871831374784	2.0	trials	3.0	1.0	1.0	0.0	10000.0	1.0	False	0.0	0.0	0.0	"[nan nan nan nan nan nan nan nan nan nan nan nan nan nan nan nan nan nan
 nan nan]"	0.0	0.0	0.0
2093.0549208512098	2.0	trials	3.0	1.0	1.0	0.0	10000.0	1.0	False	0.0	0.0	0.0	"[nan nan nan nan nan nan nan nan nan nan nan nan nan nan nan nan nan nan
 nan nan]"	0.0	0.0	0.0
2100.236857575486	2.0	trials	3.0	1.0	1.0	0.0	10000.0	1.0	False	0.0	0.0	0.0	"[nan nan nan nan nan nan nan nan nan nan nan nan nan nan nan nan nan nan
 nan nan]"	0.0	0.0	0.0
2167.236903701074	2.0	trials	4.0	1.0	1.0	1.0	0.0	1.0	False	0.0	0.0	0.0	"[nan nan nan nan nan nan nan nan nan nan nan nan nan nan nan nan nan nan
 nan nan]"	1.0	0.02	5.0
2176.6686172691416	2.0	trials	4.0	1.0	1.0	1.0	0.0	1.0	False	0.0	0.0	0.0	"[nan nan nan nan nan nan nan nan nan nan nan nan nan nan nan nan nan nan
 nan nan]"	1.0	0.02	5.0
2186.078125965715	2.0	trials	4.0	1.0	1.0	1.0	0.0	1.0	False	0.0	0.0	0.0	"[nan nan nan nan nan nan nan nan nan nan nan nan nan nan nan nan nan nan
 nan nan]"	1.0	0.02	5.0
2193.1618255736885	2.0	trials	4.0	1.0	1.0	1.0	0.0	1.0	False	0.0	0.0	0.0	"[nan nan nan nan nan nan nan nan nan nan nan nan nan nan nan nan nan nan
 nan nan]"	1.0	0.02	5.0
2204.178379444598	2.0	trials	4.0	1.0	1.0	1.0	0.0	1.0	False	0.0	0.0	0.0	"[nan nan nan nan nan nan nan nan nan nan nan nan nan nan nan nan nan nan
 nan nan]"	1.0	0.02	5.0
2215.0509040517645	2.0	trials	4.0	1.0	1.0	1.0	0.0	1.0	False	0.0	0.0	0.0	"[nan nan nan nan nan nan nan nan nan nan nan nan nan nan nan nan nan nan
 nan nan]"	1.0	0.02	5.0
2225.8114538983964	2.0	trials	4.0	1.0	1.0	1.0	0.0	1.0	False	0.0	0.0	0.0	"[nan nan nan nan nan nan nan nan nan nan nan nan nan nan nan nan nan nan
 nan nan]"	1.0	0.02	5.0
2232.7710827068886	2.0	trials	4.0	1.0	1.0	1.0	0.0	1.0	False	0.0	0.0	0.0	"[nan nan nan nan nan nan nan nan nan nan nan nan nan nan nan nan nan nan
 nan nan]"	1.0	0.02	5.0
2241.3069981906815	2.0	trials	4.0	1.0	1.0	1.0	0.0	1.0	False	0.0	0.0	0.0	"[nan nan nan nan nan nan nan nan nan nan nan nan nan nan nan nan nan nan
 nan nan]"	1.0	0.02	5.0
2247.4336419171427	2.0	trials	4.0	1.0	1.0	1.0	0.0	1.0	False	0.0	0.0	0.0	"[nan nan nan nan nan nan nan nan nan nan nan nan nan nan nan nan nan nan
 nan nan]"	1.0	0.02	5.0
2254.772654347168	2.0	trials	4.0	1.0	1.0	1.0	0.0	1.0	False	0.0	0.0	0.0	"[nan nan nan nan nan nan nan nan nan nan nan nan nan nan nan nan nan nan
 nan nan]"	1.0	0.02	5.0
2263.752148859189	2.0	trials	4.0	1.0	1.0	1.0	0.0	1.0	False	0.0	0.0	0.0	"[nan nan nan nan nan nan nan nan nan nan nan nan nan nan nan nan nan nan
 nan nan]"	1.0	0.02	5.0
2274.3933799216406	2.0	trials	4.0	1.0	1.0	1.0	0.0	1.0	False	0.0	0.0	0.0	"[nan nan nan nan nan nan nan nan nan nan nan nan nan nan nan nan nan nan
 nan nan]"	1.0	0.02	5.0
2282.6166991989417	2.0	trials	4.0	1.0	1.0	1.0	0.0	1.0	False	0.0	0.0	0.0	"[nan nan nan nan nan nan nan nan nan nan nan nan nan nan nan nan nan nan
 nan nan]"	1.0	0.02	5.0
2290.7319317282268	2.0	trials	4.0	1.0	1.0	1.0	0.0	1.0	False	0.0	0.0	0.0	"[nan nan nan nan nan nan nan nan nan nan nan nan nan nan nan nan nan nan
 nan nan]"	1.0	0.02	5.0
2299.2191174551203	2.0	trials	4.0	1.0	1.0	1.0	0.0	1.0	False	0.0	0.0	0.0	"[nan nan nan nan nan nan nan nan nan nan nan nan nan nan nan nan nan nan
 nan nan]"	1.0	0.02	5.0
2307.483304064005	2.0	trials	4.0	1.0	1.0	1.0	0.0	1.0	False	0.0	0.0	0.0	"[nan nan nan nan nan nan nan nan nan nan nan nan nan nan nan nan nan nan
 nan nan]"	1.0	0.02	5.0
2314.6730168133176	2.0	trials	4.0	1.0	1.0	1.0	0.0	1.0	False	0.0	0.0	0.0	"[nan nan nan nan nan nan nan nan nan nan nan nan nan nan nan nan nan nan
 nan nan]"	1.0	0.02	5.0
2323.99474282725	2.0	trials	4.0	1.0	1.0	1.0	0.0	1.0	False	0.0	0.0	0.0	"[nan nan nan nan nan nan nan nan nan nan nan nan nan nan nan nan nan nan
 nan nan]"	1.0	0.02	5.0
2333.0793000775498	2.0	trials	4.0	1.0	1.0	1.0	0.0	1.0	False	0.0	0.0	0.0	"[nan nan nan nan nan nan nan nan nan nan nan nan nan nan nan nan nan nan
 nan nan]"	1.0	0.02	5.0
2342.389707655039	2.0	trials	4.0	1.0	1.0	1.0	0.0	1.0	False	0.0	0.0	0.0	"[nan nan nan nan nan nan nan nan nan nan nan nan nan nan nan nan nan nan
 nan nan]"	1.0	0.02	5.0
2350.813389177463	2.0	trials	4.0	1.0	1.0	1.0	0.0	1.0	False	0.0	0.0	0.0	"[nan nan nan nan nan nan nan nan nan nan nan nan nan nan nan nan nan nan
 nan nan]"	1.0	0.02	5.0
2360.864074338485	2.0	trials	4.0	1.0	1.0	1.0	0.0	1.0	False	0.0	0.0	0.0	"[nan nan nan nan nan nan nan nan nan nan nan nan nan nan nan nan nan nan
 nan nan]"	1.0	0.02	5.0
2369.334239210575	2.0	trials	4.0	1.0	1.0	1.0	0.0	1.0	False	0.0	0.0	0.0	"[nan nan nan nan nan nan nan nan nan nan nan nan nan nan nan nan nan nan
 nan nan]"	1.0	0.02	5.0
2379.8441418501775	2.0	trials	4.0	1.0	1.0	1.0	0.0	1.0	False	0.0	0.0	0.0	"[nan nan nan nan nan nan nan nan nan nan nan nan nan nan nan nan nan nan
 nan nan]"	1.0	0.02	5.0
2386.55839386861	2.0	trials	4.0	1.0	1.0	1.0	0.0	1.0	False	0.0	0.0	0.0	"[nan nan nan nan nan nan nan nan nan nan nan nan nan nan nan nan nan nan
 nan nan]"	1.0	0.02	5.0
2396.8347565562644	2.0	trials	4.0	1.0	1.0	1.0	0.0	1.0	False	0.0	0.0	0.0	"[nan nan nan nan nan nan nan nan nan nan nan nan nan nan nan nan nan nan
 nan nan]"	1.0	0.02	5.0
2405.6297864743497	2.0	trials	4.0	1.0	1.0	1.0	0.0	1.0	False	0.0	0.0	0.0	"[nan nan nan nan nan nan nan nan nan nan nan nan nan nan nan nan nan nan
 nan nan]"	1.0	0.02	5.0
2416.7246189972993	2.0	trials	4.0	1.0	1.0	1.0	0.0	1.0	False	0.0	0.0	0.0	"[nan nan nan nan nan nan nan nan nan nan nan nan nan nan nan nan nan nan
 nan nan]"	1.0	0.02	5.0
2424.25716805047	2.0	trials	4.0	1.0	1.0	1.0	0.0	1.0	False	0.0	0.0	0.0	"[nan nan nan nan nan nan nan nan nan nan nan nan nan nan nan nan nan nan
 nan nan]"	1.0	0.02	5.0
2431.2923971023793	2.0	trials	4.0	1.0	1.0	1.0	0.0	1.0	False	0.0	0.0	0.0	"[nan nan nan nan nan nan nan nan nan nan nan nan nan nan nan nan nan nan
 nan nan]"	1.0	0.02	5.0
2441.2438083437605	2.0	trials	4.0	1.0	1.0	1.0	0.0	1.0	False	0.0	0.0	0.0	"[nan nan nan nan nan nan nan nan nan nan nan nan nan nan nan nan nan nan
 nan nan]"	1.0	0.02	5.0
2447.5406606182564	2.0	trials	4.0	1.0	1.0	1.0	0.0	1.0	False	0.0	0.0	0.0	"[nan nan nan nan nan nan nan nan nan nan nan nan nan nan nan nan nan nan
 nan nan]"	1.0	0.02	5.0
2457.7425462661113	2.0	trials	4.0	1.0	1.0	1.0	0.0	1.0	False	0.0	0.0	0.0	"[nan nan nan nan nan nan nan nan nan nan nan nan nan nan nan nan nan nan
 nan nan]"	1.0	0.02	5.0
2465.001811239367	2.0	trials	4.0	1.0	1.0	1.0	0.0	1.0	False	0.0	0.0	0.0	"[nan nan nan nan nan nan nan nan nan nan nan nan nan nan nan nan nan nan
 nan nan]"	1.0	0.02	5.0
2475.2727307094956	2.0	trials	4.0	1.0	1.0	1.0	0.0	1.0	False	0.0	0.0	0.0	"[nan nan nan nan nan nan nan nan nan nan nan nan nan nan nan nan nan nan
 nan nan]"	1.0	0.02	5.0
2483.2652748437504	2.0	trials	4.0	1.0	1.0	1.0	0.0	1.0	False	0.0	0.0	0.0	"[nan nan nan nan nan nan nan nan nan nan nan nan nan nan nan nan nan nan
 nan nan]"	1.0	0.02	5.0
2490.2273228600325	2.0	trials	4.0	1.0	1.0	1.0	0.0	1.0	False	0.0	0.0	0.0	"[nan nan nan nan nan nan nan nan nan nan nan nan nan nan nan nan nan nan
 nan nan]"	1.0	0.02	5.0
2497.131223489092	2.0	trials	4.0	1.0	1.0	1.0	0.0	1.0	False	0.0	0.0	0.0	"[nan nan nan nan nan nan nan nan nan nan nan nan nan nan nan nan nan nan
 nan nan]"	1.0	0.02	5.0
2504.337006690148	2.0	trials	4.0	1.0	1.0	1.0	0.0	1.0	False	0.0	0.0	0.0	"[nan nan nan nan nan nan nan nan nan nan nan nan nan nan nan nan nan nan
 nan nan]"	1.0	0.02	5.0
2513.0854668582883	2.0	trials	4.0	1.0	1.0	1.0	0.0	1.0	False	0.0	0.0	0.0	"[nan nan nan nan nan nan nan nan nan nan nan nan nan nan nan nan nan nan
 nan nan]"	1.0	0.02	5.0
2523.9987723967606	2.0	trials	4.0	1.0	1.0	1.0	0.0	1.0	False	0.0	0.0	0.0	"[nan nan nan nan nan nan nan nan nan nan nan nan nan nan nan nan nan nan
 nan nan]"	1.0	0.02	5.0
2533.071060807558	2.0	trials	4.0	1.0	1.0	1.0	0.0	1.0	False	0.0	0.0	0.0	"[nan nan nan nan nan nan nan nan nan nan nan nan nan nan nan nan nan nan
 nan nan]"	1.0	0.02	5.0
2543.488169548384	2.0	trials	4.0	1.0	1.0	1.0	0.0	1.0	False	0.0	0.0	0.0	"[nan nan nan nan nan nan nan nan nan nan nan nan nan nan nan nan nan nan
 nan nan]"	1.0	0.02	5.0
2550.5090561541133	2.0	trials	4.0	1.0	1.0	1.0	0.0	1.0	False	0.0	0.0	0.0	"[nan nan nan nan nan nan nan nan nan nan nan nan nan nan nan nan nan nan
 nan nan]"	1.0	0.02	5.0
2561.1279959447916	2.0	trials	4.0	1.0	1.0	1.0	0.0	1.0	False	0.0	0.0	0.0	"[nan nan nan nan nan nan nan nan nan nan nan nan nan nan nan nan nan nan
 nan nan]"	1.0	0.02	5.0
2570.3551136541055	2.0	trials	4.0	1.0	1.0	1.0	0.0	1.0	False	0.0	0.0	0.0	"[nan nan nan nan nan nan nan nan nan nan nan nan nan nan nan nan nan nan
 nan nan]"	1.0	0.02	5.0
2579.763758347897	2.0	trials	4.0	1.0	1.0	1.0	0.0	1.0	False	0.0	0.0	0.0	"[nan nan nan nan nan nan nan nan nan nan nan nan nan nan nan nan nan nan
 nan nan]"	1.0	0.02	5.0
2589.9561399651507	2.0	trials	4.0	1.0	1.0	1.0	0.0	1.0	False	0.0	0.0	0.0	"[nan nan nan nan nan nan nan nan nan nan nan nan nan nan nan nan nan nan
 nan nan]"	1.0	0.02	5.0
2597.278995543154	2.0	trials	4.0	1.0	1.0	1.0	0.0	1.0	False	0.0	0.0	0.0	"[nan nan nan nan nan nan nan nan nan nan nan nan nan nan nan nan nan nan
 nan nan]"	1.0	0.02	5.0
2660.309812888688	2.0	trials	5.0	0.0	0.0	0.0	0.0	0.0	True	40.0	0.0	0.005	"[30798734.86028167 30799023.86121219 30799312.8621427  30799602.86307644
 30799892.86401019 30800182.86494393 30800471.86587444 30800760.86680495
 30801051.86774191 30801341.86867565 30801629.86960295 30801919.87053668
 30802209.87147043 30802499.87240417 30802788.87333469 30803077.8742652
 30803368.87520216 30803657.87613268 30803948.87706964 30804236.87799693]"	0.0	0.0	0.0
2667.1079595772435	2.0	trials	5.0	0.0	0.0	0.0	0.0	0.0	True	40.0	0.0	0.005	"[30877416.1136177  30877706.11455144 30877995.11548196 30878286.11641891
 30878575.11734943 30878864.11827996 30879155.11921691 30879443.12014421
 30879734.12108117 30880022.12200847 30880313.12294543 30880603.12387916
 30880893.1248129  30881181.1257402  30881472.12667716 30881760.12760445
 30882050.12853819 30882340.12947193 30882630.13040567 30882920.13133941]"	0.0	0.0	0.0
2673.80052512585	2.0	trials	5.0	0.0	0.0	0.0	0.0	0.0	True	40.0	0.0	0.005	"[30954877.36302559 30955166.36395612 30955456.36488985 30955746.36582359
 30956035.36675411 30956325.36768784 30956614.36861837 30956903.36954888
 30957195.37048906 30957484.37141958 30957772.37234688 30958062.37328061
 30958353.37421757 30958641.37514488 30958931.37607861 30959222.37701557
 30959511.37794609 30959801.37887983 30960090.37981035 30960380.38074408]"	0.0	0.0	0.0
2679.774326760193	2.0	trials	5.0	0.0	0.0	0.0	0.0	0.0	True	40.0	0.0	0.005	"[31024018.58564487 31024308.5865786  31024597.58750912 31024887.58844286
 31025177.5893766  31025466.59030712 31025755.59123763 31026045.59217137
 31026333.59309867 31026624.59403563 31026914.59496936 31027204.5959031
 31027494.59683684 31027783.59776736 31028073.5987011  31028363.59963483
 31028651.60056214 31028942.6014991  31029231.60242961 31029521.60336335]"	0.0	0.0	0.0
2687.2264371543693	2.0	trials	5.0	0.0	0.0	0.0	0.0	0.0	True	40.0	0.0	0.005	"[31110269.86335468 31110558.8642852  31110848.86521894 31111138.86615268
 31111426.86707997 31111717.86801693 31112007.86895067 31112297.86988441
 31112585.87081171 31112875.87174544 31113164.87267597 31113455.87361292
 31113745.87454666 31114034.87547718 31114324.87641092 31114612.87733822
 31114903.87827517 31115192.87920569 31115483.88014265 31115773.88107639]"	0.0	0.0	0.0
2694.3668153448352	2.0	trials	5.0	0.0	0.0	0.0	0.0	0.0	True	40.0	0.0	0.005	"[31192913.12944751 31193203.13038125 31193492.13131176 31193782.13224551
 31194072.13317924 31194361.13410976 31194650.13504028 31194941.13597723
 31195229.13690453 31195519.13783827 31195809.13877201 31196099.13970575
 31196389.14063949 31196678.14157001 31196967.14250052 31197257.14343427
 31197548.14437123 31197836.14529852 31198127.14623548 31198416.14716599]"	0.0	0.0	0.0
2699.9735021971487	2.0	trials	5.0	0.0	0.0	0.0	0.0	0.0	True	40.0	0.0	0.005	"[31257805.33838591 31258095.33931965 31258384.34025016 31258674.3411839
 31258964.34211764 31259253.34304816 31259543.3439819  31259833.34491563
 31260122.34584615 31260410.34677345 31260701.34771041 31260992.34864737
 31261280.34957466 31261570.3505084  31261860.35144214 31262149.35237266
 31262440.35330961 31262729.35424014 31263019.35517387 31263308.35610439]"	0.0	0.0	0.0
2706.88828926126	2.0	trials	5.0	0.0	0.0	0.0	0.0	0.0	True	40.0	0.0	0.005	"[31337837.59607187 31338126.59700239 31338415.5979329  31338705.59886665
 31338995.59980039 31339285.60073413 31339575.60166786 31339865.6026016
 31340153.6035289  31340443.60446263 31340734.60539959 31341022.60632689
 31341313.60726384 31341602.60819437 31341892.60912811 31342181.61005862
 31342471.61099236 31342761.6119261  31343050.61285662 31343339.61378714]"	0.0	0.0	0.0
2712.1084212689507	2.0	trials	5.0	0.0	0.0	0.0	0.0	0.0	True	40.0	0.0	0.005	"[31398254.79060172 31398545.79153868 31398835.79247242 31399123.79339972
 31399414.79433668 31399702.79526397 31399992.79619771 31400282.79713145
 31400571.79806197 31400861.7989957  31401151.79992944 31401440.80085997
 31401730.8017937  31402020.80272744 31402310.80366118 31402598.80458848
 31402888.80552221 31403179.80645917 31403467.80738647 31403757.80832021]"	0.0	0.0	0.0
2717.4986754243973	2.0	trials	5.0	0.0	0.0	0.0	0.0	0.0	True	40.0	0.0	0.005	"[31460641.99147455 31460930.99240507 31461220.9933388  31461510.99427254
 31461799.99520307 31462090.99614003 31462379.99707054 31462668.99800105
 31462957.99893158 31463247.99986532 31463538.00079905 31463829.00173601
 31464117.00266331 31464409.00360348 31464697.00453079 31464986.0054613
 31465276.00639504 31465566.00732878 31465855.0082593  31466145.00919304]"	0.0	0.0	0.0
2722.8547150696813	2.0	trials	5.0	0.0	0.0	0.0	0.0	0.0	True	40.0	0.0	0.005	"[31522633.19107235 31522922.19200287 31523213.19293982 31523502.19387034
 31523791.19480086 31524081.19573459 31524371.19666834 31524661.19760207
 31524951.19853581 31525241.19946955 31525530.20040006 31525819.20133059
 31526109.20226432 31526398.20319484 31526689.2041318  31526978.20506232
 31527267.20599284 31527558.2069298  31527847.20786031 31528137.20879405]"	0.0	0.0	0.0
2730.5160005373555	2.0	trials	5.0	0.0	0.0	0.0	0.0	0.0	True	40.0	0.0	0.005	"[31611306.47658049 31611594.47750778 31611884.47844152 31612173.47937204
 31612464.480309   31612755.48124596 31613043.48217325 31613333.48310699
 31613622.48403751 31613912.48497126 31614202.48590499 31614491.48683551
 31614780.48776602 31615070.48869976 31615360.4896335  31615650.49056724
 31615940.49150097 31616230.49243471 31616519.49336524 31616809.49429897]"	0.0	0.0	0.0
2735.7664590426907	2.0	trials	5.0	0.0	0.0	0.0	0.0	0.0	True	40.0	0.0	0.005	"[31672075.6722437  31672363.673171   31672653.67410474 31672943.67503848
 31673233.67597221 31673523.67690595 31673812.67783647 31674101.67876699
 31674392.67970395 31674681.68063447 31674970.68156498 31675259.6824955
 31675549.68342924 31675840.6843662  31676130.68529994 31676419.68623045
 31676709.68716419 31676998.68809471 31677288.68902845 31677577.68995897]"	0.0	0.0	0.0
2741.880747529371	2.0	trials	5.0	0.0	0.0	0.0	0.0	0.0	True	40.0	0.0	0.005	"[31742842.90009834 31743131.90102886 31743420.90195939 31743710.90289312
 31744001.90383008 31744289.90475738 31744579.90569111 31744868.90662163
 31745158.90755537 31745449.90849233 31745737.90941962 31746027.91035337
 31746317.9112871  31746606.91221762 31746896.91315136 31747186.91408509
 31747475.91501562 31747765.91594935 31748055.91688309 31748345.91781683]"	0.0	0.0	0.0
2750.6951311097705	2.0	trials	5.0	0.0	0.0	0.0	0.0	0.0	True	40.0	0.0	0.005	"[31844861.22857454 31845151.22950828 31845440.2304388  31845729.23136931
 31846020.23230627 31846310.23324001 31846598.23416731 31846888.23510104
 31847179.236038   31847468.23696852 31847757.23789904 31848047.23883278
 31848336.23976329 31848626.24069704 31848917.24163399 31849206.24256451
 31849496.24349825 31849786.24443198 31850075.24536251 31850363.2462898 ]"	0.0	0.0	0.0
2756.9406616190217	2.0	trials	5.0	0.0	0.0	0.0	0.0	0.0	True	40.0	0.0	0.005	"[31917146.46131681 31917436.46225055 31917726.46318429 31918015.46411481
 31918305.46504855 31918594.46597907 31918884.46691281 31919174.46784654
 31919464.46878028 31919754.46971402 31920042.47064132 31920332.47157506
 31920622.4725088  31920912.47344253 31921201.47437305 31921490.47530357
 31921780.4762373  31922070.47717104 31922360.47810478 31922650.47903853]"	0.0	0.0	0.0
2764.944696990276	2.0	trials	5.0	0.0	0.0	0.0	0.0	0.0	True	40.0	0.0	0.005	"[32009785.75959463 32010076.76053159 32010365.76146211 32010654.76239263
 32010944.76332636 32011235.76426332 32011524.76519384 32011814.76612758
 32012104.76706132 32012392.76798862 32012682.76892235 32012972.76985609
 32013262.77078983 32013551.77172035 32013841.77265409 32014131.77358782
 32014421.77452156 32014710.77545208 32015000.77638582 32015290.77731956]"	0.0	0.0	0.0
2773.033836635548	2.0	trials	5.0	0.0	0.0	0.0	0.0	0.0	True	40.0	0.0	0.005	"[32103412.06105038 32103700.06197767 32103990.06291141 32104280.06384515
 32104570.06477889 32104859.0657094  32105148.06663993 32105438.06757367
 32105728.0685074  32106018.06944114 32106307.07037166 32106596.07130218
 32106886.07223592 32107177.07317288 32107466.07410339 32107755.07503391
 32108046.07597087 32108335.07690139 32108625.07783512 32108914.07876564]"	0.0	0.0	0.0
2780.184755659953	2.0	trials	5.0	0.0	0.0	0.0	0.0	0.0	True	40.0	0.0	0.005	"[32186175.32752958 32186465.32846332 32186754.32939384 32187045.33033079
 32187334.33126131 32187625.33219827 32187915.33313201 32188204.33406253
 32188494.33499626 32188783.33592678 32189073.33686052 32189362.33779104
 32189652.33872478 32189942.33965852 32190231.34058903 32190521.34152277
 32190811.34245651 32191100.34338703 32191389.34431754 32191679.34525128]"	0.0	0.0	0.0
2787.2997321686316	2.0	trials	5.0	0.0	0.0	0.0	0.0	0.0	True	40.0	0.0	0.005	"[32268524.59267579 32268814.59360953 32269103.59454004 32269394.595477
 32269683.59640753 32269972.59733804 32270261.59826856 32270551.5992023
 32270841.60013603 32271130.60106655 32271420.60200029 32271711.60293725
 32272000.60386777 32272290.60480151 32272579.60573202 32272868.60666255
 32273159.6075995  32273448.60853002 32273737.60946054 32274028.61039749]"	0.0	0.0	0.0
2796.1271621910378	2.0	trials	5.0	0.0	0.0	0.0	0.0	0.0	True	40.0	0.0	0.005	"[32370694.92164139 32370983.92257191 32371273.92350565 32371562.92443617
 32371852.9253699  32372143.92630687 32372432.92723738 32372721.9281679
 32373012.92910486 32373301.93003538 32373590.93096589 32373880.93189963
 32374169.93283015 32374460.93376711 32374749.93469763 32375039.93563136
 32375329.9365651  32375618.93749562 32375908.93842936 32376196.93935666]"	0.0	0.0	0.0
2801.5450644355055	2.0	trials	5.0	0.0	0.0	0.0	0.0	0.0	True	40.0	0.0	0.005	"[32433403.12354777 32433692.12447829 32433982.12541203 32434271.12634255
 32434560.12727306 32434849.12820359 32435140.12914054 32435430.13007428
 32435720.13100802 32436009.13193854 32436297.13286584 32436587.13379957
 32436877.13473331 32437167.13566705 32437458.13660401 32437746.13753131
 32438037.13846827 32438325.13939556 32438615.1403293  32438905.14126305]"	0.0	0.0	0.0
2808.7513660382306	2.0	trials	5.0	0.0	0.0	0.0	0.0	0.0	True	40.0	0.0	0.005	"[32516807.39209086 32517097.39302459 32517386.39395512 32517677.39489207
 32517965.39581937 32518256.39675633 32518545.39768685 32518836.39862381
 32519126.39955754 32519415.40048806 32519704.40141858 32519994.40235231
 32520284.40328605 32520572.40421336 32520863.40515031 32521152.40608083
 32521442.40701457 32521733.40795153 32522021.40887883 32522311.40981256]"	0.0	0.0	0.0
2814.6375577904887	2.0	trials	5.0	0.0	0.0	0.0	0.0	0.0	True	40.0	0.0	0.005	"[32584936.6114517  32585224.612379   32585514.61331274 32585804.61424648
 32586093.615177   32586383.61611073 32586672.61704125 32586961.61797177
 32587252.61890873 32587541.61983925 32587831.62077298 32588121.62170672
 32588410.62263725 32588700.62357098 32588989.6245015  32589278.62543202
 32589569.62636897 32589858.6272995  32590147.62823001 32590438.62916697]"	0.0	0.0	0.0
2821.0283271673775	2.0	trials	5.0	0.0	0.0	0.0	0.0	0.0	True	40.0	0.0	0.005	"[32658902.84960644 32659191.85053696 32659481.8514707  32659771.85240444
 32660060.85333496 32660350.85426869 32660640.85520244 32660929.85613295
 32661219.85706669 32661508.85799721 32661799.85893416 32662087.85986146
 32662377.8607952  32662666.86172572 32662957.86266268 32663246.8635932
 32663536.86452693 32663826.86546067 32664116.86639441 32664405.86732493]"	0.0	0.0	0.0
2826.85369312379	2.0	trials	5.0	0.0	0.0	0.0	0.0	0.0	True	40.0	0.0	0.005	"[32726326.06669411 32726617.06763107 32726906.06856159 32727195.06949211
 32727484.07042263 32727774.07135637 32728064.07229011 32728354.07322385
 32728643.07415436 32728932.07508488 32729221.0760154  32729512.07695236
 32729802.0778861  32730092.07881983 32730381.07975035 32730671.08068409
 32730960.08161461 32731250.08254835 32731539.08347887 32731830.08441582]"	0.0	0.0	0.0
2835.610620519193	2.0	trials	5.0	0.0	0.0	0.0	0.0	0.0	True	40.0	0.0	0.005	"[32827679.39302915 32827969.39396289 32828258.39489341 32828549.39583037
 32828838.39676089 32829127.39769141 32829418.39862836 32829707.39955888
 32829997.40049262 32830286.40142314 32830576.40235688 32830865.40328739
 32831155.40422113 32831445.40515487 32831734.40608539 32832023.40701591
 32832313.40794965 32832603.40888338 32832892.40981391 32833183.41075086]"	0.0	0.0	0.0
2844.109556683921	2.0	trials	5.0	0.0	0.0	0.0	0.0	0.0	True	40.0	0.0	0.005	"[32926046.70974991 32926335.71068043 32926626.71161738 32926914.71254468
 32927203.7134752  32927495.71441538 32927784.7153459  32928074.71627963
 32928363.71721015 32928652.71814067 32928942.71907441 32929231.72000493
 32929521.72093867 32929811.7218724  32930100.72280292 32930390.72373667
 32930679.72466718 32930969.72560092 32931260.72653788 32931548.72746518]"	0.0	0.0	0.0
2850.063831855393	2.0	trials	5.0	0.0	0.0	0.0	0.0	0.0	True	40.0	0.0	0.005	"[32994961.9316415  32995250.93257202 32995539.93350254 32995830.9344395
 32996118.93536679 32996409.93630375 32996699.93723749 32996987.93816479
 32997277.93909853 32997566.94002905 32997856.94096279 32998147.94189975
 32998436.94283026 32998726.943764   32999015.94469452 32999305.94562826
 32999594.94655878 32999884.94749251 33000174.94842625 33000463.94935677]"	0.0	0.0	0.0
2855.363538519296	2.0	trials	5.0	0.0	0.0	0.0	0.0	0.0	True	40.0	0.0	0.005	"[33056300.12913678 33056590.13007051 33056880.13100426 33057169.13193478
 33057460.13287172 33057750.13380547 33058038.13473277 33058328.1356665
 33058618.13660024 33058907.13753076 33059197.1384645  33059487.13939824
 33059776.14032876 33060066.1412625  33060357.14219945 33060645.14312675
 33060935.14406049 33061224.14499101 33061514.14592474 33061804.14685848]"	0.0	0.0	0.0
2861.599737798503	2.0	trials	5.0	0.0	0.0	0.0	0.0	0.0	True	40.0	0.0	0.005	"[33128479.36153776 33128769.3624715  33129058.36340201 33129348.36433575
 33129638.36526949 33129927.36620001 33130218.36713697 33130506.36806427
 33130796.36899801 33131086.36993175 33131374.37085904 33131665.371796
 33131955.37272974 33132243.37365704 33132534.37459399 33132823.37552451
 33133113.37645825 33133402.37738877 33133693.37832573 33133982.37925624]"	0.0	0.0	0.0
2866.7441831624988	2.0	trials	5.0	0.0	0.0	0.0	0.0	0.0	True	40.0	0.0	0.005	"[33188020.55324708 33188309.5541776  33188600.55511455 33188890.55604829
 33189179.55697881 33189468.55790932 33189758.55884307 33190048.55977681
 33190338.56071054 33190627.56164106 33190917.5625748  33191207.56350854
 33191495.56443583 33191786.56537279 33192075.56630331 33192364.56723383
 33192654.56816757 33192944.5691013  33193234.57003504 33193523.57096557]"	0.0	0.0	0.0
2872.0038000973227	2.0	trials	5.0	0.0	0.0	0.0	0.0	0.0	True	40.0	0.0	0.005	"[33248895.74925159 33249186.75018855 33249475.75111906 33249765.7520528
 33250055.75298654 33250344.75391706 33250634.7548508  33250924.75578453
 33251214.75671827 33251503.75764879 33251792.75857931 33252082.75951305
 33252372.76044678 33252661.7613773  33252951.76231105 33253241.76324478
 33253530.7641753  33253820.76510904 33254109.76603955 33254399.76697329]"	0.0	0.0	0.0
2877.847828513824	2.0	trials	5.0	0.0	0.0	0.0	0.0	0.0	True	40.0	0.0	0.005	"[33316534.96703474 33316825.96797169 33317114.96890222 33317403.96983273
 33317693.97076647 33317983.97170021 33318273.97263394 33318563.97356768
 33318851.97449499 33319141.97542872 33319431.97636246 33319722.97729941
 33320011.97822994 33320300.97916046 33320590.98009419 33320879.98102471
 33321170.98196167 33321459.98289219 33321749.98382593 33322039.98475966]"	0.0	0.0	0.0
2884.0817813857975	2.0	trials	5.0	0.0	0.0	0.0	0.0	0.0	True	40.0	0.0	0.005	"[33388688.199352   33388978.20028574 33389268.20121948 33389557.20214999
 33389846.20308052 33390136.20401426 33390426.20494799 33390716.20588173
 33391005.20681225 33391295.20774599 33391586.20868295 33391873.20960702
 33392164.21054398 33392454.21147772 33392742.21240502 33393032.21333876
 33393322.2142725  33393611.21520301 33393902.21613997 33394191.21707049]"	0.0	0.0	0.0
2892.643876153882	2.0	trials	5.0	0.0	0.0	0.0	0.0	0.0	True	40.0	0.0	0.005	"[33487786.51842642 33488076.51936016 33488364.52028746 33488655.52122442
 33488944.52215493 33489234.52308867 33489524.52402241 33489813.52495293
 33490102.52588344 33490392.52681718 33490682.52775092 33490972.52868466
 33491262.5296184  33491550.5305457  33491840.53147944 33492129.53240996
 33492419.53334369 33492710.53428065 33492999.53521117 33493288.53614169]"	0.0	0.0	0.0
2898.7099532853317	2.0	trials	5.0	0.0	0.0	0.0	0.0	0.0	True	40.0	0.0	0.005	"[33557994.74448121 33558285.74541816 33558574.74634868 33558864.74728242
 33559153.74821293 33559443.74914668 33559732.75007719 33560022.75101092
 33560311.75194145 33560601.75287519 33560891.75380892 33561180.75473944
 33561469.75566997 33561761.75661014 33562049.75753744 33562339.75847118
 33562628.75940169 33562919.76033866 33563208.76126917 33563497.76219968]"	0.0	0.0	0.0
2906.41590769683	2.0	trials	5.0	0.0	0.0	0.0	0.0	0.0	True	40.0	0.0	0.005	"[33647184.03165076 33647474.0325845  33647764.03351823 33648054.03445197
 33648344.03538571 33648633.03631623 33648923.03724996 33649211.03817727
 33649502.03911422 33649792.04004796 33650082.0409817  33650371.04191221
 33650661.04284595 33650950.04377647 33651240.04471021 33651529.04564072
 33651819.04657447 33652109.0475082  33652399.04844195 33652688.04937246]"	0.0	0.0	0.0
2913.8484052278573	2.0	trials	5.0	0.0	0.0	0.0	0.0	0.0	True	40.0	0.0	0.005	"[33733208.30862968 33733499.30956664 33733787.31049394 33734078.31143089
 33734366.31235819 33734656.31329193 33734945.31422245 33735236.3151594
 33735524.31608671 33735814.31702045 33736104.31795418 33736394.31888792
 33736683.31981844 33736973.32075218 33737263.32168592 33737553.32261965
 33737842.32355017 33738132.32448392 33738421.32541443 33738711.32634816]"	0.0	0.0	0.0
2921.0903037451967	2.0	trials	5.0	0.0	0.0	0.0	0.0	0.0	True	40.0	0.0	0.005	"[33817027.57850898 33817316.5794395  33817606.58037324 33817896.58130697
 33818186.58224072 33818476.58317444 33818764.58410175 33819054.58503548
 33819344.58596922 33819634.58690296 33819923.58783348 33820214.58877044
 33820502.58969773 33820792.59063148 33821082.59156521 33821373.59250217
 33821661.59342947 33821950.59435999 33822241.59529695 33822530.59622747]"	0.0	0.0	0.0
2927.5340364926165	2.0	trials	5.0	0.0	0.0	0.0	0.0	0.0	True	40.0	0.0	0.005	"[33891607.81864066 33891895.81956796 33892186.82050493 33892476.82143866
 33892765.82236918 33893055.82330292 33893344.82423344 33893634.82516717
 33893924.82610092 33894213.82703143 33894503.82796517 33894793.82889891
 33895084.82983586 33895373.83076639 33895662.8316969  33895951.83262742
 33896241.83356115 33896530.83449168 33896820.83542541 33897110.83635915]"	0.0	0.0	0.0
2936.1625730746287	2.0	trials	5.0	0.0	0.0	0.0	0.0	0.0	True	40.0	0.0	0.005	"[33991475.1401911  33991764.14112162 33992054.14205536 33992344.1429891
 33992634.14392283 33992924.14485657 33993213.14578709 33993502.14671761
 33993791.14764813 33994081.14858186 33994370.14951238 33994661.15044934
 33994950.15137986 33995240.15231359 33995530.15324733 33995819.15417785
 33996110.15511481 33996398.15604211 33996689.15697906 33996977.15790637]"	0.0	0.0	0.0
2942.462276558305	2.0	trials	5.0	0.0	0.0	0.0	0.0	0.0	True	40.0	0.0	0.005	"[34064387.37495218 34064676.3758827  34064966.37681644 34065256.37775017
 34065546.37868392 34065836.37961765 34066126.38055139 34066415.38148191
 34066704.38241243 34066995.38334939 34067284.38427991 34067574.38521365
 34067863.38614416 34068153.3870779  34068442.38800842 34068733.38894538
 34069022.3898759  34069312.39080963 34069600.39173693 34069890.39267067]"	0.0	0.0	0.0
2948.7923065396258	2.0	trials	5.0	0.0	0.0	0.0	0.0	0.0	True	40.0	0.0	0.005	"[34137651.61084663 34137942.61178359 34138231.61271411 34138520.61364463
 34138810.61457837 34139100.6155121  34139389.61644262 34139679.61737636
 34139969.6183101  34140259.61924384 34140547.62017113 34140838.62110809
 34141128.62204183 34141417.62297235 34141707.62390608 34141995.62483339
 34142285.62576713 34142575.62670086 34142866.62763783 34143154.62856512]"	0.0	0.0	0.0
2955.0683363470775	2.0	trials	5.0	0.0	0.0	0.0	0.0	0.0	True	40.0	0.0	0.005	"[34210291.84473193 34210579.84565923 34210870.8465962  34211160.84752993
 34211448.84845723 34211738.84939096 34212029.85032792 34212317.85125522
 34212607.85218897 34212896.85311948 34213187.85405644 34213476.85498696
 34213766.85592069 34214056.85685444 34214345.85778495 34214634.85871547
 34214926.85965565 34215214.86058295 34215503.86151347 34215794.86245042]"	0.0	0.0	0.0
2961.7887227852616	2.0	trials	5.0	0.0	0.0	0.0	0.0	0.0	True	40.0	0.0	0.005	"[34288073.09517016 34288363.0961039  34288653.09703764 34288942.09796815
 34289232.0989019  34289522.09983563 34289812.10076937 34290101.10169989
 34290391.10263363 34290680.10356415 34290970.10449788 34291259.1054284
 34291549.10636213 34291839.10729588 34292129.10822961 34292419.10916335
 34292708.11009387 34292996.11102117 34293288.11196135 34293578.11289509]"	0.0	0.0	0.0
2969.404993707999	2.0	trials	5.0	0.0	0.0	0.0	0.0	0.0	True	40.0	0.0	0.005	"[34376224.37899757 34376514.37993131 34376803.38086183 34377092.38179235
 34377382.38272609 34377673.38366304 34377963.38459678 34378251.38552408
 34378542.38646104 34378831.38739156 34379120.38832207 34379411.38925903
 34379700.39018955 34379990.39112329 34380279.39205381 34380568.39298433
 34380858.39391806 34381148.3948518  34381437.39578232 34381727.39671606]"	0.0	0.0	0.0
2974.9829092676746	2.0	trials	5.0	0.0	0.0	0.0	0.0	0.0	True	40.0	0.0	0.005	"[34440783.58686378 34441074.58780074 34441363.58873126 34441653.589665
 34441942.59059551 34442232.59152925 34442521.59245977 34442811.59339351
 34443101.59432724 34443390.59525777 34443679.59618828 34443970.59712524
 34444258.59805254 34444548.59898628 34444838.59992002 34445128.60085375
 34445417.60178427 34445708.60272123 34445997.60365175 34446287.60458548]"	0.0	0.0	0.0
2981.0551208188767	2.0	trials	5.0	0.0	0.0	0.0	0.0	0.0	True	40.0	0.0	0.005	"[34511063.81315038 34511353.81408413 34511641.81501143 34511932.81594838
 34512221.81687889 34512512.81781586 34512801.81874637 34513091.81968012
 34513380.82061063 34513670.82154437 34513960.82247811 34514250.82341184
 34514538.82433914 34514830.82527933 34515119.82620984 34515408.82714036
 34515697.82807088 34515988.82900783 34516278.82994157 34516566.83086887]"	0.0	0.0	0.0
2990.1147947890577	2.0	trials	5.0	0.0	0.0	0.0	0.0	0.0	True	40.0	0.0	0.005	"[34615922.15077078 34616211.15170129 34616501.15263503 34616791.15356877
 34617080.15449929 34617370.15543302 34617660.15636677 34617949.15729728
 34618238.1582278  34618528.15916154 34618818.16009527 34619107.16102579
 34619397.16195953 34619687.16289327 34619976.16382379 34620265.16475431
 34620555.16568805 34620846.166625   34621134.1675523  34621424.16848604]"	0.0	0.0	0.0
3017.3472120715232	2.0	trials	6.0	0.0	0.0	0.0	0.0	0.0	True	40.0	0.0	0.005	"[34931113.16561533 34931401.16654262 34931691.16747637 34931981.1684101
 34932270.16934062 34932560.17027436 34932849.17120488 34933139.17213862
 34933429.17307235 34933719.17400609 34934008.17493661 34934298.17587035
 34934588.17680409 34934878.17773782 34935167.17866834 34935457.17960209
 34935746.1805326  34936036.18146633 34936326.18240008 34936615.1833306 ]"	0.0	0.0	0.0
3026.365413908174	2.0	trials	6.0	0.0	0.0	0.0	0.0	0.0	True	40.0	0.0	0.005	"[35035489.50168378 35035779.50261752 35036068.50354804 35036358.50448178
 35036648.50541551 35036938.50634925 35037226.50727655 35037516.50821029
 35037806.50914402 35038095.51007454 35038386.5110115  35038674.5119388
 35038964.51287254 35039253.51380306 35039544.51474001 35039833.51567054
 35040123.51660427 35040413.51753801 35040703.51847175 35040992.51940227]"	0.0	0.0	0.0
3034.0151217385705	2.0	trials	6.0	0.0	0.0	0.0	0.0	0.0	True	40.0	0.0	0.005	"[35124026.78675403 35124317.78769099 35124606.78862151 35124895.78955203
 35125185.79048576 35125475.7914195  35125763.7923468  35126054.79328375
 35126344.7942175  35126634.79515123 35126923.79608175 35127213.79701549
 35127503.79794922 35127792.79887975 35128082.79981349 35128371.800744
 35128662.80168096 35128950.80260826 35129241.80354521 35129530.80447573]"	0.0	0.0	0.0
3042.4276576251073	2.0	trials	6.0	0.0	0.0	0.0	0.0	0.0	True	40.0	0.0	0.005	"[35221394.100255   35221683.10118552 35221974.10212247 35222264.10305621
 35222553.10398673 35222844.10492369 35223132.10585099 35223422.10678472
 35223712.10771847 35224001.10864898 35224291.10958271 35224581.11051646
 35224870.11144698 35225160.11238071 35225450.11331445 35225738.11424175
 35226028.11517549 35226318.11610923 35226608.11704296 35226897.11797348]"	0.0	0.0	0.0
3050.755434838741	2.0	trials	6.0	0.0	0.0	0.0	0.0	0.0	True	40.0	0.0	0.005	"[35317781.41060057 35318070.41153109 35318359.41246161 35318649.41339535
 35318940.41433231 35319228.4152596  35319519.41619656 35319808.41712708
 35320098.41806082 35320388.41899456 35320677.41992507 35320966.4208556
 35321257.42179255 35321546.42272307 35321835.42365358 35322125.42458733
 35322415.42552106 35322705.4264548  35322995.42738854 35323284.42831905]"	0.0	0.0	0.0
3055.9575955885675	2.0	trials	6.0	0.0	0.0	0.0	0.0	0.0	True	40.0	0.0	0.005	"[35377990.60446071 35378280.60539445 35378570.60632819 35378860.60726193
 35379148.60818922 35379438.60912296 35379728.6100567  35380018.61099043
 35380307.61192095 35380597.61285469 35380886.61378521 35381176.61471895
 35381466.61565269 35381756.61658642 35382045.61751694 35382334.61844746
 35382624.6193812  35382914.62031493 35383204.62124867 35383493.6221792 ]"	0.0	0.0	0.0
3062.720231762786	2.0	trials	6.0	0.0	0.0	0.0	0.0	0.0	True	40.0	0.0	0.005	"[35456261.85647663 35456552.85741359 35456841.85834411 35457130.85927462
 35457420.86020836 35457709.86113888 35457999.86207262 35458289.86300635
 35458578.86393688 35458868.86487062 35459159.86580757 35459447.86673487
 35459738.86767182 35460026.86859912 35460316.86953286 35460606.8704666
 35460896.87140034 35461185.87233086 35461475.8732646  35461765.87419833]"	0.0	0.0	0.0
3071.431626211584	2.0	trials	6.0	0.0	0.0	0.0	0.0	0.0	True	40.0	0.0	0.005	"[35557089.18111806 35557379.18205179 35557668.18298231 35557957.18391284
 35558247.18484657 35558537.18578031 35558826.18671083 35559116.18764456
 35559406.18857831 35559695.18950882 35559985.19044255 35560275.1913763
 35560565.19231003 35560854.19324055 35561144.19417429 35561433.19510481
 35561723.19603855 35562013.19697229 35562302.1979028  35562593.19883976]"	0.0	0.0	0.0
3077.389702995296	2.0	trials	6.0	0.0	0.0	0.0	0.0	0.0	True	40.0	0.0	0.005	"[35626047.40314811 35626337.40408184 35626627.40501558 35626916.4059461
 35627206.40687983 35627497.4078168  35627785.40874409 35628075.40967783
 35628365.41061157 35628655.41154531 35628943.41247261 35629234.41340956
 35629523.41434009 35629813.41527382 35630103.41620756 35630393.4171413
 35630682.41807182 35630971.41900233 35631261.41993608 35631552.42087303]"	0.0	0.0	0.0
3083.360048618511	2.0	trials	6.0	0.0	0.0	0.0	0.0	0.0	True	40.0	0.0	0.005	"[35695149.6256418  35695438.62657232 35695728.62750606 35696018.62843979
 35696308.62937354 35696597.63030405 35696888.63124102 35697176.63216831
 35697466.63310204 35697756.63403579 35698045.63496631 35698335.63590004
 35698625.63683378 35698915.63776752 35699204.63869803 35699494.63963178
 35699784.64056551 35700072.64149281 35700362.64242655 35700652.64336029]"	0.0	0.0	0.0
3090.8917336689005	2.0	trials	6.0	0.0	0.0	0.0	0.0	0.0	True	40.0	0.0	0.005	"[35782320.90631382 35782610.90724756 35782899.90817808 35783189.90911181
 35783477.91003912 35783769.91097929 35784057.91190659 35784348.91284356
 35784637.91377407 35784927.91470781 35785217.91564155 35785506.91657206
 35785795.91750257 35786086.91843954 35786375.91937006 35786665.9203038
 35786954.92123432 35787244.92216805 35787533.92309857 35787823.92403231]"	0.0	0.0	0.0
3096.421956275015	2.0	trials	6.0	0.0	0.0	0.0	0.0	0.0	True	40.0	0.0	0.005	"[35846329.11240593 35846618.11333645 35846907.11426696 35847197.11520071
 35847487.11613444 35847776.11706496 35848066.1179987  35848356.11893243
 35848646.11986618 35848935.12079669 35849224.12172721 35849514.12266094
 35849804.12359469 35850094.12452842 35850383.12545895 35850674.1263959
 35850963.12732641 35851252.12825694 35851542.12919068 35851832.13012442]"	0.0	0.0	0.0
3104.114777844229	2.0	trials	6.0	0.0	0.0	0.0	0.0	0.0	True	40.0	0.0	0.005	"[35935365.39908285 35935655.40001659 35935945.40095033 35936234.40188085
 35936523.40281136 35936813.4037451  35937104.40468206 35937394.4056158
 35937682.4065431  35937972.40747683 35938262.40841057 35938551.4093411
 35938840.41027161 35939131.41120857 35939420.41213909 35939709.41306961
 35939999.41400334 35940289.41493708 35940578.4158676  35940869.41680456]"	0.0	0.0	0.0
3111.7516120331757	2.0	trials	6.0	0.0	0.0	0.0	0.0	0.0	True	40.0	0.0	0.005	"[36023755.68367979 36024044.68461031 36024334.68554405 36024624.68647779
 36024914.68741152 36025202.68833882 36025493.68927578 36025782.6902063
 36026073.69114326 36026362.69207378 36026652.69300751 36026940.69393481
 36027230.69486855 36027519.69579908 36027809.69673281 36028100.69766977
 36028388.69859707 36028679.69953402 36028969.70046777 36029258.70139828]"	0.0	0.0	0.0
3118.6641526900544	2.0	trials	6.0	0.0	0.0	0.0	0.0	0.0	True	40.0	0.0	0.005	"[36103760.94127882 36104050.94221256 36104339.94314308 36104630.94408004
 36104918.94500734 36105208.94594108 36105497.94687159 36105787.94780533
 36106077.94873907 36106368.94967603 36106657.95060654 36106946.95153707
 36107236.9524708  36107526.95340454 36107815.95433506 36108105.9552688
 36108394.95619932 36108685.95713627 36108974.95806679 36109263.95899731]"	0.0	0.0	0.0
3126.278350006115	2.0	trials	6.0	0.0	0.0	0.0	0.0	0.0	True	40.0	0.0	0.005	"[36191889.22503218 36192178.2259627  36192467.22689322 36192757.22782695
 36193048.22876392 36193337.22969443 36193626.23062495 36193917.23156191
 36194206.23249242 36194495.23342295 36194786.23435991 36195075.23529042
 36195365.23622416 36195654.23715468 36195943.2380852  36196233.23901894
 36196523.23995268 36196814.24088963 36197103.24182015 36197391.24274745]"	0.0	0.0	0.0
3134.1432809294834	2.0	trials	6.0	0.0	0.0	0.0	0.0	0.0	True	40.0	0.0	0.005	"[36282918.51812615 36283207.51905666 36283496.51998717 36283786.52092092
 36284077.52185788 36284365.52278517 36284655.52371891 36284946.52465587
 36285234.52558317 36285525.52652013 36285815.52745386 36286103.52838117
 36286393.5293149  36286682.53024542 36286972.53117915 36287262.53211289
 36287552.53304663 36287842.53398037 36288132.53491411 36288420.53584141]"	0.0	0.0	0.0
3143.1918956640566	2.0	trials	6.0	0.0	0.0	0.0	0.0	0.0	True	40.0	0.0	0.005	"[36387646.85532796 36387937.85626492 36388226.85719543 36388515.85812595
 36388805.85905969 36389095.85999343 36389384.86092395 36389675.8618609
 36389964.86279142 36390253.86372194 36390543.86465568 36390833.86558942
 36391122.86651994 36391412.86745367 36391701.8683842  36391992.86932115
 36392281.87025167 36392571.87118541 36392860.87211592 36393149.87304644]"	0.0	0.0	0.0
3149.864416348123	2.0	trials	6.0	0.0	0.0	0.0	0.0	0.0	True	40.0	0.0	0.005	"[36464875.10398564 36465165.10491938 36465455.10585312 36465744.10678364
 36466035.10772059 36466324.10865111 36466614.10958485 36466903.11051537
 36467193.11144911 36467482.11237962 36467772.11331336 36468062.1142471
 36468352.11518084 36468642.11611458 36468931.1170451  36469221.11797883
 36469510.11890935 36469799.11983987 36470089.12077361 36470379.12170735]"	0.0	0.0	0.0
3156.518533772935	2.0	trials	6.0	0.0	0.0	0.0	0.0	0.0	True	40.0	0.0	0.005	"[36541891.35196073 36542180.35289125 36542470.35382499 36542760.35475872
 36543049.35568924 36543339.35662298 36543629.35755672 36543917.35848401
 36544207.35941775 36544497.3603515  36544787.36128523 36545076.36221575
 36545365.36314628 36545656.36408322 36545945.36501374 36546235.36594748
 36546525.36688122 36546814.36781175 36547104.36874548 36547394.36967921]"	0.0	0.0	0.0
3163.2802195440936	2.0	trials	6.0	0.0	0.0	0.0	0.0	0.0	True	40.0	0.0	0.005	"[36620151.60394124 36620440.60487175 36620730.60580549 36621020.60673923
 36621308.60766653 36621599.60860348 36621889.60953722 36622178.61046774
 36622468.61140148 36622758.61233522 36623047.61326574 36623336.61419625
 36623627.61513321 36623916.61606373 36624206.61699747 36624495.61792798
 36624784.61885851 36625074.61979224 36625364.62072598 36625654.62165972]"	0.0	0.0	0.0
3171.0630702031817	2.0	trials	6.0	0.0	0.0	0.0	0.0	0.0	True	40.0	0.0	0.005	"[36710229.89397317 36710519.89490692 36710809.89584064 36711098.89677117
 36711388.89770491 36711678.89863864 36711967.89956916 36712258.90050612
 36712546.90143342 36712836.90236716 36713125.90329768 36713416.90423463
 36713704.90516193 36713995.90609889 36714285.90703263 36714574.90796315
 36714863.90889367 36715154.90983063 36715443.91076114 36715732.91169167]"	0.0	0.0	0.0
3178.7368837111926	2.0	trials	6.0	0.0	0.0	0.0	0.0	0.0	True	40.0	0.0	0.005	"[36799046.17994174 36799336.18087549 36799626.18180922 36799916.18274296
 36800206.1836767  36800495.18460722 36800785.18554095 36801075.18647469
 36801364.18740521 36801654.18833895 36801943.18926947 36802233.1902032
 36802522.19113373 36802813.19207069 36803101.19299798 36803392.19393494
 36803682.19486868 36803971.19579919 36804260.19672971 36804551.19766667]"	0.0	0.0	0.0
3184.658585977788	2.0	trials	6.0	0.0	0.0	0.0	0.0	0.0	True	40.0	0.0	0.005	"[36867586.40062592 36867876.40155966 36868165.40249018 36868455.40342391
 36868744.40435444 36869034.40528817 36869324.40622191 36869614.40715565
 36869903.40808617 36870193.40901991 36870482.40995042 36870772.41088416
 36871062.4118179  36871351.41274843 36871640.41367894 36871930.41461267
 36872220.41554642 36872509.41647694 36872799.41741067 36873089.41834441]"	0.0	0.0	0.0
3190.2027190286913	2.0	trials	6.0	0.0	0.0	0.0	0.0	0.0	True	40.0	0.0	0.005	"[36931754.60723319 36932043.60816371 36932332.60909423 36932623.61003118
 36932911.61095849 36933201.61189222 36933491.61282596 36933781.6137597
 36934071.61469344 36934360.61562395 36934649.61655448 36934939.61748821
 36935229.61842195 36935519.61935569 36935808.6202862  36936098.62121995
 36936388.62215368 36936678.62308742 36936967.62401794 36937256.62494846]"	0.0	0.0	0.0
3198.248658534868	2.0	trials	6.0	0.0	0.0	0.0	0.0	0.0	True	40.0	0.0	0.005	"[37024877.90706939 37025167.90800312 37025457.90893686 37025747.9098706
 37026036.91080112 37026325.91173164 37026615.91266537 37026904.91359589
 37027194.91452963 37027484.91546337 37027773.91639388 37028063.91732762
 37028353.91826136 37028643.9191951  37028933.92012884 37029222.92105936
 37029511.92198988 37029802.92292684 37030091.92385735 37030381.92479109]"	0.0	0.0	0.0
3206.3164573114273	2.0	trials	6.0	0.0	0.0	0.0	0.0	0.0	True	40.0	0.0	0.005	"[37118255.2077234  37118546.20866036 37118836.2095941  37119125.21052462
 37119414.21145514 37119705.21239209 37119994.21332261 37120284.21425635
 37120572.21518365 37120863.21612061 37121153.21705434 37121442.21798486
 37121731.21891538 37122021.21984912 37122311.22078285 37122601.2217166
 37122890.22264712 37123180.22358085 37123470.22451459 37123759.22544511]"	0.0	0.0	0.0
3215.0367509888774	2.0	trials	6.0	0.0	0.0	0.0	0.0	0.0	True	40.0	0.0	0.005	"[37219185.53269647 37219474.53362699 37219764.53456073 37220053.53549125
 37220342.53642176 37220632.5373555  37220922.53828924 37221211.53921976
 37221502.54015671 37221792.54109045 37222081.54202097 37222371.54295471
 37222660.54388523 37222949.54481574 37223239.54574949 37223529.54668322
 37223819.54761697 37224108.54854748 37224398.54948121 37224688.55041496]"	0.0	0.0	0.0
3220.5147878269654	2.0	trials	6.0	0.0	0.0	0.0	0.0	0.0	True	40.0	0.0	0.005	"[37282588.7368406  37282877.73777112 37283168.73870808 37283456.73963538
 37283747.74057234 37284036.74150285 37284326.7424366  37284615.74336711
 37284905.74430085 37285196.7452378  37285484.7461651  37285774.74709884
 37286064.74803258 37286353.7489631  37286643.74989683 37286933.75083058
 37287222.75176109 37287512.75269484 37287801.75362535 37288091.75455908]"	0.0	0.0	0.0
3228.4292261097366	2.0	trials	6.0	0.0	0.0	0.0	0.0	0.0	True	40.0	0.0	0.005	"[37374191.0317795  37374480.03271002 37374769.03364054 37375060.0345775
 37375349.03550801 37375640.03644497 37375929.03737549 37376219.03830923
 37376508.03923974 37376798.04017348 37377087.041104   37377377.04203774
 37377667.04297148 37377956.04390199 37378245.04483251 37378536.04576948
 37378825.04669999 37379115.04763372 37379404.04856426 37379694.04949798]"	0.0	0.0	0.0
3235.2085375376464	2.0	trials	6.0	0.0	0.0	0.0	0.0	0.0	True	40.0	0.0	0.005	"[37452655.28441683 37452944.28534736 37453233.28627788 37453524.28721483
 37453813.28814536 37454104.2890823  37454392.2900096  37454682.29094335
 37454972.29187708 37455262.29281083 37455552.29374456 37455841.29467507
 37456130.2956056  37456419.29653612 37456710.29747307 37457000.29840681
 37457289.29933733 37457579.30027107 37457868.30120159 37458158.30213533]"	0.0	0.0	0.0
3241.4790377272943	2.0	trials	6.0	0.0	0.0	0.0	0.0	0.0	True	40.0	0.0	0.005	"[37525228.51808642 37525518.51902016 37525809.51995711 37526098.52088763
 37526387.52181815 37526677.52275189 37526966.5236824  37527257.52461936
 37527546.52554988 37527836.52648362 37528125.52741414 37528416.52835109
 37528704.5292784  37528995.53021535 37529283.53114265 37529574.53207961
 37529863.53301013 37530153.53394386 37530442.53487438 37530732.53580812]"	0.0	0.0	0.0
3247.203228957946	2.0	trials	6.0	0.0	0.0	0.0	0.0	0.0	True	40.0	0.0	0.005	"[37591482.73141016 37591770.73233746 37592060.7332712  37592351.73420816
 37592640.73513867 37592929.73606919 37593220.73700614 37593510.73793989
 37593799.7388704  37594089.73980414 37594378.74073466 37594668.7416684
 37594957.74259892 37595247.74353266 37595536.74446318 37595825.74539369
 37596115.74632744 37596406.74726439 37596694.74819169 37596985.74912865]"	0.0	0.0	0.0
3253.2930661658984	2.0	trials	6.0	0.0	0.0	0.0	0.0	0.0	True	40.0	0.0	0.005	"[37661965.95835038 37662255.95928412 37662545.96021786 37662835.9611516
 37663125.96208533 37663414.96301585 37663703.96394637 37663993.96488011
 37664283.96581385 37664572.96674437 37664863.96768133 37665151.96860862
 37665442.96954558 37665731.9704761  37666021.97140984 37666311.97234357
 37666600.97327409 37666890.97420783 37667180.97514157 37667469.97607209]"	0.0	0.0	0.0
3261.2432741638404	2.0	trials	6.0	0.0	0.0	0.0	0.0	0.0	True	40.0	0.0	0.005	"[37753982.25462227 37754273.25555923 37754562.25648975 37754851.25742026
 37755141.258354   37755430.25928452 37755719.26021504 37756010.261152
 37756300.26208574 37756589.26301625 37756879.26394999 37757169.26488373
 37757458.26581424 37757748.26674799 37758037.26767851 37758327.26861224
 37758617.26954598 37758906.27047651 37759195.27140702 37759486.27234398]"	0.0	0.0	0.0
3268.7850680467777	2.0	trials	6.0	0.0	0.0	0.0	0.0	0.0	True	40.0	0.0	0.005	"[37841272.53567745 37841561.53660797 37841851.53754171 37842140.53847222
 37842430.53940596 37842720.5403397  37843009.54127022 37843299.54220396
 37843589.54313769 37843879.54407143 37844167.54499873 37844457.54593247
 37844747.5468662  37845037.54779994 37845326.54873046 37845616.5496642
 37845906.55059794 37846195.55152845 37846484.55245898 37846774.55339272]"	0.0	0.0	0.0
3276.5971219998937	2.0	trials	6.0	0.0	0.0	0.0	0.0	0.0	True	40.0	0.0	0.005	"[37931689.8268009  37931979.82773463 37932268.82866516 37932557.82959567
 37932848.83053263 37933137.83146315 37933426.83239367 37933716.83332741
 37934006.83426114 37934295.83519166 37934585.8361254  37934875.83705914
 37935164.83798965 37935455.83892661 37935744.83985713 37936033.84078765
 37936323.84172139 37936612.84265191 37936903.84358887 37937191.84451617]"	0.0	0.0	0.0
3283.1795271938076	2.0	trials	6.0	0.0	0.0	0.0	0.0	0.0	True	40.0	0.0	0.005	"[38007874.07209712 38008163.07302764 38008453.07396138 38008744.07489834
 38009033.07582885 38009322.07675938 38009612.07769311 38009901.07862363
 38010191.07955737 38010481.0804911  38010771.08142485 38011060.08235537
 38011349.08328588 38011639.08421962 38011929.08515336 38012218.08608387
 38012508.08701761 38012798.08795135 38013087.08888187 38013377.08981561]"	0.0	0.0	0.0
3290.457800228266	2.0	trials	6.0	0.0	0.0	0.0	0.0	0.0	True	40.0	0.0	0.005	"[38092114.34333195 38092404.34426569 38092693.3451962  38092983.34612995
 38093272.34706046 38093562.3479942  38093851.34892472 38094141.34985846
 38094430.35078898 38094720.35172272 38095010.35265645 38095299.35358696
 38095589.35452072 38095879.35545444 38096168.35638496 38096457.35731548
 38096748.35825244 38097037.35918296 38097327.3601167  38097616.36104722]"	0.0	0.0	0.0
3298.581413584535	2.0	trials	6.0	0.0	0.0	0.0	0.0	0.0	True	40.0	0.0	0.005	"[38186136.64606273 38186426.64699648 38186716.6479302  38187005.64886072
 38187295.64979447 38187584.65072498 38187874.65165872 38188164.65259246
 38188453.65352298 38188743.65445671 38189033.65539046 38189323.65632419
 38189613.65725793 38189901.65818523 38190191.65911897 38190480.66004948
 38190771.66098644 38191059.66191375 38191350.6628507  38191640.66378444]"	0.0	0.0	0.0
3306.80836167352	2.0	trials	6.0	0.0	0.0	0.0	0.0	0.0	True	40.0	0.0	0.005	"[38281356.95265082 38281645.95358133 38281935.95451507 38282223.95544238
 38282514.95637932 38282804.95731307 38283093.95824359 38283383.95917732
 38283672.96010784 38283962.96104158 38284252.96197532 38284541.96290583
 38284831.96383958 38285120.96477009 38285410.96570383 38285700.96663757
 38285990.9675713  38286279.96850183 38286570.96943878 38286858.97036608]"	0.0	0.0	0.0
3313.4616150955508	2.0	trials	6.0	0.0	0.0	0.0	0.0	0.0	True	40.0	0.0	0.005	"[38358361.20058727 38358651.20152101 38358941.20245474 38359231.20338848
 38359519.20431578 38359810.20525274 38360099.20618325 38360389.20711699
 38360679.20805073 38360969.20898447 38361257.20991177 38361547.21084551
 38361837.21177924 38362127.21271298 38362416.2136435  38362705.21457402
 38362995.21550776 38363285.2164415  38363575.21737523 38363864.21830575]"	0.0	0.0	0.0
3322.544703541121	2.0	trials	6.0	0.0	0.0	0.0	0.0	0.0	True	40.0	0.0	0.005	"[38463490.53908022 38463780.54001395 38464070.54094769 38464359.54187822
 38464648.54280873 38464937.54373925 38465227.54467299 38465516.54560351
 38465807.54654046 38466096.54747098 38466386.54840472 38466676.54933846
 38466965.55026898 38467256.55120593 38467544.55213323 38467834.55306697
 38468124.55400071 38468414.55493445 38468702.55586175 38468992.55679549]"	0.0	0.0	0.0
3327.9773802331597	2.0	trials	6.0	0.0	0.0	0.0	0.0	0.0	True	40.0	0.0	0.005	"[38526367.74153075 38526657.74246448 38526946.743395   38527237.74433196
 38527527.7452657  38527816.74619622 38528105.74712673 38528395.74806047
 38528685.74899421 38528974.74992473 38529263.75085524 38529553.75178899
 38529843.75272273 38530133.75365646 38530422.75458698 38530711.7555175
 38531001.75645123 38531291.75738497 38531581.75831871 38531870.75924923]"	0.0	0.0	0.0
3335.2602324823615	2.0	trials	6.0	0.0	0.0	0.0	0.0	0.0	True	40.0	0.0	0.005	"[38610660.012933   38610949.01386351 38611240.01480047 38611530.01573421
 38611818.01666151 38612108.01759525 38612398.01852898 38612689.01946595
 38612977.02039324 38613268.02133021 38613557.02226072 38613846.02319124
 38614136.02412497 38614426.02505872 38614715.02598923 38615005.02692298
 38615294.02785349 38615584.02878723 38615874.02972097 38616163.03065149]"	0.0	0.0	0.0
3341.3500696903134	2.0	trials	6.0	0.0	0.0	0.0	0.0	0.0	True	40.0	0.0	0.005	"[38681144.23987645 38681434.24081018 38681724.24174392 38682013.24267443
 38682303.24360817 38682593.24454191 38682881.24546921 38683171.24640295
 38683462.2473399  38683751.24827043 38684040.24920094 38684330.25013468
 38684621.25107164 38684910.25200216 38685199.25293268 38685489.25386641
 38685779.25480016 38686068.25573067 38686357.25666119 38686647.25759492]"	0.0	0.0	0.0
3350.1108850982355	2.0	trials	6.0	0.0	0.0	0.0	0.0	0.0	True	40.0	0.0	0.005	"[38782543.56635959 38782833.56729332 38783121.56822063 38783411.56915436
 38783701.5700881  38783989.5710154  38784280.57195236 38784570.57288609
 38784860.57381983 38785149.57475036 38785439.57568409 38785729.57661783
 38786017.57754512 38786307.57847887 38786597.5794126  38786886.58034312
 38787176.58127686 38787466.58221059 38787755.58314112 38788046.58407807]"	0.0	0.0	0.0
3357.801460260216	2.0	trials	6.0	0.0	0.0	0.0	0.0	0.0	True	40.0	0.0	0.005	"[38871553.85295279 38871844.85388976 38872132.85481706 38872423.85575402
 38872712.85668453 38873002.85761826 38873291.85854878 38873581.85948253
 38873872.86041949 38874161.86135    38874451.86228374 38874739.86321104
 38875029.86414478 38875320.86508173 38875609.86601226 38875899.86694599
 38876188.86787651 38876478.86881025 38876767.86974077 38877058.87067772]"	0.0	0.0	0.0
3364.264719470506	2.0	trials	6.0	0.0	0.0	0.0	0.0	0.0	True	40.0	0.0	0.005	"[38946361.09381538 38946650.0947459  38946939.09567641 38947229.09661015
 38947519.09754389 38947809.09847762 38948098.09940815 38948388.10034189
 38948677.1012724  38948968.10220936 38949258.1031431  38949546.1040704
 38949836.10500413 38950126.10593788 38950416.10687161 38950705.10780213
 38950995.10873587 38951286.10967283 38951575.11060335 38951864.11153387]"	0.0	0.0	0.0
3371.3920512189657	2.0	trials	6.0	0.0	0.0	0.0	0.0	0.0	True	40.0	0.0	0.005	"[39028853.35942202 39029142.36035254 39029431.36128305 39029722.36222001
 39030011.36315053 39030301.36408427 39030590.36501478 39030880.36594852
 39031169.36687905 39031459.36781278 39031750.36874975 39032039.36968026
 39032329.37061399 39032618.37154451 39032909.37248147 39033198.37341199
 39033487.37434251 39033777.37527625 39034067.37620998 39034356.37714051]"	0.0	0.0	0.0
3403.608727749663	2.0	trials	7.0	0.0	0.0	0.0	0.0	0.0	True	40.0	0.0	0.005	"[39401731.5600064  39402020.56093692 39402309.56186744 39402599.56280118
 39402889.56373492 39403179.56466866 39403468.56559917 39403758.56653291
 39404048.56746665 39404337.56839716 39404626.56932768 39404916.57026143
 39405206.57119516 39405495.57212568 39405785.57305942 39406075.57399316
 39406364.57492368 39406654.57585742 39406943.57678793 39407234.57772489]"	0.0	0.0	0.0
3411.9600922392415	2.0	trials	7.0	0.0	0.0	0.0	0.0	0.0	True	40.0	0.0	0.005	"[39498389.87122454 39498679.87215828 39498969.87309202 39499259.87402576
 39499548.87495627 39499837.8758868  39500127.87682053 39500417.87775427
 39500707.87868801 39500996.87961853 39501286.88055227 39501576.88148601
 39501865.88241652 39502155.88335025 39502444.88428078 39502734.88521452
 39503023.88614503 39503313.88707877 39503603.88801251 39503893.88894625]"	0.0	0.0	0.0
3417.4867724339506	2.0	trials	7.0	0.0	0.0	0.0	0.0	0.0	True	40.0	0.0	0.005	"[39562357.07718463 39562645.07811193 39562936.07904889 39563225.07997941
 39563515.08091315 39563804.08184367 39564093.08277418 39564383.08370792
 39564674.08464488 39564963.0855754  39565252.08650591 39565543.08744287
 39565832.08837339 39566122.08930714 39566411.09023765 39566700.09116817
 39566991.09210513 39567280.09303565 39567569.09396616 39567859.0948999 ]"	0.0	0.0	0.0
3425.510593468911	2.0	trials	7.0	0.0	0.0	0.0	0.0	0.0	True	40.0	0.0	0.005	"[39655224.37619656 39655514.3771303  39655803.37806082 39656094.37899777
 39656384.37993151 39656673.38086203 39656963.38179577 39657252.38272629
 39657542.38366003 39657832.38459377 39658121.38552428 39658411.38645802
 39658701.38739176 39658990.38832228 39659280.38925602 39659569.39018653
 39659858.39111705 39660149.39205401 39660439.39298775 39660728.39391826]"	0.0	0.0	0.0
3433.4099981032764	2.0	trials	7.0	0.0	0.0	0.0	0.0	0.0	True	40.0	0.0	0.005	"[39746652.67057522 39746942.67150896 39747232.67244269 39747521.67337321
 39747811.67430694 39748101.67524069 39748389.67616798 39748680.67710494
 39748970.67803868 39749258.67896598 39749548.67989972 39749838.68083345
 39750128.6817672  39750417.68269771 39750707.68363145 39750996.68456197
 39751286.6854957  39751576.68642945 39751866.68736318 39752155.6882937 ]"	0.0	0.0	0.0
3439.9506719628253	2.0	trials	7.0	0.0	0.0	0.0	0.0	0.0	True	40.0	0.0	0.005	"[39822354.91431951 39822645.91525646 39822933.91618376 39823224.91712072
 39823512.91804802 39823803.91898498 39824093.91991871 39824381.92084602
 39824671.92177975 39824961.92271349 39825251.92364722 39825540.92457775
 39825830.92551148 39826120.92644522 39826409.92737574 39826699.92830948
 39826989.92924322 39827278.93017373 39827568.93110747 39827857.93203799]"	0.0	0.0	0.0
3446.1482503176803	2.0	trials	7.0	0.0	0.0	0.0	0.0	0.0	True	40.0	0.0	0.005	"[39894087.14528124 39894377.14621498 39894666.14714549 39894956.14807924
 39895245.14900975 39895535.14994349 39895825.15087723 39896114.15180775
 39896403.15273827 39896693.153672   39896983.15460574 39897273.15553948
 39897563.15647322 39897852.15740374 39898142.15833747 39898432.15927121
 39898721.16020174 39899011.16113547 39899300.16206598 39899589.16299651]"	0.0	0.0	0.0
3454.398094480386	2.0	trials	7.0	0.0	0.0	0.0	0.0	0.0	True	40.0	0.0	0.005	"[39989571.45271935 39989860.45364986 39990150.45458361 39990440.45551734
 39990730.45645109 39991020.45738482 39991308.45831212 39991598.45924586
 39991888.4601796  39992177.46111012 39992467.46204385 39992757.46297759
 39993046.46390811 39993336.46484185 39993627.46577881 39993915.4667061
 39994205.46763984 39994494.46857036 39994784.4695041  39995073.47043462]"	0.0	0.0	0.0
3462.264321407927	2.0	trials	7.0	0.0	0.0	0.0	0.0	0.0	True	40.0	0.0	0.005	"[40080615.7458616  40080904.74679212 40081194.74772587 40081482.74865316
 40081773.74959011 40082062.75052064 40082352.75145438 40082641.75238489
 40082931.75331863 40083221.75425237 40083511.75518611 40083801.75611985
 40084090.75705036 40084379.75798088 40084669.75891462 40084958.75984514
 40085249.7607821  40085538.76171261 40085827.76264314 40086118.76358009]"	0.0	0.0	0.0
3471.360629096062	2.0	trials	7.0	0.0	0.0	0.0	0.0	0.0	True	40.0	0.0	0.005	"[40185896.08484074 40186187.0857777  40186476.08670822 40186766.08764196
 40187056.0885757  40187345.08950621 40187634.09043673 40187924.09137047
 40188214.09230421 40188503.09323473 40188793.09416846 40189083.09510221
 40189372.09603272 40189662.09696646 40189951.09789697 40190242.09883393
 40190530.09976123 40190820.10069497 40191110.10162871 40191399.10255923]"	0.0	0.0	0.0
3480.000311313961	2.0	trials	7.0	0.0	0.0	0.0	0.0	0.0	True	40.0	0.0	0.005	"[40285892.40680653 40286183.40774349 40286473.40867723 40286761.40960453
 40287052.41054148 40287341.411472   40287630.41240252 40287920.41333625
 40288209.41426678 40288501.41520695 40288790.41613747 40289079.41706799
 40289369.41800173 40289658.41893225 40289948.41986598 40290238.42079972
 40290527.42173024 40290816.42266076 40291106.4235945  40291396.42452823]"	0.0	0.0	0.0
3487.794566809769	2.0	trials	7.0	0.0	0.0	0.0	0.0	0.0	True	40.0	0.0	0.005	"[40376103.6972667  40376393.69820045 40376682.69913096 40376972.7000647
 40377262.70099843 40377552.70193217 40377842.70286591 40378131.70379643
 40378421.70473017 40378710.70566069 40379000.70659443 40379289.70752494
 40379579.70845868 40379869.70939242 40380158.71032294 40380448.71125668
 40380738.71219041 40381028.71312416 40381317.71405467 40381606.71498519]"	0.0	0.0	0.0
3493.3926136342634	2.0	trials	7.0	0.0	0.0	0.0	0.0	0.0	True	40.0	0.0	0.005	"[40440896.90588634 40441185.90681686 40441475.9077506  40441764.90868112
 40442053.90961163 40442343.91054537 40442633.91147911 40442923.91241284
 40443212.91334337 40443502.91427711 40443792.91521084 40444081.91614136
 40444371.9170751  40444661.91800884 40444950.91893936 40445240.91987309
 40445529.92080361 40445819.92173735 40446109.92267109 40446398.9236016 ]"	0.0	0.0	0.0
3499.7048451582773	2.0	trials	7.0	0.0	0.0	0.0	0.0	0.0	True	40.0	0.0	0.005	"[40513954.14111429 40514244.14204803 40514534.14298177 40514823.14391229
 40515112.14484281 40515403.14577977 40515692.14671028 40515981.1476408
 40516271.14857454 40516561.14950828 40516851.15044201 40517140.15137253
 40517430.15230627 40517719.15323679 40518010.15417375 40518299.15510426
 40518588.15603478 40518878.15696853 40519168.15790226 40519458.158836  ]"	0.0	0.0	0.0
3506.066929642807	2.0	trials	7.0	0.0	0.0	0.0	0.0	0.0	True	40.0	0.0	0.005	"[40587589.37820328 40587879.37913702 40588169.38007076 40588458.38100128
 40588748.38193502 40589038.38286875 40589327.38379927 40589616.38472979
 40589906.38566353 40590196.38659727 40590485.38752779 40590775.38846152
 40591065.38939526 40591355.390329   40591644.39125951 40591934.39219326
 40592223.39312378 40592513.39405751 40592803.39499125 40593092.39592177]"	0.0	0.0	0.0
3513.714045464858	2.0	trials	7.0	0.0	0.0	0.0	0.0	0.0	True	40.0	0.0	0.005	"[40676098.66318338 40676386.66411068 40676677.66504764 40676967.66598137
 40677257.66691512 40677546.66784563 40677836.66877937 40678125.66970988
 40678414.67064041 40678704.67157415 40678994.67250787 40679284.67344162
 40679573.67437214 40679862.67530265 40680153.67623961 40680442.67717014
 40680732.67810387 40681021.67903439 40681311.67996813 40681601.68090186]"	0.0	0.0	0.0
3521.3705789172313	2.0	trials	7.0	0.0	0.0	0.0	0.0	0.0	True	40.0	0.0	0.005	"[40764715.94851121 40765005.94944496 40765295.95037869 40765584.9513092
 40765873.95223973 40766163.95317347 40766453.9541072  40766743.95504094
 40767032.95597146 40767321.95690197 40767611.95783572 40767901.95876945
 40768190.95969997 40768480.96063371 40768769.96156423 40769060.96250119
 40769350.96343492 40769638.96436223 40769929.96529918 40770218.9662297 ]"	0.0	0.0	0.0
3530.25710672992	2.0	trials	7.0	0.0	0.0	0.0	0.0	0.0	True	40.0	0.0	0.005	"[40867569.27967593 40867859.28060967 40868148.28154019 40868438.28247392
 40868727.28340445 40869017.28433818 40869307.28527192 40869597.28620566
 40869886.28713617 40870175.28806669 40870465.28900043 40870755.28993417
 40871045.2908679  40871335.29180164 40871624.29273216 40871914.2936659
 40872203.29459642 40872493.29553016 40872783.2964639  40873072.29739441]"	0.0	0.0	0.0
3537.025186121665	2.0	trials	7.0	0.0	0.0	0.0	0.0	0.0	True	40.0	0.0	0.005	"[40945903.5318947  40946192.53282521 40946481.53375573 40946771.53468947
 40947061.53562322 40947351.53655694 40947640.53748747 40947930.53842121
 40948219.53935172 40948510.54028868 40948799.5412192  40949088.54214972
 40949378.54308345 40949668.5440172  40949957.54494771 40950247.54588146
 40950537.54681519 40950826.5477457  40951116.54867944 40951406.54961318]"	0.0	0.0	0.0
3545.858923364379	2.0	trials	7.0	0.0	0.0	0.0	0.0	0.0	True	40.0	0.0	0.005	"[41048144.86108891 41048434.86202264 41048724.86295638 41049013.8638869
 41049303.86482064 41049592.86575115 41049881.86668167 41050172.86761863
 41050462.86855236 41050751.86948289 41051041.87041663 41051331.87135036
 41051620.87228088 41051909.8732114  41052199.87414514 41052489.87507887
 41052779.87601262 41053068.87694313 41053358.87787687 41053649.87881383]"	0.0	0.0	0.0
3553.867105948987	2.0	trials	7.0	0.0	0.0	0.0	0.0	0.0	True	40.0	0.0	0.005	"[41140833.15952449 41141123.16045823 41141412.16138874 41141702.16232248
 41141991.163253   41142281.16418674 41142571.16512048 41142860.16605099
 41143150.16698474 41143439.16791525 41143729.16884899 41144018.1697795
 41144309.17071646 41144599.17165021 41144887.1725775  41145177.17351124
 41145467.17444497 41145757.17537872 41146046.17630924 41146335.17723975]"	0.0	0.0	0.0
3561.247331311709	2.0	trials	7.0	0.0	0.0	0.0	0.0	0.0	True	40.0	0.0	0.005	"[41226252.43455545 41226542.43548919 41226831.4364197  41227121.43735344
 41227410.43828396 41227700.43921769 41227989.44014821 41228280.44108517
 41228569.44201569 41228858.44294621 41229148.44387995 41229437.44481046
 41229728.44574742 41230017.44667794 41230306.44760846 41230596.4485422
 41230886.44947594 41231176.45040968 41231465.45134019 41231754.45227071]"	0.0	0.0	0.0
3567.8955735176037	2.0	trials	7.0	0.0	0.0	0.0	0.0	0.0	True	40.0	0.0	0.005	"[41303199.68230837 41303488.68323889 41303778.68417262 41304067.68510314
 41304357.68603688 41304646.6869674  41304937.68790436 41305225.68883166
 41305515.68976539 41305805.69069914 41306095.69163287 41306384.69256338
 41306675.69350035 41306963.69442765 41307253.69536138 41307543.69629512
 41307833.69722886 41308122.69815938 41308412.69909312 41308702.70002685]"	0.0	0.0	0.0
3575.7672436626713	2.0	trials	7.0	0.0	0.0	0.0	0.0	0.0	True	40.0	0.0	0.005	"[41394305.97565025 41394594.97658077 41394884.97751451 41395174.97844824
 41395464.97938199 41395753.9803125  41396043.98124623 41396332.98217676
 41396622.98311049 41396912.98404423 41397202.98497798 41397492.9859117
 41397781.98684223 41398070.98777275 41398360.98870648 41398650.98964022
 41398939.99057075 41399229.99150448 41399519.99243822 41399808.99336874]"	0.0	0.0	0.0
3583.9820093124313	2.0	trials	7.0	0.0	0.0	0.0	0.0	0.0	True	40.0	0.0	0.005	"[41489384.28178112 41489674.28271487 41489964.2836486  41490254.28458235
 41490544.28551608 41490832.28644338 41491122.28737711 41491411.28830764
 41491702.28924459 41491992.29017833 41492281.29110885 41492571.29204258
 41492861.29297633 41493150.29390684 41493439.29483736 41493729.2957711
 41494019.29670484 41494308.29763535 41494598.29856909 41494888.29950283]"	0.0	0.0	0.0
3592.561643336988	2.0	trials	7.0	0.0	0.0	0.0	0.0	0.0	True	40.0	0.0	0.005	"[41588686.60151238 41588976.60244612 41589265.60337663 41589554.60430715
 41589844.60524089 41590133.60617141 41590423.60710515 41590714.60804211
 41591003.60897262 41591292.60990314 41591582.61083689 41591871.6117674
 41592161.61270114 41592451.61363488 41592741.61456861 41593031.61550236
 41593319.61642966 41593610.61736661 41593899.61829712 41594188.61922765]"	0.0	0.0	0.0
3600.251872897856	2.0	trials	7.0	0.0	0.0	0.0	0.0	0.0	True	40.0	0.0	0.005	"[41677692.88809271 41677982.88902645 41678271.88995697 41678561.89089071
 41678850.89182122 41679141.89275818 41679430.8936887  41679720.89462244
 41680009.89555296 41680298.89648347 41680588.89741721 41680878.89835095
 41681168.89928469 41681458.90021843 41681746.90114573 41682037.90208268
 41682327.90301643 41682616.90394694 41682905.90487745 41683196.90581442]"	0.0	0.0	0.0
3606.019782669272	2.0	trials	7.0	0.0	0.0	0.0	0.0	0.0	True	40.0	0.0	0.005	"[41744451.10303923 41744741.10397296 41745031.10490671 41745321.10584044
 41745610.10677096 41745900.1077047  41746190.10863844 41746480.10957218
 41746769.11050269 41747059.11143643 41747349.11237017 41747638.11330069
 41747928.11423443 41748217.11516494 41748507.11609869 41748796.1170292
 41749087.11796616 41749376.11889668 41749666.11983041 41749955.12076093]"	0.0	0.0	0.0
3611.2279914385726	2.0	trials	7.0	0.0	0.0	0.0	0.0	0.0	True	40.0	0.0	0.005	"[41804731.29712797 41805021.29806171 41805310.29899222 41805600.29992596
 41805890.3008597  41806179.30179022 41806469.30272395 41806758.30365448
 41807049.30459143 41807338.30552195 41807627.30645247 41807918.30738942
 41808206.30831673 41808497.30925369 41808786.3101842  41809075.31111471
 41809366.31205168 41809655.31298219 41809944.31391271 41810234.31484646]"	0.0	0.0	0.0
3617.899475319301	2.0	trials	7.0	0.0	0.0	0.0	0.0	0.0	True	40.0	0.0	0.005	"[41881948.54575024 41882237.54668075 41882527.54761449 41882817.54854823
 41883107.54948196 41883397.55041571 41883685.551343   41883975.55227674
 41884265.55321048 41884555.55414422 41884844.55507473 41885134.55600847
 41885423.55693899 41885714.55787595 41886003.55880647 41886292.55973698
 41886583.56067394 41886872.56160446 41887161.56253498 41887451.56346872]"	0.0	0.0	0.0
3626.2340781549105	2.0	trials	7.0	0.0	0.0	0.0	0.0	0.0	True	40.0	0.0	0.005	"[41978412.85634373 41978702.85727747 41978992.8582112  41979282.85914495
 41979571.86007547 41979861.8610092  41980151.86194294 41980440.86287346
 41980730.86380719 41981019.86473772 41981309.86567146 41981599.86660519
 41981888.86753571 41982178.86846945 41982467.86939996 41982757.8703337
 41983046.87126423 41983337.87220118 41983626.8731317  41983916.87406544]"	0.0	0.0	0.0
3635.311550582399	2.0	trials	7.0	0.0	0.0	0.0	0.0	0.0	True	40.0	0.0	0.005	"[42083477.1946274  42083767.19556113 42084056.19649165 42084345.19742218
 42084636.19835913 42084925.19928964 42085214.20022017 42085504.2011539
 42085794.20208765 42086084.20302138 42086374.20395511 42086663.20488564
 42086953.20581938 42087242.20674989 42087532.20768363 42087822.20861737
 42088112.2095511  42088401.21048163 42088691.21141537 42088980.21234588]"	0.0	0.0	0.0
3643.0713323672103	2.0	trials	7.0	0.0	0.0	0.0	0.0	0.0	True	40.0	0.0	0.005	"[42173289.48380288 42173578.4847334  42173868.48566713 42174157.48659765
 42174447.48753139 42174736.4884619  42175026.48939565 42175317.4903326
 42175606.49126312 42175895.49219364 42176185.49312738 42176475.49406112
 42176765.49499486 42177054.49592537 42177344.49685911 42177633.49778963
 42177923.49872337 42178213.4996571  42178502.50058762 42178791.50151814]"	0.0	0.0	0.0
3649.897731946733	2.0	trials	7.0	0.0	0.0	0.0	0.0	0.0	True	40.0	0.0	0.005	"[42252298.738195   42252588.73912874 42252877.74005926 42253168.74099621
 42253456.74192351 42253746.74285726 42254036.74379098 42254325.7447215
 42254615.74565524 42254904.74658576 42255194.7475195  42255484.74845324
 42255774.74938697 42256064.75032071 42256353.75125124 42256642.75218175
 42256932.75311549 42257222.75404923 42257512.75498297 42257802.75591671]"	0.0	0.0	0.0
3655.7118658669806	2.0	trials	7.0	0.0	0.0	0.0	0.0	0.0	True	40.0	0.0	0.005	"[42319591.9548641  42319880.95579462 42320169.95672514 42320459.95765888
 42320749.95859262 42321038.95952313 42321328.96045687 42321617.96138739
 42321907.96232112 42322198.96325809 42322487.96418861 42322777.96512234
 42323067.96605609 42323356.9669866  42323646.96792033 42323935.96885085
 42324225.9697846  42324515.97071833 42324804.97164885 42325093.97257937]"	0.0	0.0	0.0
3662.2399252859136	2.0	trials	7.0	0.0	0.0	0.0	0.0	0.0	True	40.0	0.0	0.005	"[42395147.19813508 42395438.19907204 42395727.20000256 42396016.20093308
 42396307.20187003 42396596.20280055 42396886.20373429 42397175.2046648
 42397464.20559533 42397754.20652907 42398045.20746602 42398333.20839332
 42398623.20932706 42398913.2102608  42399203.21119454 42399492.21212506
 42399781.21305557 42400071.21398931 42400361.21492305 42400651.21585678]"	0.0	0.0	0.0
3669.8355465421637	2.0	trials	7.0	0.0	0.0	0.0	0.0	0.0	True	40.0	0.0	0.005	"[42483060.48119619 42483349.48212671 42483639.48306043 42483929.48399418
 42484218.4849247  42484508.48585844 42484797.48678895 42485087.48772269
 42485377.48865643 42485666.48958695 42485956.49052069 42486246.49145442
 42486535.49238495 42486825.49331868 42487114.4942492  42487404.49518294
 42487694.49611668 42487984.49705042 42488273.49798093 42488562.49891146]"	0.0	0.0	0.0
3677.3544443513806	2.0	trials	7.0	0.0	0.0	0.0	0.0	0.0	True	40.0	0.0	0.005	"[42570083.76139168 42570373.76232541 42570663.76325916 42570953.76419289
 42571242.76512341 42571532.76605715 42571821.76698767 42572110.76791818
 42572401.76885514 42572690.76978566 42572979.77071618 42573269.77164992
 42573559.77258366 42573848.77351417 42574139.77445114 42574428.77538165
 42574718.77631539 42575007.7772459  42575297.77817965 42575587.77911338]"	0.0	0.0	0.0
3684.0097713800874	2.0	trials	7.0	0.0	0.0	0.0	0.0	0.0	True	40.0	0.0	0.005	"[42647114.00941185 42647404.01034559 42647694.01127932 42647983.01220984
 42648273.01314358 42648563.01407732 42648851.01500461 42649141.01593836
 42649431.01687209 42649720.01780261 42650010.01873635 42650299.01966687
 42650590.02060383 42650879.02153434 42651169.02246808 42651458.02339859
 42651748.02433234 42652038.02526607 42652328.02619981 42652617.02713033]"	0.0	0.0	0.0
3690.3323709374836	2.0	trials	7.0	0.0	0.0	0.0	0.0	0.0	True	40.0	0.0	0.005	"[42720291.24502618 42720582.24596313 42720870.24689043 42721160.24782417
 42721449.24875469 42721739.24968842 42722029.25062216 42722319.2515559
 42722608.25248642 42722897.25341694 42723188.2543539  42723478.25528763
 42723767.25621815 42724057.25715189 42724346.25808241 42724636.25901614
 42724925.25994666 42725215.2608804  42725505.26181414 42725794.26274466]"	0.0	0.0	0.0
3698.198597865025	2.0	trials	7.0	0.0	0.0	0.0	0.0	0.0	True	40.0	0.0	0.005	"[42811335.53816843 42811625.53910217 42811915.5400359  42812204.54096642
 42812493.54189694 42812784.5428339  42813074.54376763 42813362.54469494
 42813653.54563189 42813942.54656241 42814231.54749293 42814521.54842667
 42814811.54936041 42815101.55029415 42815391.55122788 42815680.55215839
 42815970.55309214 42816258.55401944 42816549.55495639 42816838.55588692]"	0.0	0.0	0.0
3705.836209656475	2.0	trials	7.0	0.0	0.0	0.0	0.0	0.0	True	40.0	0.0	0.005	"[42899733.82279113 42900023.82372487 42900313.82465861 42900603.82559235
 42900891.82651964 42901181.82745338 42901471.82838712 42901761.82932086
 42902051.83025459 42902341.83118833 42902629.83211563 42902920.83305259
 42903209.83398311 42903498.83491363 42903788.83584736 42904078.8367811
 42904368.83771484 42904658.83864858 42904947.83957909 42905237.84051283]"	0.0	0.0	0.0
3714.1945725685873	2.0	trials	7.0	0.0	0.0	0.0	0.0	0.0	True	40.0	0.0	0.005	"[42996475.13427651 42996763.13520381 42997054.13614077 42997344.13707451
 42997633.13800502 42997922.13893554 42998212.13986928 42998502.14080302
 42998792.14173675 42999082.14267049 42999370.14359779 42999661.14453475
 42999950.14546527 43000240.14639901 43000530.14733274 43000819.14826326
 43001109.149197   43001398.15012752 43001688.15106125 43001978.151995  ]"	0.0	0.0	0.0
3719.408742957083	2.0	trials	7.0	0.0	0.0	0.0	0.0	0.0	True	40.0	0.0	0.005	"[43056824.32858742 43057112.3295147  43057403.33045167 43057692.33138219
 43057982.33231593 43058272.33324967 43058561.33418018 43058851.33511392
 43059140.33604444 43059431.3369814  43059720.33791191 43060010.33884566
 43060300.33977939 43060589.34070991 43060878.34164043 43061169.34257738
 43061458.34350791 43061748.34444164 43062037.34537216 43062326.34630267]"	0.0	0.0	0.0
3728.2436034034135	2.0	trials	7.0	0.0	0.0	0.0	0.0	0.0	True	40.0	0.0	0.005	"[43159078.65782348 43159367.658754   43159658.65969096 43159947.66062147
 43160237.66155521 43160526.66248573 43160816.66341947 43161105.66434999
 43161395.66528372 43161685.66621746 43161975.6671512  43162264.66808172
 43162553.66901223 43162843.66994597 43163133.67087971 43163423.67181345
 43163712.67274397 43164001.67367449 43164292.67461144 43164581.67554196]"	0.0	0.0	0.0
3733.9067096373847	2.0	trials	7.0	0.0	0.0	0.0	0.0	0.0	True	40.0	0.0	0.005	"[43224624.86886761 43224913.86979813 43225203.87073187 43225493.8716656
 43225781.8725929  43226072.87352987 43226362.8744636  43226650.87539089
 43226941.87632786 43227230.87725838 43227520.87819212 43227810.87912586
 43228099.88005637 43228389.88099011 43228679.88192385 43228968.88285436
 43229258.8837881  43229547.88471863 43229837.88565236 43230127.8865861 ]"	0.0	0.0	0.0
3741.134438509101	2.0	trials	7.0	0.0	0.0	0.0	0.0	0.0	True	40.0	0.0	0.005	"[43308279.13821565 43308568.13914616 43308857.14007669 43309147.14101042
 43309437.14194416 43309726.14287467 43310016.14380842 43310307.14474537
 43310596.14567589 43310886.14660963 43311175.14754014 43311465.14847389
 43311754.1494044  43312043.15033492 43312334.15127188 43312623.1522024
 43312912.15313292 43313203.15406987 43313493.15500361 43313782.15593413]"	0.0	0.0	0.0
3748.5526799942263	2.0	trials	7.0	0.0	0.0	0.0	0.0	0.0	True	40.0	0.0	0.005	"[43394138.41466331 43394427.41559383 43394716.41652434 43395007.41746131
 43395296.41839182 43395585.41932233 43395875.42025608 43396164.4211866
 43396454.42212033 43396744.42305407 43397034.42398781 43397324.42492155
 43397614.42585529 43397902.42678259 43398193.42771954 43398483.42865328
 43398772.4295838  43399061.43051432 43399351.43144805 43399640.43237858]"	0.0	0.0	0.0
3754.8626651110076	2.0	trials	7.0	0.0	0.0	0.0	0.0	0.0	True	40.0	0.0	0.005	"[43467170.64981077 43467459.65074129 43467748.6516718  43468038.65260554
 43468328.65353928 43468618.65447302 43468908.65540675 43469197.65633727
 43469486.65726779 43469776.65820153 43470066.65913527 43470356.660069
 43470645.66099953 43470935.66193327 43471224.66286378 43471514.66379751
 43471804.66473126 43472093.66566177 43472383.66659551 43472672.66752603]"	0.0	0.0	0.0
3761.06084826781	2.0	trials	7.0	0.0	0.0	0.0	0.0	0.0	True	40.0	0.0	0.005	"[43538907.8807886  43539197.88172234 43539486.88265286 43539776.8835866
 43540066.88452033 43540355.88545085 43540646.88638781 43540935.88731833
 43541225.88825207 43541514.88918258 43541803.89011311 43542093.89104684
 43542383.89198058 43542673.89291432 43542962.89384484 43543252.89477857
 43543542.89571232 43543832.89664605 43544121.89757656 43544410.89850709]"	0.0	0.0	0.0
3787.9194115465475	2.0	trials	8.0	0.0	0.0	0.0	0.0	0.0	True	40.0	0.0	0.005	"[43849770.88169792 43850061.88263488 43850350.8835654  43850639.88449591
 43850930.88543287 43851219.88636339 43851508.88729391 43851799.88823086
 43852087.88915817 43852377.8900919  43852668.89102887 43852957.89195938
 43853247.89289311 43853537.89382686 43853825.89475416 43854116.89569111
 43854405.89662162 43854694.89755215 43854984.89848588 43855274.89941963]"	0.0	0.0	0.0
3795.911350878855	2.0	trials	8.0	0.0	0.0	0.0	0.0	0.0	True	40.0	0.0	0.005	"[43942271.17952818 43942560.1804587  43942850.18139244 43943140.18232618
 43943429.18325669 43943719.18419044 43944009.18512417 43944299.18605791
 43944588.18698843 43944878.18792216 43945167.18885268 43945457.18978643
 43945747.19072016 43946036.19165068 43946326.19258443 43946616.19351815
 43946906.1944519  43947195.19538241 43947484.19631293 43947774.19724667]"	0.0	0.0	0.0
3802.247688080484	2.0	trials	8.0	0.0	0.0	0.0	0.0	0.0	True	40.0	0.0	0.005	"[44015608.41565768 44015898.41659142 44016187.41752193 44016477.41845568
 44016766.41938619 44017056.42031993 44017345.42125045 44017636.4221874
 44017925.42311792 44018214.42404845 44018504.42498218 44018794.42591592
 44019084.42684966 44019374.42778339 44019663.42871392 44019953.42964765
 44020242.43057816 44020532.43151191 44020821.43244243 44021112.43337939]"	0.0	0.0	0.0
3808.1994576438883	2.0	trials	8.0	0.0	0.0	0.0	0.0	0.0	True	40.0	0.0	0.005	"[44084493.63745268 44084784.63838964 44085073.63932016 44085362.64025068
 44085651.64118119 44085941.64211493 44086231.64304867 44086520.64397918
 44086810.64491293 44087101.64584988 44087390.6467804  44087680.64771415
 44087969.64864466 44088259.6495784  44088549.65051213 44088838.65144265
 44089128.65237639 44089417.65330691 44089707.65424065 44089997.65517438]"	0.0	0.0	0.0
3814.6679008708697	2.0	trials	8.0	0.0	0.0	0.0	0.0	0.0	True	40.0	0.0	0.005	"[44159360.87850845 44159649.87943897 44159939.8803727  44160229.88130644
 44160518.88223697 44160808.88317069 44161097.88410122 44161387.88503496
 44161676.88596547 44161966.88689921 44162257.88783617 44162546.88876669
 44162835.88969721 44163125.89063095 44163415.89156468 44163704.8924952
 44163994.89342894 44164284.89436268 44164573.8952932  44164864.89623015]"	0.0	0.0	0.0
3820.391487299575	2.0	trials	8.0	0.0	0.0	0.0	0.0	0.0	True	40.0	0.0	0.005	"[44225605.0918     44225895.09273373 44226185.09366747 44226475.09460121
 44226764.09553173 44227054.09646546 44227343.09739598 44227633.09832972
 44227923.09926346 44228212.10019398 44228502.10112771 44228792.10206146
 44229081.10299198 44229371.10392571 44229661.10485945 44229951.10579319
 44230239.10672048 44230529.10765422 44230819.10858797 44231109.10952169]"	0.0	0.0	0.0
3827.0037869897424	2.0	trials	8.0	0.0	0.0	0.0	0.0	0.0	True	40.0	0.0	0.005	"[44302136.33821348 44302425.33914401 44302715.34007774 44303005.34101148
 44303295.34194522 44303585.34287896 44303874.34380948 44304164.34474321
 44304453.34567373 44304742.34660425 44305032.34753799 44305322.34847172
 44305612.34940547 44305902.3503392  44306191.35126972 44306481.35220346
 44306770.35313398 44307061.35407093 44307349.35499824 44307639.35593197]"	0.0	0.0	0.0
3835.067611353505	2.0	trials	8.0	0.0	0.0	0.0	0.0	0.0	True	40.0	0.0	0.005	"[44395468.63872261 44395758.63965635 44396047.64058688 44396336.64151739
 44396627.64245435 44396916.64338487 44397206.6443186  44397496.64525234
 44397785.64618286 44398074.64711338 44398364.64804712 44398654.64898086
 44398944.64991459 44399233.65084511 44399523.65177885 44399812.65270937
 44400102.6536431  44400391.65457363 44400682.65551058 44400971.6564411 ]"	0.0	0.0	0.0
3841.490176032767	2.0	trials	8.0	0.0	0.0	0.0	0.0	0.0	True	40.0	0.0	0.005	"[44469803.87806546 44470092.87899598 44470382.87992971 44470671.88086022
 44470961.88179397 44471250.88272449 44471540.88365823 44471830.88459196
 44472119.88552248 44472409.88645622 44472699.88738996 44472989.8883237
 44473278.88925421 44473567.89018474 44473858.89112169 44474147.89205221
 44474437.89298595 44474726.89391647 44475016.8948502  44475306.89578394]"	0.0	0.0	0.0
3848.171509545209	2.0	trials	8.0	0.0	0.0	0.0	0.0	0.0	True	40.0	0.0	0.005	"[44547133.12704834 44547423.12798207 44547713.12891582 44548003.12984955
 44548292.13078007 44548581.13171059 44548871.13264433 44549161.13357806
 44549450.13450858 44549740.13544232 44550030.13637606 44550320.1373098
 44550609.13824032 44550899.13917405 44551189.1401078  44551478.14103831
 44551768.14197205 44552057.14290256 44552347.1438363  44552637.14477004]"	0.0	0.0	0.0
3854.849819047914	2.0	trials	8.0	0.0	0.0	0.0	0.0	0.0	True	40.0	0.0	0.005	"[44624428.37592174 44624718.37685549 44625008.37778922 44625297.37871974
 44625586.37965026 44625877.38058721 44626166.38151774 44626456.38245147
 44626745.38338199 44627035.38431573 44627324.38524625 44627614.38617998
 44627903.3871105  44628194.38804746 44628483.38897798 44628773.38991172
 44629063.39084546 44629352.39177597 44629642.39270972 44629931.39364024]"	0.0	0.0	0.0
3861.6058888009907	2.0	trials	8.0	0.0	0.0	0.0	0.0	0.0	True	40.0	0.0	0.005	"[44702623.62769297 44702913.6286267  44703203.62956044 44703492.63049096
 44703783.63142791 44704071.63235521 44704362.63329217 44704651.63422269
 44704941.63515643 44705230.63608695 44705520.63702068 44705810.63795443
 44706100.63888816 44706389.63981868 44706678.6407492  44706969.64168615
 44707258.64261667 44707548.64355041 44707837.64448093 44708127.64541467]"	0.0	0.0	0.0
3870.653812333338	2.0	trials	8.0	0.0	0.0	0.0	0.0	0.0	True	40.0	0.0	0.005	"[44807344.96487225 44807634.96580598 44807924.96673971 44808213.96767023
 44808502.96860076 44808792.96953449 44809082.97046823 44809372.97140197
 44809661.97233249 44809950.97326301 44810241.97419996 44810530.97513048
 44810820.97606422 44811110.97699795 44811399.97792847 44811688.97885899
 44811978.97979273 44812268.98072647 44812558.98166021 44812847.98259073]"	0.0	0.0	0.0
3876.0959066556993	2.0	trials	8.0	0.0	0.0	0.0	0.0	0.0	True	40.0	0.0	0.005	"[44870332.16767694 44870622.16861068 44870912.16954442 44871202.17047816
 44871490.17140546 44871780.17233919 44872070.17327293 44872360.17420667
 44872649.17513718 44872939.17607093 44873228.17700145 44873518.17793518
 44873808.17886892 44874098.17980266 44874387.18073317 44874677.18166692
 44874966.18259744 44875256.18353117 44875545.18446169 44875836.18539865]"	0.0	0.0	0.0
3882.2340416191596	2.0	trials	8.0	0.0	0.0	0.0	0.0	0.0	True	40.0	0.0	0.005	"[44941375.39642025 44941665.39735398 44941955.39828772 44942244.39921824
 44942535.4001552  44942823.4010825  44943113.40201624 44943403.40294997
 44943692.40388049 44943982.40481423 44944271.40574475 44944561.40667848
 44944851.40761222 44945141.40854596 44945431.4094797  44945720.41041022
 44946009.41134073 44946299.41227448 44946589.41320821 44946878.41413873]"	0.0	0.0	0.0
3889.542122749593	2.0	trials	8.0	0.0	0.0	0.0	0.0	0.0	True	40.0	0.0	0.005	"[45025959.66876268 45026249.66969642 45026539.67063016 45026829.6715639
 45027117.67249119 45027408.67342815 45027697.67435867 45027987.67529241
 45028276.67622292 45028566.67715666 45028856.6780904  45029146.67902414
 45029435.67995466 45029725.68088839 45030014.68181892 45030304.68275265
 45030593.68368317 45030883.68461691 45031173.68555064 45031463.68648439]"	0.0	0.0	0.0
3895.0982654391655	2.0	trials	8.0	0.0	0.0	0.0	0.0	0.0	True	40.0	0.0	0.005	"[45090267.87582072 45090557.87675446 45090846.87768497 45091135.8786155
 45091425.87954924 45091715.88048297 45092005.88141671 45092294.88234723
 45092584.88328097 45092873.88421148 45093163.88514522 45093453.88607896
 45093743.8870127  45094032.88794322 45094322.88887695 45094611.88980747
 45094901.89074121 45095190.89167173 45095480.89260547 45095770.89353921]"	0.0	0.0	0.0
3903.0781087325267	2.0	trials	8.0	0.0	0.0	0.0	0.0	0.0	True	40.0	0.0	0.005	"[45182627.17319699 45182917.17413074 45183206.17506125 45183496.17599498
 45183785.17692551 45184075.17785925 45184365.17879299 45184655.17972672
 45184944.18065724 45185233.18158776 45185524.18252472 45185814.18345845
 45186103.18438897 45186393.18532271 45186682.18625323 45186972.18718697
 45187261.18811748 45187551.18905122 45187841.18998496 45188130.19091548]"	0.0	0.0	0.0
3910.0625344208593	2.0	trials	8.0	0.0	0.0	0.0	0.0	0.0	True	40.0	0.0	0.005	"[45263465.4334781  45263754.43440863 45264044.43534236 45264334.43627611
 45264623.43720662 45264913.43814036 45265202.43907088 45265492.44000462
 45265782.44093835 45266071.44186886 45266361.44280262 45266651.44373634
 45266940.44466687 45267231.44560383 45267520.44653434 45267809.44746486
 45268099.4483986  45268389.44933234 45268679.45026607 45268968.4511966 ]"	0.0	0.0	0.0
3917.718203870451	2.0	trials	8.0	0.0	0.0	0.0	0.0	0.0	True	40.0	0.0	0.005	"[45352071.71877053 45352361.71970426 45352651.72063801 45352940.72156852
 45353230.72250225 45353520.72343599 45353809.72436652 45354098.72529703
 45354388.72623076 45354678.72716451 45354968.72809824 45355257.72902877
 45355546.72995928 45355836.73089302 45356126.73182676 45356416.7327605
 45356705.73369101 45356995.73462475 45357285.73555849 45357574.73648901]"	0.0	0.0	0.0
3924.876380518224	2.0	trials	8.0	0.0	0.0	0.0	0.0	0.0	True	40.0	0.0	0.005	"[45434921.98552985 45435211.98646358 45435501.98739733 45435790.98832784
 45436079.98925836 45436369.9901921  45436658.99112262 45436948.99205635
 45437238.9929901  45437528.99392383 45437818.99485757 45438107.99578809
 45438397.99672182 45438687.99765557 45438976.99858608 45439265.9995166
 45439556.00045034 45439846.00138408 45440136.00231782 45440425.00324833]"	0.0	0.0	0.0
3932.754703484712	2.0	trials	8.0	0.0	0.0	0.0	0.0	0.0	True	40.0	0.0	0.005	"[45526105.27911966 45526395.28005339 45526685.28098713 45526975.28192087
 45527264.28285139 45527554.28378513 45527844.28471886 45528132.28564616
 45528423.28658312 45528712.28751364 45529002.28844738 45529292.28938111
 45529581.29031163 45529870.29124215 45530160.29217589 45530450.29310963
 45530739.29404015 45531029.29497388 45531319.29590762 45531608.29683814]"	0.0	0.0	0.0
3939.564514210823	2.0	trials	8.0	0.0	0.0	0.0	0.0	0.0	True	40.0	0.0	0.005	"[45604923.5328968  45605212.53382731 45605502.53476105 45605792.53569479
 45606081.53662531 45606371.53755905 45606661.53849278 45606950.53942331
 45607240.54035705 45607530.54129078 45607819.5422213  45608109.54315504
 45608399.54408878 45608688.54501929 45608977.54594982 45609267.54688355
 45609557.54781729 45609846.54874781 45610137.54968476 45610426.55061528]"	0.0	0.0	0.0
3946.0703687582604	2.0	trials	8.0	0.0	0.0	0.0	0.0	0.0	True	40.0	0.0	0.005	"[45680221.7753403  45680511.77627403 45680801.77720777 45681090.77813829
 45681380.77907202 45681669.78000254 45681958.78093306 45682249.78187002
 45682538.78280053 45682827.78373106 45683118.78466801 45683407.78559854
 45683697.78653227 45683986.78746279 45684276.78839653 45684566.78933027
 45684855.79026078 45685145.79119453 45685434.79212504 45685724.79305878]"	0.0	0.0	0.0
3954.30094565893	2.0	trials	8.0	0.0	0.0	0.0	0.0	0.0	True	40.0	0.0	0.005	"[45775484.08206361 45775773.08299413 45776063.08392786 45776352.08485838
 45776642.08579212 45776931.08672264 45777222.0876596  45777511.08859012
 45777801.08952385 45778090.09045438 45778380.09138811 45778670.09232184
 45778959.09325237 45779249.0941861  45779538.09511662 45779828.09605037
 45780118.0969841  45780408.09791784 45780697.09884836 45780986.09977888]"	0.0	0.0	0.0
3963.307224257189	2.0	trials	8.0	0.0	0.0	0.0	0.0	0.0	True	40.0	0.0	0.005	"[45879723.41769095 45880013.41862469 45880302.4195552  45880592.42048895
 45880881.42141946 45881171.4223532  45881461.42328694 45881750.42421746
 45882040.4251512  45882330.42608493 45882619.42701545 45882909.42794919
 45883198.42887971 45883488.42981344 45883779.4307504  45884068.43168093
 45884357.43261144 45884647.43354518 45884937.43447892 45885226.43540943]"	0.0	0.0	0.0
3970.578844470226	2.0	trials	8.0	0.0	0.0	0.0	0.0	0.0	True	40.0	0.0	0.005	"[45963884.68867142 45964175.68960837 45964464.69053889 45964754.69147263
 45965043.69240315 45965333.69333688 45965623.69427062 45965911.69519792
 45966201.69613166 45966492.69706862 45966780.69799592 45967070.69892966
 45967360.69986339 45967650.70079713 45967940.70173087 45968229.70266139
 45968519.70359512 45968809.70452886 45969098.70545938 45969387.7063899 ]"	0.0	0.0	0.0
3979.6629697191356	2.0	trials	8.0	0.0	0.0	0.0	0.0	0.0	True	40.0	0.0	0.005	"[46069026.02720301 46069315.02813352 46069606.02907048 46069894.02999778
 46070184.03093152 46070474.03186525 46070764.03279899 46071053.03372951
 46071343.03466325 46071632.03559377 46071922.0365275  46072211.03745802
 46072502.03839498 46072791.0393255  46073081.04025923 46073370.04118975
 46073660.04212349 46073950.04305723 46074239.04398775 46074529.04492149]"	0.0	0.0	0.0
3987.588985639184	2.0	trials	8.0	0.0	0.0	0.0	0.0	0.0	True	40.0	0.0	0.005	"[46160761.32257013 46161050.32350065 46161340.32443439 46161630.32536813
 46161920.32630186 46162210.3272356  46162499.32816612 46162788.32909664
 46163079.33003359 46163368.33096411 46163657.33189463 46163947.33282837
 46164237.33376211 46164527.33469585 46164816.33562636 46165106.3365601
 46165396.33749384 46165685.33842436 46165975.3393581  46166264.34028862]"	0.0	0.0	0.0
3993.972670193261	2.0	trials	8.0	0.0	0.0	0.0	0.0	0.0	True	40.0	0.0	0.005	"[46234646.56046407 46234936.56139781 46235226.56233154 46235515.56326206
 46235805.5641958  46236094.56512632 46236384.56606006 46236674.56699379
 46236963.56792431 46237252.56885483 46237543.56979179 46237832.5707223
 46238122.57165604 46238411.57258657 46238702.57352352 46238991.57445404
 46239281.57538778 46239570.5763183  46239860.57725203 46240149.57818256]"	0.0	0.0	0.0
4000.039006525546	2.0	trials	8.0	0.0	0.0	0.0	0.0	0.0	True	40.0	0.0	0.005	"[46304858.78653172 46305148.78746547 46305438.7883992  46305727.78932972
 46306017.79026346 46306307.7911972  46306596.79212771 46306886.79306146
 46307175.79399197 46307465.7949257  46307755.79585945 46308045.79679319
 46308334.7977237  46308623.79865423 46308914.79959118 46309203.8005217
 46309492.80145222 46309783.80238917 46310071.80331647 46310361.80425021]"	0.0	0.0	0.0
4007.6110405058494	2.0	trials	8.0	0.0	0.0	0.0	0.0	0.0	True	40.0	0.0	0.005	"[46392499.06871383 46392788.06964435 46393078.07057808 46393368.07151183
 46393657.07244235 46393946.07337286 46394237.07430982 46394527.07524356
 46394816.07617408 46395106.07710781 46395395.07803833 46395685.07897207
 46395974.07990259 46396264.08083633 46396554.08177006 46396844.0827038
 46397133.08363432 46397423.08456806 46397712.08549857 46398002.08643232]"	0.0	0.0	0.0
4014.2531482919935	2.0	trials	8.0	0.0	0.0	0.0	0.0	0.0	True	40.0	0.0	0.005	"[46469375.31623815 46469664.31716867 46469954.3181024  46470244.31903614
 46470533.31996666 46470824.32090362 46471113.32183414 46471402.32276465
 46471692.32369839 46471981.32462891 46472271.32556265 46472560.32649317
 46472850.32742691 46473140.32836065 46473430.32929438 46473719.3302249
 46474009.33115864 46474298.33208916 46474588.33302289 46474877.33395342]"	0.0	0.0	0.0
4019.9715507040064	2.0	trials	8.0	0.0	0.0	0.0	0.0	0.0	True	40.0	0.0	0.005	"[46535559.5293365  46535848.53026703 46536139.53120399 46536428.5321345
 46536718.53306824 46537007.53399876 46537296.53492928 46537587.53586623
 46537876.53679675 46538166.53773049 46538456.53866422 46538745.53959475
 46539035.54052848 46539324.541459   46539614.54239275 46539904.54332648
 46540193.54425699 46540484.54519396 46540772.54612125 46541062.54705499]"	0.0	0.0	0.0
4027.1597082483117	2.0	trials	8.0	0.0	0.0	0.0	0.0	0.0	True	40.0	0.0	0.005	"[46618756.79721309 46619045.79814362 46619335.79907735 46619624.80000787
 46619914.80094161 46620204.80187535 46620493.80280586 46620783.80373961
 46621072.80467012 46621363.80560708 46621652.8065376  46621941.80746812
 46622231.80840186 46622521.80933559 46622810.81026611 46623100.81119985
 46623389.81213037 46623679.81306411 46623969.81399785 46624259.81493159]"	0.0	0.0	0.0
4032.6799948224348	2.0	trials	8.0	0.0	0.0	0.0	0.0	0.0	True	40.0	0.0	0.005	"[46682649.00293171 46682939.00386545 46683228.00479596 46683518.0057297
 46683808.00666343 46684097.00759396 46684386.00852447 46684677.00946143
 46684966.01039195 46685256.01132569 46685545.01225621 46685835.01318994
 46686125.01412369 46686414.0150542  46686704.01598794 46686993.01691846
 46687283.01785219 46687572.01878271 46687862.01971646 46688152.02065019]"	0.0	0.0	0.0
4038.667274900176	2.0	trials	8.0	0.0	0.0	0.0	0.0	0.0	True	40.0	0.0	0.005	"[46751946.22605326 46752235.22698379 46752524.2279143  46752814.22884803
 46753104.22978178 46753393.23071229 46753682.23164281 46753973.23257977
 46754263.2335135  46754552.23444402 46754841.23537455 46755131.23630828
 46755421.23724202 46755710.23817254 46756000.23910628 46756289.24003679
 46756580.24097375 46756869.24190427 46757159.24283801 46757448.24376853]"	0.0	0.0	0.0
4045.903643799711	2.0	trials	8.0	0.0	0.0	0.0	0.0	0.0	True	40.0	0.0	0.005	"[46835700.49572327 46835989.4966538  46836280.49759075 46836569.49852127
 46836859.499455   46837149.50038874 46837438.50131927 46837727.50224978
 46838017.50318351 46838306.50411404 46838596.50504778 46838885.50597829
 46839176.50691525 46839465.50784577 46839755.50877951 46840044.50971003
 46840335.51064698 46840624.5115775  46840914.51251124 46841203.51344176]"	0.0	0.0	0.0
4052.2095681034166	2.0	trials	8.0	0.0	0.0	0.0	0.0	0.0	True	40.0	0.0	0.005	"[46908685.7307194  46908974.73164992 46909264.73258366 46909553.73351417
 46909844.73445113 46910133.73538165 46910422.73631217 46910712.73724591
 46911002.73817965 46911291.73911016 46911581.7400439  46911871.74097764
 46912161.74191138 46912449.74283868 46912740.74377564 46913029.74470615
 46913319.74563989 46913608.74657041 46913898.74750414 46914187.74843466]"	0.0	0.0	0.0
4059.0493597260593	2.0	trials	8.0	0.0	0.0	0.0	0.0	0.0	True	40.0	0.0	0.005	"[46987849.98561059 46988138.98654111 46988428.98747485 46988717.98840536
 46989007.98933911 46989297.99027284 46989587.99120658 46989876.9921371
 46990166.99307083 46990455.99400136 46990745.9949351  46991034.99586561
 46991324.99679935 46991614.99773309 46991903.9986636  46992193.99959735
 46992484.00053108 46992773.0014616  46993063.00239534 46993353.00332908]"	0.0	0.0	0.0
4067.1016064525434	2.0	trials	8.0	0.0	0.0	0.0	0.0	0.0	True	40.0	0.0	0.005	"[47081046.28568183 47081336.28661557 47081626.2875493  47081915.28847982
 47082205.28941356 47082495.2903473  47082784.29127782 47083074.29221155
 47083364.29314529 47083653.29407581 47083943.29500955 47084233.29594329
 47084523.29687703 47084812.29780754 47085102.29874129 47085391.2996718
 47085681.30060554 47085970.30153606 47086261.30247302 47086550.30340353]"	0.0	0.0	0.0
4072.4594605036687	2.0	trials	8.0	0.0	0.0	0.0	0.0	0.0	True	40.0	0.0	0.005	"[47143058.48534724 47143348.48628098 47143638.48721471 47143927.48814523
 47144218.48908219 47144506.49000949 47144796.49094322 47145085.49187374
 47145375.49280749 47145665.49374122 47145955.49467496 47146244.49560548
 47146534.49653921 47146823.49746973 47147113.49840347 47147403.49933721
 47147693.50027095 47147983.50120468 47148272.50213521 47148562.50306895]"	0.0	0.0	0.0
4081.4658255022073	2.0	trials	8.0	0.0	0.0	0.0	0.0	0.0	True	40.0	0.0	0.005	"[47247299.82098102 47247589.82191475 47247878.82284528 47248169.82378223
 47248457.82470953 47248747.82564327 47249037.82657701 47249326.82750753
 47249616.82844126 47249906.829375   47250196.83030874 47250486.83124248
 47250775.832173   47251065.83310673 47251355.83404047 47251644.834971
 47251933.83590151 47252223.83683524 47252512.83776577 47252803.83870272]"	0.0	0.0	0.0
4088.8514940824552	2.0	trials	8.0	0.0	0.0	0.0	0.0	0.0	True	40.0	0.0	0.005	"[47332781.0962116  47333071.09714534 47333361.09807908 47333650.0990096
 47333940.09994333 47334230.10087707 47334520.10181081 47334809.10274132
 47335098.10367184 47335388.10460559 47335677.1055361  47335968.10647307
 47336257.10740358 47336546.1083341  47336836.10926784 47337126.11020157
 47337416.11113531 47337705.11206583 47337995.11299957 47338285.11393331]"	0.0	0.0	0.0
4095.3081004713245	1.9999999999995453	trials	8.0	0.0	0.0	0.0	0.0	0.0	True	40.0	0.0	0.005	"[47407510.33682303 47407800.33775677 47408090.33869051 47408379.33962102
 47408669.34055477 47408959.3414885  47409248.34241902 47409538.34335276
 47409828.3442865  47410117.34521702 47410406.34614753 47410697.34708448
 47410986.348015   47411275.34894554 47411565.34987926 47411855.35081301
 47412145.35174675 47412435.35268047 47412724.353611   47413014.35454474]"	0.0	0.0	0.0
4102.069786242482	2.0	trials	8.0	0.0	0.0	0.0	0.0	0.0	True	40.0	0.0	0.005	"[47485770.58880354 47486059.58973406 47486350.59067102 47486639.59160154
 47486929.59253526 47487218.59346579 47487507.5943963  47487798.59533326
 47488087.59626378 47488377.59719753 47488666.59812804 47488956.59906178
 47489246.59999551 47489536.60092925 47489825.60185976 47490114.60279028
 47490405.60372724 47490694.60465777 47490984.60559151 47491273.60652202]"	0.0	0.0	0.0
4107.427985894722	2.0	trials	8.0	0.0	0.0	0.0	0.0	0.0	True	40.0	0.0	0.005	"[47547787.78848504 47548076.78941556 47548366.7903493  47548656.79128304
 47548946.79221678 47549235.7931473  47549525.79408102 47549814.79501154
 47550104.79594529 47550393.7968758  47550683.79780955 47550973.79874329
 47551262.7996738  47551552.80060755 47551841.80153806 47552132.80247501
 47552421.80340553 47552711.80433928 47553000.80526979 47553290.80620354]"	0.0	0.0	0.0
4114.719391771463	2.0	trials	8.0	0.0	0.0	0.0	0.0	0.0	True	40.0	0.0	0.005	"[47632179.06020606 47632468.06113658 47632758.06207033 47633047.06300084
 47633337.06393456 47633627.06486831 47633916.06579882 47634207.06673579
 47634495.06766309 47634786.06860005 47635074.06952734 47635365.0704643
 47635654.07139482 47635944.07232855 47636234.0732623  47636523.07419281
 47636814.07512976 47637102.07605708 47637393.07699403 47637682.07792454]"	0.0	0.0	0.0
4122.313976224375	2.0	trials	8.0	0.0	0.0	0.0	0.0	0.0	True	40.0	0.0	0.005	"[47720078.34322209 47720367.3441526  47720657.34508634 47720947.34602008
 47721237.34695381 47721527.34788755 47721816.34881807 47722106.34975181
 47722395.35068233 47722684.35161285 47722975.35254981 47723264.35348033
 47723553.35441084 47723844.3553478  47724133.35627832 47724423.35721205
 47724713.3581458  47725002.35907632 47725291.36000684 47725581.36094058]"	0.0	0.0	0.0
4131.218302494371	2.0	trials	8.0	0.0	0.0	0.0	0.0	0.0	True	40.0	0.0	0.005	"[47823137.67505007 47823428.67598703 47823717.67691755 47824006.67784807
 47824296.67878181 47824586.67971555 47824876.68064928 47825165.68157981
 47825455.68251354 47825745.68344728 47826034.6843778  47826324.68531154
 47826614.68624528 47826903.6871758  47827192.68810631 47827483.68904327
 47827772.68997379 47828062.69090752 47828352.69184127 47828641.69277179]"	0.0	0.0	0.0
4215.877269477847	2.0	trials	9.0	0.0	0.0	0.0	0.0	0.0	True	5.0	0.0	0.01	"[48803035.83010292 48805352.83756317 48807669.84502342               nan
               nan               nan               nan               nan
               nan               nan               nan               nan
               nan               nan               nan               nan
               nan               nan               nan               nan]"	0.0	0.0	0.0
4223.989132396283	2.0	trials	9.0	0.0	0.0	0.0	0.0	0.0	True	5.0	0.0	0.01	"[48896923.13239902 48899240.13985927 48901558.14732274               nan
               nan               nan               nan               nan
               nan               nan               nan               nan
               nan               nan               nan               nan
               nan               nan               nan               nan]"	0.0	0.0	0.0
4232.011311825957	2.0	trials	9.0	0.0	0.0	0.0	0.0	0.0	True	5.0	0.0	0.01	"[48989772.431353   48992089.43881325 48994406.44627349               nan
               nan               nan               nan               nan
               nan               nan               nan               nan
               nan               nan               nan               nan
               nan               nan               nan               nan]"	0.0	0.0	0.0
4238.264013558298	2.0	trials	9.0	0.0	0.0	0.0	0.0	0.0	True	5.0	0.0	0.01	"[49062140.66436251 49064458.67182598 49066775.67928623               nan
               nan               nan               nan               nan
               nan               nan               nan               nan
               nan               nan               nan               nan
               nan               nan               nan               nan]"	0.0	0.0	0.0
4243.537281737074	2.0	trials	9.0	0.0	0.0	0.0	0.0	0.0	True	5.0	0.0	0.01	"[49123174.86087897 49125491.86833921 49127808.87579946               nan
               nan               nan               nan               nan
               nan               nan               nan               nan
               nan               nan               nan               nan
               nan               nan               nan               nan]"	0.0	0.0	0.0
4251.049440324593	2.0	trials	9.0	0.0	0.0	0.0	0.0	0.0	True	5.0	0.0	0.01	"[49210121.14082655 49212438.14828679 49214755.15574703               nan
               nan               nan               nan               nan
               nan               nan               nan               nan
               nan               nan               nan               nan
               nan               nan               nan               nan]"	0.0	0.0	0.0
4257.943404921662	2.0	trials	9.0	0.0	0.0	0.0	0.0	0.0	True	5.0	0.0	0.01	"[49289911.39773332 49292229.40519679 49294546.41265704               nan
               nan               nan               nan               nan
               nan               nan               nan               nan
               nan               nan               nan               nan
               nan               nan               nan               nan]"	0.0	0.0	0.0
4266.506277292249	2.0	trials	9.0	0.0	0.0	0.0	0.0	0.0	True	5.0	0.0	0.01	"[49389019.71683995 49391336.72430018 49393653.73176043               nan
               nan               nan               nan               nan
               nan               nan               nan               nan
               nan               nan               nan               nan
               nan               nan               nan               nan]"	0.0	0.0	0.0
4274.401880314375	2.0	trials	9.0	0.0	0.0	0.0	0.0	0.0	True	5.0	0.0	0.01	"[49480404.01107692 49482721.01853717 49485038.02599742               nan
               nan               nan               nan               nan
               nan               nan               nan               nan
               nan               nan               nan               nan
               nan               nan               nan               nan]"	0.0	0.0	0.0
4282.304136157922	2.0	trials	9.0	0.0	0.0	0.0	0.0	0.0	True	5.0	0.0	0.01	"[49571865.30556183 49574182.31302207 49576499.32048232               nan
               nan               nan               nan               nan
               nan               nan               nan               nan
               nan               nan               nan               nan
               nan               nan               nan               nan]"	0.0	0.0	0.0
4287.628553301388	2.0	trials	9.0	0.0	0.0	0.0	0.0	0.0	True	5.0	0.0	0.01	"[49633490.50398118 49635807.51144142 49638125.51890489               nan
               nan               nan               nan               nan
               nan               nan               nan               nan
               nan               nan               nan               nan
               nan               nan               nan               nan]"	0.0	0.0	0.0
4294.396373492298	2.0	trials	9.0	0.0	0.0	0.0	0.0	0.0	True	5.0	0.0	0.01	"[49711821.75619029 49714138.76365054 49716455.77111078               nan
               nan               nan               nan               nan
               nan               nan               nan               nan
               nan               nan               nan               nan
               nan               nan               nan               nan]"	0.0	0.0	0.0
4300.826368595485	2.0	trials	9.0	0.0	0.0	0.0	0.0	0.0	True	5.0	0.0	0.01	"[49786242.99581003 49788560.00327028 49790877.01073053               nan
               nan               nan               nan               nan
               nan               nan               nan               nan
               nan               nan               nan               nan
               nan               nan               nan               nan]"	0.0	0.0	0.0
4306.303887031904	2.0	trials	9.0	0.0	0.0	0.0	0.0	0.0	True	5.0	0.0	0.01	"[49849640.19993485 49851957.20739509 49854274.21485534               nan
               nan               nan               nan               nan
               nan               nan               nan               nan
               nan               nan               nan               nan
               nan               nan               nan               nan]"	0.0	0.0	0.0
4312.670118729786	2.0	trials	9.0	0.0	0.0	0.0	0.0	0.0	True	5.0	0.0	0.01	"[49923323.43717839 49925640.44463863 49927957.45209887               nan
               nan               nan               nan               nan
               nan               nan               nan               nan
               nan               nan               nan               nan
               nan               nan               nan               nan]"	0.0	0.0	0.0
4319.954439783718	2.0	trials	9.0	0.0	0.0	0.0	0.0	0.0	True	5.0	0.0	0.01	"[50007632.70863538 50009949.71609563 50012266.72355588               nan
               nan               nan               nan               nan
               nan               nan               nan               nan
               nan               nan               nan               nan
               nan               nan               nan               nan]"	0.0	0.0	0.0
4326.319980279374	2.0	trials	9.0	0.0	0.0	0.0	0.0	0.0	True	5.0	0.0	0.01	"[50081307.94585316 50083624.9533134  50085941.96077365               nan
               nan               nan               nan               nan
               nan               nan               nan               nan
               nan               nan               nan               nan
               nan               nan               nan               nan]"	0.0	0.0	0.0
4335.12218142055	2.0	trials	9.0	0.0	0.0	0.0	0.0	0.0	True	5.0	0.0	0.01	"[50183185.27387536 50185502.28133561 50187819.28879586               nan
               nan               nan               nan               nan
               nan               nan               nan               nan
               nan               nan               nan               nan
               nan               nan               nan               nan]"	0.0	0.0	0.0
4341.500336356822	2.0	trials	9.0	0.0	0.0	0.0	0.0	0.0	True	5.0	0.0	0.01	"[50257006.51156323 50259323.51902348 50261640.52648373               nan
               nan               nan               nan               nan
               nan               nan               nan               nan
               nan               nan               nan               nan
               nan               nan               nan               nan]"	0.0	0.0	0.0
4347.350585593353	2.0	trials	9.0	0.0	0.0	0.0	0.0	0.0	True	5.0	0.0	0.01	"[50324717.7295782  50327034.73703845 50329351.74449869               nan
               nan               nan               nan               nan
               nan               nan               nan               nan
               nan               nan               nan               nan
               nan               nan               nan               nan]"	0.0	0.0	0.0
4352.936709179457	2.0	trials	9.0	0.0	0.0	0.0	0.0	0.0	True	5.0	0.0	0.01	"[50389371.93775029 50391688.94521053 50394005.95267078               nan
               nan               nan               nan               nan
               nan               nan               nan               nan
               nan               nan               nan               nan
               nan               nan               nan               nan]"	0.0	0.0	0.0
4358.241859060887	2.0	trials	9.0	0.0	0.0	0.0	0.0	0.0	True	5.0	0.0	0.01	"[50450774.13545164 50453091.14291189 50455408.15037213               nan
               nan               nan               nan               nan
               nan               nan               nan               nan
               nan               nan               nan               nan
               nan               nan               nan               nan]"	0.0	0.0	0.0
4366.247190436314	2.0	trials	9.0	0.0	0.0	0.0	0.0	0.0	True	5.0	0.0	0.01	"[50543428.43377774 50545745.44123799 50548062.44869823               nan
               nan               nan               nan               nan
               nan               nan               nan               nan
               nan               nan               nan               nan
               nan               nan               nan               nan]"	0.0	0.0	0.0
4371.75304816398	2.0	trials	9.0	0.0	0.0	0.0	0.0	0.0	True	5.0	0.0	0.01	"[50607153.63895865 50609470.6464189  50611787.65387914               nan
               nan               nan               nan               nan
               nan               nan               nan               nan
               nan               nan               nan               nan
               nan               nan               nan               nan]"	0.0	0.0	0.0
4377.645115135155	2.0	trials	9.0	0.0	0.0	0.0	0.0	0.0	True	5.0	0.0	0.01	"[50675348.858532   50677665.86599225 50679983.87345572               nan
               nan               nan               nan               nan
               nan               nan               nan               nan
               nan               nan               nan               nan
               nan               nan               nan               nan]"	0.0	0.0	0.0
4385.680859408505	2.0	trials	9.0	0.0	0.0	0.0	0.0	0.0	True	5.0	0.0	0.01	"[50768354.15798825 50770672.16545172 50772989.17291197               nan
               nan               nan               nan               nan
               nan               nan               nan               nan
               nan               nan               nan               nan
               nan               nan               nan               nan]"	0.0	0.0	0.0
4391.342928839138	2.0	trials	9.0	0.0	0.0	0.0	0.0	0.0	True	5.0	0.0	0.01	"[50833888.36899375 50836205.376454   50838522.38391425               nan
               nan               nan               nan               nan
               nan               nan               nan               nan
               nan               nan               nan               nan
               nan               nan               nan               nan]"	0.0	0.0	0.0
4396.532561548628	2.0	trials	9.0	0.0	0.0	0.0	0.0	0.0	True	5.0	0.0	0.01	"[50893953.56239025 50896270.56985049 50898588.57731395               nan
               nan               nan               nan               nan
               nan               nan               nan               nan
               nan               nan               nan               nan
               nan               nan               nan               nan]"	0.0	0.0	0.0
4401.878578761642	2.0	trials	9.0	0.0	0.0	0.0	0.0	0.0	True	5.0	0.0	0.01	"[50955828.76161454 50958145.76907479 50960462.77653503               nan
               nan               nan               nan               nan
               nan               nan               nan               nan
               nan               nan               nan               nan
               nan               nan               nan               nan]"	0.0	0.0	0.0
4410.633950952037	2.0	trials	9.0	0.0	0.0	0.0	0.0	0.0	True	5.0	0.0	0.01	"[51057164.08789162 51059481.09535186 51061798.10281211               nan
               nan               nan               nan               nan
               nan               nan               nan               nan
               nan               nan               nan               nan
               nan               nan               nan               nan]"	0.0	0.0	0.0
4427.485115609125	2.0	trials	10.0	0.0	0.0	0.0	0.0	0.0	True	10.0	0.0	0.005	"[51252152.71571138 51253311.71944311 51254470.72317485 51255628.72690336
 51256786.73063187               nan               nan               nan
               nan               nan               nan               nan
               nan               nan               nan               nan
               nan               nan               nan               nan]"	0.0	0.0	0.0
4435.898774699279	2.0	trials	10.0	0.0	0.0	0.0	0.0	0.0	True	10.0	0.0	0.005	"[51349533.02925421 51350691.03298271 51351851.03671767 51353008.04044295
 51354167.0441747                nan               nan               nan
               nan               nan               nan               nan
               nan               nan               nan               nan
               nan               nan               nan               nan]"	0.0	0.0	0.0
4443.158471673926	2.0	trials	10.0	0.0	0.0	0.0	0.0	0.0	True	10.0	0.0	0.005	"[51433557.29979356 51434716.30352529 51435874.30725381 51437032.31098232
 51438191.31471404               nan               nan               nan
               nan               nan               nan               nan
               nan               nan               nan               nan
               nan               nan               nan               nan]"	0.0	0.0	0.0
4449.362530049645	2.0	trials	10.0	0.0	0.0	0.0	0.0	0.0	True	10.0	0.0	0.005	"[51505363.53099356 51506521.53472207 51507681.53845702 51508839.54218553
 51509997.54591405               nan               nan               nan
               nan               nan               nan               nan
               nan               nan               nan               nan
               nan               nan               nan               nan]"	0.0	0.0	0.0
4456.29865798247	2.0	trials	10.0	0.0	0.0	0.0	0.0	0.0	True	10.0	0.0	0.005	"[51585641.78947159 51586801.79320654 51587959.79693505 51589118.80066679
 51590275.80439208               nan               nan               nan
               nan               nan               nan               nan
               nan               nan               nan               nan
               nan               nan               nan               nan]"	0.0	0.0	0.0
4462.335099818501	2.0	trials	10.0	0.0	0.0	0.0	0.0	0.0	True	10.0	0.0	0.005	"[51655508.0144252  51656666.01815372 51657826.02188867 51658983.02561397
 51660142.02934569               nan               nan               nan
               nan               nan               nan               nan
               nan               nan               nan               nan
               nan               nan               nan               nan]"	0.0	0.0	0.0
4471.089608006116	2.0	trials	10.0	0.0	0.0	0.0	0.0	0.0	True	10.0	0.0	0.005	"[51756834.34067331 51757992.34440182 51759150.34813033 51760309.35186206
 51761467.35559058               nan               nan               nan
               nan               nan               nan               nan
               nan               nan               nan               nan
               nan               nan               nan               nan]"	0.0	0.0	0.0
4479.431382064814	2.0	trials	10.0	0.0	0.0	0.0	0.0	0.0	True	10.0	0.0	0.005	"[51853382.65153725 51854540.65526578 51855698.6589943  51856856.6627228
 51858016.66645775               nan               nan               nan
               nan               nan               nan               nan
               nan               nan               nan               nan
               nan               nan               nan               nan]"	0.0	0.0	0.0
4484.997115185266	2.0	trials	10.0	0.0	0.0	0.0	0.0	0.0	True	10.0	0.0	0.005	"[51917800.85894948 51918958.862678   51920116.86640652 51921275.87013824
 51922433.87386677               nan               nan               nan
               nan               nan               nan               nan
               nan               nan               nan               nan
               nan               nan               nan               nan]"	0.0	0.0	0.0
4491.045912261077	2.0	trials	10.0	0.0	0.0	0.0	0.0	0.0	True	10.0	0.0	0.005	"[51987810.08436353 51988968.08809204 51990127.09182378 51991285.09555228
 51992444.09928402               nan               nan               nan
               nan               nan               nan               nan
               nan               nan               nan               nan
               nan               nan               nan               nan]"	0.0	0.0	0.0
4500.033701199805	2.0	trials	10.0	0.0	0.0	0.0	0.0	0.0	True	10.0	0.0	0.005	"[52091834.41929861 52092993.42303035 52094151.42675886 52095310.43049059
 52096468.43421911               nan               nan               nan
               nan               nan               nan               nan
               nan               nan               nan               nan
               nan               nan               nan               nan]"	0.0	0.0	0.0
4506.315174224783	2.0	trials	10.0	0.0	0.0	0.0	0.0	0.0	True	10.0	0.0	0.005	"[52164537.65338676 52165695.65711528 52166854.660847   52168012.66457552
 52169171.66830725               nan               nan               nan
               nan               nan               nan               nan
               nan               nan               nan               nan
               nan               nan               nan               nan]"	0.0	0.0	0.0
4514.636903418942	2.0	trials	10.0	0.0	0.0	0.0	0.0	0.0	True	10.0	0.0	0.005	"[52260852.96350052 52262010.96722902 52263169.97096077 52264328.97469249
 52265486.97842101               nan               nan               nan
               nan               nan               nan               nan
               nan               nan               nan               nan
               nan               nan               nan               nan]"	0.0	0.0	0.0
4520.655633197945	2.0	trials	10.0	0.0	0.0	0.0	0.0	0.0	True	10.0	0.0	0.005	"[52330516.18780051 52331674.19152903 52332832.19525754 52333990.19898606
 52335149.20271778               nan               nan               nan
               nan               nan               nan               nan
               nan               nan               nan               nan
               nan               nan               nan               nan]"	0.0	0.0	0.0
4527.6273580453835	2.0	trials	10.0	0.0	0.0	0.0	0.0	0.0	True	10.0	0.0	0.005	"[52411206.4476051  52412365.45133683 52413523.45506534 52414681.45879386
 52415840.46252559               nan               nan               nan
               nan               nan               nan               nan
               nan               nan               nan               nan
               nan               nan               nan               nan]"	0.0	0.0	0.0
4535.8498997201805	2.0	trials	10.0	0.0	0.0	0.0	0.0	0.0	True	10.0	0.0	0.005	"[52506374.75402576 52507532.75775426 52508692.76148922 52509849.7652145
 52511007.76894303               nan               nan               nan
               nan               nan               nan               nan
               nan               nan               nan               nan
               nan               nan               nan               nan]"	0.0	0.0	0.0
4542.597675046551	2.0	trials	10.0	0.0	0.0	0.0	0.0	0.0	True	10.0	0.0	0.005	"[52584473.00548465 52585631.00921317 52586791.01294812 52587948.01667342
 52589108.02040837               nan               nan               nan
               nan               nan               nan               nan
               nan               nan               nan               nan
               nan               nan               nan               nan]"	0.0	0.0	0.0
4549.737707635904	2.0	trials	10.0	0.0	0.0	0.0	0.0	0.0	True	10.0	0.0	0.005	"[52667112.2715646  52668270.27529311 52669429.27902484 52670587.28275336
 52671746.28648508               nan               nan               nan
               nan               nan               nan               nan
               nan               nan               nan               nan
               nan               nan               nan               nan]"	0.0	0.0	0.0
4554.981858920932	2.0	trials	10.0	0.0	0.0	0.0	0.0	0.0	True	10.0	0.0	0.005	"[52727809.46699598 52728967.47072451 52730125.47445301 52731284.47818475
 52732442.48191325               nan               nan               nan
               nan               nan               nan               nan
               nan               nan               nan               nan
               nan               nan               nan               nan]"	0.0	0.0	0.0
4563.216583034954	2.0	trials	10.0	0.0	0.0	0.0	0.0	0.0	True	10.0	0.0	0.005	"[52823116.77386419 52824277.77760237 52825434.78132766 52826593.78505939
 52827752.78879113               nan               nan               nan
               nan               nan               nan               nan
               nan               nan               nan               nan
               nan               nan               nan               nan]"	0.0	0.0	0.0
4571.022156967206	2.0	trials	10.0	0.0	0.0	0.0	0.0	0.0	True	10.0	0.0	0.005	"[52913460.06474938 52914619.06848111 52915778.07221285 52916936.07594136
 52918095.0796731                nan               nan               nan
               nan               nan               nan               nan
               nan               nan               nan               nan
               nan               nan               nan               nan]"	0.0	0.0	0.0
4579.202880907359	2.0	trials	10.0	0.0	0.0	0.0	0.0	0.0	True	10.0	0.0	0.005	"[53008144.36961165 53009303.3733434  53010461.3770719  53011620.38080364
 53012779.38453537               nan               nan               nan
               nan               nan               nan               nan
               nan               nan               nan               nan
               nan               nan               nan               nan]"	0.0	0.0	0.0
4584.514424409374	2.0	trials	10.0	0.0	0.0	0.0	0.0	0.0	True	10.0	0.0	0.005	"[53069620.56755126 53070779.571283   53071938.57501473 53073096.57874323
 53074255.58247497               nan               nan               nan
               nan               nan               nan               nan
               nan               nan               nan               nan
               nan               nan               nan               nan]"	0.0	0.0	0.0
4593.3701073227485	2.0	trials	10.0	0.0	0.0	0.0	0.0	0.0	True	10.0	0.0	0.005	"[53172117.89756974 53173276.90130147 53174433.90502677 53175592.90875849
 53176751.91249022               nan               nan               nan
               nan               nan               nan               nan
               nan               nan               nan               nan
               nan               nan               nan               nan]"	0.0	0.0	0.0
4599.04608719817	2.0	trials	10.0	0.0	0.0	0.0	0.0	0.0	True	10.0	0.0	0.005	"[53237811.10908718 53238971.11282214 53240129.11655064 53241287.12027916
 53242446.12401088               nan               nan               nan
               nan               nan               nan               nan
               nan               nan               nan               nan
               nan               nan               nan               nan]"	0.0	0.0	0.0
4605.160202884294	2.0	trials	10.0	0.0	0.0	0.0	0.0	0.0	True	10.0	0.0	0.005	"[53308576.33693539 53309735.34066712 53310894.34439884 53312053.34813059
 53313211.35185909               nan               nan               nan
               nan               nan               nan               nan
               nan               nan               nan               nan
               nan               nan               nan               nan]"	0.0	0.0	0.0
4612.041985042138	2.0	trials	10.0	0.0	0.0	0.0	0.0	0.0	True	10.0	0.0	0.005	"[53388227.59339461 53389385.59712312 53390544.60085485 53391702.60458337
 53392861.6083151                nan               nan               nan
               nan               nan               nan               nan
               nan               nan               nan               nan
               nan               nan               nan               nan]"	0.0	0.0	0.0
4617.333310879057	2.0	trials	10.0	0.0	0.0	0.0	0.0	0.0	True	10.0	0.0	0.005	"[53449469.79058078 53450627.7943093  53451786.79804102 53452944.80176955
 53454103.80550127               nan               nan               nan
               nan               nan               nan               nan
               nan               nan               nan               nan
               nan               nan               nan               nan]"	0.0	0.0	0.0
4633.660803450035	2.0	trials	10.0	0.0	0.0	0.0	0.0	0.0	True	10.0	0.0	0.005	"[53540942.08510111 53542100.08882961 53543258.09255814 53544417.09628986
 53545576.10002161               nan               nan               nan
               nan               nan               nan               nan
               nan               nan               nan               nan
               nan               nan               nan               nan]"	0.0	0.0	0.0
4641.366757861533	2.0	trials	10.0	0.0	0.0	0.0	0.0	0.0	False	0.0	0.0	0.0	"[nan nan nan nan nan nan nan nan nan nan nan nan nan nan nan nan nan nan
 nan nan]"	0.0	0.0	0.0
4665.424310521625	2.0	trials	11.0	0.0	0.0	0.0	0.0	0.0	True	20.0	0.0	0.005	"[53638444.39903674 53639603.40276849 53640761.40649699 53641920.41022872
 53643079.41396046 54006078.58273657 54006656.58459761 54007236.58646508
 54007816.58833257 54008394.5901936                nan               nan
               nan               nan               nan               nan
               nan               nan               nan               nan]"	0.0	0.0	0.0
4670.9692211750325	2.0	trials	11.0	0.0	0.0	0.0	0.0	0.0	True	20.0	0.0	0.005	"[54008974.59206107 54009553.59392533 54010132.59578959 54010712.59765706
 54011291.59952132 54070254.7893696  54070834.79123708 54071414.79310454
 54071992.7949656  54072573.79683629               nan               nan
               nan               nan               nan               nan
               nan               nan               nan               nan]"	0.0	0.0	0.0
4676.407773085987	2.0	trials	11.0	0.0	0.0	0.0	0.0	0.0	True	20.0	0.0	0.005	"[54073152.79870054 54073731.8005648  54074310.80242905 54074889.80429331
 54075468.80615757 54133201.99204551 54133780.99390977 54134359.99577402
 54134938.99763829 54135518.99950575               nan               nan
               nan               nan               nan               nan
               nan               nan               nan               nan]"	0.0	0.0	0.0
4682.745233491232	2.0	trials	11.0	0.0	0.0	0.0	0.0	0.0	True	20.0	0.0	0.005	"[54136098.00137002 54136677.00323427 54137256.00509851 54137836.00696599
 54138414.00882704 54206551.22821364 54207131.23008112 54207709.23194215
 54208289.23380963 54208868.23567389               nan               nan
               nan               nan               nan               nan
               nan               nan               nan               nan]"	0.0	0.0	0.0
4690.7504784663815	2.0	trials	11.0	0.0	0.0	0.0	0.0	0.0	True	20.0	0.0	0.005	"[54209447.23753815 54210026.2394024  54210606.24126988 54211185.24313413
 54211764.24499839 54299204.52653653 54299783.5284008  54300362.53026504
 54300942.53213252 54301522.53399999               nan               nan
               nan               nan               nan               nan
               nan               nan               nan               nan]"	0.0	0.0	0.0
4696.004911384513	2.0	trials	11.0	0.0	0.0	0.0	0.0	0.0	True	20.0	0.0	0.005	"[54302101.53586425 54302679.53772529 54303259.53959277 54303838.54145703
 54304418.54332449 54360019.72234786 54360599.72421533 54361178.72607959
 54361757.72794385 54362336.7298081                nan               nan
               nan               nan               nan               nan
               nan               nan               nan               nan]"	0.0	0.0	0.0
4705.099923068475	2.0	trials	11.0	0.0	0.0	0.0	0.0	0.0	True	20.0	0.0	0.005	"[54362916.73167557 54363495.73353983 54364074.7354041  54364653.73726835
 54365233.73913582 54465286.06128192 54465866.0631494  54466445.06501365
 54467024.06687791 54467604.06874539               nan               nan
               nan               nan               nan               nan
               nan               nan               nan               nan]"	0.0	0.0	0.0
4711.350896795252	2.0	trials	11.0	0.0	0.0	0.0	0.0	0.0	True	20.0	0.0	0.005	"[54468183.07060964 54468761.07247069 54469341.07433816 54469920.07620241
 54470500.07806988 54537635.29423026 54538215.29609774 54538795.29796522
 54539373.29982625 54539953.30169373               nan               nan
               nan               nan               nan               nan
               nan               nan               nan               nan]"	0.0	0.0	0.0
4716.650171457764	2.0	trials	11.0	0.0	0.0	0.0	0.0	0.0	True	20.0	0.0	0.005	"[54540532.30355798 54541111.30542225 54541690.30728649 54542270.30915397
 54542849.31101823 54598970.49171588 54599548.49357692 54600128.49544439
 54600706.49730542 54601286.4991729                nan               nan
               nan               nan               nan               nan
               nan               nan               nan               nan]"	0.0	0.0	0.0
4725.614718721658	2.0	trials	11.0	0.0	0.0	0.0	0.0	0.0	True	20.0	0.0	0.005	"[54601865.50103716 54602444.50290143 54603024.50476889 54603604.50663637
 54604183.50850062 54702725.82578484 54703305.82765231 54703883.82951336
 54704463.83138083 54705043.83324831               nan               nan
               nan               nan               nan               nan
               nan               nan               nan               nan]"	0.0	0.0	0.0
4734.710335207567	2.0	trials	11.0	0.0	0.0	0.0	0.0	0.0	True	20.0	0.0	0.005	"[54705621.83510935 54706201.83697683 54706780.83884108 54707360.84070855
 54707939.8425728  54808000.16474466 54808580.16661214 54809159.16847639
 54809737.17033744 54810318.17220813               nan               nan
               nan               nan               nan               nan
               nan               nan               nan               nan]"	0.0	0.0	0.0
4743.014352344698	2.0	trials	11.0	0.0	0.0	0.0	0.0	0.0	True	20.0	0.0	0.005	"[54810897.17407238 54811475.17593343 54812055.1778009  54812634.17966516
 54813213.18152941 54904110.47419836 54904690.47606584 54905269.47793008
 54905849.47979756 54906428.48166183               nan               nan
               nan               nan               nan               nan
               nan               nan               nan               nan]"	0.0	0.0	0.0
4751.259876493494	2.0	trials	11.0	0.0	0.0	0.0	0.0	0.0	True	20.0	0.0	0.005	"[54907008.4835293  54907587.48539355 54908165.48725458 54908745.48912206
 54909324.49098633 54999545.7814787  55000123.78333973 55000703.78520721
 55001283.78707469 55001861.78893571               nan               nan
               nan               nan               nan               nan
               nan               nan               nan               nan]"	0.0	0.0	0.0
4757.126800983716	2.0	trials	11.0	0.0	0.0	0.0	0.0	0.0	True	20.0	0.0	0.005	"[55002441.79080321 55003020.79266746 55003600.79453493 55004179.79639918
 55004758.79826345 55067450.00011509 55068030.00198257 55068609.00384682
 55069188.00571107 55069767.00757533               nan               nan
               nan               nan               nan               nan
               nan               nan               nan               nan]"	0.0	0.0	0.0
4766.121069943307	2.0	trials	11.0	0.0	0.0	0.0	0.0	0.0	True	20.0	0.0	0.005	"[55070346.00943959 55070925.01130385 55071504.0131681  55072083.01503237
 55072664.01690307 55171550.33529489 55172129.33715914 55172708.33902338
 55173286.34088443 55173866.34275191               nan               nan
               nan               nan               nan               nan
               nan               nan               nan               nan]"	0.0	0.0	0.0
4773.801363472184	2.0	trials	11.0	0.0	0.0	0.0	0.0	0.0	True	20.0	0.0	0.005	"[55174446.34461938 55175025.34648363 55175604.34834789 55176183.35021215
 55176762.35207641 55260442.62150816 55261020.62336919 55261599.62523344
 55262179.62710091 55262758.62896518               nan               nan
               nan               nan               nan               nan
               nan               nan               nan               nan]"	0.0	0.0	0.0
4781.98571622402	2.0	trials	11.0	0.0	0.0	0.0	0.0	0.0	True	20.0	0.0	0.005	"[55263337.63082944 55263916.63269369 55264495.63455795 55265076.63642865
 55265655.63829291 55355167.92650245 55355746.92836671 55356325.93023096
 55356905.93209843 55357484.9339627                nan               nan
               nan               nan               nan               nan
               nan               nan               nan               nan]"	0.0	0.0	0.0
4790.655724939565	2.0	trials	11.0	0.0	0.0	0.0	0.0	0.0	True	20.0	0.0	0.005	"[55358064.93583017 55358643.93769442 55359221.93955545 55359801.94142294
 55360380.94328719 55455515.24959838 55456095.25146585 55456673.25332688
 55457253.25519436 55457832.25705863               nan               nan
               nan               nan               nan               nan
               nan               nan               nan               nan]"	0.0	0.0	0.0
4799.739504587361	2.0	trials	11.0	0.0	0.0	0.0	0.0	0.0	True	20.0	0.0	0.005	"[55458412.2589261  55458991.26079036 55459570.26265461 55460150.26452209
 55460728.26638312 55560651.58811386 55561231.58998134 55561810.59184559
 55562389.59370986 55562969.59557733               nan               nan
               nan               nan               nan               nan
               nan               nan               nan               nan]"	0.0	0.0	0.0
4808.213384671413	2.0	trials	11.0	0.0	0.0	0.0	0.0	0.0	True	20.0	0.0	0.005	"[55563548.59744158 55564127.59930584 55564707.60117332 55565285.60303435
 55565865.60490184 55658729.9039041  55659308.90576836 55659888.90763584
 55660467.90950009 55661046.91136435               nan               nan
               nan               nan               nan               nan
               nan               nan               nan               nan]"	0.0	0.0	0.0
4814.451484756739	2.0	trials	11.0	0.0	0.0	0.0	0.0	0.0	True	20.0	0.0	0.005	"[55661626.91323181 55662204.91509286 55662784.91696034 55663363.91882459
 55663942.92068885 55730929.13636948 55731508.13823374 55732088.1401012
 55732667.14196546 55733247.14383294               nan               nan
               nan               nan               nan               nan
               nan               nan               nan               nan]"	0.0	0.0	0.0
4820.907140742549	2.0	trials	11.0	0.0	0.0	0.0	0.0	0.0	True	20.0	0.0	0.005	"[55733826.14569721 55734406.14756468 55734985.14942893 55735564.15129319
 55736143.15315744 55805647.3769455  55806227.37881297 55806805.380674
 55807385.38254149 55807964.38440575               nan               nan
               nan               nan               nan               nan
               nan               nan               nan               nan]"	0.0	0.0	0.0
4828.44349140796	2.0	trials	11.0	0.0	0.0	0.0	0.0	0.0	True	20.0	0.0	0.005	"[55808544.38627321 55809124.38814069 55809703.39000495 55810281.39186598
 55810860.39373024 55892873.6577946  55893453.65966208 55894032.66152634
 55894611.6633906  55895190.66525485               nan               nan
               nan               nan               nan               nan
               nan               nan               nan               nan]"	0.0	0.0	0.0
4836.267122998353	2.0	trials	11.0	0.0	0.0	0.0	0.0	0.0	True	20.0	0.0	0.005	"[55895771.66712555 55896349.66898657 55896928.67085084 55897508.67271832
 55898088.6745858  55983425.94935273 55984004.95121698 55984583.95308124
 55985163.95494871 55985742.95681296               nan               nan
               nan               nan               nan               nan
               nan               nan               nan               nan]"	0.0	0.0	0.0
4841.6370730884255	2.0	trials	11.0	0.0	0.0	0.0	0.0	0.0	True	20.0	0.0	0.005	"[55986322.95868046 55986900.96054149 55987480.96240895 55988060.96427643
 55988639.9661407  56045578.14946891 56046157.15133317 56046737.15320064
 56047316.1550649  56047895.15692915               nan               nan
               nan               nan               nan               nan
               nan               nan               nan               nan]"	0.0	0.0	0.0
4848.399795662923	2.0	trials	11.0	0.0	0.0	0.0	0.0	0.0	True	20.0	0.0	0.005	"[56048475.15879662 56049054.16066089 56049633.16252514 56050213.16439261
 56050791.16625366 56123850.40148804 56124428.40334909 56125007.40521333
 56125588.40708404 56126166.40894507               nan               nan
               nan               nan               nan               nan
               nan               nan               nan               nan]"	0.0	0.0	0.0
4853.980735232336	2.0	trials	11.0	0.0	0.0	0.0	0.0	0.0	True	20.0	0.0	0.005	"[56126746.41081255 56127325.4126768  56127904.41454106 56128483.41640532
 56129063.4182728  56188443.60946372 56189022.61132798 56189602.61319546
 56190181.61505971 56190760.61692397               nan               nan
               nan               nan               nan               nan
               nan               nan               nan               nan]"	0.0	0.0	0.0
4862.487793023212	2.0	trials	11.0	0.0	0.0	0.0	0.0	0.0	True	20.0	0.0	0.005	"[56191340.61879145 56191919.62065572 56192498.62251996 56193078.62438744
 56193657.62625169 56286904.92648714 56287484.92835462 56288063.93021887
 56288642.93208312 56289221.93394739               nan               nan
               nan               nan               nan               nan
               nan               nan               nan               nan]"	0.0	0.0	0.0
4869.37605520192	2.0	trials	11.0	0.0	0.0	0.0	0.0	0.0	True	20.0	0.0	0.005	"[56289800.93581165 56290380.93767911 56290959.93954337 56291538.94140763
 56292118.94327511 56366630.18318463 56367209.18504889 56367789.18691637
 56368368.18878061 56368948.19064809               nan               nan
               nan               nan               nan               nan
               nan               nan               nan               nan]"	0.0	0.0	0.0
4876.629444956258	2.0	trials	11.0	0.0	0.0	0.0	0.0	0.0	True	20.0	0.0	0.005	"[56369527.19251236 56370106.19437661 56370685.19624086 56371264.19810513
 56371844.1999726  56450581.45348894 56451161.45535642 56451740.45722067
 56452320.45908815 56452899.4609524                nan               nan
               nan               nan               nan               nan
               nan               nan               nan               nan]"	0.0	0.0	0.0
4918.4773332973655	2.0	trials	11.0	0.0	0.0	0.0	0.0	0.0	True	20.0	0.0	0.005	"[56453478.46281667 56454057.46468091 56454637.46654839 56455215.46840943
 56455795.47027691 56935768.01568113 56935778.01571331 56935795.01576805
 56935800.01578416 56945591.04730909               nan               nan
               nan               nan               nan               nan
               nan               nan               nan               nan]"	0.0	0.0	0.0
4924.825161735994	2.0	trials	11.0	0.0	0.0	0.0	0.0	0.0	True	20.0	0.0	0.005	"[56945594.04731874 57009268.25233544 57009270.25234188 57019054.28384427
 57019061.28386681 57070236.4486394  57080032.48018043 57080036.4801933
 57080038.48019974 57159966.73755085               nan               nan
               nan               nan               nan               nan
               nan               nan               nan               nan]"	0.0	0.0	0.0
4930.093418698636	2.0	trials	11.0	0.0	0.0	0.0	0.0	0.0	True	20.0	0.0	0.005	"[57169755.76906934 57169760.76908544 57169765.76910154 57257115.05034667
 57257118.05035634 57322692.26149064 57332488.29303166 57332491.29304132
 57332494.29305098 57392252.485459                 nan               nan
               nan               nan               nan               nan
               nan               nan               nan               nan]"	0.0	0.0	0.0
4937.84542445841	2.0	trials	11.0	0.0	0.0	0.0	0.0	0.0	True	20.0	0.0	0.005	"[57392263.48549441 57402036.5169614  57402041.51697748 57402046.51699357
 57402051.51700968 57402059.51703544 57402061.51704189 57475867.75468145
 57475869.75468789 57485661.78621604               nan               nan
               nan               nan               nan               nan
               nan               nan               nan               nan]"	0.0	0.0	0.0
4945.39283435943	2.0	trials	11.0	0.0	0.0	0.0	0.0	0.0	False	0.0	0.0	0.0	"[nan nan nan nan nan nan nan nan nan nan nan nan nan nan nan nan nan nan
 nan nan]"	0.0	0.0	0.0
4951.904996127175	2.0	trials	11.0	0.0	0.0	0.0	0.0	0.0	True	20.0	0.0	0.005	"[57485664.78622571 57584552.10462075 57584555.1046304  57642186.29018993
 57651982.32173096 57651985.32174062 57737617.59745739 57747402.628963
 57747405.62897266 57747407.62897909               nan               nan
               nan               nan               nan               nan
               nan               nan               nan               nan]"	0.0	0.0	0.0
4957.91594988114	2.0	trials	11.0	0.0	0.0	0.0	0.0	0.0	True	20.0	0.0	0.005	"[57842943.93658464 57842965.93665547 57852743.96813854 57852745.96814499
 57852748.96815465 57852753.96817075 57937798.24199429 57937801.24200394
 57947593.27353209 58022328.51416285               nan               nan
               nan               nan               nan               nan
               nan               nan               nan               nan]"	0.0	0.0	0.0
4965.139358738947	2.0	trials	11.0	0.0	0.0	0.0	0.0	0.0	True	20.0	0.0	0.005	"[58022335.51418539 58032129.54571997 58093294.74265823 58093303.7426872
 58093306.74269686 58103099.77422823 58103109.77426044 58168307.98418408
 58226779.17244823 58226784.17246432               nan               nan
               nan               nan               nan               nan
               nan               nan               nan               nan]"	0.0	0.0	0.0
4973.68339584889	2.0	trials	11.0	0.0	0.0	0.0	0.0	0.0	False	0.0	0.0	0.0	"[nan nan nan nan nan nan nan nan nan nan nan nan nan nan nan nan nan nan
 nan nan]"	0.0	0.0	0.0
4979.509453007528	2.0	trials	11.0	0.0	0.0	0.0	0.0	0.0	True	20.0	0.0	0.005	"[58236583.20401501 58319487.4709482  58319490.47095786 58329285.50249568
 58329288.50250533 58329307.50256652 58394766.71333053 58404547.74482325
 58404556.74485224 58404558.74485867               nan               nan
               nan               nan               nan               nan
               nan               nan               nan               nan]"	0.0	0.0	0.0
4987.75419955382	2.0	trials	11.0	0.0	0.0	0.0	0.0	0.0	True	20.0	0.0	0.005	"[58404561.74486834 58404563.74487478 58493934.03262711 58503718.06412949
 58503721.06413916 58503727.06415848 58503730.06416814 58577541.30182382
 58577572.30192362 58587319.33330689               nan               nan
               nan               nan               nan               nan
               nan               nan               nan               nan]"	0.0	0.0	0.0
4996.855345657532	2.0	trials	11.0	0.0	0.0	0.0	0.0	0.0	True	20.0	0.0	0.005	"[58587329.33333909 58587335.3333584  58587340.33337449 58671090.60303164
 58680880.63455334 58680883.634563   58680888.63457911 58768527.91675799
 58768531.91677087 58778318.94828292               nan               nan
               nan               nan               nan               nan
               nan               nan               nan               nan]"	0.0	0.0	0.0
5005.050239243309	2.0	trials	11.0	0.0	0.0	0.0	0.0	0.0	True	20.0	0.0	0.005	"[58778322.94829579 58850148.17955697 58859925.21103682 58859942.21109156
 58917974.39794223 58917986.39798085 58927778.42950901 58927783.42952511
 58927799.42957662 58994072.64296154               nan               nan
               nan               nan               nan               nan
               nan               nan               nan               nan]"	0.0	0.0	0.0
5012.354173160388	2.0	trials	11.0	0.0	0.0	0.0	0.0	0.0	True	20.0	0.0	0.005	"[59003860.67447682 59003862.67448326 59003867.67449936 59003869.6745058
 59003872.67451546 59095232.96867516 59095249.9687299  59105051.00028703
 59105053.00029348 59181440.24624331               nan               nan
               nan               nan               nan               nan
               nan               nan               nan               nan]"	0.0	0.0	0.0
5018.486000903541	2.0	trials	11.0	0.0	0.0	0.0	0.0	0.0	True	20.0	0.0	0.005	"[59181443.24625297 59181452.24628195 59191234.27777791 59191238.27779078
 59191242.27780367 59191244.2778101  59246778.45661774 59246785.45664027
 59256577.48816843 59256579.48817486               nan               nan
               nan               nan               nan               nan
               nan               nan               nan               nan]"	0.0	0.0	0.0
5024.119990243763	2.0	trials	11.0	0.0	0.0	0.0	0.0	0.0	False	0.0	0.0	0.0	"[nan nan nan nan nan nan nan nan nan nan nan nan nan nan nan nan nan nan
 nan nan]"	0.0	0.0	0.0
5030.018882836915	2.0	trials	11.0	0.0	0.0	0.0	0.0	0.0	True	20.0	0.0	0.005	"[59325876.71129642 59325905.71138979 59335687.74288574 59335689.74289218
 59335706.74294692 59657985.78061333 59658565.78248079 59659144.78434506
 59659723.78620932 59660303.78807678               nan               nan
               nan               nan               nan               nan
               nan               nan               nan               nan]"	0.0	0.0	0.0
5038.028447825974	2.0	trials	11.0	0.0	0.0	0.0	0.0	0.0	True	20.0	0.0	0.005	"[59660883.78994426 59661462.79180852 59662041.79367278 59662619.79553381
 59663199.79740129 59742224.05184171 59742804.05370919 59743383.05557345
 59743963.05744091 59744541.05930196               nan               nan
               nan               nan               nan               nan
               nan               nan               nan               nan]"	0.0	0.0	0.0
5044.532055966178	2.0	trials	11.0	0.0	0.0	0.0	0.0	0.0	True	20.0	0.0	0.005	"[59745121.06116944 59745700.06303369 59746280.06490117 59746859.06676542
 59747439.06863289 59820492.30384796 59821072.30571544 59821650.30757648
 59822229.30944074 59822809.31130821               nan               nan
               nan               nan               nan               nan
               nan               nan               nan               nan]"	0.0	0.0	0.0
5053.100198753737	2.0	trials	11.0	0.0	0.0	0.0	0.0	0.0	True	20.0	0.0	0.005	"[59823388.31317247 59823968.31503996 59824546.31690099 59825126.31876846
 59825705.32063271 59880764.49791095 59881343.49977522 59881923.50164269
 59882501.50350372 59883080.50536797               nan               nan
               nan               nan               nan               nan
               nan               nan               nan               nan]"	0.0	0.0	0.0
5060.3244716143245	2.0	trials	11.0	0.0	0.0	0.0	0.0	0.0	True	20.0	0.0	0.005	"[59883660.50723546 59884239.50909971 59884819.51096719 59885398.51283144
 59885977.51469571 59949678.71979932 59950257.72166358 59950837.72353105
 59951416.72539532 59951996.72726279               nan               nan
               nan               nan               nan               nan
               nan               nan               nan               nan]"	0.0	0.0	0.0
5068.40678563762	2.0	trials	11.0	0.0	0.0	0.0	0.0	0.0	True	20.0	0.0	0.005	"[59952575.72912706 59953154.7309913  59953733.73285557 59954313.73472305
 59954892.73658729 60033475.98960779 60034054.99147205 60034634.99333953
 60035213.99520377 60035792.99706804               nan               nan
               nan               nan               nan               nan
               nan               nan               nan               nan]"	0.0	0.0	0.0
5076.825196743074	2.0	trials	11.0	0.0	0.0	0.0	0.0	0.0	True	20.0	0.0	0.005	"[60036371.99893229 60036952.00079977 60037531.00266402 60038110.00452828
 60038690.00639576 60111597.24114075 60112177.24300823 60112755.24486925
 60113335.24673674 60113915.24860422               nan               nan
               nan               nan               nan               nan
               nan               nan               nan               nan]"	0.0	0.0	0.0
5083.877187448951	2.0	trials	11.0	0.0	0.0	0.0	0.0	0.0	True	20.0	0.0	0.005	"[60114494.25046847 60115073.25233272 60115652.25419698 60116231.25606123
 60116811.25792871 60185379.47870304 60185959.48057052 60186538.48243476
 60187118.48430225 60187698.48616972               nan               nan
               nan               nan               nan               nan
               nan               nan               nan               nan]"	0.0	0.0	0.0
5089.738495921091	2.0	trials	11.0	0.0	0.0	0.0	0.0	0.0	True	20.0	0.0	0.005	"[60188277.48803399 60188856.48989824 60189434.49175927 60190014.49362676
 60190594.49549423 60262924.72838139 60263503.73024566 60264083.73211314
 60264662.73397738 60265242.73584487               nan               nan
               nan               nan               nan               nan
               nan               nan               nan               nan]"	0.0	0.0	0.0
5096.312261087187	2.0	trials	11.0	0.0	0.0	0.0	0.0	0.0	True	20.0	0.0	0.005	"[60265820.7377059  60266400.73957337 60266979.74143763 60267559.74330511
 60268138.74516936 60343576.98806363 60344155.98992789 60344735.99179536
 60345314.99365962 60345893.99552387               nan               nan
               nan               nan               nan               nan
               nan               nan               nan               nan]"	0.0	0.0	0.0
5105.054759636132	2.0	trials	11.0	0.0	0.0	0.0	0.0	0.0	True	20.0	0.0	0.005	"[60346473.99739137 60347052.99925561 60347632.00111986 60348212.00298734
 60348791.00485159 60409244.19949736 60409822.20135839 60410401.20322265
 60410981.20509012 60411560.20695439               nan               nan
               nan               nan               nan               nan
               nan               nan               nan               nan]"	0.0	0.0	0.0
5112.501254012225	2.0	trials	11.0	0.0	0.0	0.0	0.0	0.0	True	20.0	0.0	0.005	"[60412140.20882187 60412719.21068611 60413298.21255037 60413877.21441463
 60414456.21627889 60493417.47051646 60493997.47238393 60494575.47424498
 60495155.47611246 60495733.47797348               nan               nan
               nan               nan               nan               nan
               nan               nan               nan               nan]"	0.0	0.0	0.0
5118.146561788889	2.0	trials	11.0	0.0	0.0	0.0	0.0	0.0	True	20.0	0.0	0.005	"[60496313.47984097 60496893.48170844 60497472.4835727  60498051.48543695
 60498631.48730443 60577226.74036356 60577806.74223103 60578385.7440953
 60578965.74596277 60579544.74782702               nan               nan
               nan               nan               nan               nan
               nan               nan               nan               nan]"	0.0	0.0	0.0
5124.981601396232	2.0	trials	11.0	0.0	0.0	0.0	0.0	0.0	True	20.0	0.0	0.005	"[60580124.7496945  60580703.75155877 60581282.75342301 60581861.75528727
 60582441.75715475 60640424.94384764 60641004.94571512 60641583.94757936
 60642163.94944684 60642742.95131111               nan               nan
               nan               nan               nan               nan
               nan               nan               nan               nan]"	0.0	0.0	0.0
5153.749178821579	2.0	trials	12.0	0.0	0.0	0.0	0.0	0.0	True	1.0	0.0	1.0	"[60643322.95317858               nan               nan               nan
               nan               nan               nan               nan
               nan               nan               nan               nan
               nan               nan               nan               nan
               nan               nan               nan               nan]"	0.0	0.0	0.0
5161.027365455759	2.0	trials	12.0	0.0	0.0	0.0	0.0	0.0	True	1.0	0.0	1.0	"[60643901.95504283               nan               nan               nan
               nan               nan               nan               nan
               nan               nan               nan               nan
               nan               nan               nan               nan
               nan               nan               nan               nan]"	0.0	0.0	0.0
5167.789656028865	2.0	trials	12.0	0.0	0.0	0.0	0.0	0.0	True	1.0	0.0	1.0	"[60644480.95690709               nan               nan               nan
               nan               nan               nan               nan
               nan               nan               nan               nan
               nan               nan               nan               nan
               nan               nan               nan               nan]"	0.0	0.0	0.0
5172.997173595939	2.0	trials	12.0	0.0	0.0	0.0	0.0	0.0	True	1.0	0.0	1.0	"[60645059.95877136               nan               nan               nan
               nan               nan               nan               nan
               nan               nan               nan               nan
               nan               nan               nan               nan
               nan               nan               nan               nan]"	0.0	0.0	0.0
5178.951448767411	2.0	trials	12.0	0.0	0.0	0.0	0.0	0.0	True	1.0	0.0	1.0	"[60645639.96063883               nan               nan               nan
               nan               nan               nan               nan
               nan               nan               nan               nan
               nan               nan               nan               nan
               nan               nan               nan               nan]"	0.0	0.0	0.0
5186.191446478631	2.0	trials	12.0	0.0	0.0	0.0	0.0	0.0	True	1.0	0.0	1.0	"[60713687.17973565               nan               nan               nan
               nan               nan               nan               nan
               nan               nan               nan               nan
               nan               nan               nan               nan
               nan               nan               nan               nan]"	0.0	0.0	0.0
5192.941209011399	2.0	trials	12.0	0.0	0.0	0.0	0.0	0.0	True	1.0	0.0	1.0	"[60714267.18160313               nan               nan               nan
               nan               nan               nan               nan
               nan               nan               nan               nan
               nan               nan               nan               nan
               nan               nan               nan               nan]"	0.0	0.0	0.0
5199.315994336823	2.0	trials	12.0	0.0	0.0	0.0	0.0	0.0	True	1.0	0.0	1.0	"[60714846.18346737               nan               nan               nan
               nan               nan               nan               nan
               nan               nan               nan               nan
               nan               nan               nan               nan
               nan               nan               nan               nan]"	0.0	0.0	0.0
5206.015817508797	2.0	trials	12.0	0.0	0.0	0.0	0.0	0.0	True	1.0	0.0	1.0	"[60715425.18533164               nan               nan               nan
               nan               nan               nan               nan
               nan               nan               nan               nan
               nan               nan               nan               nan
               nan               nan               nan               nan]"	0.0	0.0	0.0
5212.984172745387	2.0	trials	12.0	0.0	0.0	0.0	0.0	0.0	True	1.0	0.0	1.0	"[60716004.1871959              nan              nan              nan
              nan              nan              nan              nan
              nan              nan              nan              nan
              nan              nan              nan              nan
              nan              nan              nan              nan]"	0.0	0.0	0.0
5218.657819813298	2.0	trials	12.0	0.0	0.0	0.0	0.0	0.0	True	1.0	0.0	1.0	"[60716583.18906015               nan               nan               nan
               nan               nan               nan               nan
               nan               nan               nan               nan
               nan               nan               nan               nan
               nan               nan               nan               nan]"	0.0	0.0	0.0
5225.930390429394	2.0	trials	12.0	0.0	0.0	0.0	0.0	0.0	True	1.0	0.0	1.0	"[60717163.19092762               nan               nan               nan
               nan               nan               nan               nan
               nan               nan               nan               nan
               nan               nan               nan               nan
               nan               nan               nan               nan]"	0.0	0.0	0.0
5233.171597744508	2.0	trials	12.0	0.0	0.0	0.0	0.0	0.0	True	1.0	0.0	1.0	"[60717743.1927951              nan              nan              nan
              nan              nan              nan              nan
              nan              nan              nan              nan
              nan              nan              nan              nan
              nan              nan              nan              nan]"	0.0	0.0	0.0
5238.6319225255675	2.0	trials	12.0	0.0	0.0	0.0	0.0	0.0	True	1.0	0.0	1.0	"[60718322.19465937               nan               nan               nan
               nan               nan               nan               nan
               nan               nan               nan               nan
               nan               nan               nan               nan
               nan               nan               nan               nan]"	0.0	0.0	0.0
5244.961779706332	2.0	trials	12.0	0.0	0.0	0.0	0.0	0.0	True	1.0	0.0	1.0	"[60718900.1965204              nan              nan              nan
              nan              nan              nan              nan
              nan              nan              nan              nan
              nan              nan              nan              nan
              nan              nan              nan              nan]"	0.0	0.0	0.0
5250.461935015637	2.0	trials	12.0	0.0	0.0	0.0	0.0	0.0	True	1.0	0.0	1.0	"[60777346.38470405               nan               nan               nan
               nan               nan               nan               nan
               nan               nan               nan               nan
               nan               nan               nan               nan
               nan               nan               nan               nan]"	0.0	0.0	0.0
5256.334648324497	2.0	trials	12.0	0.0	0.0	0.0	0.0	0.0	True	1.0	0.0	1.0	"[60777925.38656831               nan               nan               nan
               nan               nan               nan               nan
               nan               nan               nan               nan
               nan               nan               nan               nan
               nan               nan               nan               nan]"	0.0	0.0	0.0
5263.148087862292	2.0	trials	12.0	0.0	0.0	0.0	0.0	0.0	True	1.0	0.0	1.0	"[60778506.388439             nan             nan             nan
             nan             nan             nan             nan
             nan             nan             nan             nan
             nan             nan             nan             nan
             nan             nan             nan             nan]"	0.0	0.0	0.0
5269.713385801125	2.0	trials	12.0	0.0	0.0	0.0	0.0	0.0	True	1.0	0.0	1.0	"[60779084.39030003               nan               nan               nan
               nan               nan               nan               nan
               nan               nan               nan               nan
               nan               nan               nan               nan
               nan               nan               nan               nan]"	0.0	0.0	0.0
5277.14596973243	2.0	trials	12.0	0.0	0.0	0.0	0.0	0.0	True	1.0	0.0	1.0	"[60779663.3921643              nan              nan              nan
              nan              nan              nan              nan
              nan              nan              nan              nan
              nan              nan              nan              nan
              nan              nan              nan              nan]"	0.0	0.0	0.0
5285.02420629864	2.0	trials	12.0	0.0	0.0	0.0	0.0	0.0	True	1.0	0.0	1.0	"[60780244.39403499               nan               nan               nan
               nan               nan               nan               nan
               nan               nan               nan               nan
               nan               nan               nan               nan
               nan               nan               nan               nan]"	0.0	0.0	0.0
5293.114296346971	2.0	trials	12.0	0.0	0.0	0.0	0.0	0.0	True	1.0	0.0	1.0	"[60780822.39589603               nan               nan               nan
               nan               nan               nan               nan
               nan               nan               nan               nan
               nan               nan               nan               nan
               nan               nan               nan               nan]"	0.0	0.0	0.0
5300.408121431503	2.0	trials	12.0	0.0	0.0	0.0	0.0	0.0	True	1.0	0.0	1.0	"[60781402.39776349               nan               nan               nan
               nan               nan               nan               nan
               nan               nan               nan               nan
               nan               nan               nan               nan
               nan               nan               nan               nan]"	0.0	0.0	0.0
5309.348303816948	2.0	trials	12.0	0.0	0.0	0.0	0.0	0.0	True	1.0	0.0	1.0	"[60781981.39962776               nan               nan               nan
               nan               nan               nan               nan
               nan               nan               nan               nan
               nan               nan               nan               nan
               nan               nan               nan               nan]"	0.0	0.0	0.0
5317.802311837016	2.0	trials	12.0	0.0	0.0	0.0	0.0	0.0	True	1.0	0.0	1.0	"[60782560.40149201               nan               nan               nan
               nan               nan               nan               nan
               nan               nan               nan               nan
               nan               nan               nan               nan
               nan               nan               nan               nan]"	0.0	0.0	0.0
5324.236972555225	2.0	trials	12.0	0.0	0.0	0.0	0.0	0.0	True	1.0	0.0	1.0	"[60845317.60355617               nan               nan               nan
               nan               nan               nan               nan
               nan               nan               nan               nan
               nan               nan               nan               nan
               nan               nan               nan               nan]"	0.0	0.0	0.0
5330.054994487991	2.0	trials	12.0	0.0	0.0	0.0	0.0	0.0	True	1.0	0.0	1.0	"[60845896.60542043               nan               nan               nan
               nan               nan               nan               nan
               nan               nan               nan               nan
               nan               nan               nan               nan
               nan               nan               nan               nan]"	0.0	0.0	0.0
5336.615194810411	2.0	trials	12.0	0.0	0.0	0.0	0.0	0.0	True	1.0	0.0	1.0	"[60846475.60728468               nan               nan               nan
               nan               nan               nan               nan
               nan               nan               nan               nan
               nan               nan               nan               nan
               nan               nan               nan               nan]"	0.0	0.0	0.0
5341.954213600891	2.0	trials	12.0	0.0	0.0	0.0	0.0	0.0	True	1.0	0.0	1.0	"[60847055.60915215               nan               nan               nan
               nan               nan               nan               nan
               nan               nan               nan               nan
               nan               nan               nan               nan
               nan               nan               nan               nan]"	0.0	0.0	0.0
5349.530653995383	2.0	trials	12.0	0.0	0.0	0.0	0.0	0.0	True	1.0	0.0	1.0	"[60847634.61101642               nan               nan               nan
               nan               nan               nan               nan
               nan               nan               nan               nan
               nan               nan               nan               nan
               nan               nan               nan               nan]"	0.0	0.0	0.0
