onset	duration	nwb_table	Block	sound	sound_puretone	sound_bluenoise	sound_freq	sound_amp	optogenetics	opto_freq	opto_power	opto_pulse_duration	opto_pulse_ts	airpuff	airpuff_duration	airpuff_amp
314.72423008327274	2.0	trials	1.0	1.0	1.0	0.0	10000.0	1.0	False	0.0	0.0	0.0	[NaN, NaN, NaN, NaN, NaN, NaN, NaN, NaN, NaN, NaN, NaN, NaN, NaN, NaN, NaN, NaN, NaN, NaN, NaN, NaN]	0.0	0.0	0.0
322.4712258226038	2.0	trials	1.0	1.0	1.0	0.0	10000.0	1.0	False	0.0	0.0	0.0	[NaN, NaN, NaN, NaN, NaN, NaN, NaN, NaN, NaN, NaN, NaN, NaN, NaN, NaN, NaN, NaN, NaN, NaN, NaN, NaN]	0.0	0.0	0.0
328.9566045050814	2.0	trials	1.0	1.0	1.0	0.0	10000.0	1.0	False	0.0	0.0	0.0	[NaN, NaN, NaN, NaN, NaN, NaN, NaN, NaN, NaN, NaN, NaN, NaN, NaN, NaN, NaN, NaN, NaN, NaN, NaN, NaN]	0.0	0.0	0.0
334.8728644672813	2.0	trials	1.0	1.0	1.0	0.0	10000.0	1.0	False	0.0	0.0	0.0	[NaN, NaN, NaN, NaN, NaN, NaN, NaN, NaN, NaN, NaN, NaN, NaN, NaN, NaN, NaN, NaN, NaN, NaN, NaN, NaN]	0.0	0.0	0.0
340.56145966131186	2.0	trials	1.0	1.0	1.0	0.0	10000.0	1.0	False	0.0	0.0	0.0	[NaN, NaN, NaN, NaN, NaN, NaN, NaN, NaN, NaN, NaN, NaN, NaN, NaN, NaN, NaN, NaN, NaN, NaN, NaN, NaN]	0.0	0.0	0.0
349.6766904172387	2.0	trials	1.0	1.0	1.0	0.0	10000.0	1.0	False	0.0	0.0	0.0	[NaN, NaN, NaN, NaN, NaN, NaN, NaN, NaN, NaN, NaN, NaN, NaN, NaN, NaN, NaN, NaN, NaN, NaN, NaN, NaN]	0.0	0.0	0.0
358.0046417167864	2.0	trials	1.0	1.0	1.0	0.0	10000.0	1.0	False	0.0	0.0	0.0	[NaN, NaN, NaN, NaN, NaN, NaN, NaN, NaN, NaN, NaN, NaN, NaN, NaN, NaN, NaN, NaN, NaN, NaN, NaN, NaN]	0.0	0.0	0.0
366.2594983697036	2.0	trials	1.0	1.0	1.0	0.0	10000.0	1.0	False	0.0	0.0	0.0	[NaN, NaN, NaN, NaN, NaN, NaN, NaN, NaN, NaN, NaN, NaN, NaN, NaN, NaN, NaN, NaN, NaN, NaN, NaN, NaN]	0.0	0.0	0.0
373.72958117469585	2.0	trials	1.0	1.0	1.0	0.0	10000.0	1.0	False	0.0	0.0	0.0	[NaN, NaN, NaN, NaN, NaN, NaN, NaN, NaN, NaN, NaN, NaN, NaN, NaN, NaN, NaN, NaN, NaN, NaN, NaN, NaN]	0.0	0.0	0.0
382.59139987557876	2.0	trials	1.0	1.0	1.0	0.0	10000.0	1.0	False	0.0	0.0	0.0	[NaN, NaN, NaN, NaN, NaN, NaN, NaN, NaN, NaN, NaN, NaN, NaN, NaN, NaN, NaN, NaN, NaN, NaN, NaN, NaN]	0.0	0.0	0.0
391.5253628198854	2.0	trials	1.0	1.0	1.0	0.0	10000.0	1.0	False	0.0	0.0	0.0	[NaN, NaN, NaN, NaN, NaN, NaN, NaN, NaN, NaN, NaN, NaN, NaN, NaN, NaN, NaN, NaN, NaN, NaN, NaN, NaN]	0.0	0.0	0.0
399.6157997180298	2.0	trials	1.0	1.0	1.0	0.0	10000.0	1.0	False	0.0	0.0	0.0	[NaN, NaN, NaN, NaN, NaN, NaN, NaN, NaN, NaN, NaN, NaN, NaN, NaN, NaN, NaN, NaN, NaN, NaN, NaN, NaN]	0.0	0.0	0.0
408.2249839664926	2.0	trials	1.0	1.0	1.0	0.0	10000.0	1.0	False	0.0	0.0	0.0	[NaN, NaN, NaN, NaN, NaN, NaN, NaN, NaN, NaN, NaN, NaN, NaN, NaN, NaN, NaN, NaN, NaN, NaN, NaN, NaN]	0.0	0.0	0.0
414.9795859573632	2.0	trials	1.0	1.0	1.0	0.0	10000.0	1.0	False	0.0	0.0	0.0	[NaN, NaN, NaN, NaN, NaN, NaN, NaN, NaN, NaN, NaN, NaN, NaN, NaN, NaN, NaN, NaN, NaN, NaN, NaN, NaN]	0.0	0.0	0.0
422.5034961439758	2.0	trials	1.0	1.0	1.0	0.0	10000.0	1.0	False	0.0	0.0	0.0	[NaN, NaN, NaN, NaN, NaN, NaN, NaN, NaN, NaN, NaN, NaN, NaN, NaN, NaN, NaN, NaN, NaN, NaN, NaN, NaN]	0.0	0.0	0.0
431.19804388046555	2.0	trials	1.0	1.0	1.0	0.0	10000.0	1.0	False	0.0	0.0	0.0	[NaN, NaN, NaN, NaN, NaN, NaN, NaN, NaN, NaN, NaN, NaN, NaN, NaN, NaN, NaN, NaN, NaN, NaN, NaN, NaN]	0.0	0.0	0.0
438.6616466635934	2.0	trials	1.0	1.0	1.0	0.0	10000.0	1.0	False	0.0	0.0	0.0	[NaN, NaN, NaN, NaN, NaN, NaN, NaN, NaN, NaN, NaN, NaN, NaN, NaN, NaN, NaN, NaN, NaN, NaN, NaN, NaN]	0.0	0.0	0.0
447.4206490175612	2.0	trials	1.0	1.0	1.0	0.0	10000.0	1.0	False	0.0	0.0	0.0	[NaN, NaN, NaN, NaN, NaN, NaN, NaN, NaN, NaN, NaN, NaN, NaN, NaN, NaN, NaN, NaN, NaN, NaN, NaN, NaN]	0.0	0.0	0.0
454.5457354584926	2.0	trials	1.0	1.0	1.0	0.0	10000.0	1.0	False	0.0	0.0	0.0	[NaN, NaN, NaN, NaN, NaN, NaN, NaN, NaN, NaN, NaN, NaN, NaN, NaN, NaN, NaN, NaN, NaN, NaN, NaN, NaN]	0.0	0.0	0.0
460.2623243469773	2.0	trials	1.0	1.0	1.0	0.0	10000.0	1.0	False	0.0	0.0	0.0	[NaN, NaN, NaN, NaN, NaN, NaN, NaN, NaN, NaN, NaN, NaN, NaN, NaN, NaN, NaN, NaN, NaN, NaN, NaN, NaN]	0.0	0.0	0.0
465.7823525722419	2.0	trials	1.0	1.0	1.0	0.0	10000.0	1.0	False	0.0	0.0	0.0	[NaN, NaN, NaN, NaN, NaN, NaN, NaN, NaN, NaN, NaN, NaN, NaN, NaN, NaN, NaN, NaN, NaN, NaN, NaN, NaN]	0.0	0.0	0.0
474.88548728735526	2.0	trials	1.0	1.0	1.0	0.0	10000.0	1.0	False	0.0	0.0	0.0	[NaN, NaN, NaN, NaN, NaN, NaN, NaN, NaN, NaN, NaN, NaN, NaN, NaN, NaN, NaN, NaN, NaN, NaN, NaN, NaN]	0.0	0.0	0.0
482.882093468903	2.0	trials	1.0	1.0	1.0	0.0	10000.0	1.0	False	0.0	0.0	0.0	[NaN, NaN, NaN, NaN, NaN, NaN, NaN, NaN, NaN, NaN, NaN, NaN, NaN, NaN, NaN, NaN, NaN, NaN, NaN, NaN]	0.0	0.0	0.0
489.35321610327895	2.0	trials	1.0	1.0	1.0	0.0	10000.0	1.0	False	0.0	0.0	0.0	[NaN, NaN, NaN, NaN, NaN, NaN, NaN, NaN, NaN, NaN, NaN, NaN, NaN, NaN, NaN, NaN, NaN, NaN, NaN, NaN]	0.0	0.0	0.0
496.84403497823723	2.0	trials	1.0	1.0	1.0	0.0	10000.0	1.0	False	0.0	0.0	0.0	[NaN, NaN, NaN, NaN, NaN, NaN, NaN, NaN, NaN, NaN, NaN, NaN, NaN, NaN, NaN, NaN, NaN, NaN, NaN, NaN]	0.0	0.0	0.0
506.7263275223264	2.0	trials	1.0	1.0	1.0	0.0	10000.0	1.0	False	0.0	0.0	0.0	[NaN, NaN, NaN, NaN, NaN, NaN, NaN, NaN, NaN, NaN, NaN, NaN, NaN, NaN, NaN, NaN, NaN, NaN, NaN, NaN]	0.0	0.0	0.0
515.168240806396	2.0	trials	1.0	1.0	1.0	0.0	10000.0	1.0	False	0.0	0.0	0.0	[NaN, NaN, NaN, NaN, NaN, NaN, NaN, NaN, NaN, NaN, NaN, NaN, NaN, NaN, NaN, NaN, NaN, NaN, NaN, NaN]	0.0	0.0	0.0
522.5361120665137	2.0	trials	1.0	1.0	1.0	0.0	10000.0	1.0	False	0.0	0.0	0.0	[NaN, NaN, NaN, NaN, NaN, NaN, NaN, NaN, NaN, NaN, NaN, NaN, NaN, NaN, NaN, NaN, NaN, NaN, NaN, NaN]	0.0	0.0	0.0
529.0464604332421	2.0	trials	1.0	1.0	1.0	0.0	10000.0	1.0	False	0.0	0.0	0.0	[NaN, NaN, NaN, NaN, NaN, NaN, NaN, NaN, NaN, NaN, NaN, NaN, NaN, NaN, NaN, NaN, NaN, NaN, NaN, NaN]	0.0	0.0	0.0
535.4485492346894	2.0	trials	1.0	1.0	1.0	0.0	10000.0	1.0	False	0.0	0.0	0.0	[NaN, NaN, NaN, NaN, NaN, NaN, NaN, NaN, NaN, NaN, NaN, NaN, NaN, NaN, NaN, NaN, NaN, NaN, NaN, NaN]	0.0	0.0	0.0
544.4192323028942	2.0	trials	1.0	1.0	1.0	0.0	10000.0	1.0	False	0.0	0.0	0.0	[NaN, NaN, NaN, NaN, NaN, NaN, NaN, NaN, NaN, NaN, NaN, NaN, NaN, NaN, NaN, NaN, NaN, NaN, NaN, NaN]	0.0	0.0	0.0
553.2050187472348	2.0	trials	1.0	1.0	1.0	0.0	10000.0	1.0	False	0.0	0.0	0.0	[NaN, NaN, NaN, NaN, NaN, NaN, NaN, NaN, NaN, NaN, NaN, NaN, NaN, NaN, NaN, NaN, NaN, NaN, NaN, NaN]	0.0	0.0	0.0
561.1286166824437	2.0	trials	1.0	1.0	1.0	0.0	10000.0	1.0	False	0.0	0.0	0.0	[NaN, NaN, NaN, NaN, NaN, NaN, NaN, NaN, NaN, NaN, NaN, NaN, NaN, NaN, NaN, NaN, NaN, NaN, NaN, NaN]	0.0	0.0	0.0
571.803113499529	2.0	trials	1.0	1.0	1.0	0.0	10000.0	1.0	False	0.0	0.0	0.0	[NaN, NaN, NaN, NaN, NaN, NaN, NaN, NaN, NaN, NaN, NaN, NaN, NaN, NaN, NaN, NaN, NaN, NaN, NaN, NaN]	0.0	0.0	0.0
582.1890333429195	2.0	trials	1.0	1.0	1.0	0.0	10000.0	1.0	False	0.0	0.0	0.0	[NaN, NaN, NaN, NaN, NaN, NaN, NaN, NaN, NaN, NaN, NaN, NaN, NaN, NaN, NaN, NaN, NaN, NaN, NaN, NaN]	0.0	0.0	0.0
591.4471701810294	2.0	trials	1.0	1.0	1.0	0.0	10000.0	1.0	False	0.0	0.0	0.0	[NaN, NaN, NaN, NaN, NaN, NaN, NaN, NaN, NaN, NaN, NaN, NaN, NaN, NaN, NaN, NaN, NaN, NaN, NaN, NaN]	0.0	0.0	0.0
598.5590373773574	2.0	trials	1.0	1.0	1.0	0.0	10000.0	1.0	False	0.0	0.0	0.0	[NaN, NaN, NaN, NaN, NaN, NaN, NaN, NaN, NaN, NaN, NaN, NaN, NaN, NaN, NaN, NaN, NaN, NaN, NaN, NaN]	0.0	0.0	0.0
604.6950132809063	2.0	trials	1.0	1.0	1.0	0.0	10000.0	1.0	False	0.0	0.0	0.0	[NaN, NaN, NaN, NaN, NaN, NaN, NaN, NaN, NaN, NaN, NaN, NaN, NaN, NaN, NaN, NaN, NaN, NaN, NaN, NaN]	0.0	0.0	0.0
615.4791520679373	2.0	trials	1.0	1.0	1.0	0.0	10000.0	1.0	False	0.0	0.0	0.0	[NaN, NaN, NaN, NaN, NaN, NaN, NaN, NaN, NaN, NaN, NaN, NaN, NaN, NaN, NaN, NaN, NaN, NaN, NaN, NaN]	0.0	0.0	0.0
625.3353517239858	2.0	trials	1.0	1.0	1.0	0.0	10000.0	1.0	False	0.0	0.0	0.0	[NaN, NaN, NaN, NaN, NaN, NaN, NaN, NaN, NaN, NaN, NaN, NaN, NaN, NaN, NaN, NaN, NaN, NaN, NaN, NaN]	0.0	0.0	0.0
635.841108771722	2.0	trials	1.0	1.0	1.0	0.0	10000.0	1.0	False	0.0	0.0	0.0	[NaN, NaN, NaN, NaN, NaN, NaN, NaN, NaN, NaN, NaN, NaN, NaN, NaN, NaN, NaN, NaN, NaN, NaN, NaN, NaN]	0.0	0.0	0.0
643.3715853804905	2.0	trials	1.0	1.0	1.0	0.0	10000.0	1.0	False	0.0	0.0	0.0	[NaN, NaN, NaN, NaN, NaN, NaN, NaN, NaN, NaN, NaN, NaN, NaN, NaN, NaN, NaN, NaN, NaN, NaN, NaN, NaN]	0.0	0.0	0.0
651.9995184922143	2.0	trials	1.0	1.0	1.0	0.0	10000.0	1.0	False	0.0	0.0	0.0	[NaN, NaN, NaN, NaN, NaN, NaN, NaN, NaN, NaN, NaN, NaN, NaN, NaN, NaN, NaN, NaN, NaN, NaN, NaN, NaN]	0.0	0.0	0.0
659.5192814648335	2.0	trials	1.0	1.0	1.0	0.0	10000.0	1.0	False	0.0	0.0	0.0	[NaN, NaN, NaN, NaN, NaN, NaN, NaN, NaN, NaN, NaN, NaN, NaN, NaN, NaN, NaN, NaN, NaN, NaN, NaN, NaN]	0.0	0.0	0.0
666.249518573494	2.0	trials	1.0	1.0	1.0	0.0	10000.0	1.0	False	0.0	0.0	0.0	[NaN, NaN, NaN, NaN, NaN, NaN, NaN, NaN, NaN, NaN, NaN, NaN, NaN, NaN, NaN, NaN, NaN, NaN, NaN, NaN]	0.0	0.0	0.0
674.0143127728793	2.0	trials	1.0	1.0	1.0	0.0	10000.0	1.0	False	0.0	0.0	0.0	[NaN, NaN, NaN, NaN, NaN, NaN, NaN, NaN, NaN, NaN, NaN, NaN, NaN, NaN, NaN, NaN, NaN, NaN, NaN, NaN]	0.0	0.0	0.0
680.7344410474312	2.0	trials	1.0	1.0	1.0	0.0	10000.0	1.0	False	0.0	0.0	0.0	[NaN, NaN, NaN, NaN, NaN, NaN, NaN, NaN, NaN, NaN, NaN, NaN, NaN, NaN, NaN, NaN, NaN, NaN, NaN, NaN]	0.0	0.0	0.0
691.8057744034926	2.0	trials	1.0	1.0	1.0	0.0	10000.0	1.0	False	0.0	0.0	0.0	[NaN, NaN, NaN, NaN, NaN, NaN, NaN, NaN, NaN, NaN, NaN, NaN, NaN, NaN, NaN, NaN, NaN, NaN, NaN, NaN]	0.0	0.0	0.0
701.7278110816834	2.0	trials	1.0	1.0	1.0	0.0	10000.0	1.0	False	0.0	0.0	0.0	[NaN, NaN, NaN, NaN, NaN, NaN, NaN, NaN, NaN, NaN, NaN, NaN, NaN, NaN, NaN, NaN, NaN, NaN, NaN, NaN]	0.0	0.0	0.0
709.1588409549062	2.0	trials	1.0	1.0	1.0	0.0	10000.0	1.0	False	0.0	0.0	0.0	[NaN, NaN, NaN, NaN, NaN, NaN, NaN, NaN, NaN, NaN, NaN, NaN, NaN, NaN, NaN, NaN, NaN, NaN, NaN, NaN]	0.0	0.0	0.0
742.8416490049068	2.0	trials	2.0	1.0	1.0	0.0	10000.0	1.0	True	40.0	0.0	0.005	[8605816.298206042, 8606105.299181165, 8606394.300156288, 8606684.301134786, 8606973.30210991, 8607263.303088408, 8607553.304066906, 8607843.305045404, 8608133.3060239, 8608422.306999024, 8608711.307974149, 8609002.30895602, 8609291.309931144, 8609580.310906267, 8609870.311884765, 8610160.312863262, 8610450.31384176, 8610739.314816883, 8611029.31579538, 8611318.316770503]	0.0	0.0	0.0
753.0415490206433	2.0	trials	2.0	1.0	1.0	0.0	10000.0	1.0	True	40.0	0.0	0.005	[8723870.696535569, 8724158.697507318, 8724449.69848919, 8724738.699464314, 8725028.700442811, 8725317.701417934, 8725608.702399805, 8725897.70337493, 8726187.704353428, 8726477.705331925, 8726765.706303675, 8727056.707285548, 8727345.708260668, 8727635.709239166, 8727925.710217664, 8728215.711196162, 8728504.712171286, 8728794.713149782, 8729083.714124907, 8729372.715100031]	0.0	0.0	0.0
760.3321784201371	2.0	trials	2.0	1.0	1.0	0.0	10000.0	1.0	True	40.0	0.0	0.005	[8808251.98124802, 8808541.982226517, 8808830.983201642, 8809121.984183514, 8809410.985158635, 8809699.98613376, 8809990.98711563, 8810278.988087382, 8810568.98906588, 8810858.990044376, 8811148.991022874, 8811438.992001371, 8811727.992976496, 8812017.993954994, 8812306.994930116, 8812596.995908614, 8812885.996883737, 8813175.997862235, 8813465.998840732, 8813754.999815855]	0.0	0.0	0.0
766.5084168595369	2.0	trials	2.0	1.0	1.0	0.0	10000.0	1.0	True	40.0	0.0	0.005	[8879737.222447693, 8880026.223422818, 8880316.224401316, 8880605.225376438, 8880895.226354936, 8881185.227333434, 8881475.228311932, 8881764.229287054, 8882054.230265552, 8882343.231240675, 8882634.232222546, 8882924.233201046, 8883212.234172795, 8883502.235151293, 8883792.236129789, 8884082.237108286, 8884371.238083411, 8884660.239058536, 8884951.240040407, 8885240.24101553]	0.0	0.0	0.0
773.3994449107262	2.0	trials	2.0	1.0	1.0	0.0	10000.0	1.0	True	40.0	0.0	0.005	[8959494.491558168, 8959783.492533293, 8960072.493508415, 8960362.494486913, 8960652.49546541, 8960941.496440535, 8961231.497419033, 8961521.49839753, 8961811.499376027, 8962100.500351151, 8962390.50132965, 8962679.502304774, 8962969.503283272, 8963259.504261767, 8963549.505240265, 8963839.506218763, 8964127.507190512, 8964417.50816901, 8964708.509150883, 8964997.510126006]	0.0	0.0	0.0
782.2438107527211	2.0	trials	2.0	1.0	1.0	0.0	10000.0	1.0	True	40.0	0.0	0.005	[9061859.836950973, 9062148.837926095, 9062439.838907968, 9062728.83988309, 9063017.840858215, 9063306.841833338, 9063596.842811836, 9063887.843793709, 9064177.844772205, 9064466.84574733, 9064756.846725827, 9065045.84770095, 9065334.848676074, 9065625.849657945, 9065913.850629695, 9066204.851611568, 9066494.852590065, 9066782.853561813, 9067072.85454031, 9067362.855518809]	0.0	0.0	0.0
789.3621579709135	2.0	trials	2.0	1.0	1.0	0.0	10000.0	1.0	True	40.0	0.0	0.005	[9144247.11493541, 9144537.115913907, 9144827.116892405, 9145117.117870903, 9145407.1188494, 9145695.11982115, 9145986.12080302, 9146276.121781519, 9146565.122756641, 9146855.12373514, 9147144.124710264, 9147434.125688761, 9147723.126663884, 9148013.127642382, 9148302.128617506, 9148593.129599378, 9148882.130574502, 9149171.131549623, 9149461.13252812, 9149751.133506618]	0.0	0.0	0.0
796.1462224611943	2.0	trials	2.0	1.0	1.0	0.0	10000.0	1.0	True	40.0	0.0	0.005	[9222766.379868712, 9223056.38084721, 9223345.381822333, 9223636.382804206, 9223925.383779328, 9224215.384757826, 9224505.385736322, 9224794.386711447, 9225084.387689944, 9225373.388665069, 9225663.389643567, 9225953.390622063, 9226243.39160056, 9226532.392575685, 9226821.39355081, 9227111.394529307, 9227400.395504428, 9227690.396482926, 9227980.397461424, 9228270.398439923]	0.0	0.0	0.0
805.2423587526941	2.0	trials	2.0	1.0	1.0	0.0	10000.0	1.0	True	40.0	0.0	0.005	[9328046.735097105, 9328336.736075602, 9328626.737054098, 9328914.738025848, 9329204.739004346, 9329495.739986219, 9329784.740961341, 9330073.741936464, 9330363.742914962, 9330653.74389346, 9330942.744868584, 9331232.745847082, 9331521.746822204, 9331811.747800702, 9332101.7487792, 9332391.749757698, 9332680.750732822, 9332970.75171132, 9333260.752689818, 9333549.75366494]	0.0	0.0	0.0
811.9858151059578	2.0	trials	2.0	1.0	1.0	0.0	10000.0	1.0	True	40.0	0.0	0.005	[9406094.998441191, 9406384.99941969, 9406674.000394814, 9406965.001376685, 9407254.002351807, 9407543.003326932, 9407834.004308803, 9408123.005283928, 9408412.006259052, 9408703.007240923, 9408992.008216046, 9409282.009194544, 9409571.010169666, 9409860.01114479, 9410151.012126662, 9410440.013101785, 9410729.014076909, 9411020.01505878, 9411308.016030531, 9411598.01700903]	0.0	0.0	0.0
821.166537282861	2.0	trials	2.0	1.0	1.0	0.0	10000.0	1.0	True	40.0	0.0	0.005	[9512354.356972858, 9512644.357951354, 9512933.358926477, 9513223.359904977, 9513512.3608801, 9513803.361861972, 9514092.362837093, 9514381.363812217, 9514671.364790715, 9514961.365769213, 9515250.366744338, 9515540.367722834, 9515829.368697958, 9516120.36967983, 9516409.370654954, 9516698.371630078, 9516988.372608574, 9517279.373590445, 9517567.374562195, 9517857.375540692]	0.0	0.0	0.0
828.3959952759551	2.0	trials	2.0	1.0	1.0	0.0	10000.0	1.0	True	40.0	0.0	0.005	[9596028.639299799, 9596317.640274921, 9596607.64125342, 9596896.642228544, 9597186.643207042, 9597475.644182164, 9597765.645160662, 9598055.64613916, 9598345.647117658, 9598634.64809278, 9598923.649067903, 9599214.650049776, 9599503.651024899, 9599793.652003396, 9600082.65297852, 9600372.653957019, 9600662.654935516, 9600952.655914014, 9601242.656892512, 9601531.657867635]	0.0	0.0	0.0
836.0401746683708	2.0	trials	2.0	1.0	1.0	0.0	10000.0	1.0	True	40.0	0.0	0.005	[9684502.937822564, 9684791.938797688, 9685080.939772813, 9685370.940751309, 9685660.941729806, 9685950.942708304, 9686239.943683429, 9686529.944661926, 9686819.945640424, 9687108.946615545, 9687397.94759067, 9687688.94857254, 9687977.949547665, 9688268.950529536, 9688556.951501286, 9688846.952479783, 9689136.953458281, 9689425.954433406, 9689715.955411904, 9690004.956387026]	0.0	0.0	0.0
846.7205467052798	2.0	trials	2.0	1.0	1.0	0.0	10000.0	1.0	True	40.0	0.0	0.005	[9808118.354915628, 9808408.355894126, 9808696.356865875, 9808987.357847746, 9809276.35882287, 9809566.359801367, 9809855.360776491, 9810144.361751616, 9810435.362733487, 9810724.36370861, 9811014.364687108, 9811303.365662232, 9811593.36664073, 9811883.367619228, 9812173.368597725, 9812462.369572848, 9812751.37054797, 9813042.371529844, 9813331.372504966, 9813621.373483464]	0.0	0.0	0.0
857.5199783439108	2.0	trials	2.0	1.0	1.0	0.0	10000.0	1.0	True	40.0	0.0	0.005	[9933110.776654867, 9933399.77762999, 9933690.778611861, 9933979.779586986, 9934269.780565483, 9934558.781540608, 9934848.782519104, 9935138.783497602, 9935428.7844761, 9935717.785451224, 9936007.786429722, 9936296.787404845, 9936587.788386717, 9936875.789358465, 9937166.790340338, 9937454.791312087, 9937744.792290585, 9938034.793269083, 9938324.79424758, 9938614.795226078]	0.0	0.0	0.0
863.6545718427952	2.0	trials	2.0	1.0	1.0	0.0	10000.0	1.0	True	40.0	0.0	0.005	[10004114.01622821, 10004404.017206708, 10004693.018181833, 10004983.01916033, 10005272.020135451, 10005562.021113949, 10005852.022092447, 10006141.023067571, 10006431.024046069, 10006721.025024565, 10007010.02599969, 10007301.02698156, 10007589.027953312, 10007879.02893181, 10008169.029910306, 10008459.030888803, 10008748.031863928, 10009037.03283905, 10009328.033820923, 10009617.034796046]	0.0	0.0	0.0
870.0084492815713	2.0	trials	2.0	1.0	1.0	0.0	10000.0	1.0	True	40.0	0.0	0.005	[10077653.264358345, 10077944.265340218, 10078233.266315341, 10078522.267290466, 10078813.268272335, 10079102.26924746, 10079392.270225957, 10079682.271204455, 10079971.27217958, 10080261.273158077, 10080551.274136573, 10080841.27511507, 10081130.276090195, 10081419.27706532, 10081709.278043818, 10081998.279018939, 10082288.279997436, 10082578.280975936, 10082867.281951059, 10083157.282929556]	0.0	0.0	0.0
880.8244697761752	2.0	trials	2.0	1.0	1.0	0.0	10000.0	1.0	True	40.0	0.0	0.005	[10202839.686752167, 10203127.687723916, 10203417.688702414, 10203707.689680912, 10203997.69065941, 10204287.691637905, 10204575.692609657, 10204866.693591528, 10205155.694566652, 10205444.695541777, 10205735.696523648, 10206024.69749877, 10206314.698477268, 10206603.699452393, 10206893.70043089, 10207182.701406011, 10207472.70238451, 10207762.703363009, 10208051.704338131, 10208341.70531663]	0.0	0.0	0.0
888.486274828062	2.0	trials	2.0	1.0	1.0	0.0	10000.0	1.0	True	40.0	0.0	0.005	[10291517.985963255, 10291806.986938378, 10292096.987916877, 10292385.988891998, 10292675.989870496, 10292965.990848994, 10293255.991827492, 10293545.99280599, 10293834.993781114, 10294124.99475961, 10294413.995734734, 10294703.996713232, 10294993.99769173, 10295282.998666855, 10295572.999645352, 10295862.000620475, 10296152.001598973, 10296442.00257747, 10296732.003555968, 10297021.004531091]	0.0	0.0	0.0
895.214783930892	2.0	trials	2.0	1.0	1.0	0.0	10000.0	1.0	True	40.0	0.0	0.005	[10369393.248723619, 10369683.249702116, 10369973.250680614, 10370263.251659112, 10370552.252634235, 10370842.253612733, 10371132.25459123, 10371422.255569728, 10371711.256544853, 10372001.25752335, 10372291.258501848, 10372580.259476969, 10372869.260452094, 10373159.261430591, 10373448.262405716, 10373738.263384212, 10374028.26436271, 10374317.265337834, 10374607.266316332, 10374897.26729483]	0.0	0.0	0.0
904.6388957290224	2.0	trials	2.0	1.0	1.0	0.0	10000.0	1.0	True	40.0	0.0	0.005	[10478469.616760207, 10478758.61773533, 10479048.618713828, 10479338.619692326, 10479627.620667448, 10479916.621642573, 10480206.62262107, 10480497.623602942, 10480785.624574691, 10481075.625553189, 10481364.626528313, 10481655.627510184, 10481944.628485307, 10482234.629463805, 10482523.63043893, 10482813.631417427, 10483103.632395925, 10483392.633371048, 10483682.634349545, 10483972.635328043]	0.0	0.0	0.0
913.1101851122105	2.0	trials	2.0	1.0	1.0	0.0	10000.0	1.0	True	40.0	0.0	0.005	[10576515.947580144, 10576806.948562017, 10577095.94953714, 10577385.950515635, 10577673.951487387, 10577964.952469258, 10578254.953447755, 10578543.95442288, 10578833.955401376, 10579122.9563765, 10579412.957354998, 10579701.958330123, 10579991.95930862, 10580281.960287116, 10580570.96126224, 10580861.962244112, 10581150.963219235, 10581439.96419436, 10581730.965176232, 10582019.966151353]	0.0	0.0	0.0
922.0267815979205	2.0	trials	2.0	1.0	1.0	0.0	10000.0	1.0	True	40.0	0.0	0.005	[10679717.29579372, 10680008.29677559, 10680297.297750715, 10680587.298729213, 10680876.299704336, 10681166.300682833, 10681456.301661331, 10681745.302636456, 10682034.303611578, 10682324.304590076, 10682614.305568574, 10682903.306543699, 10683193.307522196, 10683483.308500694, 10683772.309475817, 10684062.310454315, 10684352.311432812, 10684641.312407935, 10684931.313386433, 10685221.31436493]	0.0	0.0	0.0
929.67795941395	2.0	trials	2.0	1.0	1.0	0.0	10000.0	1.0	True	40.0	0.0	0.005	[10768272.59458979, 10768562.595568286, 10768852.596546784, 10769141.597521909, 10769430.598497031, 10769721.599478904, 10770010.600454027, 10770299.60142915, 10770589.602407647, 10770879.603386145, 10771169.604364643, 10771457.605336392, 10771748.606318263, 10772038.607296761, 10772327.608271886, 10772616.60924701, 10772907.610228881, 10773196.611204004, 10773485.612179128, 10773775.613157626]	0.0	0.0	0.0
937.6629015561418	2.0	trials	2.0	1.0	1.0	0.0	10000.0	1.0	True	40.0	0.0	0.005	[10860691.906423498, 10860981.907401996, 10861269.908373745, 10861559.909352243, 10861849.91033074, 10862139.911309239, 10862429.912287736, 10862718.913262859, 10863008.914241357, 10863297.91521648, 10863586.916191604, 10863877.917173475, 10864166.918148598, 10864456.919127095, 10864745.92010222, 10865036.921084091, 10865325.922059216, 10865614.923034338, 10865904.924012836, 10866194.924991334]	0.0	0.0	0.0
944.0554863255211	2.0	trials	2.0	1.0	1.0	0.0	10000.0	1.0	True	40.0	0.0	0.005	[10934679.156065244, 10934969.157043742, 10935259.15802224, 10935548.158997362, 10935837.159972485, 10936128.160954358, 10936417.16192948, 10936706.162904605, 10936996.163883103, 10937285.164858226, 10937576.165840097, 10937866.166818595, 10938154.167790346, 10938444.168768844, 10938734.169747341, 10939023.170722464, 10939314.171704335, 10939603.17267946, 10939893.173657957, 10940182.174633082]	0.0	0.0	0.0
954.5553681534336	2.0	trials	2.0	1.0	1.0	0.0	10000.0	1.0	True	40.0	0.0	0.005	[11056205.56610975, 11056495.567088248, 11056784.56806337, 11057074.569041867, 11057364.570020365, 11057653.57099549, 11057943.571973987, 11058232.572949111, 11058522.57392761, 11058812.574906105, 11059101.57588123, 11059391.576859728, 11059681.577838225, 11059971.578816723, 11060260.579791846, 11060550.580770344, 11060840.581748841, 11061129.582723966, 11061419.583702464, 11061708.584677584]	0.0	0.0	0.0
961.4289433457348	2.0	trials	2.0	1.0	1.0	0.0	10000.0	1.0	True	40.0	0.0	0.005	[11135761.834542025, 11136049.835513774, 11136339.83649227, 11136630.837474143, 11136919.838449266, 11137209.839427764, 11137498.840402888, 11137788.841381386, 11138078.842359884, 11138367.843335006, 11138656.84431013, 11138947.845292002, 11139235.846263751, 11139525.84724225, 11139815.848220747, 11140104.849195872, 11140395.850177743, 11140684.851152867, 11140974.852131363, 11141264.85310986]	0.0	0.0	0.0
970.5489261176955	2.0	trials	2.0	1.0	1.0	0.0	10000.0	1.0	True	40.0	0.0	0.005	[11241316.190694928, 11241606.191673426, 11241895.19264855, 11242185.193627048, 11242475.194605544, 11242764.195580669, 11243054.196559167, 11243344.197537664, 11243633.198512789, 11243923.199491285, 11244212.200466407, 11244502.201444905, 11244792.202423403, 11245081.203398528, 11245372.2043804, 11245661.205355521, 11245950.206330646, 11246240.207309144, 11246529.208284268, 11246819.209262766]	0.0	0.0	0.0
980.2574676755271	2.0	trials	2.0	1.0	1.0	0.0	10000.0	1.0	True	40.0	0.0	0.005	[11353683.56983578, 11353973.570814278, 11354263.571792774, 11354552.572767897, 11354843.57374977, 11355131.574721519, 11355420.575696642, 11355711.576678513, 11356001.57765701, 11356290.578632135, 11356580.579610633, 11356869.580585757, 11357159.581564253, 11357449.582542751, 11357739.583521249, 11358028.584496373, 11358317.585471496, 11358608.586453369, 11358897.587428492, 11359186.588403614]	0.0	0.0	0.0
987.9794937306073	2.0	trials	2.0	1.0	1.0	0.0	10000.0	1.0	True	40.0	0.0	0.005	[11443058.871398635, 11443347.872373758, 11443637.873352256, 11443927.874330753, 11444217.875309251, 11444506.876284376, 11444796.877262872, 11445086.87824137, 11445376.879219867, 11445665.880194992, 11445954.881170115, 11446245.882151987, 11446534.88312711, 11446822.88409886, 11447113.88508073, 11447402.886055855, 11447693.887037726, 11447983.888016224, 11448271.888987973, 11448561.889966471]	0.0	0.0	0.0
998.8241127217061	2.0	trials	2.0	1.0	1.0	0.0	10000.0	1.0	True	40.0	0.0	0.005	[11568576.294909293, 11568865.295884417, 11569155.296862913, 11569444.297838038, 11569734.298816536, 11570023.29979166, 11570313.300770158, 11570603.301748654, 11570892.302723777, 11571182.303702274, 11571472.304680772, 11571761.305655897, 11572051.306634393, 11572340.307609517, 11572630.308588015, 11572920.309566513, 11573210.31054501, 11573499.311520133, 11573789.312498631, 11574079.313477129]	0.0	0.0	0.0
1009.2915944402964	2.0	trials	2.0	1.0	1.0	0.0	10000.0	1.0	True	40.0	0.0	0.005	[11689727.703688499, 11690016.704663623, 11690306.70564212, 11690596.706620619, 11690885.707595743, 11691175.70857424, 11691464.709549364, 11691754.710527861, 11692044.71150636, 11692333.712481482, 11692623.71345998, 11692913.714438478, 11693203.715416975, 11693492.716392098, 11693782.717370596, 11694072.718349094, 11694361.719324218, 11694651.720302716, 11694941.721281214, 11695230.722256336]	0.0	0.0	0.0
1017.8237096287187	2.0	trials	2.0	1.0	1.0	0.0	10000.0	1.0	True	40.0	0.0	0.005	[11788478.036883824, 11788767.037858946, 11789058.03884082, 11789348.039819317, 11789636.040791066, 11789927.041772937, 11790216.042748062, 11790505.043723185, 11790795.044701682, 11791085.04568018, 11791375.046658678, 11791664.047633803, 11791953.048608925, 11792244.049590798, 11792533.05056592, 11792822.051541043, 11793113.052522916, 11793402.05349804, 11793692.054476539, 11793981.055451661]	0.0	0.0	0.0
1028.307434602116	2.0	trials	2.0	1.0	1.0	0.0	10000.0	1.0	True	40.0	0.0	0.005	[11909818.446300743, 11910107.447275866, 11910398.448257739, 11910687.449232861, 11910976.450207988, 11911266.451186484, 11911555.452161606, 11911846.453143477, 11912134.454115227, 11912424.455093725, 11912714.456072222, 11913004.45705072, 11913294.458029218, 11913584.459007716, 11913873.459982838, 11914163.460961338, 11914452.46193646, 11914743.462918334, 11915031.463890081, 11915321.46486858]	0.0	0.0	0.0
1037.829697131419	2.0	trials	2.0	1.0	1.0	0.0	10000.0	1.0	True	40.0	0.0	0.005	[12020029.81816697, 12020318.819142094, 12020607.820117217, 12020897.821095712, 12021187.822074212, 12021476.823049335, 12021766.824027833, 12022055.825002955, 12022345.825981455, 12022635.82695995, 12022925.82793845, 12023214.828913573, 12023504.829892071, 12023794.830870569, 12024083.831845691, 12024373.83282419, 12024663.833802687, 12024952.83477781, 12025242.83575631, 12025532.836734805]	0.0	0.0	0.0
1046.3777099734818	2.0	trials	2.0	1.0	1.0	0.0	10000.0	1.0	True	40.0	0.0	0.005	[12118965.151986506, 12119254.15296163, 12119544.153940128, 12119833.15491525, 12120123.15589375, 12120413.15687225, 12120702.157847371, 12120992.158825869, 12121281.159800991, 12121572.160782864, 12121861.161757987, 12122150.16273311, 12122440.16371161, 12122729.164686732, 12123018.165661855, 12123309.166643728, 12123598.167618852, 12123888.168597348, 12124178.169575848, 12124468.170554344]	0.0	0.0	0.0
1054.8101192254835	2.0	trials	2.0	1.0	1.0	0.0	10000.0	1.0	True	40.0	0.0	0.005	[12216562.48129146, 12216851.482266584, 12217141.48324508, 12217431.48422358, 12217721.485202076, 12218010.4861772, 12218300.487155696, 12218589.488130823, 12218878.489105945, 12219168.490084441, 12219458.491062941, 12219748.492041437, 12220038.493019937, 12220326.493991682, 12220617.494973557, 12220906.495948678, 12221196.496927178, 12221485.497902302, 12221775.498880798, 12222065.499859294]	0.0	0.0	0.0
1061.341981264802	2.0	trials	2.0	1.0	1.0	0.0	10000.0	1.0	True	40.0	0.0	0.005	[12292161.736372305, 12292450.737347426, 12292740.738325926, 12293030.739304421, 12293320.740282921, 12293609.741258042, 12293899.742236542, 12294188.743211662, 12294478.744190162, 12294767.745165287, 12295058.746147158, 12295347.74712228, 12295637.748100778, 12295926.749075903, 12296216.750054399, 12296507.751036271, 12296795.75200802, 12297085.752986519, 12297374.753961641, 12297665.754943514]	0.0	0.0	0.0
1071.1364047124096	2.0	trials	2.0	1.0	1.0	0.0	10000.0	1.0	True	40.0	0.0	0.005	[12405523.118867038, 12405813.119845537, 12406102.120820658, 12406392.121799158, 12406682.122777654, 12406972.123756154, 12407262.12473465, 12407551.125709774, 12407841.12668827, 12408130.127663394, 12408420.12864189, 12408709.129617019, 12408999.130595515, 12409288.13157064, 12409579.132552508, 12409868.133527635, 12410158.13450613, 12410447.135481253, 12410736.136456376, 12411026.137434874]	0.0	0.0	0.0
1078.6827789748186	2.0	trials	2.0	1.0	1.0	0.0	10000.0	1.0	True	40.0	0.0	0.005	[12492866.413573664, 12493155.414548786, 12493444.41552391, 12493734.416502407, 12494024.417480906, 12494314.418459402, 12494603.419434527, 12494892.420409651, 12495183.421391523, 12495472.422366647, 12495762.423345143, 12496051.424320268, 12496341.425298763, 12496631.426277263, 12496921.427255759, 12497210.428230884, 12497500.42920938, 12497789.430184504, 12498079.431163, 12498369.4321415]	0.0	0.0	0.0
1086.4966485397904	2.0	trials	2.0	1.0	1.0	0.0	10000.0	1.0	True	40.0	0.0	0.005	[12583303.718719848, 12583593.719698343, 12583882.720673466, 12584172.721651964, 12584461.722627087, 12584751.723605586, 12585040.724580709, 12585330.725559207, 12585620.726537703, 12585910.727516202, 12586199.728491327, 12586489.729469825, 12586779.730448322, 12587069.731426818, 12587358.732401943, 12587647.733377066, 12587938.734358938, 12588228.735337436, 12588517.736312559, 12588806.73728768]	0.0	0.0	0.0
1094.096763783528	2.0	trials	2.0	1.0	1.0	0.0	10000.0	1.0	True	40.0	0.0	0.005	[12671268.015521804, 12671559.016503675, 12671848.0174788, 12672137.018453924, 12672427.019432424, 12672717.020410918, 12673006.021386044, 12673296.02236454, 12673586.02334304, 12673876.024321536, 12674165.02529666, 12674455.026275156, 12674745.027253656, 12675034.028228778, 12675324.029207274, 12675613.030182399, 12675904.03116427, 12676192.032136021, 12676482.033114519, 12676772.034093017]	0.0	0.0	0.0
1104.9622916451763	2.0	trials	2.0	1.0	1.0	0.0	10000.0	1.0	True	40.0	0.0	0.005	[12797027.439849004, 12797316.440824125, 12797606.44180262, 12797896.44278112, 12798186.44375962, 12798475.444734745, 12798765.445713237, 12799055.446691737, 12799345.447670233, 12799633.448641986, 12799923.449620482, 12800213.450598981, 12800503.451577477, 12800792.452552602, 12801082.453531098, 12801371.454506224, 12801661.455484718, 12801951.456463218, 12802240.457438342, 12802530.458416838]	0.0	0.0	0.0
1112.4280544355922	2.0	trials	2.0	1.0	1.0	0.0	10000.0	1.0	True	40.0	0.0	0.005	[12883436.731404187, 12883726.732382687, 12884015.73335781, 12884305.734336307, 12884595.735314805, 12884884.736289931, 12885173.737265052, 12885463.738243552, 12885753.739222048, 12886042.740197172, 12886332.741175668, 12886622.742154168, 12886911.74312929, 12887202.744111164, 12887490.745082913, 12887780.746061409, 12888070.747039909, 12888359.74801503, 12888650.748996902, 12888939.749972025]	0.0	0.0	0.0
1123.0788775727997	2.0	trials	2.0	1.0	1.0	0.0	10000.0	1.0	True	40.0	0.0	0.005	[13006710.1473433, 13006999.148318421, 13007288.14929355, 13007578.150272045, 13007868.151250545, 13008158.15222904, 13008447.153204165, 13008738.154186035, 13009028.155164532, 13009316.156136282, 13009606.157114781, 13009896.158093277, 13010185.159068402, 13010474.160043526, 13010765.161025397, 13011054.162000522, 13011344.162979016, 13011634.163957514, 13011924.164936012, 13012212.165907763]	0.0	0.0	0.0
1130.9267024523406	2.0	trials	2.0	1.0	1.0	0.0	10000.0	1.0	True	40.0	0.0	0.005	[13097541.45381889, 13097830.454794014, 13098120.455772512, 13098409.456747634, 13098700.45772951, 13098989.45870463, 13099279.45968313, 13099568.46065825, 13099857.461633375, 13100148.462615246, 13100437.463590367, 13100727.464568866, 13101017.465547362, 13101307.466525862, 13101596.467500987, 13101885.468476111, 13102176.46945798, 13102465.470433107, 13102755.471411603, 13103044.472386727]	0.0	0.0	0.0
1138.6644533604785	2.0	trials	2.0	1.0	1.0	0.0	10000.0	1.0	True	40.0	0.0	0.005	[13187098.755995836, 13187388.756974336, 13187676.757946085, 13187966.758924583, 13188255.759899706, 13188546.760881579, 13188835.761856701, 13189126.762838574, 13189414.763810322, 13189705.764792196, 13189995.765770692, 13190284.766745817, 13190573.767720938, 13190862.768696062, 13191153.769677933, 13191442.770653058, 13191732.771631557, 13192022.772610053, 13192312.77358855, 13192601.774563674]	0.0	0.0	0.0
1145.6187264250643	2.0	trials	2.0	1.0	1.0	0.0	10000.0	1.0	True	40.0	0.0	0.005	[13267587.027572803, 13267877.028551301, 13268167.029529799, 13268456.030504923, 13268745.031480044, 13269035.03245854, 13269325.03343704, 13269614.034412164, 13269904.03539066, 13270194.036369156, 13270484.037347656, 13270773.03832278, 13271063.03930128, 13271353.040279776, 13271642.0412549, 13271931.042230021, 13272221.04320852, 13272511.044187017, 13272800.04516214, 13273090.046140637]	0.0	0.0	0.0
1156.2565031182512	2.0	trials	2.0	1.0	1.0	0.0	10000.0	1.0	True	40.0	0.0	0.005	[13390710.443005793, 13391000.44398429, 13391289.444959417, 13391579.445937913, 13391869.446916413, 13392159.447894907, 13392448.448870031, 13392737.449845154, 13393027.450823652, 13393316.451798776, 13393607.452780647, 13393896.453755772, 13394186.454734268, 13394475.455709394, 13394765.45668789, 13395054.457663015, 13395344.45864151, 13395634.45962001, 13395924.460598508, 13396213.46157363]	0.0	0.0	0.0
1165.713447027161	2.0	trials	2.0	1.0	1.0	0.0	10000.0	1.0	True	40.0	0.0	0.005	[13500164.812317804, 13500455.813299675, 13500745.814278174, 13501033.815249924, 13501323.81622842, 13501613.81720692, 13501903.818185415, 13502192.81916054, 13502481.82013566, 13502771.82111416, 13503061.822092656, 13503350.823067784, 13503641.824049653, 13503930.825024776, 13504219.8259999, 13504509.826978397, 13504798.827953521, 13505089.828935392, 13505378.829910517, 13505668.830889015]	0.0	0.0	0.0
1173.1048191665736	2.0	trials	2.0	1.0	1.0	0.0	10000.0	1.0	True	40.0	0.0	0.005	[13585714.100971237, 13586003.101946365, 13586294.102928232, 13586583.10390336, 13586872.104878481, 13587161.105853602, 13587452.106835477, 13587741.107810598, 13588032.108792473, 13588321.109767593, 13588611.110746093, 13588900.111721216, 13589191.112703089, 13589479.113674838, 13589769.114653338, 13590059.115631834, 13590348.116606958, 13590638.117585454, 13590927.118560577, 13591218.11954245]	0.0	0.0	0.0
1181.375314272257	2.0	trials	2.0	1.0	1.0	0.0	10000.0	1.0	True	40.0	0.0	0.005	[13681437.42395307, 13681727.424931569, 13682017.425910065, 13682306.426885193, 13682595.427860314, 13682885.428838814, 13683174.429813934, 13683465.43079581, 13683754.43177093, 13684043.432746053, 13684333.43372455, 13684623.43470305, 13684913.435681546, 13685202.43665667, 13685492.43763517, 13685781.438610291, 13686071.43958879, 13686361.440567287, 13686650.441542411, 13686939.442517534]	0.0	0.0	0.0
1190.8592150721224	2.0	trials	2.0	1.0	1.0	0.0	10000.0	1.0	True	40.0	0.0	0.005	[13791203.794317812, 13791493.795296308, 13791783.796274807, 13792072.797249928, 13792362.798228428, 13792652.799206926, 13792941.800182048, 13793230.801157173, 13793521.802139044, 13793810.803114166, 13794100.804092662, 13794390.805071162, 13794680.806049658, 13794969.807024784, 13795259.808003282, 13795548.808978405, 13795838.809956903, 13796128.8109354, 13796417.811910523, 13796706.81288565]	0.0	0.0	0.0
1198.0832298468504	2.0	trials	2.0	1.0	1.0	0.0	10000.0	1.0	True	40.0	0.0	0.005	[13874816.076435558, 13875106.077414053, 13875396.078392552, 13875684.079364302, 13875975.080346175, 13876263.081317922, 13876554.082299795, 13876843.083274918, 13877133.084253415, 13877423.085231913, 13877712.086207036, 13878002.087185534, 13878291.088160658, 13878581.089139156, 13878870.090114279, 13879161.091096152, 13879449.0920679, 13879740.093049772, 13880030.09402827, 13880319.095003394]	0.0	0.0	0.0
1205.1173367808055	2.0	trials	2.0	1.0	1.0	0.0	10000.0	1.0	True	40.0	0.0	0.005	[13956229.351133592, 13956519.352112088, 13956808.353087213, 13957098.35406571, 13957388.355044208, 13957677.356019331, 13957967.356997829, 13958256.357972953, 13958545.358948076, 13958835.359926574, 13959125.360905072, 13959414.361880194, 13959705.362862067, 13959994.36383719, 13960284.364815688, 13960574.365794186, 13960863.366769308, 13961153.367747808, 13961442.36872293, 13961731.369698053]	0.0	0.0	0.0
1215.6776124124942	2.0	trials	2.0	1.0	1.0	0.0	10000.0	1.0	True	40.0	0.0	0.005	[14078454.763536615, 14078743.764511736, 14079033.765490236, 14079323.766468732, 14079612.767443856, 14079903.768425727, 14080192.769400852, 14080482.770379348, 14080771.771354472, 14081061.772332972, 14081350.773308093, 14081640.774286592, 14081930.775265088, 14082220.776243588, 14082509.777218709, 14082798.778193833, 14083088.77917233, 14083378.780150829, 14083667.781125953, 14083957.782104453]	0.0	0.0	0.0
1225.2396190758989	2.0	trials	2.0	1.0	1.0	0.0	10000.0	1.0	True	40.0	0.0	0.005	[14189125.136951564, 14189414.13792669, 14189705.13890856, 14189994.139883684, 14190284.14086218, 14190573.141837306, 14190863.142815804, 14191152.143790929, 14191443.1447728, 14191732.145747924, 14192022.14672642, 14192311.147701545, 14192601.14868004, 14192891.14965854, 14193181.150637036, 14193469.151608786, 14193759.152587285, 14194049.153565781, 14194339.15454428, 14194629.155522775]	0.0	0.0	0.0
1236.129511819757	2.0	trials	2.0	1.0	1.0	0.0	10000.0	1.0	True	40.0	0.0	0.005	[14315166.562230268, 14315456.563208764, 14315746.564187264, 14316035.565162389, 14316324.56613751, 14316614.56711601, 14316904.568094505, 14317193.56906963, 14317484.5700515, 14317773.571026625, 14318063.572005121, 14318352.572980246, 14318641.57395537, 14318931.574933868, 14319221.575912362, 14319511.576890862, 14319800.577865986, 14320090.578844486, 14320380.579822982, 14320669.580798103]	0.0	0.0	0.0
1245.8384853790462	2.0	trials	2.0	1.0	1.0	0.0	10000.0	1.0	True	40.0	0.0	0.005	[14427537.941384614, 14427827.942363111, 14428116.943338238, 14428407.944320107, 14428696.94529523, 14428985.946270354, 14429275.947248854, 14429564.948223975, 14429854.949202474, 14430145.950184345, 14430434.95115947, 14430723.952134592, 14431013.95311309, 14431303.954091588, 14431592.955066709, 14431882.956045208, 14432171.957020333, 14432461.95799883, 14432751.958977329, 14433040.959952451]	0.0	0.0	0.0
1256.4101658492164	2.0	trials	2.0	1.0	1.0	0.0	10000.0	1.0	True	40.0	0.0	0.005	[14549895.354233023, 14550185.35521152, 14550475.356190015, 14550764.357165143, 14551054.358143639, 14551343.359118763, 14551634.360100634, 14551923.361075759, 14552212.36205088, 14552503.363032755, 14552792.364007875, 14553081.364983002, 14553370.365958124, 14553661.366939995, 14553950.36791512, 14554240.368893616, 14554530.369872116, 14554819.370847236, 14555109.371825736, 14555398.372800857]	0.0	0.0	0.0
1265.9676796974616	2.0	trials	2.0	1.0	1.0	0.0	10000.0	1.0	True	40.0	0.0	0.005	[14660514.727475893, 14660804.728454389, 14661093.729429517, 14661384.730411384, 14661673.731386509, 14661963.732365007, 14662252.733340133, 14662541.734315254, 14662832.735297129, 14663122.736275624, 14663410.737247374, 14663701.738229245, 14663991.739207745, 14664279.740179494, 14664570.741161365, 14664859.742136488, 14665148.74311161, 14665438.74409011, 14665728.745068606, 14666018.746047106]	0.0	0.0	0.0
1276.3790012265606	2.0	trials	2.0	1.0	1.0	0.0	10000.0	1.0	True	40.0	0.0	0.005	[14781017.134065289, 14781307.135043787, 14781596.136018911, 14781885.136994034, 14782175.137972532, 14782465.138951031, 14782754.139926154, 14783045.140908027, 14783334.14188315, 14783623.142858272, 14783913.14383677, 14784202.144811895, 14784493.145793766, 14784782.14676889, 14785071.147744013, 14785362.148725886, 14785651.149701009, 14785940.150676131, 14786231.151658004, 14786519.152629754]	0.0	0.0	0.0
1285.4856783536263	2.0	trials	2.0	1.0	1.0	0.0	10000.0	1.0	True	40.0	0.0	0.005	[14886417.48969858, 14886707.490677075, 14886997.491655575, 14887287.492634071, 14887576.493609194, 14887866.494587692, 14888155.495562814, 14888445.496541312, 14888735.49751981, 14889024.498494936, 14889314.499473432, 14889604.500451932, 14889893.501427053, 14890182.502402177, 14890472.503380673, 14890762.504359173, 14891052.505337669, 14891341.506312791, 14891631.50729129, 14891921.508269789]	0.0	0.0	0.0
1295.648771845173	2.0	trials	2.0	1.0	1.0	0.0	10000.0	1.0	True	40.0	0.0	0.005	[15004046.886594098, 15004335.887569223, 15004624.888544347, 15004914.889522845, 15005204.890501343, 15005494.891479842, 15005783.892454963, 15006073.893433463, 15006362.894408584, 15006652.895387083, 15006942.89636558, 15007232.897344079, 15007521.8983192, 15007811.899297696, 15008100.900272824, 15008390.90125132, 15008680.90222982, 15008969.90320494, 15009259.90418344, 15009548.90515856]	0.0	0.0	0.0
1303.0546592335618	2.0	trials	2.0	1.0	1.0	0.0	10000.0	1.0	True	40.0	0.0	0.005	[15089762.17580764, 15090052.176786138, 15090342.177764636, 15090631.178739758, 15090920.179714883, 15091211.180696754, 15091501.181675252, 15091789.182647003, 15092079.183625499, 15092368.184600621, 15092659.185582494, 15092948.186557619, 15093238.187536117, 15093527.188511238, 15093817.189489737, 15094106.19046486, 15094396.19144336, 15094686.192421855, 15094976.193400355, 15095265.194375478]	0.0	0.0	0.0
1311.3844249392316	2.0	trials	2.0	1.0	1.0	0.0	10000.0	1.0	True	40.0	0.0	0.005	[15186172.5011075, 15186461.502082624, 15186751.503061123, 15187040.504036246, 15187329.505011369, 15187618.505986493, 15187909.506968364, 15188199.507946864, 15188488.508921985, 15188778.509900484, 15189068.51087898, 15189358.51185748, 15189647.5128326, 15189936.513807727, 15190227.514789596, 15190516.515764723, 15190806.51674322, 15191095.517718341, 15191385.51869684, 15191674.519671962]	0.0	0.0	0.0
1317.690350216211	2.0	trials	2.0	1.0	1.0	0.0	10000.0	1.0	True	40.0	0.0	0.005	[15259156.747364996, 15259447.748346865, 15259736.749321992, 15260026.750300488, 15260315.751275612, 15260605.752254108, 15260895.753232608, 15261184.75420773, 15261474.755186228, 15261764.756164726, 15262054.757143224, 15262343.758118346, 15262632.759093469, 15262922.760071969, 15263212.761050465, 15263502.762028962, 15263790.763000712, 15264081.763982585, 15264371.764961082, 15264660.765936205]	0.0	0.0	0.0
1323.8619230398683	2.0	trials	2.0	1.0	1.0	0.0	10000.0	1.0	True	40.0	0.0	0.005	[15330587.988382464, 15330876.989357587, 15331166.990336087, 15331456.991314583, 15331745.992289709, 15332035.993268203, 15332324.99424333, 15332614.995221827, 15332903.99619695, 15333194.997178823, 15333483.998153945, 15333773.999132443, 15334064.000110941, 15334353.001086064, 15334642.002061188, 15334932.003039684, 15335222.00401818, 15335511.004993306, 15335801.005971804, 15336092.006953675]	0.0	0.0	0.0
1330.860605854298	2.0	trials	2.0	1.0	1.0	0.0	10000.0	1.0	True	40.0	0.0	0.005	[15411591.261697108, 15411880.262672229, 15412170.263650728, 15412460.264629224, 15412749.265604347, 15413039.266582845, 15413329.267561343, 15413617.268533094, 15413907.26951159, 15414197.27049009, 15414486.271465212, 15414777.272447085, 15415066.273422208, 15415355.274397334, 15415645.275375828, 15415935.276354326, 15416225.277332824, 15416515.278311322, 15416803.279283071, 15417093.280261569]	0.0	0.0	0.0
1341.2923178521971	2.0	trials	2.0	1.0	1.0	0.0	10000.0	1.0	True	40.0	0.0	0.005	[15532327.66907605, 15532617.670054546, 15532907.671033045, 15533197.672011541, 15533486.672986668, 15533775.67396179, 15534065.674940286, 15534355.675918786, 15534645.676897284, 15534934.677872406, 15535223.678847527, 15535513.679826027, 15535803.680804523, 15536092.68177965, 15536382.682758147, 15536672.683736647, 15536962.684715139, 15537251.685690267, 15537541.686668763, 15537830.687643887]	0.0	0.0	0.0
1348.7744966980028	2.0	trials	2.0	1.0	1.0	0.0	10000.0	1.0	True	40.0	0.0	0.005	[15618926.96127232, 15619216.96225082, 15619506.963229315, 15619796.964207815, 15620085.965182936, 15620375.966161435, 15620665.967139933, 15620954.968115056, 15621243.96909018, 15621533.970068676, 15621823.971047176, 15622113.972025672, 15622402.973000797, 15622691.973975921, 15622981.974954417, 15623271.975932915, 15623561.976911413, 15623851.97788991, 15624140.978865037, 15624429.979840158]	0.0	0.0	0.0
1356.1187806785342	2.0	trials	2.0	1.0	1.0	0.0	10000.0	1.0	True	40.0	0.0	0.005	[15703930.248083482, 15704220.24906198, 15704509.250037102, 15704799.251015602, 15705089.251994101, 15705378.252969222, 15705668.25394772, 15705958.254926218, 15706248.255904716, 15706536.256876467, 15706827.257858336, 15707116.25883346, 15707406.259811956, 15707696.260790456, 15707985.261765579, 15708274.262740703, 15708564.2637192, 15708854.264697699, 15709143.265672822, 15709434.266654694]	0.0	0.0	0.0
1364.06259628196	2.0	trials	2.0	1.0	1.0	0.0	10000.0	1.0	True	40.0	0.0	0.005	[15795872.558307732, 15796162.559286227, 15796452.560264727, 15796741.561239848, 15797031.562218344, 15797321.563196843, 15797610.564171968, 15797900.565150464, 15798189.566125588, 15798479.567104088, 15798768.568079209, 15799059.569061084, 15799348.570036205, 15799637.57101133, 15799928.5719932, 15800217.572968325, 15800507.57394682, 15800796.574921945, 15801086.575900443, 15801375.576875566]	0.0	0.0	0.0
1373.7825426782729	2.0	trials	2.0	1.0	1.0	0.0	10000.0	1.0	True	40.0	0.0	0.005	[15908371.937893966, 15908661.938872462, 15908951.939850962, 15909240.940826083, 15909529.94180121, 15909819.942779707, 15910109.943758203, 15910399.9447367, 15910688.945711823, 15910978.946690323, 15911268.947668819, 15911558.948647318, 15911847.949622441, 15912136.950597564, 15912427.951579437, 15912716.95255456, 15913005.953529682, 15913295.954508182, 15913585.955486678, 15913874.956461804]	0.0	0.0	0.0
1380.217031589042	2.0	trials	2.0	1.0	1.0	0.0	10000.0	1.0	True	40.0	0.0	0.005	[15982845.189175539, 15983136.190157412, 15983425.191132534, 15983715.192111034, 15984004.193086155, 15984294.19406465, 15984584.19504315, 15984872.1960149, 15985163.196996773, 15985453.197975267, 15985742.198950395, 15986031.199925516, 15986321.200904015, 15986611.201882511, 15986900.202857636, 15987191.203839507, 15987480.204814631, 15987770.205793127, 15988059.206768252, 15988349.207746748]	0.0	0.0	0.0
1387.8050507919663	2.0	trials	2.0	1.0	1.0	0.0	10000.0	1.0	True	40.0	0.0	0.005	[16070670.485508496, 16070959.486483617, 16071248.487458741, 16071539.488440612, 16071828.489415737, 16072118.490394233, 16072408.491372732, 16072697.492347857, 16072987.493326353, 16073276.494301477, 16073566.495279973, 16073856.496258473, 16074146.497236969, 16074435.498212093, 16074725.49919059, 16075014.500165714, 16075303.501140838, 16075593.502119338, 16075883.503097834, 16076172.504072955]	0.0	0.0	0.0
1397.4707378052015	2.0	trials	2.0	1.0	1.0	0.0	10000.0	1.0	True	40.0	0.0	0.005	[16182541.862975776, 16182830.8639509, 16183120.864929397, 16183410.865907896, 16183698.866879646, 16183989.867861513, 16184278.868836641, 16184568.869815137, 16184858.870793637, 16185147.871768758, 16185438.872750632, 16185726.873722378, 16186016.874700878, 16186306.875679374, 16186596.876657873, 16186885.877632994, 16187175.878611494, 16187465.87958999, 16187754.880565114, 16188044.881543614]	0.0	0.0	0.0
1407.7781197835955	2.0	trials	2.0	1.0	1.0	0.0	10000.0	1.0	True	40.0	0.0	0.005	[16301839.265499346, 16302129.266477846, 16302419.267456342, 16302708.268431466, 16302998.269409962, 16303288.270388462, 16303577.271363586, 16303866.272338707, 16304156.273317207, 16304446.274295703, 16304735.275270827, 16305025.276249323, 16305315.277227823, 16305604.278202944, 16305894.279181443, 16306183.280156568, 16306473.281135065, 16306763.28211356, 16307052.283088684, 16307343.284070555]	0.0	0.0	0.0
1416.0528485035636	2.0	trials	2.0	1.0	1.0	0.0	10000.0	1.0	True	40.0	0.0	0.005	[16397611.58864651, 16397901.589625008, 16398190.590600133, 16398480.591578633, 16398770.592557129, 16399060.593535628, 16399350.594514122, 16399639.595489249, 16399928.59646437, 16400219.597446244, 16400508.598421365, 16400798.599399863, 16401087.600374985, 16401377.601353483, 16401666.60232861, 16401956.603307106, 16402246.604285605, 16402536.6052641, 16402825.606239226, 16403114.607214348]	0.0	0.0	0.0
1426.042709410602	2.0	trials	2.0	1.0	1.0	0.0	10000.0	1.0	True	40.0	0.0	0.005	[16513235.978776902, 16513525.979755402, 16513814.980730522, 16514103.981705647, 16514393.982684147, 16514683.983662643, 16514972.984637767, 16515262.985616263, 16515552.986594763, 16515841.987569885, 16516131.988548383, 16516421.98952688, 16516711.990505379, 16517000.991480501, 16517289.992455626, 16517580.993437497, 16517870.994415995, 16518158.995387744, 16518448.996366242, 16518738.99734474]	0.0	0.0	0.0
1432.847077969391	2.0	trials	2.0	1.0	1.0	0.0	10000.0	1.0	True	40.0	0.0	0.005	[16591989.244499752, 16592280.245481623, 16592569.246456748, 16592858.24743187, 16593149.248413743, 16593439.249392241, 16593728.250367364, 16594017.251342488, 16594307.252320984, 16594596.253296109, 16594886.254274605, 16595176.255253104, 16595465.256228229, 16595754.25720335, 16596044.25818185, 16596334.259160345, 16596625.260142216, 16596914.261117341, 16597203.262092466, 16597493.263070961]	0.0	0.0	0.0
1443.7070762123813	2.0	trials	2.0	1.0	1.0	0.0	10000.0	1.0	True	40.0	0.0	0.005	[16717683.668607632, 16717973.669586128, 16718263.670564627, 16718553.671543125, 16718842.672518248, 16719132.673496744, 16719422.674475243, 16719711.675450364, 16720001.676428864, 16720290.677403988, 16720580.678382486, 16720870.679360984, 16721159.680336108, 16721449.681314604, 16721738.682289729, 16722028.683268225, 16722318.684246724, 16722608.68522522, 16722898.68620372, 16723187.68717884]	0.0	0.0	0.0
1449.9709245473878	2.0	trials	2.0	1.0	1.0	0.0	10000.0	1.0	True	40.0	0.0	0.005	[16790181.913225297, 16790472.914207168, 16790761.915182292, 16791051.91616079, 16791340.917135913, 16791630.918114413, 16791920.91909291, 16792209.920068033, 16792499.92104653, 16792789.92202503, 16793077.922996778, 16793367.923975274, 16793658.92495715, 16793947.92593227, 16794236.926907394, 16794527.927889265, 16794816.92886439, 16795105.929839514, 16795396.930821385, 16795685.93179651]	0.0	0.0	0.0
1460.4473054960051	2.0	trials	2.0	1.0	1.0	0.0	10000.0	1.0	True	40.0	0.0	0.005	[16911436.32235204, 16911725.323327165, 16912016.324309036, 16912305.325284157, 16912594.32625928, 16912884.32723778, 16913174.328216277, 16913463.3291914, 16913753.330169898, 16914042.331145022, 16914333.332126893, 16914622.333102018, 16914912.334080514, 16915201.33505564, 16915491.336034134, 16915781.337012634, 16916071.33799113, 16916360.338966258, 16916650.339944754, 16916939.34091988]	0.0	0.0	0.0
1469.4055469222305	2.0	trials	2.0	1.0	1.0	0.0	10000.0	1.0	True	40.0	0.0	0.005	[17015119.672191948, 17015409.673170444, 17015699.674148943, 17015988.675124064, 17016278.676102564, 17016567.67707769, 17016857.678056184, 17017146.67903131, 17017437.68001318, 17017726.680988304, 17018015.68196343, 17018305.682941925, 17018595.683920424, 17018884.684895545, 17019174.685874045, 17019464.68685254, 17019754.68783104, 17020044.688809536, 17020333.68978466, 17020622.690759785]	0.0	0.0	0.0
1476.6892642984026	2.0	trials	2.0	1.0	1.0	0.0	10000.0	1.0	True	40.0	0.0	0.005	[17099421.956637844, 17099711.95761634, 17100001.958594836, 17100290.95956996, 17100580.96054846, 17100870.961526956, 17101160.962505456, 17101449.963480577, 17101738.9644557, 17102029.965437572, 17102318.966412697, 17102608.967391193, 17102897.968366317, 17103187.969344817, 17103477.970323313, 17103766.971298438, 17104055.97227356, 17104346.973255433, 17104635.974230554, 17104924.97520568]	0.0	0.0	0.0
1485.8909817461463	2.0	trials	2.0	1.0	1.0	0.0	10000.0	1.0	True	40.0	0.0	0.005	[17205924.31598942, 17206213.316964544, 17206503.317943044, 17206792.318918165, 17207083.319900036, 17207372.32087516, 17207662.32185366, 17207951.32282878, 17208240.323803905, 17208530.3247824, 17208820.3257609, 17209109.326736026, 17209399.32771452, 17209689.328693017, 17209979.329671517, 17210268.33064664, 17210557.331621762, 17210848.332603637, 17211137.333578758, 17211427.334557258]	0.0	0.0	0.0
1495.933546831015	2.0	trials	2.0	1.0	1.0	0.0	10000.0	1.0	True	40.0	0.0	0.005	[17322156.708171282, 17322446.70914978, 17322736.710128278, 17323025.711103402, 17323315.7120819, 17323604.713057023, 17323894.714035522, 17324184.715014018, 17324473.715989143, 17324763.71696764, 17325053.71794614, 17325342.71892126, 17325632.71989976, 17325921.720874883, 17326212.721856754, 17326501.72283188, 17326791.723810375, 17327080.7247855, 17327370.725763995, 17327660.726742495]	0.0	0.0	0.0
1504.427473090583	2.0	trials	2.0	1.0	1.0	0.0	10000.0	1.0	True	40.0	0.0	0.005	[17420468.03988536, 17420756.040857114, 17421045.041832235, 17421335.042810734, 17421626.043792605, 17421915.04476773, 17422204.045742854, 17422495.046724726, 17422783.047696475, 17423073.04867497, 17423363.04965347, 17423652.05062859, 17423942.05160709, 17424232.052585587, 17424522.053564087, 17424811.054539207, 17425101.055517707, 17425391.056496203, 17425680.057471327, 17425970.058449827]	0.0	0.0	0.0
1512.2218161896699	2.0	trials	2.0	1.0	1.0	0.0	10000.0	1.0	True	40.0	0.0	0.005	[17510678.344265617, 17510969.34524749, 17511258.346222613, 17511547.347197738, 17511837.348176233, 17512127.349154733, 17512415.350126483, 17512706.351108354, 17512996.35208685, 17513285.353061974, 17513574.3540371, 17513864.3550156, 17514154.355994094, 17514444.356972594, 17514733.357947715, 17515023.358926214, 17515313.35990471, 17515603.36088321, 17515892.36185833, 17516182.36283683]	0.0	0.0	0.0
1522.8896601843078	2.0	trials	2.0	1.0	1.0	0.0	10000.0	1.0	True	40.0	0.0	0.005	[17634148.760869432, 17634438.761847932, 17634728.762826428, 17635018.763804927, 17635307.764780052, 17635596.765755173, 17635886.766733672, 17636176.76771217, 17636466.768690668, 17636754.769662417, 17637044.770640913, 17637335.771622784, 17637624.77259791, 17637914.77357641, 17638203.77455153, 17638494.775533404, 17638782.776505154, 17639073.777487025, 17639361.778458774, 17639651.77943727]	0.0	0.0	0.0
1531.4017305050957	2.0	trials	2.0	1.0	1.0	0.0	10000.0	1.0	True	40.0	0.0	0.005	[17732668.093285333, 17732958.094263833, 17733248.09524233, 17733537.096217453, 17733826.097192578, 17734117.09817445, 17734406.099149574, 17734695.100124694, 17734986.101106565, 17735275.10208169, 17735564.103056815, 17735854.10403531, 17736144.10501381, 17736433.10598893, 17736723.10696743, 17737013.107945926, 17737303.108924426, 17737592.10989955, 17737882.110878047, 17738171.11185317]	0.0	0.0	0.0
1539.75836670143	2.0	trials	2.0	1.0	1.0	0.0	10000.0	1.0	True	40.0	0.0	0.005	[17829388.419631172, 17829678.42060967, 17829967.421584796, 17830257.422563292, 17830547.42354179, 17830837.424520288, 17831126.425495412, 17831416.426473908, 17831705.427449033, 17831996.428430904, 17832285.42940603, 17832574.430381153, 17832864.43135965, 17833154.43233815, 17833442.433309898, 17833733.43429177, 17834022.435266893, 17834313.436248764, 17834601.437220514, 17834891.438199013]	0.0	0.0	0.0
1547.0943562539749	2.0	trials	2.0	1.0	1.0	0.0	10000.0	1.0	True	40.0	0.0	0.005	[17914295.706118416, 17914585.707096912, 17914875.70807541, 17915165.70905391, 17915454.710029036, 17915744.71100753, 17916033.711982656, 17916323.712961152, 17916612.713936277, 17916902.714914773, 17917192.715893272, 17917481.716868393, 17917771.717846893, 17918060.718822017, 17918350.719800517, 17918640.720779013, 17918930.72175751, 17919220.72273601, 17919510.723714504, 17919799.72468963]	0.0	0.0	0.0
1554.510006875306	2.0	trials	2.0	1.0	1.0	0.0	10000.0	1.0	True	40.0	0.0	0.005	[18000126.99572336, 18000415.99669848, 18000704.997673605, 18000994.9986521, 18001284.9996306, 18001574.000605725, 18001864.001584224, 18002153.002559345, 18002443.003537845, 18002733.00451634, 18003023.00549484, 18003312.00646996, 18003601.007445082, 18003891.00842358, 18004181.00940208, 18004470.010377206, 18004759.011352327, 18005050.0123342, 18005340.013312694, 18005629.014287822]	0.0	0.0	0.0
1563.4800851414705	2.0	trials	2.0	1.0	1.0	0.0	10000.0	1.0	True	40.0	0.0	0.005	[18103946.346022148, 18104235.34699727, 18104524.347972393, 18104814.348950893, 18105103.349926013, 18105394.35090789, 18105683.35188301, 18105974.35286488, 18106262.35383663, 18106553.354818504, 18106842.355793625, 18107131.35676875, 18107421.357747246, 18107711.358725745, 18108001.35970424, 18108290.360679366, 18108580.361657865, 18108869.362632986, 18109160.363614857, 18109448.364586607]	0.0	0.0	0.0
1570.4341854054733	2.0	trials	2.0	1.0	1.0	0.0	10000.0	1.0	True	40.0	0.0	0.005	[18184432.617592365, 18184723.618574236, 18185012.619549356, 18185301.62052448, 18185591.62150298, 18185880.6224781, 18186171.623459976, 18186461.62443847, 18186750.625413597, 18187040.626392093, 18187329.627367217, 18187619.628345713, 18187909.629324213, 18188198.630299333, 18188488.631277833, 18188778.63225633, 18189067.633231454, 18189357.63420995, 18189646.635185074, 18189935.6361602]	0.0	0.0	0.0
1577.4806475811163	2.0	trials	2.0	1.0	1.0	0.0	10000.0	1.0	True	40.0	0.0	0.005	[18265988.892772898, 18266278.893751394, 18266567.89472652, 18266857.895705014, 18267147.896683514, 18267436.89765864, 18267726.89863714, 18268017.899619006, 18268305.900590755, 18268595.901569255, 18268885.90254775, 18269174.903522875, 18269463.904497996, 18269753.905476496, 18270043.90645499, 18270332.90743012, 18270623.908411987, 18270912.90938711, 18271203.910368983, 18271491.911340736]	0.0	0.0	0.0
1586.4365561994703	2.0	trials	2.0	1.0	1.0	0.0	10000.0	1.0	True	40.0	0.0	0.005	[18369645.242521703, 18369936.243503574, 18370225.2444787, 18370515.2454572, 18370805.246435694, 18371094.24741082, 18371383.24838594, 18371673.24936444, 18371963.250342935, 18372252.251318064, 18372542.252296556, 18372831.253271684, 18373121.25425018, 18373411.25522868, 18373701.256207176, 18373990.257182296, 18374279.25815742, 18374569.259135917, 18374859.260114416, 18375149.261092912]	0.0	0.0	0.0
1647.418573160411	2.0	trials	2.0	1.0	1.0	0.0	10000.0	1.0	True	40.0	0.0	0.005	[19075455.624009553, 19075745.62498805, 19076035.62596655, 19076324.62694167, 19076614.62792017, 19076903.628895294, 19077193.62987379, 19077482.630848914, 19077773.631830785, 19078061.632802535, 19078351.63378103, 19078641.63475953, 19078931.635738026, 19079220.63671315, 19079510.637691647, 19079800.638670146, 19080089.63964527, 19080379.64062377, 19080669.641602267, 19080959.642580763]	0.0	0.0	0.0
1656.5085750312126	2.0	trials	2.0	1.0	1.0	0.0	10000.0	1.0	True	40.0	0.0	0.005	[19180663.978995007, 19180954.97997688, 19181243.980952002, 19181533.9819305, 19181823.982908998, 19182112.983884122, 19182402.98486262, 19182691.985837743, 19182981.986816242, 19183271.98779474, 19183561.988773238, 19183850.98974836, 19184139.990723483, 19184430.991705354, 19184718.992677104, 19185008.993655603, 19185298.9946341, 19185588.9956126, 19185878.996591095, 19186168.997569595]	0.0	0.0	0.0
1666.5827626227795	2.0	trials	2.0	1.0	1.0	0.0	10000.0	1.0	True	40.0	0.0	0.005	[19297264.37241855, 19297554.37339705, 19297843.37437217, 19298132.375347294, 19298422.37632579, 19298712.37730429, 19299001.378279414, 19299291.37925791, 19299581.38023641, 19299870.38121153, 19300161.3821934, 19300450.383168526, 19300739.38414365, 19301029.385122146, 19301318.38609727, 19301608.38707577, 19301898.388054267, 19302188.389032766, 19302477.39000789, 19302767.390986387]	0.0	0.0	0.0
1677.556550049709	2.0	trials	2.0	1.0	1.0	0.0	10000.0	1.0	True	40.0	0.0	0.005	[19424275.80097016, 19424565.80194866, 19424854.80292378, 19425143.8038989, 19425433.8048774, 19425723.805855896, 19426013.806834396, 19426301.807806145, 19426592.80878802, 19426881.80976314, 19427171.81074164, 19427461.811720137, 19427750.81269526, 19428040.813673757, 19428330.814652257, 19428620.815630753, 19428909.816605873, 19429199.817584373, 19429488.818559498, 19429778.819537994]	0.0	0.0	0.0
1684.0189462546405	2.0	trials	2.0	1.0	1.0	0.0	10000.0	1.0	True	40.0	0.0	0.005	[19499071.0533382, 19499361.0543167, 19499651.055295195, 19499940.05627032, 19500230.057248816, 19500519.05822394, 19500809.059202436, 19501099.060180936, 19501388.06115606, 19501677.06213118, 19501968.063113056, 19502257.064088177, 19502546.0650633, 19502836.066041797, 19503126.067020297, 19503415.067995418, 19503705.068973918, 19503995.069952413, 19504285.070930913, 19504574.071906038]	0.0	0.0	0.0
1692.4135985792457	2.0	trials	2.0	1.0	1.0	0.0	10000.0	1.0	True	40.0	0.0	0.005	[19596232.38117203, 19596522.38215053, 19596811.38312565, 19597101.38410415, 19597390.385079276, 19597680.38605777, 19597969.387032896, 19598259.388011396, 19598549.38898989, 19598839.389968388, 19599128.390943512, 19599418.391922012, 19599708.392900508, 19599998.393879008, 19600286.394850753, 19600577.395832628, 19600866.39680775, 19601155.397782873, 19601445.398761373, 19601736.399743244]	0.0	0.0	0.0
1699.8709805413835	2.0	trials	2.0	1.0	1.0	0.0	10000.0	1.0	True	40.0	0.0	0.005	[19682544.67239993, 19682834.673378427, 19683123.67435355, 19683412.675328676, 19683702.676307175, 19683992.67728567, 19684281.678260792, 19684571.67923929, 19684860.680214413, 19685151.681196287, 19685440.682171408, 19685730.683149908, 19686020.684128404, 19686309.685103532, 19686599.686082024, 19686888.687057152, 19687179.68803902, 19687467.689010773, 19687757.68998927, 19688046.69096439]	0.0	0.0	0.0
1710.0289764157303	2.0	trials	2.0	1.0	1.0	0.0	10000.0	1.0	True	40.0	0.0	0.005	[19800114.069093004, 19800404.070071504, 19800693.071046624, 19800983.072025124, 19801272.073000245, 19801562.073978744, 19801852.07495724, 19802141.075932365, 19802431.07691086, 19802720.077885985, 19803011.078867856, 19803300.07984298, 19803590.080821477, 19803879.0817966, 19804169.0827751, 19804458.083750222, 19804749.084732097, 19805037.085703842, 19805327.086682342, 19805617.087660838]	0.0	0.0	0.0
1720.2471932932701	2.0	trials	2.0	1.0	1.0	0.0	10000.0	1.0	True	40.0	0.0	0.005	[19918380.468137845, 19918669.46911297, 19918959.470091466, 19919249.471069966, 19919538.472045086, 19919828.473023586, 19920117.473998707, 19920408.47498058, 19920696.47595233, 19920986.476930827, 19921276.477909327, 19921566.478887822, 19921856.479866322, 19922145.480841443, 19922435.481819943, 19922724.482795067, 19923014.483773563, 19923303.484748688, 19923594.48573056, 19923883.486705683]	0.0	0.0	0.0
1728.083267733164	2.0	trials	2.0	1.0	1.0	0.0	10000.0	1.0	True	40.0	0.0	0.005	[20009075.774154555, 20009365.77513305, 20009654.776108176, 20009944.77708667, 20010233.778061796, 20010524.779043667, 20010813.78001879, 20011103.780997287, 20011392.781972412, 20011682.782950908, 20011971.783926036, 20012261.784904532, 20012551.785883028, 20012840.786858153, 20013131.787840024, 20013419.788811773, 20013709.78979027, 20013998.790765394, 20014289.791747265, 20014578.79272239]	0.0	0.0	0.0
1734.7492230249293	2.0	trials	2.0	1.0	1.0	0.0	10000.0	1.0	True	40.0	0.0	0.005	[20086228.034475423, 20086518.03545392, 20086807.03642904, 20087097.03740754, 20087387.038386036, 20087676.03936116, 20087966.040339656, 20088255.041314784, 20088545.04229328, 20088835.04327178, 20089124.0442469, 20089413.045222025, 20089703.04620052, 20089993.04717902, 20090283.048157517, 20090573.049136017, 20090863.050114512, 20091152.051089633, 20091442.052068133, 20091731.053043257]	0.0	0.0	0.0
1742.9334906396703	2.0	trials	2.0	1.0	1.0	0.0	10000.0	1.0	True	40.0	0.0	0.005	[20180953.35408987, 20181243.35506837, 20181533.356046867, 20181822.35702199, 20182112.358000487, 20182401.358975615, 20182692.359957483, 20182980.360929236, 20183271.361911103, 20183560.36288623, 20183849.363861352, 20184139.364839848, 20184428.365814973, 20184718.36679347, 20185008.36777197, 20185298.368750464, 20185587.369725592, 20185877.370704085, 20186167.371682584, 20186456.37265771]	0.0	0.0	0.0
1753.5412000314066	2.0	trials	2.0	1.0	1.0	0.0	10000.0	1.0	True	40.0	0.0	0.005	[20303727.768345293, 20304016.769320413, 20304305.770295538, 20304595.771274034, 20304885.772252534, 20305175.77323103, 20305464.774206158, 20305754.77518465, 20306044.77616315, 20306333.777138274, 20306623.778116774, 20306913.77909527, 20307202.780070394, 20307491.781045515, 20307781.782024015, 20308071.78300251, 20308361.78398101, 20308650.784956135, 20308940.785934627, 20309229.786909755]	0.0	0.0	0.0
1762.781365608879	2.0	trials	2.0	1.0	1.0	0.0	10000.0	1.0	True	40.0	0.0	0.005	[20410674.129194982, 20410963.130170107, 20411252.13114523, 20411542.132123727, 20411832.133102227, 20412121.13407735, 20412411.135055847, 20412701.136034347, 20412991.137012843, 20413280.137987968, 20413569.13896309, 20413860.139944963, 20414148.140916713, 20414439.141898584, 20414727.142870333, 20415018.143852204, 20415308.1448307, 20415597.145805825, 20415886.14678095, 20416176.147759445]	0.0	0.0	0.0
1770.9897389049556	2.0	trials	2.0	1.0	1.0	0.0	10000.0	1.0	True	40.0	0.0	0.005	[20505678.44975082, 20505967.450725943, 20506257.45170444, 20506546.45267956, 20506836.45365806, 20507125.454633184, 20507415.455611683, 20507706.456593554, 20507995.457568675, 20508285.45854717, 20508574.4595223, 20508863.46049742, 20509154.461479295, 20509443.462454416, 20509732.46342954, 20510023.46441141, 20510312.465386536, 20510602.466365032, 20510891.467340156, 20511181.468318652]	0.0	0.0	0.0
1781.4720814736888	2.0	trials	2.0	1.0	1.0	0.0	10000.0	1.0	True	40.0	0.0	0.005	[20627001.859110374, 20627290.8600855, 20627580.861063994, 20627870.862042494, 20628159.86301762, 20628449.86399612, 20628739.864974614, 20629028.865949735, 20629317.86692486, 20629607.867903356, 20629896.868878484, 20630186.86985698, 20630476.870835476, 20630766.87181397, 20631056.87279247, 20631345.873767596, 20631634.87474272, 20631924.875721216, 20632213.876696337, 20632503.877674837]	0.0	0.0	0.0
1792.0975893254788	2.0	trials	2.0	1.0	1.0	0.0	10000.0	1.0	True	40.0	0.0	0.005	[20749982.274060864, 20750272.27503936, 20750561.27601449, 20750851.276992984, 20751140.27796811, 20751430.278946605, 20751720.279925104, 20752010.2809036, 20752299.281878725, 20752588.28285385, 20752878.283832345, 20753168.28481084, 20753458.28578934, 20753747.286764465, 20754037.28774296, 20754327.28872146, 20754616.28969658, 20754906.29067508, 20755195.291650202, 20755485.2926287]	0.0	0.0	0.0
1802.915769827371	2.0	trials	2.0	1.0	1.0	0.0	10000.0	1.0	True	40.0	0.0	0.005	[20875192.696535666, 20875481.69751079, 20875770.698485915, 20876060.69946441, 20876350.70044291, 20876640.701421406, 20876929.70239653, 20877219.703375027, 20877509.704353526, 20877798.70532865, 20878088.706307147, 20878376.707278896, 20878667.708260767, 20878956.70923589, 20879246.710214388, 20879535.711189512, 20879825.71216801, 20880115.713146508, 20880405.714125004, 20880695.715103503]	0.0	0.0	0.0
1813.9621334991814	2.0	trials	2.0	1.0	1.0	0.0	10000.0	1.0	True	40.0	0.0	0.005	[21003044.127921544, 21003334.12890004, 21003622.12987179, 21003912.130850285, 21004202.131828785, 21004492.13280728, 21004781.133782405, 21005071.1347609, 21005361.1357394, 21005649.13671115, 21005940.137693025, 21006229.138668146, 21006518.139643267, 21006809.14062514, 21007098.141600262, 21007388.142578762, 21007678.143557258, 21007967.144532382, 21008257.145510882, 21008546.146486007]	0.0	0.0	0.0
1822.625922731888	2.0	trials	2.0	1.0	1.0	0.0	10000.0	1.0	True	40.0	0.0	0.005	[21103318.46625904, 21103608.46723754, 21103898.468216036, 21104188.469194535, 21104477.470169656, 21104767.471148156, 21105057.47212665, 21105346.473101776, 21105635.4740769, 21105925.475055397, 21106215.476033896, 21106504.477009017, 21106795.47799089, 21107085.478969388, 21107373.479941137, 21107663.480919633, 21107953.481898133, 21108243.48287663, 21108533.48385513, 21108822.48483025]	0.0	0.0	0.0
1831.463722151727	2.0	trials	2.0	1.0	1.0	0.0	10000.0	1.0	True	40.0	0.0	0.005	[21205608.811398786, 21205898.81237728, 21206187.813352406, 21206477.814330902, 21206767.8153094, 21207056.816284522, 21207346.817263022, 21207635.818238143, 21207925.819216643, 21208215.82019514, 21208505.821173638, 21208794.822148763, 21209083.823123883, 21209373.824102383, 21209663.82508088, 21209952.826056004, 21210242.827034503, 21210532.828013, 21210821.828988124, 21211110.82996325]	0.0	0.0	0.0
1838.0401667414721	2.0	trials	2.0	1.0	1.0	0.0	10000.0	1.0	True	40.0	0.0	0.005	[21281724.06822068, 21282014.069199175, 21282304.070177674, 21282593.0711528, 21282883.072131295, 21283172.07310642, 21283462.074084915, 21283752.075063415, 21284041.076038536, 21284331.077017035, 21284620.077992156, 21284910.078970656, 21285200.07994915, 21285489.08092428, 21285779.081902776, 21286068.082877897, 21286358.083856396, 21286648.084834896, 21286938.085813392, 21287227.086788516]	0.0	0.0	0.0
1845.9555566489864	2.0	trials	2.0	1.0	1.0	0.0	10000.0	1.0	True	40.0	0.0	0.005	[21373338.377338216, 21373628.37831671, 21373917.379291836, 21374206.380266957, 21374496.381245457, 21374786.382223953, 21375076.383202452, 21375366.38418095, 21375655.38515607, 21375945.38613457, 21376234.387109693, 21376524.388088193, 21376814.38906669, 21377103.390041813, 21377392.391016934, 21377682.391995434, 21377973.392977305, 21378262.39395243, 21378551.39492755, 21378841.39590605]	0.0	0.0	0.0
1852.7129234491858	2.0	trials	2.0	1.0	1.0	0.0	10000.0	1.0	True	40.0	0.0	0.005	[21451548.641228907, 21451837.64220403, 21452127.64318253, 21452415.644154277, 21452706.64513615, 21452996.646114647, 21453286.647093147, 21453574.648064896, 21453864.649043396, 21454154.65002189, 21454443.650997017, 21454733.651975513, 21455022.652950633, 21455313.653932508, 21455602.65490763, 21455892.65588613, 21456181.65686125, 21456471.65783975, 21456761.658818245, 21457050.659793373]	0.0	0.0	0.0
1863.1448082476677	2.0	trials	2.0	1.0	1.0	0.0	10000.0	1.0	True	40.0	0.0	0.005	[21572287.0486146, 21572577.0495931, 21572867.050571594, 21573156.05154672, 21573445.052521843, 21573735.053500343, 21574025.05447884, 21574316.05546071, 21574605.05643583, 21574894.05741096, 21575183.05838608, 21575473.05936458, 21575763.060343076, 21576052.061318196, 21576342.062296696, 21576632.063275192, 21576921.06425032, 21577211.065228816, 21577501.066207312, 21577791.067185808]	0.0	0.0	0.0
1871.1307007930666	2.0	trials	2.0	1.0	1.0	0.0	10000.0	1.0	True	40.0	0.0	0.005	[21664716.36048205, 21665006.361460548, 21665296.362439044, 21665586.363417543, 21665875.364392668, 21666165.365371164, 21666455.36634966, 21666745.36732816, 21667035.368306655, 21667324.369281784, 21667614.37026028, 21667902.37123203, 21668192.372210525, 21668482.373189025, 21668772.37416752, 21669061.37514264, 21669351.37612114, 21669641.37709964, 21669931.378078137, 21670219.379049886]	0.0	0.0	0.0
1878.7624385435024	2.0	trials	2.0	1.0	1.0	0.0	10000.0	1.0	True	40.0	0.0	0.005	[21753046.65851894, 21753336.65949744, 21753625.660472564, 21753916.66145443, 21754205.66242956, 21754494.66340468, 21754784.66438318, 21755074.665361676, 21755363.666336797, 21755653.667315297, 21755942.66829042, 21756232.66926892, 21756522.670247417, 21756811.67122254, 21757101.672201037, 21757391.673179537, 21757680.674154658, 21757970.675133158, 21758260.676111653, 21758549.677086778]	0.0	0.0	0.0
1885.3803552731802	2.0	trials	2.0	1.0	1.0	0.0	10000.0	1.0	True	40.0	0.0	0.005	[21829643.916967165, 21829932.91794229, 21830222.91892079, 21830512.91989928, 21830801.920874406, 21831091.921852905, 21831380.922828026, 21831669.92380315, 21831960.92478502, 21832249.925760146, 21832538.92673527, 21832829.92771714, 21833118.928692266, 21833408.929670762, 21833698.930649262, 21833987.931624386, 21834277.932602882, 21834566.933578007, 21834856.934556503, 21835145.935531627]	0.0	0.0	0.0
1893.2461514133586	2.0	trials	2.0	1.0	1.0	0.0	10000.0	1.0	True	40.0	0.0	0.005	[21920682.2241412, 21920972.2251197, 21921261.22609482, 21921551.22707332, 21921840.228048444, 21922131.229030315, 21922419.230002064, 21922709.230980564, 21923000.23196243, 21923289.23293756, 21923579.233916055, 21923868.23489118, 21924157.2358663, 21924447.236844797, 21924737.237823296, 21925027.238801792, 21925317.239780292, 21925606.240755413, 21925895.24173054, 21926185.242709037]	0.0	0.0	0.0
1904.0405718350812	2.0	trials	2.0	1.0	1.0	0.0	10000.0	1.0	True	40.0	0.0	0.005	[22045617.645688117, 22045907.646666612, 22046197.647645112, 22046486.648620233, 22046775.649595357, 22047065.650573853, 22047355.651552353, 22047644.652527474, 22047934.653505974, 22048224.65448447, 22048514.65546297, 22048804.656441465, 22049093.657416593, 22049382.658391714, 22049672.659370214, 22049962.66034871, 22050251.661323834, 22050541.66230233, 22050830.66327745, 22051120.66425595]	0.0	0.0	0.0
1914.1148458269397	2.0	trials	2.0	1.0	1.0	0.0	10000.0	1.0	True	40.0	0.0	0.005	[22162219.03911503, 22162509.04009353, 22162798.04106865, 22163087.042043775, 22163378.043025646, 22163667.04400077, 22163957.04497927, 22164246.04595439, 22164536.04693289, 22164826.047911387, 22165115.04888651, 22165405.04986501, 22165694.050840132, 22165984.051818628, 22166273.052793756, 22166563.053772252, 22166853.05475075, 22167143.055729248, 22167433.056707744, 22167722.057682868]	0.0	0.0	0.0
1920.588906071227	2.0	trials	2.0	1.0	1.0	0.0	10000.0	1.0	True	40.0	0.0	0.005	[22237149.29193858, 22237440.292920455, 22237730.29389895, 22238019.294874076, 22238309.29585257, 22238597.29682432, 22238888.297806192, 22239178.29878469, 22239467.299759813, 22239756.30073494, 22240046.301713437, 22240335.30268856, 22240626.303670432, 22240915.304645557, 22241205.305624053, 22241495.306602553, 22241785.30758105, 22242074.308556173, 22242364.30953467, 22242653.31050979]	0.0	0.0	0.0
1930.6511704225636	2.0	trials	2.0	1.0	1.0	0.0	10000.0	1.0	True	40.0	0.0	0.005	[22353610.68489312, 22353900.68587162, 22354189.68684674, 22354480.687828615, 22354769.688803736, 22355059.689782236, 22355349.69076073, 22355637.69173248, 22355927.69271098, 22356217.693689477, 22356506.6946646, 22356797.69564647, 22357086.696621597, 22357375.697596718, 22357665.698575217, 22357955.699553713, 22358244.700528838, 22358535.70151071, 22358824.702485833, 22359113.703460958]	0.0	0.0	0.0
1940.2207803116223	2.0	trials	2.0	1.0	1.0	0.0	10000.0	1.0	True	40.0	0.0	0.005	[22464371.058611743, 22464660.059586868, 22464950.060565364, 22465240.061543863, 22465530.06252236, 22465820.06350086, 22466109.06447598, 22466398.065451104, 22466688.066429604, 22466977.067404725, 22467267.068383224, 22467557.069361724, 22467846.070336845, 22468136.07131534, 22468425.072290465, 22468715.07326896, 22469006.074250836, 22469295.075225957, 22469585.076204456, 22469874.07717958]	0.0	0.0	0.0
1947.7932474620723	2.0	trials	2.0	1.0	1.0	0.0	10000.0	1.0	True	40.0	0.0	0.005	[22552014.354330607, 22552305.355312478, 22552594.356287602, 22552883.357262723, 22553173.358241223, 22553463.35921972, 22553752.360194847, 22554043.361176714, 22554331.362148464, 22554621.363126963, 22554911.36410546, 22555201.36508396, 22555490.36605908, 22555780.36703758, 22556069.3680127, 22556359.3689912, 22556649.369969696, 22556938.370944824, 22557228.37192332, 22557517.372898445]	0.0	0.0	0.0
1957.6332038633145	2.0	trials	2.0	1.0	1.0	0.0	10000.0	1.0	True	40.0	0.0	0.005	[22665902.73860351, 22666192.739582002, 22666482.7405605, 22666771.741535626, 22667060.74251075, 22667350.743489247, 22667641.74447112, 22667930.745446242, 22668219.746421367, 22668509.747399863, 22668799.748378363, 22669089.74935686, 22669378.750331983, 22669667.751307108, 22669958.75228898, 22670247.753264103, 22670536.754239224, 22670827.755221095, 22671116.75619622, 22671405.757171344]	0.0	0.0	0.0
1966.345204458692	2.0	trials	2.0	1.0	1.0	0.0	10000.0	1.0	True	40.0	0.0	0.005	[22766736.078827143, 22767026.079805642, 22767316.08078414, 22767605.081759263, 22767895.08273776, 22768185.08371626, 22768474.084691383, 22768764.08566988, 22769054.08664838, 22769343.0876235, 22769632.088598624, 22769922.08957712, 22770212.09055562, 22770501.091530744, 22770791.09250924, 22771081.093487736, 22771370.094462864, 22771660.09544136, 22771950.09641986, 22772240.097398356]	0.0	0.0	0.0
1977.1454136999469	2.0	trials	2.0	1.0	1.0	0.0	10000.0	1.0	True	40.0	0.0	0.005	[22891739.500603497, 22892029.501581997, 22892318.50255712, 22892608.503535617, 22892897.50451074, 22893187.50548924, 22893476.506464362, 22893766.50744286, 22894056.508421358, 22894345.509396482, 22894635.51037498, 22894925.511353478, 22895214.5123286, 22895504.5133071, 22895794.514285594, 22896084.515264094, 22896372.516235843, 22896662.51721434, 22896952.51819284, 22897242.519171335]	0.0	0.0	0.0
1983.703109426431	2.0	trials	2.0	1.0	1.0	0.0	10000.0	1.0	True	40.0	0.0	0.005	[22967637.75669321, 22967927.757671706, 22968216.75864683, 22968506.759625327, 22968796.760603826, 22969085.761578947, 22969376.762560822, 22969665.763535943, 22969954.764511067, 22970244.765489567, 22970533.766464688, 22970824.76744656, 22971113.768421683, 22971403.769400183, 22971692.770375304, 22971982.771353804, 22972271.772328924, 22972561.773307424, 22972851.77428592, 22973140.77526105]	0.0	0.0	0.0
1990.339170217329	2.0	trials	2.0	1.0	1.0	0.0	10000.0	1.0	True	40.0	0.0	0.005	[23044444.01584663, 23044734.016825125, 23045023.01780025, 23045313.018778745, 23045604.01976062, 23045892.020732366, 23046182.021710865, 23046472.02268936, 23046762.02366786, 23047051.024642985, 23047341.02562148, 23047630.026596606, 23047920.027575105, 23048210.0285536, 23048500.0295321, 23048789.03050722, 23049079.031485718, 23049369.032464217, 23049659.033442717, 23049948.034417838]	0.0	0.0	0.0
1997.5929066923416	2.0	trials	2.0	1.0	1.0	0.0	10000.0	1.0	True	40.0	0.0	0.005	[23128399.2991217, 23128688.30009682, 23128979.301078696, 23129268.302053817, 23129558.303032316, 23129848.304010812, 23130137.304985937, 23130426.30596106, 23130717.306942932, 23131006.307918057, 23131296.308896553, 23131585.309871677, 23131875.310850177, 23132164.311825298, 23132454.312803797, 23132743.313778922, 23133034.314760793, 23133323.315735918, 23133613.316714413, 23133903.317692913]	0.0	0.0	0.0
2004.3138125695173	2.0	trials	2.0	1.0	1.0	0.0	10000.0	1.0	True	40.0	0.0	0.005	[23206188.561591886, 23206477.56256701, 23206767.563545506, 23207056.56452063, 23207346.565499127, 23207635.566474255, 23207925.56745275, 23208215.568431247, 23208505.569409747, 23208794.57038487, 23209084.571363367, 23209373.572338488, 23209663.573316988, 23209953.574295487, 23210243.575273983, 23210533.576252483, 23210822.577227604, 23211112.578206103, 23211401.579181224, 23211690.58015635]	0.0	0.0	0.0
2011.746656848862	2.0	trials	2.0	1.0	1.0	0.0	10000.0	1.0	True	40.0	0.0	0.005	[23292216.851861533, 23292505.852836657, 23292795.853815153, 23293085.854793653, 23293375.85577215, 23293664.85674727, 23293954.85772577, 23294244.858704265, 23294533.85967939, 23294822.860654514, 23295112.861633014, 23295402.86261151, 23295691.863586634, 23295982.8645685, 23296270.865540255, 23296560.86651875, 23296850.86749725, 23297139.86847237, 23297430.869454246, 23297719.870429367]	0.0	0.0	0.0
2021.5276882512835	2.0	trials	2.0	1.0	1.0	0.0	10000.0	1.0	True	40.0	0.0	0.005	[23405423.233833276, 23405713.234811775, 23406001.23578352, 23406292.236765396, 23406581.237740517, 23406871.238719016, 23407161.239697512, 23407450.240672637, 23407739.24164776, 23408029.242626257, 23408319.243604757, 23408608.244579878, 23408898.245558377, 23409189.24654025, 23409477.247511998, 23409767.248490497, 23410057.249468993, 23410347.250447493, 23410636.251422614, 23410925.25239774]	0.0	0.0	0.0
2030.563689939882	2.0	trials	2.0	1.0	1.0	0.0	10000.0	1.0	True	40.0	0.0	0.005	[23510005.586706527, 23510295.587685026, 23510585.588663522, 23510874.589638647, 23511165.590620514, 23511454.591595642, 23511743.592570763, 23512033.59354926, 23512323.59452776, 23512613.595506255, 23512902.59648138, 23513192.597459875, 23513481.598435003, 23513772.59941687, 23514061.600391995, 23514351.60137049, 23514641.60234899, 23514930.603324115, 23515220.604302615, 23515509.605277736]	0.0	0.0	0.0
2039.7390552987101	2.0	trials	2.0	1.0	1.0	0.0	10000.0	1.0	True	40.0	0.0	0.005	[23616202.945028994, 23616491.946004115, 23616782.94698599, 23617070.94795774, 23617360.94893624, 23617650.949914735, 23617940.95089323, 23618230.95187173, 23618519.95284685, 23618809.95382535, 23619098.954800475, 23619388.95577897, 23619677.956754096, 23619967.95773259, 23620257.95871109, 23620546.959686216, 23620837.960668087, 23621126.96164321, 23621415.962618332, 23621705.963596832]	0.0	0.0	0.0
2049.829745345958	2.0	trials	2.0	1.0	1.0	0.0	10000.0	1.0	True	40.0	0.0	0.005	[23732993.33909362, 23733282.340068743, 23733572.341047242, 23733862.342025734, 23734151.343000863, 23734441.343979362, 23734731.344957855, 23735020.345932975, 23735309.346908104, 23735599.347886603, 23735889.348865096, 23736179.349843595, 23736468.350818716, 23736758.351797216, 23737047.352772344, 23737337.353750836, 23737627.354729336, 23737917.355707835, 23738206.356682956, 23738495.357658077]	0.0	0.0	0.0
2057.852012414089	2.0	trials	2.0	1.0	1.0	0.0	10000.0	1.0	True	40.0	0.0	0.005	[23825842.6523782, 23826132.653356697, 23826422.6543352, 23826711.65531032, 23827001.65628882, 23827291.657267313, 23827580.658242438, 23827870.65922094, 23828160.660199434, 23828449.661174558, 23828739.662153054, 23829029.663131554, 23829318.664106674, 23829609.66508855, 23829897.6660603, 23830187.667038802, 23830477.668017294, 23830767.66899579, 23831056.669970915, 23831345.670946043]	0.0	0.0	0.0
2068.784673302252	2.0	trials	2.0	1.0	1.0	0.0	10000.0	1.0	True	40.0	0.0	0.005	[23952379.0793271, 23952667.08029885, 23952957.081277344, 23953247.08225584, 23953537.08323434, 23953825.08420609, 23954116.08518796, 23954406.086166456, 23954695.08714159, 23954986.088123456, 23955275.08909858, 23955565.090077076, 23955854.0910522, 23956143.09202732, 23956432.09300245, 23956723.093984317, 23957012.094959438, 23957302.09593794, 23957592.096916437, 23957881.09789156]	0.0	0.0	0.0
2077.8186013838535	2.0	trials	2.0	1.0	1.0	0.0	10000.0	1.0	True	40.0	0.0	0.005	[24056937.432119366, 24057228.433101237, 24057517.434076365, 24057807.435054865, 24058097.436033357, 24058386.43700848, 24058676.437986985, 24058966.438965477, 24059255.439940598, 24059544.440915726, 24059834.441894222, 24060123.442869347, 24060414.443851218, 24060703.44482634, 24060993.445804838, 24061282.446779966, 24061572.44775846, 24061862.44873696, 24062152.449715454, 24062441.45069058]	0.0	0.0	0.0
2085.5122881433135	2.0	trials	2.0	1.0	1.0	0.0	10000.0	1.0	True	40.0	0.0	0.005	[24145984.73257551, 24146275.73355738, 24146563.73452913, 24146854.73551101, 24147143.73648613, 24147433.73746462, 24147722.73843975, 24148012.73941825, 24148301.74039337, 24148591.74137187, 24148881.742350362, 24149170.743325483, 24149459.744300615, 24149750.745282482, 24150039.746257603, 24150329.747236103, 24150619.748214602, 24150908.74918973, 24151198.750168223, 24151487.751143344]	0.0	0.0	0.0
2094.014508830868	2.0	trials	2.0	1.0	1.0	0.0	10000.0	1.0	True	40.0	0.0	0.005	[24244390.064606756, 24244680.065585263, 24244970.066563755, 24245259.067538876, 24245549.068517376, 24245839.069495875, 24246128.070470996, 24246418.071449496, 24246708.07242799, 24246997.073403116, 24247287.074381616, 24247576.075356737, 24247866.076335236, 24248156.07731373, 24248445.078288857, 24248734.079263978, 24249025.08024585, 24249315.08122435, 24249604.082199477, 24249894.08317797]	0.0	0.0	0.0
2103.680368644686	2.0	trials	2.0	1.0	1.0	0.0	10000.0	1.0	True	40.0	0.0	0.005	[24356263.442080792, 24356553.443059288, 24356843.444037784, 24357132.445012905, 24357422.445991408, 24357711.446966533, 24358001.44794503, 24358291.448923524, 24358580.44989865, 24358870.45087715, 24359159.451852273, 24359449.452830765, 24359739.45380927, 24360029.454787765, 24360319.455766264, 24360608.456741385, 24360898.457719877, 24361186.458691634, 24361476.45967013, 24361766.460648626]	0.0	0.0	0.0
2114.5462421075003	2.0	trials	2.0	1.0	1.0	0.0	10000.0	1.0	True	40.0	0.0	0.005	[24482025.86641811, 24482315.867396608, 24482605.868375108, 24482894.86935023, 24483184.870328728, 24483473.87130385, 24483763.87228235, 24484053.87326085, 24484342.87423597, 24484633.875217848, 24484922.87619297, 24485212.87717146, 24485501.87814658, 24485791.87912508, 24486080.88010021, 24486370.88107871, 24486660.8820572, 24486949.883032322, 24487239.88401083, 24487529.88498932]	0.0	0.0	0.0
2121.0152047345878	2.0	trials	2.0	1.0	1.0	0.0	10000.0	1.0	True	40.0	0.0	0.005	[24556898.11904596, 24557188.12002446, 24557477.120999582, 24557767.12197808, 24558057.12295658, 24558347.123935074, 24558636.124910194, 24558925.125885323, 24559215.126863822, 24559505.127842315, 24559794.128817443, 24560084.129795935, 24560373.130771063, 24560664.131752934, 24560953.132728055, 24561243.133706555, 24561533.134685054, 24561822.135660175, 24562111.136635303, 24562401.137613796]	0.0	0.0	0.0
2131.1788166278834	2.0	trials	2.0	1.0	1.0	0.0	10000.0	1.0	True	40.0	0.0	0.005	[24674533.51596173, 24674823.516940225, 24675112.51791535, 24675402.518893845, 24675691.51986897, 24675981.52084747, 24676271.521825965, 24676560.522801086, 24676850.52377959, 24677140.524758086, 24677429.525733206, 24677719.526711706, 24678008.527686827, 24678299.5286687, 24678588.529643826, 24678878.53062232, 24679166.531594068, 24679457.532575946, 24679746.533551067, 24680036.534529567]	0.0	0.0	0.0
2138.636284990313	2.0	trials	2.0	1.0	1.0	0.0	10000.0	1.0	True	40.0	0.0	0.005	[24760846.807192996, 24761136.808171496, 24761425.809146624, 24761715.810125116, 24762004.811100237, 24762294.812078744, 24762584.813057236, 24762873.814032357, 24763163.815010857, 24763453.815989356, 24763742.816964477, 24764032.817942977, 24764322.81892147, 24764612.819899976, 24764901.820875097, 24765190.821850218, 24765480.822828718, 24765770.82380721, 24766060.824785717, 24766349.825760838]	0.0	0.0	0.0
2146.4905898917186	2.0	trials	2.0	1.0	1.0	0.0	10000.0	1.0	True	40.0	0.0	0.005	[24851752.113918275, 24852042.114896767, 24852332.115875266, 24852621.116850395, 24852911.117828894, 24853201.118807387, 24853491.119785883, 24853780.120761015, 24854069.121736135, 24854359.122714628, 24854648.12368975, 24854938.124668255, 24855227.125643376, 24855517.126621876, 24855807.127600368, 24856098.128582247, 24856386.129553996, 24856677.13053586, 24856966.131510988, 24857255.13248611]	0.0	0.0	0.0
2156.300651792092	2.0	trials	2.0	1.0	1.0	0.0	10000.0	1.0	True	40.0	0.0	0.005	[24965295.4970271, 24965584.49800222, 24965873.49897735, 24966162.499952476, 24966453.50093434, 24966743.50191284, 24967032.50288796, 24967321.50386309, 24967611.50484159, 24967901.50582008, 24968191.50679858, 24968480.5077737, 24968769.50874883, 24969060.5097307, 24969349.51070582, 24969638.511680946, 24969929.51266282, 24970218.51363794, 24970507.514613062, 24970797.51559156]	0.0	0.0	0.0
2163.818773159173	2.0	trials	2.0	1.0	1.0	0.0	10000.0	1.0	True	40.0	0.0	0.005	[25052310.79062701, 25052600.79160551, 25052889.79258063, 25053179.79355913, 25053468.794534255, 25053758.79551275, 25054047.79648787, 25054337.79746637, 25054626.7984415, 25054916.799419995, 25055207.800401863, 25055496.801376984, 25055786.80235549, 25056075.80333061, 25056364.804305732, 25056654.805284232, 25056944.80626273, 25057234.80724123, 25057524.808219723, 25057812.809191473]	0.0	0.0	0.0
2174.0609229174647	2.0	trials	2.0	1.0	1.0	0.0	10000.0	1.0	True	40.0	0.0	0.005	[25170853.190603115, 25171142.191578235, 25171433.19256011, 25171722.193535235, 25172012.19451373, 25172301.195488855, 25172590.196463976, 25172881.19744585, 25173171.198424347, 25173460.199399468, 25173749.20037459, 25174039.20135309, 25174329.202331588, 25174619.203310087, 25174908.204285208, 25175198.205263708, 25175487.206238832, 25175777.20721733, 25176066.20819245, 25176357.209174328]	0.0	0.0	0.0
2180.957480587312	2.0	trials	2.0	1.0	1.0	0.0	10000.0	1.0	True	40.0	0.0	0.005	[25250675.45993291, 25250964.460908033, 25251254.46188653, 25251543.46286165, 25251833.46384015, 25252123.46481864, 25252412.465793774, 25252702.46677227, 25252991.46774739, 25253281.46872589, 25253570.469701014, 25253860.47067951, 25254150.47165801, 25254440.472636502, 25254729.47361163, 25255019.47459013, 25255308.47556525, 25255597.47654037, 25255887.47751887, 25256178.478500742]	0.0	0.0	0.0
2187.339610921417	2.0	trials	2.0	1.0	1.0	0.0	10000.0	1.0	True	40.0	0.0	0.005	[25324541.709166385, 25324831.710144885, 25325122.71112675, 25325410.712098498, 25325700.713077005, 25325990.714055497, 25326280.715033997, 25326569.716009118, 25326859.716987614, 25327149.717966117, 25327437.718937866, 25327728.719919737, 25328017.72089486, 25328307.721873358, 25328596.72284848, 25328886.72382698, 25329176.72480547, 25329466.725783978, 25329754.726755727, 25330045.72773759]	0.0	0.0	0.0
2193.483017250037	2.0	trials	2.0	1.0	1.0	0.0	10000.0	1.0	True	40.0	0.0	0.005	[25395646.949083887, 25395935.950059008, 25396225.951037508, 25396514.952012636, 25396804.95299113, 25397094.953969628, 25397383.95494475, 25397673.955923248, 25397963.956901748, 25398252.95787687, 25398542.95885537, 25398831.95983049, 25399121.96080899, 25399410.961784117, 25399701.96276598, 25399990.96374111, 25400280.96471961, 25400569.96569473, 25400858.96666985, 25401149.96765172]	0.0	0.0	0.0
2200.7373585270902	2.0	trials	2.0	1.0	1.0	0.0	10000.0	1.0	True	40.0	0.0	0.005	[25479609.232382577, 25479899.233361077, 25480188.234336205, 25480477.235311326, 25480768.236293197, 25481057.237268325, 25481347.238246817, 25481636.239221938, 25481926.240200438, 25482216.241178937, 25482506.242157437, 25482794.243129186, 25483084.24410768, 25483373.2450828, 25483663.246061306, 25483953.2470398, 25484243.2480183, 25484532.24899342, 25484822.24997192, 25485111.25094704]	0.0	0.0	0.0
2208.1174986286046	2.0	trials	2.0	1.0	1.0	0.0	10000.0	1.0	True	40.0	0.0	0.005	[25565027.52059401, 25565317.5215725, 25565606.522547625, 25565895.523522746, 25566185.52450125, 25566474.52547637, 25566765.52645824, 25567054.527433366, 25567344.528411858, 25567633.52938699, 25567923.530365482, 25568212.531340607, 25568502.532319102, 25568792.533297602, 25569082.5342761, 25569371.535251223, 25569661.53622972, 25569951.53720822, 25570240.538183343, 25570530.53916184]	0.0	0.0	0.0
2216.217525959108	2.0	trials	2.0	1.0	1.0	0.0	10000.0	1.0	True	40.0	0.0	0.005	[25658777.836918678, 25659066.837893803, 25659356.838872295, 25659646.8398508, 25659936.840829294, 25660225.84180442, 25660515.842782915, 25660804.843758043, 25661094.84473654, 25661383.845711663, 25661674.846693534, 25661963.847668655, 25662253.848647155, 25662543.849625655, 25662832.850600775, 25663123.85158265, 25663411.8525544, 25663701.853532895, 25663990.854508016, 25664281.855489887]	0.0	0.0	0.0
2227.0775242020986	2.0	trials	2.0	1.0	1.0	0.0	10000.0	1.0	True	40.0	0.0	0.005	[25784471.261023186, 25784761.262001682, 25785050.262976807, 25785340.2639553, 25785629.264930427, 25785919.265908927, 25786209.26688742, 25786499.26786592, 25786789.26884442, 25787077.269816168, 25787368.27079804, 25787658.27177653, 25787947.27275166, 25788237.27373016, 25788527.27470865, 25788816.27568378, 25789105.2766589, 25789395.2776374, 25789685.2786159, 25789975.27959439]	0.0	0.0	0.0
2237.667521534072	2.0	trials	2.0	1.0	1.0	0.0	10000.0	1.0	True	40.0	0.0	0.005	[25907040.674586907, 25907330.675565407, 25907620.676543903, 25907909.677519027, 25908199.67849752, 25908488.679472648, 25908777.680447772, 25909068.68142964, 25909357.682404768, 25909646.68337989, 25909937.684361763, 25910227.68534026, 25910516.68631538, 25910805.6872905, 25911095.688269008, 25911385.6892475, 25911674.69022262, 25911964.69120112, 25912254.69217962, 25912544.69315812]	0.0	0.0	0.0
2246.1694830207516	2.0	trials	2.0	1.0	1.0	0.0	10000.0	1.0	True	40.0	0.0	0.005	[26005443.006608035, 26005732.00758316, 26006023.00856503, 26006312.00954015, 26006601.010515273, 26006891.011493776, 26007181.012472272, 26007471.013450764, 26007760.014425892, 26008050.015404392, 26008340.01638289, 26008630.017361384, 26008919.018336505, 26009208.019311633, 26009499.020293504, 26009787.021265253, 26010077.022243746, 26010367.023222253, 26010657.024200745, 26010946.025175873]	0.0	0.0	0.0
2255.3378499559667	2.0	trials	2.0	1.0	1.0	0.0	10000.0	1.0	True	40.0	0.0	0.005	[26111559.3646572, 26111848.36563232, 26112138.366610818, 26112428.367589317, 26112717.36856444, 26113006.369539563, 26113296.370518062, 26113586.37149656, 26113875.372471683, 26114165.373450182, 26114454.374425303, 26114744.3754038, 26115035.376385674, 26115324.377360795, 26115613.37833592, 26115903.37931442, 26116193.38029291, 26116483.381271414, 26116772.382246535, 26117062.383225035]	0.0	0.0	0.0
2264.5895067722117	2.0	trials	2.0	1.0	1.0	0.0	10000.0	1.0	True	40.0	0.0	0.005	[26218637.725952275, 26218927.72693077, 26219217.727909274, 26219506.728884395, 26219796.72986289, 26220085.730838016, 26220375.731816515, 26220664.732791636, 26220954.733770136, 26221244.73474863, 26221534.735727128, 26221823.736702256, 26222113.737680748, 26222403.738659248, 26222693.739637744, 26222982.74061287, 26223271.741587996, 26223561.74256649, 26223851.743544985, 26224140.744520117]	0.0	0.0	0.0
2271.441827492798	2.0	trials	2.0	1.0	1.0	0.0	10000.0	1.0	True	40.0	0.0	0.005	[26297947.993554518, 26298237.994533014, 26298526.995508134, 26298816.996486634, 26299105.99746176, 26299395.998440254, 26299684.99941538, 26299976.000397246, 26300265.001372375, 26300554.0023475, 26300844.003325995, 26301134.004304495, 26301424.005282987, 26301712.00625474, 26302002.007233236, 26302292.008211736, 26302582.009190228, 26302872.01016873, 26303161.011143856, 26303451.01212235]	0.0	0.0	0.0
2279.79042846202	2.0	trials	2.0	1.0	1.0	0.0	10000.0	1.0	True	40.0	0.0	0.005	[26394575.31958656, 26394864.32056168, 26395154.32154018, 26395444.32251868, 26395733.3234938, 26396023.3244723, 26396312.32544742, 26396602.326425917, 26396891.32740105, 26397181.32837954, 26397470.329354666, 26397760.330333162, 26398051.331315037, 26398340.33229016, 26398629.333265282, 26398920.334247153, 26399209.33522228, 26399498.336197402, 26399788.3371759, 26400077.338151023]	0.0	0.0	0.0
2290.2344957016076	2.0	trials	2.0	1.0	1.0	0.0	10000.0	1.0	True	40.0	0.0	0.005	[26515455.727451373, 26515744.7284265, 26516034.729405, 26516324.730383493, 26516613.73135862, 26516903.73233712, 26517193.73331562, 26517483.734294113, 26517772.735269234, 26518061.73624436, 26518351.73722286, 26518641.738201354, 26518931.739179853, 26519220.740154974, 26519510.741133474, 26519799.742108602, 26520090.74309047, 26520379.744065594, 26520668.745040722, 26520957.746015843]	0.0	0.0	0.0
2300.4590198004285	2.0	trials	2.0	1.0	1.0	0.0	10000.0	1.0	True	40.0	0.0	0.005	[26633795.126742538, 26634084.12771766, 26634374.12869615, 26634663.12967128, 26634953.13064977, 26635242.1316249, 26635532.1326034, 26635821.13357852, 26636112.13456039, 26636401.13553552, 26636690.13651064, 26636981.13749251, 26637270.138467632, 26637559.139442753, 26637849.14042126, 26638139.141399752, 26638429.142378252, 26638718.143353373, 26639008.144331872, 26639297.145306993]	0.0	0.0	0.0
2307.9040465208786	2.0	trials	2.0	1.0	1.0	0.0	10000.0	1.0	True	40.0	0.0	0.005	[26719965.417491302, 26720253.41846305, 26720544.419444922, 26720833.42042005, 26721122.42139517, 26721412.422373667, 26721701.423348792, 26721991.42432729, 26722281.425305787, 26722571.426284283, 26722860.42725941, 26723150.428237904, 26723439.429213032, 26723729.430191528, 26724019.43117002, 26724309.432148524, 26724598.433123644, 26724888.434102144, 26725178.43508064, 26725467.436055765]	0.0	0.0	0.0
2317.720588443117	2.0	trials	2.0	1.0	1.0	0.0	10000.0	1.0	True	40.0	0.0	0.005	[26833581.80084644, 26833870.80182157, 26834160.802800063, 26834450.803778563, 26834739.804753684, 26835029.805732183, 26835319.806710683, 26835608.807685804, 26835898.808664296, 26836187.80963942, 26836478.810621295, 26836766.811593045, 26837057.812574916, 26837346.813550036, 26837635.814525165, 26837925.815503664, 26838215.816482157, 26838504.81745728, 26838794.818435784, 26839084.819414277]	0.0	0.0	0.0
2325.616624685329	2.0	trials	2.0	1.0	1.0	0.0	10000.0	1.0	True	40.0	0.0	0.005	[26924970.109201424, 26925260.11017992, 26925550.111158416, 26925839.112133536, 26926129.11311204, 26926419.114090536, 26926709.115069035, 26926998.116044156, 26927287.117019285, 26927578.118001156, 26927867.118976276, 26928157.11995477, 26928446.1209299, 26928736.121908396, 26929026.12288689, 26929315.123862017, 26929604.124837138, 26929895.125819016, 26930184.126794137, 26930474.12777263]	0.0	0.0	0.0
2333.866210920463	2.0	trials	2.0	1.0	1.0	0.0	10000.0	1.0	True	40.0	0.0	0.005	[27020451.43136672, 27020741.43234521, 27021031.433323704, 27021320.434298836, 27021611.435280703, 27021900.43625583, 27022189.437230952, 27022479.43820945, 27022768.439184573, 27023058.440163072, 27023348.441141564, 27023637.442116693, 27023928.443098564, 27024216.444070313, 27024506.445048813, 27024796.446027305, 27025086.447005812, 27025375.447980933, 27025665.448959425, 27025954.449934546]	0.0	0.0	0.0
2341.798880886282	2.0	trials	2.0	1.0	1.0	0.0	10000.0	1.0	True	40.0	0.0	0.005	[27112264.741155703, 27112554.742134195, 27112844.743112694, 27113133.744087823, 27113424.74506969, 27113712.74604144, 27114002.747019935, 27114292.747998435, 27114583.748980306, 27114871.749952056, 27115161.75093055, 27115450.751905676, 27115741.752887547, 27116030.753862675, 27116319.754837796, 27116610.755819663, 27116899.756794795, 27117188.757769916, 27117479.758751787, 27117768.75972691]	0.0	0.0	0.0
2348.956540237119	2.0	trials	2.0	1.0	1.0	0.0	10000.0	1.0	True	40.0	0.0	0.005	[27195109.02068211, 27195398.021657232, 27195688.02263574, 27195977.02361086, 27196267.02458936, 27196556.02556448, 27196846.02654298, 27197136.027521476, 27197425.0284966, 27197715.029475093, 27198006.03045697, 27198295.031432092, 27198584.032407213, 27198874.033385713, 27199164.034364212, 27199453.035339337, 27199743.036317833, 27200033.037296325, 27200322.038271453, 27200611.03924658]	0.0	0.0	0.0
2357.278702717134	2.0	trials	2.0	1.0	1.0	0.0	10000.0	1.0	True	40.0	0.0	0.005	[27291429.3456783, 27291719.3466568, 27292008.347631928, 27292298.34861042, 27292588.34958892, 27292877.35056404, 27293168.35154592, 27293457.35252104, 27293746.35349616, 27294036.35447466, 27294326.35545316, 27294617.35643503, 27294905.35740678, 27295195.358385272, 27295484.359360393, 27295774.3603389, 27296064.361317392, 27296354.362295892, 27296643.363271013, 27296932.36424614]	0.0	0.0	0.0
2368.0968832190265	2.0	trials	2.0	1.0	1.0	0.0	10000.0	1.0	True	40.0	0.0	0.005	[27416639.7681531, 27416929.769131597, 27417219.7701101, 27417508.77108522, 27417799.772067092, 27418087.77303884, 27418377.77401734, 27418666.774992462, 27418956.775970962, 27419245.776946083, 27419536.77792796, 27419825.778903082, 27420114.779878203, 27420405.780860074, 27420695.781838574, 27420984.7828137, 27421273.783788823, 27421563.784767315, 27421853.785745814, 27422142.786720943]	0.0	0.0	0.0
2379.124411627284	2.0	trials	2.0	1.0	1.0	0.0	10000.0	1.0	True	40.0	0.0	0.005	[27544274.198806792, 27544564.199785292, 27544853.200760413, 27545143.201738913, 27545432.202714033, 27545722.203692533, 27546011.204667654, 27546301.205646154, 27546590.206621278, 27546880.20759978, 27547171.208581645, 27547460.20955677, 27547749.210531894, 27548039.211510394, 27548328.212485515, 27548618.213464014, 27548908.21444251, 27549198.215421014, 27549487.216396134, 27549777.21737463]	0.0	0.0	0.0
2385.784664499809	2.0	trials	2.0	1.0	1.0	0.0	10000.0	1.0	True	40.0	0.0	0.005	[27621359.458901595, 27621648.45987672, 27621938.460855216, 27622228.461833708, 27622518.462812215, 27622807.463787336, 27623097.464765836, 27623387.465744328, 27623677.466722827, 27623966.467697952, 27624256.468676448, 27624545.46965157, 27624835.470630072, 27625124.471605197, 27625415.472587068, 27625703.473558817, 27625993.47453731, 27626284.475519188, 27626573.47649431, 27626862.47746943]	0.0	0.0	0.0
2393.879507812821	2.0	trials	2.0	1.0	1.0	0.0	10000.0	1.0	True	40.0	0.0	0.005	[27715049.775023825, 27715339.776002318, 27715629.776980817, 27715918.777955938, 27716207.778931066, 27716497.77990956, 27716787.78088806, 27717077.781866554, 27717366.782841686, 27717655.783816807, 27717945.7847953, 27718235.7857738, 27718525.7867523, 27718814.78772742, 27719104.78870592, 27719393.78968104, 27719683.79065954, 27719972.791634668, 27720262.79261316, 27720552.79359166]	0.0	0.0	0.0
2403.2391649934734	2.0	trials	2.0	1.0	1.0	0.0	10000.0	1.0	True	40.0	0.0	0.005	[27823380.140543316, 27823670.141521808, 27823958.142493557, 27824249.14347543, 27824538.144450556, 27824827.145425677, 27825118.14640755, 27825407.14738267, 27825696.14835779, 27825986.149336297, 27826276.15031479, 27826565.15128991, 27826855.15226841, 27827144.153243538, 27827434.15422203, 27827724.15520053, 27828014.156179026, 27828303.15715415, 27828592.15812928, 27828882.15910777]	0.0	0.0	0.0
2413.22893950022	2.0	trials	2.0	1.0	1.0	0.0	10000.0	1.0	True	40.0	0.0	0.005	[27939002.530666955, 27939291.531642076, 27939580.532617196, 27939871.533599075, 27940160.534574196, 27940450.535552688, 27940739.536527816, 27941028.537502937, 27941319.538484816, 27941608.539459936, 27941898.54043843, 27942188.54141693, 27942477.542392056, 27942767.54337055, 27943057.54434905, 27943346.54532417, 27943636.54630267, 27943926.54728117, 27944215.54825629, 27944504.549231414]	0.0	0.0	0.0
2422.121862306052	2.0	trials	2.0	1.0	1.0	0.0	10000.0	1.0	True	40.0	0.0	0.005	[28041929.877956018, 28042218.87893114, 28042508.87990964, 28042796.880881388, 28043087.88186326, 28043376.88283838, 28043666.883816883, 28043956.88479538, 28044245.8857705, 28044535.886749, 28044825.8877275, 28045115.888705995, 28045403.889677744, 28045694.89065961, 28045983.89163474, 28046273.892613236, 28046562.89358836, 28046852.89456686, 28047142.895545352, 28047431.89652048]	0.0	0.0	0.0
2433.016593466236	2.0	trials	2.0	1.0	1.0	0.0	10000.0	1.0	True	40.0	0.0	0.005	[28168025.303416923, 28168314.304392044, 28168604.305370547, 28168894.30634904, 28169184.30732754, 28169473.30830266, 28169763.30928116, 28170052.310256284, 28170342.31123478, 28170632.312213276, 28170921.3131884, 28171212.314170275, 28171500.315142024, 28171790.31612052, 28172080.317099016, 28172370.31807752, 28172659.31905264, 28172949.320031136, 28173238.321006257, 28173528.32198476]	0.0	0.0	0.0
2440.529012414075	2.0	trials	2.0	1.0	1.0	0.0	10000.0	1.0	True	40.0	0.0	0.005	[28254974.59679414, 28255264.59777264, 28255554.598751135, 28255844.59972963, 28256133.600704752, 28256422.60167988, 28256713.60266175, 28257001.6036335, 28257291.604612, 28257581.605590492, 28257871.606568996, 28258161.60754749, 28258450.608522613, 28258740.609501112, 28259030.610479612, 28259319.611454733, 28259608.612429854, 28259898.613408353, 28260187.614383474, 28260478.615365352]	0.0	0.0	0.0
2446.841590513502	2.0	trials	2.0	1.0	1.0	0.0	10000.0	1.0	True	40.0	0.0	0.005	[28328037.843318187, 28328326.844293315, 28328615.845268436, 28328905.846246935, 28329195.84722543, 28329484.848200556, 28329774.849179056, 28330063.850154176, 28330353.851132672, 28330643.85211117, 28330933.853089668, 28331222.854064796, 28331512.85504329, 28331802.856021784, 28332092.857000288, 28332381.85797541, 28332671.858953908, 28332961.859932404, 28333250.86090753, 28333540.86188603]	0.0	0.0	0.0
2454.81555981867	2.0	trials	2.0	1.0	1.0	0.0	10000.0	1.0	True	40.0	0.0	0.005	[28420328.154716637, 28420617.155691758, 28420907.156670257, 28421196.15764538, 28421487.15862725, 28421777.15960575, 28422066.16058087, 28422355.16155599, 28422645.162534498, 28422935.16351299, 28423225.16449149, 28423514.16546661, 28423803.16644173, 28424094.16742361, 28424383.16839873, 28424672.16937385, 28424962.17035235, 28425252.17133085, 28425542.17230935, 28425832.173287842]	0.0	0.0	0.0
2463.9293217696413	2.0	trials	2.0	1.0	1.0	0.0	10000.0	1.0	True	40.0	0.0	0.005	[28525812.51063335, 28526102.51161185, 28526391.51258697, 28526680.51356209, 28526970.514540594, 28527259.51551572, 28527550.516497582, 28527840.51747608, 28528129.51845121, 28528418.51942633, 28528708.52040483, 28528998.521383323, 28529288.52236183, 28529577.52333695, 28529867.524315443, 28530157.525293943, 28530446.526269063, 28530736.527247563, 28531026.528226063, 28531315.529201183]	0.0	0.0	0.0
2474.2821503013774	2.0	trials	2.0	1.0	1.0	0.0	10000.0	1.0	True	40.0	0.0	0.005	[28645636.91493509, 28645926.91591358, 28646215.91688871, 28646505.917867202, 28646794.918842323, 28647084.91982083, 28647374.920799322, 28647663.921774443, 28647953.922752943, 28648243.923731443, 28648532.924706563, 28648822.925685063, 28649111.926660184, 28649401.927638683, 28649691.928617183, 28649981.92959568, 28650270.930570804, 28650560.931549303, 28650849.932524424, 28651139.933502924]	0.0	0.0	0.0
2480.7001367564653	2.0	trials	2.0	1.0	1.0	0.0	10000.0	1.0	True	40.0	0.0	0.005	[28719918.16556883, 28720208.166547325, 28720498.16752582, 28720787.16850094, 28721077.169479445, 28721367.17045794, 28721657.17143644, 28721947.17241494, 28722236.17339006, 28722526.17436856, 28722814.17534031, 28723104.176318802, 28723394.1772973, 28723684.1782758, 28723973.179250922, 28724263.18022942, 28724553.18120792, 28724843.182186417, 28725133.183164913, 28725421.184136663]	0.0	0.0	0.0
2491.5474341566014	2.0	trials	2.0	1.0	1.0	0.0	10000.0	1.0	True	40.0	0.0	0.005	[28845465.589180704, 28845756.590162583, 28846044.591134332, 28846335.592116203, 28846625.593094695, 28846914.594069824, 28847204.595048323, 28847494.596026815, 28847783.597001936, 28848072.597977065, 28848363.598958936, 28848652.599934064, 28848942.600912556, 28849231.601887677, 28849521.60286618, 28849811.603844676, 28850100.604819797, 28850390.605798297, 28850679.606773425, 28850969.607751917]	0.0	0.0	0.0
2498.3577643355056	2.0	trials	2.0	1.0	1.0	0.0	10000.0	1.0	True	40.0	0.0	0.005	[28924289.855143122, 28924578.856118243, 28924868.85709674, 28925158.858075242, 28925447.859050363, 28925737.86002886, 28926026.861003984, 28926316.861982483, 28926605.862957604, 28926896.863939475, 28927186.86491797, 28927475.865893103, 28927765.866871595, 28928054.867846716, 28928344.868825216, 28928633.86980034, 28928923.870778836, 28929212.871753965, 28929503.872735832, 28929792.873710956]	0.0	0.0	0.0
2507.195822956219	2.0	trials	2.0	1.0	1.0	0.0	10000.0	1.0	True	40.0	0.0	0.005	[29026582.20028961, 29026871.20126474, 29027161.20224323, 29027450.20321836, 29027740.204196855, 29028030.20517535, 29028319.206150472, 29028608.207125604, 29028899.20810747, 29029188.209082592, 29029478.210061092, 29029767.211036213, 29030057.212014716, 29030347.212993212, 29030636.213968333, 29030926.214946833, 29031216.215925332, 29031505.216900453, 29031796.217882324, 29032085.218857445]	0.0	0.0	0.0
2531.387386181574	2.0	trials	3.0	1.0	1.0	0.0	10000.0	1.0	False	0.0	0.0	0.0	[NaN, NaN, NaN, NaN, NaN, NaN, NaN, NaN, NaN, NaN, NaN, NaN, NaN, NaN, NaN, NaN, NaN, NaN, NaN, NaN]	0.0	0.0	0.0
2540.207473541651	2.0	trials	3.0	1.0	1.0	0.0	10000.0	1.0	False	0.0	0.0	0.0	[NaN, NaN, NaN, NaN, NaN, NaN, NaN, NaN, NaN, NaN, NaN, NaN, NaN, NaN, NaN, NaN, NaN, NaN, NaN, NaN]	0.0	0.0	0.0
2545.967608177064	2.0	trials	3.0	1.0	1.0	0.0	10000.0	1.0	False	0.0	0.0	0.0	[NaN, NaN, NaN, NaN, NaN, NaN, NaN, NaN, NaN, NaN, NaN, NaN, NaN, NaN, NaN, NaN, NaN, NaN, NaN, NaN]	0.0	0.0	0.0
2554.0733379268086	2.0	trials	3.0	1.0	1.0	0.0	10000.0	1.0	False	0.0	0.0	0.0	[NaN, NaN, NaN, NaN, NaN, NaN, NaN, NaN, NaN, NaN, NaN, NaN, NaN, NaN, NaN, NaN, NaN, NaN, NaN, NaN]	0.0	0.0	0.0
2559.575567692019	2.0	trials	3.0	1.0	1.0	0.0	10000.0	1.0	False	0.0	0.0	0.0	[NaN, NaN, NaN, NaN, NaN, NaN, NaN, NaN, NaN, NaN, NaN, NaN, NaN, NaN, NaN, NaN, NaN, NaN, NaN, NaN]	0.0	0.0	0.0
2565.1193559974527	2.0	trials	3.0	1.0	1.0	0.0	10000.0	1.0	False	0.0	0.0	0.0	[NaN, NaN, NaN, NaN, NaN, NaN, NaN, NaN, NaN, NaN, NaN, NaN, NaN, NaN, NaN, NaN, NaN, NaN, NaN, NaN]	0.0	0.0	0.0
2574.6016151917797	2.0	trials	3.0	1.0	1.0	0.0	10000.0	1.0	False	0.0	0.0	0.0	[NaN, NaN, NaN, NaN, NaN, NaN, NaN, NaN, NaN, NaN, NaN, NaN, NaN, NaN, NaN, NaN, NaN, NaN, NaN, NaN]	0.0	0.0	0.0
2584.607805753916	2.0	trials	3.0	1.0	1.0	0.0	10000.0	1.0	False	0.0	0.0	0.0	[NaN, NaN, NaN, NaN, NaN, NaN, NaN, NaN, NaN, NaN, NaN, NaN, NaN, NaN, NaN, NaN, NaN, NaN, NaN, NaN]	0.0	0.0	0.0
2590.40362370973	2.0	trials	3.0	1.0	1.0	0.0	10000.0	1.0	False	0.0	0.0	0.0	[NaN, NaN, NaN, NaN, NaN, NaN, NaN, NaN, NaN, NaN, NaN, NaN, NaN, NaN, NaN, NaN, NaN, NaN, NaN, NaN]	0.0	0.0	0.0
2599.9325390614804	2.0	trials	3.0	1.0	1.0	0.0	10000.0	1.0	False	0.0	0.0	0.0	[NaN, NaN, NaN, NaN, NaN, NaN, NaN, NaN, NaN, NaN, NaN, NaN, NaN, NaN, NaN, NaN, NaN, NaN, NaN, NaN]	0.0	0.0	0.0
2606.264038824751	2.0	trials	3.0	1.0	1.0	0.0	10000.0	1.0	False	0.0	0.0	0.0	[NaN, NaN, NaN, NaN, NaN, NaN, NaN, NaN, NaN, NaN, NaN, NaN, NaN, NaN, NaN, NaN, NaN, NaN, NaN, NaN]	0.0	0.0	0.0
2612.5979577961843	2.0	trials	3.0	1.0	1.0	0.0	10000.0	1.0	False	0.0	0.0	0.0	[NaN, NaN, NaN, NaN, NaN, NaN, NaN, NaN, NaN, NaN, NaN, NaN, NaN, NaN, NaN, NaN, NaN, NaN, NaN, NaN]	0.0	0.0	0.0
2617.892481260568	2.0	trials	3.0	1.0	1.0	0.0	10000.0	1.0	False	0.0	0.0	0.0	[NaN, NaN, NaN, NaN, NaN, NaN, NaN, NaN, NaN, NaN, NaN, NaN, NaN, NaN, NaN, NaN, NaN, NaN, NaN, NaN]	0.0	0.0	0.0
2624.8982488989027	2.0	trials	3.0	1.0	1.0	0.0	10000.0	1.0	False	0.0	0.0	0.0	[NaN, NaN, NaN, NaN, NaN, NaN, NaN, NaN, NaN, NaN, NaN, NaN, NaN, NaN, NaN, NaN, NaN, NaN, NaN, NaN]	0.0	0.0	0.0
2632.9023719058137	2.0	trials	3.0	1.0	1.0	0.0	10000.0	1.0	False	0.0	0.0	0.0	[NaN, NaN, NaN, NaN, NaN, NaN, NaN, NaN, NaN, NaN, NaN, NaN, NaN, NaN, NaN, NaN, NaN, NaN, NaN, NaN]	0.0	0.0	0.0
2639.2321436632537	2.0	trials	3.0	1.0	1.0	0.0	10000.0	1.0	False	0.0	0.0	0.0	[NaN, NaN, NaN, NaN, NaN, NaN, NaN, NaN, NaN, NaN, NaN, NaN, NaN, NaN, NaN, NaN, NaN, NaN, NaN, NaN]	0.0	0.0	0.0
2645.9161566159482	2.0	trials	3.0	1.0	1.0	0.0	10000.0	1.0	False	0.0	0.0	0.0	[NaN, NaN, NaN, NaN, NaN, NaN, NaN, NaN, NaN, NaN, NaN, NaN, NaN, NaN, NaN, NaN, NaN, NaN, NaN, NaN]	0.0	0.0	0.0
2654.0165295476177	2.0	trials	3.0	1.0	1.0	0.0	10000.0	1.0	False	0.0	0.0	0.0	[NaN, NaN, NaN, NaN, NaN, NaN, NaN, NaN, NaN, NaN, NaN, NaN, NaN, NaN, NaN, NaN, NaN, NaN, NaN, NaN]	0.0	0.0	0.0
2661.4212937322172	2.0	trials	3.0	1.0	1.0	0.0	10000.0	1.0	False	0.0	0.0	0.0	[NaN, NaN, NaN, NaN, NaN, NaN, NaN, NaN, NaN, NaN, NaN, NaN, NaN, NaN, NaN, NaN, NaN, NaN, NaN, NaN]	0.0	0.0	0.0
2668.5508729883077	2.0	trials	3.0	1.0	1.0	0.0	10000.0	1.0	False	0.0	0.0	0.0	[NaN, NaN, NaN, NaN, NaN, NaN, NaN, NaN, NaN, NaN, NaN, NaN, NaN, NaN, NaN, NaN, NaN, NaN, NaN, NaN]	0.0	0.0	0.0
2674.5607044662293	2.0	trials	3.0	1.0	1.0	0.0	10000.0	1.0	False	0.0	0.0	0.0	[NaN, NaN, NaN, NaN, NaN, NaN, NaN, NaN, NaN, NaN, NaN, NaN, NaN, NaN, NaN, NaN, NaN, NaN, NaN, NaN]	0.0	0.0	0.0
2683.152608656387	2.0	trials	3.0	1.0	1.0	0.0	10000.0	1.0	False	0.0	0.0	0.0	[NaN, NaN, NaN, NaN, NaN, NaN, NaN, NaN, NaN, NaN, NaN, NaN, NaN, NaN, NaN, NaN, NaN, NaN, NaN, NaN]	0.0	0.0	0.0
2690.172545942532	2.0	trials	3.0	1.0	1.0	0.0	10000.0	1.0	False	0.0	0.0	0.0	[NaN, NaN, NaN, NaN, NaN, NaN, NaN, NaN, NaN, NaN, NaN, NaN, NaN, NaN, NaN, NaN, NaN, NaN, NaN, NaN]	0.0	0.0	0.0
2696.7366352905897	2.0	trials	3.0	1.0	1.0	0.0	10000.0	1.0	False	0.0	0.0	0.0	[NaN, NaN, NaN, NaN, NaN, NaN, NaN, NaN, NaN, NaN, NaN, NaN, NaN, NaN, NaN, NaN, NaN, NaN, NaN, NaN]	0.0	0.0	0.0
2704.1290442335003	2.0	trials	3.0	1.0	1.0	0.0	10000.0	1.0	False	0.0	0.0	0.0	[NaN, NaN, NaN, NaN, NaN, NaN, NaN, NaN, NaN, NaN, NaN, NaN, NaN, NaN, NaN, NaN, NaN, NaN, NaN, NaN]	0.0	0.0	0.0
2711.659088840811	2.0	trials	3.0	1.0	1.0	0.0	10000.0	1.0	False	0.0	0.0	0.0	[NaN, NaN, NaN, NaN, NaN, NaN, NaN, NaN, NaN, NaN, NaN, NaN, NaN, NaN, NaN, NaN, NaN, NaN, NaN, NaN]	0.0	0.0	0.0
2717.431060316164	2.0	trials	3.0	1.0	1.0	0.0	10000.0	1.0	False	0.0	0.0	0.0	[NaN, NaN, NaN, NaN, NaN, NaN, NaN, NaN, NaN, NaN, NaN, NaN, NaN, NaN, NaN, NaN, NaN, NaN, NaN, NaN]	0.0	0.0	0.0
2723.8567363971974	2.0	trials	3.0	1.0	1.0	0.0	10000.0	1.0	False	0.0	0.0	0.0	[NaN, NaN, NaN, NaN, NaN, NaN, NaN, NaN, NaN, NaN, NaN, NaN, NaN, NaN, NaN, NaN, NaN, NaN, NaN, NaN]	0.0	0.0	0.0
2731.0453270524	2.0	trials	3.0	1.0	1.0	0.0	10000.0	1.0	False	0.0	0.0	0.0	[NaN, NaN, NaN, NaN, NaN, NaN, NaN, NaN, NaN, NaN, NaN, NaN, NaN, NaN, NaN, NaN, NaN, NaN, NaN, NaN]	0.0	0.0	0.0
2740.833443278726	2.0	trials	3.0	1.0	1.0	0.0	10000.0	1.0	False	0.0	0.0	0.0	[NaN, NaN, NaN, NaN, NaN, NaN, NaN, NaN, NaN, NaN, NaN, NaN, NaN, NaN, NaN, NaN, NaN, NaN, NaN, NaN]	0.0	0.0	0.0
2747.5988453060377	2.0	trials	3.0	1.0	1.0	0.0	10000.0	1.0	False	0.0	0.0	0.0	[NaN, NaN, NaN, NaN, NaN, NaN, NaN, NaN, NaN, NaN, NaN, NaN, NaN, NaN, NaN, NaN, NaN, NaN, NaN, NaN]	0.0	0.0	0.0
2754.207862805688	2.0	trials	3.0	1.0	1.0	0.0	10000.0	1.0	False	0.0	0.0	0.0	[NaN, NaN, NaN, NaN, NaN, NaN, NaN, NaN, NaN, NaN, NaN, NaN, NaN, NaN, NaN, NaN, NaN, NaN, NaN, NaN]	0.0	0.0	0.0
2761.093102037345	2.0	trials	3.0	1.0	1.0	0.0	10000.0	1.0	False	0.0	0.0	0.0	[NaN, NaN, NaN, NaN, NaN, NaN, NaN, NaN, NaN, NaN, NaN, NaN, NaN, NaN, NaN, NaN, NaN, NaN, NaN, NaN]	0.0	0.0	0.0
2769.097138643964	2.0	trials	3.0	1.0	1.0	0.0	10000.0	1.0	False	0.0	0.0	0.0	[NaN, NaN, NaN, NaN, NaN, NaN, NaN, NaN, NaN, NaN, NaN, NaN, NaN, NaN, NaN, NaN, NaN, NaN, NaN, NaN]	0.0	0.0	0.0
2778.4035732450366	2.0	trials	3.0	1.0	1.0	0.0	10000.0	1.0	False	0.0	0.0	0.0	[NaN, NaN, NaN, NaN, NaN, NaN, NaN, NaN, NaN, NaN, NaN, NaN, NaN, NaN, NaN, NaN, NaN, NaN, NaN, NaN]	0.0	0.0	0.0
2783.7613417228167	2.0	trials	3.0	1.0	1.0	0.0	10000.0	1.0	False	0.0	0.0	0.0	[NaN, NaN, NaN, NaN, NaN, NaN, NaN, NaN, NaN, NaN, NaN, NaN, NaN, NaN, NaN, NaN, NaN, NaN, NaN, NaN]	0.0	0.0	0.0
2793.349614074845	2.0	trials	3.0	1.0	1.0	0.0	10000.0	1.0	False	0.0	0.0	0.0	[NaN, NaN, NaN, NaN, NaN, NaN, NaN, NaN, NaN, NaN, NaN, NaN, NaN, NaN, NaN, NaN, NaN, NaN, NaN, NaN]	0.0	0.0	0.0
2798.8302437671737	2.0	trials	3.0	1.0	1.0	0.0	10000.0	1.0	False	0.0	0.0	0.0	[NaN, NaN, NaN, NaN, NaN, NaN, NaN, NaN, NaN, NaN, NaN, NaN, NaN, NaN, NaN, NaN, NaN, NaN, NaN, NaN]	0.0	0.0	0.0
2808.133740758334	2.0	trials	3.0	1.0	1.0	0.0	10000.0	1.0	False	0.0	0.0	0.0	[NaN, NaN, NaN, NaN, NaN, NaN, NaN, NaN, NaN, NaN, NaN, NaN, NaN, NaN, NaN, NaN, NaN, NaN, NaN, NaN]	0.0	0.0	0.0
2815.3098897715577	2.0	trials	3.0	1.0	1.0	0.0	10000.0	1.0	False	0.0	0.0	0.0	[NaN, NaN, NaN, NaN, NaN, NaN, NaN, NaN, NaN, NaN, NaN, NaN, NaN, NaN, NaN, NaN, NaN, NaN, NaN, NaN]	0.0	0.0	0.0
2825.0178265273485	2.0	trials	3.0	1.0	1.0	0.0	10000.0	1.0	False	0.0	0.0	0.0	[NaN, NaN, NaN, NaN, NaN, NaN, NaN, NaN, NaN, NaN, NaN, NaN, NaN, NaN, NaN, NaN, NaN, NaN, NaN, NaN]	0.0	0.0	0.0
2834.839984468536	2.0	trials	3.0	1.0	1.0	0.0	10000.0	1.0	False	0.0	0.0	0.0	[NaN, NaN, NaN, NaN, NaN, NaN, NaN, NaN, NaN, NaN, NaN, NaN, NaN, NaN, NaN, NaN, NaN, NaN, NaN, NaN]	0.0	0.0	0.0
2841.1640538067354	2.0	trials	3.0	1.0	1.0	0.0	10000.0	1.0	False	0.0	0.0	0.0	[NaN, NaN, NaN, NaN, NaN, NaN, NaN, NaN, NaN, NaN, NaN, NaN, NaN, NaN, NaN, NaN, NaN, NaN, NaN, NaN]	0.0	0.0	0.0
2850.5901528115705	2.0	trials	3.0	1.0	1.0	0.0	10000.0	1.0	False	0.0	0.0	0.0	[NaN, NaN, NaN, NaN, NaN, NaN, NaN, NaN, NaN, NaN, NaN, NaN, NaN, NaN, NaN, NaN, NaN, NaN, NaN, NaN]	0.0	0.0	0.0
2858.858315109383	2.0	trials	3.0	1.0	1.0	0.0	10000.0	1.0	False	0.0	0.0	0.0	[NaN, NaN, NaN, NaN, NaN, NaN, NaN, NaN, NaN, NaN, NaN, NaN, NaN, NaN, NaN, NaN, NaN, NaN, NaN, NaN]	0.0	0.0	0.0
2866.7540921507207	2.0	trials	3.0	1.0	1.0	0.0	10000.0	1.0	False	0.0	0.0	0.0	[NaN, NaN, NaN, NaN, NaN, NaN, NaN, NaN, NaN, NaN, NaN, NaN, NaN, NaN, NaN, NaN, NaN, NaN, NaN, NaN]	0.0	0.0	0.0
2876.2523353989795	2.0	trials	3.0	1.0	1.0	0.0	10000.0	1.0	False	0.0	0.0	0.0	[NaN, NaN, NaN, NaN, NaN, NaN, NaN, NaN, NaN, NaN, NaN, NaN, NaN, NaN, NaN, NaN, NaN, NaN, NaN, NaN]	0.0	0.0	0.0
2882.324115885925	2.0	trials	3.0	1.0	1.0	0.0	10000.0	1.0	False	0.0	0.0	0.0	[NaN, NaN, NaN, NaN, NaN, NaN, NaN, NaN, NaN, NaN, NaN, NaN, NaN, NaN, NaN, NaN, NaN, NaN, NaN, NaN]	0.0	0.0	0.0
2890.8443078341165	2.0	trials	3.0	1.0	1.0	0.0	10000.0	1.0	False	0.0	0.0	0.0	[NaN, NaN, NaN, NaN, NaN, NaN, NaN, NaN, NaN, NaN, NaN, NaN, NaN, NaN, NaN, NaN, NaN, NaN, NaN, NaN]	0.0	0.0	0.0
2896.2024219130626	2.0	trials	4.0	1.0	1.0	0.0	10000.0	1.0	False	0.0	0.0	0.0	[NaN, NaN, NaN, NaN, NaN, NaN, NaN, NaN, NaN, NaN, NaN, NaN, NaN, NaN, NaN, NaN, NaN, NaN, NaN, NaN]	0.0	0.0	0.0
2968.8751759200095	2.0	trials	4.0	1.0	1.0	1.0	0.0	1.0	True	0.0	0.0	0.0	[NaN, NaN, NaN, NaN, NaN, NaN, NaN, NaN, NaN, NaN, NaN, NaN, NaN, NaN, NaN, NaN, NaN, NaN, NaN, NaN]	1.0	0.02	5.0
2978.3970928481467	2.0	trials	4.0	1.0	1.0	1.0	0.0	1.0	True	0.0	0.0	0.0	[NaN, NaN, NaN, NaN, NaN, NaN, NaN, NaN, NaN, NaN, NaN, NaN, NaN, NaN, NaN, NaN, NaN, NaN, NaN, NaN]	1.0	0.02	5.0
2986.521225859986	2.0	trials	4.0	1.0	1.0	1.0	0.0	1.0	True	0.0	0.0	0.0	[NaN, NaN, NaN, NaN, NaN, NaN, NaN, NaN, NaN, NaN, NaN, NaN, NaN, NaN, NaN, NaN, NaN, NaN, NaN, NaN]	1.0	0.02	5.0
2995.299409078672	2.0	trials	4.0	1.0	1.0	1.0	0.0	1.0	True	0.0	0.0	0.0	[NaN, NaN, NaN, NaN, NaN, NaN, NaN, NaN, NaN, NaN, NaN, NaN, NaN, NaN, NaN, NaN, NaN, NaN, NaN, NaN]	1.0	0.02	5.0
3002.949290890329	2.0	trials	4.0	1.0	1.0	1.0	0.0	1.0	True	0.0	0.0	0.0	[NaN, NaN, NaN, NaN, NaN, NaN, NaN, NaN, NaN, NaN, NaN, NaN, NaN, NaN, NaN, NaN, NaN, NaN, NaN, NaN]	1.0	0.02	5.0
3012.1475523264116	2.0	trials	4.0	1.0	1.0	1.0	0.0	1.0	True	0.0	0.0	0.0	[NaN, NaN, NaN, NaN, NaN, NaN, NaN, NaN, NaN, NaN, NaN, NaN, NaN, NaN, NaN, NaN, NaN, NaN, NaN, NaN]	1.0	0.02	5.0
3017.9560711250797	2.0	trials	4.0	1.0	1.0	1.0	0.0	1.0	True	0.0	0.0	0.0	[NaN, NaN, NaN, NaN, NaN, NaN, NaN, NaN, NaN, NaN, NaN, NaN, NaN, NaN, NaN, NaN, NaN, NaN, NaN, NaN]	1.0	0.02	5.0
3027.8738741889856	2.0	trials	4.0	1.0	1.0	1.0	0.0	1.0	True	0.0	0.0	0.0	[NaN, NaN, NaN, NaN, NaN, NaN, NaN, NaN, NaN, NaN, NaN, NaN, NaN, NaN, NaN, NaN, NaN, NaN, NaN, NaN]	1.0	0.02	5.0
3033.9697603572663	2.0	trials	4.0	1.0	1.0	1.0	0.0	1.0	True	0.0	0.0	0.0	[NaN, NaN, NaN, NaN, NaN, NaN, NaN, NaN, NaN, NaN, NaN, NaN, NaN, NaN, NaN, NaN, NaN, NaN, NaN, NaN]	1.0	0.02	5.0
3045.0854170628804	2.0	trials	4.0	1.0	1.0	1.0	0.0	1.0	True	0.0	0.0	0.0	[NaN, NaN, NaN, NaN, NaN, NaN, NaN, NaN, NaN, NaN, NaN, NaN, NaN, NaN, NaN, NaN, NaN, NaN, NaN, NaN]	1.0	0.02	5.0
3055.210494426156	2.0	trials	4.0	1.0	1.0	1.0	0.0	1.0	True	0.0	0.0	0.0	[NaN, NaN, NaN, NaN, NaN, NaN, NaN, NaN, NaN, NaN, NaN, NaN, NaN, NaN, NaN, NaN, NaN, NaN, NaN, NaN]	1.0	0.02	5.0
3062.5719720647007	2.0	trials	4.0	1.0	1.0	1.0	0.0	1.0	True	0.0	0.0	0.0	[NaN, NaN, NaN, NaN, NaN, NaN, NaN, NaN, NaN, NaN, NaN, NaN, NaN, NaN, NaN, NaN, NaN, NaN, NaN, NaN]	1.0	0.02	5.0
3073.3783157266535	2.0	trials	4.0	1.0	1.0	1.0	0.0	1.0	True	0.0	0.0	0.0	[NaN, NaN, NaN, NaN, NaN, NaN, NaN, NaN, NaN, NaN, NaN, NaN, NaN, NaN, NaN, NaN, NaN, NaN, NaN, NaN]	1.0	0.02	5.0
3079.6543465027657	2.0	trials	4.0	1.0	1.0	1.0	0.0	1.0	True	0.0	0.0	0.0	[NaN, NaN, NaN, NaN, NaN, NaN, NaN, NaN, NaN, NaN, NaN, NaN, NaN, NaN, NaN, NaN, NaN, NaN, NaN, NaN]	1.0	0.02	5.0
3084.96424921904	2.0	trials	4.0	1.0	1.0	1.0	0.0	1.0	True	0.0	0.0	0.0	[NaN, NaN, NaN, NaN, NaN, NaN, NaN, NaN, NaN, NaN, NaN, NaN, NaN, NaN, NaN, NaN, NaN, NaN, NaN, NaN]	1.0	0.02	5.0
3093.101947076649	2.0	trials	4.0	1.0	1.0	1.0	0.0	1.0	True	0.0	0.0	0.0	[NaN, NaN, NaN, NaN, NaN, NaN, NaN, NaN, NaN, NaN, NaN, NaN, NaN, NaN, NaN, NaN, NaN, NaN, NaN, NaN]	1.0	0.02	5.0
3101.224179282075	2.0	trials	4.0	1.0	1.0	1.0	0.0	1.0	True	0.0	0.0	0.0	[NaN, NaN, NaN, NaN, NaN, NaN, NaN, NaN, NaN, NaN, NaN, NaN, NaN, NaN, NaN, NaN, NaN, NaN, NaN, NaN]	1.0	0.02	5.0
3107.1711977480577	2.0	trials	4.0	1.0	1.0	1.0	0.0	1.0	True	0.0	0.0	0.0	[NaN, NaN, NaN, NaN, NaN, NaN, NaN, NaN, NaN, NaN, NaN, NaN, NaN, NaN, NaN, NaN, NaN, NaN, NaN, NaN]	1.0	0.02	5.0
3114.3949533219115	2.0	trials	4.0	1.0	1.0	1.0	0.0	1.0	True	0.0	0.0	0.0	[NaN, NaN, NaN, NaN, NaN, NaN, NaN, NaN, NaN, NaN, NaN, NaN, NaN, NaN, NaN, NaN, NaN, NaN, NaN, NaN]	1.0	0.02	5.0
3122.3526793722726	2.0	trials	4.0	1.0	1.0	1.0	0.0	1.0	True	0.0	0.0	0.0	[NaN, NaN, NaN, NaN, NaN, NaN, NaN, NaN, NaN, NaN, NaN, NaN, NaN, NaN, NaN, NaN, NaN, NaN, NaN, NaN]	1.0	0.02	5.0
3129.6528992041262	2.0	trials	4.0	1.0	1.0	1.0	0.0	1.0	True	0.0	0.0	0.0	[NaN, NaN, NaN, NaN, NaN, NaN, NaN, NaN, NaN, NaN, NaN, NaN, NaN, NaN, NaN, NaN, NaN, NaN, NaN, NaN]	1.0	0.02	5.0
3140.675157194601	2.0	trials	4.0	1.0	1.0	1.0	0.0	1.0	True	0.0	0.0	0.0	[NaN, NaN, NaN, NaN, NaN, NaN, NaN, NaN, NaN, NaN, NaN, NaN, NaN, NaN, NaN, NaN, NaN, NaN, NaN, NaN]	1.0	0.02	5.0
3146.6448125369634	2.0	trials	4.0	1.0	1.0	1.0	0.0	1.0	True	0.0	0.0	0.0	[NaN, NaN, NaN, NaN, NaN, NaN, NaN, NaN, NaN, NaN, NaN, NaN, NaN, NaN, NaN, NaN, NaN, NaN, NaN, NaN]	1.0	0.02	5.0
3157.2407714890523	2.0	trials	4.0	1.0	1.0	1.0	0.0	1.0	True	0.0	0.0	0.0	[NaN, NaN, NaN, NaN, NaN, NaN, NaN, NaN, NaN, NaN, NaN, NaN, NaN, NaN, NaN, NaN, NaN, NaN, NaN, NaN]	1.0	0.02	5.0
3166.7934469209717	2.0	trials	4.0	1.0	1.0	1.0	0.0	1.0	True	0.0	0.0	0.0	[NaN, NaN, NaN, NaN, NaN, NaN, NaN, NaN, NaN, NaN, NaN, NaN, NaN, NaN, NaN, NaN, NaN, NaN, NaN, NaN]	1.0	0.02	5.0
3176.5372397977467	2.0	trials	4.0	1.0	1.0	1.0	0.0	1.0	True	0.0	0.0	0.0	[NaN, NaN, NaN, NaN, NaN, NaN, NaN, NaN, NaN, NaN, NaN, NaN, NaN, NaN, NaN, NaN, NaN, NaN, NaN, NaN]	1.0	0.02	5.0
3186.4913309840927	2.0	trials	4.0	1.0	1.0	1.0	0.0	1.0	True	0.0	0.0	0.0	[NaN, NaN, NaN, NaN, NaN, NaN, NaN, NaN, NaN, NaN, NaN, NaN, NaN, NaN, NaN, NaN, NaN, NaN, NaN, NaN]	1.0	0.02	5.0
3192.7073999578856	2.0	trials	4.0	1.0	1.0	1.0	0.0	1.0	True	0.0	0.0	0.0	[NaN, NaN, NaN, NaN, NaN, NaN, NaN, NaN, NaN, NaN, NaN, NaN, NaN, NaN, NaN, NaN, NaN, NaN, NaN, NaN]	1.0	0.02	5.0
3202.6432606827207	2.0	trials	4.0	1.0	1.0	1.0	0.0	1.0	True	0.0	0.0	0.0	[NaN, NaN, NaN, NaN, NaN, NaN, NaN, NaN, NaN, NaN, NaN, NaN, NaN, NaN, NaN, NaN, NaN, NaN, NaN, NaN]	1.0	0.02	5.0
3209.3995906794216	2.0	trials	4.0	1.0	1.0	1.0	0.0	1.0	True	0.0	0.0	0.0	[NaN, NaN, NaN, NaN, NaN, NaN, NaN, NaN, NaN, NaN, NaN, NaN, NaN, NaN, NaN, NaN, NaN, NaN, NaN, NaN]	1.0	0.02	5.0
3214.5368656132287	2.0	trials	4.0	1.0	1.0	1.0	0.0	1.0	True	0.0	0.0	0.0	[NaN, NaN, NaN, NaN, NaN, NaN, NaN, NaN, NaN, NaN, NaN, NaN, NaN, NaN, NaN, NaN, NaN, NaN, NaN, NaN]	1.0	0.02	5.0
3224.4521630686804	2.0	trials	4.0	1.0	1.0	1.0	0.0	1.0	True	0.0	0.0	0.0	[NaN, NaN, NaN, NaN, NaN, NaN, NaN, NaN, NaN, NaN, NaN, NaN, NaN, NaN, NaN, NaN, NaN, NaN, NaN, NaN]	1.0	0.02	5.0
3229.943247196284	2.0	trials	4.0	1.0	1.0	1.0	0.0	1.0	True	0.0	0.0	0.0	[NaN, NaN, NaN, NaN, NaN, NaN, NaN, NaN, NaN, NaN, NaN, NaN, NaN, NaN, NaN, NaN, NaN, NaN, NaN, NaN]	1.0	0.02	5.0
3239.0215850277295	2.0	trials	4.0	1.0	1.0	1.0	0.0	1.0	True	0.0	0.0	0.0	[NaN, NaN, NaN, NaN, NaN, NaN, NaN, NaN, NaN, NaN, NaN, NaN, NaN, NaN, NaN, NaN, NaN, NaN, NaN, NaN]	1.0	0.02	5.0
3244.5652869328724	2.0	trials	4.0	1.0	1.0	1.0	0.0	1.0	True	0.0	0.0	0.0	[NaN, NaN, NaN, NaN, NaN, NaN, NaN, NaN, NaN, NaN, NaN, NaN, NaN, NaN, NaN, NaN, NaN, NaN, NaN, NaN]	1.0	0.02	5.0
3252.839842852257	2.0	trials	4.0	1.0	1.0	1.0	0.0	1.0	True	0.0	0.0	0.0	[NaN, NaN, NaN, NaN, NaN, NaN, NaN, NaN, NaN, NaN, NaN, NaN, NaN, NaN, NaN, NaN, NaN, NaN, NaN, NaN]	1.0	0.02	5.0
3260.7405447102115	2.0	trials	4.0	1.0	1.0	1.0	0.0	1.0	True	0.0	0.0	0.0	[NaN, NaN, NaN, NaN, NaN, NaN, NaN, NaN, NaN, NaN, NaN, NaN, NaN, NaN, NaN, NaN, NaN, NaN, NaN, NaN]	1.0	0.02	5.0
3266.273187378039	2.0	trials	4.0	1.0	1.0	1.0	0.0	1.0	True	0.0	0.0	0.0	[NaN, NaN, NaN, NaN, NaN, NaN, NaN, NaN, NaN, NaN, NaN, NaN, NaN, NaN, NaN, NaN, NaN, NaN, NaN, NaN]	1.0	0.02	5.0
3272.238090704368	2.0	trials	4.0	1.0	1.0	1.0	0.0	1.0	True	0.0	0.0	0.0	[NaN, NaN, NaN, NaN, NaN, NaN, NaN, NaN, NaN, NaN, NaN, NaN, NaN, NaN, NaN, NaN, NaN, NaN, NaN, NaN]	1.0	0.02	5.0
3282.396172979006	2.0	trials	4.0	1.0	1.0	1.0	0.0	1.0	True	0.0	0.0	0.0	[NaN, NaN, NaN, NaN, NaN, NaN, NaN, NaN, NaN, NaN, NaN, NaN, NaN, NaN, NaN, NaN, NaN, NaN, NaN, NaN]	1.0	0.02	5.0
3288.906002943985	2.0	trials	4.0	1.0	1.0	1.0	0.0	1.0	True	0.0	0.0	0.0	[NaN, NaN, NaN, NaN, NaN, NaN, NaN, NaN, NaN, NaN, NaN, NaN, NaN, NaN, NaN, NaN, NaN, NaN, NaN, NaN]	1.0	0.02	5.0
3297.3132697111528	2.0	trials	4.0	1.0	1.0	1.0	0.0	1.0	True	0.0	0.0	0.0	[NaN, NaN, NaN, NaN, NaN, NaN, NaN, NaN, NaN, NaN, NaN, NaN, NaN, NaN, NaN, NaN, NaN, NaN, NaN, NaN]	1.0	0.02	5.0
3305.4063850183347	2.0	trials	4.0	1.0	1.0	1.0	0.0	1.0	True	0.0	0.0	0.0	[NaN, NaN, NaN, NaN, NaN, NaN, NaN, NaN, NaN, NaN, NaN, NaN, NaN, NaN, NaN, NaN, NaN, NaN, NaN, NaN]	1.0	0.02	5.0
3310.643970690603	2.0	trials	4.0	1.0	1.0	1.0	0.0	1.0	True	0.0	0.0	0.0	[NaN, NaN, NaN, NaN, NaN, NaN, NaN, NaN, NaN, NaN, NaN, NaN, NaN, NaN, NaN, NaN, NaN, NaN, NaN, NaN]	1.0	0.02	5.0
3321.3724676898914	2.0	trials	4.0	1.0	1.0	1.0	0.0	1.0	True	0.0	0.0	0.0	[NaN, NaN, NaN, NaN, NaN, NaN, NaN, NaN, NaN, NaN, NaN, NaN, NaN, NaN, NaN, NaN, NaN, NaN, NaN, NaN]	1.0	0.02	5.0
3332.070206185397	2.0	trials	4.0	1.0	1.0	1.0	0.0	1.0	True	0.0	0.0	0.0	[NaN, NaN, NaN, NaN, NaN, NaN, NaN, NaN, NaN, NaN, NaN, NaN, NaN, NaN, NaN, NaN, NaN, NaN, NaN, NaN]	1.0	0.02	5.0
3337.7821294581395	2.0	trials	4.0	1.0	1.0	1.0	0.0	1.0	True	0.0	0.0	0.0	[NaN, NaN, NaN, NaN, NaN, NaN, NaN, NaN, NaN, NaN, NaN, NaN, NaN, NaN, NaN, NaN, NaN, NaN, NaN, NaN]	1.0	0.02	5.0
3344.6703927	2.0	trials	4.0	1.0	1.0	1.0	0.0	1.0	True	0.0	0.0	0.0	[NaN, NaN, NaN, NaN, NaN, NaN, NaN, NaN, NaN, NaN, NaN, NaN, NaN, NaN, NaN, NaN, NaN, NaN, NaN, NaN]	1.0	0.02	5.0
3351.1567217856846	2.0	trials	4.0	1.0	1.0	1.0	0.0	1.0	True	0.0	0.0	0.0	[NaN, NaN, NaN, NaN, NaN, NaN, NaN, NaN, NaN, NaN, NaN, NaN, NaN, NaN, NaN, NaN, NaN, NaN, NaN, NaN]	1.0	0.02	5.0
3358.8423733180325	2.0	trials	4.0	1.0	1.0	1.0	0.0	1.0	True	0.0	0.0	0.0	[NaN, NaN, NaN, NaN, NaN, NaN, NaN, NaN, NaN, NaN, NaN, NaN, NaN, NaN, NaN, NaN, NaN, NaN, NaN, NaN]	1.0	0.02	5.0
3463.259372034025	2.0	trials	5.0	0.0	0.0	0.0	0.0	0.0	True	40.0	0.0	0.005	[34370149.23011787, 34480356.6019706, 34574385.91923665, 34675985.26204488, 34764525.56079033, 34870986.92000357, 34938215.146839574, 35053004.53415257, 35123559.7722143, 35252212.20630286, 35369401.60171376, 35454603.88919637, 35579677.31120892, 35652315.556298964, 35713773.763666235, 35807959.08145865, 35901967.39865386, 35970797.63089521, 36054406.91300283, 36146509.223766945]	0.0	0.0	0.0
3468.888523827486	2.0	trials	5.0	0.0	0.0	0.0	0.0	0.0	True	40.0	0.0	0.005	[36231002.5088573, 36358574.939301796, 36427669.17243393, 36550307.586230464, 36660869.95928101, 36773646.33980188, 36888854.72852863, 36960800.97128378, 37075798.35929859, 37153996.6231488, 37213456.82377456, 37328216.21098632, 37391770.425425775, 37496843.77995572, 37561006.996450014, 37656778.31959381, 37748220.628130995, 37812255.8441934, 37881294.077136576, 37998864.473833025]	0.0	0.0	0.0
3476.719327849597	2.0	trials	5.0	0.0	0.0	0.0	0.0	0.0	True	40.0	0.0	0.005	[38074209.72805684, 38171516.05637992, 38265186.37243467, 38325807.5769778, 38449978.99594687, 38573795.413718134, 38639905.63678186, 38719630.90578437, 38794705.15909379, 38883658.459232755, 40092132.536767475, 40092422.53774597, 40092711.5387211, 40093000.539696224, 40093291.54067809, 40093579.54164984, 40093870.54263171, 40094159.54360684, 40094448.544581965, 40094738.54556046]	0.0	0.0	0.0
3483.3788031194986	2.0	trials	5.0	0.0	0.0	0.0	0.0	0.0	True	40.0	0.0	0.005	[40095029.54654233, 40095318.547517456, 40095608.54849595, 40095896.5494677, 40096187.55044957, 40096475.55142132, 40096766.5524032, 40097055.553378314, 40097346.55436019, 40097636.55533869, 40157284.756598786, 40157572.757570535, 40157863.7585524, 40158152.75952753, 40158442.76050603, 40158731.76148115, 40159022.762463026, 40159310.763434775, 40159600.76441327, 40159890.76539177]	0.0	0.0	0.0
3492.6784984978312	2.0	trials	5.0	0.0	0.0	0.0	0.0	0.0	True	40.0	0.0	0.005	[40160180.76637027, 40160470.76734877, 40160759.76832388, 40161049.76930238, 40161338.77027751, 40161629.771259375, 40161918.77223451, 40162206.77320625, 40162497.77418812, 40162786.77516325, 40247919.06240967, 40248207.06338142, 40248497.06435992, 40248789.06534516, 40249077.06631691, 40249368.067298785, 40249657.06827391, 40249947.0692524, 40250236.07022753, 40250526.071206026]	0.0	0.0	0.0
3503.6166890046525	2.0	trials	5.0	0.0	0.0	0.0	0.0	0.0	True	40.0	0.0	0.005	[40250815.07218115, 40251105.07315965, 40251394.074134775, 40251684.07511327, 40251974.07609177, 40252263.07706689, 40252554.078048766, 40252843.07902388, 40253132.07999901, 40253421.08097413, 40324997.32248086, 40325285.3234526, 40325575.3244311, 40325864.32540622, 40326154.32638472, 40326445.32736659, 40326735.32834509, 40327024.329320215, 40327313.33029534, 40327603.33127384]	0.0	0.0	0.0
3511.791366187035	2.0	trials	5.0	0.0	0.0	0.0	0.0	0.0	True	40.0	0.0	0.005	[40327892.332248956, 40328182.333227456, 40328472.334205955, 40328762.335184455, 40329051.33615957, 40329341.33713807, 40329631.338116564, 40329921.33909507, 40330210.340070195, 40330499.34104531, 40432630.685648575, 40432921.68663044, 40433210.68760557, 40433499.68858069, 40433788.68955582, 40434079.69053768, 40434368.69151281, 40434658.69249131, 40434947.69346643, 40435237.69444493]	0.0	0.0	0.0
3519.7986860047313	2.0	trials	5.0	0.0	0.0	0.0	0.0	0.0	True	40.0	0.0	0.005	[40435527.695423424, 40435817.696401924, 40436107.69738042, 40436395.69835217, 40436685.69933067, 40436975.700309165, 40437264.70128429, 40437555.702266164, 40437844.70324128, 40438133.704216406, 40559231.11281341, 40559520.11378854, 40559810.11476703, 40560100.11574554, 40560389.116720654, 40560678.11769578, 40560968.11867428, 40561259.119656146, 40561548.12063128, 40561838.12160977]	0.0	0.0	0.0
3529.838313479688	2.0	trials	5.0	0.0	0.0	0.0	0.0	0.0	True	40.0	0.0	0.005	[40562128.12258826, 40562417.123563394, 40562707.124541886, 40562996.12551701, 40563286.12649551, 40563575.12747063, 40563866.12845251, 40564155.12942763, 40564444.13040275, 40564735.131384626, 40653844.43204996, 40654134.43302846, 40654423.434003584, 40654713.43498208, 40655003.43596058, 40655292.4369357, 40655582.4379142, 40655871.438889325, 40656160.43986444, 40656450.44084294]	0.0	0.0	0.0
3536.113048251427	2.0	trials	5.0	0.0	0.0	0.0	0.0	0.0	True	40.0	0.0	0.005	[40656740.44182144, 40657031.442803316, 40657320.44377843, 40657610.44475693, 40657899.44573206, 40658189.44671056, 40658478.447685674, 40658768.44866417, 40659057.449639305, 40659347.4506178, 40746522.74475756, 40746812.74573606, 40747101.74671119, 40747391.74768969, 40747681.74866819, 40747970.7496433, 40748260.7506218, 40748549.751596935, 40748838.75257205, 40749128.75355055]	0.0	0.0	0.0
3541.7835857845284	2.0	trials	5.0	0.0	0.0	0.0	0.0	0.0	True	40.0	0.0	0.005	[40749418.754529044, 40749707.755504176, 40749998.75648604, 40750287.75746117, 40750577.75843966, 40750866.759414785, 40751156.760393284, 40751444.76136503, 40751736.76235028, 40752024.76332203, 40862722.13682809, 40863011.13780321, 40863302.13878508, 40863590.13975683, 40863881.1407387, 40864170.14171382, 40864459.14268895, 40864749.143667445, 40865039.144645944, 40865329.145624444]	0.0	0.0	0.0
3547.4473840948913	2.0	trials	5.0	0.0	0.0	0.0	0.0	0.0	True	40.0	0.0	0.005	[40865618.14659956, 40865907.147574686, 40866198.14855656, 40866488.14953506, 40866777.150510184, 40867066.1514853, 40867357.15246718, 40867647.153445676, 40867935.154417425, 40868225.155395925, 40935346.38187089, 40935636.38284939, 40935925.38382451, 40936214.38479964, 40936505.38578151, 40936794.38675663, 40937084.38773513, 40937374.38871363, 40937662.38968538, 40937952.39066387]	0.0	0.0	0.0
3557.9750868166752	2.0	trials	5.0	0.0	0.0	0.0	0.0	0.0	True	40.0	0.0	0.005	[40938241.391639, 40938532.39262087, 40938821.39359599, 40939111.39457449, 40939401.395552985, 40939689.396524735, 40939980.39750661, 40940268.39847836, 40940559.399460234, 40940849.400438726, 41000977.60331841, 41001265.60429016, 41001555.60526866, 41001845.60624716, 41002135.60722565, 41002425.60820415, 41002713.6091759, 41003003.6101544, 41003294.61113627, 41003583.61211139]	0.0	0.0	0.0
3563.9797342771053	2.0	trials	5.0	0.0	0.0	0.0	0.0	0.0	True	40.0	0.0	0.005	[41003872.613086514, 41004162.61406501, 41004453.61504688, 41004742.616022006, 41005032.617000505, 41005320.617972255, 41005610.618950754, 41005901.61993262, 41006190.620907746, 41006480.621886246, 41066530.824502744, 41066819.82547787, 41067109.82645637, 41067398.827431485, 41067689.82841336, 41067977.82938512, 41068268.830366984, 41068558.831345476, 41068847.8323206, 41069136.833295725]	0.0	0.0	0.0
3574.5855428624277	2.0	trials	5.0	0.0	0.0	0.0	0.0	0.0	True	40.0	0.0	0.005	[41069426.834274225, 41069717.83525609, 41070006.83623122, 41070295.83720634, 41070584.838181466, 41070874.839159966, 41071165.84014183, 41071454.84111696, 41071745.84209883, 41072034.84307396, 41188379.235633716, 41188668.23660884, 41188958.23758734, 41189248.23856583, 41189537.239540964, 41189827.24051946, 41190117.241497956, 41190406.24247308, 41190695.243448205, 41190987.24443345]	0.0	0.0	0.0
3584.9714627058183	2.0	trials	5.0	0.0	0.0	0.0	0.0	0.0	True	40.0	0.0	0.005	[41191275.2454052, 41191564.24638032, 41191854.247358814, 41192143.248333946, 41192434.24931581, 41192723.25029094, 41193013.25126944, 41193302.25224456, 41193593.25322644, 41193881.254198186, 41257877.470129, 41258166.47110412, 41258456.47208262, 41258746.473061115, 41259036.474039614, 41259324.47501136, 41259614.47598986, 41259905.47697173, 41260194.477946855, 41260483.47892198]	0.0	0.0	0.0
3595.2318429256225	2.0	trials	5.0	0.0	0.0	0.0	0.0	0.0	True	40.0	0.0	0.005	[41260773.47990047, 41261063.48087897, 41261353.48185747, 41261643.48283597, 41261933.48381446, 41262221.48478621, 41262511.48576471, 41262801.48674321, 41263090.48771834, 41263379.48869345, 41380628.88430681, 41380918.8852853, 41381208.8862638, 41381497.887238935, 41381787.88821743, 41382076.88919255, 41382365.890167676, 41382656.89114954, 41382946.89212804, 41383235.89310317]	0.0	0.0	0.0
3605.0419912262887	2.0	trials	5.0	0.0	0.0	0.0	0.0	0.0	True	40.0	0.0	0.005	[41383524.89407829, 41383815.89506017, 41384104.896035284, 41384394.89701378, 41384683.89798891, 41384973.89896741, 41385263.89994591, 41385552.900921024, 41385841.90189615, 41386131.90287465, 41500836.28990084, 41501126.29087934, 41501416.29185784, 41501706.29283633, 41501995.293811455, 41502285.294789955, 41502574.29576508, 41502864.29674358, 41503153.2977187, 41503443.298697196]	0.0	0.0	0.0
3615.001698431584	2.0	trials	5.0	0.0	0.0	0.0	0.0	0.0	True	40.0	0.0	0.005	[41503732.29967232, 41504023.30065419, 41504313.30163269, 41504601.302604444, 41504893.30358969, 41505180.30455806, 41505471.30553993, 41505760.30651506, 41506050.30749355, 41506339.30846868, 41619591.690595634, 41619881.691574134, 41620170.69254925, 41620460.69352774, 41620750.69450625, 41621038.695478, 41621328.69645649, 41621618.69743499, 41621906.69840674, 41622198.69939199]	0.0	0.0	0.0
3623.527938400183	2.0	trials	5.0	0.0	0.0	0.0	0.0	0.0	True	40.0	0.0	0.005	[41622486.70036373, 41622777.70134561, 41623067.70232411, 41623356.70329923, 41623646.704277724, 41623935.705252856, 41624224.70622797, 41624515.70720985, 41624804.70818497, 41625094.709163465, 41733135.07370446, 41733425.07468296, 41733714.075658076, 41734003.0766332, 41734293.07761171, 41734583.0785902, 41734872.07956532, 41735162.080543816, 41735452.081522316, 41735741.08249745]	0.0	0.0	0.0
3630.920088142219	2.0	trials	5.0	0.0	0.0	0.0	0.0	0.0	True	40.0	0.0	0.005	[41736032.08347931, 41736321.08445443, 41736611.08543293, 41736900.08640806, 41737189.08738318, 41737480.08836505, 41737769.08934017, 41738059.09031868, 41738348.0912938, 41738637.09226892, 41848409.462653905, 41848699.4636324, 41848988.46460753, 41849277.46558265, 41849568.46656453, 41849857.467539646, 41850147.46851814, 41850436.46949326, 41850727.47047514, 41851016.47145026]	0.0	0.0	0.0
3638.1447077189873	2.0	trials	5.0	0.0	0.0	0.0	0.0	0.0	True	40.0	0.0	0.005	[41851305.47242538, 41851595.47340388, 41851884.474379, 41852174.47535751, 41852464.476336, 41852753.47731112, 41853043.47828962, 41853333.47926812, 41853623.48024662, 41853913.48122511, 41947091.795619786, 41947381.796598285, 41947671.797576785, 41947960.79855191, 41948250.7995304, 41948540.80050891, 41948829.801484026, 41949119.80246252, 41949409.80344102, 41949698.80441615]	0.0	0.0	0.0
3646.873901972379	2.0	trials	5.0	0.0	0.0	0.0	0.0	0.0	True	40.0	0.0	0.005	[41949988.80539464, 41950278.80637314, 41950567.80734826, 41950857.80832676, 41951147.80930526, 41951436.81028038, 41951726.81125888, 41952016.812237374, 41952305.8132125, 41952595.814191, 42032650.08430359, 42032938.08527534, 42033228.08625384, 42033519.08723571, 42033808.08821083, 42034097.08918596, 42034387.09016446, 42034676.09113958, 42034967.092121445, 42035255.093093194]	0.0	0.0	0.0
3655.106640150665	2.0	trials	5.0	0.0	0.0	0.0	0.0	0.0	True	40.0	0.0	0.005	[42035546.09407507, 42035835.09505019, 42036124.09602532, 42036414.09700381, 42036704.09798231, 42036994.09896081, 42037283.099935934, 42037573.100914426, 42037862.10188956, 42038152.10286805, 42116268.366441585, 42116557.3674167, 42116848.36839858, 42117138.36937708, 42117427.37035219, 42117717.37133069, 42118005.37230244, 42118295.37328094, 42118586.37426282, 42118875.375237934]	0.0	0.0	0.0
3662.0959917336104	2.0	trials	5.0	0.0	0.0	0.0	0.0	0.0	True	40.0	0.0	0.005	[42119165.376216434, 42119454.37719156, 42119744.37817006, 42120033.37914518, 42120322.3801203, 42120612.3810988, 42120902.3820773, 42121191.38305242, 42121481.38403092, 42121771.385009415, 42217300.707336664, 42217588.70830841, 42217879.70929029, 42218169.71026879, 42218458.71124391, 42218747.71221904, 42219036.713194154, 42219326.714172654, 42219617.71515453, 42219905.71612628]	0.0	0.0	0.0
3667.5140676148753	2.0	trials	5.0	0.0	0.0	0.0	0.0	0.0	True	40.0	0.0	0.005	[42220195.71710478, 42220485.71808327, 42220775.71906178, 42221064.720036894, 42221355.72101876, 42221644.721993886, 42221934.722972386, 42222223.72394751, 42222512.724922635, 42222802.725901134, 42312586.02884063, 42312876.02981913, 42313165.030794255, 42313456.03177612, 42313745.03275125, 42314035.03372975, 42314325.03470825, 42314614.03568336, 42314904.03666186, 42315193.037636995]	0.0	0.0	0.0
3675.1044196256707	2.0	trials	5.0	0.0	0.0	0.0	0.0	0.0	True	40.0	0.0	0.005	[42315482.03861211, 42315773.03959399, 42316061.04056574, 42316351.04154423, 42316642.0425261, 42316932.0435046, 42317221.04447973, 42317510.045454845, 42317799.04642998, 42318090.047411844, 42393481.30179087, 42393770.302765995, 42394060.303744495, 42394351.304726355, 42394641.30570486, 42394929.30667661, 42395219.3076551, 42395509.3086336, 42395798.30960873, 42396087.31058385]	0.0	0.0	0.0
3682.0345870089204	2.0	trials	5.0	0.0	0.0	0.0	0.0	0.0	True	40.0	0.0	0.005	[42396377.311562344, 42396666.31253748, 42396956.31351597, 42397247.31449784, 42397537.315476336, 42397826.31645146, 42398116.31742997, 42398405.318405084, 42398695.319383584, 42398983.320355326, 42456191.513382554, 42456480.51435768, 42456770.51533617, 42457061.516318046, 42457350.51729317, 42457639.518268295, 42457929.519246794, 42458218.52022191, 42458508.52120041, 42458797.522175536]	0.0	0.0	0.0
3690.0143451336216	2.0	trials	5.0	0.0	0.0	0.0	0.0	0.0	True	40.0	0.0	0.005	[42459087.523154035, 42459377.524132535, 42459667.52511103, 42459955.52608278, 42460246.52706465, 42460535.528039776, 42460825.52901827, 42461115.52999677, 42461404.53097189, 42461694.53195039, 42544040.80979649, 42544331.81077836, 42544619.81175011, 42544910.81273198, 42545199.813707106, 42545489.8146856, 42545780.81566747, 42546069.81664259, 42546359.8176211, 42546649.81859959]	0.0	0.0	0.0
3697.7004286674264	2.0	trials	5.0	0.0	0.0	0.0	0.0	0.0	True	40.0	0.0	0.005	[42546937.81957134, 42547227.82054984, 42547517.82152834, 42547805.82250009, 42548096.82348196, 42548386.824460454, 42548675.82543558, 42548964.8264107, 42549255.82739257, 42549544.828367695, 42624253.08044219, 42624542.081417315, 42624833.08239919, 42625121.08337094, 42625411.08434943, 42625700.085324556, 42625991.08630643, 42626281.08728493, 42626570.08826005, 42626860.08923855]	0.0	0.0	0.0
3705.7104268941616	2.0	trials	5.0	0.0	0.0	0.0	0.0	0.0	True	40.0	0.0	0.005	[42627150.09021705, 42627438.091188796, 42627729.09217067, 42628018.09314579, 42628308.09412429, 42628597.09509941, 42628887.09607791, 42629176.09705303, 42629466.09803153, 42629755.09900665, 42716611.39207008, 42716901.39304857, 42717189.39402033, 42717480.3950022, 42717770.39598069, 42718059.39695581, 42718348.39793094, 42718637.39890607, 42718928.39988794, 42719217.40086306]	0.0	0.0	0.0
3711.428657388185	2.0	trials	5.0	0.0	0.0	0.0	0.0	0.0	True	40.0	0.0	0.005	[42719507.40184156, 42719796.40281668, 42720085.40379181, 42720375.4047703, 42720666.405752175, 42720956.406730674, 42721245.40770579, 42721535.40868429, 42721824.409659415, 42722115.41064129, 42805570.69222929, 42805859.69320442, 42806149.69418292, 42806438.69515804, 42806728.69613654, 42807017.697111666, 42807308.69809353, 42807597.69906865, 42807886.70004378, 42808176.70102228]	0.0	0.0	0.0
3718.4670843367167	2.0	trials	5.0	0.0	0.0	0.0	0.0	0.0	True	40.0	0.0	0.005	[42808466.702000774, 42808755.7029759, 42809045.7039544, 42809336.70493627, 42809625.70591139, 42809914.706886515, 42810204.707865015, 42810493.70884014, 42810784.709822014, 42811073.71079713, 42898278.00503475, 42898569.00601663, 42898858.00699175, 42899146.0079635, 42899436.008942, 42899727.00992386, 42900016.01089899, 42900306.01187749, 42900596.012855984, 42900886.013834484]	0.0	0.0	0.0
3723.8545745147817	2.0	trials	5.0	0.0	0.0	0.0	0.0	0.0	True	40.0	0.0	0.005	[42901174.01480623, 42901464.01578473, 42901755.0167666, 42902044.017741725, 42902332.018713474, 42902624.019698724, 42902913.02067384, 42903202.021648966, 42903492.022627465, 42903781.02360259, 42964462.228348166, 42964752.22932666, 42965040.23029841, 42965331.23128028, 42965621.23225878, 42965909.23323053, 42966200.2342124, 42966490.2351909, 42966779.23616602, 42967069.23714452]	0.0	0.0	0.0
3731.3428877812853	2.0	trials	5.0	0.0	0.0	0.0	0.0	0.0	True	40.0	0.0	0.005	[42967359.23812302, 42967648.23909814, 42967937.24007326, 42968228.24105514, 42968517.24203026, 42968806.24300538, 42969096.24398389, 42969386.24496238, 42969675.245937504, 42969965.246916, 43045925.50321491, 43046215.5041934, 43046504.50516853, 43046793.506143644, 43047084.50712552, 43047373.508100644, 43047662.50907577, 43047953.510057636, 43048242.51103276, 43048532.51201126]	0.0	0.0	0.0
3736.5625885932077	2.0	trials	5.0	0.0	0.0	0.0	0.0	0.0	True	40.0	0.0	0.005	[43048822.51298976, 43049110.51396151, 43049401.51494338, 43049691.515921876, 43049980.516897, 43050269.517872125, 43050559.51885062, 43050850.51983249, 43051139.52080762, 43051429.521786116, 43108280.71360878, 43108569.714583896, 43108859.71556239, 43109148.71653751, 43109438.71751602, 43109727.71849114, 43110018.71947301, 43110307.72044813, 43110597.721426636, 43110886.72240176]	0.0	0.0	0.0
3744.7948947700365	2.0	trials	5.0	0.0	0.0	0.0	0.0	0.0	True	40.0	0.0	0.005	[43111177.72338362, 43111465.72435537, 43111756.72533725, 43112045.72631237, 43112336.727294244, 43112625.72826936, 43112914.72924449, 43113203.73021962, 43113494.731201485, 43113783.7321766, 43194950.006041236, 43195239.00701636, 43195530.00799823, 43195819.00897335, 43196110.00995523, 43196399.01093035, 43196688.01190547, 43196977.01288059, 43197267.01385909, 43197557.01483759]	0.0	0.0	0.0
3751.2860622720464	2.0	trials	5.0	0.0	0.0	0.0	0.0	0.0	True	40.0	0.0	0.005	[43197847.01581609, 43198136.01679121, 43198425.017766334, 43198717.018751584, 43199005.01972333, 43199294.02069846, 43199585.021680325, 43199874.02265545, 43200163.023630574, 43200453.024609074, 43255364.20988592, 43255654.21086441, 43255943.211839534, 43256233.21281804, 43256522.21379316, 43256812.21477165, 43257103.215753525, 43257391.216725275, 43257682.21770715, 43257971.218682274]	0.0	0.0	0.0
3759.0630389125367	2.0	trials	5.0	0.0	0.0	0.0	0.0	0.0	True	40.0	0.0	0.005	[43258260.21965739, 43258549.220632516, 43258840.22161439, 43259129.222589515, 43259419.223568015, 43259708.22454313, 43259998.22552163, 43260287.226496756, 43260577.227475256, 43260867.22845375, 43350645.531376384, 43350936.53235825, 43351224.53333, 43351515.534311876, 43351804.535287, 43352094.53626549, 43352382.53723724, 43352673.53821912, 43352962.53919424, 43353252.54017274]	0.0	0.0	0.0
3768.0508292384634	2.0	trials	5.0	0.0	0.0	0.0	0.0	0.0	True	40.0	0.0	0.005	[43353542.54115124, 43353832.54212973, 43354122.54310823, 43354410.54407998, 43354699.54505511, 43354990.54603697, 43355279.547012106, 43355569.5479906, 43355858.54896572, 43356148.54994422, 43425774.784871385, 43426063.78584651, 43426353.78682501, 43426642.787800126, 43426933.78878201, 43427222.789757125, 43427511.79073225, 43427802.79171412, 43428092.79269262, 43428380.793664366]	0.0	0.0	0.0
3775.3258201851922	2.0	trials	5.0	0.0	0.0	0.0	0.0	0.0	True	40.0	0.0	0.005	[43428671.79464624, 43428959.79561799, 43429249.79659648, 43429539.79757499, 43429829.79855348, 43430118.7995286, 43430409.80051047, 43430699.80148898, 43430987.80246073, 43431277.80343922, 43515785.088576816, 43516076.08955869, 43516365.09053381, 43516654.09150893, 43516944.09248743, 43517234.09346593, 43517524.094444424, 43517813.09541955, 43518102.09639467, 43518392.09737317]	0.0	0.0	0.0
3780.7476976792836	2.0	trials	5.0	0.0	0.0	0.0	0.0	0.0	True	40.0	0.0	0.005	[43518682.09835167, 43518972.099330164, 43519260.100301914, 43519551.10128379, 43519840.10225891, 43520130.103237405, 43520420.104215905, 43520710.105194405, 43521000.106172904, 43521289.10714802, 43619811.43957405, 43620101.44055255, 43620390.441527665, 43620680.442506164, 43620970.443484664, 43621259.44445979, 43621548.44543491, 43621839.44641678, 43622128.447391905, 43622417.44836703]	0.0	0.0	0.0
3788.277051084262	2.0	trials	5.0	0.0	0.0	0.0	0.0	0.0	True	40.0	0.0	0.005	[43622709.44935228, 43622997.45032403, 43623288.451305896, 43623577.45228102, 43623866.453256145, 43624156.45423464, 43624445.45520977, 43624735.45618826, 43625024.457163386, 43625315.45814526, 43704011.72367578, 43704301.72465428, 43704590.725629404, 43704880.726607904, 43705170.7275864, 43705460.728564896, 43705750.729543395, 43706040.730521895, 43706329.73149701, 43706619.73247551]	0.0	0.0	0.0
3796.0078899690784	2.0	trials	5.0	0.0	0.0	0.0	0.0	0.0	True	40.0	0.0	0.005	[43706909.733454004, 43707198.734429136, 43707487.73540426, 43707777.73638275, 43708066.73735788, 43708355.738332994, 43708645.7393115, 43708936.740293376, 43709226.74127187, 43709515.742246985, 43766765.93541592, 43767054.93639105, 43767343.93736617, 43767633.93834467, 43767924.93932655, 43768214.94030504, 43768503.941280164, 43768793.94225866, 43769081.94323041, 43769372.94421229]	0.0	0.0	0.0
3802.8095801188297	2.0	trials	5.0	0.0	0.0	0.0	0.0	0.0	True	40.0	0.0	0.005	[43769661.945187405, 43769951.946165904, 43770241.947144404, 43770530.94811953, 43770819.949094646, 43771110.95007652, 43771400.95105502, 43771689.952030145, 43771977.95300189, 43772268.95398376, 43853910.229451105, 43854200.2304296, 43854490.2314081, 43854779.232383214, 43855069.23336171, 43855359.23434021, 43855648.23531534, 43855937.23629046, 43856227.23726896, 43856516.23824409]	0.0	0.0	0.0
3810.9214442892726	2.0	trials	5.0	0.0	0.0	0.0	0.0	0.0	True	40.0	0.0	0.005	[43856807.239225954, 43857097.24020445, 43857386.24117957, 43857675.242154695, 43857965.243133195, 43858255.244111694, 43858545.245090194, 43858834.24606532, 43859124.24704381, 43859414.24802231, 43943387.531358115, 43943676.53233325, 43943966.53331174, 43944257.53429361, 43944545.53526536, 43944835.536243856, 43945125.537222356, 43945415.53820085, 43945705.53917935, 43945994.54015448]	0.0	0.0	0.0
3819.0536989285156	2.0	trials	5.0	0.0	0.0	0.0	0.0	0.0	True	40.0	0.0	0.005	[43946284.54113297, 43946574.54211147, 43946864.54308996, 43947152.54406171, 43947442.54504022, 43947732.54601871, 43948021.54699383, 43948312.547975704, 43948602.54895421, 43948891.54992933, 44022110.79697975, 44022400.79795824, 44022690.79893674, 44022979.799911864, 44023269.80089036, 44023558.80186548, 44023848.80284398, 44024139.803825855, 44024427.804797605, 44024717.8057761]	0.0	0.0	0.0
3825.12375140963	2.0	trials	5.0	0.0	0.0	0.0	0.0	0.0	True	40.0	0.0	0.005	[44025007.8067546, 44025296.80772973, 44025587.80871159, 44025875.80968334, 44026165.81066184, 44026454.81163696, 44026744.81261546, 44027034.81359396, 44027323.81456908, 44027613.81554758, 44115999.11377005, 44116289.114748545, 44116579.115727045, 44116867.116698794, 44117157.11767729, 44117447.118655786, 44117737.119634286, 44118026.1206094, 44118317.121591285, 44118605.122563034]	0.0	0.0	0.0
3834.195782019795	2.0	trials	5.0	0.0	0.0	0.0	0.0	0.0	True	40.0	0.0	0.005	[44118896.1235449, 44119184.12451665, 44119474.12549515, 44119764.12647364, 44120054.12745214, 44120344.12843064, 44120633.12940577, 44120922.13038089, 44121213.13136276, 44121503.13234126, 44210123.431356646, 44210411.432328396, 44210702.43331027, 44210990.43428201, 44211281.43526389, 44211569.43623564, 44211860.43721751, 44212150.438196, 44212439.43917113, 44212728.44014625]	0.0	0.0	0.0
3843.269713436372	2.0	trials	5.0	0.0	0.0	0.0	0.0	0.0	True	40.0	0.0	0.005	[44213018.44112475, 44213308.44210325, 44213596.443075, 44213887.44405687, 44214178.44503874, 44214467.44601387, 44214757.44699237, 44215046.447967485, 44215335.44894261, 44215624.44991773, 44280376.66839939, 44280666.669377886, 44280955.67035302, 44281246.671334885, 44281535.67231001, 44281824.67328513, 44282114.674263634, 44282404.675242126, 44282694.676220626, 44282983.67719575]	0.0	0.0	0.0
3879.0186116576197	2.0	trials	6.0	0.0	0.0	0.0	0.0	0.0	True	40.0	0.0	0.005	[44283272.67817087, 44283562.679149374, 44283852.68012787, 44284142.68110636, 44284431.68208149, 44284721.68305999, 44285010.68403511, 44285300.68501361, 44285590.6859921, 44285879.68696723, 44385376.02267966, 44385666.02365816, 44385957.02464002, 44386246.02561515, 44386535.026590265, 44386825.027568765, 44387115.028547265, 44387404.02952239, 44387694.03050089, 44387984.03147938]	0.0	0.0	0.0
3885.5941058441576	2.0	trials	6.0	0.0	0.0	0.0	0.0	0.0	True	40.0	0.0	0.005	[44388274.03245789, 44388564.03343638, 44388853.0344115, 44389142.03538663, 44389432.03636513, 44389721.037340246, 44390012.03832212, 44390302.03930061, 44390591.040275745, 44390881.04125424, 44490400.37704427, 44490689.37801939, 44490979.37899789, 44491268.37997302, 44491557.380948134, 44491848.38193001, 44492138.38290851, 44492426.38388026, 44492717.384862125, 44493007.385840625]	0.0	0.0	0.0
3891.834366899578	2.0	trials	6.0	0.0	0.0	0.0	0.0	0.0	True	40.0	0.0	0.005	[44493296.38681574, 44493586.38779425, 44493876.38877274, 44494165.389747865, 44494454.39072299, 44494745.391704865, 44495034.39267999, 44495325.39366186, 44495614.39463698, 44495904.39561548, 44904159.77311749, 44904448.774092615, 44904738.775071114, 44905028.776049614, 44905318.77702811, 44905607.77800323, 44905896.778978355, 44906186.779956855, 44906476.780935355, 44906766.78191385]	0.0	0.0	0.0
3898.728159760095	2.0	trials	6.0	0.0	0.0	0.0	0.0	0.0	True	40.0	0.0	0.005	[44907056.78289235, 44907345.78386746, 44907635.78484597, 44907924.785821095, 44908214.78679959, 44908503.78777471, 44908793.78875321, 44909083.7897317, 44909372.79070683, 44909662.79168533, 44980266.02990902, 44980555.03088415, 44980845.03186264, 44981135.03284114, 44981424.03381626, 44981715.03479814, 44982005.03577663, 44982293.03674838, 44982583.03772688, 44982872.038702]	0.0	0.0	0.0
3907.353760063948	2.0	trials	6.0	0.0	0.0	0.0	0.0	0.0	True	40.0	0.0	0.005	[44983163.03968388, 44983452.040658996, 44983741.04163412, 44984032.042615995, 44984321.04359112, 44984610.04456624, 44984900.045544736, 44985189.04651986, 44985479.04749836, 44985770.04848023, 45052492.27360892, 45052780.27458067, 45053070.27555917, 45053360.27653767, 45053650.277516164, 45053939.27849129, 45054229.27946979, 45054519.28044828, 45054808.281423405, 45055097.28239853]	0.0	0.0	0.0
3912.9913790859796	2.0	trials	6.0	0.0	0.0	0.0	0.0	0.0	True	40.0	0.0	0.005	[45055387.28337703, 45055677.28435553, 45055967.28533402, 45056257.28631252, 45056546.287287645, 45056835.28826277, 45057125.28924126, 45057414.290216394, 45057705.29119826, 45057994.292173386, 45132279.542820625, 45132569.54379912, 45132859.544777624, 45133148.54575274, 45133439.546734616, 45133727.547706366, 45134018.54868823, 45134306.54965998, 45134596.55063848, 45134886.551616974]	0.0	0.0	0.0
3920.5984063530395	2.0	trials	6.0	0.0	0.0	0.0	0.0	0.0	True	40.0	0.0	0.005	[45135175.5525921, 45135466.55357397, 45135755.5545491, 45136045.5555276, 45136335.55650609, 45136625.5574846, 45136913.55845634, 45137203.55943484, 45137492.560409956, 45137783.56139184, 45232113.8796735, 45232402.88064863, 45232691.88162375, 45232982.88260562, 45233270.88357737, 45233560.88455587, 45233851.88553774, 45234140.88651286, 45234429.887487985, 45234720.88846986]	0.0	0.0	0.0
3929.7207219328716	2.0	trials	6.0	0.0	0.0	0.0	0.0	0.0	True	40.0	0.0	0.005	[45235008.88944161, 45235298.89042011, 45235588.8913986, 45235878.8923771, 45236168.8933556, 45236457.894330725, 45236747.895309225, 45237036.89628434, 45237325.89725947, 45237616.89824134, 45297362.099828735, 45297654.10081398, 45297944.10179247, 45298232.10276422, 45298522.103742726, 45298812.10472122, 45299102.10569972, 45299391.106674835, 45299681.107653335, 45299971.108631834]	0.0	0.0	0.0
3936.9739400061344	2.0	trials	6.0	0.0	0.0	0.0	0.0	0.0	True	40.0	0.0	0.005	[45300260.10960696, 45300549.110582076, 45300840.11156396, 45301130.11254245, 45301419.11351757, 45301709.11449607, 45301998.11547119, 45302287.116446316, 45302578.11742819, 45302867.11840331, 45385408.39690737, 45385697.39788249, 45385986.398857616, 45386277.39983948, 45386566.40081461, 45386855.40178973, 45387146.40277161, 45387435.403746724, 45387725.404725224, 45388015.40570372]	0.0	0.0	0.0
3943.818657501067	2.0	trials	6.0	0.0	0.0	0.0	0.0	0.0	True	40.0	0.0	0.005	[45388304.40667885, 45388594.40765735, 45388883.408632465, 45389173.409610964, 45389463.410589464, 45389753.41156796, 45390042.41254308, 45390331.413518205, 45390621.414496705, 45390911.415475205, 45490989.75315137, 45491279.75412987, 45491569.755108364, 45491858.75608349, 45492148.75706199, 45492438.75804048, 45492728.75901899, 45493017.759994105, 45493306.76096923, 45493597.761951104]	0.0	0.0	0.0
3950.1908518016453	2.0	trials	6.0	0.0	0.0	0.0	0.0	0.0	True	40.0	0.0	0.005	[45493886.76292623, 45494175.763901345, 45494466.76488322, 45494755.765858345, 45495045.766836844, 45495334.76781197, 45495624.76879046, 45495913.769765586, 45496204.77074746, 45496492.77171921, 45574939.0364062, 45575229.0373847, 45575518.03835982, 45575808.03933832, 45576098.04031682, 45576387.04129194, 45576677.04227044, 45576967.04324893, 45577256.04422406, 45577547.04520593]	0.0	0.0	0.0
3955.518812178849	2.0	trials	6.0	0.0	0.0	0.0	0.0	0.0	True	40.0	0.0	0.005	[45577836.04618105, 45578125.04715618, 45578415.04813468, 45578705.04911317, 45578994.050088294, 45579284.05106679, 45579574.05204529, 45579863.05302041, 45580152.05399554, 45580442.054974034, 45654161.30371151, 45654450.304686636, 45654740.305665135, 45655030.306643635, 45655319.30761876, 45655609.30859725, 45655899.30957576, 45656188.310550876, 45656478.311529376, 45656767.31250449]	0.0	0.0	0.0
3963.0731352680787	2.0	trials	6.0	0.0	0.0	0.0	0.0	0.0	True	40.0	0.0	0.005	[45657057.313483, 45657347.31446149, 45657637.31543999, 45657926.316415116, 45658216.31739361, 45658505.31836874, 45658796.31935061, 45659085.32032573, 45659374.32130086, 45659665.32228273, 45727912.55255697, 45728202.55353547, 45728492.55451396, 45728782.55549246, 45729071.55646758, 45729361.557446085, 45729650.55842121, 45729941.55940308, 45730229.560374826, 45730519.561353326]	0.0	0.0	0.0
3969.4944913345357	2.0	trials	6.0	0.0	0.0	0.0	0.0	0.0	True	40.0	0.0	0.005	[45730808.56232845, 45731099.56331032, 45731388.56428544, 45731678.56526394, 45731968.56624244, 45732258.56722094, 45732548.56819943, 45732836.56917118, 45733126.57014968, 45733415.57112481, 45789579.76062943, 45789867.76160118, 45790158.762583055, 45790447.76355818, 45790737.76453667, 45791026.765511796, 45791316.766490296, 45791605.76746542, 45791896.76844729, 45792185.76942241]	0.0	0.0	0.0
3977.3715195126124	2.0	trials	6.0	0.0	0.0	0.0	0.0	0.0	True	40.0	0.0	0.005	[45792474.770397544, 45792763.77137266, 45793054.772354536, 45793344.77333303, 45793634.774311535, 45793922.775283284, 45794213.77626515, 45794502.77724027, 45794791.7782154, 45795082.77919727, 45877014.0556431, 45877304.0566216, 45877593.05759673, 45877883.05857522, 45878173.05955372, 45878462.060528845, 45878751.06150397, 45879041.06248247, 45879330.063457586, 45879621.06443946]	0.0	0.0	0.0
3984.9794107825874	2.0	trials	6.0	0.0	0.0	0.0	0.0	0.0	True	40.0	0.0	0.005	[45879910.065414585, 45880201.06639646, 45880490.06737158, 45880780.06835008, 45881069.0693252, 45881358.070300326, 45881648.07127882, 45881937.07225394, 45882228.07323582, 45882517.07421094, 45951334.306408435, 45951624.307386935, 45951915.3083688, 45952203.30934055, 45952493.31031905, 45952783.31129755, 45953072.312272675, 45953362.31325117, 45953652.31422967, 45953942.31520817]	0.0	0.0	0.0
3991.718547121275	2.0	trials	6.0	0.0	0.0	0.0	0.0	0.0	True	40.0	0.0	0.005	[45954231.31618329, 45954520.317158416, 45954811.31814028, 45955101.31911878, 45955390.32009391, 45955679.32106903, 45955969.322047524, 45956258.32302265, 45956549.32400452, 45956837.32497627, 46042504.61402785, 46042793.61500298, 46043083.615981475, 46043372.6169566, 46043662.61793509, 46043952.6189136, 46044241.61988872, 46044531.620867215, 46044820.62184234, 46045110.62282083]	0.0	0.0	0.0
3997.3335292669262	2.0	trials	6.0	0.0	0.0	0.0	0.0	0.0	True	40.0	0.0	0.005	[46045400.62379934, 46045689.624774456, 46045979.625752956, 46046269.626731455, 46046558.62770658, 46046848.62868507, 46047138.62966357, 46047428.630642064, 46047717.631617196, 46048007.632595696, 46130558.91113348, 46130847.91210861, 46131136.91308373, 46131427.91406561, 46131716.91504073, 46132005.916015856, 46132296.91699772, 46132585.91797285, 46132875.91895135, 46133164.919926465]	0.0	0.0	0.0
4006.394500639775	2.0	trials	6.0	0.0	0.0	0.0	0.0	0.0	True	40.0	0.0	0.005	[46133454.920904964, 46133743.92188009, 46134034.92286196, 46134323.92383709, 46134613.92481558, 46134903.92579408, 46135192.926769204, 46135482.9277477, 46135772.9287262, 46136060.929697946, 46208558.17431224, 46208848.17529073, 46209137.17626586, 46209426.17724098, 46209716.17821948, 46210006.17919798, 46210295.18017311, 46210585.1811516, 46210874.18212672, 46211164.18310522]	0.0	0.0	0.0
4013.1758867210183	2.0	trials	6.0	0.0	0.0	0.0	0.0	0.0	True	40.0	0.0	0.005	[46211454.184083715, 46211743.18505885, 46212033.18603735, 46212322.187012464, 46212612.18799096, 46212901.18896609, 46213192.189947955, 46213481.19092309, 46213771.19190158, 46214061.19288008, 46273545.39358682, 46273836.39456869, 46274126.39554718, 46274414.39651893, 46274704.39749744, 46274995.398479305, 46275284.39945443, 46275574.40043292, 46275863.401408054, 46276152.40238318]	0.0	0.0	0.0
4022.216122023901	2.0	trials	6.0	0.0	0.0	0.0	0.0	0.0	True	40.0	0.0	0.005	[46276443.403365046, 46276732.40434017, 46277022.40531867, 46277312.40629716, 46277601.407272294, 46277891.40825079, 46278181.409229286, 46278470.41020441, 46278759.411179535, 46279049.41215803, 46378418.74744194, 46378707.74841706, 46378997.74939556, 46379287.75037406, 46379576.75134918, 46379866.75232768, 46380156.75330617, 46380445.7542813, 46380735.7552598, 46381025.7562383]	0.0	0.0	0.0
4030.2281938576325	2.0	trials	6.0	0.0	0.0	0.0	0.0	0.0	True	40.0	0.0	0.005	[46381314.75721342, 46381603.758188546, 46381893.75916704, 46382183.76014554, 46382472.76112066, 46382762.762099154, 46383051.76307428, 46383342.76405615, 46383631.76503128, 46383920.7660064, 46456906.01226727, 46457195.013242394, 46457486.01422427, 46457775.01519939, 46458064.01617451, 46458355.017156385, 46458644.0181315, 46458933.019106634, 46459224.0200885, 46459513.021063626]	0.0	0.0	0.0
4035.4283682036707	2.0	trials	6.0	0.0	0.0	0.0	0.0	0.0	True	40.0	0.0	0.005	[46459802.02203875, 46460092.02301725, 46460382.02399574, 46460672.02497424, 46460961.02594937, 46461251.026927866, 46461540.02790298, 46461831.02888486, 46462119.02985661, 46462409.03083511, 46561538.36530923, 46561828.36628772, 46562117.36726285, 46562407.36824135, 46562697.36921984, 46562986.370194964, 46563276.371173464, 46563565.37214859, 46563856.373130456, 46564144.37410221]	0.0	0.0	0.0
4042.2913161601136	2.0	trials	6.0	0.0	0.0	0.0	0.0	0.0	True	40.0	0.0	0.005	[46564434.375080705, 46564724.376059204, 46565015.37704107, 46565303.37801283, 46565593.37899132, 46565882.379966445, 46566173.38094832, 46566463.38192682, 46566752.38290194, 46567041.38387706, 46654270.67819904, 46654560.67917753, 46654849.68015266, 46655139.681131154, 46655429.682109654, 46655718.68308478, 46656008.68406327, 46656298.68504177, 46656587.686016895, 46656877.686995395]	0.0	0.0	0.0
4047.427467890131	2.0	trials	6.0	0.0	0.0	0.0	0.0	0.0	True	40.0	0.0	0.005	[46657167.687973894, 46657456.68894901, 46657746.68992751, 46658036.69090601, 46658326.6918845, 46658615.692859635, 46658905.693838134, 46659194.69481325, 46659483.695788376, 46659774.69677024, 46714458.88128116, 46714748.88225967, 46715036.88323142, 46715326.88420991, 46715615.88518503, 46715905.886163525, 46716196.88714541, 46716485.888120525, 46716774.88909565, 46717063.89007077]	0.0	0.0	0.0
4054.8498577342016	2.0	trials	6.0	0.0	0.0	0.0	0.0	0.0	True	40.0	0.0	0.005	[46717354.89105265, 46717643.892027766, 46717932.89300289, 46718222.89398139, 46718513.89496326, 46718803.89594176, 46719092.89691688, 46719381.897892006, 46719671.898870505, 46719960.89984563, 46793890.14929167, 46794180.15027017, 46794469.151245296, 46794759.15222379, 46795048.15319891, 46795339.15418079, 46795628.15515591, 46795917.15613104, 46796208.157112904, 46796497.15808803]	0.0	0.0	0.0
4062.331604578549	2.0	trials	6.0	0.0	0.0	0.0	0.0	0.0	True	40.0	0.0	0.005	[46796786.15906316, 46797077.16004502, 46797366.16102015, 46797655.16199527, 46797946.16297715, 46798234.16394889, 46798525.16493076, 46798815.16590926, 46799104.16688439, 46799393.16785951, 46853336.3498702, 46853627.35085207, 46853916.3518272, 46854205.352802314, 46854495.35378081, 46854786.35476269, 46855074.35573444, 46855365.356716305, 46855654.35769143, 46855943.35866655]	0.0	0.0	0.0
4069.417983688877	2.0	trials	6.0	0.0	0.0	0.0	0.0	0.0	True	40.0	0.0	0.005	[46856233.359645054, 46856523.360623546, 46856812.36159868, 46857102.36257717, 46857392.36355567, 46857682.36453417, 46857972.36551266, 46858261.366487786, 46858551.367466286, 46858840.36844141, 46939244.639734946, 46939533.64071007, 46939823.64168856, 46940113.64266706, 46940403.64364556, 46940691.64461731, 46940981.645595804, 46941272.64657768, 46941560.64754943, 46941850.64852793]	0.0	0.0	0.0
4075.7237361652737	2.0	trials	6.0	0.0	0.0	0.0	0.0	0.0	True	40.0	0.0	0.005	[46942140.64950643, 46942430.65048492, 46942719.651460044, 46943009.652438544, 46943298.65341367, 46943588.65439217, 46943878.65537066, 46944168.65634917, 46944458.65732766, 46944746.65829941, 47025838.931914344, 47026127.93288947, 47026417.93386797, 47026706.93484309, 47026996.93582159, 47027285.93679671, 47027575.93777521, 47027866.938757084, 47028154.939728834, 47028444.940707326]	0.0	0.0	0.0
4083.2067790139945	2.0	trials	6.0	0.0	0.0	0.0	0.0	0.0	True	40.0	0.0	0.005	[47028733.94168245, 47029024.942664325, 47029313.94363945, 47029602.944614574, 47029893.94559644, 47030182.94657157, 47030472.947550066, 47030761.94852519, 47031050.94950031, 47031340.95047881, 47107856.20865036, 47108147.209632225, 47108435.210603975, 47108725.211582474, 47109014.2125576, 47109304.21353609, 47109595.214517966, 47109884.21549309, 47110173.21646822, 47110463.217446715]	0.0	0.0	0.0
4088.858567683835	2.0	trials	6.0	0.0	0.0	0.0	0.0	0.0	True	40.0	0.0	0.005	[47110752.21842183, 47111042.21940033, 47111331.220375456, 47111621.221353956, 47111911.222332455, 47112200.22330757, 47112491.224289455, 47112780.22526457, 47113070.226243064, 47113360.22722156, 47180840.45490785, 47181129.455882974, 47181419.45686147, 47181709.45783997, 47181998.45881509, 47182288.45979358, 47182578.46077209, 47182868.46175058, 47183157.46272571, 47183447.463704206]	0.0	0.0	0.0
4095.2424260237703	2.0	trials	6.0	0.0	0.0	0.0	0.0	0.0	True	40.0	0.0	0.005	[47183737.464682706, 47184026.46565783, 47184315.466632955, 47184605.46761145, 47184895.468589954, 47185184.46956507, 47185474.47054356, 47185764.47152206, 47186054.47250056, 47186343.47347569, 47267448.74713449, 47267739.74811636, 47268028.74909148, 47268317.75006661, 47268606.75104173, 47268896.75202023, 47269186.752998725, 47269477.75398059, 47269765.75495235, 47270055.75593085]	0.0	0.0	0.0
4102.976202518498	2.0	trials	6.0	0.0	0.0	0.0	0.0	0.0	True	40.0	0.0	0.005	[47270344.75690597, 47270635.75788784, 47270923.75885959, 47271213.75983809, 47271503.76081659, 47271793.76179508, 47272082.762770206, 47272372.763748705, 47272663.76473057, 47272951.76570232, 47332863.967853196, 47333152.96882832, 47333441.96980344, 47333732.97078531, 47334020.97175706, 47334311.97273894, 47334601.97371743, 47334890.97469256, 47335179.97566768, 47335470.97664955]	0.0	0.0	0.0
4110.886322008229	2.0	trials	6.0	0.0	0.0	0.0	0.0	0.0	True	40.0	0.0	0.005	[47335758.9776213, 47336049.97860317, 47336338.979578294, 47336628.98055679, 47336918.98153529, 47337207.98251041, 47337497.98348891, 47337786.984464034, 47338076.985442534, 47338366.986421034, 47406751.21715753, 47407040.21813265, 47407331.21911453, 47407619.22008627, 47407909.22106477, 47408199.22204327, 47408488.223018385, 47408777.22399351, 47409068.22497539, 47409357.22595051]	0.0	0.0	0.0
4118.290222189912	2.0	trials	6.0	0.0	0.0	0.0	0.0	0.0	True	40.0	0.0	0.005	[47409648.226932384, 47409936.22790413, 47410227.22888601, 47410516.229861125, 47410806.230839625, 47411095.23181475, 47411385.23279325, 47411674.233768374, 47411964.23474687, 47412254.235725366, 47496262.51917927, 47496551.520154394, 47496841.52113289, 47497130.522108, 47497420.52308651, 47497710.52406501, 47497999.52504013, 47498290.526021995, 47498579.52699713, 47498869.52797563]	0.0	0.0	0.0
4126.174075991021	2.0	trials	6.0	0.0	0.0	0.0	0.0	0.0	True	40.0	0.0	0.005	[47499158.528950736, 47499448.529929236, 47499738.53090775, 47500027.53188287, 47500318.532864735, 47500607.53383985, 47500896.534814976, 47501186.535793476, 47501475.53676861, 47501766.537750475, 47587814.8280876, 47588103.82906272, 47588393.83004122, 47588682.83101634, 47588972.83199484, 47589262.832973346, 47589551.83394846, 47589842.83493034, 47590131.835905455, 47590421.83688396]	0.0	0.0	0.0
4131.764174852712	2.0	trials	6.0	0.0	0.0	0.0	0.0	0.0	True	40.0	0.0	0.005	[47590711.83786246, 47591001.83884096, 47591289.8398127, 47591579.8407912, 47591869.841769695, 47592158.84274483, 47592449.84372669, 47592738.84470182, 47593027.84567694, 47593318.8466588, 47673508.11722691, 47673797.11820203, 47674086.11917716, 47674377.12015903, 47674666.12113416, 47674956.12211265, 47675245.12308777, 47675534.1240629, 47675825.12504477, 47676114.126019895]	0.0	0.0	0.0
4139.642153433995	2.0	trials	6.0	0.0	0.0	0.0	0.0	0.0	True	40.0	0.0	0.005	[47676404.126998395, 47676693.12797353, 47676983.12895201, 47677272.12992714, 47677563.13090901, 47677853.13188751, 47678143.132866, 47678431.13383775, 47678721.13481625, 47679011.135794744, 47764756.42510951, 47765046.42608801, 47765334.427059755, 47765624.428038254, 47765914.429016754, 47766204.42999525, 47766495.43097713, 47766783.43194887, 47767072.432923995, 47767363.43390588]	0.0	0.0	0.0
4145.445661015755	2.0	trials	6.0	0.0	0.0	0.0	0.0	0.0	True	40.0	0.0	0.005	[47767653.43488437, 47767942.435859494, 47768231.43683462, 47768521.43781311, 47768811.43879161, 47769101.43977011, 47769390.440745234, 47769680.441723734, 47769969.44269886, 47770258.443673976, 47829456.64341571, 47829745.64439085, 47830034.64536597, 47830324.64634445, 47830614.64732295, 47830904.64830147, 47831193.64927658, 47831483.65025508, 47831772.65123021, 47832063.652212076]	0.0	0.0	0.0
4150.790383049514	2.0	trials	6.0	0.0	0.0	0.0	0.0	0.0	True	40.0	0.0	0.005	[47832352.65318719, 47832641.65416232, 47832931.65514082, 47833221.65611932, 47833510.65709445, 47833800.65807294, 47834090.65905143, 47834379.66002655, 47834668.661001675, 47834959.66198356, 47920636.95106888, 47920925.952043995, 47921215.9530225, 47921505.954001, 47921794.95497612, 47922084.95595461, 47922374.95693312, 47922665.95791499, 47922953.958886735, 47923243.959865235]	0.0	0.0	0.0
4157.217095934046	2.0	trials	6.0	0.0	0.0	0.0	0.0	0.0	True	40.0	0.0	0.005	[47923532.96084036, 47923821.961815484, 47924112.962797344, 47924401.963772476, 47924691.964750975, 47924981.965729475, 47925271.966707975, 47925560.9676831, 47925850.968661584, 47926139.969636716, 47987806.17770582, 47988096.1786843, 47988385.179659426, 47988675.18063792, 47988965.181616426, 47989255.182594925, 47989544.18357004, 47989833.18454517, 47990124.185527034, 47990414.18650554]	0.0	0.0	0.0
4165.10699775556	2.0	trials	6.0	0.0	0.0	0.0	0.0	0.0	True	40.0	0.0	0.005	[47990703.18748066, 47990993.18845916, 47991282.18943428, 47991573.19041616, 47991861.19138791, 47992151.19236641, 47992440.19334152, 47992730.19432002, 47993020.19529852, 47993310.19627702, 48049666.386429474, 48049956.38740797, 48050245.3883831, 48050535.3893616, 48050825.3903401, 48051115.39131859, 48051404.392293714, 48051693.39326884, 48051983.39424734, 48052273.39522584]	0.0	0.0	0.0
4172.7014969803495	2.0	trials	6.0	0.0	0.0	0.0	0.0	0.0	True	40.0	0.0	0.005	[48052563.39620434, 48052852.39717946, 48053143.39816133, 48053431.39913308, 48053721.40011157, 48054011.40109008, 48054300.402065195, 48054589.40304032, 48054880.404022194, 48055170.405000694, 48124049.63740738, 48124339.63838588, 48124628.63936101, 48124919.64034287, 48125208.64131799, 48125498.64229649, 48125787.64327162, 48126076.644246735, 48126366.645225234, 48126657.64620711]	0.0	0.0	0.0
4180.040596943389	2.0	trials	6.0	0.0	0.0	0.0	0.0	0.0	True	40.0	0.0	0.005	[48126945.64717886, 48127235.64815736, 48127525.64913585, 48127815.65011435, 48128105.65109286, 48128393.6520646, 48128683.6530431, 48128973.6540216, 48129263.6550001, 48129553.65597859, 48215367.945526175, 48215656.94650129, 48215946.94747979, 48216236.94845829, 48216527.94944016, 48216815.950411916, 48217106.95139378, 48217395.9523689, 48217684.95334403, 48217974.95432253]	0.0	0.0	0.0
4186.027273143181	2.0	trials	6.0	0.0	0.0	0.0	0.0	0.0	True	40.0	0.0	0.005	[48218263.95529766, 48218553.956276156, 48218843.95725464, 48219133.95823314, 48219422.95920827, 48219711.96018338, 48220001.96116188, 48220291.962140396, 48220581.963118896, 48220871.96409738, 48303267.24210881, 48303556.24308394, 48303845.24405907, 48304136.24504093, 48304426.24601943, 48304716.24699794, 48305006.24797643, 48305294.24894818, 48305584.24992667, 48305874.25090517]	0.0	0.0	0.0
4193.900845309598	2.0	trials	6.0	0.0	0.0	0.0	0.0	0.0	True	40.0	0.0	0.005	[48306163.251880296, 48306452.25285541, 48306743.253837295, 48307033.25481578, 48307323.25579428, 48307612.25676941, 48307901.25774452, 48308191.25872302, 48308481.259701535, 48308770.26067665, 48388211.52872089, 48388500.52969602, 48388789.53067115, 48389079.53164965, 48389369.53262814, 48389658.53360326, 48389948.53458177, 48390237.53555689, 48390528.53653876, 48390817.537513874]	0.0	0.0	0.0
4200.227074655086	2.0	trials	6.0	0.0	0.0	0.0	0.0	0.0	True	40.0	0.0	0.005	[48391107.53849238, 48391396.5394675, 48391686.540446, 48391976.5414245, 48392266.542403, 48392555.543378115, 48392844.54435324, 48393134.54533174, 48393423.54630686, 48393714.54728874, 48457501.76251436, 48457790.76348948, 48458079.76446461, 48458369.7654431, 48458659.7664216, 48458949.7674001, 48459239.768378586, 48459528.769353725, 48459817.77032885, 48460107.77130734]	0.0	0.0	0.0
4207.479083124268	2.0	trials	6.0	0.0	0.0	0.0	0.0	0.0	True	40.0	0.0	0.005	[48460398.77228921, 48460686.77326096, 48460976.774239466, 48461266.775217965, 48461556.77619645, 48461846.77717495, 48462135.77815008, 48462424.77912519, 48462714.78010369, 48463004.78108219, 48548630.06999207, 48548920.07097056, 48549210.07194906, 48549499.07292418, 48549789.07390268, 48550078.0748778, 48550368.0758563, 48550658.07683481, 48550947.07780992, 48551237.078788415]	0.0	0.0	0.0
4215.573148834656	2.0	trials	6.0	0.0	0.0	0.0	0.0	0.0	True	40.0	0.0	0.005	[48551526.07976354, 48551816.08074204, 48552106.08172054, 48552396.08269904, 48552685.08367416, 48552976.08465604, 48553265.085631154, 48553554.08660628, 48553844.08758478, 48554134.08856328, 48621851.31704923, 48622140.318024345, 48622430.31900285, 48622719.31997797, 48623009.32095647, 48623298.32193159, 48623588.32291009, 48623878.32388859, 48624167.32486372, 48624457.32584221]	0.0	0.0	0.0
4222.109849290299	2.0	trials	6.0	0.0	0.0	0.0	0.0	0.0	True	40.0	0.0	0.005	[48624747.32682071, 48625036.32779583, 48625326.32877433, 48625615.32974945, 48625905.33072795, 48626196.33170982, 48626484.332681574, 48626775.33366344, 48627064.33463856, 48627353.33561369, 48705786.600256816, 48706076.601235315, 48706364.60220706, 48706655.60318893, 48706944.60416407, 48707234.605142556, 48707524.606121056, 48707813.60709617, 48708104.60807804, 48708392.6090498]	0.0	0.0	0.0
4239.403904442602	2.0	trials	7.0	0.0	0.0	0.0	0.0	0.0	True	40.0	0.0	0.005	[48708682.6100283, 48708972.61100679, 48709261.61198191, 48709552.612963796, 48709841.61393891, 48710130.61491404, 48710420.61589254, 48710709.61686766, 48710999.61784616, 48711289.61882465, 48799467.91634867, 48799756.9173238, 48800045.91829893, 48800335.919277415, 48800624.92025255, 48800915.921234414, 48801204.92220954, 48801494.92318804, 48801783.92416317, 48802072.92513829]	0.0	0.0	0.0
4244.984931273683	2.0	trials	7.0	0.0	0.0	0.0	0.0	0.0	True	40.0	0.0	0.005	[48802363.926120155, 48802652.92709528, 48802942.92807378, 48803232.92905228, 48803521.93002741, 48803812.93100927, 48804100.93198102, 48804390.93295951, 48804680.93393802, 48804969.934913136, 48875123.17161848, 48875413.17259697, 48875703.17357546, 48875992.174550585, 48876282.175529085, 48876571.17650421, 48876861.17748271, 48877151.17846121, 48877440.179436326, 48877730.18041484]	0.0	0.0	0.0
4251.819107933048	2.0	trials	7.0	0.0	0.0	0.0	0.0	0.0	True	40.0	0.0	0.005	[48878019.18138995, 48878310.182371825, 48878599.18334694, 48878889.18432545, 48879178.185300566, 48879468.186279066, 48879757.18725419, 48880047.18823268, 48880337.18921118, 48880627.19018968, 49075285.84699106, 49075575.847969554, 49075865.848948054, 49076156.84992992, 49076445.85090504, 49076735.85188354, 49077024.85285866, 49077313.85383378, 49077602.854808904, 49077893.85579079]	0.0	0.0	0.0
4259.523162727492	2.0	trials	7.0	0.0	0.0	0.0	0.0	0.0	True	40.0	0.0	0.005	[49078183.856769286, 49078472.8577444, 49078762.8587229, 49079051.85969802, 49079340.86067316, 49079631.86165502, 49079920.862630144, 49080210.86360864, 49080500.86458714, 49080789.86556227, 49139882.064946346, 49140171.06592146, 49140462.066903345, 49140751.06787847, 49141040.06885359, 49141330.06983209, 49141620.070810586, 49141909.07178571, 49142199.072764196, 49142489.073742695]	0.0	0.0	0.0
4264.652834435644	2.0	trials	7.0	0.0	0.0	0.0	0.0	0.0	True	40.0	0.0	0.005	[49142778.07471783, 49143067.07569295, 49143357.07667145, 49143647.07764995, 49143937.078628436, 49144226.07960357, 49144516.08058207, 49144805.081557184, 49145096.08253906, 49145385.08351419, 49218980.33183327, 49219270.33281177, 49219560.33379026, 49219850.33476876, 49220139.33574389, 49220429.33672239, 49220719.33770089, 49221009.33867937, 49221297.33965113, 49221587.34062963]	0.0	0.0	0.0
4270.059419078136	2.0	trials	7.0	0.0	0.0	0.0	0.0	0.0	True	40.0	0.0	0.005	[49221877.341608115, 49222167.34258662, 49222456.34356174, 49222746.34454024, 49223036.34551874, 49223325.34649387, 49223615.347472355, 49223904.348447494, 49224193.34942261, 49224484.35040448, 49308148.63269768, 49308437.6336728, 49308728.63465468, 49309016.63562643, 49309306.63660493, 49309596.63758342, 49309885.638558544, 49310176.63954042, 49310465.64051554, 49310755.64149404]	0.0	0.0	0.0
4277.546177139393	2.0	trials	7.0	0.0	0.0	0.0	0.0	0.0	True	40.0	0.0	0.005	[49311044.64246917, 49311334.64344767, 49311623.644422784, 49311913.64540128, 49312203.64637977, 49312493.64735828, 49312782.6483334, 49313071.649308525, 49313361.650287025, 49313651.65126551, 49367518.83301977, 49367808.83399827, 49368098.83497676, 49368388.83595527, 49368677.83693039, 49368966.83790551, 49369255.83888063, 49369546.83986251, 49369836.840841, 49370125.84181613]	0.0	0.0	0.0
4284.091776825064	2.0	trials	7.0	0.0	0.0	0.0	0.0	0.0	True	40.0	0.0	0.005	[49370415.84279463, 49370704.843769744, 49370994.84474825, 49371283.84572337, 49371574.84670524, 49371862.84767699, 49372152.84865549, 49372442.849633984, 49372731.85060911, 49373021.85158761, 49430096.0441627, 49430385.04513782, 49430675.046116315, 49430965.047094814, 49431254.04806994, 49431544.04904844, 49431833.05002356, 49432123.05100206, 49432413.051980555, 49432703.052959055]	0.0	0.0	0.0
4291.857953429113	2.0	trials	7.0	0.0	0.0	0.0	0.0	0.0	True	40.0	0.0	0.005	[49432992.05393418, 49433281.0549093, 49433572.05589118, 49433860.05686292, 49434150.05784142, 49434439.058816545, 49434730.059798405, 49435018.06077016, 49435309.061752036, 49435598.06272716, 49516747.33653443, 49517037.33751292, 49517327.33849142, 49517617.33946992, 49517906.34044505, 49518195.34142016, 49518486.34240203, 49518775.34337715, 49519065.34435566, 49519354.345330775]	0.0	0.0	0.0
4297.053375759117	2.0	trials	7.0	0.0	0.0	0.0	0.0	0.0	True	40.0	0.0	0.005	[49519644.346309274, 49519934.347287774, 49520224.348266274, 49520513.34924139, 49520802.35021653, 49521093.35119839, 49521382.352173515, 49521672.353152014, 49521961.35412714, 49522251.35510564, 49592507.5921585, 49592796.59313361, 49593085.59410875, 49593376.59509063, 49593665.59606574, 49593955.59704424, 49594244.59801937, 49594534.59899787, 49594825.599979736, 49595113.60095148]	0.0	0.0	0.0
4304.259505673499	2.0	trials	7.0	0.0	0.0	0.0	0.0	0.0	True	40.0	0.0	0.005	[49595403.60192998, 49595692.60290511, 49595982.60388361, 49596272.60486211, 49596561.60583722, 49596851.60681572, 49597141.60779422, 49597431.60877272, 49597721.60975122, 49598010.61072634, 49682392.895442165, 49682682.89642066, 49682971.89739578, 49683261.89837428, 49683550.8993494, 49683841.90033128, 49684130.901306406, 49684420.9022849, 49684710.9032634, 49684999.90423852]	0.0	0.0	0.0
4312.191225236111	2.0	trials	7.0	0.0	0.0	0.0	0.0	0.0	True	40.0	0.0	0.005	[49685289.90521702, 49685579.90619552, 49685868.90717064, 49686158.908149146, 49686448.90912764, 49686736.91009939, 49687026.91107788, 49687317.91205976, 49687606.91303488, 49687895.91401, 49742526.098338716, 49742815.09931384, 49743105.10029234, 49743395.10127084, 49743685.10224933, 49743975.10322783, 49744264.104202956, 49744553.10517807, 49744844.106159955, 49745133.10713507]	0.0	0.0	0.0
4317.35295145242	2.0	trials	7.0	0.0	0.0	0.0	0.0	0.0	True	40.0	0.0	0.005	[49745422.1081102, 49745712.1090887, 49746001.11006382, 49746291.11104231, 49746581.11202081, 49746871.11299931, 49747160.11397444, 49747449.114949554, 49747739.11592806, 49748029.11690655, 49825929.37975127, 49826219.38072977, 49826508.38170489, 49826797.382680014, 49827088.38366189, 49827378.38464039, 49827667.385615505, 49827957.386594005, 49828247.3875725, 49828536.38854763]	0.0	0.0	0.0
4324.5033531787685	2.0	trials	7.0	0.0	0.0	0.0	0.0	0.0	True	40.0	0.0	0.005	[49828826.389526114, 49829116.39050461, 49829404.39147637, 49829694.39245487, 49829984.39343337, 49830274.39441187, 49830563.395386994, 49830853.396365486, 49831143.39734398, 49831433.39832248, 49917732.68950651, 49918021.69048163, 49918311.69146013, 49918601.69243863, 49918891.69341713, 49919181.69439563, 49919469.69536737, 49919759.69634587, 49920049.697324365, 49920339.698302865]	0.0	0.0	0.0
4331.543940134588	2.0	trials	7.0	0.0	0.0	0.0	0.0	0.0	True	40.0	0.0	0.005	[49920629.699281365, 49920919.70025987, 49921208.70123499, 49921497.70221011, 49921787.70318861, 49922077.704167105, 49922366.70514223, 49922656.70612073, 49922945.70709585, 49923235.708074346, 49977475.89108715, 49977764.89206228, 49978053.89303739, 49978343.89401589, 49978632.89499102, 49978922.89596952, 49979212.89694802, 49979502.89792651, 49979791.898901634, 49980080.89987677]	0.0	0.0	0.0
4338.502187612584	2.0	trials	7.0	0.0	0.0	0.0	0.0	0.0	True	40.0	0.0	0.005	[49980371.90085863, 49980660.90183376, 49980950.90281226, 49981239.90378738, 49981529.90476588, 49981819.905744374, 49982109.90672287, 49982398.907698, 49982687.908673115, 49982977.909651615, 50060234.170323394, 50060523.17129851, 50060813.17227702, 50061103.17325551, 50061392.174230635, 50061682.17520913, 50061972.17618763, 50062261.17716275, 50062551.17814125, 50062841.17911975]	0.0	0.0	0.0
4343.750918922459	2.0	trials	7.0	0.0	0.0	0.0	0.0	0.0	True	40.0	0.0	0.005	[50063130.180094875, 50063420.18107337, 50063710.18205187, 50063999.18302699, 50064289.18400549, 50064579.18498399, 50064868.185959116, 50065158.18693761, 50065448.1879161, 50065737.18889122, 50141721.44527112, 50142012.44625298, 50142300.44722473, 50142591.44820661, 50142880.449181736, 50143170.450160235, 50143460.45113872, 50143749.45211384, 50144039.453092344, 50144328.45406746]	0.0	0.0	0.0
4351.438298460638	2.0	trials	7.0	0.0	0.0	0.0	0.0	0.0	True	40.0	0.0	0.005	[50144618.45504596, 50144907.45602109, 50145197.45699959, 50145486.45797472, 50145777.45895658, 50146066.4599317, 50146356.4609102, 50146645.46188533, 50146936.4628672, 50147225.463842325, 50222256.71700666, 50222545.71798179, 50222835.71896028, 50223125.71993878, 50223415.72091728, 50223704.7218924, 50223994.7228709, 50224284.72384939, 50224573.724824525, 50224863.72580302]	0.0	0.0	0.0
4359.096474700281	2.0	trials	7.0	0.0	0.0	0.0	0.0	0.0	True	40.0	0.0	0.005	[50225153.72678152, 50225442.727756634, 50225732.72873514, 50226022.72971364, 50226312.73069213, 50226601.73166724, 50226890.732642375, 50227180.733620875, 50227469.734596, 50227760.735577874, 50283005.921981685, 50283295.92296017, 50283585.92393867, 50283874.92491379, 50284165.92589566, 50284454.9268708, 50284744.927849285, 50285033.9288244, 50285323.92980291, 50285613.93078141]	0.0	0.0	0.0
4364.392294169037	2.0	trials	7.0	0.0	0.0	0.0	0.0	0.0	True	40.0	0.0	0.005	[50285902.931756526, 50286192.932735026, 50286482.933713526, 50286771.93468864, 50287060.93566378, 50287350.93664227, 50287640.93762077, 50287929.93859589, 50288219.93957439, 50288509.94055289, 50371981.22219488, 50372271.22317338, 50372560.224148504, 50372850.225127004, 50373140.2261055, 50373429.22708062, 50373718.22805574, 50374008.22903424, 50374298.23001274, 50374587.23098786]	0.0	0.0	0.0
4372.360129053507	2.0	trials	7.0	0.0	0.0	0.0	0.0	0.0	True	40.0	0.0	0.005	[50374878.23196974, 50375167.23294485, 50375457.23392335, 50375747.234901845, 50376036.23587698, 50376326.23685548, 50376616.23783396, 50376905.2388091, 50377195.239787586, 50377484.24076272, 50460616.52126088, 50460906.52223938, 50461195.5232145, 50461485.524193, 50461775.525171496, 50462064.52614662, 50462354.52712512, 50462643.528100245, 50462933.529078744, 50463223.53005724]	0.0	0.0	0.0
4380.213829152871	2.0	trials	7.0	0.0	0.0	0.0	0.0	0.0	True	40.0	0.0	0.005	[50463513.531035736, 50463802.53201086, 50464091.53298598, 50464381.53396448, 50464671.534942985, 50464961.53592148, 50465250.5368966, 50465540.537875086, 50465830.5388536, 50466119.53982872, 50521910.7280748, 50522200.729053296, 50522490.730031796, 50522779.73100691, 50523069.73198541, 50523359.732963905, 50523649.733942404, 50523938.73491752, 50524227.73589266, 50524517.73687115]	0.0	0.0	0.0
4387.665940697227	2.0	trials	7.0	0.0	0.0	0.0	0.0	0.0	True	40.0	0.0	0.005	[50524807.737849645, 50525097.738828145, 50525386.73980328, 50525676.74078178, 50525966.74176026, 50526255.742735386, 50526545.743713886, 50526835.744692385, 50527124.74566752, 50527414.74664602, 50614131.03923705, 50614421.04021555, 50614711.04119405, 50615000.04216917, 50615290.043147676, 50615580.04412617, 50615868.04509792, 50616158.04607642, 50616449.04705829, 50616738.04803341]	0.0	0.0	0.0
4395.316600111507	2.0	trials	7.0	0.0	0.0	0.0	0.0	0.0	True	40.0	0.0	0.005	[50617027.04900853, 50617318.04999039, 50617607.05096553, 50617895.051937275, 50618186.05291915, 50618475.05389427, 50618765.054872766, 50619055.05585127, 50619344.05682639, 50619634.05780489, 50705031.34594546, 50705320.34692058, 50705611.347902454, 50705901.34888095, 50706189.349852696, 50706480.35083458, 50706769.351809695, 50707059.3527882, 50707348.35376332, 50707638.354741804]	0.0	0.0	0.0
4402.872737606858	2.0	trials	7.0	0.0	0.0	0.0	0.0	0.0	True	40.0	0.0	0.005	[50707928.355720304, 50708217.356695436, 50708507.357673936, 50708796.35864906, 50709086.35962756, 50709376.360606045, 50709665.361581184, 50709955.362559676, 50710244.363534786, 50710534.364513285, 50791282.636967525, 50791571.63794266, 50791861.63892116, 50792150.639896266, 50792440.640874766, 50792729.6418499, 50793019.6428284, 50793310.643810265, 50793599.64478538, 50793888.64576052]	0.0	0.0	0.0
4410.132176501112	2.0	trials	7.0	0.0	0.0	0.0	0.0	0.0	True	40.0	0.0	0.005	[50794178.646739006, 50794467.64771414, 50794756.648689255, 50795047.64967113, 50795337.65064963, 50795626.65162476, 50795916.652603246, 50796205.65357836, 50796495.65455686, 50796784.65553199, 50879829.935736604, 50880120.93671848, 50880410.93769698, 50880699.9386721, 50880989.9396506, 50881278.94062572, 50881568.94160423, 50881858.94258272, 50882148.94356122, 50882437.944536336]	0.0	0.0	0.0
4416.503161197609	2.0	trials	7.0	0.0	0.0	0.0	0.0	0.0	True	40.0	0.0	0.005	[50882727.94551484, 50883016.94648996, 50883306.94746846, 50883596.948446944, 50883885.94942208, 50884175.950400576, 50884464.9513757, 50884754.9523542, 50885043.95332932, 50885333.954307824, 50967287.23082789, 50967577.23180639, 50967866.2327815, 50968156.23376, 50968445.23473513, 50968734.235710256, 50969024.23668874, 50969315.237670615, 50969604.23864574, 50969894.23962424]	0.0	0.0	0.0
4422.4722117379315	2.0	trials	7.0	0.0	0.0	0.0	0.0	0.0	True	40.0	0.0	0.005	[50970183.24059937, 50970473.24157787, 50970762.242552996, 50971052.24353148, 50971342.24450998, 50971632.24548848, 50971921.246463604, 50972211.247442104, 50972500.24841722, 50972789.24939235, 51051308.514325656, 51051597.51530078, 51051886.5162759, 51052176.5172544, 51052466.51823288, 51052756.5192114, 51053046.520189896, 51053335.521165006, 51053624.52214014, 51053914.52311864]	0.0	0.0	0.0
4429.006579385704	2.0	trials	7.0	0.0	0.0	0.0	0.0	0.0	True	40.0	0.0	0.005	[51054204.52409712, 51054493.525072254, 51054783.52605075, 51055073.527029246, 51055362.52800438, 51055652.52898288, 51055942.52996138, 51056232.53093986, 51056521.53191499, 51056811.53289349, 51125045.76312386, 51125335.76410236, 51125625.765080854, 51125915.766059354, 51126204.76703448, 51126493.7680096, 51126784.76899148, 51127073.7699666, 51127363.770945095, 51127652.77192022]	0.0	0.0	0.0
4434.981332345266	2.0	trials	7.0	0.0	0.0	0.0	0.0	0.0	True	40.0	0.0	0.005	[51127942.77289872, 51128232.77387722, 51128521.774852335, 51128811.77583084, 51129100.77680596, 51129391.77778783, 51129680.778762944, 51129970.77974146, 51130260.78071996, 51130549.78169507, 51194131.99622899, 51194421.99720749, 51194710.99818262, 51195000.99916112, 51195290.00013625, 51195580.00111474, 51195871.00209661, 51196160.00307173, 51196450.00405023, 51196739.00502536]	0.0	0.0	0.0
4442.123698844503	2.0	trials	7.0	0.0	0.0	0.0	0.0	0.0	True	40.0	0.0	0.005	[51197028.006000474, 51197318.006978974, 51197608.00795747, 51197899.00893934, 51198187.00991109, 51198477.01088959, 51198766.011864714, 51199057.01284659, 51199346.01382171, 51199635.01479684, 51269762.25141444, 51270051.25238957, 51270341.25336807, 51270631.25434656, 51270920.255321674, 51271210.25630018, 51271500.25727868, 51271789.2582538, 51272079.2592323, 51272369.26021079]	0.0	0.0	0.0
4447.372602954961	2.0	trials	7.0	0.0	0.0	0.0	0.0	0.0	True	40.0	0.0	0.005	[51272658.26118592, 51272948.262164414, 51273238.26314291, 51273527.26411804, 51273816.26509316, 51274106.26607166, 51274396.26705016, 51274685.26802528, 51274976.269007154, 51275265.26998228, 51338914.48474227, 51339204.48572077, 51339492.486692525, 51339783.487674385, 51340072.48864951, 51340362.48962801, 51340651.490603134, 51340941.49158163, 51341231.492560126, 51341521.493538626]	0.0	0.0	0.0
4454.686214832001	2.0	trials	7.0	0.0	0.0	0.0	0.0	0.0	True	40.0	0.0	0.005	[51341810.49451375, 51342100.49549225, 51342389.49646737, 51342678.49744249, 51342968.49842099, 51343257.499396116, 51343547.500374615, 51343837.50135311, 51344126.50232823, 51344416.50330673, 51421579.763664715, 51421868.76463984, 51422158.76561834, 51422448.76659683, 51422738.76757532, 51423028.76855382, 51423317.769528955, 51423607.770507455, 51423896.77148258, 51424186.772461064]	0.0	0.0	0.0
4462.37255756668	2.0	trials	7.0	0.0	0.0	0.0	0.0	0.0	True	40.0	0.0	0.005	[51424475.77343618, 51424765.774414696, 51425055.775393195, 51425344.77636831, 51425634.777346805, 51425924.778325304, 51426214.779303804, 51426503.78027892, 51426792.781254046, 51427083.78223593, 51482330.96864648, 51482619.9696216, 51482909.970600106, 51483199.97157859, 51483489.97255709, 51483778.97353221, 51484068.97451072, 51484358.97548922, 51484648.97646771, 51484937.97744283]	0.0	0.0	0.0
4469.341345880243	2.0	trials	7.0	0.0	0.0	0.0	0.0	0.0	True	40.0	0.0	0.005	[51485227.97842133, 51485517.97939983, 51485805.98037159, 51486096.98135345, 51486385.98232857, 51486675.98330707, 51486965.98428556, 51487254.9852607, 51487544.98623919, 51487834.98721769, 51566980.2542632, 51567270.255241685, 51567559.256216824, 51567849.25719531, 51568138.25817044, 51568427.25914556, 51568717.26012406, 51569007.26110255, 51569296.26207768, 51569587.26305955]	0.0	0.0	0.0
4476.071237387738	2.0	trials	7.0	0.0	0.0	0.0	0.0	0.0	True	40.0	0.0	0.005	[51569876.26403468, 51570166.265013166, 51570455.26598829, 51570745.26696679, 51571035.26794529, 51571324.26892042, 51571614.26989892, 51571903.270874046, 51572193.27185253, 51572483.27283103, 51655942.55443253, 51656231.55540766, 51656521.55638616, 51656810.55736128, 51657101.55834315, 51657390.559318274, 51657679.5602934, 51657970.56127527, 51658259.5622504, 51658549.5632289]	0.0	0.0	0.0
4483.234858358689	2.0	trials	7.0	0.0	0.0	0.0	0.0	0.0	True	40.0	0.0	0.005	[51658838.56420402, 51659128.565182514, 51659417.56615763, 51659707.56713613, 51659997.56811464, 51660287.56909314, 51660577.57007162, 51660866.57104674, 51661155.57202188, 51661445.57300037, 51736598.82657635, 51736887.82755147, 51737178.82853335, 51737467.829508476, 51737757.830486976, 51738046.83146209, 51738336.832440585, 51738625.83341572, 51738915.83439421, 51739205.83537271]	0.0	0.0	0.0
4491.250904605829	2.0	trials	7.0	0.0	0.0	0.0	0.0	0.0	True	40.0	0.0	0.005	[51739494.83634783, 51739784.83732633, 51740074.83830483, 51740363.83927996, 51740653.84025845, 51740943.84123695, 51741233.84221545, 51741522.84319057, 51741811.84416569, 51742101.84514419, 51814491.089394085, 51814781.09037258, 51815071.09135108, 51815360.092326194, 51815650.09330469, 51815939.09427982, 51816229.09525832, 51816520.096240185, 51816809.0972153, 51817099.09819382]	0.0	0.0	0.0
4496.759527992614	2.0	trials	7.0	0.0	0.0	0.0	0.0	0.0	True	40.0	0.0	0.005	[51817388.09916893, 51817678.100147426, 51817967.10112256, 51818256.10209768, 51818546.10307618, 51818835.1040513, 51819126.10503317, 51819415.106008284, 51819705.1069868, 51819994.107961915, 51897403.36914994, 51897693.37012844, 51897982.371103555, 51898272.372082055, 51898561.37305718, 51898852.374039054, 51899141.37501416, 51899430.375989296, 51899720.376967795, 51900009.37794292]	0.0	0.0	0.0
4503.497627527803	2.0	trials	7.0	0.0	0.0	0.0	0.0	0.0	True	40.0	0.0	0.005	[51900300.37892478, 51900590.37990328, 51900879.380878404, 51901169.3818569, 51901458.382832035, 51901748.383810535, 51902038.38478902, 51902328.38576752, 51902616.38673928, 51902906.38771776, 51990182.68219833, 51990471.68317345, 51990760.68414857, 51991051.68513045, 51991340.686105564, 51991629.68708069, 51991920.68806257, 51992210.68904107, 51992498.69001281, 51992788.69099131]	0.0	0.0	0.0
4511.177490240619	2.0	trials	7.0	0.0	0.0	0.0	0.0	0.0	True	40.0	0.0	0.005	[51993078.691969804, 51993367.692944944, 51993656.69392005, 51993946.694898546, 51994237.69588043, 51994526.69685555, 51994815.69783067, 51995105.69880917, 51995395.69978766, 51995685.70076617, 52053938.89731936, 52054228.89829785, 52054518.899276346, 52054808.900254846, 52055097.90122997, 52055387.90220847, 52055676.90318359, 52055966.90416209, 52056256.905140586, 52056545.9061157]	0.0	0.0	0.0
4517.92708101458	2.0	trials	7.0	0.0	0.0	0.0	0.0	0.0	True	40.0	0.0	0.005	[52056834.90709083, 52057124.90806933, 52057414.90904783, 52057704.91002632, 52057994.91100482, 52058282.91197658, 52058573.91295844, 52058862.91393357, 52059151.914908685, 52059441.915887184, 52131926.16045762, 52132216.1614361, 52132505.162411235, 52132795.163389735, 52133086.16437162, 52133375.16534673, 52133664.16632186, 52133954.16730034, 52134244.16827884, 52134533.169253975]	0.0	0.0	0.0
4524.677103790001	2.0	trials	7.0	0.0	0.0	0.0	0.0	0.0	True	40.0	0.0	0.005	[52134823.17023247, 52135112.1712076, 52135402.1721861, 52135692.1731646, 52135981.174139716, 52136271.17511821, 52136560.176093325, 52136850.177071825, 52137140.178050324, 52137429.17902546, 52220813.46037391, 52221104.46135577, 52221393.46233089, 52221681.46330265, 52221972.46428452, 52222261.465259634, 52222551.46623813, 52222842.46722001, 52223130.46819176, 52223421.46917363]	0.0	0.0	0.0
4531.061826132851	2.0	trials	7.0	0.0	0.0	0.0	0.0	0.0	True	40.0	0.0	0.005	[52223710.47014875, 52224000.47112725, 52224289.472102374, 52224579.47308087, 52224868.474056, 52225158.47503449, 52225448.47601299, 52225737.476988114, 52226027.477966614, 52226317.47894511, 52298934.723964304, 52299223.72493942, 52299513.72591792, 52299802.726893045, 52300092.72787153, 52300381.72884666, 52300671.72982516, 52300961.73080366, 52301250.731778786, 52301540.732757285]	0.0	0.0	0.0
4537.9315133120335	2.0	trials	7.0	0.0	0.0	0.0	0.0	0.0	True	40.0	0.0	0.005	[52301830.73373577, 52302120.73471427, 52302408.73568603, 52302699.7366679, 52302988.73764301, 52303278.738621525, 52303567.73959664, 52303857.74057514, 52304147.74155363, 52304437.74253214, 52377059.98756819, 52377348.98854332, 52377637.989518434, 52377927.99049694, 52378217.99147544, 52378507.99245394, 52378796.99342906, 52379085.99440418, 52379375.995382674, 52379666.996364556]	0.0	0.0	0.0
4544.1354862450125	2.0	trials	7.0	0.0	0.0	0.0	0.0	0.0	True	40.0	0.0	0.005	[52379955.99733967, 52380244.9983148, 52380533.99928992, 52380824.00026842, 52381113.00124354, 52381404.002225414, 52381694.003203906, 52381983.00417904, 52382272.005154155, 52382562.006132655, 52450956.236902885, 52451246.2378814, 52451536.2388599, 52451825.23983501, 52452115.2408135, 52452405.241792, 52452693.242763765, 52452984.243745625, 52453274.244724125, 52453563.24569925]	0.0	0.0	0.0
4549.835399877233	2.0	trials	7.0	0.0	0.0	0.0	0.0	0.0	True	40.0	0.0	0.005	[52453852.24667438, 52454142.24765288, 52454432.248631366, 52454721.24960648, 52455011.25058499, 52455301.25156349, 52455591.25254199, 52455880.253517106, 52456170.2544956, 52456460.255474105, 52530467.505183324, 52530757.506161824, 52531047.50714032, 52531336.508115456, 52531625.50909058, 52531915.51006908, 52532204.5110442, 52532494.5120227, 52532784.513001196, 52533074.513979696]	0.0	0.0	0.0
4557.0295201510935	2.0	trials	7.0	0.0	0.0	0.0	0.0	0.0	True	40.0	0.0	0.005	[52533363.514954805, 52533653.515933305, 52533943.51691182, 52534232.51788694, 52534523.518868804, 52534811.519840546, 52535101.520819046, 52535390.52179418, 52535680.52277268, 52535970.52375118, 52602272.74746273, 52602561.748437844, 52602851.74941635, 52603141.75039485, 52603430.75136997, 52603719.7523451, 52604009.75332359, 52604299.754302084, 52604588.75527721, 52604879.756259084]	0.0	0.0	0.0
4564.460377223733	2.0	trials	7.0	0.0	0.0	0.0	0.0	0.0	True	40.0	0.0	0.005	[52605167.757230826, 52605457.75820933, 52605747.75918783, 52606037.760166325, 52606327.761144824, 52606616.76211995, 52606906.76309845, 52607194.76407019, 52607485.765052065, 52607775.766030565, 52668242.970054075, 52668533.97103594, 52668822.97201106, 52669112.97298956, 52669401.97396469, 52669691.97494319, 52669980.975918315, 52670270.976896815, 52670559.97787194, 52670849.97885044]	0.0	0.0	0.0
4571.051509863038	2.0	trials	7.0	0.0	0.0	0.0	0.0	0.0	True	40.0	0.0	0.005	[52671138.97982556, 52671428.98080404, 52671718.98178254, 52672008.982761055, 52672298.983739555, 52672587.98471467, 52672876.9856898, 52673166.986668296, 52673456.98764678, 52673746.98862528, 52751508.25100099, 52751797.25197612, 52752088.25295799, 52752377.25393312, 52752667.25491162, 52752956.25588675, 52753246.25686523, 52753536.25784373, 52753826.25882223, 52754115.25979736]	0.0	0.0	0.0
4591.319463049643	2.0	trials	8.0	0.0	0.0	0.0	0.0	0.0	True	40.0	0.0	0.005	[52754405.26077586, 52754695.26175435, 52754985.26273285, 52755274.26370797, 52755564.26468647, 52755853.26566159, 52756142.266636714, 52756432.267615214, 52756721.26859034, 52757011.26956884, 52837513.541193046, 52837803.54217153, 52838094.543153405, 52838382.54412515, 52838672.54510366, 52838962.546082154, 52839251.54705727, 52839540.5480324, 52839831.54901427, 52840121.54999277]	0.0	0.0	0.0
4599.228113734418	2.0	trials	8.0	0.0	0.0	0.0	0.0	0.0	True	40.0	0.0	0.005	[52840410.55096789, 52840700.55194639, 52840989.55292151, 52841279.55390001, 52841569.5548785, 52841858.55585363, 52842147.556828745, 52842437.55780725, 52842728.55878913, 52843016.55976087, 52913800.79859529, 52914089.7995704, 52914379.80054891, 52914669.80152741, 52914958.80250253, 52915247.80347765, 52915537.80445614, 52915827.80543464, 52916117.80641314, 52916406.80738827]	0.0	0.0	0.0
4604.7123722389915	2.0	trials	8.0	0.0	0.0	0.0	0.0	0.0	True	40.0	0.0	0.005	[52916697.80837013, 52916986.80934525, 52917275.81032039, 52917565.81129888, 52917855.81227738, 52918144.81325251, 52918434.814231, 52918723.81520612, 52919013.81618462, 52919303.81716311, 53148383.590105414, 53148673.591083914, 53148962.59205903, 53149252.59303753, 53149542.59401603, 53149831.59499115, 53150121.59596965, 53150411.59694815, 53150700.59792327, 53150990.59890177]	0.0	0.0	0.0
4611.662757290458	2.0	trials	8.0	0.0	0.0	0.0	0.0	0.0	True	40.0	0.0	0.005	[53151280.599880256, 53151569.600855395, 53151859.60183389, 53152148.60280901, 53152438.60378751, 53152727.60476263, 53153017.60574113, 53153306.60671625, 53153596.60769475, 53153886.60867324, 53239918.89895639, 53240208.899934895, 53240497.90091001, 53240787.90188851, 53241076.90286364, 53241366.90384213, 53241655.90481726, 53241945.90579575, 53242235.90677425, 53242524.90774937]	0.0	0.0	0.0
4618.745334787959	2.0	trials	8.0	0.0	0.0	0.0	0.0	0.0	True	40.0	0.0	0.005	[53242814.90872788, 53243103.909702994, 53243394.91068486, 53243683.91165998, 53243972.91263511, 53244263.91361699, 53244552.9145921, 53244842.9155706, 53245131.916545734, 53245421.91752422, 53303393.11312591, 53303682.11410103, 53303972.11507953, 53304262.11605803, 53304551.117033154, 53304841.11801165, 53305130.11898678, 53305420.11996527, 53305711.12094714, 53306000.12192226]	0.0	0.0	0.0
4625.879752460375	2.0	trials	8.0	0.0	0.0	0.0	0.0	0.0	True	40.0	0.0	0.005	[53306289.122897394, 53306580.123879254, 53306868.12485101, 53307158.12582952, 53307448.126808, 53307738.1277865, 53308027.12876162, 53308317.129740134, 53308607.13071863, 53308896.13169374, 53383838.38455779, 53384128.385536276, 53384417.38651141, 53384706.38748653, 53384996.388465025, 53385285.38944015, 53385576.39042203, 53385865.39139715, 53386154.39237227, 53386445.39335413]	0.0	0.0	0.0
4633.709951680445	2.0	trials	8.0	0.0	0.0	0.0	0.0	0.0	True	40.0	0.0	0.005	[53386734.394329265, 53387024.39530776, 53387313.39628289, 53387604.397264756, 53387893.39823989, 53388182.39921501, 53388472.4001935, 53388761.40116863, 53389051.40214713, 53389341.40312563, 53465812.661148705, 53466102.662127204, 53466391.66310233, 53466680.66407745, 53466971.66505931, 53467260.66603445, 53467549.66700957, 53467839.66798807, 53468129.66896657, 53468419.66994507]	0.0	0.0	0.0
4640.514147438651	2.0	trials	8.0	0.0	0.0	0.0	0.0	0.0	True	40.0	0.0	0.005	[53468708.670920186, 53468997.67189531, 53469288.672877185, 53469577.67385231, 53469867.674830794, 53470156.67580593, 53470446.676784426, 53470736.677762926, 53471026.67874142, 53471315.67971655, 53548386.93976411, 53548675.94073923, 53548965.94171773, 53549254.94269285, 53549544.94367135, 53549833.94464648, 53550123.94562498, 53550413.94660347, 53550702.94757858, 53550991.94855371]	0.0	0.0	0.0
4646.148396849312	2.0	trials	8.0	0.0	0.0	0.0	0.0	0.0	True	40.0	0.0	0.005	[53551282.94953559, 53551571.95051071, 53551861.95148921, 53552150.952464335, 53552440.95344282, 53552730.95442132, 53553019.95539645, 53553309.95637495, 53553598.957350075, 53553888.958328575, 53639014.245551385, 53639304.24652987, 53639592.24750163, 53639883.24848349, 53640173.24946199, 53640462.25043711, 53640751.25141224, 53641041.252390735, 53641331.25336923, 53641620.25434437]	0.0	0.0	0.0
4653.3678324085895	2.0	trials	8.0	0.0	0.0	0.0	0.0	0.0	True	40.0	0.0	0.005	[53641910.25532285, 53642199.25629797, 53642490.25727985, 53642779.258254975, 53643069.259233475, 53643359.26021197, 53643648.261187084, 53643938.26216559, 53644228.26314409, 53644517.26411921, 53717766.51127085, 53718055.512245975, 53718346.51322785, 53718635.51420296, 53718925.51518146, 53719214.51615659, 53719504.51713509, 53719793.518110216, 53720083.519088715, 53720373.5200672]	0.0	0.0	0.0
4659.486269052959	2.0	trials	8.0	0.0	0.0	0.0	0.0	0.0	True	40.0	0.0	0.005	[53720662.52104233, 53720952.52202083, 53721241.52299595, 53721531.52397444, 53721821.52495294, 53722110.52592807, 53722401.52690994, 53722690.52788506, 53722980.52886356, 53723268.52983531, 53782976.73129786, 53783266.73227635, 53783556.73325485, 53783845.734229974, 53784134.7352051, 53784424.7361836, 53784714.7371621, 53785003.738137215, 53785294.73911909, 53785582.74009084]	0.0	0.0	0.0
4666.524004799158	2.0	trials	8.0	0.0	0.0	0.0	0.0	0.0	True	40.0	0.0	0.005	[53785873.741072714, 53786162.74204783, 53786452.74302634, 53786742.74400484, 53787031.744979955, 53787321.74595844, 53787610.74693357, 53787901.747915454, 53788189.748887196, 53788479.749865696, 53866536.01323677, 53866826.01421527, 53867116.015193775, 53867405.01616889, 53867694.01714402, 53867985.01812588, 53868274.01910101, 53868564.02007951, 53868853.02105463, 53869143.02203313]	0.0	0.0	0.0
4673.004026663561	2.0	trials	8.0	0.0	0.0	0.0	0.0	0.0	True	40.0	0.0	0.005	[53869432.02300825, 53869722.02398676, 53870012.02496526, 53870301.02594037, 53870592.02692224, 53870881.02789737, 53871170.02887249, 53871460.02985099, 53871749.030826114, 53872038.03180123, 53937350.2521724, 53937640.2531509, 53937930.2541294, 53938219.25510453, 53938509.25608303, 53938798.25705814, 53939088.25803665, 53939379.25901851, 53939667.25999026, 53939958.26097214]	0.0	0.0	0.0
4679.208690798872	2.0	trials	8.0	0.0	0.0	0.0	0.0	0.0	True	40.0	0.0	0.005	[53940246.261943884, 53940537.26292577, 53940827.26390425, 53941116.26487937, 53941405.26585451, 53941695.266833, 53941986.26781488, 53942274.268786624, 53942564.26976512, 53942853.27074025, 54018805.527012154, 54019095.527990654, 54019385.528969154, 54019675.529947646, 54019964.53092276, 54020254.53190128, 54020543.532876395, 54020833.533854894, 54021122.53483002, 54021412.5358085]	0.0	0.0	0.0
4686.275889044482	2.0	trials	8.0	0.0	0.0	0.0	0.0	0.0	True	40.0	0.0	0.005	[54021702.536787, 54021992.5377655, 54022281.538740635, 54022571.53971913, 54022860.54069426, 54023150.541672744, 54023440.54265124, 54023730.54362974, 54024019.54460487, 54024309.54558337, 54093806.78007527, 54094095.78105039, 54094385.78202888, 54094675.78300739, 54094964.78398251, 54095254.78496101, 54095544.78593951, 54095834.78691801, 54096123.787893124, 54096412.78886825]	0.0	0.0	0.0
4691.748915511156	2.0	trials	8.0	0.0	0.0	0.0	0.0	0.0	True	40.0	0.0	0.005	[54096702.78984675, 54096992.79082525, 54097282.79180375, 54097571.79277887, 54097861.793757364, 54098150.79473249, 54098440.79571099, 54098729.796686105, 54099019.797664605, 54099309.798643105, 54165619.02237828, 54165909.02335677, 54166198.02433191, 54166488.0253104, 54166778.0262889, 54167068.0272674, 54167357.02824252, 54167647.02922102, 54167937.03019951, 54168226.03117464]	0.0	0.0	0.0
4697.240604440801	2.0	trials	8.0	0.0	0.0	0.0	0.0	0.0	True	40.0	0.0	0.005	[54168515.032149754, 54168805.033128254, 54169095.03410676, 54169385.03508526, 54169674.03606038, 54169963.0370355, 54170253.038014, 54170543.038992494, 54170832.03996762, 54171122.04094612, 54247416.298371986, 54247706.299350485, 54247995.3003256, 54248284.30130073, 54248574.30227923, 54248865.3032611, 54249154.30423621, 54249444.305214725, 54249733.30618984, 54250022.30716497]	0.0	0.0	0.0
4703.473003069693	2.0	trials	8.0	0.0	0.0	0.0	0.0	0.0	True	40.0	0.0	0.005	[54250312.30814347, 54250603.309125334, 54250892.31010045, 54251181.31107558, 54251471.31205408, 54251760.31302919, 54252050.31400771, 54252340.31498621, 54252629.31596132, 54252919.31693981, 54310760.512102865, 54311051.51308473, 54311340.51405986, 54311629.51503497, 54311919.51601347, 54312209.51699197, 54312499.51797049, 54312788.5189456, 54313078.51992409, 54313367.52089923]	0.0	0.0	0.0
4711.266654966447	2.0	trials	8.0	0.0	0.0	0.0	0.0	0.0	True	40.0	0.0	0.005	[54313657.52187771, 54313946.52285284, 54314236.52383134, 54314525.524806455, 54314816.52578834, 54315105.52676347, 54315395.527741954, 54315685.52872045, 54315974.52969557, 54316264.53067408, 54374321.726565935, 54374611.727544434, 54374901.72852292, 54375191.72950142, 54375480.73047655, 54375770.73145505, 54376059.732430175, 54376349.733408675, 54376639.73438716, 54376928.7353623]	0.0	0.0	0.0
4717.435549381067	2.0	trials	8.0	0.0	0.0	0.0	0.0	0.0	True	40.0	0.0	0.005	[54377218.73634079, 54377507.7373159, 54377797.7382944, 54378087.739272915, 54378376.74024803, 54378666.74122653, 54378956.74220502, 54379246.743183516, 54379535.74415864, 54379825.74513714, 54446456.96995879, 54446745.970933914, 54447035.971912414, 54447325.97289091, 54447614.97386604, 54447903.974841155, 54448193.97581965, 54448483.97679815, 54448773.977776654, 54449062.97875177]	0.0	0.0	0.0
4722.8165595372675	2.0	trials	8.0	0.0	0.0	0.0	0.0	0.0	True	40.0	0.0	0.005	[54449352.97973027, 54449641.980705395, 54449931.981683895, 54450220.98265902, 54450510.98363751, 54450801.98461938, 54451090.98559451, 54451380.98657301, 54451669.987548135, 54451959.98852663, 54536660.274315424, 54536951.27529729, 54537240.27627242, 54537530.27725092, 54537819.27822604, 54538109.27920453, 54538398.280179664, 54538688.281158164, 54538978.282136664, 54539267.28311179]	0.0	0.0	0.0
4729.890410605324	2.0	trials	8.0	0.0	0.0	0.0	0.0	0.0	True	40.0	0.0	0.005	[54539557.28409027, 54539847.28506877, 54540136.286043905, 54540425.28701902, 54540716.288000904, 54541005.28897603, 54541295.28995451, 54541584.290929645, 54541875.29191151, 54542164.292886645, 54608060.515228294, 54608348.51620004, 54608639.51718192, 54608928.51815704, 54609218.51913554, 54609508.52011404, 54609797.52108917, 54610087.522067666, 54610376.52304278, 54610666.524021275]	0.0	0.0	0.0
4735.218975784568	2.0	trials	8.0	0.0	0.0	0.0	0.0	0.0	True	40.0	0.0	0.005	[54610956.524999775, 54611245.5259749, 54611535.5269534, 54611825.5279319, 54612114.52890702, 54612404.52988552, 54612693.53086065, 54612983.53183914, 54613273.53281764, 54613563.53379614, 54670339.72536573, 54670630.72634761, 54670919.72732273, 54671208.72829785, 54671498.72927635, 54671788.73025484, 54672078.731233336, 54672367.73220847, 54672657.73318697, 54672946.73416209]	0.0	0.0	0.0
4743.0434725853975	2.0	trials	8.0	0.0	0.0	0.0	0.0	0.0	True	40.0	0.0	0.005	[54673236.73514059, 54673525.73611571, 54673815.73709421, 54674105.73807271, 54674394.739047825, 54674684.74002632, 54674973.74100145, 54675263.74197995, 54675553.74295845, 54675843.74393693, 54752213.00161586, 54752503.00259437, 54752793.00357287, 54753082.00454798, 54753372.005526476, 54753662.00650498, 54753952.00748348, 54754241.0084586, 54754531.0094371, 54754821.0104156]	0.0	0.0	0.0
4751.139093501034	2.0	trials	8.0	0.0	0.0	0.0	0.0	0.0	True	40.0	0.0	0.005	[54755110.01139072, 54755400.012369215, 54755689.01334434, 54755978.014319465, 54756268.015297964, 54756558.016276464, 54756848.01725496, 54757138.01823345, 54757427.01920858, 54757717.02018708, 54813886.20970858, 54814176.21068708, 54814466.21166556, 54814755.21264069, 54815045.21361919, 54815335.21459769, 54815624.21557282, 54815915.21655469, 54816204.2175298, 54816493.21850494]	0.0	0.0	0.0
4757.23869488185	2.0	trials	8.0	0.0	0.0	0.0	0.0	0.0	True	40.0	0.0	0.005	[54816783.21948343, 54817073.22046193, 54817362.22143705, 54817652.22241555, 54817942.22339405, 54818232.22437254, 54818521.22534767, 54818811.22632617, 54819100.227301285, 54819390.228279784, 54904447.515273154, 54904737.51625165, 54905026.51722678, 54905316.51820528, 54905606.51918376, 54905896.52016226, 54906185.521137394, 54906475.52211589, 54906764.523091, 54907054.52406952]	0.0	0.0	0.0
4763.010407156328	2.0	trials	8.0	0.0	0.0	0.0	0.0	0.0	True	40.0	0.0	0.005	[54907344.525048, 54907633.526023135, 54907924.527005, 54908213.52798013, 54908502.52895524, 54908792.52993374, 54909081.530908875, 54909371.53188737, 54909660.5328625, 54909951.53384436, 54998147.831429124, 54998436.83240424, 54998726.83338274, 54999016.83436124, 54999306.83533974, 54999595.83631486, 54999885.837293364, 55000175.838271864, 55000464.83924698, 55000753.840222105]	0.0	0.0	0.0
4771.089352815699	2.0	trials	8.0	0.0	0.0	0.0	0.0	0.0	True	40.0	0.0	0.005	[55001044.84120398, 55001332.84217573, 55001623.8431576, 55001911.84412934, 55002202.84511122, 55002490.84608296, 55002781.847064845, 55003071.84804334, 55003361.84902183, 55003650.84999696, 55068745.06963257, 55069033.07060431, 55069323.07158281, 55069613.072561316, 55069902.07353643, 55070192.07451493, 55070482.075493425, 55070772.07647193, 55071061.07744705, 55071350.078422174]	0.0	0.0	0.0
4776.83514500272	2.0	trials	8.0	0.0	0.0	0.0	0.0	0.0	True	40.0	0.0	0.005	[55071640.07940067, 55071930.08037917, 55072220.08135766, 55072509.08233279, 55072799.08331129, 55073089.08428979, 55073378.085264914, 55073668.08624341, 55073957.08721853, 55074248.0882004, 55135548.29503456, 55135837.29600969, 55136126.29698481, 55136416.297963314, 55136705.29893843, 55136995.29991693, 55137285.30089543, 55137574.301870555, 55137864.30284904, 55138153.30382417]	0.0	0.0	0.0
4782.050266599193	2.0	trials	8.0	0.0	0.0	0.0	0.0	0.0	True	40.0	0.0	0.005	[55138443.30480267, 55138733.30578117, 55139022.306756295, 55139312.307734795, 55139601.30870991, 55139891.30968841, 55140180.310663536, 55140471.31164541, 55140760.31262052, 55141050.31359902, 55229052.6105292, 55229342.6115077, 55229632.6124862, 55229921.61346132, 55230211.61443981, 55230501.61541831, 55230790.61639344, 55231080.61737194, 55231370.61835044, 55231659.61932556]	0.0	0.0	0.0
4787.605286942524	2.0	trials	8.0	0.0	0.0	0.0	0.0	0.0	True	40.0	0.0	0.005	[55231949.62030406, 55232238.62127919, 55232528.62225768, 55232818.62323618, 55233108.62421468, 55233396.62518642, 55233686.62616492, 55233976.62714342, 55234266.628121905, 55234556.629100405, 55295555.83491896, 55295844.83589408, 55296134.83687258, 55296424.837851085, 55296714.838829584, 55297003.8398047, 55297293.840783186, 55297583.841761686, 55297872.84273682, 55298162.84371532]	0.0	0.0	0.0
4794.547377566005	2.0	trials	8.0	0.0	0.0	0.0	0.0	0.0	True	40.0	0.0	0.005	[55298452.84469382, 55298741.84566894, 55299031.84664743, 55299320.847622566, 55299610.84860106, 55299900.84957956, 55300189.85055468, 55300480.85153655, 55300769.85251168, 55301058.8534868, 55355915.038578056, 55356205.03955656, 55356495.04053506, 55356784.04151018, 55357074.04248868, 55357364.04346718, 55357653.0444423, 55357943.045420796, 55358232.04639592, 55358522.04737442]	0.0	0.0	0.0
4802.271131626916	2.0	trials	8.0	0.0	0.0	0.0	0.0	0.0	True	40.0	0.0	0.005	[55358811.048349544, 55359101.049328044, 55359391.05030654, 55359681.051285036, 55359970.05226017, 55360260.05323866, 55360550.05421716, 55360839.05519228, 55361129.056170784, 55361418.0571459, 55420210.25551774, 55420500.25649624, 55420788.25746799, 55421078.258446485, 55421368.259424984, 55421658.260403484, 55421948.261381984, 55422237.26235711, 55422527.26333559, 55422816.26431073]	0.0	0.0	0.0
4808.383174649712	2.0	trials	8.0	0.0	0.0	0.0	0.0	0.0	True	40.0	0.0	0.005	[55423106.265289225, 55423396.266267724, 55423685.26724285, 55423975.26822135, 55424264.269196466, 55424554.27017497, 55424843.27115009, 55425134.272131965, 55425423.273107074, 55425713.274085574, 55500558.52662233, 55500847.52759746, 55501138.52857933, 55501427.52955444, 55501716.53052957, 55502006.53150807, 55502296.53248657, 55502585.5334617, 55502876.53444356, 55503165.53541868]	0.0	0.0	0.0
4814.017078459207	2.0	trials	8.0	0.0	0.0	0.0	0.0	0.0	True	40.0	0.0	0.005	[55503454.5363938, 55503744.53737231, 55504034.53835081, 55504323.53932592, 55504613.54030442, 55504902.541279554, 55505192.542258054, 55505482.54323654, 55505772.54421504, 55506061.54519016, 55589953.828252666, 55590242.82922779, 55590532.83020629, 55590821.831181414, 55591111.832159914, 55591401.833138414, 55591690.83411353, 55591980.83509203, 55592269.83606715, 55592559.83704565]	0.0	0.0	0.0
4819.507384984187	2.0	trials	8.0	0.0	0.0	0.0	0.0	0.0	True	40.0	0.0	0.005	[55592849.83802415, 55593138.83899927, 55593428.83997777, 55593718.84095626, 55594007.841931395, 55594297.84290989, 55594586.84388501, 55594876.84486351, 55595166.84584201, 55595455.846817136, 55660695.066942, 55660984.067917116, 55661274.0688956, 55661564.069874115, 55661853.070849225, 55662143.071827725, 55662432.07280286, 55662722.073781356, 55663012.07475984, 55663301.07573498]	0.0	0.0	0.0
4824.744884256164	2.0	trials	8.0	0.0	0.0	0.0	0.0	0.0	True	40.0	0.0	0.005	[55663591.076713465, 55663880.0776886, 55664170.0786671, 55664460.0796456, 55664750.08062409, 55665039.08159922, 55665328.08257434, 55665619.083556205, 55665908.08453132, 55666198.08550982, 55725901.2869555, 55726191.287934005, 55726481.2889125, 55726770.28988762, 55727061.2908695, 55727350.29184462, 55727639.29281974, 55727929.29379824, 55728220.294780105, 55728508.29575186]	0.0	0.0	0.0
4829.989900353503	2.0	trials	8.0	0.0	0.0	0.0	0.0	0.0	True	40.0	0.0	0.005	[55728798.296730354, 55729088.297708854, 55729378.29868735, 55729667.29966248, 55729957.30064098, 55730245.30161272, 55730536.302594595, 55730826.30357309, 55731115.30454822, 55731405.30552672, 55789446.50136458, 55789736.50234308, 55790025.5033182, 55790315.5042967, 55790605.5052752, 55790895.506253704, 55791185.5072322, 55791474.50820731, 55791765.509189196, 55792054.51016432]	0.0	0.0	0.0
4837.312152259695	2.0	trials	8.0	0.0	0.0	0.0	0.0	0.0	True	40.0	0.0	0.005	[55792343.51113944, 55792633.51211794, 55792922.51309306, 55793212.51407156, 55793501.515046686, 55793791.51602518, 55794080.5170003, 55794371.51798218, 55794661.51896068, 55794949.51993242, 55850066.705904335, 55850356.706882834, 55850646.70786133, 55850935.70883646, 55851225.70981495, 55851514.71079007, 55851804.711768575, 55852094.712747075, 55852383.71372219, 55852673.71470069]	0.0	0.0	0.0
4843.26781075483	2.0	trials	8.0	0.0	0.0	0.0	0.0	0.0	True	40.0	0.0	0.005	[55852963.71567919, 55853252.71665431, 55853542.71763281, 55853831.71860793, 55854121.71958643, 55854410.72056156, 55854700.721540056, 55854990.722518556, 55855279.72349368, 55855568.7244688, 55910771.91073089, 55911062.91171276, 55911351.91268788, 55911640.91366301, 55911931.91464488, 55912220.91562001, 55912510.916598506, 55912799.91757363, 55913089.91855212, 55913378.91952724]	0.0	0.0	0.0
4849.947935694407	2.0	trials	8.0	0.0	0.0	0.0	0.0	0.0	True	40.0	0.0	0.005	[55913669.92050912, 55913958.92148425, 55914247.922459364, 55914537.92343786, 55914826.92441299, 55915116.92539149, 55915407.92637336, 55915696.92734847, 55915986.92832697, 55916275.929302104, 55995520.19668165, 55995811.197663516, 55996100.19863863, 55996389.19961377, 55996679.20059226, 55996969.20157076, 55997259.20254926, 55997548.20352439, 55997838.20450289, 55998127.20547801]	0.0	0.0	0.0
4857.01366513506	2.0	trials	8.0	0.0	0.0	0.0	0.0	0.0	True	40.0	0.0	0.005	[55998417.2064565, 55998707.207435, 55998997.2084135, 55999286.20938863, 55999576.21036712, 55999865.21134224, 56000155.21232074, 56000444.21329587, 56000735.21427774, 56001025.21525624, 56064451.429263785, 56064740.43023892, 56065030.43121742, 56065320.43219592, 56065610.4331744, 56065900.4341529, 56066189.435128026, 56066479.436106525, 56066768.43708166, 56067058.43806015]	0.0	0.0	0.0
4865.02400896296	2.0	trials	8.0	0.0	0.0	0.0	0.0	0.0	True	40.0	0.0	0.005	[56067348.43903865, 56067638.44001714, 56067928.44099564, 56068217.441970766, 56068507.442949265, 56068796.44392439, 56069085.44489951, 56069375.44587801, 56069665.446856506, 56069954.44783163, 56141767.69013803, 56142057.69111651, 56142346.69209164, 56142637.69307351, 56142926.694048636, 56143215.69502375, 56143505.69600226, 56143795.69698075, 56144084.69795587, 56144374.69893437]	0.0	0.0	0.0
4872.272388619898	2.0	trials	8.0	0.0	0.0	0.0	0.0	0.0	True	40.0	0.0	0.005	[56144663.69990949, 56144953.70088799, 56145242.70186312, 56145533.70284498, 56145823.70382349, 56146112.70479861, 56146402.70577711, 56146691.70675223, 56146981.70773073, 56147270.70870586, 56223547.966074355, 56223836.96704948, 56224126.96802798, 56224416.96900647, 56224705.9699816, 56224995.970960096, 56225285.971938595, 56225575.972917095, 56225864.97389222, 56226154.97487072]	0.0	0.0	0.0
4880.011867533867	2.0	trials	8.0	0.0	0.0	0.0	0.0	0.0	True	40.0	0.0	0.005	[56226443.97584584, 56226733.976824336, 56227022.97779945, 56227312.97877795, 56227601.97975308, 56227891.98073158, 56228180.9817067, 56228470.9826852, 56228760.9836637, 56229050.98464219, 56316260.27889669, 56316549.27987181, 56316840.28085368, 56317130.28183218, 56317418.28280392, 56317709.283785805, 56317997.28475755, 56318287.28573605, 56318577.28671455, 56318867.28769303]	0.0	0.0	0.0
4886.956550166093	2.0	trials	8.0	0.0	0.0	0.0	0.0	0.0	True	40.0	0.0	0.005	[56319156.28866816, 56319446.28964666, 56319736.29062516, 56320026.29160366, 56320315.29257879, 56320605.29355727, 56320894.29453241, 56321184.2955109, 56321474.2964894, 56321763.29746453, 56400153.56196256, 56400444.562944435, 56400732.56391618, 56401022.564894676, 56401312.56587318, 56401601.5668483, 56401891.56782679, 56402180.56880193, 56402470.56978042, 56402760.57075892]	0.0	0.0	0.0
4893.295998756184	2.0	trials	8.0	0.0	0.0	0.0	0.0	0.0	True	40.0	0.0	0.005	[56403049.57173404, 56403339.57271254, 56403628.57368767, 56403919.57466953, 56404208.57564466, 56404498.57662316, 56404787.57759828, 56405077.57857678, 56405367.57955528, 56405657.58053377, 56489730.86420699, 56490020.86518549, 56490309.86616062, 56490599.867139116, 56490888.86811423, 56491178.86909274, 56491467.87006786, 56491758.871049725, 56492047.87202484, 56492337.873003356]	0.0	0.0	0.0
4900.22815334614	2.0	trials	8.0	0.0	0.0	0.0	0.0	0.0	True	40.0	0.0	0.005	[56492627.873981856, 56492915.8749536, 56493205.8759321, 56493495.8769106, 56493785.87788908, 56494074.878864214, 56494364.879842706, 56494654.880821206, 56494943.88179634, 56495232.882771455, 56570109.13541281, 56570398.13638793, 56570687.137363054, 56570978.13834491, 56571267.13932004, 56571556.14029518, 56571846.14127367, 56572135.14224878, 56572426.14323066, 56572715.144205794]	0.0	0.0	0.0
4906.09456034013	2.0	trials	8.0	0.0	0.0	0.0	0.0	0.0	True	40.0	0.0	0.005	[56573004.14518091, 56573294.14615941, 56573584.147137895, 56573874.1481164, 56574163.14909152, 56574453.15007002, 56574743.15104852, 56575032.15202364, 56575322.153002135, 56575612.153980635, 56643481.38297945, 56643772.383961335, 56644061.38493646, 56644351.38591495, 56644640.38689007, 56644930.387868576, 56645219.38884369, 56645510.389825575, 56645799.39080069, 56646089.39177919]	0.0	0.0	0.0
4912.694333008586	2.0	trials	8.0	0.0	0.0	0.0	0.0	0.0	True	40.0	0.0	0.005	[56646378.39275432, 56646668.39373281, 56646958.3947113, 56647247.39568643, 56647537.39666493, 56647827.39764343, 56648116.39861856, 56648405.39959367, 56648695.40057218, 56648985.40155067, 56723715.65369939, 56724005.65467789, 56724294.655653015, 56724584.656631514, 56724874.657610014, 56725163.65858514, 56725453.65956364, 56725743.66054213, 56726033.66152063, 56726322.662495755]	0.0	0.0	0.0
4935.475670675664	2.0	trials	9.0	0.0	0.0	0.0	0.0	0.0	True	5.0	0.0	0.01	[56726611.66347087, 56726901.66444937, 56727191.66542787, NaN, NaN, NaN, NaN, NaN, NaN, NaN, NaN, NaN, NaN, NaN, NaN, NaN, NaN, NaN, NaN, NaN]	0.0	0.0	0.0
4943.048310626698	2.0	trials	9.0	0.0	0.0	0.0	0.0	0.0	True	5.0	0.0	0.01	[56727481.66640637, 56727770.66738149, 56728059.66835662, NaN, NaN, NaN, NaN, NaN, NaN, NaN, NaN, NaN, NaN, NaN, NaN, NaN, NaN, NaN, NaN, NaN]	0.0	0.0	0.0
4950.962145328965	2.0	trials	9.0	0.0	0.0	0.0	0.0	0.0	True	5.0	0.0	0.01	[56728349.66933511, 56728639.67031361, 56728928.671288736, NaN, NaN, NaN, NaN, NaN, NaN, NaN, NaN, NaN, NaN, NaN, NaN, NaN, NaN, NaN, NaN, NaN]	0.0	0.0	0.0
4957.502042595394	2.0	trials	9.0	0.0	0.0	0.0	0.0	0.0	True	5.0	0.0	0.01	[56729219.672270596, 56791612.88279269, 56791902.88377118, NaN, NaN, NaN, NaN, NaN, NaN, NaN, NaN, NaN, NaN, NaN, NaN, NaN, NaN, NaN, NaN, NaN]	0.0	0.0	0.0
4964.654690729322	2.0	trials	9.0	0.0	0.0	0.0	0.0	0.0	True	5.0	0.0	0.01	[56792191.88474631, 56792482.88572818, 56792771.88670331, NaN, NaN, NaN, NaN, NaN, NaN, NaN, NaN, NaN, NaN, NaN, NaN, NaN, NaN, NaN, NaN, NaN]	0.0	0.0	0.0
4971.5242915082135	2.0	trials	9.0	0.0	0.0	0.0	0.0	0.0	True	5.0	0.0	0.01	[56793061.8876818, 56793351.8886603, 56793640.88963542, NaN, NaN, NaN, NaN, NaN, NaN, NaN, NaN, NaN, NaN, NaN, NaN, NaN, NaN, NaN, NaN, NaN]	0.0	0.0	0.0
4978.3523337468805	2.0	trials	9.0	0.0	0.0	0.0	0.0	0.0	True	5.0	0.0	0.01	[56793929.89061055, 56794220.89159242, 56794509.89256755, NaN, NaN, NaN, NaN, NaN, NaN, NaN, NaN, NaN, NaN, NaN, NaN, NaN, NaN, NaN, NaN, NaN]	0.0	0.0	0.0
4985.480271397432	2.0	trials	9.0	0.0	0.0	0.0	0.0	0.0	True	5.0	0.0	0.01	[56794798.89354266, 56795088.89452118, 56795378.89549966, NaN, NaN, NaN, NaN, NaN, NaN, NaN, NaN, NaN, NaN, NaN, NaN, NaN, NaN, NaN, NaN, NaN]	0.0	0.0	0.0
4993.346153937902	2.0	trials	9.0	0.0	0.0	0.0	0.0	0.0	True	5.0	0.0	0.01	[56795667.89647478, 56795957.89745328, 56796247.898431785, NaN, NaN, NaN, NaN, NaN, NaN, NaN, NaN, NaN, NaN, NaN, NaN, NaN, NaN, NaN, NaN, NaN]	0.0	0.0	0.0
4999.49621308897	2.0	trials	9.0	0.0	0.0	0.0	0.0	0.0	True	5.0	0.0	0.01	[56796537.899410285, 56796826.9003854, 56797116.901363894, NaN, NaN, NaN, NaN, NaN, NaN, NaN, NaN, NaN, NaN, NaN, NaN, NaN, NaN, NaN, NaN, NaN]	0.0	0.0	0.0
5005.509241377678	2.0	trials	9.0	0.0	0.0	0.0	0.0	0.0	True	5.0	0.0	0.01	[56868001.14053571, 56868290.141510844, 56868579.14248597, NaN, NaN, NaN, NaN, NaN, NaN, NaN, NaN, NaN, NaN, NaN, NaN, NaN, NaN, NaN, NaN, NaN]	0.0	0.0	0.0
5011.304108930284	2.0	trials	9.0	0.0	0.0	0.0	0.0	0.0	True	5.0	0.0	0.01	[56868869.14346447, 56869159.14444297, 56869448.145418085, NaN, NaN, NaN, NaN, NaN, NaN, NaN, NaN, NaN, NaN, NaN, NaN, NaN, NaN, NaN, NaN, NaN]	0.0	0.0	0.0
5017.28689711696	2.0	trials	9.0	0.0	0.0	0.0	0.0	0.0	True	5.0	0.0	0.01	[56869738.146396585, 56870027.14737171, 56870317.14835021, NaN, NaN, NaN, NaN, NaN, NaN, NaN, NaN, NaN, NaN, NaN, NaN, NaN, NaN, NaN, NaN, NaN]	0.0	0.0	0.0
5024.950862176135	2.0	trials	9.0	0.0	0.0	0.0	0.0	0.0	True	5.0	0.0	0.01	[56870606.14932533, 56870896.150303826, 56871186.151282325, NaN, NaN, NaN, NaN, NaN, NaN, NaN, NaN, NaN, NaN, NaN, NaN, NaN, NaN, NaN, NaN, NaN]	0.0	0.0	0.0
5031.593489389188	2.0	trials	9.0	0.0	0.0	0.0	0.0	0.0	True	5.0	0.0	0.01	[56871476.152260825, 56871765.15323595, 56872055.15421445, NaN, NaN, NaN, NaN, NaN, NaN, NaN, NaN, NaN, NaN, NaN, NaN, NaN, NaN, NaN, NaN, NaN]	0.0	0.0	0.0
5036.732751529701	2.0	trials	9.0	0.0	0.0	0.0	0.0	0.0	True	5.0	0.0	0.01	[56872344.155189574, 56872634.15616807, 56872923.15714319, NaN, NaN, NaN, NaN, NaN, NaN, NaN, NaN, NaN, NaN, NaN, NaN, NaN, NaN, NaN, NaN, NaN]	0.0	0.0	0.0
5044.604509289994	2.0	trials	9.0	0.0	0.0	0.0	0.0	0.0	True	5.0	0.0	0.01	[56873213.158121675, 56873503.159100175, 57131720.03035451, NaN, NaN, NaN, NaN, NaN, NaN, NaN, NaN, NaN, NaN, NaN, NaN, NaN, NaN, NaN, NaN, NaN]	0.0	0.0	0.0
5051.697109221312	2.0	trials	9.0	0.0	0.0	0.0	0.0	0.0	True	5.0	0.0	0.01	[57134038.03817573, 57136355.04599359, 57219367.326086864, NaN, NaN, NaN, NaN, NaN, NaN, NaN, NaN, NaN, NaN, NaN, NaN, NaN, NaN, NaN, NaN, NaN]	0.0	0.0	0.0
5059.586492641077	2.0	trials	9.0	0.0	0.0	0.0	0.0	0.0	True	5.0	0.0	0.01	[57221684.33390472, 57224001.34172258, 57310962.63514029, NaN, NaN, NaN, NaN, NaN, NaN, NaN, NaN, NaN, NaN, NaN, NaN, NaN, NaN, NaN, NaN, NaN]	0.0	0.0	0.0
5067.290806636395	2.0	trials	9.0	0.0	0.0	0.0	0.0	0.0	True	5.0	0.0	0.01	[57313279.64295814, 57315596.65077601, 57386655.8905383, NaN, NaN, NaN, NaN, NaN, NaN, NaN, NaN, NaN, NaN, NaN, NaN, NaN, NaN, NaN, NaN, NaN]	0.0	0.0	0.0
5072.776274745049	2.0	trials	9.0	0.0	0.0	0.0	0.0	0.0	True	5.0	0.0	0.01	[57388972.89835616, 57391289.90617402, 57469441.16986564, NaN, NaN, NaN, NaN, NaN, NaN, NaN, NaN, NaN, NaN, NaN, NaN, NaN, NaN, NaN, NaN, NaN]	0.0	0.0	0.0
5079.044875096089	2.0	trials	9.0	0.0	0.0	0.0	0.0	0.0	True	5.0	0.0	0.01	[57471758.1776835, 57474075.18550136, 57548950.438139334, NaN, NaN, NaN, NaN, NaN, NaN, NaN, NaN, NaN, NaN, NaN, NaN, NaN, NaN, NaN, NaN, NaN]	0.0	0.0	0.0
5086.317878836112	2.0	trials	9.0	0.0	0.0	0.0	0.0	0.0	True	5.0	0.0	0.01	[57551267.445957184, 57553584.453775056, 57627977.70478669, NaN, NaN, NaN, NaN, NaN, NaN, NaN, NaN, NaN, NaN, NaN, NaN, NaN, NaN, NaN, NaN, NaN]	0.0	0.0	0.0
5093.553298449321	2.0	trials	9.0	0.0	0.0	0.0	0.0	0.0	True	5.0	0.0	0.01	[57630294.712604545, 57632611.72042241, 57710476.98314903, NaN, NaN, NaN, NaN, NaN, NaN, NaN, NaN, NaN, NaN, NaN, NaN, NaN, NaN, NaN, NaN, NaN]	0.0	0.0	0.0
5100.987179532165	2.0	trials	9.0	0.0	0.0	0.0	0.0	0.0	True	5.0	0.0	0.01	[57712794.99097026, 57715111.99878811, 57801518.2903332, NaN, NaN, NaN, NaN, NaN, NaN, NaN, NaN, NaN, NaN, NaN, NaN, NaN, NaN, NaN, NaN, NaN]	0.0	0.0	0.0
5108.744888907645	2.0	trials	9.0	0.0	0.0	0.0	0.0	0.0	True	5.0	0.0	0.01	[57803835.29815104, 57806152.305968896, 57872698.53050375, NaN, NaN, NaN, NaN, NaN, NaN, NaN, NaN, NaN, NaN, NaN, NaN, NaN, NaN, NaN, NaN, NaN]	0.0	0.0	0.0
5114.601532668692	2.0	trials	9.0	0.0	0.0	0.0	0.0	0.0	True	5.0	0.0	0.01	[57875015.53832161, 57877333.54614285, 57942293.76532631, NaN, NaN, NaN, NaN, NaN, NaN, NaN, NaN, NaN, NaN, NaN, NaN, NaN, NaN, NaN, NaN, NaN]	0.0	0.0	0.0
5122.34723240365	2.0	trials	9.0	0.0	0.0	0.0	0.0	0.0	True	5.0	0.0	0.01	[57944610.77314418, 57946927.780962035, 58009364.99163258, NaN, NaN, NaN, NaN, NaN, NaN, NaN, NaN, NaN, NaN, NaN, NaN, NaN, NaN, NaN, NaN, NaN]	0.0	0.0	0.0
5129.476034057117	2.0	trials	9.0	0.0	0.0	0.0	0.0	0.0	True	5.0	0.0	0.01	[58011681.99945044, 58013999.007268295, 58078610.22527421, NaN, NaN, NaN, NaN, NaN, NaN, NaN, NaN, NaN, NaN, NaN, NaN, NaN, NaN, NaN, NaN, NaN]	0.0	0.0	0.0
5136.267269771594	2.0	trials	9.0	0.0	0.0	0.0	0.0	0.0	True	5.0	0.0	0.01	[58080927.23309207, 58083244.240909934, 58167313.52456965, NaN, NaN, NaN, NaN, NaN, NaN, NaN, NaN, NaN, NaN, NaN, NaN, NaN, NaN, NaN, NaN, NaN]	0.0	0.0	0.0
5156.170613727963	2.0	trials	10.0	0.0	0.0	0.0	0.0	0.0	True	10.0	0.0	0.005	[58169630.53238751, 58171947.54020536, 58244195.7839795, 58246512.79179735, 58248829.79961522, NaN, NaN, NaN, NaN, NaN, NaN, NaN, NaN, NaN, NaN, NaN, NaN, NaN, NaN, NaN]	0.0	0.0	0.0
5161.847890483803	2.0	trials	10.0	0.0	0.0	0.0	0.0	0.0	True	10.0	0.0	0.005	[58303677.9846795, 58305994.992497355, 58308312.00031522, 58394785.29208635, 58397103.299907565, NaN, NaN, NaN, NaN, NaN, NaN, NaN, NaN, NaN, NaN, NaN, NaN, NaN, NaN, NaN]	0.0	0.0	0.0
5167.5291416530545	2.0	trials	10.0	0.0	0.0	0.0	0.0	0.0	True	10.0	0.0	0.005	[58399419.30772206, 58476876.56907203, 58479193.576889895, 58481510.58470775, 58568188.87717058, NaN, NaN, NaN, NaN, NaN, NaN, NaN, NaN, NaN, NaN, NaN, NaN, NaN, NaN, NaN]	0.0	0.0	0.0
5174.0256659731385	2.0	trials	10.0	0.0	0.0	0.0	0.0	0.0	True	10.0	0.0	0.005	[58570505.884988435, 58572822.8928063, 58657359.17804175, 58659676.185859606, 58661993.193677455, NaN, NaN, NaN, NaN, NaN, NaN, NaN, NaN, NaN, NaN, NaN, NaN, NaN, NaN, NaN]	0.0	0.0	0.0
5179.702769928396	2.0	trials	10.0	0.0	0.0	0.0	0.0	0.0	True	10.0	0.0	0.005	[58720848.39226188, 58723165.40007973, 58725482.40789759, 58793401.637065105, 58795718.64488297, NaN, NaN, NaN, NaN, NaN, NaN, NaN, NaN, NaN, NaN, NaN, NaN, NaN, NaN, NaN]	0.0	0.0	0.0
5185.834857818827	2.0	trials	10.0	0.0	0.0	0.0	0.0	0.0	True	10.0	0.0	0.005	[58798035.65270083, 58877579.92109263, 58879896.92891048, 58882213.936728336, 58961323.203652374, NaN, NaN, NaN, NaN, NaN, NaN, NaN, NaN, NaN, NaN, NaN, NaN, NaN, NaN, NaN]	0.0	0.0	0.0
5193.39505612788	2.0	trials	10.0	0.0	0.0	0.0	0.0	0.0	True	10.0	0.0	0.005	[58963640.21147024, 58965957.21928809, 59047363.49396251, 59049680.50178037, 59051997.50959823, NaN, NaN, NaN, NaN, NaN, NaN, NaN, NaN, NaN, NaN, NaN, NaN, NaN, NaN, NaN]	0.0	0.0	0.0
5199.299738451015	2.0	trials	10.0	0.0	0.0	0.0	0.0	0.0	True	10.0	0.0	0.005	[59137151.796918884, 59139468.80473674, 59141785.812554605, 59204936.025630906, 59207253.033448756, NaN, NaN, NaN, NaN, NaN, NaN, NaN, NaN, NaN, NaN, NaN, NaN, NaN, NaN, NaN]	0.0	0.0	0.0
5204.867200436327	2.0	trials	10.0	0.0	0.0	0.0	0.0	0.0	True	10.0	0.0	0.005	[59209571.041269995, 59294585.32811828, 59296903.335939504, 59299220.34375736, 59377095.60651773, NaN, NaN, NaN, NaN, NaN, NaN, NaN, NaN, NaN, NaN, NaN, NaN, NaN, NaN, NaN]	0.0	0.0	0.0
5212.835121721088	2.0	trials	10.0	0.0	0.0	0.0	0.0	0.0	True	10.0	0.0	0.005	[59379412.614335574, 59381729.62215343, 59455697.87173107, 59458014.87954894, 59460331.887366794, NaN, NaN, NaN, NaN, NaN, NaN, NaN, NaN, NaN, NaN, NaN, NaN, NaN, NaN, NaN]	0.0	0.0	0.0
5219.483105752218	2.0	trials	10.0	0.0	0.0	0.0	0.0	0.0	True	10.0	0.0	0.005	[59686012.64884043, 59687170.65274767, 59688329.65665828, 59689487.66056553, 59690646.66447615, NaN, NaN, NaN, NaN, NaN, NaN, NaN, NaN, NaN, NaN, NaN, NaN, NaN, NaN, NaN]	0.0	0.0	0.0
5226.875255494254	2.0	trials	10.0	0.0	0.0	0.0	0.0	0.0	True	10.0	0.0	0.005	[59751720.87054775, 59752879.874458365, 59754038.87836899, 59755197.8822796, 59756354.88618347, NaN, NaN, NaN, NaN, NaN, NaN, NaN, NaN, NaN, NaN, NaN, NaN, NaN, NaN, NaN]	0.0	0.0	0.0
5232.125714809959	2.0	trials	10.0	0.0	0.0	0.0	0.0	0.0	True	10.0	0.0	0.005	[59817477.09241704, 59818635.096324265, 59819794.10023489, 59820953.104145505, 59822112.10805612, NaN, NaN, NaN, NaN, NaN, NaN, NaN, NaN, NaN, NaN, NaN, NaN, NaN, NaN, NaN]	0.0	0.0	0.0
5238.479678649026	2.0	trials	10.0	0.0	0.0	0.0	0.0	0.0	True	10.0	0.0	0.005	[59892667.34611786, 59893825.3500251, 59894984.353935726, 59896143.35784634, 59897302.36175695, NaN, NaN, NaN, NaN, NaN, NaN, NaN, NaN, NaN, NaN, NaN, NaN, NaN, NaN, NaN]	0.0	0.0	0.0
5246.5434178570895	2.0	trials	10.0	0.0	0.0	0.0	0.0	0.0	True	10.0	0.0	0.005	[59958374.56782181, 59959533.571732424, 59960691.575639665, 59961850.57955028, 59963009.58346089, NaN, NaN, NaN, NaN, NaN, NaN, NaN, NaN, NaN, NaN, NaN, NaN, NaN, NaN, NaN]	0.0	0.0	0.0
5252.105263823452	2.0	trials	10.0	0.0	0.0	0.0	0.0	0.0	True	10.0	0.0	0.005	[60029347.80729392, 60030505.81120118, 60031664.815111786, 60032823.8190224, 60033981.82292964, NaN, NaN, NaN, NaN, NaN, NaN, NaN, NaN, NaN, NaN, NaN, NaN, NaN, NaN, NaN]	0.0	0.0	0.0
5260.12623488721	2.0	trials	10.0	0.0	0.0	0.0	0.0	0.0	True	10.0	0.0	0.005	[60116851.10254041, 60118009.10644765, 60119168.11035827, 60120326.11426551, 60121485.118176125, NaN, NaN, NaN, NaN, NaN, NaN, NaN, NaN, NaN, NaN, NaN, NaN, NaN, NaN, NaN]	0.0	0.0	0.0
5267.411853069796	2.0	trials	10.0	0.0	0.0	0.0	0.0	0.0	True	10.0	0.0	0.005	[60185191.33312844, 60186350.33703905, 60187509.34094968, 60188667.34485692, 60189826.34876754, NaN, NaN, NaN, NaN, NaN, NaN, NaN, NaN, NaN, NaN, NaN, NaN, NaN, NaN, NaN]	0.0	0.0	0.0
5273.189699764972	2.0	trials	10.0	0.0	0.0	0.0	0.0	0.0	True	10.0	0.0	0.005	[60249630.550554, 60250788.55446124, 60251947.55837186, 60253106.56228248, 60254264.56618972, NaN, NaN, NaN, NaN, NaN, NaN, NaN, NaN, NaN, NaN, NaN, NaN, NaN, NaN, NaN]	0.0	0.0	0.0
5278.39384852442	2.0	trials	10.0	0.0	0.0	0.0	0.0	0.0	True	10.0	0.0	0.005	[60341851.86171963, 60343009.86562687, 60344168.869537495, 60345327.87344811, 60346484.87735198, NaN, NaN, NaN, NaN, NaN, NaN, NaN, NaN, NaN, NaN, NaN, NaN, NaN, NaN, NaN]	0.0	0.0	0.0
5284.097563769467	2.0	trials	10.0	0.0	0.0	0.0	0.0	0.0	True	10.0	0.0	0.005	[60418796.12133868, 60419954.12524593, 60421113.129156545, 60422271.13306378, 60423429.13697102, NaN, NaN, NaN, NaN, NaN, NaN, NaN, NaN, NaN, NaN, NaN, NaN, NaN, NaN, NaN]	0.0	0.0	0.0
5289.9176602072	2.0	trials	10.0	0.0	0.0	0.0	0.0	0.0	True	10.0	0.0	0.005	[60504352.41001574, 60505511.413926356, 60506670.41783697, 60507828.42174421, 60508987.42565483, NaN, NaN, NaN, NaN, NaN, NaN, NaN, NaN, NaN, NaN, NaN, NaN, NaN, NaN, NaN]	0.0	0.0	0.0
5297.330373218619	2.0	trials	10.0	0.0	0.0	0.0	0.0	0.0	True	10.0	0.0	0.005	[60565120.61505486, 60566280.61896885, 60567439.62287947, 60568597.62678671, 60569755.63069395, NaN, NaN, NaN, NaN, NaN, NaN, NaN, NaN, NaN, NaN, NaN, NaN, NaN, NaN, NaN]	0.0	0.0	0.0
5304.8202416903705	2.0	trials	10.0	0.0	0.0	0.0	0.0	0.0	True	10.0	0.0	0.005	[60638663.86319849, 60639821.86710573, 60640981.87101971, 60642139.87492697, 60643297.87883421, NaN, NaN, NaN, NaN, NaN, NaN, NaN, NaN, NaN, NaN, NaN, NaN, NaN, NaN, NaN]	0.0	0.0	0.0
5310.556875446489	2.0	trials	10.0	0.0	0.0	0.0	0.0	0.0	True	10.0	0.0	0.005	[60731994.178106025, 60733152.18201327, 60734311.18592389, 60735469.18983113, 60736627.19373838, NaN, NaN, NaN, NaN, NaN, NaN, NaN, NaN, NaN, NaN, NaN, NaN, NaN, NaN, NaN]	0.0	0.0	0.0
5316.540268435204	2.0	trials	10.0	0.0	0.0	0.0	0.0	0.0	True	10.0	0.0	0.005	[60796366.39530552, 60797526.399219505, 60798684.40312675, 60799842.407033995, 60801001.4109446, NaN, NaN, NaN, NaN, NaN, NaN, NaN, NaN, NaN, NaN, NaN, NaN, NaN, NaN, NaN]	0.0	0.0	0.0
5322.498000537336	2.0	trials	10.0	0.0	0.0	0.0	0.0	0.0	True	10.0	0.0	0.005	[60889202.70854624, 60890360.712453485, 60891519.7163641, 60892677.72027134, 60893836.724181965, NaN, NaN, NaN, NaN, NaN, NaN, NaN, NaN, NaN, NaN, NaN, NaN, NaN, NaN, NaN]	0.0	0.0	0.0
5328.012067142486	2.0	trials	10.0	0.0	0.0	0.0	0.0	0.0	True	10.0	0.0	0.005	[60973526.99306637, 60974684.9969736, 60975843.00088085, 60977002.00479147, 60978161.00870208, NaN, NaN, NaN, NaN, NaN, NaN, NaN, NaN, NaN, NaN, NaN, NaN, NaN, NaN, NaN]	0.0	0.0	0.0
5335.175947314312	2.0	trials	10.0	0.0	0.0	0.0	0.0	0.0	True	10.0	0.0	0.005	[61040399.21870118, 61041557.22260842, 61042715.22651566, 61043874.23042628, 61045034.23434027, NaN, NaN, NaN, NaN, NaN, NaN, NaN, NaN, NaN, NaN, NaN, NaN, NaN, NaN, NaN]	0.0	0.0	0.0
5341.763969543122	2.0	trials	10.0	0.0	0.0	0.0	0.0	0.0	True	10.0	0.0	0.005	[61100632.42193513, 61101791.42584576, 61102949.429753, 61104107.43366024, 61105267.43757424, NaN, NaN, NaN, NaN, NaN, NaN, NaN, NaN, NaN, NaN, NaN, NaN, NaN, NaN, NaN]	0.0	0.0	0.0
5364.718539794709	2.0	trials	11.0	0.0	0.0	0.0	0.0	0.0	True	20.0	0.0	0.005	[61166648.6446817, 61167807.648592316, 61168966.652502924, 61170124.65641018, 61171282.66031742, 61234009.87196646, 61235167.8758737, 61236326.879784316, 61237485.88369494, 61238644.887605555, NaN, NaN, NaN, NaN, NaN, NaN, NaN, NaN, NaN, NaN]	0.0	0.0	0.0
5370.11890361621	2.0	trials	11.0	0.0	0.0	0.0	0.0	0.0	True	20.0	0.0	0.005	[61319806.16145331, 61320963.16535717, 61322123.16927117, 61323281.1731784, 61324440.17708902, 61406493.4539465, 61407652.45785712, 61408811.46176773, 61409970.46567836, 61411128.46958558, NaN, NaN, NaN, NaN, NaN, NaN, NaN, NaN, NaN, NaN]	0.0	0.0	0.0
5377.355187232335	2.0	trials	11.0	0.0	0.0	0.0	0.0	0.0	True	20.0	0.0	0.005	[61472890.677978605, 61474047.68188246, 61475206.68579308, 61476365.6897037, 61477523.693610944, 61542142.91164384, 61543300.91555109, 61544459.919461705, 61545618.92337232, 61546776.92727956, NaN, NaN, NaN, NaN, NaN, NaN, NaN, NaN, NaN, NaN]	0.0	0.0	0.0
5385.383070319415	2.0	trials	11.0	0.0	0.0	0.0	0.0	0.0	True	20.0	0.0	0.005	[61611097.1443036, 61612255.14821082, 61613415.15212482, 61614572.156028695, 61615732.15994268, 61674918.359643936, 61676077.36355455, 61677235.36746179, 61678394.3713724, 61679552.37527966, NaN, NaN, NaN, NaN, NaN, NaN, NaN, NaN, NaN, NaN]	0.0	0.0	0.0
5393.27927936221	2.0	trials	11.0	0.0	0.0	0.0	0.0	0.0	True	20.0	0.0	0.005	[61757833.6394099, 61758992.64332053, 61760150.64722777, 61761308.65113501, 61762468.655049, 61834083.896687314, 61835242.90059793, 61836400.90450517, 61837559.90841579, 61838717.912323035, NaN, NaN, NaN, NaN, NaN, NaN, NaN, NaN, NaN, NaN]	0.0	0.0	0.0
5400.562996738383	2.0	trials	11.0	0.0	0.0	0.0	0.0	0.0	True	20.0	0.0	0.005	[62099760.793112636, 62100341.79507302, 62100920.79702663, 62101498.798976876, 62102078.800933875, 62102657.80288749, 62103236.804841116, 62103815.80679474, 62104395.80875173, 62104975.81070872, NaN, NaN, NaN, NaN, NaN, NaN, NaN, NaN, NaN, NaN]	0.0	0.0	0.0
5406.3977812256735	2.0	trials	11.0	0.0	0.0	0.0	0.0	0.0	True	20.0	0.0	0.005	[62162265.00400925, 62162845.005966246, 62163425.007923245, 62164003.0098735, 62164583.01183049, 62165162.01378411, 62165741.01573773, 62166321.01769473, 62166900.01964834, 62167479.02160197, NaN, NaN, NaN, NaN, NaN, NaN, NaN, NaN, NaN, NaN]	0.0	0.0	0.0
5414.411494664944	2.0	trials	11.0	0.0	0.0	0.0	0.0	0.0	True	20.0	0.0	0.005	[62246019.28660612, 62246598.28855974, 62247177.290513374, 62247756.292467, 62248336.29442398, 62248915.296377614, 62249495.2983346, 62250074.30028822, 62250653.30224184, 62251232.30419546, NaN, NaN, NaN, NaN, NaN, NaN, NaN, NaN, NaN, NaN]	0.0	0.0	0.0
5421.653480700309	2.0	trials	11.0	0.0	0.0	0.0	0.0	0.0	True	20.0	0.0	0.005	[62338933.600110024, 62339512.60206365, 62340092.60402065, 62340671.605974264, 62341250.60792788, 62341830.60988489, 62342409.6118385, 62342989.613795504, 62343568.61574912, 62344147.617702745, NaN, NaN, NaN, NaN, NaN, NaN, NaN, NaN, NaN, NaN]	0.0	0.0	0.0
5427.359528753228	2.0	trials	11.0	0.0	0.0	0.0	0.0	0.0	True	20.0	0.0	0.005	[62430325.908478506, 62430904.91043212, 62431483.91238575, 62432062.91433936, 62432641.91629299, 62433221.91824998, 62433800.920203604, 62434379.92215723, 62434958.92411085, 62435538.926067844, NaN, NaN, NaN, NaN, NaN, NaN, NaN, NaN, NaN, NaN]	0.0	0.0	0.0
5432.585536786431	2.0	trials	11.0	0.0	0.0	0.0	0.0	0.0	True	20.0	0.0	0.005	[62514628.1929244, 62515207.19487803, 62515786.19683164, 62516366.198788635, 62516945.20074225, 62517524.20269588, 62518104.20465287, 62518682.206603125, 62519262.20856012, 62519841.21051373, NaN, NaN, NaN, NaN, NaN, NaN, NaN, NaN, NaN, NaN]	0.0	0.0	0.0
5438.015708708509	2.0	trials	11.0	0.0	0.0	0.0	0.0	0.0	True	20.0	0.0	0.005	[62582160.420786135, 62582740.422743134, 62583318.424693376, 62583898.426650375, 62584477.42860399, 62585056.430557616, 62585635.43251124, 62586214.43446486, 62586794.43642186, 62587374.438378856, NaN, NaN, NaN, NaN, NaN, NaN, NaN, NaN, NaN, NaN]	0.0	0.0	0.0
5445.359387887	2.0	trials	11.0	0.0	0.0	0.0	0.0	0.0	True	20.0	0.0	0.005	[62674911.733740054, 62675489.735690296, 62676069.737647295, 62676648.73960092, 62677227.741554536, 62677807.743511535, 62678386.74546516, 62678966.74742215, 62679545.749375775, 62680124.7513294, NaN, NaN, NaN, NaN, NaN, NaN, NaN, NaN, NaN, NaN]	0.0	0.0	0.0
5450.831723151343	2.0	trials	11.0	0.0	0.0	0.0	0.0	0.0	True	20.0	0.0	0.005	[62758731.01655624, 62759310.018509865, 62759889.0204635, 62760469.02242049, 62761048.024374105, 62761627.02632772, 62762207.02828473, 62762785.03023497, 62763366.032195345, 62763945.03414896, NaN, NaN, NaN, NaN, NaN, NaN, NaN, NaN, NaN, NaN]	0.0	0.0	0.0
5456.537771204262	2.0	trials	11.0	0.0	0.0	0.0	0.0	0.0	True	20.0	0.0	0.005	[62824772.23938717, 62825351.24134077, 62825931.24329777, 62826510.245251395, 62827090.24720839, 62827669.24916201, 62828249.25111901, 62828826.25306588, 62829407.25502625, 62829985.25697649, NaN, NaN, NaN, NaN, NaN, NaN, NaN, NaN, NaN, NaN]	0.0	0.0	0.0
5464.2477876188195	2.0	trials	11.0	0.0	0.0	0.0	0.0	0.0	True	20.0	0.0	0.005	[62885258.44347477, 62885838.445431784, 62886417.447385386, 62886996.44933901, 62887576.45129601, 62888154.45324625, 62888734.45520325, 62889313.45715687, 62889893.45911387, 62890471.461064115, NaN, NaN, NaN, NaN, NaN, NaN, NaN, NaN, NaN, NaN]	0.0	0.0	0.0
5471.778091427005	2.0	trials	11.0	0.0	0.0	0.0	0.0	0.0	True	20.0	0.0	0.005	[62948108.65553884, 62948686.65748909, 62949266.659446076, 62949846.661403075, 62950424.66335332, 62951004.66531032, 62951584.667267315, 62952162.66921756, 62952742.671174556, 62953322.673131555, NaN, NaN, NaN, NaN, NaN, NaN, NaN, NaN, NaN, NaN]	0.0	0.0	0.0
5479.433934858777	2.0	trials	11.0	0.0	0.0	0.0	0.0	0.0	True	20.0	0.0	0.005	[63033104.942326374, 63033682.94427663, 63034263.94623699, 63034842.948190615, 63035421.950144246, 63036000.95209787, 63036579.95405147, 63037159.95600849, 63037738.957962096, 63038317.95991573, NaN, NaN, NaN, NaN, NaN, NaN, NaN, NaN, NaN, NaN]	0.0	0.0	0.0
5485.57811879002	2.0	trials	11.0	0.0	0.0	0.0	0.0	0.0	True	20.0	0.0	0.005	[63096442.156033635, 63097022.15799065, 63097600.15994089, 63098179.16189451, 63098759.16385151, 63099339.1658085, 63099918.167762116, 63100497.16971573, 63101076.17166936, 63101655.17362298, NaN, NaN, NaN, NaN, NaN, NaN, NaN, NaN, NaN, NaN]	0.0	0.0	0.0
5492.976230152172	2.0	trials	11.0	0.0	0.0	0.0	0.0	0.0	True	20.0	0.0	0.005	[63162483.378864564, 63163063.38082155, 63163642.38277518, 63164221.38472879, 63164801.38668579, 63165380.388639405, 63165959.39059303, 63166538.39254666, 63167117.39450026, 63167697.39645727, NaN, NaN, NaN, NaN, NaN, NaN, NaN, NaN, NaN, NaN]	0.0	0.0	0.0
5499.52787785825	2.0	trials	11.0	0.0	0.0	0.0	0.0	0.0	True	20.0	0.0	0.005	[63251720.679961786, 63252299.68191541, 63252877.68386565, 63253458.68582602, 63254037.68777965, 63254615.68972989, 63255195.691686876, 63255774.69364051, 63256354.6955975, 63256933.69755112, NaN, NaN, NaN, NaN, NaN, NaN, NaN, NaN, NaN, NaN]	0.0	0.0	0.0
5506.68061239247	2.0	trials	11.0	0.0	0.0	0.0	0.0	0.0	True	20.0	0.0	0.005	[63338875.97403408, 63339455.97599106, 63340034.97794469, 63340614.97990168, 63341193.9818553, 63341771.983805545, 63342351.985762544, 63342930.98771617, 63343510.98967316, 63344089.991626784, NaN, NaN, NaN, NaN, NaN, NaN, NaN, NaN, NaN, NaN]	0.0	0.0	0.0
5512.21852547808	2.0	trials	11.0	0.0	0.0	0.0	0.0	0.0	True	20.0	0.0	0.005	[63427485.27301234, 63428065.27496934, 63428644.276922956, 63429223.27887658, 63429803.28083357, 63430381.28278382, 63430961.28474082, 63431540.286694445, 63432119.288648054, 63432699.29060506, NaN, NaN, NaN, NaN, NaN, NaN, NaN, NaN, NaN, NaN]	0.0	0.0	0.0
5519.295141355466	2.0	trials	11.0	0.0	0.0	0.0	0.0	0.0	True	20.0	0.0	0.005	[63498599.51296021, 63499178.514913835, 63499757.51686745, 63500336.518821076, 63500915.52077469, 63501494.52272832, 63502075.52468869, 63502653.52663893, 63503232.52859256, 63503812.530549556, NaN, NaN, NaN, NaN, NaN, NaN, NaN, NaN, NaN, NaN]	0.0	0.0	0.0
5525.911934881354	2.0	trials	11.0	0.0	0.0	0.0	0.0	0.0	True	20.0	0.0	0.005	[63584224.801870085, 63584803.8038237, 63585383.8057807, 63585962.80773432, 63586542.80969132, 63587121.81164493, 63587701.81360194, 63588280.81555554, 63588859.81750917, 63589438.8194628, NaN, NaN, NaN, NaN, NaN, NaN, NaN, NaN, NaN, NaN]	0.0	0.0	0.0
5532.276525956278	2.0	trials	11.0	0.0	0.0	0.0	0.0	0.0	True	20.0	0.0	0.005	[63660054.05772698, 63660633.0596806, 63661212.06163421, 63661792.06359122, 63662371.065544836, 63662951.067501836, 63663530.069455445, 63664108.0714057, 63664689.07336606, 63665267.07531632, NaN, NaN, NaN, NaN, NaN, NaN, NaN, NaN, NaN, NaN]	0.0	0.0	0.0
5537.982487608905	2.0	trials	11.0	0.0	0.0	0.0	0.0	0.0	True	20.0	0.0	0.005	[63742840.33705769, 63743420.33901469, 63744000.34097168, 63744579.3429253, 63745158.34487893, 63745737.34683254, 63746316.34878617, 63746895.350739785, 63747475.352696784, 63748054.35465041, NaN, NaN, NaN, NaN, NaN, NaN, NaN, NaN, NaN, NaN]	0.0	0.0	0.0
5544.2993857229085	2.0	trials	11.0	0.0	0.0	0.0	0.0	0.0	True	20.0	0.0	0.005	[63806937.5533293, 63807516.55528291, 63808096.55723991, 63808675.55919354, 63809254.56114715, 63809833.56310077, 63810413.56505776, 63810992.56701139, 63811571.568965, 63812151.570922, NaN, NaN, NaN, NaN, NaN, NaN, NaN, NaN, NaN, NaN]	0.0	0.0	0.0
5550.795132440369	2.0	trials	11.0	0.0	0.0	0.0	0.0	0.0	True	20.0	0.0	0.005	[63888841.82968402, 63889421.83164102, 63890000.83359464, 63890579.835548274, 63891159.83750526, 63891738.83945888, 63892318.841415875, 63892896.84336612, 63893476.845323116, 63894056.847280115, NaN, NaN, NaN, NaN, NaN, NaN, NaN, NaN, NaN, NaN]	0.0	0.0	0.0
5558.060878555903	2.0	trials	11.0	0.0	0.0	0.0	0.0	0.0	True	20.0	0.0	0.005	[63965426.088088386, 63966006.09004538, 63966585.091999, 63967164.093952626, 63967743.09590624, 63968322.09785987, 63968902.09981686, 63969481.10177048, 63970060.10372411, 63970640.1056811, NaN, NaN, NaN, NaN, NaN, NaN, NaN, NaN, NaN, NaN]	0.0	0.0	0.0
5579.235948403233	2.0	trials	12.0	0.0	0.0	0.0	0.0	0.0	True	1.0	0.0	1.0	[64039090.33664028, NaN, NaN, NaN, NaN, NaN, NaN, NaN, NaN, NaN, NaN, NaN, NaN, NaN, NaN, NaN, NaN, NaN, NaN, NaN]	0.0	0.0	0.0
5586.475515230436	2.0	trials	12.0	0.0	0.0	0.0	0.0	0.0	True	1.0	0.0	1.0	[64039669.33859391, NaN, NaN, NaN, NaN, NaN, NaN, NaN, NaN, NaN, NaN, NaN, NaN, NaN, NaN, NaN, NaN, NaN, NaN, NaN]	0.0	0.0	0.0
5592.187352102887	2.0	trials	12.0	0.0	0.0	0.0	0.0	0.0	True	0.0	0.0	0.0	[NaN, NaN, NaN, NaN, NaN, NaN, NaN, NaN, NaN, NaN, NaN, NaN, NaN, NaN, NaN, NaN, NaN, NaN, NaN, NaN]	0.0	0.0	0.0
5599.123394705961	2.0	trials	12.0	0.0	0.0	0.0	0.0	0.0	True	1.0	0.0	1.0	[64040248.340547524, NaN, NaN, NaN, NaN, NaN, NaN, NaN, NaN, NaN, NaN, NaN, NaN, NaN, NaN, NaN, NaN, NaN, NaN, NaN]	0.0	0.0	0.0
5606.899593743828	2.0	trials	12.0	0.0	0.0	0.0	0.0	0.0	True	1.0	0.0	1.0	[64040828.34250453, NaN, NaN, NaN, NaN, NaN, NaN, NaN, NaN, NaN, NaN, NaN, NaN, NaN, NaN, NaN, NaN, NaN, NaN, NaN]	0.0	0.0	0.0
5613.194459783492	2.0	trials	12.0	0.0	0.0	0.0	0.0	0.0	True	0.0	0.0	0.0	[NaN, NaN, NaN, NaN, NaN, NaN, NaN, NaN, NaN, NaN, NaN, NaN, NaN, NaN, NaN, NaN, NaN, NaN, NaN, NaN]	0.0	0.0	0.0
5619.394112701894	2.0	trials	12.0	0.0	0.0	0.0	0.0	0.0	True	1.0	0.0	1.0	[64041407.34445814, NaN, NaN, NaN, NaN, NaN, NaN, NaN, NaN, NaN, NaN, NaN, NaN, NaN, NaN, NaN, NaN, NaN, NaN, NaN]	0.0	0.0	0.0
5627.110004336278	2.0	trials	12.0	0.0	0.0	0.0	0.0	0.0	True	1.0	0.0	1.0	[64041987.34641515, NaN, NaN, NaN, NaN, NaN, NaN, NaN, NaN, NaN, NaN, NaN, NaN, NaN, NaN, NaN, NaN, NaN, NaN, NaN]	0.0	0.0	0.0
5632.765681019236	2.0	trials	12.0	0.0	0.0	0.0	0.0	0.0	True	1.0	0.0	1.0	[64042565.34836539, NaN, NaN, NaN, NaN, NaN, NaN, NaN, NaN, NaN, NaN, NaN, NaN, NaN, NaN, NaN, NaN, NaN, NaN, NaN]	0.0	0.0	0.0
5640.187898062723	2.0	trials	12.0	0.0	0.0	0.0	0.0	0.0	True	1.0	0.0	1.0	[64043145.35032238, NaN, NaN, NaN, NaN, NaN, NaN, NaN, NaN, NaN, NaN, NaN, NaN, NaN, NaN, NaN, NaN, NaN, NaN, NaN]	0.0	0.0	0.0
5646.289832251411	2.0	trials	12.0	0.0	0.0	0.0	0.0	0.0	True	1.0	0.0	1.0	[64043724.352276005, NaN, NaN, NaN, NaN, NaN, NaN, NaN, NaN, NaN, NaN, NaN, NaN, NaN, NaN, NaN, NaN, NaN, NaN, NaN]	0.0	0.0	0.0
5652.685786632161	2.0	trials	12.0	0.0	0.0	0.0	0.0	0.0	True	1.0	0.0	1.0	[64044303.35422963, NaN, NaN, NaN, NaN, NaN, NaN, NaN, NaN, NaN, NaN, NaN, NaN, NaN, NaN, NaN, NaN, NaN, NaN, NaN]	0.0	0.0	0.0
5660.456024049912	2.0	trials	12.0	0.0	0.0	0.0	0.0	0.0	True	1.0	0.0	1.0	[64105131.5594712, NaN, NaN, NaN, NaN, NaN, NaN, NaN, NaN, NaN, NaN, NaN, NaN, NaN, NaN, NaN, NaN, NaN, NaN, NaN]	0.0	0.0	0.0
5666.072302199936	2.0	trials	12.0	0.0	0.0	0.0	0.0	0.0	True	1.0	0.0	1.0	[64105710.561424814, NaN, NaN, NaN, NaN, NaN, NaN, NaN, NaN, NaN, NaN, NaN, NaN, NaN, NaN, NaN, NaN, NaN, NaN, NaN]	0.0	0.0	0.0
5673.5359913833545	2.0	trials	12.0	0.0	0.0	0.0	0.0	0.0	True	1.0	0.0	1.0	[64106289.56337844, NaN, NaN, NaN, NaN, NaN, NaN, NaN, NaN, NaN, NaN, NaN, NaN, NaN, NaN, NaN, NaN, NaN, NaN, NaN]	0.0	0.0	0.0
5680.904381045221	2.0	trials	12.0	0.0	0.0	0.0	0.0	0.0	True	1.0	0.0	1.0	[64106868.565332055, NaN, NaN, NaN, NaN, NaN, NaN, NaN, NaN, NaN, NaN, NaN, NaN, NaN, NaN, NaN, NaN, NaN, NaN, NaN]	0.0	0.0	0.0
5687.378354889218	2.0	trials	12.0	0.0	0.0	0.0	0.0	0.0	True	1.0	0.0	1.0	[64107448.56728906, NaN, NaN, NaN, NaN, NaN, NaN, NaN, NaN, NaN, NaN, NaN, NaN, NaN, NaN, NaN, NaN, NaN, NaN, NaN]	0.0	0.0	0.0
5694.704149207363	2.0	trials	12.0	0.0	0.0	0.0	0.0	0.0	True	1.0	0.0	1.0	[64108027.56924267, NaN, NaN, NaN, NaN, NaN, NaN, NaN, NaN, NaN, NaN, NaN, NaN, NaN, NaN, NaN, NaN, NaN, NaN, NaN]	0.0	0.0	0.0
5701.850490120009	2.0	trials	12.0	0.0	0.0	0.0	0.0	0.0	True	1.0	0.0	1.0	[64108607.57119968, NaN, NaN, NaN, NaN, NaN, NaN, NaN, NaN, NaN, NaN, NaN, NaN, NaN, NaN, NaN, NaN, NaN, NaN, NaN]	0.0	0.0	0.0
5709.6386123981065	2.0	trials	12.0	0.0	0.0	0.0	0.0	0.0	True	1.0	0.0	1.0	[64109186.573153295, NaN, NaN, NaN, NaN, NaN, NaN, NaN, NaN, NaN, NaN, NaN, NaN, NaN, NaN, NaN, NaN, NaN, NaN, NaN]	0.0	0.0	0.0
5716.454472195668	2.0	trials	12.0	0.0	0.0	0.0	0.0	0.0	True	1.0	0.0	1.0	[64109765.57510692, NaN, NaN, NaN, NaN, NaN, NaN, NaN, NaN, NaN, NaN, NaN, NaN, NaN, NaN, NaN, NaN, NaN, NaN, NaN]	0.0	0.0	0.0
5724.35612445683	2.0	trials	12.0	0.0	0.0	0.0	0.0	0.0	True	1.0	0.0	1.0	[64110344.577060536, NaN, NaN, NaN, NaN, NaN, NaN, NaN, NaN, NaN, NaN, NaN, NaN, NaN, NaN, NaN, NaN, NaN, NaN, NaN]	0.0	0.0	0.0
5731.742398979042	2.0	trials	12.0	0.0	0.0	0.0	0.0	0.0	True	1.0	0.0	1.0	[64178243.806160584, NaN, NaN, NaN, NaN, NaN, NaN, NaN, NaN, NaN, NaN, NaN, NaN, NaN, NaN, NaN, NaN, NaN, NaN, NaN]	0.0	0.0	0.0
5737.874746070348	2.0	trials	12.0	0.0	0.0	0.0	0.0	0.0	True	1.0	0.0	1.0	[64178823.808117576, NaN, NaN, NaN, NaN, NaN, NaN, NaN, NaN, NaN, NaN, NaN, NaN, NaN, NaN, NaN, NaN, NaN, NaN, NaN]	0.0	0.0	0.0
5745.422589137712	2.0	trials	12.0	0.0	0.0	0.0	0.0	0.0	True	1.0	0.0	1.0	[64179402.8100712, NaN, NaN, NaN, NaN, NaN, NaN, NaN, NaN, NaN, NaN, NaN, NaN, NaN, NaN, NaN, NaN, NaN, NaN, NaN]	0.0	0.0	0.0
5751.824591538868	2.0	trials	12.0	0.0	0.0	0.0	0.0	0.0	True	1.0	0.0	1.0	[64179981.812024824, NaN, NaN, NaN, NaN, NaN, NaN, NaN, NaN, NaN, NaN, NaN, NaN, NaN, NaN, NaN, NaN, NaN, NaN, NaN]	0.0	0.0	0.0
5759.150558657596	2.0	trials	12.0	0.0	0.0	0.0	0.0	0.0	True	0.0	0.0	0.0	[NaN, NaN, NaN, NaN, NaN, NaN, NaN, NaN, NaN, NaN, NaN, NaN, NaN, NaN, NaN, NaN, NaN, NaN, NaN, NaN]	0.0	0.0	0.0
5765.570618719681	2.0	trials	12.0	0.0	0.0	0.0	0.0	0.0	True	1.0	0.0	1.0	[64180560.81397843, NaN, NaN, NaN, NaN, NaN, NaN, NaN, NaN, NaN, NaN, NaN, NaN, NaN, NaN, NaN, NaN, NaN, NaN, NaN]	0.0	0.0	0.0
5772.155876139162	2.0	trials	12.0	0.0	0.0	0.0	0.0	0.0	True	1.0	0.0	1.0	[64181140.81593544, NaN, NaN, NaN, NaN, NaN, NaN, NaN, NaN, NaN, NaN, NaN, NaN, NaN, NaN, NaN, NaN, NaN, NaN, NaN]	0.0	0.0	0.0
5779.724800877659	2.0	trials	12.0	0.0	0.0	0.0	0.0	0.0	True	1.0	0.0	1.0	[64181719.81788906, NaN, NaN, NaN, NaN, NaN, NaN, NaN, NaN, NaN, NaN, NaN, NaN, NaN, NaN, NaN, NaN, NaN, NaN, NaN]	0.0	0.0	0.0
5786.97283493343	2.0	trials	12.0	0.0	0.0	0.0	0.0	0.0	True	1.0	0.0	1.0	[64182297.819839306, NaN, NaN, NaN, NaN, NaN, NaN, NaN, NaN, NaN, NaN, NaN, NaN, NaN, NaN, NaN, NaN, NaN, NaN, NaN]	0.0	0.0	0.0
5794.7909381126865	2.0	trials	12.0	0.0	0.0	0.0	0.0	0.0	True	1.0	0.0	1.0	[64182877.8217963, NaN, NaN, NaN, NaN, NaN, NaN, NaN, NaN, NaN, NaN, NaN, NaN, NaN, NaN, NaN, NaN, NaN, NaN, NaN]	0.0	0.0	0.0
