onset	duration	nwb_table	Block	sound	sound_puretone	sound_bluenoise	sound_freq	sound_amp	optogenetics	opto_freq	opto_power	opto_pulse_duration	opto_pulse_ts	airpuff	airpuff_duration	airpuff_amp
305.2433329112479	2.0	trials	1.0	1.0	1.0	0.0	10000.0	1.0	False	0.0	0.0	0.0	[NaN, NaN, NaN, NaN, NaN, NaN, NaN, NaN, NaN, NaN, NaN, NaN, NaN, NaN, NaN, NaN, NaN, NaN, NaN, NaN]	0.0	0.0	0.0
312.9324394067319	2.0	trials	1.0	1.0	1.0	0.0	10000.0	1.0	False	0.0	0.0	0.0	[NaN, NaN, NaN, NaN, NaN, NaN, NaN, NaN, NaN, NaN, NaN, NaN, NaN, NaN, NaN, NaN, NaN, NaN, NaN, NaN]	0.0	0.0	0.0
319.2506326635274	2.0	trials	1.0	1.0	1.0	0.0	10000.0	1.0	False	0.0	0.0	0.0	[NaN, NaN, NaN, NaN, NaN, NaN, NaN, NaN, NaN, NaN, NaN, NaN, NaN, NaN, NaN, NaN, NaN, NaN, NaN, NaN]	0.0	0.0	0.0
326.2875034472286	2.0	trials	1.0	1.0	1.0	0.0	10000.0	1.0	False	0.0	0.0	0.0	[NaN, NaN, NaN, NaN, NaN, NaN, NaN, NaN, NaN, NaN, NaN, NaN, NaN, NaN, NaN, NaN, NaN, NaN, NaN, NaN]	0.0	0.0	0.0
333.1615097036134	2.0	trials	1.0	1.0	1.0	0.0	10000.0	1.0	False	0.0	0.0	0.0	[NaN, NaN, NaN, NaN, NaN, NaN, NaN, NaN, NaN, NaN, NaN, NaN, NaN, NaN, NaN, NaN, NaN, NaN, NaN, NaN]	0.0	0.0	0.0
341.21738538660816	2.0	trials	1.0	1.0	1.0	0.0	10000.0	1.0	False	0.0	0.0	0.0	[NaN, NaN, NaN, NaN, NaN, NaN, NaN, NaN, NaN, NaN, NaN, NaN, NaN, NaN, NaN, NaN, NaN, NaN, NaN, NaN]	0.0	0.0	0.0
349.8027219838705	2.0	trials	1.0	1.0	1.0	0.0	10000.0	1.0	False	0.0	0.0	0.0	[NaN, NaN, NaN, NaN, NaN, NaN, NaN, NaN, NaN, NaN, NaN, NaN, NaN, NaN, NaN, NaN, NaN, NaN, NaN, NaN]	0.0	0.0	0.0
360.8547865678069	2.0	trials	1.0	1.0	1.0	0.0	10000.0	1.0	False	0.0	0.0	0.0	[NaN, NaN, NaN, NaN, NaN, NaN, NaN, NaN, NaN, NaN, NaN, NaN, NaN, NaN, NaN, NaN, NaN, NaN, NaN, NaN]	0.0	0.0	0.0
370.1907687954799	2.0	trials	1.0	1.0	1.0	0.0	10000.0	1.0	False	0.0	0.0	0.0	[NaN, NaN, NaN, NaN, NaN, NaN, NaN, NaN, NaN, NaN, NaN, NaN, NaN, NaN, NaN, NaN, NaN, NaN, NaN, NaN]	0.0	0.0	0.0
377.6909178791651	2.0	trials	1.0	1.0	1.0	0.0	10000.0	1.0	False	0.0	0.0	0.0	[NaN, NaN, NaN, NaN, NaN, NaN, NaN, NaN, NaN, NaN, NaN, NaN, NaN, NaN, NaN, NaN, NaN, NaN, NaN, NaN]	0.0	0.0	0.0
386.9372166164645	2.0	trials	1.0	1.0	1.0	0.0	10000.0	1.0	False	0.0	0.0	0.0	[NaN, NaN, NaN, NaN, NaN, NaN, NaN, NaN, NaN, NaN, NaN, NaN, NaN, NaN, NaN, NaN, NaN, NaN, NaN, NaN]	0.0	0.0	0.0
396.90322968402626	2.0	trials	1.0	1.0	1.0	0.0	10000.0	1.0	False	0.0	0.0	0.0	[NaN, NaN, NaN, NaN, NaN, NaN, NaN, NaN, NaN, NaN, NaN, NaN, NaN, NaN, NaN, NaN, NaN, NaN, NaN, NaN]	0.0	0.0	0.0
403.7073381140988	2.0	trials	1.0	1.0	1.0	0.0	10000.0	1.0	False	0.0	0.0	0.0	[NaN, NaN, NaN, NaN, NaN, NaN, NaN, NaN, NaN, NaN, NaN, NaN, NaN, NaN, NaN, NaN, NaN, NaN, NaN, NaN]	0.0	0.0	0.0
414.6994409038932	2.0	trials	1.0	1.0	1.0	0.0	10000.0	1.0	False	0.0	0.0	0.0	[NaN, NaN, NaN, NaN, NaN, NaN, NaN, NaN, NaN, NaN, NaN, NaN, NaN, NaN, NaN, NaN, NaN, NaN, NaN, NaN]	0.0	0.0	0.0
422.3673793308402	2.0	trials	1.0	1.0	1.0	0.0	10000.0	1.0	False	0.0	0.0	0.0	[NaN, NaN, NaN, NaN, NaN, NaN, NaN, NaN, NaN, NaN, NaN, NaN, NaN, NaN, NaN, NaN, NaN, NaN, NaN, NaN]	0.0	0.0	0.0
432.25528654551397	2.0	trials	1.0	1.0	1.0	0.0	10000.0	1.0	False	0.0	0.0	0.0	[NaN, NaN, NaN, NaN, NaN, NaN, NaN, NaN, NaN, NaN, NaN, NaN, NaN, NaN, NaN, NaN, NaN, NaN, NaN, NaN]	0.0	0.0	0.0
439.75526282863973	2.0	trials	1.0	1.0	1.0	0.0	10000.0	1.0	False	0.0	0.0	0.0	[NaN, NaN, NaN, NaN, NaN, NaN, NaN, NaN, NaN, NaN, NaN, NaN, NaN, NaN, NaN, NaN, NaN, NaN, NaN, NaN]	0.0	0.0	0.0
450.18939261185136	2.0	trials	1.0	1.0	1.0	0.0	10000.0	1.0	False	0.0	0.0	0.0	[NaN, NaN, NaN, NaN, NaN, NaN, NaN, NaN, NaN, NaN, NaN, NaN, NaN, NaN, NaN, NaN, NaN, NaN, NaN, NaN]	0.0	0.0	0.0
460.26936764839473	2.0	trials	1.0	1.0	1.0	0.0	10000.0	1.0	False	0.0	0.0	0.0	[NaN, NaN, NaN, NaN, NaN, NaN, NaN, NaN, NaN, NaN, NaN, NaN, NaN, NaN, NaN, NaN, NaN, NaN, NaN, NaN]	0.0	0.0	0.0
466.4139827431858	2.0	trials	1.0	1.0	1.0	0.0	10000.0	1.0	False	0.0	0.0	0.0	[NaN, NaN, NaN, NaN, NaN, NaN, NaN, NaN, NaN, NaN, NaN, NaN, NaN, NaN, NaN, NaN, NaN, NaN, NaN, NaN]	0.0	0.0	0.0
475.51556101191494	2.0	trials	1.0	1.0	1.0	0.0	10000.0	1.0	False	0.0	0.0	0.0	[NaN, NaN, NaN, NaN, NaN, NaN, NaN, NaN, NaN, NaN, NaN, NaN, NaN, NaN, NaN, NaN, NaN, NaN, NaN, NaN]	0.0	0.0	0.0
481.6682113327221	2.0	trials	1.0	1.0	1.0	0.0	10000.0	1.0	False	0.0	0.0	0.0	[NaN, NaN, NaN, NaN, NaN, NaN, NaN, NaN, NaN, NaN, NaN, NaN, NaN, NaN, NaN, NaN, NaN, NaN, NaN, NaN]	0.0	0.0	0.0
489.58014414966436	2.0	trials	1.0	1.0	1.0	0.0	10000.0	1.0	False	0.0	0.0	0.0	[NaN, NaN, NaN, NaN, NaN, NaN, NaN, NaN, NaN, NaN, NaN, NaN, NaN, NaN, NaN, NaN, NaN, NaN, NaN, NaN]	0.0	0.0	0.0
500.6749768720737	2.0	trials	1.0	1.0	1.0	0.0	10000.0	1.0	False	0.0	0.0	0.0	[NaN, NaN, NaN, NaN, NaN, NaN, NaN, NaN, NaN, NaN, NaN, NaN, NaN, NaN, NaN, NaN, NaN, NaN, NaN, NaN]	0.0	0.0	0.0
511.1865213059354	2.000000000000057	trials	1.0	1.0	1.0	0.0	10000.0	1.0	False	0.0	0.0	0.0	[NaN, NaN, NaN, NaN, NaN, NaN, NaN, NaN, NaN, NaN, NaN, NaN, NaN, NaN, NaN, NaN, NaN, NaN, NaN, NaN]	0.0	0.0	0.0
518.169046313678	2.0	trials	1.0	1.0	1.0	0.0	10000.0	1.0	False	0.0	0.0	0.0	[NaN, NaN, NaN, NaN, NaN, NaN, NaN, NaN, NaN, NaN, NaN, NaN, NaN, NaN, NaN, NaN, NaN, NaN, NaN, NaN]	0.0	0.0	0.0
528.5829584314296	2.0	trials	1.0	1.0	1.0	0.0	10000.0	1.0	False	0.0	0.0	0.0	[NaN, NaN, NaN, NaN, NaN, NaN, NaN, NaN, NaN, NaN, NaN, NaN, NaN, NaN, NaN, NaN, NaN, NaN, NaN, NaN]	0.0	0.0	0.0
537.0429282227843	2.0	trials	1.0	1.0	1.0	0.0	10000.0	1.0	False	0.0	0.0	0.0	[NaN, NaN, NaN, NaN, NaN, NaN, NaN, NaN, NaN, NaN, NaN, NaN, NaN, NaN, NaN, NaN, NaN, NaN, NaN, NaN]	0.0	0.0	0.0
548.0026309076749	2.0	trials	1.0	1.0	1.0	0.0	10000.0	1.0	False	0.0	0.0	0.0	[NaN, NaN, NaN, NaN, NaN, NaN, NaN, NaN, NaN, NaN, NaN, NaN, NaN, NaN, NaN, NaN, NaN, NaN, NaN, NaN]	0.0	0.0	0.0
555.1962317988306	2.0	trials	1.0	1.0	1.0	0.0	10000.0	1.0	False	0.0	0.0	0.0	[NaN, NaN, NaN, NaN, NaN, NaN, NaN, NaN, NaN, NaN, NaN, NaN, NaN, NaN, NaN, NaN, NaN, NaN, NaN, NaN]	0.0	0.0	0.0
565.9007080573593	2.0	trials	1.0	1.0	1.0	0.0	10000.0	1.0	False	0.0	0.0	0.0	[NaN, NaN, NaN, NaN, NaN, NaN, NaN, NaN, NaN, NaN, NaN, NaN, NaN, NaN, NaN, NaN, NaN, NaN, NaN, NaN]	0.0	0.0	0.0
572.9628941230252	2.0	trials	1.0	1.0	1.0	0.0	10000.0	1.0	False	0.0	0.0	0.0	[NaN, NaN, NaN, NaN, NaN, NaN, NaN, NaN, NaN, NaN, NaN, NaN, NaN, NaN, NaN, NaN, NaN, NaN, NaN, NaN]	0.0	0.0	0.0
581.3565084995369	2.0	trials	1.0	1.0	1.0	0.0	10000.0	1.0	False	0.0	0.0	0.0	[NaN, NaN, NaN, NaN, NaN, NaN, NaN, NaN, NaN, NaN, NaN, NaN, NaN, NaN, NaN, NaN, NaN, NaN, NaN, NaN]	0.0	0.0	0.0
588.2086554851468	2.0	trials	1.0	1.0	1.0	0.0	10000.0	1.0	False	0.0	0.0	0.0	[NaN, NaN, NaN, NaN, NaN, NaN, NaN, NaN, NaN, NaN, NaN, NaN, NaN, NaN, NaN, NaN, NaN, NaN, NaN, NaN]	0.0	0.0	0.0
598.5046312210486	2.0	trials	1.0	1.0	1.0	0.0	10000.0	1.0	False	0.0	0.0	0.0	[NaN, NaN, NaN, NaN, NaN, NaN, NaN, NaN, NaN, NaN, NaN, NaN, NaN, NaN, NaN, NaN, NaN, NaN, NaN, NaN]	0.0	0.0	0.0
605.1165854289717	2.0	trials	1.0	1.0	1.0	0.0	10000.0	1.0	False	0.0	0.0	0.0	[NaN, NaN, NaN, NaN, NaN, NaN, NaN, NaN, NaN, NaN, NaN, NaN, NaN, NaN, NaN, NaN, NaN, NaN, NaN, NaN]	0.0	0.0	0.0
613.8650457543896	2.0	trials	1.0	1.0	1.0	0.0	10000.0	1.0	False	0.0	0.0	0.0	[NaN, NaN, NaN, NaN, NaN, NaN, NaN, NaN, NaN, NaN, NaN, NaN, NaN, NaN, NaN, NaN, NaN, NaN, NaN, NaN]	0.0	0.0	0.0
623.287082660687	2.0	trials	1.0	1.0	1.0	0.0	10000.0	1.0	False	0.0	0.0	0.0	[NaN, NaN, NaN, NaN, NaN, NaN, NaN, NaN, NaN, NaN, NaN, NaN, NaN, NaN, NaN, NaN, NaN, NaN, NaN, NaN]	0.0	0.0	0.0
633.3591952717737	2.0	trials	1.0	1.0	1.0	0.0	10000.0	1.0	False	0.0	0.0	0.0	[NaN, NaN, NaN, NaN, NaN, NaN, NaN, NaN, NaN, NaN, NaN, NaN, NaN, NaN, NaN, NaN, NaN, NaN, NaN, NaN]	0.0	0.0	0.0
640.2834000906895	2.0	trials	1.0	1.0	1.0	0.0	10000.0	1.0	False	0.0	0.0	0.0	[NaN, NaN, NaN, NaN, NaN, NaN, NaN, NaN, NaN, NaN, NaN, NaN, NaN, NaN, NaN, NaN, NaN, NaN, NaN, NaN]	0.0	0.0	0.0
646.841008522654	2.0	trials	1.0	1.0	1.0	0.0	10000.0	1.0	False	0.0	0.0	0.0	[NaN, NaN, NaN, NaN, NaN, NaN, NaN, NaN, NaN, NaN, NaN, NaN, NaN, NaN, NaN, NaN, NaN, NaN, NaN, NaN]	0.0	0.0	0.0
655.9552876325055	2.0	trials	1.0	1.0	1.0	0.0	10000.0	1.0	False	0.0	0.0	0.0	[NaN, NaN, NaN, NaN, NaN, NaN, NaN, NaN, NaN, NaN, NaN, NaN, NaN, NaN, NaN, NaN, NaN, NaN, NaN, NaN]	0.0	0.0	0.0
662.3637691816327	2.0	trials	1.0	1.0	1.0	0.0	10000.0	1.0	False	0.0	0.0	0.0	[NaN, NaN, NaN, NaN, NaN, NaN, NaN, NaN, NaN, NaN, NaN, NaN, NaN, NaN, NaN, NaN, NaN, NaN, NaN, NaN]	0.0	0.0	0.0
672.5043108142763	2.0	trials	1.0	1.0	1.0	0.0	10000.0	1.0	False	0.0	0.0	0.0	[NaN, NaN, NaN, NaN, NaN, NaN, NaN, NaN, NaN, NaN, NaN, NaN, NaN, NaN, NaN, NaN, NaN, NaN, NaN, NaN]	0.0	0.0	0.0
682.685892579798	2.0	trials	1.0	1.0	1.0	0.0	10000.0	1.0	False	0.0	0.0	0.0	[NaN, NaN, NaN, NaN, NaN, NaN, NaN, NaN, NaN, NaN, NaN, NaN, NaN, NaN, NaN, NaN, NaN, NaN, NaN, NaN]	0.0	0.0	0.0
691.9973371280239	2.0	trials	1.0	1.0	1.0	0.0	10000.0	1.0	False	0.0	0.0	0.0	[NaN, NaN, NaN, NaN, NaN, NaN, NaN, NaN, NaN, NaN, NaN, NaN, NaN, NaN, NaN, NaN, NaN, NaN, NaN, NaN]	0.0	0.0	0.0
700.9254236350282	2.0	trials	1.0	1.0	1.0	0.0	10000.0	1.0	False	0.0	0.0	0.0	[NaN, NaN, NaN, NaN, NaN, NaN, NaN, NaN, NaN, NaN, NaN, NaN, NaN, NaN, NaN, NaN, NaN, NaN, NaN, NaN]	0.0	0.0	0.0
708.635870999609	2.0	trials	1.0	1.0	1.0	0.0	10000.0	1.0	False	0.0	0.0	0.0	[NaN, NaN, NaN, NaN, NaN, NaN, NaN, NaN, NaN, NaN, NaN, NaN, NaN, NaN, NaN, NaN, NaN, NaN, NaN, NaN]	0.0	0.0	0.0
719.1657322927762	2.0	trials	1.0	1.0	1.0	0.0	10000.0	1.0	False	0.0	0.0	0.0	[NaN, NaN, NaN, NaN, NaN, NaN, NaN, NaN, NaN, NaN, NaN, NaN, NaN, NaN, NaN, NaN, NaN, NaN, NaN, NaN]	0.0	0.0	0.0
728.7091615921131	2.0	trials	1.0	1.0	1.0	0.0	10000.0	1.0	False	0.0	0.0	0.0	[NaN, NaN, NaN, NaN, NaN, NaN, NaN, NaN, NaN, NaN, NaN, NaN, NaN, NaN, NaN, NaN, NaN, NaN, NaN, NaN]	0.0	0.0	0.0
776.4416873385919	2.0	trials	2.0	1.0	1.0	0.0	10000.0	1.0	True	40.0	0.0	0.005	[8994705.629663156, 8994994.630598871, 8995284.63153782, 8995573.632473536, 8995863.633412486, 8996153.634351438, 8996443.63529039, 8996731.636222865, 8997021.637161817, 8997311.63810077, 8997601.639039721, 8997891.639978673, 8998180.640914386, 8998470.641853338, 8998759.642789053, 8999049.643728003, 8999339.644666955, 8999628.645602668, 8999919.646544859, 9000207.647477334]	0.0	0.0	0.0
785.8701178655904	2.0	trials	2.0	1.0	1.0	0.0	10000.0	1.0	True	40.0	0.0	0.005	[9103830.982984198, 9104119.983919911, 9104409.984858863, 9104699.985797815, 9104988.98673353, 9105277.987669243, 9105567.988608195, 9105857.989547146, 9106147.990486098, 9106437.99142505, 9106726.992360765, 9107016.993299715, 9107305.99423543, 9107595.995174382, 9107885.996113332, 9108174.997049049, 9108463.99798476, 9108753.998923711, 9109043.999862663, 9109334.000801615]	0.0	0.0	0.0
795.3116812351099	2.0	trials	2.0	1.0	1.0	0.0	10000.0	1.0	True	40.0	0.0	0.005	[9213108.33679738, 9213397.337733096, 9213688.338675285, 9213977.339610998, 9214267.34054995, 9214556.341485662, 9214846.342424616, 9215136.343363568, 9215425.344299281, 9215715.345238233, 9216004.346173946, 9216294.3471129, 9216583.348048612, 9216873.348987564, 9217163.349926515, 9217452.35086223, 9217742.351801181, 9218031.352736894, 9218321.353675846, 9218611.354614798]	0.0	0.0	0.0
805.2631790556746	2.0	trials	2.0	1.0	1.0	0.0	10000.0	1.0	True	40.0	0.0	0.005	[9328287.70971985, 9328576.710655563, 9328865.711591277, 9329155.712530227, 9329445.71346918, 9329735.714408133, 9330024.715343846, 9330313.71627956, 9330604.71722175, 9330894.7181607, 9331182.719093177, 9331473.720035367, 9331762.720971081, 9332052.721910033, 9332340.722842509, 9332631.723784698, 9332920.724720411, 9333210.725659363, 9333500.726598317, 9333789.72753403]	0.0	0.0	0.0
811.8723684546459	2.0	trials	2.0	1.0	1.0	0.0	10000.0	1.0	True	40.0	0.0	0.005	[9404782.957392639, 9405071.958328351, 9405361.959267303, 9405651.960206255, 9405941.961145207, 9406230.962080922, 9406520.963019874, 9406809.963955587, 9407098.964891301, 9407388.965830253, 9407678.966769204, 9407968.967708156, 9408257.968643868, 9408547.969582822, 9408837.970521774, 9409126.971457487, 9409416.972396439, 9409705.973332152, 9409995.974271104, 9410284.975206818]	0.0	0.0	0.0
819.8281926136979	2.0	trials	2.0	1.0	1.0	0.0	10000.0	1.0	True	40.0	0.0	0.005	[9496864.255529225, 9497153.256464938, 9497444.257407129, 9497733.258342842, 9498022.259278554, 9498312.260217506, 9498601.261153221, 9498892.26209541, 9499181.263031125, 9499470.263966838, 9499761.264909027, 9500050.265844742, 9500339.266780457, 9500629.267719408, 9500919.268658359, 9501209.26959731, 9501498.270533025, 9501788.271471977, 9502078.27241093, 9502367.273346642]	0.0	0.0	0.0
827.8625546270366	2.0	trials	2.0	1.0	1.0	0.0	10000.0	1.0	True	40.0	0.0	0.005	[9589853.5566057, 9590143.557544652, 9590433.558483604, 9590722.559419317, 9591012.56035827, 9591301.561293984, 9591591.562232936, 9591881.563171886, 9592170.5641076, 9592460.565046553, 9592750.565985505, 9593040.566924457, 9593330.567863408, 9593619.568799121, 9593909.569738073, 9594198.570673788, 9594487.5716095, 9594777.572548453, 9595068.57349064, 9595356.574423118]	0.0	0.0	0.0
837.0548531894964	2.0	trials	2.0	1.0	1.0	0.0	10000.0	1.0	True	40.0	0.0	0.005	[9696245.901077934, 9696535.902016884, 9696825.902955836, 9697114.90389155, 9697404.904830502, 9697694.905769454, 9697983.906705167, 9698273.90764412, 9698563.908583071, 9698853.909522023, 9699142.910457738, 9699431.91139345, 9699721.912332403, 9700010.913268115, 9700300.914207067, 9700589.915142782, 9700879.916081732, 9701169.917020684, 9701459.917959636, 9701748.91889535]	0.0	0.0	0.0
847.1764731608758	2.0	trials	2.0	1.0	1.0	0.0	10000.0	1.0	True	40.0	0.0	0.005	[9813395.280378796, 9813683.281311274, 9813974.282253463, 9814263.283189178, 9814553.284128128, 9814842.285063842, 9815132.286002794, 9815422.286941746, 9815711.287877461, 9816001.288816411, 9816290.289752126, 9816580.290691078, 9816870.291630028, 9817160.29256898, 9817450.293507932, 9817739.294443645, 9818028.29537936, 9818318.296318311, 9818609.297260502, 9818898.298196215]	0.0	0.0	0.0
858.0903836975027	2.0	trials	2.0	1.0	1.0	0.0	10000.0	1.0	True	40.0	0.0	0.005	[9939712.689363485, 9940002.690302437, 9940292.69124139, 9940581.692177102, 9940872.693119293, 9941161.694055008, 9941450.69499072, 9941740.695929673, 9942030.696868625, 9942320.697807575, 9942609.698743291, 9942898.699679004, 9943189.700621191, 9943478.701556906, 9943768.702495858, 9944058.70343481, 9944347.704370525, 9944636.705306238, 9944927.706248427, 9945216.707184142]	0.0	0.0	0.0
866.3826505458755	2.0	trials	2.0	1.0	1.0	0.0	10000.0	1.0	True	40.0	0.0	0.005	[10035688.000107925, 10035978.001046877, 10036268.00198583, 10036557.002921544, 10036847.003860496, 10037136.004796209, 10037426.00573516, 10037715.006670874, 10038006.007613065, 10038296.008552017, 10038585.009487731, 10038875.010426681, 10039164.011362396, 10039454.012301346, 10039744.013240298, 10040033.014176013, 10040322.015111728, 10040612.016050678, 10040902.01698963, 10041191.017925344]	0.0	0.0	0.0
873.4683374876316	2.0	trials	2.0	1.0	1.0	0.0	10000.0	1.0	True	40.0	0.0	0.005	[10117699.265640225, 10117988.266575938, 10118277.26751165, 10118569.26845708, 10118858.269392792, 10119147.270328509, 10119437.271267459, 10119726.272203172, 10120015.273138886, 10120305.274077838, 10120595.27501679, 10120885.275955742, 10121174.276891455, 10121464.277830407, 10121754.278769359, 10122044.279708311, 10122333.280644026, 10122622.281579738, 10122913.282521928, 10123202.28345764]	0.0	0.0	0.0
883.0924646482489	2.0	trials	2.0	1.0	1.0	0.0	10000.0	1.0	True	40.0	0.0	0.005	[10229088.626291566, 10229378.627230518, 10229668.62816947, 10229957.629105184, 10230246.630040897, 10230537.630983086, 10230826.631918801, 10231116.632857751, 10231405.633793466, 10231694.63472918, 10231984.63566813, 10232273.636603845, 10232564.637546035, 10232853.63848175, 10233143.639420701, 10233433.640359653, 10233722.641295366, 10234012.642234318, 10234301.643170033, 10234591.644108985]	0.0	0.0	0.0
893.328737790848	2.0	trials	2.0	1.0	1.0	0.0	10000.0	1.0	True	40.0	0.0	0.005	[10347565.009888943, 10347854.010824656, 10348143.01176037, 10348433.012699323, 10348723.013638275, 10349012.014573988, 10349302.01551294, 10349592.016451893, 10349881.017387604, 10350171.018326558, 10350461.019265508, 10350750.020201223, 10351039.021136938, 10351330.022079127, 10351620.023018077, 10351909.023953792, 10352198.024889506, 10352488.025828458, 10352777.026764171, 10353068.027706362]	0.0	0.0	0.0
904.1407823976573	2.0	trials	2.0	1.0	1.0	0.0	10000.0	1.0	True	40.0	0.0	0.005	[10472704.415059546, 10472993.415995259, 10473284.416937448, 10473572.417869925, 10473862.418808877, 10474151.419744592, 10474441.420683542, 10474730.421619257, 10475021.422561444, 10475311.423500398, 10475600.424436111, 10475890.425375063, 10476179.426310776, 10476469.427249728, 10476758.428185442, 10477048.429124394, 10477338.430063346, 10477628.431002297, 10477917.431938011, 10478207.432876963]	0.0	0.0	0.0
912.9863566375067	2.0	trials	2.0	1.0	1.0	0.0	10000.0	1.0	True	40.0	0.0	0.005	[10575082.74653539, 10575372.747474343, 10575662.748413295, 10575952.749352248, 10576241.750287961, 10576531.751226911, 10576820.752162626, 10577110.753101578, 10577399.754037293, 10577689.754976243, 10577980.755918434, 10578269.756854147, 10578558.757789861, 10578848.758728813, 10579138.759667765, 10579427.760603478, 10579717.76154243, 10580007.76248138, 10580296.763417095, 10580586.764356047]	0.0	0.0	0.0
919.1828983004235	2.0	trials	2.0	1.0	1.0	0.0	10000.0	1.0	True	40.0	0.0	0.005	[10646801.978744619, 10647092.979686808, 10647380.980619283, 10647671.981561475, 10647961.982500425, 10648250.983436137, 10648540.98437509, 10648830.985314041, 10649119.986249756, 10649409.987188708, 10649698.98812442, 10649988.989063373, 10650278.990002325, 10650568.990941277, 10650857.991876991, 10651147.992815942, 10651436.993751656, 10651725.994687371, 10652016.99562956, 10652305.996565273]	0.0	0.0	0.0
929.184767484079	2.0	trials	2.0	1.0	1.0	0.0	10000.0	1.0	True	40.0	0.0	0.005	[10762565.353557942, 10762854.354493655, 10763144.355432607, 10763433.35636832, 10763723.357307274, 10764013.358246224, 10764302.359181939, 10764591.360117652, 10764882.36105984, 10765170.361992318, 10765461.362934507, 10765751.363873458, 10766040.364809172, 10766329.365744887, 10766620.366687076, 10766909.36762279, 10767199.368561741, 10767488.369497456, 10767778.370436406, 10768067.371372122]	0.0	0.0	0.0
937.3451011052834	2.0	trials	2.0	1.0	1.0	0.0	10000.0	1.0	True	40.0	0.0	0.005	[10857013.659358315, 10857303.660297267, 10857591.661229743, 10857881.662168695, 10858171.663107647, 10858461.664046599, 10858750.664982311, 10859040.665921263, 10859330.666860215, 10859619.66779593, 10859910.66873812, 10860198.669670595, 10860488.670609547, 10860778.671548497, 10861067.672484213, 10861357.673423164, 10861647.674362116, 10861936.675297828, 10862226.67623678, 10862516.677175732]	0.0	0.0	0.0
947.5988271043908	2.0	trials	2.0	1.0	1.0	0.0	10000.0	1.0	True	40.0	0.0	0.005	[10975690.043603245, 10975980.044542197, 10976270.04548115, 10976559.046416864, 10976848.047352577, 10977138.048291529, 10977428.04923048, 10977718.050169433, 10978007.051105147, 10978296.05204086, 10978587.05298305, 10978876.053918762, 10979166.054857714, 10979456.055796668, 10979745.05673238, 10980034.057668094, 10980324.058607046, 10980614.059545998, 10980903.060481712, 10981192.061417425]	0.0	0.0	0.0
954.422548397965	2.0	trials	2.0	1.0	1.0	0.0	10000.0	1.0	True	40.0	0.0	0.005	[11054669.299318641, 11054959.300257593, 11055248.301193306, 11055537.30212902, 11055827.303067973, 11056117.304006925, 11056406.30494264, 11056696.30588159, 11056986.306820542, 11057276.307759495, 11057565.308695208, 11057854.309630923, 11058144.310569873, 11058434.311508825, 11058724.312447777, 11059014.313386729, 11059303.314322444, 11059592.315258157, 11059882.316197108, 11060172.31713606]	0.0	0.0	0.0
963.0399394990121	2.0	trials	2.0	1.0	1.0	0.0	10000.0	1.0	True	40.0	0.0	0.005	[11154406.622243553, 11154696.623182504, 11154986.624121455, 11155276.625060407, 11155565.625996122, 11155855.626935074, 11156144.627870787, 11156435.628812978, 11156724.62974869, 11157014.630687641, 11157303.631623358, 11157593.632562308, 11157883.63350126, 11158172.634436972, 11158461.635372687, 11158752.636314876, 11159041.637250591, 11159331.638189543, 11159620.639125256, 11159909.64006097]	0.0	0.0	0.0
972.3795505384344	2.0	trials	2.0	1.0	1.0	0.0	10000.0	1.0	True	40.0	0.0	0.005	[11262504.97223941, 11262792.973171888, 11263083.974114077, 11263372.97504979, 11263662.975988742, 11263951.976924455, 11264241.977863407, 11264530.978799121, 11264821.979741313, 11265110.980677025, 11265399.981612738, 11265689.98255169, 11265979.983490642, 11266268.984426357, 11266559.985368546, 11266848.98630426, 11267137.987239974, 11267427.988178926, 11267716.989114638, 11268006.99005359]	0.0	0.0	0.0
981.9137350078388	2.0	trials	2.0	1.0	1.0	0.0	10000.0	1.0	True	40.0	0.0	0.005	[11372853.329520239, 11373142.330455953, 11373432.331394905, 11373722.332333857, 11374012.33327281, 11374301.334208522, 11374591.335147474, 11374880.336083189, 11375170.337022139, 11375460.33796109, 11375750.338900045, 11376039.339835757, 11376328.34077147, 11376618.341710422, 11376909.342652611, 11377198.343588328, 11377487.344524039, 11377777.345462993, 11378067.346401943, 11378356.347337658]	0.0	0.0	0.0
991.747296446554	2.0	trials	2.0	1.0	1.0	0.0	10000.0	1.0	True	40.0	0.0	0.005	[11486668.698026398, 11486957.698962111, 11487248.6999043, 11487536.700836776, 11487826.70177573, 11488117.702717917, 11488406.703653632, 11488696.704592584, 11488986.705531536, 11489274.706464011, 11489564.707402963, 11489854.708341915, 11490144.709280867, 11490433.71021658, 11490723.711155532, 11491013.712094484, 11491302.713030199, 11491591.713965913, 11491882.7149081, 11492171.715843813]	0.0	0.0	0.0
999.142123589232	2.0	trials	2.0	1.0	1.0	0.0	10000.0	1.0	True	40.0	0.0	0.005	[11572255.97513694, 11572545.976075891, 11572834.977011606, 11573125.977953797, 11573414.97888951, 11573704.979828462, 11573994.980767412, 11574283.981703127, 11574573.982642079, 11574862.983577793, 11575152.984516745, 11575441.985452458, 11575731.98639141, 11576020.987327123, 11576311.988269314, 11576601.989208264, 11576890.990143979, 11577179.991079694, 11577470.992021883, 11577759.992957596]	0.0	0.0	0.0
1009.1355255454724	2.0	trials	2.0	1.0	1.0	0.0	10000.0	1.0	True	40.0	0.0	0.005	[11687921.349632964, 11688210.350568676, 11688500.351507628, 11688790.35244658, 11689079.353382295, 11689369.354321245, 11689659.355260197, 11689948.35619591, 11690237.357131625, 11690528.358073816, 11690817.359009529, 11691106.359945241, 11691396.360884193, 11691686.361823145, 11691975.36275886, 11692265.363697812, 11692555.364636764, 11692844.365572477, 11693134.366511429, 11693423.367447143]	0.0	0.0	0.0
1018.5566120486927	2.0	trials	2.0	1.0	1.0	0.0	10000.0	1.0	True	40.0	0.0	0.005	[11796960.702675559, 11797249.703611271, 11797540.70455346, 11797830.705492413, 11798120.706431365, 11798408.70736384, 11798699.70830603, 11798987.709238507, 11799278.710180694, 11799567.71111641, 11799857.71205536, 11800146.712991076, 11800436.713930026, 11800725.71486574, 11801016.71580793, 11801304.716740407, 11801595.717682596, 11801884.71861831, 11802173.719554024, 11802463.720492976]	0.0	0.0	0.0
1027.6785807834412	2.0	trials	2.0	1.0	1.0	0.0	10000.0	1.0	True	40.0	0.0	0.005	[11902539.04451225, 11902829.045451203, 11903119.046390153, 11903408.047325866, 11903697.048261581, 11903987.049200533, 11904276.050136248, 11904567.051078437, 11904856.052014152, 11905146.052953104, 11905436.053892054, 11905725.054827766, 11906015.05576672, 11906305.05670567, 11906594.057641383, 11906884.058580337, 11907174.059519287, 11907464.060458241, 11907752.061390717, 11908043.062332906]	0.0	0.0	0.0
1035.1695714374737	2.0	trials	2.0	1.0	1.0	0.0	10000.0	1.0	True	40.0	0.0	0.005	[11989240.325229662, 11989531.326171855, 11989820.327107567, 11990110.32804652, 11990399.328982232, 11990689.329921184, 11990979.330860134, 11991268.331795847, 11991557.332731565, 11991848.333673751, 11992137.334609468, 11992426.33554518, 11992716.336484132, 11993006.337423084, 11993296.338362038, 11993585.339297751, 11993875.340236701, 11994165.341175651, 11994454.342111368, 11994743.343047082]	0.0	0.0	0.0
1043.6298868299473	2.0	trials	2.0	1.0	1.0	0.0	10000.0	1.0	True	40.0	0.0	0.005	[12087160.642271554, 12087450.643210508, 12087739.644146223, 12088030.645088412, 12088319.646024125, 12088608.64695984, 12088899.647902027, 12089188.648837741, 12089478.649776695, 12089768.650715644, 12090056.651648121, 12090347.652590312, 12090636.653526025, 12090926.654464975, 12091216.655403929, 12091506.65634288, 12091795.657278594, 12092085.658217544, 12092374.659153258, 12092664.66009221]	0.0	0.0	0.0
1053.0085507958136	2.0	trials	2.0	1.0	1.0	0.0	10000.0	1.0	True	40.0	0.0	0.005	[12195710.993730886, 12195999.994666599, 12196289.995605549, 12196579.996544503, 12196868.997480216, 12197158.998419166, 12197448.999358118, 12197739.000297071, 12198028.001232784, 12198317.002168499, 12198608.003110688, 12198897.004046401, 12199187.004985351, 12199477.005924305, 12199766.00686002, 12200056.007798972, 12200346.008737922, 12200636.009676874, 12200924.01060935, 12201215.011551538]	0.0	0.0	0.0
1063.5807482260552	2.0	trials	2.0	1.0	1.0	0.0	10000.0	1.0	True	40.0	0.0	0.005	[12318073.389910214, 12318363.390849167, 12318653.39178812, 12318943.392727068, 12319232.393662782, 12319521.394598495, 12319811.395537449, 12320101.3964764, 12320391.397415353, 12320680.398351066, 12320969.39928678, 12321259.400225732, 12321549.401164686, 12321839.402103633, 12322128.40303935, 12322418.4039783, 12322708.404917253, 12322997.405852966, 12323287.406791916, 12323577.40773087]	0.0	0.0	0.0
1072.4121528200267	2.0	trials	2.0	1.0	1.0	0.0	10000.0	1.0	True	40.0	0.0	0.005	[12420288.720858304, 12420578.721797258, 12420869.722739443, 12421158.723675162, 12421447.724610874, 12421737.725549825, 12422027.726488777, 12422315.727421254, 12422605.728360208, 12422895.729299156, 12423184.73023487, 12423474.73117382, 12423764.732112775, 12424053.733048487, 12424344.733990679, 12424633.734926391, 12424922.735862104, 12425212.736801056, 12425501.73773677, 12425791.738675725]	0.0	0.0	0.0
1083.0473360542012	2.0	trials	2.0	1.0	1.0	0.0	10000.0	1.0	True	40.0	0.0	0.005	[12543381.119401203, 12543671.120340154, 12543961.121279107, 12544251.122218058, 12544540.12315377, 12544830.124092724, 12545120.125031674, 12545409.125967387, 12545699.12690634, 12545988.127842057, 12546278.128781008, 12546568.129719958, 12546857.13065567, 12547146.131591383, 12547436.132530337, 12547726.133469287, 12548016.134408241, 12548305.135343954, 12548595.136282906, 12548885.137221856]	0.0	0.0	0.0
1091.24663620157	2.0	trials	2.0	1.0	1.0	0.0	10000.0	1.0	True	40.0	0.0	0.005	[12638280.426661808, 12638569.42759752, 12638860.428539714, 12639149.429475427, 12639439.430414377, 12639728.431350091, 12640018.432289043, 12640308.433227994, 12640597.434163708, 12640887.435102662, 12641177.436041614, 12641467.436980564, 12641756.437916277, 12642045.438851992, 12642335.439790944, 12642625.440729894, 12642915.441668848, 12643204.44260456, 12643493.443540275, 12643784.444482464]	0.0	0.0	0.0
1099.5504806874285	2.0	trials	2.0	1.0	1.0	0.0	10000.0	1.0	True	40.0	0.0	0.005	[12734389.73784011, 12734679.738779062, 12734968.739714775, 12735259.740656966, 12735548.74159268, 12735838.74253163, 12736127.743467342, 12736416.74440306, 12736707.745345246, 12736997.7462842, 12737286.747219913, 12737575.74815563, 12737865.74909458, 12738155.750033533, 12738445.750972481, 12738734.751908196, 12739024.752847148, 12739313.753782863, 12739604.754725052, 12739892.755657526]	0.0	0.0	0.0
1108.2625664950742	2.0	trials	2.0	1.0	1.0	0.0	10000.0	1.0	True	40.0	0.0	0.005	[12835224.064316846, 12835514.0652558, 12835803.066191513, 12836093.067130463, 12836383.068069415, 12836672.069005134, 12836962.069944082, 12837252.070883032, 12837541.071818747, 12837831.0727577, 12838121.073696652, 12838410.074632365, 12838700.075571317, 12838990.07651027, 12839279.077445982, 12839568.078381697, 12839858.07932065, 12840148.080259599, 12840437.081195313, 12840728.082137503]	0.0	0.0	0.0
1117.2205474988698	2.0	trials	2.0	1.0	1.0	0.0	10000.0	1.0	True	40.0	0.0	0.005	[12938905.4000115, 12939195.400950452, 12939484.401886165, 12939774.402825117, 12940063.40376083, 12940354.404703021, 12940643.405638734, 12940932.406574449, 12941223.407516638, 12941512.408452354, 12941801.409388067, 12942091.41032702, 12942381.411265971, 12942670.412201684, 12942960.413140634, 12943250.414079588, 12943539.4150153, 12943829.41595425, 12944119.416893205, 12944408.41782892]	0.0	0.0	0.0
1125.3771659080455	2.0	trials	2.0	1.0	1.0	0.0	10000.0	1.0	True	40.0	0.0	0.005	[13033310.70567265, 13033599.706608366, 13033889.707547318, 13034178.708483031, 13034468.709421981, 13034758.710360935, 13035048.711299885, 13035337.712235598, 13035627.713174552, 13035916.714110265, 13036206.715049217, 13036496.715988168, 13036785.716923885, 13037075.717862833, 13037364.718798548, 13037654.7197375, 13037944.720676452, 13038233.721612165, 13038523.722551117, 13038813.723490069]	0.0	0.0	0.0
1134.8066332384008	2.0	trials	2.0	1.0	1.0	0.0	10000.0	1.0	True	40.0	0.0	0.005	[13142447.059029311, 13142737.059968261, 13143026.060903974, 13143317.061846167, 13143606.062781878, 13143895.06371759, 13144186.064659784, 13144476.065598734, 13144765.066534447, 13145055.067473397, 13145344.068409113, 13145634.069348063, 13145924.070287015, 13146213.07122273, 13146503.07216168, 13146792.073097397, 13147082.074036347, 13147371.07497206, 13147661.075911013, 13147951.076849964]	0.0	0.0	0.0
1145.28871517687	2.0	trials	2.0	1.0	1.0	0.0	10000.0	1.0	True	40.0	0.0	0.005	[13263767.451834887, 13264057.45277384, 13264346.453709556, 13264637.454651745, 13264926.45558746, 13265215.456523173, 13265505.457462123, 13265795.458401076, 13266085.459340027, 13266374.46027574, 13266663.461211452, 13266954.462153645, 13267244.463092595, 13267533.464028308, 13267822.464964023, 13268112.465902977, 13268401.46683869, 13268691.467777641, 13268981.468716593, 13269270.469652306]	0.0	0.0	0.0
1156.0410571903767	2.0	trials	2.0	1.0	1.0	0.0	10000.0	1.0	True	40.0	0.0	0.005	[13388216.854771433, 13388506.855710384, 13388795.8566461, 13389085.85758505, 13389374.858520765, 13389664.859459717, 13389954.86039867, 13390244.861337619, 13390533.862273334, 13390822.863209046, 13391112.864148, 13391401.865083713, 13391692.866025904, 13391981.866961617, 13392271.867900567, 13392560.868836284, 13392850.869775234, 13393139.870710948, 13393429.8716499, 13393718.872585613]	0.0	0.0	0.0
1165.7070020863894	2.0	trials	2.0	1.0	1.0	0.0	10000.0	1.0	True	40.0	0.0	0.005	[13500090.216989852, 13500379.217925569, 13500669.21886452, 13500959.21980347, 13501249.220742421, 13501539.221681371, 13501828.222617088, 13502117.2235528, 13502408.224494992, 13502697.225430705, 13502987.226369658, 13503277.227308609, 13503566.228244321, 13503855.229180036, 13504145.230118988, 13504435.231057938, 13504724.231993653, 13505014.232932605, 13505305.233874794, 13505594.234810509]	0.0	0.0	0.0
1173.075045142347	2.0	trials	2.0	1.0	1.0	0.0	10000.0	1.0	True	40.0	0.0	0.005	[13585368.493099926, 13585658.49403888, 13585947.494974593, 13586238.495916782, 13586526.49684926, 13586816.49778821, 13587106.498727161, 13587396.499666112, 13587685.500601826, 13587975.50154078, 13588264.502476493, 13588554.503415445, 13588844.504354397, 13589134.505293349, 13589423.506229062, 13589713.507168015, 13590002.508103726, 13590292.509042678, 13590581.509978393, 13590871.510917345]	0.0	0.0	0.0
1182.4016961398079	2.0	trials	2.0	1.0	1.0	0.0	10000.0	1.0	True	40.0	0.0	0.005	[13693315.842606882, 13693606.843549073, 13693895.844484786, 13694185.84542374, 13694475.84636269, 13694764.847298404, 13695053.848234117, 13695343.84917307, 13695633.850112023, 13695922.851047736, 13696212.851986686, 13696501.852922399, 13696791.853861352, 13697081.854800303, 13697370.855736017, 13697660.856674971, 13697950.857613923, 13698239.858549636, 13698529.859488588, 13698818.8604243]	0.0	0.0	0.0
1188.7471918850022	2.0	trials	2.0	1.0	1.0	0.0	10000.0	1.0	True	40.0	0.0	0.005	[13766759.080398018, 13767050.081340205, 13767339.082275918, 13767629.083214872, 13767919.084153824, 13768208.085089535, 13768498.086028488, 13768788.08696744, 13769077.087903153, 13769366.088838868, 13769656.089777822, 13769946.090716772, 13770235.091652485, 13770524.092588197, 13770814.093527151, 13771104.094466101, 13771394.095405053, 13771685.096347244, 13771973.09727972, 13772264.098221907]	0.0	0.0	0.0
1197.6992976697754	2.0	trials	2.0	1.0	1.0	0.0	10000.0	1.0	True	40.0	0.0	0.005	[13870372.415872501, 13870661.416808214, 13870951.417747166, 13871240.41868288, 13871530.41962183, 13871820.420560783, 13872110.421499737, 13872399.42243545, 13872690.42337764, 13872978.424310114, 13873268.425249068, 13873558.42618802, 13873847.427123733, 13874137.428062685, 13874427.429001637, 13874716.42993735, 13875005.430873064, 13875296.431815254, 13875585.432750966, 13875875.433689917]	0.0	0.0	0.0
1207.5471151546483	2.0	trials	2.0	1.0	1.0	0.0	10000.0	1.0	True	40.0	0.0	0.005	[13984351.784909653, 13984640.785845365, 13984929.78678108, 13985219.787720032, 13985509.788658986, 13985798.789594697, 13986088.790533649, 13986378.791472603, 13986666.792405076, 13986956.79334403, 13987247.794286216, 13987536.795221932, 13987825.796157647, 13988116.797099834, 13988405.798035549, 13988695.798974503, 13988984.799910216, 13989274.800849166, 13989564.80178812, 13989853.802723832]	0.0	0.0	0.0
1216.413857463035	2.0	trials	2.0	1.0	1.0	0.0	10000.0	1.0	True	40.0	0.0	0.005	[14086975.117178747, 14087265.118117701, 14087555.119056653, 14087844.119992368, 14088133.12092808, 14088423.121867035, 14088714.12280922, 14089002.123741698, 14089293.124683889, 14089582.125619601, 14089871.126555314, 14090160.12749103, 14090451.12843322, 14090740.129368935, 14091030.130307885, 14091320.131246839, 14091609.132182552, 14091899.133121502, 14092189.134060455, 14092478.134996168]	0.0	0.0	0.0
1225.209665141752	2.0	trials	2.0	1.0	1.0	0.0	10000.0	1.0	True	40.0	0.0	0.005	[14188779.44679612, 14189067.447728597, 14189357.448667545, 14189648.449609738, 14189936.450542215, 14190227.451484403, 14190516.45242012, 14190806.45335907, 14191095.454294782, 14191385.455233732, 14191674.456169449, 14191964.457108399, 14192255.45805059, 14192543.458983064, 14192833.459922016, 14193123.460860968, 14193412.461796682, 14193701.462732395, 14193991.463671349, 14194282.464613535]	0.0	0.0	0.0
1233.6818173725505	2.0	trials	2.0	1.0	1.0	0.0	10000.0	1.0	True	40.0	0.0	0.005	[14286835.764278347, 14287124.765214063, 14287414.766153013, 14287704.767091967, 14287993.76802768, 14288283.76896663, 14288573.769905584, 14288863.770844534, 14289153.771783486, 14289442.7727192, 14289732.773658153, 14290022.774597103, 14290310.77552958, 14290600.77646853, 14290890.777407482, 14291180.778346432, 14291469.779282149, 14291759.7802211, 14292049.781160053, 14292339.782099007]	0.0	0.0	0.0
1241.8598630511026	2.0	trials	2.0	1.0	1.0	0.0	10000.0	1.0	True	40.0	0.0	0.005	[14381490.070745703, 14381779.071681416, 14382069.07262037, 14382358.073556082, 14382648.074495032, 14382937.075430747, 14383227.0763697, 14383517.07730865, 14383806.078244364, 14384097.079186553, 14384386.08012227, 14384675.081057983, 14384965.081996933, 14385255.082935886, 14385545.083874837, 14385834.08481055, 14386123.085746262, 14386414.086688453, 14386703.087624166, 14386993.088563118]	0.0	0.0	0.0
1250.5536319994428	2.0	trials	2.0	1.0	1.0	0.0	10000.0	1.0	True	40.0	0.0	0.005	[14482111.396532794, 14482400.397468511, 14482690.398407461, 14482981.39934965, 14483270.400285363, 14483559.401221078, 14483850.402163267, 14484139.403098982, 14484428.404034695, 14484718.404973648, 14485007.405909361, 14485297.406848313, 14485587.407787263, 14485876.408722976, 14486167.409665167, 14486456.41060088, 14486746.411539834, 14487035.412475549, 14487325.4134145, 14487614.414350213]	0.0	0.0	0.0
1257.0179281292844	2.0	trials	2.0	1.0	1.0	0.0	10000.0	1.0	True	40.0	0.0	0.005	[14556929.638775853, 14557219.639714804, 14557508.64065052, 14557799.64159271, 14558088.642528422, 14558378.643467374, 14558667.64440309, 14558957.64534204, 14559247.646280993, 14559537.647219945, 14559826.648155658, 14560116.64909461, 14560405.650030322, 14560694.650966037, 14560984.651904987, 14561274.65284394, 14561564.653782893, 14561853.654718608, 14562143.655657558, 14562433.656596512]	0.0	0.0	0.0
1264.3006077088555	2.0	trials	2.0	1.0	1.0	0.0	10000.0	1.0	True	40.0	0.0	0.005	[14641219.911687016, 14641510.912629206, 14641799.91356492, 14642088.914500633, 14642378.915439587, 14642667.9163753, 14642957.91731425, 14643247.918253204, 14643537.919192156, 14643826.92012787, 14644116.921066819, 14644406.922005773, 14644696.922944723, 14644986.923883677, 14645275.924819391, 14645565.925758343, 14645854.926694056, 14646143.927629769, 14646433.92856872, 14646723.929507673]	0.0	0.0	0.0
1274.140476367992	2.0	trials	2.0	1.0	1.0	0.0	10000.0	1.0	True	40.0	0.0	0.005	[14755107.280426295, 14755397.281365247, 14755687.282304196, 14755977.28324315, 14756266.284178864, 14756555.285114577, 14756845.286053527, 14757135.286992481, 14757425.287931433, 14757715.288870383, 14758004.289806098, 14758293.290741814, 14758584.291684, 14758873.292619713, 14759162.29355543, 14759452.294494381, 14759742.295433333, 14760032.296372287, 14760322.297311233, 14760610.29824371]	0.0	0.0	0.0
1282.6001869585075	2.0	trials	2.0	1.0	1.0	0.0	10000.0	1.0	True	40.0	0.0	0.005	[14853020.597445522, 14853311.59838771, 14853600.599323425, 14853890.600262377, 14854179.601198092, 14854468.602133805, 14854758.603072755, 14855048.604011707, 14855337.604947422, 14855626.605883138, 14855916.606822088, 14856207.607764278, 14856497.608703228, 14856786.609638944, 14857075.610574657, 14857366.611516848, 14857655.612452561, 14857944.613388274, 14858234.614327224, 14858523.615262942]	0.0	0.0	0.0
1290.795944694407	2.0	trials	2.0	1.0	1.0	0.0	10000.0	1.0	True	40.0	0.0	0.005	[14947878.904573381, 14948168.905512333, 14948458.906451285, 14948747.907386998, 14949037.908325948, 14949326.90926166, 14949616.910200614, 14949906.911139565, 14950196.912078518, 14950485.913014231, 14950775.913953181, 14951064.914888898, 14951354.915827852, 14951643.916763565, 14951934.91770575, 14952223.918641465, 14952513.919580419, 14952802.920516131, 14953092.921455082, 14953382.922394035]	0.0	0.0	0.0
1296.9578398451467	2.0	trials	2.0	1.0	1.0	0.0	10000.0	1.0	True	40.0	0.0	0.005	[15019198.1354875, 15019488.136426453, 15019777.137362165, 15020067.138301117, 15020356.139236832, 15020646.140175786, 15020935.141111499, 15021225.142050449, 15021515.142989403, 15021805.143928353, 15022094.144864066, 15022384.145803018, 15022674.146741971, 15022964.147680921, 15023253.148616634, 15023542.149552349, 15023832.150491301, 15024122.151430251, 15024412.152369205, 15024701.15330492]	0.0	0.0	0.0
1307.1638728898356	2.0	trials	2.0	1.0	1.0	0.0	10000.0	1.0	True	40.0	0.0	0.005	[15137323.517948423, 15137613.518887376, 15137902.51982309, 15138192.52076204, 15138482.521700993, 15138771.522636706, 15139061.523575658, 15139351.524514608, 15139641.525453562, 15139929.52638604, 15140219.52732499, 15140508.528260702, 15140799.529202893, 15141088.530138606, 15141377.531074319, 15141668.53201651, 15141957.532952223, 15142247.533891175, 15142536.534826888, 15142826.535765842]	0.0	0.0	0.0
1317.1546828376838	2.0	trials	2.0	1.0	1.0	0.0	10000.0	1.0	True	40.0	0.0	0.005	[15252956.892340837, 15253246.893279787, 15253536.894218741, 15253825.895154456, 15254115.896093404, 15254405.897032356, 15254695.897971308, 15254984.898907024, 15255274.899845975, 15255564.900784928, 15255853.901720641, 15256143.902659591, 15256432.903595304, 15256722.904534258, 15257011.905469973, 15257301.90640892, 15257590.907344637, 15257880.908283591, 15258170.909222541, 15258460.910161491]	0.0	0.0	0.0
1326.2206641911587	2.0	trials	2.0	1.0	1.0	0.0	10000.0	1.0	True	40.0	0.0	0.005	[15357887.232079457, 15358177.233018411, 15358468.233960597, 15358757.234896312, 15359046.235832028, 15359336.236770978, 15359626.23770993, 15359915.238645643, 15360204.239581358, 15360494.240520312, 15360784.24145926, 15361073.242394974, 15361362.243330687, 15361652.244269641, 15361942.245208591, 15362232.246147545, 15362521.247083258, 15362811.248022208, 15363101.24896116, 15363390.249896878]	0.0	0.0	0.0
1336.9183148275877	2.0	trials	2.0	1.0	1.0	0.0	10000.0	1.0	True	40.0	0.0	0.005	[15481702.632963259, 15481993.633905448, 15482281.634837925, 15482571.63577688, 15482861.636715828, 15483151.637654778, 15483441.638593731, 15483730.639529446, 15484020.640468398, 15484310.641407352, 15484599.642343065, 15484889.643282015, 15485178.644217728, 15485468.645156682, 15485758.646095632, 15486047.647031344, 15486337.647970296, 15486627.648909248, 15486916.649844965, 15487206.650783915]	0.0	0.0	0.0
1346.9745297872016	2.0	trials	2.0	1.0	1.0	0.0	10000.0	1.0	True	40.0	0.0	0.005	[15598094.009809898, 15598384.010748852, 15598674.011687802, 15598963.012623515, 15599254.013565706, 15599542.014498182, 15599832.015437132, 15600122.016376084, 15600411.017311798, 15600700.018247515, 15600990.019186465, 15601280.020125415, 15601570.021064369, 15601859.022000082, 15602149.022939032, 15602439.023877986, 15602728.024813699, 15603018.02575265, 15603308.0266916, 15603597.027627314]	0.0	0.0	0.0
1354.9970549622153	2.0	trials	2.0	1.0	1.0	0.0	10000.0	1.0	True	40.0	0.0	0.005	[15690947.310446037, 15691238.311388228, 15691527.31232394, 15691817.313262895, 15692105.314195368, 15692395.315134322, 15692686.31607651, 15692974.317008987, 15693264.317947939, 15693555.318890126, 15693843.319822604, 15694134.320764795, 15694423.321700508, 15694712.32263622, 15695002.32357517, 15695292.324514125, 15695581.32544984, 15695871.326388791, 15696162.32733098, 15696450.328263458]	0.0	0.0	0.0
1364.021391380854	2.0	trials	2.0	1.0	1.0	0.0	10000.0	1.0	True	40.0	0.0	0.005	[15795396.648627296, 15795685.649563009, 15795976.650505198, 15796265.651440913, 15796554.652376626, 15796845.653318817, 15797133.654251289, 15797423.655190242, 15797713.656129193, 15798003.657068146, 15798293.658007098, 15798582.658942811, 15798872.659881761, 15799161.66081748, 15799451.66175643, 15799740.662692143, 15800031.663634334, 15800319.664566807, 15800609.66550576, 15800899.666444711]	0.0	0.0	0.0
1371.3015653523125	2.0	trials	2.0	1.0	1.0	0.0	10000.0	1.0	True	40.0	0.0	0.005	[15879656.921441324, 15879946.922380276, 15880235.92331599, 15880526.92425818, 15880815.925193893, 15881104.926129607, 15881394.927068561, 15881684.928007511, 15881974.928946463, 15882264.929885417, 15882553.93082113, 15882843.93176008, 15883132.932695793, 15883422.933634747, 15883711.93457046, 15884001.93550941, 15884290.936445124, 15884580.937384078, 15884870.93832303, 15885160.93926198]	0.0	0.0	0.0
1380.748831140295	2.0	trials	2.0	1.0	1.0	0.0	10000.0	1.0	True	40.0	0.0	0.005	[15989000.2754682, 15989291.27641039, 15989580.277346103, 15989870.278285056, 15990160.279224006, 15990449.28015972, 15990739.281098673, 15991028.282034386, 15991318.282973336, 15991607.283909053, 15991896.284844765, 15992187.285786957, 15992476.28672267, 15992766.28766162, 15993055.288597336, 15993345.289536286, 15993634.290472, 15993924.29141095, 15994214.292349903, 15994504.293288855]	0.0	0.0	0.0
1388.5611444346932	2.0	trials	2.0	1.0	1.0	0.0	10000.0	1.0	True	40.0	0.0	0.005	[16079421.568230098, 16079709.569162572, 16080000.570104761, 16080289.571040478, 16080578.571976189, 16080868.572915142, 16081158.573854094, 16081448.574793044, 16081737.575728757, 16082027.576667711, 16082317.577606661, 16082607.578545615, 16082895.57947809, 16083185.580417043, 16083475.581355995, 16083764.582291707, 16084054.583230661, 16084345.584172849, 16084634.585108561, 16084923.586044274]	0.0	0.0	0.0
1398.8812258486435	2.0	trials	2.0	1.0	1.0	0.0	10000.0	1.0	True	40.0	0.0	0.005	[16198865.95496163, 16199156.955903819, 16199445.956839534, 16199734.957775246, 16200024.9587142, 16200314.959653152, 16200603.960588865, 16200893.961527815, 16201183.962466769, 16201473.963405719, 16201762.964341436, 16202052.965280386, 16202341.9662161, 16202631.967155052, 16202920.968090765, 16203209.969026478, 16203500.96996867, 16203789.970904382, 16204079.971843332, 16204369.972782286]	0.0	0.0	0.0
1409.536885949117	2.0	trials	2.0	1.0	1.0	0.0	10000.0	1.0	True	40.0	0.0	0.005	[16322195.354271878, 16322485.355210831, 16322775.356149781, 16323064.357085498, 16323354.358024446, 16323643.358960163, 16323933.359899115, 16324223.360838065, 16324512.361773778, 16324803.362715969, 16325092.363651682, 16325381.364587395, 16325671.365526348, 16325961.3664653, 16326251.36740425, 16326541.368343204, 16326830.369278917, 16327119.370214632, 16327410.371156821, 16327699.372092536]	0.0	0.0	0.0
1419.8452169250222	2.0	trials	2.0	1.0	1.0	0.0	10000.0	1.0	True	40.0	0.0	0.005	[16441505.740569554, 16441795.741508504, 16442084.742444217, 16442374.743383171, 16442664.744322121, 16442952.745254599, 16443243.746196788, 16443533.747135738, 16443822.748071454, 16444112.749010403, 16444401.749946117, 16444691.750885071, 16444980.751820784, 16445271.752762975, 16445559.753695447, 16445849.7546344, 16446139.755573351, 16446429.756512305, 16446718.757448021, 16447008.75838697]	0.0	0.0	0.0
1426.0551506312993	2.0	trials	2.0	1.0	1.0	0.0	10000.0	1.0	True	40.0	0.0	0.005	[16513379.973280633, 16513669.974219585, 16513958.975155298, 16514247.976091012, 16514537.977029964, 16514827.977968914, 16515117.978907865, 16515406.979843581, 16515696.980782535, 16515985.981718248, 16516276.982660435, 16516564.98359291, 16516854.984531865, 16517144.985470815, 16517434.986409768, 16517723.987345481, 16518013.988284431, 16518302.989220148, 16518592.9901591, 16518882.991098052]	0.0	0.0	0.0
1434.9759795148054	2.0	trials	2.0	1.0	1.0	0.0	10000.0	1.0	True	40.0	0.0	0.005	[16616629.307576573, 16616919.308515523, 16617209.309454476, 16617498.31039019, 16617788.31132914, 16618078.312268093, 16618367.313203806, 16618657.314142756, 16618947.315081708, 16619236.316017423, 16619526.316956377, 16619815.31789209, 16620105.31883104, 16620394.319766752, 16620684.320705706, 16620974.321644658, 16621263.32258037, 16621553.323519323, 16621843.324458275, 16622132.32539399]	0.0	0.0	0.0
1441.4210947825438	2.0	trials	2.0	1.0	1.0	0.0	10000.0	1.0	True	40.0	0.0	0.005	[16691226.549104085, 16691516.550043035, 16691806.55098199, 16692094.551914465, 16692384.552853415, 16692674.553792367, 16692964.554731317, 16693253.555667035, 16693542.556602748, 16693833.557544937, 16694122.558480648, 16694411.559416361, 16694702.560358554, 16694992.561297506, 16695280.56222998, 16695571.56317217, 16695860.564107884, 16696150.565046834, 16696439.565982552, 16696729.566921502]	0.0	0.0	0.0
1451.3993766898295	2.0	trials	2.0	1.0	1.0	0.0	10000.0	1.0	True	40.0	0.0	0.005	[16806714.92302702, 16807004.923965976, 16807293.924901687, 16807583.92584064, 16807873.92677959, 16808162.927715305, 16808452.928654253, 16808742.92959321, 16809031.930528924, 16809321.931467876, 16809611.932406824, 16809900.93334254, 16810190.93428149, 16810480.935220443, 16810769.936156154, 16811058.937091872, 16811349.938034058, 16811638.938969772, 16811928.939908724, 16812217.940844443]	0.0	0.0	0.0
1462.2293925548252	2.0	trials	2.0	1.0	1.0	0.0	10000.0	1.0	True	40.0	0.0	0.005	[16932063.32887432, 16932352.32981003, 16932642.330748983, 16932932.331687935, 16933221.33262365, 16933510.333559364, 16933800.334498316, 16934091.3354405, 16934380.336376216, 16934670.33731517, 16934959.338250883, 16935249.339189835, 16935539.340128787, 16935828.341064498, 16936117.342000213, 16936408.342942405, 16936696.343874883, 16936987.34481707, 16937276.345752783, 16937566.346691735]	0.0	0.0	0.0
1473.0953509361943	2.0	trials	2.0	1.0	1.0	0.0	10000.0	1.0	True	40.0	0.0	0.005	[17057826.736065283, 17058115.737000998, 17058405.73793995, 17058695.738878902, 17058984.739814613, 17059274.74075357, 17059564.741692517, 17059854.74263147, 17060142.743563946, 17060433.744506136, 17060723.745445088, 17061012.746380802, 17061301.747316513, 17061591.74825547, 17061881.749194417, 17062170.75013013, 17062460.751069084, 17062750.752008036, 17063039.752943747, 17063329.753882702]	0.0	0.0	0.0
1483.3555569562823	2.0	trials	2.0	1.0	1.0	0.0	10000.0	1.0	True	40.0	0.0	0.005	[17176579.120556284, 17176868.121492, 17177158.12243095, 17177448.123369902, 17177737.124305613, 17178027.12524457, 17178316.12618028, 17178606.127119232, 17178896.128058184, 17179185.128993902, 17179474.129929613, 17179764.130868565, 17180053.131804276, 17180343.13274323, 17180633.13368218, 17180923.134621132, 17181213.135560084, 17181502.1364958, 17181792.13743475, 17182082.1383737]	0.0	0.0	0.0
1492.6194813506495	2.0	trials	2.0	1.0	1.0	0.0	10000.0	1.0	True	40.0	0.0	0.005	[17283800.467712626, 17284089.46864834, 17284379.46958729, 17284669.470526237, 17284958.471461955, 17285249.472404145, 17285538.47333986, 17285827.47427557, 17286117.475214526, 17286407.476153474, 17286696.47708919, 17286986.47802814, 17287276.478967093, 17287565.479902804, 17287855.48084176, 17288144.481777474, 17288435.48271966, 17288723.483652137, 17289014.48459433, 17289303.48553004]	0.0	0.0	0.0
1502.706109208733	2.0	trials	2.0	1.0	1.0	0.0	10000.0	1.0	True	40.0	0.0	0.005	[17400543.845698956, 17400832.84663467, 17401122.847573623, 17401411.848509334, 17401702.849451527, 17401991.850387238, 17402280.851322953, 17402570.8522619, 17402860.853200857, 17403150.85413981, 17403439.85507552, 17403729.85601447, 17404019.856953423, 17404307.8578859, 17404598.85882809, 17404888.859767042, 17405177.860702757, 17405466.861638468, 17405756.86257742, 17406045.863513134]	0.0	0.0	0.0
1509.8966860900978	2.0	trials	2.0	1.0	1.0	0.0	10000.0	1.0	True	40.0	0.0	0.005	[17483768.115158662, 17484057.116094377, 17484347.117033325, 17484637.11797228, 17484926.118907996, 17485216.119846947, 17485506.120785896, 17485795.12172161, 17486084.122657325, 17486374.123596277, 17486664.124535225, 17486953.12547094, 17487244.12641313, 17487533.127348844, 17487822.12828456, 17488112.12922351, 17488402.130162463, 17488691.131098177, 17488981.13203713, 17489271.13297608]	0.0	0.0	0.0
1518.5097571771576	2.0	trials	2.0	1.0	1.0	0.0	10000.0	1.0	True	40.0	0.0	0.005	[17583455.437921684, 17583745.438860636, 17584035.43979959, 17584324.440735303, 17584614.44167425, 17584904.442613203, 17585194.443552155, 17585483.44448787, 17585773.44542682, 17586061.4463593, 17586352.44730149, 17586641.448237203, 17586930.449172914, 17587220.450111866, 17587510.451050818, 17587800.45198977, 17588089.452925485, 17588380.453867674, 17588668.45480015, 17588959.455742337]	0.0	0.0	0.0
1526.1668091688568	2.0	trials	2.0	1.0	1.0	0.0	10000.0	1.0	True	40.0	0.0	0.005	[17672078.72486208, 17672368.725801032, 17672658.726739984, 17672948.727678936, 17673237.72861465, 17673527.7295536, 17673816.730489314, 17674107.731431503, 17674395.73236398, 17674685.733302932, 17674975.734241888, 17675265.735180836, 17675554.73611655, 17675844.7370555, 17676133.737991218, 17676423.738930166, 17676713.739869118, 17677003.74080807, 17677292.741743784, 17677581.7426795]	0.0	0.0	0.0
1535.6342926222994	2.0	trials	2.0	1.0	1.0	0.0	10000.0	1.0	True	40.0	0.0	0.005	[17781657.079649832, 17781946.080585543, 17782236.081524495, 17782526.082463447, 17782815.08339916, 17783104.084334876, 17783394.08527383, 17783684.08621278, 17783974.087151732, 17784263.088087443, 17784553.0890264, 17784843.089965347, 17785132.090901062, 17785422.091840014, 17785711.09277573, 17786001.093714677, 17786290.09465039, 17786580.095589343, 17786870.0965283, 17787159.09746401]	0.0	0.0	0.0
1543.6767762619338	2.0	trials	2.0	1.0	1.0	0.0	10000.0	1.0	True	40.0	0.0	0.005	[17874740.381030656, 17875030.38196961, 17875320.382908557, 17875610.38384751, 17875899.384783227, 17876189.38572218, 17876479.386661127, 17876768.387596842, 17877058.388535794, 17877347.38947151, 17877637.39041046, 17877926.39134617, 17878217.392288364, 17878506.393224075, 17878796.39416303, 17879085.395098746, 17879375.396037694, 17879664.39697341, 17879955.397915598, 17880244.398851313]	0.0	0.0	0.0
1551.8747804051065	2.0	trials	2.0	1.0	1.0	0.0	10000.0	1.0	True	40.0	0.0	0.005	[17969625.688245934, 17969915.689184885, 17970204.6901206, 17970493.69105631, 17970783.691995263, 17971073.692934215, 17971363.69387317, 17971652.69480888, 17971942.695747834, 17972232.696686782, 17972522.697625738, 17972811.698561452, 17973100.699497163, 17973390.700436115, 17973680.70137507, 17973970.70231402, 17974259.703249734, 17974549.704188686, 17974839.705127638, 17975128.70606335]	0.0	0.0	0.0
1561.627039180583	2.0	trials	2.0	1.0	1.0	0.0	10000.0	1.0	True	40.0	0.0	0.005	[18082499.053702116, 18082787.054634593, 18083078.055576783, 18083368.056515735, 18083656.057448212, 18083947.0583904, 18084236.059326112, 18084526.060265064, 18084815.06120078, 18085106.06214297, 18085395.063078683, 18085685.064017635, 18085974.06495335, 18086264.0658923, 18086553.066828012, 18086843.067766964, 18087132.06870268, 18087423.06964487, 18087711.070577346, 18088002.071519535]	0.0	0.0	0.0
1569.7158333701602	2.0	trials	2.0	1.0	1.0	0.0	10000.0	1.0	True	40.0	0.0	0.005	[18176118.35681838, 18176408.357757337, 18176698.358696286, 18176986.359628763, 18177277.360570956, 18177567.361509904, 18177855.36244238, 18178146.36338457, 18178435.364320282, 18178725.365259238, 18179014.36619495, 18179304.3671339, 18179594.368072852, 18179884.369011804, 18180173.36994752, 18180463.370886475, 18180752.371822186, 18181042.372761138, 18181332.37370009, 18181621.3746358]	0.0	0.0	0.0
1579.7827619644627	2.0	trials	2.0	1.0	1.0	0.0	10000.0	1.0	True	40.0	0.0	0.005	[18292634.734069742, 18292924.735008694, 18293214.735947646, 18293503.73688336, 18293793.737822313, 18294083.738761265, 18294372.73969698, 18294662.74063593, 18294950.741568405, 18295240.742507357, 18295531.743449546, 18295820.74438526, 18296110.745324213, 18296400.746263165, 18296689.74719888, 18296978.748134594, 18297268.749073543, 18297557.75000926, 18297847.75094821, 18298138.7518904]	0.0	0.0	0.0
1586.9764492558982	2.0	trials	2.0	1.0	1.0	0.0	10000.0	1.0	True	40.0	0.0	0.005	[18375894.00364277, 18376184.004581723, 18376473.005517438, 18376763.00645639, 18377052.0073921, 18377343.008334294, 18377633.009273246, 18377922.01020896, 18378213.011151146, 18378501.012083624, 18378791.013022576, 18379081.013961527, 18379370.014897242, 18379659.015832957, 18379949.016771905, 18380239.01771086, 18380529.018649813, 18380818.019585524, 18381108.020524476, 18381397.02146019]	0.0	0.0	0.0
1597.9981009413646	2.0	trials	2.0	1.0	1.0	0.0	10000.0	1.0	True	40.0	0.0	0.005	[18503460.41667143, 18503749.417607144, 18504039.418546095, 18504329.419485047, 18504617.42041752, 18504908.42135971, 18505197.422295425, 18505487.423234377, 18505777.42417333, 18506066.42510904, 18506355.426044755, 18506646.426986944, 18506935.427922662, 18507224.428858373, 18507514.429797325, 18507803.43073304, 18508094.43167523, 18508382.432607707, 18508673.433549896, 18508962.434485607]	0.0	0.0	0.0
1608.069349549654	2.0	trials	2.0	1.0	1.0	0.0	10000.0	1.0	True	40.0	0.0	0.005	[18620024.7940782, 18620313.795013912, 18620603.795952868, 18620893.796891816, 18621182.797827534, 18621472.798766483, 18621762.799705435, 18622051.80064115, 18622341.8015801, 18622631.802519053, 18622921.803458005, 18623210.804393716, 18623499.80532943, 18623789.806268383, 18624079.807207335, 18624369.808146287, 18624658.809082, 18624948.810020953, 18625238.8109599, 18625528.811898857]	0.0	0.0	0.0
1615.7019502621856	2.0	trials	2.0	1.0	1.0	0.0	10000.0	1.0	True	40.0	0.0	0.005	[18708366.080105547, 18708656.0810445, 18708946.08198345, 18709235.082919165, 18709524.083854876, 18709814.084793832, 18710104.08573278, 18710394.086671732, 18710683.087607447, 18710973.0885464, 18711262.089482114, 18711552.090421066, 18711841.091356777, 18712131.092295732, 18712421.093234684, 18712710.094170395, 18713000.095109347, 18713290.0960483, 18713580.09698725, 18713869.097922962]	0.0	0.0	0.0
1622.6409295289377	2.0	trials	2.0	1.0	1.0	0.0	10000.0	1.0	True	40.0	0.0	0.005	[18788677.340133645, 18788967.3410726, 18789256.34200831, 18789546.342947263, 18789836.343886215, 18790125.34482193, 18790415.345760882, 18790704.346696593, 18790994.347635545, 18791283.348571263, 18791574.34951345, 18791863.350449163, 18792153.351388115, 18792443.352327064, 18792732.353262782, 18793021.354198493, 18793311.35513745, 18793601.356076397, 18793890.35701211, 18794180.357951064]	0.0	0.0	0.0
1629.2365540839894	2.0	trials	2.0	1.0	1.0	0.0	10000.0	1.0	True	40.0	0.0	0.005	[18865015.587298106, 18865305.58823706, 18865595.58917601, 18865885.59011496, 18866174.591050677, 18866464.591989625, 18866754.59292858, 18867043.593864292, 18867332.594800007, 18867623.595742196, 18867912.59667791, 18868202.597616863, 18868492.598555814, 18868781.59949153, 18869071.600430477, 18869361.60136943, 18869649.602301907, 18869939.60324086, 18870229.60417981, 18870519.605118763]	0.0	0.0	0.0
1637.8211994790136	2.0	trials	2.0	1.0	1.0	0.0	10000.0	1.0	True	40.0	0.0	0.005	[18964374.90899914, 18964664.909938093, 18964953.910873808, 18965243.91181276, 18965533.91275171, 18965822.913687427, 18966113.914629612, 18966402.915565327, 18966692.916504283, 18966981.917439993, 18967271.918378945, 18967561.919317897, 18967850.920253612, 18968140.92119256, 18968429.92212828, 18968719.923067227, 18969009.92400618, 18969299.92494513, 18969588.925880846, 18969877.926816557]	0.0	0.0	0.0
1648.453099502558	2.0	trials	2.0	1.0	1.0	0.0	10000.0	1.0	True	40.0	0.0	0.005	[19087428.30741577, 19087718.30835472, 19088008.309293672, 19088298.31023262, 19088588.311171573, 19088877.312107287, 19089167.31304624, 19089457.313985195, 19089746.314920906, 19090035.31585662, 19090325.31679557, 19090615.317734525, 19090905.318673473, 19091195.319612425, 19091484.320548136, 19091774.32148709, 19092063.322422806, 19092353.32336176, 19092643.32430071, 19092932.325236425]	0.0	0.0	0.0
1657.629500413545	2.0	trials	2.0	1.0	1.0	0.0	10000.0	1.0	True	40.0	0.0	0.005	[19193638.651298724, 19193927.652234443, 19194217.65317339, 19194506.65410911, 19194796.655048057, 19195085.655983772, 19195376.65692596, 19195665.657861676, 19195955.658800628, 19196245.65973958, 19196534.66067529, 19196823.66161101, 19197114.662553195, 19197403.663488913, 19197692.664424624, 19197982.665363576, 19198271.666299287, 19198561.66723824, 19198851.66817719, 19199141.669116143]	0.0	0.0	0.0
1687.7581419628655	2.0	trials	3.0	1.0	1.0	0.0	10000.0	1.0	False	0.0	0.0	0.0	[NaN, NaN, NaN, NaN, NaN, NaN, NaN, NaN, NaN, NaN, NaN, NaN, NaN, NaN, NaN, NaN, NaN, NaN, NaN, NaN]	0.0	0.0	0.0
1695.4850917808774	2.0	trials	3.0	1.0	1.0	0.0	10000.0	1.0	False	0.0	0.0	0.0	[NaN, NaN, NaN, NaN, NaN, NaN, NaN, NaN, NaN, NaN, NaN, NaN, NaN, NaN, NaN, NaN, NaN, NaN, NaN, NaN]	0.0	0.0	0.0
1705.5185834669185	2.0	trials	3.0	1.0	1.0	0.0	10000.0	1.0	False	0.0	0.0	0.0	[NaN, NaN, NaN, NaN, NaN, NaN, NaN, NaN, NaN, NaN, NaN, NaN, NaN, NaN, NaN, NaN, NaN, NaN, NaN, NaN]	0.0	0.0	0.0
1715.1910947841923	2.0	trials	3.0	1.0	1.0	0.0	10000.0	1.0	False	0.0	0.0	0.0	[NaN, NaN, NaN, NaN, NaN, NaN, NaN, NaN, NaN, NaN, NaN, NaN, NaN, NaN, NaN, NaN, NaN, NaN, NaN, NaN]	0.0	0.0	0.0
1721.5566353942872	2.0	trials	3.0	1.0	1.0	0.0	10000.0	1.0	False	0.0	0.0	0.0	[NaN, NaN, NaN, NaN, NaN, NaN, NaN, NaN, NaN, NaN, NaN, NaN, NaN, NaN, NaN, NaN, NaN, NaN, NaN, NaN]	0.0	0.0	0.0
1728.1929544810976	2.0	trials	3.0	1.0	1.0	0.0	10000.0	1.0	False	0.0	0.0	0.0	[NaN, NaN, NaN, NaN, NaN, NaN, NaN, NaN, NaN, NaN, NaN, NaN, NaN, NaN, NaN, NaN, NaN, NaN, NaN, NaN]	0.0	0.0	0.0
1735.6148249113355	2.0	trials	3.0	1.0	1.0	0.0	10000.0	1.0	False	0.0	0.0	0.0	[NaN, NaN, NaN, NaN, NaN, NaN, NaN, NaN, NaN, NaN, NaN, NaN, NaN, NaN, NaN, NaN, NaN, NaN, NaN, NaN]	0.0	0.0	0.0
1743.321643464167	2.0	trials	3.0	1.0	1.0	0.0	10000.0	1.0	False	0.0	0.0	0.0	[NaN, NaN, NaN, NaN, NaN, NaN, NaN, NaN, NaN, NaN, NaN, NaN, NaN, NaN, NaN, NaN, NaN, NaN, NaN, NaN]	0.0	0.0	0.0
1750.1533999837573	2.0	trials	3.0	1.0	1.0	0.0	10000.0	1.0	False	0.0	0.0	0.0	[NaN, NaN, NaN, NaN, NaN, NaN, NaN, NaN, NaN, NaN, NaN, NaN, NaN, NaN, NaN, NaN, NaN, NaN, NaN, NaN]	0.0	0.0	0.0
1760.3772314860732	2.0	trials	3.0	1.0	1.0	0.0	10000.0	1.0	False	0.0	0.0	0.0	[NaN, NaN, NaN, NaN, NaN, NaN, NaN, NaN, NaN, NaN, NaN, NaN, NaN, NaN, NaN, NaN, NaN, NaN, NaN, NaN]	0.0	0.0	0.0
1767.9854673197174	2.0	trials	3.0	1.0	1.0	0.0	10000.0	1.0	False	0.0	0.0	0.0	[NaN, NaN, NaN, NaN, NaN, NaN, NaN, NaN, NaN, NaN, NaN, NaN, NaN, NaN, NaN, NaN, NaN, NaN, NaN, NaN]	0.0	0.0	0.0
1777.8370864168992	2.0	trials	3.0	1.0	1.0	0.0	10000.0	1.0	False	0.0	0.0	0.0	[NaN, NaN, NaN, NaN, NaN, NaN, NaN, NaN, NaN, NaN, NaN, NaN, NaN, NaN, NaN, NaN, NaN, NaN, NaN, NaN]	0.0	0.0	0.0
1788.1469725978397	2.0	trials	3.0	1.0	1.0	0.0	10000.0	1.0	False	0.0	0.0	0.0	[NaN, NaN, NaN, NaN, NaN, NaN, NaN, NaN, NaN, NaN, NaN, NaN, NaN, NaN, NaN, NaN, NaN, NaN, NaN, NaN]	0.0	0.0	0.0
1794.6013326955112	2.0	trials	3.0	1.0	1.0	0.0	10000.0	1.0	False	0.0	0.0	0.0	[NaN, NaN, NaN, NaN, NaN, NaN, NaN, NaN, NaN, NaN, NaN, NaN, NaN, NaN, NaN, NaN, NaN, NaN, NaN, NaN]	0.0	0.0	0.0
1801.1559171176846	2.0	trials	3.0	1.0	1.0	0.0	10000.0	1.0	False	0.0	0.0	0.0	[NaN, NaN, NaN, NaN, NaN, NaN, NaN, NaN, NaN, NaN, NaN, NaN, NaN, NaN, NaN, NaN, NaN, NaN, NaN, NaN]	0.0	0.0	0.0
1809.2588809531394	2.0	trials	3.0	1.0	1.0	0.0	10000.0	1.0	False	0.0	0.0	0.0	[NaN, NaN, NaN, NaN, NaN, NaN, NaN, NaN, NaN, NaN, NaN, NaN, NaN, NaN, NaN, NaN, NaN, NaN, NaN, NaN]	0.0	0.0	0.0
1819.0992680139545	2.0	trials	3.0	1.0	1.0	0.0	10000.0	1.0	False	0.0	0.0	0.0	[NaN, NaN, NaN, NaN, NaN, NaN, NaN, NaN, NaN, NaN, NaN, NaN, NaN, NaN, NaN, NaN, NaN, NaN, NaN, NaN]	0.0	0.0	0.0
1829.881504524252	2.0	trials	3.0	1.0	1.0	0.0	10000.0	1.0	False	0.0	0.0	0.0	[NaN, NaN, NaN, NaN, NaN, NaN, NaN, NaN, NaN, NaN, NaN, NaN, NaN, NaN, NaN, NaN, NaN, NaN, NaN, NaN]	0.0	0.0	0.0
1840.7539429266021	2.0	trials	3.0	1.0	1.0	0.0	10000.0	1.0	False	0.0	0.0	0.0	[NaN, NaN, NaN, NaN, NaN, NaN, NaN, NaN, NaN, NaN, NaN, NaN, NaN, NaN, NaN, NaN, NaN, NaN, NaN, NaN]	0.0	0.0	0.0
1851.6319109468554	2.0	trials	3.0	1.0	1.0	0.0	10000.0	1.0	False	0.0	0.0	0.0	[NaN, NaN, NaN, NaN, NaN, NaN, NaN, NaN, NaN, NaN, NaN, NaN, NaN, NaN, NaN, NaN, NaN, NaN, NaN, NaN]	0.0	0.0	0.0
1858.1778553410547	2.0	trials	3.0	1.0	1.0	0.0	10000.0	1.0	False	0.0	0.0	0.0	[NaN, NaN, NaN, NaN, NaN, NaN, NaN, NaN, NaN, NaN, NaN, NaN, NaN, NaN, NaN, NaN, NaN, NaN, NaN, NaN]	0.0	0.0	0.0
1869.2479775834572	2.0	trials	3.0	1.0	1.0	0.0	10000.0	1.0	False	0.0	0.0	0.0	[NaN, NaN, NaN, NaN, NaN, NaN, NaN, NaN, NaN, NaN, NaN, NaN, NaN, NaN, NaN, NaN, NaN, NaN, NaN, NaN]	0.0	0.0	0.0
1880.2702340708822	2.0	trials	3.0	1.0	1.0	0.0	10000.0	1.0	False	0.0	0.0	0.0	[NaN, NaN, NaN, NaN, NaN, NaN, NaN, NaN, NaN, NaN, NaN, NaN, NaN, NaN, NaN, NaN, NaN, NaN, NaN, NaN]	0.0	0.0	0.0
1889.5523025239954	2.0	trials	3.0	1.0	1.0	0.0	10000.0	1.0	False	0.0	0.0	0.0	[NaN, NaN, NaN, NaN, NaN, NaN, NaN, NaN, NaN, NaN, NaN, NaN, NaN, NaN, NaN, NaN, NaN, NaN, NaN, NaN]	0.0	0.0	0.0
1896.824009268039	2.0	trials	3.0	1.0	1.0	0.0	10000.0	1.0	False	0.0	0.0	0.0	[NaN, NaN, NaN, NaN, NaN, NaN, NaN, NaN, NaN, NaN, NaN, NaN, NaN, NaN, NaN, NaN, NaN, NaN, NaN, NaN]	0.0	0.0	0.0
1904.654293820624	2.0	trials	3.0	1.0	1.0	0.0	10000.0	1.0	False	0.0	0.0	0.0	[NaN, NaN, NaN, NaN, NaN, NaN, NaN, NaN, NaN, NaN, NaN, NaN, NaN, NaN, NaN, NaN, NaN, NaN, NaN, NaN]	0.0	0.0	0.0
1913.741097641517	2.0	trials	3.0	1.0	1.0	0.0	10000.0	1.0	False	0.0	0.0	0.0	[NaN, NaN, NaN, NaN, NaN, NaN, NaN, NaN, NaN, NaN, NaN, NaN, NaN, NaN, NaN, NaN, NaN, NaN, NaN, NaN]	0.0	0.0	0.0
1922.7204195144093	2.0	trials	3.0	1.0	1.0	0.0	10000.0	1.0	False	0.0	0.0	0.0	[NaN, NaN, NaN, NaN, NaN, NaN, NaN, NaN, NaN, NaN, NaN, NaN, NaN, NaN, NaN, NaN, NaN, NaN, NaN, NaN]	0.0	0.0	0.0
1929.3832634871012	2.0	trials	3.0	1.0	1.0	0.0	10000.0	1.0	False	0.0	0.0	0.0	[NaN, NaN, NaN, NaN, NaN, NaN, NaN, NaN, NaN, NaN, NaN, NaN, NaN, NaN, NaN, NaN, NaN, NaN, NaN, NaN]	0.0	0.0	0.0
1936.8925710004394	2.0	trials	3.0	1.0	1.0	0.0	10000.0	1.0	False	0.0	0.0	0.0	[NaN, NaN, NaN, NaN, NaN, NaN, NaN, NaN, NaN, NaN, NaN, NaN, NaN, NaN, NaN, NaN, NaN, NaN, NaN, NaN]	0.0	0.0	0.0
1946.8156431289685	2.0	trials	3.0	1.0	1.0	0.0	10000.0	1.0	False	0.0	0.0	0.0	[NaN, NaN, NaN, NaN, NaN, NaN, NaN, NaN, NaN, NaN, NaN, NaN, NaN, NaN, NaN, NaN, NaN, NaN, NaN, NaN]	0.0	0.0	0.0
1955.6844590440687	2.0	trials	3.0	1.0	1.0	0.0	10000.0	1.0	False	0.0	0.0	0.0	[NaN, NaN, NaN, NaN, NaN, NaN, NaN, NaN, NaN, NaN, NaN, NaN, NaN, NaN, NaN, NaN, NaN, NaN, NaN, NaN]	0.0	0.0	0.0
1961.8286421374614	2.0	trials	3.0	1.0	1.0	0.0	10000.0	1.0	False	0.0	0.0	0.0	[NaN, NaN, NaN, NaN, NaN, NaN, NaN, NaN, NaN, NaN, NaN, NaN, NaN, NaN, NaN, NaN, NaN, NaN, NaN, NaN]	0.0	0.0	0.0
1972.77892719186	2.0	trials	3.0	1.0	1.0	0.0	10000.0	1.0	False	0.0	0.0	0.0	[NaN, NaN, NaN, NaN, NaN, NaN, NaN, NaN, NaN, NaN, NaN, NaN, NaN, NaN, NaN, NaN, NaN, NaN, NaN, NaN]	0.0	0.0	0.0
1982.324948499589	2.0	trials	3.0	1.0	1.0	0.0	10000.0	1.0	False	0.0	0.0	0.0	[NaN, NaN, NaN, NaN, NaN, NaN, NaN, NaN, NaN, NaN, NaN, NaN, NaN, NaN, NaN, NaN, NaN, NaN, NaN, NaN]	0.0	0.0	0.0
1992.6930684690772	2.0	trials	3.0	1.0	1.0	0.0	10000.0	1.0	False	0.0	0.0	0.0	[NaN, NaN, NaN, NaN, NaN, NaN, NaN, NaN, NaN, NaN, NaN, NaN, NaN, NaN, NaN, NaN, NaN, NaN, NaN, NaN]	0.0	0.0	0.0
2001.525250665566	2.0	trials	3.0	1.0	1.0	0.0	10000.0	1.0	False	0.0	0.0	0.0	[NaN, NaN, NaN, NaN, NaN, NaN, NaN, NaN, NaN, NaN, NaN, NaN, NaN, NaN, NaN, NaN, NaN, NaN, NaN, NaN]	0.0	0.0	0.0
2009.6937923133462	2.0	trials	3.0	1.0	1.0	0.0	10000.0	1.0	False	0.0	0.0	0.0	[NaN, NaN, NaN, NaN, NaN, NaN, NaN, NaN, NaN, NaN, NaN, NaN, NaN, NaN, NaN, NaN, NaN, NaN, NaN, NaN]	0.0	0.0	0.0
2018.576950674884	2.0	trials	3.0	1.0	1.0	0.0	10000.0	1.0	False	0.0	0.0	0.0	[NaN, NaN, NaN, NaN, NaN, NaN, NaN, NaN, NaN, NaN, NaN, NaN, NaN, NaN, NaN, NaN, NaN, NaN, NaN, NaN]	0.0	0.0	0.0
2025.657280799296	2.0	trials	3.0	1.0	1.0	0.0	10000.0	1.0	False	0.0	0.0	0.0	[NaN, NaN, NaN, NaN, NaN, NaN, NaN, NaN, NaN, NaN, NaN, NaN, NaN, NaN, NaN, NaN, NaN, NaN, NaN, NaN]	0.0	0.0	0.0
2033.1094777277235	2.0	trials	3.0	1.0	1.0	0.0	10000.0	1.0	False	0.0	0.0	0.0	[NaN, NaN, NaN, NaN, NaN, NaN, NaN, NaN, NaN, NaN, NaN, NaN, NaN, NaN, NaN, NaN, NaN, NaN, NaN, NaN]	0.0	0.0	0.0
2041.46118796856	2.0	trials	3.0	1.0	1.0	0.0	10000.0	1.0	False	0.0	0.0	0.0	[NaN, NaN, NaN, NaN, NaN, NaN, NaN, NaN, NaN, NaN, NaN, NaN, NaN, NaN, NaN, NaN, NaN, NaN, NaN, NaN]	0.0	0.0	0.0
2048.3372678316587	2.0	trials	3.0	1.0	1.0	0.0	10000.0	1.0	False	0.0	0.0	0.0	[NaN, NaN, NaN, NaN, NaN, NaN, NaN, NaN, NaN, NaN, NaN, NaN, NaN, NaN, NaN, NaN, NaN, NaN, NaN, NaN]	0.0	0.0	0.0
2056.0536768155416	2.0	trials	3.0	1.0	1.0	0.0	10000.0	1.0	False	0.0	0.0	0.0	[NaN, NaN, NaN, NaN, NaN, NaN, NaN, NaN, NaN, NaN, NaN, NaN, NaN, NaN, NaN, NaN, NaN, NaN, NaN, NaN]	0.0	0.0	0.0
2065.01744663808	2.0	trials	3.0	1.0	1.0	0.0	10000.0	1.0	False	0.0	0.0	0.0	[NaN, NaN, NaN, NaN, NaN, NaN, NaN, NaN, NaN, NaN, NaN, NaN, NaN, NaN, NaN, NaN, NaN, NaN, NaN, NaN]	0.0	0.0	0.0
2071.6179096087976	2.0	trials	3.0	1.0	1.0	0.0	10000.0	1.0	False	0.0	0.0	0.0	[NaN, NaN, NaN, NaN, NaN, NaN, NaN, NaN, NaN, NaN, NaN, NaN, NaN, NaN, NaN, NaN, NaN, NaN, NaN, NaN]	0.0	0.0	0.0
2078.1756908413213	2.0	trials	3.0	1.0	1.0	0.0	10000.0	1.0	False	0.0	0.0	0.0	[NaN, NaN, NaN, NaN, NaN, NaN, NaN, NaN, NaN, NaN, NaN, NaN, NaN, NaN, NaN, NaN, NaN, NaN, NaN, NaN]	0.0	0.0	0.0
2086.1136301424663	2.0	trials	3.0	1.0	1.0	0.0	10000.0	1.0	False	0.0	0.0	0.0	[NaN, NaN, NaN, NaN, NaN, NaN, NaN, NaN, NaN, NaN, NaN, NaN, NaN, NaN, NaN, NaN, NaN, NaN, NaN, NaN]	0.0	0.0	0.0
2094.723936420575	2.0	trials	3.0	1.0	1.0	0.0	10000.0	1.0	False	0.0	0.0	0.0	[NaN, NaN, NaN, NaN, NaN, NaN, NaN, NaN, NaN, NaN, NaN, NaN, NaN, NaN, NaN, NaN, NaN, NaN, NaN, NaN]	0.0	0.0	0.0
2105.2122391791854	2.0	trials	3.0	1.0	1.0	0.0	10000.0	1.0	False	0.0	0.0	0.0	[NaN, NaN, NaN, NaN, NaN, NaN, NaN, NaN, NaN, NaN, NaN, NaN, NaN, NaN, NaN, NaN, NaN, NaN, NaN, NaN]	0.0	0.0	0.0
2181.822071223461	2.0	trials	4.0	1.0	1.0	1.0	0.0	1.0	False	0.0	0.0	0.0	[NaN, NaN, NaN, NaN, NaN, NaN, NaN, NaN, NaN, NaN, NaN, NaN, NaN, NaN, NaN, NaN, NaN, NaN, NaN, NaN]	1.0	0.02	5.0
2192.2473017778593	2.0	trials	4.0	1.0	1.0	1.0	0.0	1.0	False	0.0	0.0	0.0	[NaN, NaN, NaN, NaN, NaN, NaN, NaN, NaN, NaN, NaN, NaN, NaN, NaN, NaN, NaN, NaN, NaN, NaN, NaN, NaN]	1.0	0.02	5.0
2199.394073717394	2.0	trials	4.0	1.0	1.0	1.0	0.0	1.0	False	0.0	0.0	0.0	[NaN, NaN, NaN, NaN, NaN, NaN, NaN, NaN, NaN, NaN, NaN, NaN, NaN, NaN, NaN, NaN, NaN, NaN, NaN, NaN]	1.0	0.02	5.0
2206.0680633261727	2.0	trials	4.0	1.0	1.0	1.0	0.0	1.0	False	0.0	0.0	0.0	[NaN, NaN, NaN, NaN, NaN, NaN, NaN, NaN, NaN, NaN, NaN, NaN, NaN, NaN, NaN, NaN, NaN, NaN, NaN, NaN]	1.0	0.02	5.0
2215.899291957335	2.0	trials	4.0	1.0	1.0	1.0	0.0	1.0	False	0.0	0.0	0.0	[NaN, NaN, NaN, NaN, NaN, NaN, NaN, NaN, NaN, NaN, NaN, NaN, NaN, NaN, NaN, NaN, NaN, NaN, NaN, NaN]	1.0	0.02	5.0
2222.9803996842647	2.0	trials	4.0	1.0	1.0	1.0	0.0	1.0	False	0.0	0.0	0.0	[NaN, NaN, NaN, NaN, NaN, NaN, NaN, NaN, NaN, NaN, NaN, NaN, NaN, NaN, NaN, NaN, NaN, NaN, NaN, NaN]	1.0	0.02	5.0
2229.7476151948867	2.0	trials	4.0	1.0	1.0	1.0	0.0	1.0	False	0.0	0.0	0.0	[NaN, NaN, NaN, NaN, NaN, NaN, NaN, NaN, NaN, NaN, NaN, NaN, NaN, NaN, NaN, NaN, NaN, NaN, NaN, NaN]	1.0	0.02	5.0
2239.983801937206	2.0	trials	4.0	1.0	1.0	1.0	0.0	1.0	False	0.0	0.0	0.0	[NaN, NaN, NaN, NaN, NaN, NaN, NaN, NaN, NaN, NaN, NaN, NaN, NaN, NaN, NaN, NaN, NaN, NaN, NaN, NaN]	1.0	0.02	5.0
2249.9800551026783	2.0	trials	4.0	1.0	1.0	1.0	0.0	1.0	False	0.0	0.0	0.0	[NaN, NaN, NaN, NaN, NaN, NaN, NaN, NaN, NaN, NaN, NaN, NaN, NaN, NaN, NaN, NaN, NaN, NaN, NaN, NaN]	1.0	0.02	5.0
2257.6502399368983	2.0	trials	4.0	1.0	1.0	1.0	0.0	1.0	False	0.0	0.0	0.0	[NaN, NaN, NaN, NaN, NaN, NaN, NaN, NaN, NaN, NaN, NaN, NaN, NaN, NaN, NaN, NaN, NaN, NaN, NaN, NaN]	1.0	0.02	5.0
2266.133105802385	2.0	trials	4.0	1.0	1.0	1.0	0.0	1.0	False	0.0	0.0	0.0	[NaN, NaN, NaN, NaN, NaN, NaN, NaN, NaN, NaN, NaN, NaN, NaN, NaN, NaN, NaN, NaN, NaN, NaN, NaN, NaN]	1.0	0.02	5.0
2277.214373680875	2.0	trials	4.0	1.0	1.0	1.0	0.0	1.0	False	0.0	0.0	0.0	[NaN, NaN, NaN, NaN, NaN, NaN, NaN, NaN, NaN, NaN, NaN, NaN, NaN, NaN, NaN, NaN, NaN, NaN, NaN, NaN]	1.0	0.02	5.0
2284.162424977	2.0	trials	4.0	1.0	1.0	1.0	0.0	1.0	False	0.0	0.0	0.0	[NaN, NaN, NaN, NaN, NaN, NaN, NaN, NaN, NaN, NaN, NaN, NaN, NaN, NaN, NaN, NaN, NaN, NaN, NaN, NaN]	1.0	0.02	5.0
2294.074869871121	2.0	trials	4.0	1.0	1.0	1.0	0.0	1.0	False	0.0	0.0	0.0	[NaN, NaN, NaN, NaN, NaN, NaN, NaN, NaN, NaN, NaN, NaN, NaN, NaN, NaN, NaN, NaN, NaN, NaN, NaN, NaN]	1.0	0.02	5.0
2303.2490243748343	2.0	trials	4.0	1.0	1.0	1.0	0.0	1.0	False	0.0	0.0	0.0	[NaN, NaN, NaN, NaN, NaN, NaN, NaN, NaN, NaN, NaN, NaN, NaN, NaN, NaN, NaN, NaN, NaN, NaN, NaN, NaN]	1.0	0.02	5.0
2310.5209039194374	2.0	trials	4.0	1.0	1.0	1.0	0.0	1.0	False	0.0	0.0	0.0	[NaN, NaN, NaN, NaN, NaN, NaN, NaN, NaN, NaN, NaN, NaN, NaN, NaN, NaN, NaN, NaN, NaN, NaN, NaN, NaN]	1.0	0.02	5.0
2320.9373216453014	2.0	trials	4.0	1.0	1.0	1.0	0.0	1.0	False	0.0	0.0	0.0	[NaN, NaN, NaN, NaN, NaN, NaN, NaN, NaN, NaN, NaN, NaN, NaN, NaN, NaN, NaN, NaN, NaN, NaN, NaN, NaN]	1.0	0.02	5.0
2328.750671743057	2.0	trials	4.0	1.0	1.0	1.0	0.0	1.0	False	0.0	0.0	0.0	[NaN, NaN, NaN, NaN, NaN, NaN, NaN, NaN, NaN, NaN, NaN, NaN, NaN, NaN, NaN, NaN, NaN, NaN, NaN, NaN]	1.0	0.02	5.0
2336.580437893963	2.0	trials	4.0	1.0	1.0	1.0	0.0	1.0	False	0.0	0.0	0.0	[NaN, NaN, NaN, NaN, NaN, NaN, NaN, NaN, NaN, NaN, NaN, NaN, NaN, NaN, NaN, NaN, NaN, NaN, NaN, NaN]	1.0	0.02	5.0
2346.5931071125865	2.0	trials	4.0	1.0	1.0	1.0	0.0	1.0	False	0.0	0.0	0.0	[NaN, NaN, NaN, NaN, NaN, NaN, NaN, NaN, NaN, NaN, NaN, NaN, NaN, NaN, NaN, NaN, NaN, NaN, NaN, NaN]	1.0	0.02	5.0
2355.1552020345976	2.0	trials	4.0	1.0	1.0	1.0	0.0	1.0	False	0.0	0.0	0.0	[NaN, NaN, NaN, NaN, NaN, NaN, NaN, NaN, NaN, NaN, NaN, NaN, NaN, NaN, NaN, NaN, NaN, NaN, NaN, NaN]	1.0	0.02	5.0
2362.949544070809	2.0	trials	4.0	1.0	1.0	1.0	0.0	1.0	False	0.0	0.0	0.0	[NaN, NaN, NaN, NaN, NaN, NaN, NaN, NaN, NaN, NaN, NaN, NaN, NaN, NaN, NaN, NaN, NaN, NaN, NaN, NaN]	1.0	0.02	5.0
2370.149106581267	2.0	trials	4.0	1.0	1.0	1.0	0.0	1.0	False	0.0	0.0	0.0	[NaN, NaN, NaN, NaN, NaN, NaN, NaN, NaN, NaN, NaN, NaN, NaN, NaN, NaN, NaN, NaN, NaN, NaN, NaN, NaN]	1.0	0.02	5.0
2380.7950898504096	2.0	trials	4.0	1.0	1.0	1.0	0.0	1.0	False	0.0	0.0	0.0	[NaN, NaN, NaN, NaN, NaN, NaN, NaN, NaN, NaN, NaN, NaN, NaN, NaN, NaN, NaN, NaN, NaN, NaN, NaN, NaN]	1.0	0.02	5.0
2389.288842151144	2.0	trials	4.0	1.0	1.0	1.0	0.0	1.0	False	0.0	0.0	0.0	[NaN, NaN, NaN, NaN, NaN, NaN, NaN, NaN, NaN, NaN, NaN, NaN, NaN, NaN, NaN, NaN, NaN, NaN, NaN, NaN]	1.0	0.02	5.0
2395.6914484812487	2.0	trials	4.0	1.0	1.0	1.0	0.0	1.0	False	0.0	0.0	0.0	[NaN, NaN, NaN, NaN, NaN, NaN, NaN, NaN, NaN, NaN, NaN, NaN, NaN, NaN, NaN, NaN, NaN, NaN, NaN, NaN]	1.0	0.02	5.0
2403.001516949498	2.0	trials	4.0	1.0	1.0	1.0	0.0	1.0	False	0.0	0.0	0.0	[NaN, NaN, NaN, NaN, NaN, NaN, NaN, NaN, NaN, NaN, NaN, NaN, NaN, NaN, NaN, NaN, NaN, NaN, NaN, NaN]	1.0	0.02	5.0
2412.9352163124363	2.0	trials	4.0	1.0	1.0	1.0	0.0	1.0	False	0.0	0.0	0.0	[NaN, NaN, NaN, NaN, NaN, NaN, NaN, NaN, NaN, NaN, NaN, NaN, NaN, NaN, NaN, NaN, NaN, NaN, NaN, NaN]	1.0	0.02	5.0
2422.5654778929156	2.0	trials	4.0	1.0	1.0	1.0	0.0	1.0	False	0.0	0.0	0.0	[NaN, NaN, NaN, NaN, NaN, NaN, NaN, NaN, NaN, NaN, NaN, NaN, NaN, NaN, NaN, NaN, NaN, NaN, NaN, NaN]	1.0	0.02	5.0
2429.9698954666446	2.0	trials	4.0	1.0	1.0	1.0	0.0	1.0	False	0.0	0.0	0.0	[NaN, NaN, NaN, NaN, NaN, NaN, NaN, NaN, NaN, NaN, NaN, NaN, NaN, NaN, NaN, NaN, NaN, NaN, NaN, NaN]	1.0	0.02	5.0
2437.565689660006	2.0	trials	4.0	1.0	1.0	1.0	0.0	1.0	False	0.0	0.0	0.0	[NaN, NaN, NaN, NaN, NaN, NaN, NaN, NaN, NaN, NaN, NaN, NaN, NaN, NaN, NaN, NaN, NaN, NaN, NaN, NaN]	1.0	0.02	5.0
2444.159931810582	2.0	trials	4.0	1.0	1.0	1.0	0.0	1.0	False	0.0	0.0	0.0	[NaN, NaN, NaN, NaN, NaN, NaN, NaN, NaN, NaN, NaN, NaN, NaN, NaN, NaN, NaN, NaN, NaN, NaN, NaN, NaN]	1.0	0.02	5.0
2452.6735561756573	2.0	trials	4.0	1.0	1.0	1.0	0.0	1.0	False	0.0	0.0	0.0	[NaN, NaN, NaN, NaN, NaN, NaN, NaN, NaN, NaN, NaN, NaN, NaN, NaN, NaN, NaN, NaN, NaN, NaN, NaN, NaN]	1.0	0.02	5.0
2462.807876988159	2.0	trials	4.0	1.0	1.0	1.0	0.0	1.0	False	0.0	0.0	0.0	[NaN, NaN, NaN, NaN, NaN, NaN, NaN, NaN, NaN, NaN, NaN, NaN, NaN, NaN, NaN, NaN, NaN, NaN, NaN, NaN]	1.0	0.02	5.0
2473.841970313909	2.0	trials	4.0	1.0	1.0	1.0	0.0	1.0	False	0.0	0.0	0.0	[NaN, NaN, NaN, NaN, NaN, NaN, NaN, NaN, NaN, NaN, NaN, NaN, NaN, NaN, NaN, NaN, NaN, NaN, NaN, NaN]	1.0	0.02	5.0
2482.752690364685	2.0	trials	4.0	1.0	1.0	1.0	0.0	1.0	False	0.0	0.0	0.0	[NaN, NaN, NaN, NaN, NaN, NaN, NaN, NaN, NaN, NaN, NaN, NaN, NaN, NaN, NaN, NaN, NaN, NaN, NaN, NaN]	1.0	0.02	5.0
2492.5409780568148	2.0	trials	4.0	1.0	1.0	1.0	0.0	1.0	False	0.0	0.0	0.0	[NaN, NaN, NaN, NaN, NaN, NaN, NaN, NaN, NaN, NaN, NaN, NaN, NaN, NaN, NaN, NaN, NaN, NaN, NaN, NaN]	1.0	0.02	5.0
2501.5315319660735	2.0	trials	4.0	1.0	1.0	1.0	0.0	1.0	False	0.0	0.0	0.0	[NaN, NaN, NaN, NaN, NaN, NaN, NaN, NaN, NaN, NaN, NaN, NaN, NaN, NaN, NaN, NaN, NaN, NaN, NaN, NaN]	1.0	0.02	5.0
2508.795203484101	2.0	trials	4.0	1.0	1.0	1.0	0.0	1.0	False	0.0	0.0	0.0	[NaN, NaN, NaN, NaN, NaN, NaN, NaN, NaN, NaN, NaN, NaN, NaN, NaN, NaN, NaN, NaN, NaN, NaN, NaN, NaN]	1.0	0.02	5.0
2516.1265264211675	2.0	trials	4.0	1.0	1.0	1.0	0.0	1.0	False	0.0	0.0	0.0	[NaN, NaN, NaN, NaN, NaN, NaN, NaN, NaN, NaN, NaN, NaN, NaN, NaN, NaN, NaN, NaN, NaN, NaN, NaN, NaN]	1.0	0.02	5.0
2526.840506710468	2.0	trials	4.0	1.0	1.0	1.0	0.0	1.0	False	0.0	0.0	0.0	[NaN, NaN, NaN, NaN, NaN, NaN, NaN, NaN, NaN, NaN, NaN, NaN, NaN, NaN, NaN, NaN, NaN, NaN, NaN, NaN]	1.0	0.02	5.0
2535.3554270797395	2.0	trials	4.0	1.0	1.0	1.0	0.0	1.0	False	0.0	0.0	0.0	[NaN, NaN, NaN, NaN, NaN, NaN, NaN, NaN, NaN, NaN, NaN, NaN, NaN, NaN, NaN, NaN, NaN, NaN, NaN, NaN]	1.0	0.02	5.0
2545.3984227965525	2.0	trials	4.0	1.0	1.0	1.0	0.0	1.0	False	0.0	0.0	0.0	[NaN, NaN, NaN, NaN, NaN, NaN, NaN, NaN, NaN, NaN, NaN, NaN, NaN, NaN, NaN, NaN, NaN, NaN, NaN, NaN]	1.0	0.02	5.0
2554.557111650192	2.0	trials	4.0	1.0	1.0	1.0	0.0	1.0	False	0.0	0.0	0.0	[NaN, NaN, NaN, NaN, NaN, NaN, NaN, NaN, NaN, NaN, NaN, NaN, NaN, NaN, NaN, NaN, NaN, NaN, NaN, NaN]	1.0	0.02	5.0
2565.63898433064	2.0	trials	4.0	1.0	1.0	1.0	0.0	1.0	False	0.0	0.0	0.0	[NaN, NaN, NaN, NaN, NaN, NaN, NaN, NaN, NaN, NaN, NaN, NaN, NaN, NaN, NaN, NaN, NaN, NaN, NaN, NaN]	1.0	0.02	5.0
2575.452760105294	2.0	trials	4.0	1.0	1.0	1.0	0.0	1.0	False	0.0	0.0	0.0	[NaN, NaN, NaN, NaN, NaN, NaN, NaN, NaN, NaN, NaN, NaN, NaN, NaN, NaN, NaN, NaN, NaN, NaN, NaN, NaN]	1.0	0.02	5.0
2585.8506017710133	2.0	trials	4.0	1.0	1.0	1.0	0.0	1.0	False	0.0	0.0	0.0	[NaN, NaN, NaN, NaN, NaN, NaN, NaN, NaN, NaN, NaN, NaN, NaN, NaN, NaN, NaN, NaN, NaN, NaN, NaN, NaN]	1.0	0.02	5.0
2596.0745196736093	2.0	trials	4.0	1.0	1.0	1.0	0.0	1.0	False	0.0	0.0	0.0	[NaN, NaN, NaN, NaN, NaN, NaN, NaN, NaN, NaN, NaN, NaN, NaN, NaN, NaN, NaN, NaN, NaN, NaN, NaN, NaN]	1.0	0.02	5.0
2606.557120013757	2.0	trials	4.0	1.0	1.0	1.0	0.0	1.0	False	0.0	0.0	0.0	[NaN, NaN, NaN, NaN, NaN, NaN, NaN, NaN, NaN, NaN, NaN, NaN, NaN, NaN, NaN, NaN, NaN, NaN, NaN, NaN]	1.0	0.02	5.0
2615.1251765550705	2.0	trials	4.0	1.0	1.0	1.0	0.0	1.0	False	0.0	0.0	0.0	[NaN, NaN, NaN, NaN, NaN, NaN, NaN, NaN, NaN, NaN, NaN, NaN, NaN, NaN, NaN, NaN, NaN, NaN, NaN, NaN]	1.0	0.02	5.0
2698.6250853077636	2.0	trials	5.0	0.0	0.0	0.0	0.0	0.0	True	40.0	0.0	0.005	[31242198.66157137, 31242487.662507087, 31242777.663446035, 31243067.664384987, 31243356.665320702, 31243646.666259654, 31243935.66719537, 31244226.66813756, 31244514.66907003, 31244803.67000575, 31245094.67094793, 31245384.671886887, 31245672.67281937, 31245963.67376155, 31246251.674694028, 31246542.67563622, 31246831.67657193, 31247121.677510887, 31247412.678453077, 31247700.679385547]	0.0	0.0	0.0
2708.4409346891316	2.0	trials	5.0	0.0	0.0	0.0	0.0	0.0	True	40.0	0.0	0.005	[31355807.02940731, 31356098.0303495, 31356387.03128521, 31356676.032220926, 31356965.03315664, 31357256.03409883, 31357546.035037786, 31357835.035973497, 31358125.036912452, 31358414.037848167, 31358703.038783878, 31358994.039726067, 31359283.040661782, 31359573.04160073, 31359863.042539686, 31360152.043475397, 31360442.044414345, 31360732.0453533, 31361021.04628901, 31361311.047227964]	0.0	0.0	0.0
2718.0533114117034	2.0	trials	5.0	0.0	0.0	0.0	0.0	0.0	True	40.0	0.0	0.005	[31467061.389621556, 31467351.390560504, 31467641.39149946, 31467931.392438408, 31468221.393377356, 31468510.39431308, 31468800.395252023, 31469088.396184504, 31469379.397126697, 31469668.398062404, 31469958.399001356, 31470248.399940312, 31470537.400876023, 31470828.401818216, 31471117.40275393, 31471406.40368964, 31471696.404628597, 31471985.405564304, 31472276.406506497, 31472565.407442212]	0.0	0.0	0.0
2724.683323278093	2.0	trials	5.0	0.0	0.0	0.0	0.0	0.0	True	40.0	0.0	0.005	[31543798.638077885, 31544088.639016837, 31544377.639952544, 31544667.640891504, 31544957.64183045, 31545247.642769404, 31545534.643698636, 31545825.64464083, 31546115.645579785, 31546404.6465155, 31546695.64745768, 31546983.648390163, 31547274.649332352, 31547564.650271304, 31547852.651203778, 31548142.65214273, 31548433.653084923, 31548722.654020637, 31549012.65495958, 31549301.655895304]	0.0	0.0	0.0
2734.5237967391877	2.0	trials	5.0	0.0	0.0	0.0	0.0	0.0	True	40.0	0.0	0.005	[31657693.006839827, 31657983.007778775, 31658271.008711252, 31658561.0096502, 31658852.01059239, 31659140.01152487, 31659431.012467057, 31659720.01340277, 31660011.014344964, 31660299.015277438, 31660589.01621639, 31660879.01715534, 31661169.01809429, 31661459.019033242, 31661747.019965716, 31662038.02090791, 31662327.021843623, 31662616.022779334, 31662907.023721527, 31663197.024660483]	0.0	0.0	0.0
2741.057299493104	2.0	trials	5.0	0.0	0.0	0.0	0.0	0.0	True	40.0	0.0	0.005	[31733312.251676332, 31733601.25261205, 31733891.253550995, 31734180.25448671, 31734470.255425666, 31734760.25636461, 31735051.257306803, 31735339.258239277, 31735630.25918147, 31735919.260117184, 31736208.261052895, 31736498.26199185, 31736787.262927566, 31737077.26386651, 31737366.26480223, 31737656.265741184, 31737947.26668337, 31738235.267615844, 31738525.2685548, 31738815.269493748]	0.0	0.0	0.0
2748.28105408189	2.0	trials	5.0	0.0	0.0	0.0	0.0	0.0	True	40.0	0.0	0.005	[31816919.5223761, 31817210.52331829, 31817499.524254, 31817789.525192957, 31818079.52613191, 31818368.527067624, 31818657.52800334, 31818947.528942283, 31819236.529878, 31819527.53082019, 31819816.531755902, 31820106.532694858, 31820395.533630572, 31820685.53456952, 31820974.53550524, 31821264.536444187, 31821554.537383135, 31821843.538318858, 31822134.539261043, 31822422.540193517]	0.0	0.0	0.0
2756.1841740702985	2.0	trials	5.0	0.0	0.0	0.0	0.0	0.0	True	40.0	0.0	0.005	[31908391.81854089, 31908681.81947984, 31908968.820409082, 31909258.82134803, 31909549.822290223, 31909838.823225934, 31910128.82416489, 31910417.8251006, 31910707.82603955, 31910997.826978505, 31911286.827914216, 31911577.82885641, 31911867.829795357, 31912155.830727834, 31912445.83166679, 31912735.83260574, 31913024.83354145, 31913313.834477164, 31913604.835419353, 31913893.836355068]	0.0	0.0	0.0
2765.826013288263	2.0	trials	5.0	0.0	0.0	0.0	0.0	0.0	True	40.0	0.0	0.005	[32019987.179859214, 32020276.180794924, 32020566.181733873, 32020855.18266959, 32021145.18360854, 32021435.184547495, 32021724.185483206, 32022014.186422158, 32022304.187361114, 32022593.188296825, 32022883.189235773, 32023173.190174732, 32023462.19111044, 32023751.192046158, 32024041.192985106, 32024331.19392406, 32024620.194859773, 32024910.195798725, 32025199.19673444, 32025490.197676633]	0.0	0.0	0.0
2775.1977652317496	2.0	trials	5.0	0.0	0.0	0.0	0.0	0.0	True	40.0	0.0	0.005	[32128456.53105628, 32128745.531991992, 32129036.532934185, 32129324.53386666, 32129616.534812085, 32129904.53574456, 32130194.536683515, 32130484.537622463, 32130773.53855818, 32131063.53949713, 32131352.540432844, 32131642.5413718, 32131932.542310745, 32132221.54324646, 32132510.54418217, 32132801.545124363, 32133091.54606332, 32133380.546999034, 32133670.547937978, 32133958.54887046]	0.0	0.0	0.0
2782.0206225225265	2.0	trials	5.0	0.0	0.0	0.0	0.0	0.0	True	40.0	0.0	0.005	[32207424.786736056, 32207713.787671775, 32208003.788610727, 32208292.789546438, 32208582.790485393, 32208871.791421104, 32209161.792360052, 32209451.79329901, 32209741.79423796, 32210031.795176912, 32210319.796109393, 32210610.79705157, 32210900.797990527, 32211188.79892301, 32211477.79985872, 32211768.800800912, 32212058.80173986, 32212347.80267557, 32212637.803614527, 32212927.80455348]	0.0	0.0	0.0
2791.331289468235	2.0	trials	5.0	0.0	0.0	0.0	0.0	0.0	True	40.0	0.0	0.005	[32315186.135640793, 32315476.13657974, 32315765.13751546, 32316054.138451166, 32316345.13939336, 32316634.140329074, 32316924.141268026, 32317214.142206978, 32317503.143142693, 32317794.144084882, 32318083.145020593, 32318373.14595955, 32318661.146892026, 32318951.147830974, 32319241.14876993, 32319531.14970888, 32319819.150641356, 32320110.151583545, 32320400.152522493, 32320689.153458208]	0.0	0.0	0.0
2800.1399707886335	2.0	trials	5.0	0.0	0.0	0.0	0.0	0.0	True	40.0	0.0	0.005	[32417138.46573735, 32417429.466679536, 32417717.467612017, 32418007.46855097, 32418297.469489917, 32418587.470428873, 32418876.471364584, 32419165.4723003, 32419456.47324249, 32419745.474178202, 32420034.475113917, 32420325.476056103, 32420614.476991817, 32420903.477927536, 32421193.478866484, 32421482.4798022, 32421772.480741147, 32422063.481683336, 32422353.482622292, 32422641.48355477]	0.0	0.0	0.0
2807.1116093611286	2.0	trials	5.0	0.0	0.0	0.0	0.0	0.0	True	40.0	0.0	0.005	[32497829.726995803, 32498118.727931514, 32498408.728870466, 32498697.729806177, 32498987.730745133, 32499277.73168408, 32499567.732623033, 32499856.733558748, 32500146.7344977, 32500435.735433415, 32500726.7363756, 32501015.73731132, 32501304.738247033, 32501594.73918598, 32501884.740124933, 32502173.741060648, 32502463.7419996, 32502753.742938552, 32503043.7438775, 32503331.744809978]	0.0	0.0	0.0
2815.133875335303	2.0	trials	5.0	0.0	0.0	0.0	0.0	0.0	True	40.0	0.0	0.005	[32590679.02761899, 32590970.028561175, 32591259.029496893, 32591548.030432604, 32591837.03136832, 32592127.03230727, 32592417.033246223, 32592706.034181938, 32592996.03512089, 32593286.036059838, 32593576.03699879, 32593865.037934504, 32594155.038873456, 32594445.039812412, 32594734.040748123, 32595024.041687075, 32595313.04262279, 32595603.043561738, 32595893.04450069, 32596182.045436405]	0.0	0.0	0.0
2822.567841804705	2.0	trials	5.0	0.0	0.0	0.0	0.0	0.0	True	40.0	0.0	0.005	[32676721.306202717, 32677010.30713843, 32677300.30807738, 32677590.309016332, 32677879.309952047, 32678169.310890995, 32678460.311833184, 32678749.3127689, 32679038.31370461, 32679328.314643566, 32679616.315576043, 32679907.316518232, 32680197.317457184, 32680486.3183929, 32680777.319335084, 32681065.320267566, 32681355.32120651, 32681645.322145466, 32681934.323081184, 32682223.32401689]	0.0	0.0	0.0
2829.8406717523853	2.0	trials	5.0	0.0	0.0	0.0	0.0	0.0	True	40.0	0.0	0.005	[32760896.578741536, 32761185.579677247, 32761475.580616202, 32761766.58155839, 32762055.582494106, 32762344.58342982, 32762634.584368765, 32762924.58530772, 32763213.58624344, 32763504.587185625, 32763792.588118102, 32764082.589057054, 32764372.589996, 32764662.590934955, 32764951.591870666, 32765241.59280962, 32765531.593748573, 32765820.594684284, 32766110.59562324, 32766400.59656219]	0.0	0.0	0.0
2836.0203653607523	2.0	trials	5.0	0.0	0.0	0.0	0.0	0.0	True	40.0	0.0	0.005	[32832420.8103194, 32832711.811261587, 32833000.8121973, 32833289.813133016, 32833580.814075205, 32833869.81501092, 32834159.815949872, 32834449.81688882, 32834738.817824535, 32835027.818760246, 32835318.81970244, 32835607.820638154, 32835897.8215771, 32836187.822516054, 32836476.823451772, 32836765.82438748, 32837055.825326435, 32837346.82626863, 32837634.8272011, 32837923.82813682]	0.0	0.0	0.0
2842.3213649618788	2.0	trials	5.0	0.0	0.0	0.0	0.0	0.0	True	40.0	0.0	0.005	[32905350.04644632, 32905638.047378793, 32905929.048320986, 32906219.049259935, 32906508.050195646, 32906797.051131368, 32907086.052067075, 32907376.053006027, 32907666.053944983, 32907955.054880694, 32908246.055822887, 32908535.0567586, 32908824.057694312, 32909115.0586365, 32909404.059572216, 32909692.060504694, 32909983.061446883, 32910274.062389072, 32910562.063321546, 32910853.064263735]	0.0	0.0	0.0
2850.300171595343	2.0	trials	5.0	0.0	0.0	0.0	0.0	0.0	True	40.0	0.0	0.005	[32997698.34544739, 32997987.346383106, 32998276.347318813, 32998565.34825453, 32998856.34919672, 32999146.35013567, 32999435.351071384, 32999724.3520071, 33000014.35294605, 33000304.353885006, 33000593.354820717, 33000883.355759665, 33001173.35669862, 33001463.35763757, 33001752.358573284, 33002042.35951224, 33002332.360451184, 33002620.361383665, 33002910.362322617, 33003199.363258332]	0.0	0.0	0.0
2859.389999426027	2.0	trials	5.0	0.0	0.0	0.0	0.0	0.0	True	40.0	0.0	0.005	[33102903.6860764, 33103192.687012106, 33103481.687947825, 33103772.688890014, 33104062.689828962, 33104351.690764677, 33104641.691703632, 33104930.692639343, 33105219.693575058, 33105509.69451401, 33105799.69545296, 33106089.696391914, 33106378.697327625, 33106668.698266577, 33106959.699208766, 33107248.700144477, 33107537.701080192, 33107826.702015903, 33108116.70295486, 33108405.703890573]	0.0	0.0	0.0
2867.586707565003	2.0	trials	5.0	0.0	0.0	0.0	0.0	0.0	True	40.0	0.0	0.005	[33197772.99323987, 33198061.994175583, 33198350.995111294, 33198640.99605025, 33198929.996985957, 33199219.997924916, 33199509.998863865, 33199799.999802813, 33200089.00073853, 33200380.001680717, 33200668.002613194, 33200958.00355215, 33201249.00449434, 33201538.00543005, 33201828.006369002, 33202117.007304713, 33202407.00824367, 33202696.009179384, 33202985.010115094, 33203275.01105405]	0.0	0.0	0.0
2874.354527877583	2.0	trials	5.0	0.0	0.0	0.0	0.0	0.0	True	40.0	0.0	0.005	[33276103.246853955, 33276393.247792907, 33276682.248728618, 33276973.249670807, 33277263.250609767, 33277553.25154871, 33277842.252484426, 33278132.25342338, 33278422.254362326, 33278711.255298045, 33279000.25623375, 33279290.257172707, 33279580.25811166, 33279870.259050615, 33280159.259986326, 33280448.26092204, 33280738.261860993, 33281029.26280318, 33281318.2637389, 33281607.26467461]	0.0	0.0	0.0
2883.006651891087	2.0	trials	5.0	0.0	0.0	0.0	0.0	0.0	True	40.0	0.0	0.005	[33376244.57108692, 33376533.572022635, 33376822.57295835, 33377113.573900536, 33377402.574836254, 33377692.575775202, 33377982.576714154, 33378271.577649876, 33378560.578585584, 33378850.579524536, 33379140.580463488, 33379429.581399202, 33379719.582338154, 33380008.58327386, 33380299.584216055, 33380589.58515501, 33380878.58609072, 33381168.587029673, 33381457.58796539, 33381747.58890434]	0.0	0.0	0.0
2888.6192140632184	2.0	trials	5.0	0.0	0.0	0.0	0.0	0.0	True	40.0	0.0	0.005	[33441203.78140886, 33441493.782347813, 33441782.783283524, 33442072.78422248, 33442362.78516143, 33442652.78610038, 33442940.78703286, 33443230.787971806, 33443520.78891076, 33443811.789852947, 33444098.790782187, 33444389.79172438, 33444679.79266333, 33444969.793602288, 33445259.794541232, 33445547.795473713, 33445837.796412658, 33446127.797351614, 33446417.798290566, 33446706.79922628]	0.0	0.0	0.0
2895.1745760879094	2.0	trials	5.0	0.0	0.0	0.0	0.0	0.0	True	40.0	0.0	0.005	[33517077.02706776, 33517365.02800024, 33517655.028939188, 33517946.029881373, 33518235.03081709, 33518524.031752806, 33518814.032691758, 33519103.033627473, 33519393.03456642, 33519683.035505373, 33519973.03644433, 33520262.03738004, 33520552.03831899, 33520841.039254706, 33521132.040196892, 33521421.041132607, 33521712.0420748, 33521999.04300404, 33522289.043942988, 33522580.04488518]	0.0	0.0	0.0
2903.580632104705	2.0	trials	5.0	0.0	0.0	0.0	0.0	0.0	True	40.0	0.0	0.005	[33614369.34207634, 33614658.34301205, 33614947.34394777, 33615237.34488672, 33615526.34582243, 33615817.34676462, 33616106.347700335, 33616396.34863929, 33616686.34957824, 33616975.35051395, 33617264.35144966, 33617555.352391854, 33617845.35333081, 33618133.35426328, 33618423.355202235, 33618714.35614443, 33619003.35708014, 33619292.35801585, 33619583.358958036, 33619872.359893754]	0.0	0.0	0.0
2909.737861640338	2.0	trials	5.0	0.0	0.0	0.0	0.0	0.0	True	40.0	0.0	0.005	[33685633.57281238, 33685923.57375133, 33686212.57468705, 33686502.575626, 33686791.57656171, 33687080.57749742, 33687371.578439616, 33687660.57937533, 33687950.58031428, 33688239.58125, 33688528.58218571, 33688818.58312466, 33689108.58406361, 33689398.585002564, 33689687.58593828, 33689977.586877234, 33690267.58781618, 33690556.5887519, 33690846.58969085, 33691135.59062656]	0.0	0.0	0.0
2915.424900853608	2.0	trials	5.0	0.0	0.0	0.0	0.0	0.0	True	40.0	0.0	0.005	[33751455.78592851, 33751744.78686423, 33752034.78780318, 33752324.788742125, 33752614.78968108, 33752903.790616795, 33753192.79155251, 33753483.7924947, 33753772.79343041, 33754062.79436936, 33754352.79530832, 33754641.796244025, 33754931.79718298, 33755220.798118696, 33755510.79905765, 33755800.7999966, 33756090.800935544, 33756379.80187126, 33756669.80281022, 33756957.803742684]	0.0	0.0	0.0
2923.7464573968145	2.0	trials	5.0	0.0	0.0	0.0	0.0	0.0	True	40.0	0.0	0.005	[33847770.09777055, 33848059.09870627, 33848349.09964522, 33848637.1005777, 33848928.10151988, 33849218.102458835, 33849507.10339455, 33849798.10433674, 33850087.10527245, 33850376.10620817, 33850666.10714712, 33850955.10808283, 33851245.10902178, 33851535.109960735, 33851824.11089645, 33852114.111835405, 33852404.11277435, 33852694.11371331, 33852983.11464902, 33853273.11558797]	0.0	0.0	0.0
2932.5511643043446	2.0	trials	5.0	0.0	0.0	0.0	0.0	0.0	True	40.0	0.0	0.005	[33949676.42771818, 33949965.42865389, 33950255.42959283, 33950546.430535026, 33950834.43146751, 33951124.432406455, 33951413.43334217, 33951704.43428436, 33951992.43521684, 33952283.43615903, 33952572.43709474, 33952862.43803369, 33953151.43896941, 33953441.439908355, 33953731.44084731, 33954021.44178626, 33954310.44272197, 33954600.44366093, 33954890.444599874, 33955180.445538834]	0.0	0.0	0.0
2938.268616416084	2.0	trials	5.0	0.0	0.0	0.0	0.0	0.0	True	40.0	0.0	0.005	[34015850.641974, 34016139.64290971, 34016428.643845424, 34016719.64478762, 34017008.64572333, 34017298.64666228, 34017588.64760123, 34017877.64853694, 34018166.64947266, 34018456.65041161, 34018746.651350565, 34019035.652286276, 34019325.65322523, 34019615.65416418, 34019904.65509989, 34020193.65603561, 34020484.656977795, 34020774.657916754, 34021063.658852465, 34021353.65979141]	0.0	0.0	0.0
2945.580844891328	2.0	trials	5.0	0.0	0.0	0.0	0.0	0.0	True	40.0	0.0	0.005	[34100481.915989235, 34100772.91693143, 34101060.917863905, 34101350.91880285, 34101641.91974504, 34101930.92068076, 34102219.92161647, 34102509.922555424, 34102799.923494376, 34103089.92443333, 34103379.92537228, 34103668.92630799, 34103958.92724694, 34104247.92818266, 34104536.92911837, 34104827.93006056, 34105116.93099628, 34105404.931928754, 34105695.93287094, 34105985.93380989]	0.0	0.0	0.0
2954.41855670572	2.0	trials	5.0	0.0	0.0	0.0	0.0	0.0	True	40.0	0.0	0.005	[34202771.24717692, 34203060.248112634, 34203349.24904835, 34203639.249987304, 34203929.250926256, 34204219.25186521, 34204508.25280092, 34204799.25374311, 34205087.25467558, 34205377.255614534, 34205667.256553486, 34205957.257492445, 34206247.25843139, 34206535.25936387, 34206826.26030605, 34207115.26124177, 34207405.26218072, 34207694.263116434, 34207984.264055386, 34208273.264991105]	0.0	0.0	0.0
2963.3469024135643	2.0	trials	5.0	0.0	0.0	0.0	0.0	0.0	True	40.0	0.0	0.005	[34306107.58175455, 34306395.58268702, 34306686.58362921, 34306976.584568165, 34307266.58550712, 34307556.58644607, 34307844.58737855, 34308134.58831749, 34308423.58925321, 34308713.59019216, 34309003.591131106, 34309294.5920733, 34309583.59300902, 34309872.59394473, 34310163.594886914, 34310452.59582264, 34310741.59675835, 34311030.59769406, 34311321.598636255, 34311610.599571966]	0.0	0.0	0.0
2971.9453718533473	2.0	trials	5.0	0.0	0.0	0.0	0.0	0.0	True	40.0	0.0	0.005	[34405626.903973624, 34405916.904912576, 34406206.90585153, 34406495.90678725, 34406785.90772619, 34407075.90866514, 34407365.909604095, 34407653.91053657, 34407943.911475524, 34408234.91241771, 34408523.913353436, 34408813.91429238, 34409103.91523133, 34409391.9161638, 34409683.91710923, 34409971.91804171, 34410261.918980666, 34410550.91991638, 34410840.92085533, 34411130.92179428]	0.0	0.0	0.0
2979.396877579537	2.0	trials	5.0	0.0	0.0	0.0	0.0	0.0	True	40.0	0.0	0.005	[34491872.18321462, 34492161.18415033, 34492451.18508928, 34492741.18602824, 34493030.186963946, 34493320.1879029, 34493609.188838616, 34493898.18977433, 34494189.19071652, 34494477.19164899, 34494768.19259118, 34495057.193526894, 34495347.194465846, 34495638.19540804, 34495927.19634376, 34496216.19727947, 34496505.19821518, 34496795.19915413, 34497085.20009308, 34497374.2010288]	0.0	0.0	0.0
2988.4162027819507	2.0	trials	5.0	0.0	0.0	0.0	0.0	0.0	True	40.0	0.0	0.005	[34596262.521204844, 34596552.522143796, 34596841.52307951, 34597130.52401523, 34597420.52495418, 34597710.52589313, 34598001.526835315, 34598290.527771026, 34598578.52870351, 34598868.52964246, 34599159.53058465, 34599449.5315236, 34599738.53245932, 34600027.53339503, 34600317.53433398, 34600606.53526969, 34600895.53620541, 34601185.53714436, 34601476.53808655, 34601765.53902227]	0.0	0.0	0.0
2996.2753450279693	2.0	trials	5.0	0.0	0.0	0.0	0.0	0.0	True	40.0	0.0	0.005	[34687223.81571514, 34687513.81665409, 34687802.8175898, 34688092.81852876, 34688383.81947094, 34688672.82040666, 34688960.82133913, 34689252.82228456, 34689541.823220275, 34689830.824155994, 34690120.82509494, 34690409.82603065, 34690699.82696961, 34690988.82790532, 34691277.82884103, 34691568.829783216, 34691858.830722176, 34692147.831657894, 34692438.83260008, 34692727.83353579]	0.0	0.0	0.0
3002.52804687272	2.0	trials	5.0	0.0	0.0	0.0	0.0	0.0	True	40.0	0.0	0.005	[34759595.05003538, 34759883.050967865, 34760173.05190682, 34760462.05284253, 34760752.05378148, 34761043.054723665, 34761331.05565614, 34761622.056598336, 34761911.05753405, 34762200.058469765, 34762491.05941195, 34762781.0603509, 34763070.06128661, 34763359.06222233, 34763649.063161284, 34763939.064100236, 34764228.06503595, 34764519.06597813, 34764808.06691386, 34765098.0678528]	0.0	0.0	0.0
3010.5799481428458	2.0	trials	5.0	0.0	0.0	0.0	0.0	0.0	True	40.0	0.0	0.005	[34852786.351765886, 34853077.35270808, 34853366.35364379, 34853656.35458274, 34853945.35551846, 34854235.35645741, 34854525.35739636, 34854814.358332075, 34855103.359267786, 34855393.360206746, 34855683.36114569, 34855972.3620814, 34856262.36302036, 34856552.36395931, 34856841.36489502, 34857131.365833975, 34857421.36677293, 34857710.367708646, 34858001.36865083, 34858289.3695833]	0.0	0.0	0.0
3016.795411467027	2.0	trials	5.0	0.0	0.0	0.0	0.0	0.0	True	40.0	0.0	0.005	[34924724.584684186, 34925014.58562314, 34925303.58655885, 34925593.5874978, 34925883.58843676, 34926173.589375705, 34926463.59031466, 34926752.591250375, 34927041.592186086, 34927331.59312504, 34927620.59406075, 34927911.59500294, 34928201.595941894, 34928489.59687437, 34928780.59781656, 34929069.598752275, 34929359.59969122, 34929648.60062694, 34929938.60156589, 34930227.6025016]	0.0	0.0	0.0
3022.8496518692064	2.0	trials	5.0	0.0	0.0	0.0	0.0	0.0	True	40.0	0.0	0.005	[34994796.81156081, 34995086.81249977, 34995376.81343872, 34995666.81437767, 34995955.815313384, 34996245.816252336, 34996535.81719129, 34996824.818127, 34997113.81906271, 34997403.82000167, 34997692.82093738, 34997982.82187633, 34998273.82281852, 34998561.823751, 34998850.82468671, 34999142.82563214, 34999430.82656462, 34999720.82750356, 35000009.82843928, 35000299.82937823]	0.0	0.0	0.0
3031.1899572731163	2.0	trials	5.0	0.0	0.0	0.0	0.0	0.0	True	40.0	0.0	0.005	[35091328.12410545, 35091619.12504764, 35091908.12598336, 35092197.12691907, 35092487.12785802, 35092777.12879698, 35093066.12973269, 35093356.130671635, 35093645.131607346, 35093936.13254954, 35094225.13348526, 35094515.13442421, 35094804.13535992, 35095093.13629563, 35095383.13723459, 35095673.138173535, 35095962.13910925, 35096252.140048206, 35096543.1409904, 35096832.14192611]	0.0	0.0	0.0
3038.0055569403944	2.0	trials	5.0	0.0	0.0	0.0	0.0	0.0	True	40.0	0.0	0.005	[35170213.3795165, 35170502.38045221, 35170792.38139117, 35171081.38232688, 35171371.38326583, 35171660.38420155, 35171951.38514373, 35172240.386079445, 35172530.3870184, 35172820.38795735, 35173109.38889307, 35173398.38982878, 35173689.39077097, 35173979.39170992, 35174269.39264887, 35174558.39358459, 35174848.39452354, 35175137.39545925, 35175427.3963982, 35175716.39733392]	0.0	0.0	0.0
3046.987989223358	2.0	trials	5.0	0.0	0.0	0.0	0.0	0.0	True	40.0	0.0	0.005	[35274176.7161242, 35274465.71705992, 35274754.71799563, 35275044.71893458, 35275334.71987353, 35275624.720812485, 35275912.72174496, 35276203.722687155, 35276493.7236261, 35276781.72455858, 35277071.72549753, 35277362.726439714, 35277651.72737543, 35277940.72831115, 35278230.729250096, 35278520.73018905, 35278809.731124766, 35279099.73206372, 35279388.73299943, 35279679.733941615]	0.0	0.0	0.0
3055.3461794851746	2.0	trials	5.0	0.0	0.0	0.0	0.0	0.0	True	40.0	0.0	0.005	[35370915.02933905, 35371204.03027477, 35371494.03121372, 35371782.03214619, 35372073.033088386, 35372362.0340241, 35372652.03496306, 35372942.03590201, 35373231.03683771, 35373521.03777667, 35373810.03871238, 35374100.039651334, 35374390.040590286, 35374680.04152924, 35374970.04246819, 35375259.04340391, 35375548.04433961, 35375838.04527857, 35376127.04621429, 35376417.047153234]	0.0	0.0	0.0
3064.30407408869	2.0	trials	5.0	0.0	0.0	0.0	0.0	0.0	True	40.0	0.0	0.005	[35474594.365027234, 35474884.365966186, 35475173.3669019, 35475463.36784085, 35475752.36877657, 35476042.36971552, 35476331.37065123, 35476622.37159342, 35476912.37253237, 35477200.373464845, 35477490.3744038, 35477781.37534598, 35478070.37628171, 35478359.37721742, 35478649.378156364, 35478938.37909208, 35479229.380034275, 35479518.38096999, 35479807.3819057, 35480097.38284465]	0.0	0.0	0.0
3072.0761248527283	2.0	trials	5.0	0.0	0.0	0.0	0.0	0.0	True	40.0	0.0	0.005	[35564548.6562771, 35564837.65721281, 35565127.65815176, 35565417.65909071, 35565705.66002319, 35565996.660965376, 35566286.66190433, 35566575.66284004, 35566863.663772516, 35567154.66471471, 35567444.66565365, 35567733.66658938, 35568023.667528324, 35568312.668464035, 35568602.669402994, 35568892.67034194, 35569181.67127766, 35569470.67221337, 35569760.67315232, 35570051.67409451]	0.0	0.0	0.0
3080.5702227545817	2.0	trials	5.0	0.0	0.0	0.0	0.0	0.0	True	40.0	0.0	0.005	[35662859.97458495, 35663147.97551743, 35663438.97645962, 35663728.97739857, 35664017.978334285, 35664307.97927324, 35664597.98021219, 35664887.98115114, 35665175.98208361, 35665465.98302256, 35665756.983964756, 35666044.98489723, 35666334.985836186, 35666624.98677514, 35666914.98771408, 35667203.9886498, 35667493.98958875, 35667782.99052446, 35668073.99146666, 35668362.99240237]	0.0	0.0	0.0
3113.7965735335424	2.0	trials	6.0	0.0	0.0	0.0	0.0	0.0	True	40.0	0.0	0.005	[36047424.21970935, 36047713.22064507, 36048004.221587256, 36048292.22251973, 36048582.223458685, 36048872.22439764, 36049161.22533335, 36049452.22627554, 36049741.22721125, 36050030.22814697, 36050320.22908592, 36050609.23002163, 36050900.23096382, 36051189.23189954, 36051478.23283525, 36051768.2337742, 36052058.23471315, 36052348.235652104, 36052638.236591056, 36052927.23752677]	0.0	0.0	0.0
3120.870855638372	2.0	trials	6.0	0.0	0.0	0.0	0.0	0.0	True	40.0	0.0	0.005	[36129301.48480779, 36129591.48574674, 36129881.48668569, 36130171.487624645, 36130460.488560356, 36130750.489499316, 36131039.49043503, 36131329.49137398, 36131619.49231293, 36131909.493251875, 36132198.49418759, 36132487.495123304, 36132777.49606226, 36133067.49700121, 36133356.49793693, 36133647.49887911, 36133936.49981482, 36134226.50075378, 36134515.50168949, 36134805.502628446]	0.0	0.0	0.0
3126.973134596089	2.0	trials	6.0	0.0	0.0	0.0	0.0	0.0	True	40.0	0.0	0.005	[36199930.71348785, 36200220.7144268, 36200509.71536252, 36200798.71629824, 36201087.71723395, 36201377.71817289, 36201667.71911185, 36201957.720050804, 36202246.720986515, 36202535.72192223, 36202825.722861186, 36203114.7237969, 36203406.72474232, 36203694.7256748, 36203985.726616986, 36204273.72754946, 36204564.72849166, 36204853.72942737, 36205142.730363086, 36205432.73130203]	0.0	0.0	0.0
3133.6209449201056	2.0	trials	6.0	0.0	0.0	0.0	0.0	0.0	True	40.0	0.0	0.005	[36276873.96261116, 36277161.96354364, 36277451.96448259, 36277740.9654183, 36278031.966360494, 36278319.96729297, 36278609.96823192, 36278899.96917087, 36279189.97010982, 36279478.97104554, 36279768.97198449, 36280057.9729202, 36280347.97385916, 36280636.97479487, 36280926.975733824, 36281216.976672776, 36281506.97761172, 36281795.97854744, 36282085.97948639, 36282375.980425335]	0.0	0.0	0.0
3139.3388290332446	2.0	trials	6.0	0.0	0.0	0.0	0.0	0.0	True	40.0	0.0	0.005	[36343052.176879935, 36343342.17781889, 36343631.1787546, 36343921.17969355, 36344210.18062927, 36344499.18156498, 36344790.18250717, 36345079.18344288, 36345369.18438184, 36345658.18531755, 36345948.1862565, 36346238.18719545, 36346528.1881344, 36346817.18907012, 36347107.19000907, 36347396.19094478, 36347686.191883735, 36347975.192819454, 36348266.19376164, 36348554.19469411]	0.0	0.0	0.0
3148.0815005399195	2.0	trials	6.0	0.0	0.0	0.0	0.0	0.0	True	40.0	0.0	0.005	[36444239.50449961, 36444529.50543856, 36444819.5063775, 36445108.50731322, 36445397.50824893, 36445687.509187885, 36445978.51013008, 36446267.511065796, 36446556.51200151, 36446845.51293722, 36447136.5138794, 36447426.514818355, 36447714.51575084, 36448004.516689785, 36448294.51762874, 36448584.518567696, 36448874.51950664, 36449162.52043912, 36449453.52138131, 36449742.52231702]	0.0	0.0	0.0
3155.022812614224	2.0	trials	6.0	0.0	0.0	0.0	0.0	0.0	True	40.0	0.0	0.005	[36524579.7646216, 36524869.76556055, 36525158.76649626, 36525448.767435215, 36525738.76837417, 36526027.76930988, 36526318.77025207, 36526606.77118455, 36526897.772126734, 36527185.77305921, 36527475.77399816, 36527766.77494036, 36528055.77587607, 36528343.776808545, 36528634.77775073, 36528923.77868645, 36529213.7796254, 36529504.780567594, 36529792.781500064, 36530082.782439016]	0.0	0.0	0.0
3160.423521300425	2.0	trials	6.0	0.0	0.0	0.0	0.0	0.0	True	40.0	0.0	0.005	[36587087.96700778, 36587376.96794349, 36587666.96888244, 36587956.96982139, 36588245.970757104, 36588535.97169606, 36588825.972635016, 36589114.97357073, 36589404.97450968, 36589694.97544863, 36589984.976387575, 36590273.97732329, 36590562.978259005, 36590853.9792012, 36591143.98014015, 36591432.98107587, 36591721.98201158, 36592010.98294729, 36592300.98388624, 36592591.98482843]	0.0	0.0	0.0
3165.9794048890444	2.0	trials	6.0	0.0	0.0	0.0	0.0	0.0	True	40.0	0.0	0.005	[36651391.175205745, 36651681.1761447, 36651970.17708041, 36652260.17801936, 36652549.17895508, 36652839.17989402, 36653129.180832975, 36653419.18177193, 36653708.18270764, 36653998.1836466, 36654288.18458554, 36654578.1855245, 36654867.18646021, 36655156.18739592, 36655446.188334875, 36655736.18927383, 36656026.190212786, 36656315.1911485, 36656604.19208421, 36656895.1930264]	0.0	0.0	0.0
3172.928147387407	2.0	trials	6.0	0.0	0.0	0.0	0.0	0.0	True	40.0	0.0	0.005	[36731817.43560618, 36732106.43654189, 36732395.43747761, 36732686.438419804, 36732975.439355515, 36733265.44029447, 36733554.441230185, 36733843.4421659, 36734133.44310485, 36734423.44404379, 36734712.44497951, 36735002.44591846, 36735292.446857415, 36735582.44779637, 36735873.44873855, 36736161.44967103, 36736451.45060998, 36736741.451548934, 36737029.45248141, 36737320.453423604]	0.0	0.0	0.0
3180.5365560216105	2.0	trials	6.0	0.0	0.0	0.0	0.0	0.0	True	40.0	0.0	0.005	[36819877.72072372, 36820166.72165943, 36820456.72259838, 36820747.723540574, 36821036.724476285, 36821325.725412, 36821614.726347715, 36821904.72728667, 36822194.72822562, 36822483.72916133, 36822773.73010028, 36823063.73103924, 36823352.73197495, 36823643.73291714, 36823932.733852856, 36824222.7347918, 36824512.73573076, 36824801.73666647, 36825091.737605415, 36825381.738544375]	0.0	0.0	0.0
3186.4573079915867	2.0	trials	6.0	0.0	0.0	0.0	0.0	0.0	True	40.0	0.0	0.005	[36888404.942598, 36888693.94353372, 36888983.94447266, 36889274.945414856, 36889563.94635057, 36889852.94728628, 36890141.948222004, 36890431.94916095, 36890721.9500999, 36891010.95103562, 36891301.951977804, 36891590.95291352, 36891879.95384923, 36892169.95478818, 36892459.95572714, 36892748.956662856, 36893039.95760504, 36893328.95854075, 36893617.95947647, 36893907.960415415]	0.0	0.0	0.0
3193.561830194327	2.0	trials	6.0	0.0	0.0	0.0	0.0	0.0	True	40.0	0.0	0.005	[36970632.208829656, 36970922.2097686, 36971212.21070756, 36971501.21164328, 36971791.21258222, 36972080.21351794, 36972370.21445689, 36972659.215392604, 36972949.21633156, 36973239.2172705, 36973529.21820946, 36973819.21914841, 36974107.22008089, 36974398.221023075, 36974687.22195879, 36974976.222894505, 36975267.2238367, 36975556.22477241, 36975846.22571136, 36976136.22665031]	0.0	0.0	0.0
3202.5611969321203	2.0	trials	6.0	0.0	0.0	0.0	0.0	0.0	True	40.0	0.0	0.005	[37074791.54607196, 37075081.54701092, 37075371.547949865, 37075661.54888882, 37075950.54982453, 37076239.55076025, 37076530.55170244, 37076819.55263814, 37077109.553577095, 37077399.554516055, 37077688.555451766, 37077978.55639072, 37078267.557326436, 37078557.55826538, 37078847.55920433, 37079137.560143284, 37079426.561078995, 37079716.562017955, 37080005.562953666, 37080294.56388938]	0.0	0.0	0.0
3211.099358976642	2.0	trials	6.0	0.0	0.0	0.0	0.0	0.0	True	40.0	0.0	0.005	[37173612.86603108, 37173901.86696679, 37174191.86790574, 37174481.868844695, 37174770.869780414, 37175060.870719366, 37175350.87165831, 37175640.87259726, 37175930.87353622, 37176219.87447193, 37176508.87540764, 37176799.87634984, 37177088.87728555, 37177377.87822126, 37177667.87916021, 37177956.88009593, 37178246.88103488, 37178536.88197383, 37178826.88291278, 37179115.8838485]	0.0	0.0	0.0
3218.6953259705633	2.0	trials	6.0	0.0	0.0	0.0	0.0	0.0	True	40.0	0.0	0.005	[37261529.150682375, 37261819.151621334, 37262109.15256028, 37262398.15349599, 37262688.15443495, 37262978.15537389, 37263267.15630961, 37263557.157248564, 37263848.15819075, 37264137.15912647, 37264426.16006218, 37264716.16100113, 37265005.16193685, 37265295.162875794, 37265584.16381151, 37265875.1647537, 37266164.16568941, 37266454.16662837, 37266744.16756732, 37267032.16849979]	0.0	0.0	0.0
3225.938002220612	2.0	trials	6.0	0.0	0.0	0.0	0.0	0.0	True	40.0	0.0	0.005	[37345356.42209446, 37345645.42303017, 37345935.42396912, 37346225.42490807, 37346515.425847024, 37346805.426785976, 37347093.42771845, 37347384.428660646, 37347674.42959959, 37347963.43053531, 37348252.43147102, 37348542.43240997, 37348831.43334569, 37349121.434284635, 37349412.43522682, 37349701.43616254, 37349990.43709826, 37350280.43803721, 37350570.43897616, 37350859.43991187]	0.0	0.0	0.0
3232.2618114955917	2.0	trials	6.0	0.0	0.0	0.0	0.0	0.0	True	40.0	0.0	0.005	[37418548.659072906, 37418837.66000862, 37419127.660947576, 37419418.66188977, 37419707.66282547, 37419996.66376119, 37420286.66470014, 37420575.665635854, 37420865.666574806, 37421156.667517, 37421444.66844948, 37421734.66938843, 37422023.67032413, 37422313.67126309, 37422603.67220204, 37422892.673137754, 37423182.674076706, 37423473.6750189, 37423762.67595461, 37424052.67689356]	0.0	0.0	0.0
3238.357264831209	2.0	trials	6.0	0.0	0.0	0.0	0.0	0.0	True	40.0	0.0	0.005	[37489098.88749719, 37489388.88843614, 37489676.889368616, 37489966.89030757, 37490256.89124653, 37490546.89218547, 37490835.89312118, 37491125.89406014, 37491414.89499585, 37491704.895934805, 37491994.89687375, 37492283.89780947, 37492573.89874842, 37492862.89968413, 37493153.900626324, 37493443.901565276, 37493732.90250099, 37494021.903436705, 37494311.90437566, 37494600.90531137]	0.0	0.0	0.0
3244.4973007111735	2.0	trials	6.0	0.0	0.0	0.0	0.0	0.0	True	40.0	0.0	0.005	[37560163.11758568, 37560453.11852463, 37560743.119463585, 37561032.1203993, 37561322.12133825, 37561612.1222772, 37561901.12321291, 37562190.12414863, 37562480.12508758, 37562769.12602329, 37563060.126965486, 37563349.1279012, 37563638.128836915, 37563928.12977586, 37564217.13071158, 37564508.13165376, 37564797.132589474, 37565087.133528434, 37565377.13446738, 37565666.1354031]	0.0	0.0	0.0
3251.858172543912	2.0	trials	6.0	0.0	0.0	0.0	0.0	0.0	True	40.0	0.0	0.005	[37645358.39342702, 37645648.39436597, 37645938.395304926, 37646227.39624064, 37646518.39718282, 37646807.39811854, 37647096.39905425, 37647386.3999932, 37647675.40092892, 37647965.40186787, 37648255.402806826, 37648545.40374578, 37648834.40468149, 37649124.40562044, 37649414.40655939, 37649703.407495104, 37649992.40843082, 37650283.40937301, 37650572.41030872, 37650861.41124444]	0.0	0.0	0.0
3258.3019918074547	2.0	trials	6.0	0.0	0.0	0.0	0.0	0.0	True	40.0	0.0	0.005	[37719939.63490272, 37720229.63584168, 37720520.63678387, 37720809.63771959, 37721099.63865854, 37721388.63959424, 37721677.64052996, 37721967.64146892, 37722258.642411105, 37722546.64334358, 37722836.64428253, 37723126.64522148, 37723415.6461572, 37723705.64709614, 37723994.64803186, 37724284.64897082, 37724574.649909765, 37724864.65084872, 37725153.651784435, 37725443.65272338]	0.0	0.0	0.0
3264.4038387637725	2.0	trials	6.0	0.0	0.0	0.0	0.0	0.0	True	40.0	0.0	0.005	[37790563.8635666, 37790853.86450556, 37791143.86544451, 37791432.866380215, 37791721.86731593, 37792010.86825165, 37792300.869190596, 37792590.870129555, 37792881.87107173, 37793170.87200745, 37793460.87294641, 37793750.873885356, 37794038.87481783, 37794328.875756785, 37794618.87669574, 37794908.87763469, 37795197.8785704, 37795486.87950612, 37795776.88044507, 37796067.881387256]	0.0	0.0	0.0
3272.476389700758	2.0	trials	6.0	0.0	0.0	0.0	0.0	0.0	True	40.0	0.0	0.005	[37883996.166077405, 37884286.16701636, 37884574.167948835, 37884865.16889103, 37885154.16982674, 37885443.17076245, 37885733.17170141, 37886024.172643594, 37886312.17357607, 37886602.174515024, 37886892.175453976, 37887181.17638969, 37887471.17732864, 37887762.178270824, 37888050.17920331, 37888341.1801455, 37888630.181081206, 37888919.182016924, 37889210.18295912, 37889498.18389159]	0.0	0.0	0.0
3277.6767361382335	2.0	trials	6.0	0.0	0.0	0.0	0.0	0.0	True	40.0	0.0	0.005	[37944184.360951975, 37944474.36189093, 37944763.36282664, 37945053.36376559, 37945343.36470454, 37945633.365643494, 37945922.36657921, 37946212.36751816, 37946502.36845711, 37946791.36939283, 37947081.37033177, 37947370.37126749, 37947661.37220968, 37947949.37314215, 37948239.374081105, 37948529.37502006, 37948819.37595901, 37949107.37689149, 37949399.37783691, 37949688.378772624]	0.0	0.0	0.0
3283.0222350456775	2.0	trials	6.0	0.0	0.0	0.0	0.0	0.0	True	40.0	0.0	0.005	[38006054.56127246, 38006344.56221141, 38006633.56314712, 38006922.56408284, 38007212.56502179, 38007502.565960735, 38007791.56689645, 38008082.56783865, 38008371.56877436, 38008661.56971331, 38008951.57065226, 38009240.57158797, 38009530.57252693, 38009820.57346588, 38010109.57440159, 38010398.575337306, 38010688.57627626, 38010977.57721197, 38011267.57815093, 38011557.57908987]	0.0	0.0	0.0
3289.868593212545	2.0	trials	6.0	0.0	0.0	0.0	0.0	0.0	True	40.0	0.0	0.005	[38085293.817829676, 38085583.81876863, 38085872.81970434, 38086162.82064329, 38086451.821579, 38086742.822521195, 38087031.823456906, 38087320.82439262, 38087609.825328335, 38087900.82627052, 38088190.82720947, 38088478.82814195, 38088768.8290809, 38089058.830019854, 38089348.830958806, 38089638.83189776, 38089928.83283671, 38090216.83376919, 38090507.83471137, 38090796.83564709]	0.0	0.0	0.0
3295.1847160248763	2.0	trials	6.0	0.0	0.0	0.0	0.0	0.0	True	40.0	0.0	0.005	[38146823.01704608, 38147113.01798503, 38147402.01892075, 38147692.019859694, 38147981.02079541, 38148272.0217376, 38148560.022670075, 38148850.023609035, 38149141.02455122, 38149430.02548693, 38149720.02642588, 38150009.027361594, 38150298.02829731, 38150588.029236265, 38150879.03017845, 38151168.03111417, 38151458.03205312, 38151747.03298883, 38152036.03392455, 38152326.034863494]	0.0	0.0	0.0
3303.536253465153	2.0	trials	6.0	0.0	0.0	0.0	0.0	0.0	True	40.0	0.0	0.005	[38243484.33001163, 38243774.33095058, 38244064.331889525, 38244354.33282848, 38244643.333764195, 38244933.33470315, 38245223.3356421, 38245512.33657782, 38245802.33751676, 38246090.33844924, 38246382.339394666, 38246670.34032714, 38246961.34126934, 38247251.34220829, 38247540.343144, 38247829.34407972, 38248119.34501866, 38248409.34595762, 38248698.34689333, 38248988.34783228]	0.0	0.0	0.0
3312.09290516954	2.0	trials	6.0	0.0	0.0	0.0	0.0	0.0	True	40.0	0.0	0.005	[38342520.65066686, 38342809.65160257, 38343098.652538285, 38343388.653477244, 38343678.654416196, 38343968.65535515, 38344257.65629086, 38344547.65722982, 38344837.65816876, 38345126.65910448, 38345416.66004343, 38345706.66098238, 38345996.66192134, 38346285.66285705, 38346575.66379599, 38346863.66472848, 38347154.66567066, 38347442.66660314, 38347733.66754533, 38348023.66848428]	0.0	0.0	0.0
3320.7082226638736	2.0	trials	6.0	0.0	0.0	0.0	0.0	0.0	True	40.0	0.0	0.005	[38442233.973514065, 38442523.97445302, 38442813.97539197, 38443102.97632768, 38443392.97726664, 38443681.97820235, 38443972.979144536, 38444261.980080254, 38444551.98101921, 38444840.98195492, 38445130.98289387, 38445419.98382958, 38445709.98476854, 38445999.985707484, 38446288.986643195, 38446578.987582155, 38446867.98851787, 38447157.98945682, 38447447.99039577, 38447738.99133796]	0.0	0.0	0.0
3329.2355846734285	2.0	trials	6.0	0.0	0.0	0.0	0.0	0.0	True	40.0	0.0	0.005	[38540931.2930717, 38541221.294010654, 38541510.294946365, 38541800.29588532, 38542089.296821035, 38542379.29775999, 38542669.29869893, 38542959.29963789, 38543249.300576836, 38543537.30150932, 38543828.302451506, 38544117.30338722, 38544407.30432618, 38544697.30526512, 38544986.30620084, 38545276.30713979, 38545566.308078736, 38545855.309014454, 38546144.309950165, 38546434.31088912]	0.0	0.0	0.0
3336.3531533184096	2.0	trials	6.0	0.0	0.0	0.0	0.0	0.0	True	40.0	0.0	0.005	[38623310.5597955, 38623599.56073121, 38623888.56166693, 38624179.562609114, 38624468.56354483, 38624758.56448378, 38625048.56542273, 38625337.56635845, 38625626.56729416, 38625916.56823311, 38626205.56916882, 38626496.570111014, 38626785.57104673, 38627074.57198244, 38627364.572921395, 38627653.573857106, 38627944.5747993, 38628233.57573501, 38628523.57667396, 38628812.57760968]	0.0	0.0	0.0
3345.022989389261	2.0	trials	6.0	0.0	0.0	0.0	0.0	0.0	True	40.0	0.0	0.005	[38723654.88468573, 38723943.88562144, 38724233.886560395, 38724523.88749935, 38724812.88843506, 38725103.88937725, 38725393.8903162, 38725681.89124868, 38725971.89218763, 38726260.89312335, 38726550.894062296, 38726840.89500125, 38727130.8959402, 38727419.89687591, 38727709.89781487, 38727999.89875382, 38728288.89968953, 38728578.900628485, 38728868.90156743, 38729158.90250639]	0.0	0.0	0.0
3353.468616734178	2.0	trials	6.0	0.0	0.0	0.0	0.0	0.0	True	40.0	0.0	0.005	[38821406.20118044, 38821695.202116154, 38821984.203051865, 38822275.20399406, 38822564.20492978, 38822853.20586549, 38823143.20680444, 38823433.20774339, 38823723.20868234, 38824012.209618054, 38824301.210553765, 38824591.211492725, 38824881.21243168, 38825171.21337062, 38825460.21430634, 38825750.21524529, 38826039.216181, 38826330.217123196, 38826619.21805891, 38826908.21899462]	0.0	0.0	0.0
3361.3644790990884	2.0	trials	6.0	0.0	0.0	0.0	0.0	0.0	True	40.0	0.0	0.005	[38912793.49707002, 38913083.49800897, 38913372.498944685, 38913661.499880396, 38913952.50082259, 38914240.501755066, 38914531.50269725, 38914820.50363297, 38915109.50456868, 38915399.50550763, 38915688.506443344, 38915979.50738554, 38916268.50832125, 38916558.5092602, 38916848.51019915, 38917137.51113487, 38917427.51207382, 38917717.513012774, 38918007.51395172, 38918297.51489067]	0.0	0.0	0.0
3369.238654993783	2.0	trials	6.0	0.0	0.0	0.0	0.0	0.0	True	40.0	0.0	0.005	[39003928.79214368, 39004218.793082625, 39004507.79401835, 39004797.7949573, 39005087.79589625, 39005376.796831965, 39005666.79777091, 39005956.79870987, 39006245.79964558, 39006534.80058129, 39006825.801523484, 39007115.802462436, 39007404.80339815, 39007693.804333866, 39007984.80527605, 39008273.80621176, 39008562.80714748, 39008852.80808643, 39009142.809025384, 39009431.8099611]	0.0	0.0	0.0
3376.557277089727	2.0	trials	6.0	0.0	0.0	0.0	0.0	0.0	True	40.0	0.0	0.005	[39088635.06640175, 39088925.0673407, 39089215.068279654, 39089505.069218606, 39089794.070154324, 39090084.071093276, 39090373.07202899, 39090663.07296794, 39090952.07390365, 39091243.07484584, 39091532.075781554, 39091821.07671727, 39092112.07765946, 39092401.07859518, 39092690.07953089, 39092979.080466606, 39093270.0814088, 39093559.0823445, 39093849.083283454, 39094137.08421593]	0.0	0.0	0.0
3385.4188353813292	2.0	trials	6.0	0.0	0.0	0.0	0.0	0.0	True	40.0	0.0	0.005	[39191199.39847983, 39191489.39941877, 39191779.40035773, 39192068.40129344, 39192358.402232386, 39192648.403171346, 39192937.40410706, 39193226.40504277, 39193516.40598173, 39193806.40692067, 39194095.40785639, 39194385.40879534, 39194674.40973105, 39194965.410673246, 39195255.4116122, 39195544.41254791, 39195834.41348686, 39196124.41442581, 39196412.41535829, 39196703.41630048]	0.0	0.0	0.0
3393.957256626691	2.0	trials	6.0	0.0	0.0	0.0	0.0	0.0	True	40.0	0.0	0.005	[39290023.718448654, 39290314.71939085, 39290603.72032656, 39290893.72126551, 39291181.72219798, 39291472.72314017, 39291760.72407265, 39292051.72501484, 39292341.72595379, 39292630.726889506, 39292920.72782846, 39293210.72876741, 39293499.72970312, 39293788.73063884, 39294078.73157779, 39294368.73251674, 39294657.733452454, 39294947.734391406, 39295236.735327125, 39295527.73626931]	0.0	0.0	0.0
3401.0492507888684	2.0	trials	6.0	0.0	0.0	0.0	0.0	0.0	True	40.0	0.0	0.005	[39372107.98421731, 39372396.98515302, 39372685.98608874, 39372975.98702769, 39373265.98796664, 39373555.98890559, 39373845.989844546, 39374134.990780264, 39374424.99171921, 39374714.99265816, 39375004.99359711, 39375292.99452959, 39375582.99546854, 39375872.996407494, 39376162.99734644, 39376451.998282164, 39376740.999217875, 39377031.00015682, 39377321.00109578, 39377610.00203149]	0.0	0.0	0.0
3408.9561723895854	2.0	trials	6.0	0.0	0.0	0.0	0.0	0.0	True	40.0	0.0	0.005	[39463623.28052132, 39463913.28146027, 39464202.28239599, 39464491.2833317, 39464781.28427065, 39465072.285212845, 39465360.28614532, 39465650.28708427, 39465939.28801998, 39466230.28896217, 39466519.28989789, 39466809.29083684, 39467098.29177255, 39467389.292714745, 39467677.293647215, 39467968.29458941, 39468257.29552512, 39468546.29646084, 39468836.29739979, 39469127.29834198]	0.0	0.0	0.0
3417.596977966443	2.0	trials	6.0	0.0	0.0	0.0	0.0	0.0	True	40.0	0.0	0.005	[39563631.60432366, 39563922.605265856, 39564210.606198326, 39564501.60714052, 39564789.608072996, 39565079.60901195, 39565369.6099509, 39565659.61088985, 39565948.61182556, 39566238.612764515, 39566528.613703474, 39566817.614639185, 39567107.61557814, 39567397.61651708, 39567686.6174528, 39567976.61839175, 39568265.61932746, 39568555.620266415, 39568845.62120537, 39569135.62214432]	0.0	0.0	0.0
3426.559624585345	2.0	trials	6.0	0.0	0.0	0.0	0.0	0.0	True	40.0	0.0	0.005	[39667365.94018992, 39667655.94112887, 39667945.942067824, 39668234.94300354, 39668525.94394573, 39668814.94488144, 39669103.94581716, 39669393.9467561, 39669683.94769506, 39669972.94863077, 39670262.94956972, 39670552.95050868, 39670842.95144763, 39671132.95238658, 39671420.95331906, 39671711.95426124, 39672000.95519696, 39672289.95613267, 39672579.95707162, 39672869.95801058]	0.0	0.0	0.0
3433.035930354071	2.0	trials	6.0	0.0	0.0	0.0	0.0	0.0	True	40.0	0.0	0.005	[39742323.18288303, 39742613.183821976, 39742902.184757695, 39743192.18569665, 39743482.18663559, 39743771.18757131, 39744060.18850703, 39744350.18944597, 39744640.19038493, 39744930.19132388, 39745220.19226283, 39745509.19319855, 39745799.19413749, 39746089.19507645, 39746378.19601217, 39746669.19695435, 39746957.197886825, 39747247.198825784, 39747537.19976473, 39747827.20070369]	0.0	0.0	0.0
3439.731692833345	2.0	trials	6.0	0.0	0.0	0.0	0.0	0.0	True	40.0	0.0	0.005	[39819820.43380006, 39820111.43474224, 39820399.43567473, 39820690.43661691, 39820979.43755262, 39821269.438491575, 39821559.439430535, 39821849.44036948, 39822138.44130519, 39822427.44224091, 39822717.44317986, 39823006.44411558, 39823296.44505452, 39823586.445993476, 39823875.44692919, 39824165.447868146, 39824454.44880386, 39824744.4497428, 39825034.45068176, 39825324.45162071]	0.0	0.0	0.0
3447.171880122889	2.0	trials	6.0	0.0	0.0	0.0	0.0	0.0	True	40.0	0.0	0.005	[39905934.7126169, 39906223.71355262, 39906513.71449157, 39906803.71543052, 39907092.71636623, 39907382.71730518, 39907671.7182409, 39907960.71917661, 39908250.720115565, 39908540.72105452, 39908830.72199347, 39909119.72292918, 39909409.72386814, 39909699.72480708, 39909988.7257428, 39910278.72668175, 39910567.727617465, 39910857.72855642, 39911147.72949537, 39911436.73043108]	0.0	0.0	0.0
3454.3957211119537	2.0	trials	6.0	0.0	0.0	0.0	0.0	0.0	True	40.0	0.0	0.005	[39989543.98332315, 39989832.98425886, 39990121.98519457, 39990411.98613353, 39990701.987072475, 39990991.988011435, 39991280.988947146, 39991570.98988609, 39991860.99082505, 39992150.991764, 39992438.99269647, 39992728.99363543, 39993018.99457438, 39993308.995513335, 39993597.996449046, 39993887.997388, 39994176.99832371, 39994467.9992659, 39994757.00020161, 39995046.00113732]	0.0	0.0	0.0
3461.813444328764	2.0	trials	6.0	0.0	0.0	0.0	0.0	0.0	True	40.0	0.0	0.005	[40075396.2612917, 40075686.26223065, 40075975.26316637, 40076265.26410532, 40076554.26504103, 40076845.265983224, 40077133.266915694, 40077424.26785789, 40077713.2687936, 40078002.269729316, 40078292.27066827, 40078582.27160721, 40078872.27254617, 40079161.27348188, 40079450.274417594, 40079741.27535979, 40080030.2762955, 40080320.27723445, 40080610.2781734, 40080900.27911236]	0.0	0.0	0.0
3468.255621986991	2.0	trials	6.0	0.0	0.0	0.0	0.0	0.0	True	40.0	0.0	0.005	[40149958.502705894, 40150248.50364484, 40150538.5045838, 40150828.50552275, 40151117.506458454, 40151407.50739741, 40151696.508333124, 40151986.509272076, 40152276.51021103, 40152565.51114674, 40152855.51208569, 40153145.51302465, 40153435.513963595, 40153724.51489931, 40154013.51583503, 40154303.51677398, 40154594.51771617, 40154883.51865188, 40155172.51958759, 40155462.52052655]	0.0	0.0	0.0
3543.5712642409912	2.0	trials	7.0	0.0	0.0	0.0	0.0	0.0	True	40.0	0.0	0.005	[41021668.32508781, 41021957.32602352, 41022247.32696246, 41022537.327901416, 41022826.328837134, 41023116.329776086, 41023406.33071504, 41023696.33165398, 41023985.33258971, 41024275.33352865, 41024565.334467605, 41024854.33540332, 41025144.33634227, 41025433.337277986, 41025723.33821694, 41026013.33915588, 41026302.34009161, 41026592.34103055, 41026882.341969505, 41027172.34290846]	0.0	0.0	0.0
3552.574259790533	2.0	trials	7.0	0.0	0.0	0.0	0.0	0.0	True	40.0	0.0	0.005	[41125869.662466094, 41126158.663401805, 41126448.66434076, 41126738.66527971, 41127027.66621543, 41127316.66715113, 41127607.66809332, 41127897.669032276, 41128185.66996475, 41128475.670903705, 41128765.67184266, 41129055.67278161, 41129345.67372056, 41129634.67465627, 41129923.67559199, 41130213.67653094, 41130503.677469894, 41130792.678405605, 41131082.67934456, 41131372.68028352]	0.0	0.0	0.0
3560.5718152847003	2.0	trials	7.0	0.0	0.0	0.0	0.0	0.0	True	40.0	0.0	0.005	[41218432.962163284, 41218722.96310224, 41219011.96403795, 41219301.9649769, 41219591.96591585, 41219880.96685156, 41220170.967790514, 41220460.968729466, 41220750.969668426, 41221038.970600896, 41221328.97153985, 41221618.97247879, 41221907.97341452, 41222198.9743567, 41222487.975292414, 41222776.97622813, 41223066.97716708, 41223355.978102796, 41223645.97904175, 41223935.97998069]	0.0	0.0	0.0
3568.629937374969	2.0	trials	7.0	0.0	0.0	0.0	0.0	0.0	True	40.0	0.0	0.005	[41311699.26413662, 41311988.26507233, 41312277.26600804, 41312568.266950235, 41312857.267885946, 41313147.268824905, 41313437.26976385, 41313726.27069957, 41314016.27163852, 41314306.272577465, 41314595.27351318, 41314885.274452135, 41315174.27538785, 41315464.2763268, 41315754.27726575, 41316043.27820147, 41316332.27913718, 41316622.28007613, 41316912.28101508, 41317201.281950794]	0.0	0.0	0.0
3575.0078332250673	2.0	trials	7.0	0.0	0.0	0.0	0.0	0.0	True	40.0	0.0	0.005	[41385517.50314191, 41385807.50408086, 41386095.50501334, 41386385.50595229, 41386675.50689124, 41386965.507830195, 41387255.50876915, 41387544.50970486, 41387834.51064381, 41388124.51158276, 41388413.51251847, 41388703.51345743, 41388993.514396384, 41389282.51533209, 41389572.51627105, 41389861.51720676, 41390150.51814248, 41390441.51908466, 41390730.52002037, 41391020.52095933]	0.0	0.0	0.0
3583.1928773262784	2.0	trials	7.0	0.0	0.0	0.0	0.0	0.0	True	40.0	0.0	0.005	[41480250.80986505, 41480540.810804, 41480830.811742954, 41481118.81267543, 41481409.81361762, 41481698.81455333, 41481988.81549228, 41482279.81643447, 41482568.817370184, 41482857.8183059, 41483147.819244854, 41483436.820180565, 41483726.82111952, 41484015.82205523, 41484305.82299418, 41484595.82393314, 41484885.824872084, 41485174.825807795, 41485463.82674352, 41485753.827682465]	0.0	0.0	0.0
3588.946185554112	2.0	trials	7.0	0.0	0.0	0.0	0.0	0.0	True	40.0	0.0	0.005	[41546840.02546455, 41547129.02640026, 41547420.027342446, 41547709.028278165, 41547999.02921711, 41548288.03015283, 41548578.03109178, 41548868.032030724, 41549157.03296644, 41549447.033905394, 41549737.03484435, 41550026.035780065, 41550316.03671901, 41550605.03765473, 41550895.03859368, 41551185.039532624, 41551475.04047158, 41551764.041407295, 41552053.04234301, 41552343.04328196]	0.0	0.0	0.0
3595.257985190206	2.0	trials	7.0	0.0	0.0	0.0	0.0	0.0	True	40.0	0.0	0.005	[41619893.261992946, 41620183.2629319, 41620472.26386762, 41620762.26480657, 41621051.26574228, 41621341.26668123, 41621631.26762018, 41621921.268559135, 41622210.26949485, 41622500.2704338, 41622789.27136951, 41623079.27230847, 41623369.27324742, 41623658.274183124, 41623948.27512208, 41624238.276061036, 41624527.27699675, 41624817.2779357, 41625107.27887465, 41625396.27981037]	0.0	0.0	0.0
3600.682367553056	2.0	trials	7.0	0.0	0.0	0.0	0.0	0.0	True	40.0	0.0	0.005	[41682676.465269506, 41682965.466205224, 41683255.46714418, 41683545.46808313, 41683833.469015606, 41684123.46995456, 41684413.47089351, 41684703.47183246, 41684992.47276817, 41685283.47371036, 41685572.474646084, 41685862.47558503, 41686151.47652074, 41686441.4774597, 41686731.47839864, 41687020.47933436, 41687310.480273314, 41687599.481209025, 41687889.482147984, 41688178.48308369]	0.0	0.0	0.0
3609.202558339392	2.0	trials	7.0	0.0	0.0	0.0	0.0	0.0	True	40.0	0.0	0.005	[41781289.784555174, 41781578.78549089, 41781868.786429845, 41782157.78736555, 41782447.78830451, 41782736.789240226, 41783026.79017917, 41783316.79111812, 41783605.79205383, 41783895.792992786, 41784184.793928504, 41784474.79486745, 41784764.79580641, 41785053.79674213, 41785343.79768107, 41785632.79861678, 41785922.79955574, 41786212.800494686, 41786502.801433645, 41786792.80237259]	0.0	0.0	0.0
3616.6868097716047	2.0	trials	7.0	0.0	0.0	0.0	0.0	0.0	True	40.0	0.0	0.005	[41867912.065016806, 41868202.06595576, 41868492.0668947, 41868781.06783042, 41869071.06876937, 41869360.069705084, 41869650.07064404, 41869940.07158299, 41870230.07252194, 41870519.07345766, 41870809.0743966, 41871098.07533232, 41871388.07627128, 41871678.077210225, 41871968.07814918, 41872257.07908489, 41872547.08002384, 41872837.0809628, 41873126.0818985, 41873416.082837455]	0.0	0.0	0.0
3625.0903601802866	2.0	trials	7.0	0.0	0.0	0.0	0.0	0.0	True	40.0	0.0	0.005	[41965175.37993148, 41965466.38087367, 41965754.38180615, 41966045.38274834, 41966335.38368729, 41966624.384623006, 41966913.385558724, 41967204.38650091, 41967493.38743662, 41967782.38837234, 41968072.38931129, 41968362.39025024, 41968651.391185954, 41968942.39212815, 41969230.39306062, 41969520.39399957, 41969809.39493529, 41970099.39587424, 41970390.396816425, 41970679.39775214]	0.0	0.0	0.0
3630.5563874779727	2.0	trials	7.0	0.0	0.0	0.0	0.0	0.0	True	40.0	0.0	0.005	[42028439.58476542, 42028728.58570113, 42029019.58664332, 42029309.58758227, 42029597.588514745, 42029888.58945694, 42030177.59039265, 42030466.59132836, 42030756.59226732, 42031046.593206264, 42031336.59414522, 42031626.59508417, 42031914.596016645, 42032205.59695884, 42032495.59789779, 42032783.59883026, 42033073.59976921, 42033363.600708164, 42033652.60164388, 42033942.602582835]	0.0	0.0	0.0
3639.581155898011	2.0	trials	7.0	0.0	0.0	0.0	0.0	0.0	True	40.0	0.0	0.005	[42132892.92295962, 42133182.92389858, 42133472.92483752, 42133761.92577324, 42134051.92671219, 42134341.927651145, 42134630.928586856, 42134920.92952581, 42135209.93046152, 42135499.93140048, 42135789.93233942, 42136078.93327513, 42136369.93421733, 42136658.93515304, 42136948.936092, 42137237.93702771, 42137527.93796666, 42137816.93890238, 42138105.93983809, 42138395.94077703]	0.0	0.0	0.0
3648.658455688132	2.0	trials	7.0	0.0	0.0	0.0	0.0	0.0	True	40.0	0.0	0.005	[42237955.26312563, 42238244.26406135, 42238534.26500029, 42238824.26593924, 42239114.266878195, 42239403.26781391, 42239693.268752865, 42239982.26968858, 42240272.27062753, 42240561.27156324, 42240851.27250219, 42241141.27344114, 42241430.274376854, 42241720.27531581, 42242010.27625476, 42242300.27719371, 42242589.27812943, 42242878.27906514, 42243169.28000733, 42243458.28094304]	0.0	0.0	0.0
3657.0406652277165	2.0	trials	7.0	0.0	0.0	0.0	0.0	0.0	True	40.0	0.0	0.005	[42334970.577237345, 42335260.5781763, 42335549.57911201, 42335839.58005096, 42336128.58098668, 42336419.581928864, 42336708.582864575, 42336997.58380029, 42337287.584739245, 42337576.58567496, 42337867.58661714, 42338156.58755286, 42338445.58848858, 42338736.589430764, 42339025.590366475, 42339314.59130219, 42339604.59224114, 42339894.5931801, 42340183.59411581, 42340473.59505476]	0.0	0.0	0.0
3663.136550564733	2.0	trials	7.0	0.0	0.0	0.0	0.0	0.0	True	40.0	0.0	0.005	[42405524.805674575, 42405814.80661353, 42406104.80755248, 42406393.80848819, 42406683.80942715, 42406972.81036285, 42407263.811305046, 42407551.81223752, 42407842.81317971, 42408132.81411867, 42408421.81505438, 42408710.81599009, 42409000.81692904, 42409291.817871235, 42409579.818803705, 42409869.81974266, 42410158.820678376, 42410448.82161733, 42410738.82255628, 42411027.82349199]	0.0	0.0	0.0
3668.494750313299	2.0	trials	7.0	0.0	0.0	0.0	0.0	0.0	True	40.0	0.0	0.005	[42467541.006467775, 42467831.00740673, 42468120.00834243, 42468410.00928139, 42468699.01021711, 42468989.01115605, 42469279.012095004, 42469568.01303072, 42469858.013969675, 42470147.014905386, 42470437.01584434, 42470728.01678652, 42471016.01771901, 42471306.01865795, 42471596.019596905, 42471885.02053262, 42472175.021471575, 42472465.02241053, 42472754.02334624, 42473044.02428519]	0.0	0.0	0.0
3674.705288821535	2.0	trials	7.0	0.0	0.0	0.0	0.0	0.0	True	40.0	0.0	0.005	[42539423.23920476, 42539713.24014371, 42540001.24107618, 42540292.24201837, 42540582.242957324, 42540871.243893035, 42541160.24482875, 42541450.2457677, 42541740.24670666, 42542029.24764237, 42542319.24858132, 42542609.24952027, 42542898.25045599, 42543188.251394935, 42543477.25233065, 42543767.2532696, 42544057.25420856, 42544347.25514751, 42544636.25608321, 42544925.25701894]	0.0	0.0	0.0
3681.1368392453537	2.0	trials	7.0	0.0	0.0	0.0	0.0	0.0	True	40.0	0.0	0.005	[42613862.4802207, 42614151.481156416, 42614440.48209213, 42614730.48303108, 42615020.48397003, 42615309.48490574, 42615600.485847935, 42615889.486783646, 42616179.4877226, 42616468.48865832, 42616757.48959403, 42617047.49053298, 42617337.49147193, 42617627.49241088, 42617917.493349835, 42618206.494285546, 42618496.4952245, 42618784.496156976, 42619074.49709593, 42619365.49803812]	0.0	0.0	0.0
3690.26312799409	2.0	trials	7.0	0.0	0.0	0.0	0.0	0.0	True	40.0	0.0	0.005	[42719490.822219275, 42719779.823155, 42720068.82409071, 42720358.82502966, 42720647.82596537, 42720938.82690756, 42721228.82784652, 42721517.82878223, 42721807.829721175, 42722097.830660135, 42722387.83159909, 42722675.83253156, 42722965.833470516, 42723255.83440946, 42723544.83534518, 42723835.83628737, 42724124.837223075, 42724414.838162035, 42724704.83910099, 42724992.84003346]	0.0	0.0	0.0
3698.6657279996953	2.0	trials	7.0	0.0	0.0	0.0	0.0	0.0	True	40.0	0.0	0.005	[42816743.13709834, 42817032.13803407, 42817322.13897301, 42817611.13990872, 42817901.14084768, 42818191.14178663, 42818481.14272559, 42818771.14366453, 42819060.14460024, 42819349.14553596, 42819639.14647491, 42819930.147417106, 42820219.14835282, 42820509.14929177, 42820798.15022748, 42821087.1511632, 42821377.15210214, 42821667.1530411, 42821956.15397681, 42822246.154915765]	0.0	0.0	0.0
3705.0591759001463	2.0	trials	7.0	0.0	0.0	0.0	0.0	0.0	True	40.0	0.0	0.005	[42890741.37668644, 42891031.37762539, 42891320.37856111, 42891609.37949681, 42891900.380439006, 42892188.38137149, 42892478.382310435, 42892769.38325263, 42893058.38418834, 42893347.38512405, 42893637.38606301, 42893926.38699872, 42894216.387937665, 42894506.388876624, 42894796.38981558, 42895086.39075453, 42895375.39169024, 42895664.39262595, 42895955.39356814, 42896244.39450386]	0.0	0.0	0.0
3713.3748572243303	2.0	trials	7.0	0.0	0.0	0.0	0.0	0.0	True	40.0	0.0	0.005	[42986986.68830507, 42987276.68924403, 42987566.69018298, 42987856.69112193, 42988146.69206088, 42988434.69299336, 42988724.69393231, 42989014.69487126, 42989303.69580697, 42989592.69674269, 42989883.69768488, 42990173.69862383, 42990462.69955955, 42990751.70049526, 42991042.70143745, 42991331.70237316, 42991620.70330888, 42991910.704247825, 42992200.70518678, 42992490.70612573]	0.0	0.0	0.0
3721.529142825952	2.0	trials	7.0	0.0	0.0	0.0	0.0	0.0	True	40.0	0.0	0.005	[43081364.993878804, 43081653.99481452, 43081944.99575671, 43082233.99669242, 43082523.99763137, 43082812.99856709, 43083102.99950604, 43083393.000444986, 43083683.001383945, 43083972.00231966, 43084262.00325861, 43084551.00419432, 43084841.00513327, 43085131.00607223, 43085420.00700794, 43085710.00794689, 43085999.008882605, 43086289.00982156, 43086579.01076051, 43086868.01169623]	0.0	0.0	0.0
3728.785815921321	2.0	trials	7.0	0.0	0.0	0.0	0.0	0.0	True	40.0	0.0	0.005	[43165355.26581864, 43165644.26675435, 43165933.26769007, 43166224.268632255, 43166514.269571215, 43166802.270503685, 43167093.27144588, 43167382.27238159, 43167671.27331731, 43167961.27425625, 43168251.2751952, 43168541.276134156, 43168831.277073115, 43169120.278008826, 43169409.27894454, 43169699.27988349, 43169989.28082244, 43170279.28176139, 43170568.282697104, 43170858.283636056]	0.0	0.0	0.0
3736.0602874743163	2.0	trials	7.0	0.0	0.0	0.0	0.0	0.0	True	40.0	0.0	0.005	[43249550.53842221, 43249839.53935793, 43250129.54029688, 43250418.54123259, 43250708.54217155, 43250998.5431105, 43251288.54404945, 43251576.544981934, 43251867.54592411, 43252157.546863064, 43252446.54779878, 43252736.54873773, 43253025.54967345, 43253315.5506124, 43253604.55154811, 43253894.55248707, 43254183.55342278, 43254474.55436497, 43254763.55530068, 43255053.55623963]	0.0	0.0	0.0
3744.821880642255	2.0	trials	7.0	0.0	0.0	0.0	0.0	0.0	True	40.0	0.0	0.005	[43350957.8667542, 43351245.86768667, 43351535.86862562, 43351825.86956457, 43352114.87050029, 43352404.87143923, 43352694.872378185, 43352984.873317145, 43353273.874252856, 43353563.87519181, 43353852.87612752, 43354143.877069704, 43354432.87800542, 43354722.878944375, 43355012.87988333, 43355301.880819045, 43355590.881754756, 43355880.8826937, 43356170.88363266, 43356459.88456837]	0.0	0.0	0.0
3752.555396881527	2.0	trials	7.0	0.0	0.0	0.0	0.0	0.0	True	40.0	0.0	0.005	[43440466.15656001, 43440755.15749572, 43441045.15843468, 43441335.159373626, 43441624.16030934, 43441914.16124829, 43442204.16218724, 43442494.1631262, 43442782.16405867, 43443074.1650041, 43443362.16593658, 43443652.16687553, 43443941.16781124, 43444231.1687502, 43444520.16968591, 43444811.1706281, 43445100.17156381, 43445390.172502756, 43445679.173438475, 43445969.17437743]	0.0	0.0	0.0
3758.9454751710687	2.0	trials	7.0	0.0	0.0	0.0	0.0	0.0	True	40.0	0.0	0.005	[43514424.396018595, 43514714.39695755, 43515003.39789326, 43515293.39883221, 43515582.39976793, 43515873.40071011, 43516163.40164906, 43516451.40258154, 43516742.403523736, 43517031.40445945, 43517320.40539516, 43517611.40633734, 43517900.40727306, 43518189.40820877, 43518479.409147725, 43518769.41008668, 43519058.41102239, 43519349.41196458, 43519637.41289706, 43519928.41383925]	0.0	0.0	0.0
3764.6033974900656	2.0	trials	7.0	0.0	0.0	0.0	0.0	0.0	True	40.0	0.0	0.005	[43579910.60804683, 43580199.60898255, 43580489.6099215, 43580779.610860445, 43581068.61179616, 43581358.612735115, 43581647.613670826, 43581937.614609785, 43582227.61554873, 43582517.61648768, 43582806.6174234, 43583095.61835911, 43583386.619301304, 43583675.620237015, 43583964.621172726, 43584255.62211492, 43584544.62305063, 43584834.62398958, 43585124.62492854, 43585413.625864245]	0.0	0.0	0.0
3772.463835740281	2.0	trials	7.0	0.0	0.0	0.0	0.0	0.0	True	40.0	0.0	0.005	[43670886.90260568, 43671176.90354464, 43671465.90448036, 43671756.905422546, 43672045.90635826, 43672334.907293975, 43672625.90823616, 43672914.90917188, 43673203.91010759, 43673493.911046535, 43673782.91198226, 43674072.912921205, 43674362.91386016, 43674652.91479911, 43674941.91573482, 43675231.91667378, 43675520.91760949, 43675810.918548435, 43676100.919487394, 43676389.920423105]	0.0	0.0	0.0
3779.608879674221	2.0	trials	7.0	0.0	0.0	0.0	0.0	0.0	True	40.0	0.0	0.005	[43753585.17036233, 43753874.17129804, 43754163.17223376, 43754453.17317271, 43754743.17411166, 43755032.175047375, 43755323.17598957, 43755612.17692528, 43755902.17786423, 43756191.17879994, 43756481.179738894, 43756771.18067785, 43757060.18161356, 43757349.182549275, 43757639.18348823, 43757929.18442718, 43758218.18536289, 43758508.18630185, 43758798.187240794, 43759087.18817651]	0.0	0.0	0.0
3787.655942528682	2.0	trials	7.0	0.0	0.0	0.0	0.0	0.0	True	40.0	0.0	0.005	[43846722.471917994, 43847012.47285695, 43847302.473795906, 43847591.47473162, 43847881.47567056, 43848169.47660304, 43848460.47754523, 43848749.47848094, 43849039.479419895, 43849328.48035561, 43849618.48129456, 43849908.48223352, 43850197.48316923, 43850487.48410817, 43850777.48504713, 43851067.485986084, 43851355.48691855, 43851646.48786075, 43851935.488796465, 43852225.48973542]	0.0	0.0	0.0
3795.264091962046	2.0	trials	7.0	0.0	0.0	0.0	0.0	0.0	True	40.0	0.0	0.005	[43934778.757022575, 43935068.757961534, 43935358.758900486, 43935647.7598362, 43935937.76077515, 43936227.7617141, 43936516.76264981, 43936806.763588764, 43937096.76452772, 43937385.765463434, 43937675.766402386, 43937964.76733809, 43938253.768273816, 43938544.769216, 43938833.77015171, 43939123.771090664, 43939413.772029616, 43939702.772965334, 43939992.77390429, 43940282.77484324]	0.0	0.0	0.0
3803.3640317877102	2.0	trials	7.0	0.0	0.0	0.0	0.0	0.0	True	40.0	0.0	0.005	[44028529.060563, 44028819.06150194, 44029107.06243442, 44029397.06337337, 44029688.064315565, 44029977.065251276, 44030266.066186994, 44030557.06712918, 44030846.06806489, 44031135.06900061, 44031425.06993956, 44031715.07087851, 44032004.071814224, 44032293.072749935, 44032584.07369213, 44032873.07462785, 44033163.0755668, 44033452.07650251, 44033742.07744146, 44034032.078380406]	0.0	0.0	0.0
3808.8181358467923	2.0	trials	7.0	0.0	0.0	0.0	0.0	0.0	True	40.0	0.0	0.005	[44091654.26494687, 44091944.26588582, 44092234.266824774, 44092524.26776373, 44092814.268702686, 44093102.269635156, 44093392.27057411, 44093681.27150982, 44093971.27244877, 44094261.27338772, 44094551.274326675, 44094840.27526239, 44095130.276201345, 44095420.27714029, 44095709.27807601, 44095999.27901497, 44096288.27995067, 44096579.280892864, 44096868.28182858, 44097157.28276429]	0.0	0.0	0.0
3816.5940746234187	2.0	trials	7.0	0.0	0.0	0.0	0.0	0.0	True	40.0	0.0	0.005	[44181654.55634567, 44181944.55728462, 44182232.5582171, 44182523.55915929, 44182812.560095005, 44183101.561030716, 44183391.56196967, 44183681.56290862, 44183971.56384757, 44184261.56478652, 44184550.565722235, 44184839.566657946, 44185129.567596905, 44185419.56853585, 44185709.56947481, 44185998.57041052, 44186288.571349464, 44186577.57228519, 44186867.57322414, 44187157.57416309]	0.0	0.0	0.0
3825.4081127611616	2.0	trials	7.0	0.0	0.0	0.0	0.0	0.0	True	40.0	0.0	0.005	[44283668.88664297, 44283957.88757869, 44284247.88851763, 44284537.889456585, 44284827.890395544, 44285116.891331255, 44285407.89227345, 44285695.89320592, 44285985.89414487, 44286275.89508383, 44286564.89601953, 44286853.89695525, 44287144.897897445, 44287434.89883639, 44287723.89977211, 44288013.90071106, 44288303.901650004, 44288592.90258573, 44288882.903524674, 44289172.90446363]	0.0	0.0	0.0
3831.673256246194	2.0	trials	7.0	0.0	0.0	0.0	0.0	0.0	True	40.0	0.0	0.005	[44356182.12142298, 44356471.122358695, 44356761.12329765, 44357051.1242366, 44357341.12517555, 44357630.12611127, 44357920.12705021, 44358209.12798593, 44358499.128924884, 44358788.129860595, 44359078.13079955, 44359367.131735265, 44359657.13267422, 44359947.13361317, 44360236.13454888, 44360527.135491066, 44360816.136426784, 44361105.137362495, 44361395.13830145, 44361685.1392404]	0.0	0.0	0.0
3838.2300006753617	2.0	trials	7.0	0.0	0.0	0.0	0.0	0.0	True	40.0	0.0	0.005	[44432070.36713045, 44432359.36806617, 44432650.36900835, 44432939.369944066, 44433229.37088302, 44433518.37181873, 44433807.37275445, 44434098.37369664, 44434387.37463234, 44434676.37556807, 44434966.376507014, 44435256.377445966, 44435545.378381684, 44435836.37932386, 44436125.38025959, 44436414.3811953, 44436704.382134244, 44436994.3830732, 44437284.384012155, 44437574.38495111]	0.0	0.0	0.0
3847.188327280276	2.0	trials	7.0	0.0	0.0	0.0	0.0	0.0	True	40.0	0.0	0.005	[44535754.702834815, 44536043.703770526, 44536333.704709485, 44536622.705645196, 44536912.70658415, 44537201.70751987, 44537492.70846205, 44537781.70939776, 44538071.710336715, 44538359.71126919, 44538650.712211385, 44538940.71315033, 44539229.71408604, 44539519.715025, 44539808.71596071, 44540098.71689966, 44540388.717838615, 44540677.718774326, 44540967.719713286, 44541256.720649]	0.0	0.0	0.0
3854.2749646251095	2.0	trials	7.0	0.0	0.0	0.0	0.0	0.0	True	40.0	0.0	0.005	[44617775.968399495, 44618064.969335206, 44618354.97027415, 44618644.97121311, 44618933.97214883, 44619222.97308454, 44619513.974026725, 44619802.974962436, 44620091.975898154, 44620381.976837106, 44620671.97777606, 44620961.97871501, 44621250.97965073, 44621540.98058967, 44621830.981528625, 44622120.98246758, 44622408.983400054, 44622699.98434225, 44622988.98527796, 44623277.98621367]	0.0	0.0	0.0
3860.35236030226	2.0	trials	7.0	0.0	0.0	0.0	0.0	0.0	True	40.0	0.0	0.005	[44688116.19614384, 44688405.197079554, 44688695.198018506, 44688985.19895746, 44689274.19989317, 44689564.20083213, 44689853.20176784, 44690143.20270679, 44690433.20364574, 44690722.204581454, 44691012.20552041, 44691302.206459366, 44691591.20739507, 44691881.20833402, 44692171.20927297, 44692460.21020869, 44692750.21114764, 44693039.212083355, 44693329.21302231, 44693618.21395802]	0.0	0.0	0.0
3868.0798285219503	2.0	trials	7.0	0.0	0.0	0.0	0.0	0.0	True	40.0	0.0	0.005	[44777554.48572302, 44777842.486655496, 44778133.487597674, 44778423.48853663, 44778713.489475586, 44779002.4904113, 44779291.491347015, 44779581.49228597, 44779871.49322492, 44780160.49416063, 44780450.495099574, 44780739.49603529, 44781029.49697425, 44781319.4979132, 44781609.49885215, 44781898.49978787, 44782188.50072681, 44782477.50166253, 44782768.502604716, 44783056.50353719]	0.0	0.0	0.0
3874.326827948237	2.0	trials	7.0	0.0	0.0	0.0	0.0	0.0	True	40.0	0.0	0.005	[44849856.71981986, 44850146.7207588, 44850436.72169776, 44850726.722636715, 44851015.723572426, 44851305.72451138, 44851594.72544709, 44851884.72638605, 44852174.727325, 44852463.72826071, 44852753.72919966, 44853042.73013538, 44853332.731074326, 44853621.732010044, 44853911.73294899, 44854201.73388795, 44854490.73482366, 44854780.73576261, 44855070.73670156, 44855359.73763728]	0.0	0.0	0.0
3879.828452161178	2.0	trials	7.0	0.0	0.0	0.0	0.0	0.0	True	40.0	0.0	0.005	[44913532.92598774, 44913823.926929936, 44914113.92786888, 44914401.928801365, 44914692.92974356, 44914981.93067926, 44915271.93161822, 44915560.93255393, 44915851.933496125, 44916140.934431836, 44916429.93536755, 44916719.9363065, 44917009.93724546, 44917297.93817793, 44917587.93911688, 44917878.94005907, 44918167.940994784, 44918456.941930495, 44918747.94287269, 44919036.9438084]	0.0	0.0	0.0
3886.4404063691013	2.0	trials	7.0	0.0	0.0	0.0	0.0	0.0	True	40.0	0.0	0.005	[44990060.17376415, 44990351.17470633, 44990640.17564204, 44990929.17657776, 44991219.177516714, 44991509.178455666, 44991798.17939138, 44992088.18033033, 44992378.18126928, 44992667.182205, 44992957.18314394, 44993246.18407966, 44993537.185021855, 44993825.185954325, 44994116.18689652, 44994405.18783223, 44994695.18877118, 44994984.1897069, 44995275.190649085, 44995564.191584796]	0.0	0.0	0.0
3895.1885210933997	2.0	trials	7.0	0.0	0.0	0.0	0.0	0.0	True	40.0	0.0	0.005	[45091311.50159103, 45091601.50252998, 45091891.50346893, 45092181.50440789, 45092470.5053436, 45092760.50628255, 45093050.507221505, 45093339.508157216, 45093629.50909617, 45093919.51003512, 45094208.51097083, 45094497.51190655, 45094788.512848735, 45095076.51378121, 45095366.514720164, 45095656.515659116, 45095946.51659807, 45096236.51753702, 45096525.51847273, 45096815.51941169]	0.0	0.0	0.0
3903.141839644339	2.0	trials	7.0	0.0	0.0	0.0	0.0	0.0	True	40.0	0.0	0.005	[45183363.79963372, 45183653.80057267, 45183943.80151162, 45184232.80244734, 45184521.80338305, 45184812.80432524, 45185101.80526096, 45185391.80619991, 45185680.80713562, 45185970.80807457, 45186259.80901028, 45186550.809952475, 45186839.810888186, 45187128.8118239, 45187418.81276286, 45187708.81370181, 45187997.81463752, 45188287.81557647, 45188578.816518664, 45188867.817454375]	0.0	0.0	0.0
3930.868726217353	2.0	trials	8.0	0.0	0.0	0.0	0.0	0.0	True	40.0	0.0	0.005	[45504277.83867442, 45504566.83961012, 45504855.84054584, 45505145.8414848, 45505434.8424205, 45505725.8433627, 45506014.844298415, 45506303.845234126, 45506594.84617632, 45506884.84711526, 45507173.84805098, 45507463.848989934, 45507752.849925645, 45508041.850861356, 45508331.851800315, 45508621.85273926, 45508911.85367822, 45509200.85461393, 45509490.855552875, 45509780.856491834]	0.0	0.0	0.0
3938.8362144141706	2.0	trials	8.0	0.0	0.0	0.0	0.0	0.0	True	40.0	0.0	0.005	[45596493.137244865, 45596782.13818057, 45597072.13911953, 45597362.14005848, 45597652.14099743, 45597942.141936384, 45598231.142872095, 45598521.14381105, 45598810.144746765, 45599100.14568571, 45599390.14662466, 45599679.14756038, 45599969.148499325, 45600259.149438284, 45600548.150373995, 45600838.15131295, 45601127.152248666, 45601418.15319085, 45601707.15412656, 45601996.15506228]	0.0	0.0	0.0
3945.9882567707696	2.0	trials	8.0	0.0	0.0	0.0	0.0	0.0	True	40.0	0.0	0.005	[45679271.405260526, 45679561.40619948, 45679851.40713842, 45680140.40807414, 45680430.4090131, 45680719.40994881, 45681009.410887755, 45681298.41182347, 45681588.412762426, 45681877.41369814, 45682167.41463709, 45682457.41557604, 45682746.41651176, 45683036.41745071, 45683326.418389656, 45683616.419328615, 45683905.420264326, 45684195.42120328, 45684485.42214223, 45684774.42307794]	0.0	0.0	0.0
3952.0627148384087	2.0	trials	8.0	0.0	0.0	0.0	0.0	0.0	True	40.0	0.0	0.005	[45749578.632898025, 45749867.63383374, 45750157.634772696, 45750447.63571165, 45750736.63664736, 45751026.63758631, 45751315.63852203, 45751605.63946097, 45751895.640399925, 45752185.64133888, 45752474.64227459, 45752764.64321355, 45753053.64414926, 45753343.64508821, 45753633.64602716, 45753923.646966115, 45754212.647901826, 45754502.64884078, 45754791.649776496, 45755082.65071868]	0.0	0.0	0.0
3959.8262983750324	2.0	trials	8.0	0.0	0.0	0.0	0.0	0.0	True	40.0	0.0	0.005	[45839433.92382735, 45839723.9247663, 45840012.92570201, 45840301.92663773, 45840591.927576676, 45840882.92851887, 45841170.92945135, 45841461.93039353, 45841750.93132925, 45842039.93226497, 45842329.93320391, 45842619.934142865, 45842909.93508182, 45843199.93602077, 45843488.93695649, 45843777.93789219, 45844068.938834384, 45844357.9397701, 45844646.94070581, 45844937.94164801]	0.0	0.0	0.0
3968.6685894042507	2.0	trials	8.0	0.0	0.0	0.0	0.0	0.0	True	40.0	0.0	0.005	[45941776.25518663, 45942066.256125584, 45942356.25706454, 45942644.25799701, 45942934.258935966, 45943224.259874925, 45943514.26081387, 45943803.26174959, 45944093.26268854, 45944383.263627484, 45944672.2645632, 45944962.265502155, 45945252.26644111, 45945541.26737682, 45945830.268312536, 45946120.26925149, 45946410.27019043, 45946700.271129385, 45946989.2720651, 45947279.273004055]	0.0	0.0	0.0
3974.2607611103626	2.0	trials	8.0	0.0	0.0	0.0	0.0	0.0	True	40.0	0.0	0.005	[46006499.46474446, 46006788.465680175, 46007078.466619134, 46007368.46755808, 46007657.46849379, 46007947.46943275, 46008236.47036846, 46008526.47130741, 46008816.472246364, 46009106.47318531, 46009395.474121034, 46009686.47506322, 46009975.47599893, 46010265.47693788, 46010554.47787359, 46010843.47880931, 46011133.479748264, 46011423.48068721, 46011712.48162293, 46012003.48256512]	0.0	0.0	0.0
3982.48079732487	2.0	trials	8.0	0.0	0.0	0.0	0.0	0.0	True	40.0	0.0	0.005	[46101639.77278537, 46101928.773721084, 46102217.774656795, 46102508.77559899, 46102797.77653471, 46103087.77747365, 46103376.77840937, 46103666.77934832, 46103955.78028403, 46104244.78121974, 46104534.782158695, 46104824.78309765, 46105113.784033366, 46105404.78497555, 46105693.78591126, 46105983.78685022, 46106273.787789166, 46106562.788724884, 46106852.78966384, 46107141.79059955]	0.0	0.0	0.0
3987.9574518569643	2.0	trials	8.0	0.0	0.0	0.0	0.0	0.0	True	40.0	0.0	0.005	[46165026.978017546, 46165316.9789565, 46165605.97989221, 46165895.98083116, 46166184.98176688, 46166474.982705824, 46166764.983644776, 46167053.984580494, 46167342.985516205, 46167632.98645516, 46167922.98739411, 46168211.98832982, 46168502.98927201, 46168791.990207724, 46169080.991143435, 46169371.99208563, 46169660.99302134, 46169950.9939603, 46170239.99489601, 46170529.995834954]	0.0	0.0	0.0
3996.714465810077	2.0	trials	8.0	0.0	0.0	0.0	0.0	0.0	True	40.0	0.0	0.005	[46266380.30617468, 46266670.30711363, 46266959.30804935, 46267249.308988295, 46267538.309924014, 46267830.31086944, 46268119.31180515, 46268408.31274087, 46268698.31367982, 46268987.31461553, 46269276.31555125, 46269566.316490196, 46269856.31742915, 46270145.318364866, 46270436.31930706, 46270725.32024277, 46271015.32118172, 46271305.32212067, 46271594.323056385, 46271883.323992096]	0.0	0.0	0.0
4002.8929498145276	2.0	trials	8.0	0.0	0.0	0.0	0.0	0.0	True	40.0	0.0	0.005	[46337891.53771045, 46338180.53864617, 46338470.53958512, 46338760.54052407, 46339049.541459784, 46339339.542398736, 46339628.543334454, 46339918.5442734, 46340207.54520911, 46340497.54614807, 46340787.54708702, 46341077.54802597, 46341366.548961684, 46341656.549900636, 46341945.55083635, 46342235.5517753, 46342524.55271101, 46342815.5536532, 46343104.55458892, 46343394.55552787]	0.0	0.0	0.0
4008.2388807233706	2.0	trials	8.0	0.0	0.0	0.0	0.0	0.0	True	40.0	0.0	0.005	[46399765.73804389, 46400055.73898284, 46400344.73991855, 46400634.74085751, 46400924.74179646, 46401213.74273217, 46401503.74367112, 46401792.74460684, 46402082.74554579, 46402372.74648474, 46402662.747423686, 46402950.74835616, 46403241.74929836, 46403530.750234075, 46403820.75117303, 46404109.75210874, 46404400.75305093, 46404688.7539834, 46404979.75492559, 46405268.755861305]	0.0	0.0	0.0
4016.920812833386	2.0	trials	8.0	0.0	0.0	0.0	0.0	0.0	True	40.0	0.0	0.005	[46500251.06339065, 46500540.06432636, 46500830.065265305, 46501120.066204265, 46501410.06714322, 46501699.06807893, 46501989.06901788, 46502278.0699536, 46502568.07089255, 46502857.07182826, 46503147.072767206, 46503436.073702924, 46503727.07464512, 46504016.07558083, 46504306.07651978, 46504595.0774555, 46504885.07839444, 46505175.0793334, 46505465.08027235, 46505755.0812113]	0.0	0.0	0.0
4022.5487542553124	2.0	trials	8.0	0.0	0.0	0.0	0.0	0.0	True	40.0	0.0	0.005	[46565388.27428891, 46565678.27522786, 46565968.27616681, 46566257.27710252, 46566546.27803824, 46566837.27898043, 46567127.279919386, 46567416.28085509, 46567706.28179404, 46567995.28272977, 46568285.28366871, 46568575.284607664, 46568864.285543375, 46569154.28648233, 46569444.287421286, 46569733.28835699, 46570023.28929594, 46570312.29023166, 46570601.29116737, 46570892.292109564]	0.0	0.0	0.0
4029.0554729225073	2.0	trials	8.0	0.0	0.0	0.0	0.0	0.0	True	40.0	0.0	0.005	[46640698.51812495, 46640987.519060664, 46641278.52000285, 46641567.52093856, 46641856.52187428, 46642146.52281323, 46642436.52375218, 46642726.524691135, 46643015.525626846, 46643304.526562564, 46643595.52750475, 46643885.5284437, 46644174.52937941, 46644463.53031513, 46644752.53125084, 46645042.532189794, 46645332.533128746, 46645622.5340677, 46645911.535003416, 46646202.5359456]	0.0	0.0	0.0
4035.0713516004803	2.0	trials	8.0	0.0	0.0	0.0	0.0	0.0	True	40.0	0.0	0.005	[46710325.74356077, 46710615.74449972, 46710904.74543543, 46711194.74637438, 46711484.74731334, 46711773.748249054, 46712063.749188006, 46712353.75012696, 46712643.75106591, 46712932.75200162, 46713221.75293733, 46713511.753876284, 46713800.754812, 46714091.755754195, 46714380.7566899, 46714669.757625625, 46714959.75856457, 46715249.75950352, 46715540.760445714, 46715828.761378184]	0.0	0.0	0.0
4041.281198906478	2.0	trials	8.0	0.0	0.0	0.0	0.0	0.0	True	40.0	0.0	0.005	[46782199.97627185, 46782488.977207564, 46782777.97814328, 46783068.979085475, 46783357.980021186, 46783646.9809569, 46783936.98189584, 46784226.9828348, 46784515.98377051, 46784805.984709464, 46785095.985648416, 46785385.98658737, 46785674.98752309, 46785963.9884588, 46786253.98939774, 46786543.9903367, 46786833.99127565, 46787122.992211364, 46787412.993150316, 46787702.99408927]	0.0	0.0	0.0
4047.7250181700206	2.0	trials	8.0	0.0	0.0	0.0	0.0	0.0	True	40.0	0.0	0.005	[46856781.21774756, 46857071.21868651, 46857360.21962222, 46857650.22056118, 46857940.22150013, 46858229.22243584, 46858519.22337479, 46858809.22431375, 46859098.22524946, 46859387.22618517, 46859678.22712736, 46859966.22805984, 46860256.228998795, 46860546.22993774, 46860836.23087669, 46861126.23181564, 46861415.23275136, 46861705.233690314, 46861995.234629266, 46862284.23556498]	0.0	0.0	0.0
4052.987140807513	2.0	trials	8.0	0.0	0.0	0.0	0.0	0.0	True	40.0	0.0	0.005	[46917684.41493712, 46917974.415876076, 46918264.41681503, 46918553.417750746, 46918843.41868969, 46919132.41962541, 46919422.42056436, 46919712.42150331, 46920002.422442265, 46920291.423377976, 46920581.42431693, 46920871.42525588, 46921160.42619159, 46921450.42713054, 46921740.428069495, 46922029.42900521, 46922319.429944165, 46922608.430879876, 46922898.43181883, 46923188.43275778]	0.0	0.0	0.0
4059.551661261856	2.0	trials	8.0	0.0	0.0	0.0	0.0	0.0	True	40.0	0.0	0.005	[46993663.660939224, 46993952.66187494, 46994242.662813894, 46994531.663749605, 46994821.664688565, 46995110.665624276, 46995400.66656323, 46995689.66749893, 46995979.66843789, 46996269.66937684, 46996559.670315795, 46996848.671251506, 46997138.67219046, 46997427.673126176, 46997717.67406513, 46998006.67500084, 46998297.675943024, 46998586.67687874, 46998876.677817695, 46999165.678753406]	0.0	0.0	0.0
4064.711917969531	2.0	trials	8.0	0.0	0.0	0.0	0.0	0.0	True	40.0	0.0	0.005	[47053387.854311466, 47053677.855250426, 47053967.85618938, 47054256.85712509, 47054546.85806404, 47054835.85899975, 47055125.8599387, 47055415.860877655, 47055705.86181661, 47055994.862752326, 47056284.86369128, 47056573.86462699, 47056863.86556594, 47057152.86650166, 47057442.8674406, 47057731.868376315, 47058022.86931851, 47058312.87025746, 47058601.87119318, 47058891.87213213]	0.0	0.0	0.0
4073.209212681735	2.0	trials	8.0	0.0	0.0	0.0	0.0	0.0	True	40.0	0.0	0.005	[47151736.172739126, 47152027.17368132, 47152316.17461703, 47152605.17555275, 47152895.17649169, 47153184.17742741, 47153474.17836636, 47153764.179305315, 47154054.18024427, 47154344.18118322, 47154633.18211893, 47154923.18305788, 47155212.18399359, 47155502.184932545, 47155791.18586826, 47156081.186807215, 47156371.18774617, 47156660.18868188, 47156950.18962083, 47157240.19055978]	0.0	0.0	0.0
4078.564906822189	2.0	trials	8.0	0.0	0.0	0.0	0.0	0.0	True	40.0	0.0	0.005	[47213723.37343843, 47214013.374377385, 47214302.37531309, 47214592.37625205, 47214883.37719424, 47215171.37812671, 47215461.37906566, 47215751.380004615, 47216040.38094033, 47216330.381879285, 47216620.38281824, 47216909.38375395, 47217199.3846929, 47217488.38562861, 47217778.38656756, 47218068.387506515, 47218358.38844547, 47218648.38938442, 47218937.39032013, 47219226.39125585]	0.0	0.0	0.0
4084.8655608221966	2.0	trials	8.0	0.0	0.0	0.0	0.0	0.0	True	40.0	0.0	0.005	[47286647.609549165, 47286937.61048811, 47287226.61142383, 47287516.61236278, 47287806.61330173, 47288096.61424068, 47288385.615176395, 47288674.61611211, 47288964.617051065, 47289254.61799001, 47289544.61892896, 47289833.61986468, 47290123.62080363, 47290413.621742584, 47290703.622681536, 47290992.62361725, 47291282.6245562, 47291572.62549515, 47291861.62643086, 47292151.62736982]	0.0	0.0	0.0
4093.796239337593	2.0	trials	8.0	0.0	0.0	0.0	0.0	0.0	True	40.0	0.0	0.005	[47390012.944220684, 47390301.945156395, 47390590.94609211, 47390880.947031066, 47391170.94797001, 47391460.94890897, 47391749.94984468, 47392039.950783625, 47392328.95171934, 47392619.95266154, 47392908.95359725, 47393197.954532966, 47393487.95547191, 47393777.95641086, 47394067.957349814, 47394356.958285525, 47394645.959221244, 47394936.96016344, 47395225.96109915, 47395515.9620381]	0.0	0.0	0.0
4100.715000938884	2.0	trials	8.0	0.0	0.0	0.0	0.0	0.0	True	40.0	0.0	0.005	[47470091.20349438, 47470381.20443333, 47470670.20536904, 47470960.20630799, 47471249.207243696, 47471539.20818266, 47471829.209121615, 47472118.210057326, 47472409.21099951, 47472698.21193523, 47472987.21287093, 47473277.21380989, 47473567.214748845, 47473856.21568456, 47474146.216623515, 47474436.21756246, 47474725.21849818, 47475015.21943713, 47475305.22037608, 47475594.22131179]	0.0	0.0	0.0
4107.974352442925	2.0	trials	8.0	0.0	0.0	0.0	0.0	0.0	True	40.0	0.0	0.005	[47554110.4755281, 47554400.476467066, 47554690.47740602, 47554980.478344955, 47555269.47928067, 47555558.480216384, 47555848.481155336, 47556138.482094295, 47556427.48303, 47556717.483968966, 47557007.4849079, 47557296.48584363, 47557587.486785814, 47557876.48772152, 47558166.488660485, 47558455.489596196, 47558745.49053515, 47559034.491470866, 47559323.49240657, 47559614.493348755]	0.0	0.0	0.0
4115.2015630429005	2.0	trials	8.0	0.0	0.0	0.0	0.0	0.0	True	40.0	0.0	0.005	[47637758.74636063, 47638048.747299574, 47638338.74823853, 47638628.74917748, 47638917.7501132, 47639206.7510489, 47639497.75199109, 47639785.75292358, 47640076.75386576, 47640364.75479824, 47640654.75573719, 47640945.75667938, 47641234.7576151, 47641524.75855405, 47641813.75948976, 47642103.76042871, 47642393.761367664, 47642682.76230337, 47642971.763239086, 47643262.76418128]	0.0	0.0	0.0
4122.821981315989	2.0	trials	8.0	0.0	0.0	0.0	0.0	0.0	True	40.0	0.0	0.005	[47725958.03192821, 47726248.03286716, 47726538.033806115, 47726827.03474183, 47727117.03568078, 47727407.03661973, 47727696.037555434, 47727985.03849115, 47728275.03943011, 47728565.04036906, 47728854.041304775, 47729144.04224373, 47729434.04318267, 47729724.04412163, 47730013.045057334, 47730303.04599629, 47730592.04693201, 47730881.047867715, 47731172.048809916, 47731461.04974563]	0.0	0.0	0.0
4131.635760252893	2.0	trials	8.0	0.0	0.0	0.0	0.0	0.0	True	40.0	0.0	0.005	[47827970.362219036, 47828259.36315474, 47828549.3640937, 47828839.36503265, 47829129.36597161, 47829418.36690731, 47829707.36784303, 47829997.36878197, 47830287.369720936, 47830576.37065665, 47830866.3715956, 47831157.372537784, 47831445.37347026, 47831736.374412455, 47832025.375348166, 47832314.37628387, 47832604.377222836, 47832893.37815855, 47833183.3790975, 47833473.38003645]	0.0	0.0	0.0
4138.841802784332	2.0	trials	8.0	0.0	0.0	0.0	0.0	0.0	True	40.0	0.0	0.005	[47911373.632258296, 47911662.633194014, 47911952.63413296, 47912242.635071926, 47912531.63600763, 47912820.63694334, 47913110.63788231, 47913400.638821244, 47913689.63975696, 47913979.640695915, 47914269.64163486, 47914559.642573826, 47914848.64350953, 47915137.64444524, 47915428.64538743, 47915718.64632638, 47916007.6472621, 47916297.648201056, 47916586.64913676, 47916876.65007571]	0.0	0.0	0.0
4146.46204825686	2.0	trials	8.0	0.0	0.0	0.0	0.0	0.0	True	40.0	0.0	0.005	[47999569.91781618, 47999859.918755114, 48000149.91969407, 48000438.92062978, 48000728.921568744, 48001018.922507696, 48001307.92344341, 48001597.92438235, 48001887.92532131, 48002176.926257014, 48002466.92719597, 48002756.928134926, 48003046.92907387, 48003335.930009596, 48003625.93094854, 48003915.93188749, 48004204.93282321, 48004493.933758914, 48004783.934697874, 48005072.93563359]	0.0	0.0	0.0
4154.069852089106	2.0	trials	8.0	0.0	0.0	0.0	0.0	0.0	True	40.0	0.0	0.005	[48087624.202914275, 48087913.203849986, 48088204.20479219, 48088493.2057279, 48088782.206663616, 48089072.20760257, 48089361.20853828, 48089652.209480464, 48089941.210416175, 48090231.211355135, 48090521.21229409, 48090811.21323304, 48091099.214165516, 48091390.2151077, 48091678.21604018, 48091968.21697912, 48092258.21791808, 48092548.218857035, 48092837.219792746, 48093127.2207317]	0.0	0.0	0.0
4162.998543398068	2.0	trials	8.0	0.0	0.0	0.0	0.0	0.0	True	40.0	0.0	0.005	[48190965.537508085, 48191253.53844056, 48191543.53937953, 48191833.54031847, 48192123.54125742, 48192412.54219314, 48192702.54313208, 48192992.54407105, 48193282.545009986, 48193571.545945704, 48193861.546884656, 48194150.54782037, 48194440.54875932, 48194730.54969828, 48195019.550634, 48195308.5515697, 48195599.552511886, 48195888.553447604, 48196177.554383315, 48196468.555325516]	0.0	0.0	0.0
4171.188512315224	2.0	trials	8.0	0.0	0.0	0.0	0.0	0.0	True	40.0	0.0	0.005	[48285755.844415784, 48286045.845354736, 48286335.84629368, 48286624.8472294, 48286914.84816835, 48287204.8491073, 48287493.85004301, 48287783.850981966, 48288072.851917684, 48288362.852856636, 48288651.85379235, 48288941.8547313, 48289231.85567025, 48289521.8566092, 48289810.857544914, 48290100.858483866, 48290390.859422825, 48290679.860358536, 48290968.86129425, 48291258.86223319]	0.0	0.0	0.0
4178.490718358018	2.0	trials	8.0	0.0	0.0	0.0	0.0	0.0	True	40.0	0.0	0.005	[48370272.118058674, 48370562.118997626, 48370851.119933344, 48371141.1208723, 48371431.12181125, 48371720.12274696, 48372010.12368591, 48372299.12462163, 48372590.125563815, 48372879.126499526, 48373169.12743848, 48373459.12837744, 48373748.12931315, 48374037.13024886, 48374327.13118781, 48374618.13213, 48374906.13306249, 48375196.13400143, 48375485.134937145, 48375776.13587934]	0.0	0.0	0.0
4186.584437363541	2.0	trials	8.0	0.0	0.0	0.0	0.0	0.0	True	40.0	0.0	0.005	[48463949.42136274, 48464240.42230493, 48464529.42324064, 48464819.42417959, 48465109.425118536, 48465397.42605102, 48465687.42698997, 48465977.42792892, 48466267.42886788, 48466557.42980683, 48466846.43074254, 48467136.43168149, 48467425.43261721, 48467715.43355615, 48468005.434495114, 48468295.43543406, 48468584.43636978, 48468874.43730873, 48469163.43824444, 48469453.43918339]	0.0	0.0	0.0
4192.566360731575	2.0	trials	8.0	0.0	0.0	0.0	0.0	0.0	True	40.0	0.0	0.005	[48533185.64553259, 48533474.646468304, 48533764.64740726, 48534053.648342974, 48534343.649281934, 48534633.65022087, 48534923.65115982, 48535213.65209878, 48535502.65303449, 48535791.653970204, 48536081.65490916, 48536370.655844875, 48536660.656783834, 48536950.65772277, 48537239.65865849, 48537530.65960068, 48537820.660539635, 48538109.66147535, 48538398.662411064, 48538688.66335001]	0.0	0.0	0.0
4198.579215399757	2.0	trials	8.0	0.0	0.0	0.0	0.0	0.0	True	40.0	0.0	0.005	[48602778.870858334, 48603068.871797286, 48603357.872733, 48603647.87367195, 48603937.8746109, 48604226.87554663, 48604516.876485564, 48604805.87742128, 48605095.878360234, 48605385.879299186, 48605674.8802349, 48605964.88117385, 48606253.88210957, 48606543.88304852, 48606833.883987464, 48607123.884926416, 48607412.885862134, 48607701.886797845, 48607992.88774003, 48608281.888675764]	0.0	0.0	0.0
4204.849542901574	2.0	trials	8.0	0.0	0.0	0.0	0.0	0.0	True	40.0	0.0	0.005	[48675351.10582937, 48675641.106768325, 48675931.107707284, 48676221.10864622, 48676510.10958195, 48676799.11051766, 48677089.1114566, 48677379.112395555, 48677668.11333127, 48677958.114270225, 48678248.115209185, 48678538.11614812, 48678827.11708384, 48679116.118019566, 48679407.118961744, 48679695.11989422, 48679986.12083642, 48680275.121772125, 48680565.122711085, 48680855.12365002]	0.0	0.0	0.0
4212.150452940172	2.0	trials	8.0	0.0	0.0	0.0	0.0	0.0	True	40.0	0.0	0.005	[48759852.37942371, 48760142.38036265, 48760432.381301604, 48760722.382240556, 48761011.38317628, 48761301.38411523, 48761590.38505094, 48761880.38598989, 48762169.38692561, 48762459.38786455, 48762749.388803504, 48763039.38974246, 48763328.390678175, 48763618.39161713, 48763908.39255607, 48764197.39349179, 48764487.39443074, 48764777.39536969, 48765066.39630542, 48765356.39724436]	0.0	0.0	0.0
4219.789015272006	2.0	trials	8.0	0.0	0.0	0.0	0.0	0.0	True	40.0	0.0	0.005	[48848261.665671214, 48848551.666610174, 48848841.667549126, 48849131.66848807, 48849420.66942378, 48849710.67036273, 48850000.67130169, 48850289.67223741, 48850578.673173115, 48850868.674112074, 48851158.675051026, 48851447.675986744, 48851737.67692568, 48852027.67786463, 48852316.67880035, 48852606.67973931, 48852896.68067826, 48853186.6816172, 48853476.68255616, 48853764.683488645]	0.0	0.0	0.0
4226.0107858166075	2.0	trials	8.0	0.0	0.0	0.0	0.0	0.0	True	40.0	0.0	0.005	[48920273.89882912, 48920562.89976483, 48920852.90070377, 48921141.901639484, 48921431.902578436, 48921721.903517395, 48922011.90445635, 48922301.90539529, 48922589.90632778, 48922880.907269955, 48923169.90820567, 48923458.909141384, 48923748.910080336, 48924038.911019295, 48924327.91195501, 48924617.912893966, 48924907.9138329, 48925196.91476863, 48925486.91570757, 48925775.916643284]	0.0	0.0	0.0
4231.8073805845925	2.0	trials	8.0	0.0	0.0	0.0	0.0	0.0	True	40.0	0.0	0.005	[48987363.11604749, 48987653.11698644, 48987942.11792216, 48988232.11886112, 48988521.11979682, 48988812.120739006, 48989101.121674724, 48989390.122610435, 48989680.12354939, 48989971.12449157, 48990260.12542729, 48990549.12636302, 48990839.127301954, 48991129.128240906, 48991418.129176624, 48991708.130115576, 48991998.131054536, 48992287.13199024, 48992577.13292919, 48992867.13386814]	0.0	0.0	0.0
4240.886926781987	2.0	trials	8.0	0.0	0.0	0.0	0.0	0.0	True	40.0	0.0	0.005	[49092450.45629443, 49092740.45723339, 49093030.45817234, 49093319.459108055, 49093609.46004701, 49093899.46098595, 49094189.46192491, 49094478.46286063, 49094767.46379633, 49095057.46473529, 49095347.465674244, 49095636.466609955, 49095926.46754891, 49096215.468484625, 49096505.46942358, 49096796.47036576, 49097084.47129823, 49097375.472240426, 49097664.473176144, 49097954.474115096]	0.0	0.0	0.0
4249.0933117522945	2.0	trials	8.0	0.0	0.0	0.0	0.0	0.0	True	40.0	0.0	0.005	[49187431.76382054, 49187721.76475949, 49188010.7656952, 49188300.76663415, 49188589.76756987, 49188880.768512055, 49189169.76944778, 49189458.7703835, 49189749.771325685, 49190038.77226139, 49190328.77320035, 49190617.77413605, 49190907.77507502, 49191197.776013955, 49191486.776949674, 49191776.77788862, 49192066.778827585, 49192355.77976329, 49192645.78070225, 49192934.78163797]	0.0	0.0	0.0
4256.838924030731	2.0	trials	8.0	0.0	0.0	0.0	0.0	0.0	True	40.0	0.0	0.005	[49277080.05407965, 49277370.055018604, 49277660.05595754, 49277950.0568965, 49278239.05783222, 49278528.05876792, 49278818.05970688, 49279108.06064583, 49279397.06158155, 49279687.062520504, 49279976.063456215, 49280266.06439516, 49280556.06533412, 49280846.06627307, 49281135.06720878, 49281424.06814449, 49281715.06908668, 49282003.07001916, 49282293.070958115, 49282584.0719003]	0.0	0.0	0.0
4264.993900834591	2.0	trials	8.0	0.0	0.0	0.0	0.0	0.0	True	40.0	0.0	0.005	[49371467.35968251, 49371756.36061823, 49372047.36156042, 49372336.36249613, 49372625.36343185, 49372915.3643708, 49373205.36530975, 49373495.366248704, 49373784.367184415, 49374074.36812337, 49374363.369059086, 49374653.36999804, 49374943.37093698, 49375232.3718727, 49375522.37281165, 49375811.37374736, 49376101.374686316, 49376391.37562527, 49376681.37656422, 49376970.37749994]	0.0	0.0	0.0
4274.041046927082	2.0	trials	8.0	0.0	0.0	0.0	0.0	0.0	True	40.0	0.0	0.005	[49476179.69871531, 49476469.699654244, 49476757.700586736, 49477047.70152569, 49477338.70246787, 49477627.70340359, 49477917.704342544, 49478207.70528149, 49478497.70622044, 49478785.707152925, 49479075.70809186, 49479364.70902759, 49479654.709966525, 49479944.71090549, 49480234.711844444, 49480524.71278339, 49480813.71371911, 49481103.71465806, 49481393.71559701, 49481682.71653272]	0.0	0.0	0.0
4280.977606986002	2.0	trials	8.0	0.0	0.0	0.0	0.0	0.0	True	40.0	0.0	0.005	[49556462.95865274, 49556752.9595917, 49557042.96053065, 49557332.961469606, 49557621.96240532, 49557910.963341035, 49558200.96427997, 49558490.96521893, 49558779.96615464, 49559069.9670936, 49559359.968032554, 49559649.96897149, 49559938.96990722, 49560228.97084617, 49560518.97178512, 49560807.97272083, 49561097.97365978, 49561387.974598736, 49561676.975534454, 49561966.97647339]	0.0	0.0	0.0
4308.060206672968	2.0	trials	9.0	0.0	0.0	0.0	0.0	0.0	True	5.0	0.0	0.01	[49869967.97370484, 49872283.98120351, 49874601.98870864, NaN, NaN, NaN, NaN, NaN, NaN, NaN, NaN, NaN, NaN, NaN, NaN, NaN, NaN, NaN, NaN, NaN]	0.0	0.0	0.0
4314.972142652161	2.0	trials	9.0	0.0	0.0	0.0	0.0	0.0	True	5.0	0.0	0.01	[49949967.23272277, 49952284.24022467, 49954601.24772657, NaN, NaN, NaN, NaN, NaN, NaN, NaN, NaN, NaN, NaN, NaN, NaN, NaN, NaN, NaN, NaN, NaN]	0.0	0.0	0.0
4321.121941763736	2.0	trials	9.0	0.0	0.0	0.0	0.0	0.0	True	5.0	0.0	0.01	[50021145.46318035, 50023462.47068225, 50025779.47818415, NaN, NaN, NaN, NaN, NaN, NaN, NaN, NaN, NaN, NaN, NaN, NaN, NaN, NaN, NaN, NaN, NaN]	0.0	0.0	0.0
4328.658033363795	2.0	trials	9.0	0.0	0.0	0.0	0.0	0.0	True	5.0	0.0	0.01	[50108368.745587885, 50110685.753089786, 50113002.760591686, NaN, NaN, NaN, NaN, NaN, NaN, NaN, NaN, NaN, NaN, NaN, NaN, NaN, NaN, NaN, NaN, NaN]	0.0	0.0	0.0
4335.528238007871	2.0	trials	9.0	0.0	0.0	0.0	0.0	0.0	True	5.0	0.0	0.01	[50187885.00304195, 50190202.01054385, 50192519.01804575, NaN, NaN, NaN, NaN, NaN, NaN, NaN, NaN, NaN, NaN, NaN, NaN, NaN, NaN, NaN, NaN, NaN]	0.0	0.0	0.0
4342.487262139523	2.0	trials	9.0	0.0	0.0	0.0	0.0	0.0	True	5.0	0.0	0.01	[50268429.263824455, 50270746.271326356, 50273063.278828256, NaN, NaN, NaN, NaN, NaN, NaN, NaN, NaN, NaN, NaN, NaN, NaN, NaN, NaN, NaN, NaN, NaN]	0.0	0.0	0.0
4350.342257172115	2.0	trials	9.0	0.0	0.0	0.0	0.0	0.0	True	5.0	0.0	0.01	[50359343.558182575, 50361660.565684475, 50363977.573186375, NaN, NaN, NaN, NaN, NaN, NaN, NaN, NaN, NaN, NaN, NaN, NaN, NaN, NaN, NaN, NaN, NaN]	0.0	0.0	0.0
4355.856236625058	2.0	trials	9.0	0.0	0.0	0.0	0.0	0.0	True	5.0	0.0	0.01	[50423162.76481345, 50425479.77231535, 50427796.77981726, NaN, NaN, NaN, NaN, NaN, NaN, NaN, NaN, NaN, NaN, NaN, NaN, NaN, NaN, NaN, NaN, NaN]	0.0	0.0	0.0
4361.140909735564	2.0	trials	9.0	0.0	0.0	0.0	0.0	0.0	True	5.0	0.0	0.01	[50484327.962851316, 50486644.97035323, 50488961.977855116, NaN, NaN, NaN, NaN, NaN, NaN, NaN, NaN, NaN, NaN, NaN, NaN, NaN, NaN, NaN, NaN, NaN]	0.0	0.0	0.0
4367.148493986682	2.0	trials	9.0	0.0	0.0	0.0	0.0	0.0	True	5.0	0.0	0.01	[50553859.187976316, 50556177.195481464, 50558494.202983364, NaN, NaN, NaN, NaN, NaN, NaN, NaN, NaN, NaN, NaN, NaN, NaN, NaN, NaN, NaN, NaN, NaN]	0.0	0.0	0.0
4373.178455910253	2.0	trials	9.0	0.0	0.0	0.0	0.0	0.0	True	5.0	0.0	0.01	[50623651.413946375, 50625968.421448275, 50628285.428950176, NaN, NaN, NaN, NaN, NaN, NaN, NaN, NaN, NaN, NaN, NaN, NaN, NaN, NaN, NaN, NaN, NaN]	0.0	0.0	0.0
4378.896512823951	2.0	trials	9.0	0.0	0.0	0.0	0.0	0.0	True	5.0	0.0	0.01	[50689832.628224865, 50692149.63572675, 50694467.6432319, NaN, NaN, NaN, NaN, NaN, NaN, NaN, NaN, NaN, NaN, NaN, NaN, NaN, NaN, NaN, NaN, NaN]	0.0	0.0	0.0
4385.944961245138	2.0	trials	9.0	0.0	0.0	0.0	0.0	0.0	True	5.0	0.0	0.01	[50771410.89235521, 50773728.899860345, 50776045.907362245, NaN, NaN, NaN, NaN, NaN, NaN, NaN, NaN, NaN, NaN, NaN, NaN, NaN, NaN, NaN, NaN, NaN]	0.0	0.0	0.0
4392.62465327238	2.0	trials	9.0	0.0	0.0	0.0	0.0	0.0	True	5.0	0.0	0.01	[50848723.14267325, 50851040.15017515, 50853358.15768029, NaN, NaN, NaN, NaN, NaN, NaN, NaN, NaN, NaN, NaN, NaN, NaN, NaN, NaN, NaN, NaN, NaN]	0.0	0.0	0.0
4400.454937824964	2.0	trials	9.0	0.0	0.0	0.0	0.0	0.0	True	5.0	0.0	0.01	[50939351.436105356, 50941668.443607256, 50943985.451109156, NaN, NaN, NaN, NaN, NaN, NaN, NaN, NaN, NaN, NaN, NaN, NaN, NaN, NaN, NaN, NaN, NaN]	0.0	0.0	0.0
4407.234854176709	2.0	trials	9.0	0.0	0.0	0.0	0.0	0.0	True	5.0	0.0	0.01	[51017821.69017274, 51020139.69767787, 51022456.70517977, NaN, NaN, NaN, NaN, NaN, NaN, NaN, NaN, NaN, NaN, NaN, NaN, NaN, NaN, NaN, NaN, NaN]	0.0	0.0	0.0
4415.010879353615	2.0	trials	9.0	0.0	0.0	0.0	0.0	0.0	True	5.0	0.0	0.01	[51107822.981574774, 51110139.989076674, 51112456.996578574, NaN, NaN, NaN, NaN, NaN, NaN, NaN, NaN, NaN, NaN, NaN, NaN, NaN, NaN, NaN, NaN, NaN]	0.0	0.0	0.0
4420.873051933925	2.0	trials	9.0	0.0	0.0	0.0	0.0	0.0	True	5.0	0.0	0.01	[51175672.201253854, 51177989.208755754, 51180306.216257654, NaN, NaN, NaN, NaN, NaN, NaN, NaN, NaN, NaN, NaN, NaN, NaN, NaN, NaN, NaN, NaN, NaN]	0.0	0.0	0.0
4429.362829821791	2.0	trials	9.0	0.0	0.0	0.0	0.0	0.0	True	5.0	0.0	0.01	[51273933.51939982, 51276250.52690172, 51278568.534406856, NaN, NaN, NaN, NaN, NaN, NaN, NaN, NaN, NaN, NaN, NaN, NaN, NaN, NaN, NaN, NaN, NaN]	0.0	0.0	0.0
4436.857103686454	2.0	trials	9.0	0.0	0.0	0.0	0.0	0.0	True	5.0	0.0	0.01	[51360672.80024028, 51362989.80774218, 51365307.815247305, NaN, NaN, NaN, NaN, NaN, NaN, NaN, NaN, NaN, NaN, NaN, NaN, NaN, NaN, NaN, NaN, NaN]	0.0	0.0	0.0
4443.72696272941	2.0	trials	9.0	0.0	0.0	0.0	0.0	0.0	True	5.0	0.0	0.01	[51440185.0576814, 51442502.06518328, 51444819.07268519, NaN, NaN, NaN, NaN, NaN, NaN, NaN, NaN, NaN, NaN, NaN, NaN, NaN, NaN, NaN, NaN, NaN]	0.0	0.0	0.0
4451.876669116206	2.0	trials	9.0	0.0	0.0	0.0	0.0	0.0	True	5.0	0.0	0.01	[51534509.36308029, 51536827.37058542, 51539144.37808732, NaN, NaN, NaN, NaN, NaN, NaN, NaN, NaN, NaN, NaN, NaN, NaN, NaN, NaN, NaN, NaN, NaN]	0.0	0.0	0.0
4457.859802088157	2.0	trials	9.0	0.0	0.0	0.0	0.0	0.0	True	5.0	0.0	0.01	[51603759.58729547, 51606076.59479737, 51608393.60229927, NaN, NaN, NaN, NaN, NaN, NaN, NaN, NaN, NaN, NaN, NaN, NaN, NaN, NaN, NaN, NaN, NaN]	0.0	0.0	0.0
4466.029553339854	2.0	trials	9.0	0.0	0.0	0.0	0.0	0.0	True	5.0	0.0	0.01	[51698316.89344876, 51700633.90095067, 51702950.90845257, NaN, NaN, NaN, NaN, NaN, NaN, NaN, NaN, NaN, NaN, NaN, NaN, NaN, NaN, NaN, NaN, NaN]	0.0	0.0	0.0
4473.583270596981	2.0	trials	9.0	0.0	0.0	0.0	0.0	0.0	True	5.0	0.0	0.01	[51785744.17651679, 51788061.184018694, 51790378.191520594, NaN, NaN, NaN, NaN, NaN, NaN, NaN, NaN, NaN, NaN, NaN, NaN, NaN, NaN, NaN, NaN, NaN]	0.0	0.0	0.0
4479.493481732828	2.0	trials	9.0	0.0	0.0	0.0	0.0	0.0	True	5.0	0.0	0.01	[51854149.39799607, 51856466.40549797, 51858783.41299987, NaN, NaN, NaN, NaN, NaN, NaN, NaN, NaN, NaN, NaN, NaN, NaN, NaN, NaN, NaN, NaN, NaN]	0.0	0.0	0.0
4485.548154136405	2.0	trials	9.0	0.0	0.0	0.0	0.0	0.0	True	5.0	0.0	0.01	[51924226.62488888, 51926543.63239078, 51928860.63989268, NaN, NaN, NaN, NaN, NaN, NaN, NaN, NaN, NaN, NaN, NaN, NaN, NaN, NaN, NaN, NaN, NaN]	0.0	0.0	0.0
4490.677306743372	2.0	trials	9.0	0.0	0.0	0.0	0.0	0.0	True	5.0	0.0	0.01	[51983591.81709877, 51985908.82460068, 51988225.83210257, NaN, NaN, NaN, NaN, NaN, NaN, NaN, NaN, NaN, NaN, NaN, NaN, NaN, NaN, NaN, NaN, NaN]	0.0	0.0	0.0
4497.026258499756	2.0	trials	9.0	0.0	0.0	0.0	0.0	0.0	True	5.0	0.0	0.01	[52057075.05501941, 52059392.06252131, 52061709.07002321, NaN, NaN, NaN, NaN, NaN, NaN, NaN, NaN, NaN, NaN, NaN, NaN, NaN, NaN, NaN, NaN, NaN]	0.0	0.0	0.0
4503.770837137085	2.0	trials	9.0	0.0	0.0	0.0	0.0	0.0	True	5.0	0.0	0.01	[52135137.307765774, 52137454.315267675, 52139771.322769575, NaN, NaN, NaN, NaN, NaN, NaN, NaN, NaN, NaN, NaN, NaN, NaN, NaN, NaN, NaN, NaN, NaN]	0.0	0.0	0.0
4523.8168252411915	2.0	trials	10.0	0.0	0.0	0.0	0.0	0.0	True	10.0	0.0	0.005	[52367102.05881057, 52368261.062563136, 52369420.0663157, 52370578.07006504, 52371737.0738176, NaN, NaN, NaN, NaN, NaN, NaN, NaN, NaN, NaN, NaN, NaN, NaN, NaN, NaN, NaN]	0.0	0.0	0.0
4529.983126806198	2.0	trials	10.0	0.0	0.0	0.0	0.0	0.0	True	10.0	0.0	0.005	[52438471.28988658, 52439630.293639146, 52440788.29738848, 52441947.301141046, 52443104.30488713, NaN, NaN, NaN, NaN, NaN, NaN, NaN, NaN, NaN, NaN, NaN, NaN, NaN, NaN, NaN]	0.0	0.0	0.0
4537.03304403214	2.0	trials	10.0	0.0	0.0	0.0	0.0	0.0	True	10.0	0.0	0.005	[52520068.55407844, 52521226.55782777, 52522385.56158034, 52523543.56532967, 52524702.56908224, NaN, NaN, NaN, NaN, NaN, NaN, NaN, NaN, NaN, NaN, NaN, NaN, NaN, NaN, NaN]	0.0	0.0	0.0
4545.606025389398	2.0	trials	10.0	0.0	0.0	0.0	0.0	0.0	True	10.0	0.0	0.005	[52619291.875339136, 52620450.8790917, 52621609.88284427, 52622767.8865936, 52623926.890346184, NaN, NaN, NaN, NaN, NaN, NaN, NaN, NaN, NaN, NaN, NaN, NaN, NaN, NaN, NaN]	0.0	0.0	0.0
4550.970791559226	2.0	trials	10.0	0.0	0.0	0.0	0.0	0.0	True	10.0	0.0	0.005	[52681384.076378405, 52682542.08012774, 52683701.083880305, 52684860.08763288, 52686019.09138545, NaN, NaN, NaN, NaN, NaN, NaN, NaN, NaN, NaN, NaN, NaN, NaN, NaN, NaN, NaN]	0.0	0.0	0.0
4558.0990738388955	2.0	trials	10.0	0.0	0.0	0.0	0.0	0.0	True	10.0	0.0	0.005	[52763887.343503684, 52765046.34725626, 52766205.351008825, 52767363.35475816, 52768522.358510725, NaN, NaN, NaN, NaN, NaN, NaN, NaN, NaN, NaN, NaN, NaN, NaN, NaN, NaN, NaN]	0.0	0.0	0.0
4564.110373302044	2.0	trials	10.0	0.0	0.0	0.0	0.0	0.0	True	10.0	0.0	0.005	[52833463.56877439, 52834621.57252372, 52835779.57627304, 52836937.58002237, 52838097.58377819, NaN, NaN, NaN, NaN, NaN, NaN, NaN, NaN, NaN, NaN, NaN, NaN, NaN, NaN, NaN]	0.0	0.0	0.0
4572.012888488493	2.0	trials	10.0	0.0	0.0	0.0	0.0	0.0	True	10.0	0.0	0.005	[52924927.86491326, 52926086.86866584, 52927244.87241516, 52928402.876164496, 52929561.87991706, NaN, NaN, NaN, NaN, NaN, NaN, NaN, NaN, NaN, NaN, NaN, NaN, NaN, NaN, NaN]	0.0	0.0	0.0
4578.792977640796	2.0	trials	10.0	0.0	0.0	0.0	0.0	0.0	True	10.0	0.0	0.005	[53003400.11898712, 53004559.12273967, 53005718.126492254, 53006876.13024157, 53008035.133994155, NaN, NaN, NaN, NaN, NaN, NaN, NaN, NaN, NaN, NaN, NaN, NaN, NaN, NaN, NaN]	0.0	0.0	0.0
4587.336928504063	2.0	trials	10.0	0.0	0.0	0.0	0.0	0.0	True	10.0	0.0	0.005	[53102288.439163156, 53103447.44291574, 53104606.446668305, 53105764.45041764, 53106923.454170205, NaN, NaN, NaN, NaN, NaN, NaN, NaN, NaN, NaN, NaN, NaN, NaN, NaN, NaN, NaN]	0.0	0.0	0.0
4592.922965790312	2.0	trials	10.0	0.0	0.0	0.0	0.0	0.0	True	10.0	0.0	0.005	[53166942.64849758, 53168101.65225016, 53169259.65599948, 53170418.65975206, 53171576.66350138, NaN, NaN, NaN, NaN, NaN, NaN, NaN, NaN, NaN, NaN, NaN, NaN, NaN, NaN, NaN]	0.0	0.0	0.0
4601.256963973801	2.0	trials	10.0	0.0	0.0	0.0	0.0	0.0	True	10.0	0.0	0.005	[53263399.96080263, 53264558.9645552, 53265716.96830453, 53266875.9720571, 53268034.97580966, NaN, NaN, NaN, NaN, NaN, NaN, NaN, NaN, NaN, NaN, NaN, NaN, NaN, NaN, NaN]	0.0	0.0	0.0
4608.492814601751	2.0	trials	10.0	0.0	0.0	0.0	0.0	0.0	True	10.0	0.0	0.005	[53347149.23196215, 53348307.2357115, 53349466.23946407, 53350624.2432134, 53351783.24696597, NaN, NaN, NaN, NaN, NaN, NaN, NaN, NaN, NaN, NaN, NaN, NaN, NaN, NaN, NaN]	0.0	0.0	0.0
4616.988986110318	2.0	trials	10.0	0.0	0.0	0.0	0.0	0.0	True	10.0	0.0	0.005	[53445484.55034772, 53446643.55410029, 53447802.55785287, 53448959.56159896, 53450119.56535477, NaN, NaN, NaN, NaN, NaN, NaN, NaN, NaN, NaN, NaN, NaN, NaN, NaN, NaN, NaN]	0.0	0.0	0.0
4625.977034411465	2.0	trials	10.0	0.0	0.0	0.0	0.0	0.0	True	10.0	0.0	0.005	[53549511.88716265, 53550670.890915215, 53551829.89466778, 53552987.898417115, 53554145.90216645, NaN, NaN, NaN, NaN, NaN, NaN, NaN, NaN, NaN, NaN, NaN, NaN, NaN, NaN, NaN]	0.0	0.0	0.0
4631.898304783119	2.0	trials	10.0	0.0	0.0	0.0	0.0	0.0	True	10.0	0.0	0.005	[53618045.10905635, 53619203.112805694, 53620363.116561495, 53621521.12031082, 53622679.124060154, NaN, NaN, NaN, NaN, NaN, NaN, NaN, NaN, NaN, NaN, NaN, NaN, NaN, NaN, NaN]	0.0	0.0	0.0
4638.607113704634	2.0	trials	10.0	0.0	0.0	0.0	0.0	0.0	True	10.0	0.0	0.005	[53695693.360462286, 53696852.36421485, 53698011.367967434, 53699169.37171675, 53700327.375466086, NaN, NaN, NaN, NaN, NaN, NaN, NaN, NaN, NaN, NaN, NaN, NaN, NaN, NaN, NaN]	0.0	0.0	0.0
4645.891348489241	2.0	trials	10.0	0.0	0.0	0.0	0.0	0.0	True	10.0	0.0	0.005	[53780001.633431725, 53781161.63718753, 53782319.64093687, 53783477.64468621, 53784636.64843877, NaN, NaN, NaN, NaN, NaN, NaN, NaN, NaN, NaN, NaN, NaN, NaN, NaN, NaN, NaN]	0.0	0.0	0.0
4654.687242568239	2.0	trials	10.0	0.0	0.0	0.0	0.0	0.0	True	10.0	0.0	0.005	[53881806.96305234, 53882964.96680167, 53884123.97055424, 53885283.97431004, 53886441.97805937, NaN, NaN, NaN, NaN, NaN, NaN, NaN, NaN, NaN, NaN, NaN, NaN, NaN, NaN, NaN]	0.0	0.0	0.0
4662.571354495103	2.0	trials	10.0	0.0	0.0	0.0	0.0	0.0	True	10.0	0.0	0.005	[53973058.258501574, 53974217.26225415, 53975375.266003475, 53976534.26975605, 53977692.273505375, NaN, NaN, NaN, NaN, NaN, NaN, NaN, NaN, NaN, NaN, NaN, NaN, NaN, NaN, NaN]	0.0	0.0	0.0
4668.175535840099	2.0	trials	10.0	0.0	0.0	0.0	0.0	0.0	True	10.0	0.0	0.005	[54037921.4685127, 54039078.472258784, 54040237.47601135, 54041396.47976392, 54042555.4835165, NaN, NaN, NaN, NaN, NaN, NaN, NaN, NaN, NaN, NaN, NaN, NaN, NaN, NaN, NaN]	0.0	0.0	0.0
4673.461418554521	2.0	trials	10.0	0.0	0.0	0.0	0.0	0.0	True	10.0	0.0	0.005	[54099100.66659588, 54100258.67034521, 54101416.674094535, 54102576.67785035, 54103734.681599684, NaN, NaN, NaN, NaN, NaN, NaN, NaN, NaN, NaN, NaN, NaN, NaN, NaN, NaN, NaN]	0.0	0.0	0.0
4679.623745706659	2.0	trials	10.0	0.0	0.0	0.0	0.0	0.0	True	10.0	0.0	0.005	[54170422.897519715, 54171580.90126905, 54172739.905021615, 54173898.90877418, 54175057.91252675, NaN, NaN, NaN, NaN, NaN, NaN, NaN, NaN, NaN, NaN, NaN, NaN, NaN, NaN, NaN]	0.0	0.0	0.0
4688.534292956876	2.0	trials	10.0	0.0	0.0	0.0	0.0	0.0	True	10.0	0.0	0.005	[54273555.23143684, 54274713.235186175, 54275871.23893549, 54277029.242684826, 54278188.24643739, NaN, NaN, NaN, NaN, NaN, NaN, NaN, NaN, NaN, NaN, NaN, NaN, NaN, NaN, NaN]	0.0	0.0	0.0
4694.93007366488	2.0	trials	10.0	0.0	0.0	0.0	0.0	0.0	True	10.0	0.0	0.005	[54347580.47111235, 54348738.474861674, 54349897.47861425, 54351055.482363574, 54352213.486112915, NaN, NaN, NaN, NaN, NaN, NaN, NaN, NaN, NaN, NaN, NaN, NaN, NaN, NaN, NaN]	0.0	0.0	0.0
4703.554463188587	2.0	trials	10.0	0.0	0.0	0.0	0.0	0.0	True	10.0	0.0	0.005	[54447398.79429951, 54448556.79804885, 54449715.80180141, 54450874.80555398, 54452032.80930331, NaN, NaN, NaN, NaN, NaN, NaN, NaN, NaN, NaN, NaN, NaN, NaN, NaN, NaN, NaN]	0.0	0.0	0.0
4709.0319817234795	2.0	trials	10.0	0.0	0.0	0.0	0.0	0.0	True	10.0	0.0	0.005	[54510796.99956731, 54511956.003319874, 54513114.00706921, 54514272.01081854, 54515431.01457111, NaN, NaN, NaN, NaN, NaN, NaN, NaN, NaN, NaN, NaN, NaN, NaN, NaN, NaN, NaN]	0.0	0.0	0.0
4717.472079450493	2.0	trials	10.0	0.0	0.0	0.0	0.0	0.0	True	10.0	0.0	0.005	[54608483.315851554, 54609641.31960089, 54610800.32335346, 54611958.32710279, 54613117.33085536, NaN, NaN, NaN, NaN, NaN, NaN, NaN, NaN, NaN, NaN, NaN, NaN, NaN, NaN, NaN]	0.0	0.0	0.0
4724.612025767928	2.0	trials	10.0	0.0	0.0	0.0	0.0	0.0	True	10.0	0.0	0.005	[54691120.58341071, 54692279.58716326, 54693438.59091583, 54694596.59466516, 54695755.59841773, NaN, NaN, NaN, NaN, NaN, NaN, NaN, NaN, NaN, NaN, NaN, NaN, NaN, NaN, NaN]	0.0	0.0	0.0
4733.654419845033	2.0	trials	10.0	0.0	0.0	0.0	0.0	0.0	True	10.0	0.0	0.005	[54795778.922268644, 54796936.92601798, 54798094.92976731, 54799253.93351988, 54800411.93726921, NaN, NaN, NaN, NaN, NaN, NaN, NaN, NaN, NaN, NaN, NaN, NaN, NaN, NaN, NaN]	0.0	0.0	0.0
4754.386944571979	2.0	trials	11.0	0.0	0.0	0.0	0.0	0.0	True	20.0	0.0	0.005	[55035737.69919612, 55036316.70107078, 55036896.70294869, 55037475.70482336, 55038054.706698015, 55038633.70857269, 55039212.710447356, 55039792.71232526, 55040372.714203164, 55040951.71607783, NaN, NaN, NaN, NaN, NaN, NaN, NaN, NaN, NaN, NaN]	0.0	0.0	0.0
4760.537089284674	2.0	trials	11.0	0.0	0.0	0.0	0.0	0.0	True	20.0	0.0	0.005	[55106919.92966666, 55107499.93154457, 55108079.933422476, 55108658.93529715, 55109237.93717181, 55109817.93904971, 55110396.940924376, 55110975.94279905, 55111554.94467371, 55112133.94654838, NaN, NaN, NaN, NaN, NaN, NaN, NaN, NaN, NaN, NaN]	0.0	0.0	0.0
4766.219290082278	2.0	trials	11.0	0.0	0.0	0.0	0.0	0.0	True	20.0	0.0	0.005	[55172687.14260472, 55173265.144476146, 55173845.14635406, 55174425.14823196, 55175003.150103375, 55175583.15198129, 55176162.15385596, 55176741.15573061, 55177320.157605276, 55177900.159483194, NaN, NaN, NaN, NaN, NaN, NaN, NaN, NaN, NaN, NaN]	0.0	0.0	0.0
4773.85880281719	2.0	trials	11.0	0.0	0.0	0.0	0.0	0.0	True	20.0	0.0	0.005	[55261106.42888461, 55261686.43076252, 55262264.432633944, 55262844.434511855, 55263424.43638976, 55264002.43826117, 55264582.440139085, 55265161.44201374, 55265740.44388841, 55266319.445763074, NaN, NaN, NaN, NaN, NaN, NaN, NaN, NaN, NaN, NaN]	0.0	0.0	0.0
4779.9773250274975	2.0	trials	11.0	0.0	0.0	0.0	0.0	0.0	True	20.0	0.0	0.005	[55331923.65817337, 55332502.66004804, 55333080.66191947, 55333660.66379738, 55334240.66567527, 55334818.66754671, 55335398.669424616, 55335977.67129928, 55336557.67317717, 55337135.67504861, NaN, NaN, NaN, NaN, NaN, NaN, NaN, NaN, NaN, NaN]	0.0	0.0	0.0
4785.4658163979175	2.0	trials	11.0	0.0	0.0	0.0	0.0	0.0	True	20.0	0.0	0.005	[55395446.863845885, 55396026.865723796, 55396605.86759845, 55397184.86947312, 55397763.871347785, 55398343.87322569, 55398922.87510035, 55399501.87697502, 55400081.87885293, 55400659.880724356, NaN, NaN, NaN, NaN, NaN, NaN, NaN, NaN, NaN, NaN]	0.0	0.0	0.0
4794.173495791296	2.0	trials	11.0	0.0	0.0	0.0	0.0	0.0	True	20.0	0.0	0.005	[55496231.190160744, 55496810.1920354, 55497390.1939133, 55497969.19578797, 55498548.197662644, 55499128.19954054, 55499707.2014152, 55500286.20328988, 55500865.20516454, 55501444.20703921, NaN, NaN, NaN, NaN, NaN, NaN, NaN, NaN, NaN, NaN]	0.0	0.0	0.0
4801.663363241692	2.0	trials	11.0	0.0	0.0	0.0	0.0	0.0	True	20.0	0.0	0.005	[55582919.47083606, 55583499.47271397, 55584077.47458539, 55584657.47646329, 55585236.47833796, 55585816.48021587, 55586394.48208729, 55586974.48396519, 55587554.48584311, 55588132.48771452, NaN, NaN, NaN, NaN, NaN, NaN, NaN, NaN, NaN, NaN]	0.0	0.0	0.0
4809.150206682297	2.0	trials	11.0	0.0	0.0	0.0	0.0	0.0	True	20.0	0.0	0.005	[55669572.751398064, 55670150.75326949, 55670730.75514738, 55671310.7570253, 55671888.75889673, 55672468.76077462, 55673047.76264928, 55673626.76452395, 55674206.766401865, 55674785.76827652, NaN, NaN, NaN, NaN, NaN, NaN, NaN, NaN, NaN, NaN]	0.0	0.0	0.0
4816.4035965670355	2.0	trials	11.0	0.0	0.0	0.0	0.0	0.0	True	20.0	0.0	0.005	[55753524.02321162, 55754103.02508629, 55754682.026960954, 55755261.02883562, 55755840.03071029, 55756420.03258819, 55756999.034462854, 55757579.03634076, 55758158.03821542, 55758738.040093325, NaN, NaN, NaN, NaN, NaN, NaN, NaN, NaN, NaN, NaN]	0.0	0.0	0.0
4822.663037633605	2.0	trials	11.0	0.0	0.0	0.0	0.0	0.0	True	20.0	0.0	0.005	[55825970.2577747, 55826550.2596526, 55827129.26152727, 55827709.26340518, 55828288.26527984, 55828867.2671545, 55829447.26903242, 55830026.270907074, 55830605.27278174, 55831185.27465965, NaN, NaN, NaN, NaN, NaN, NaN, NaN, NaN, NaN, NaN]	0.0	0.0	0.0
4831.123698627198	2.0	trials	11.0	0.0	0.0	0.0	0.0	0.0	True	20.0	0.0	0.005	[55923894.574829556, 55924474.576707445, 55925053.578582115, 55925632.58045678, 55926211.582331456, 55926790.58420611, 55927370.586084016, 55927949.58795868, 55928529.58983658, 55929108.591711245, NaN, NaN, NaN, NaN, NaN, NaN, NaN, NaN, NaN, NaN]	0.0	0.0	0.0
4838.021551360792	2.0	trials	11.0	0.0	0.0	0.0	0.0	0.0	True	20.0	0.0	0.005	[56003731.83332295, 56004310.835197605, 56004889.837072276, 56005469.83895019, 56006048.84082485, 56006627.842699505, 56007205.84457095, 56007785.84644884, 56008365.84832674, 56008944.850201406, NaN, NaN, NaN, NaN, NaN, NaN, NaN, NaN, NaN, NaN]	0.0	0.0	0.0
4843.519978763382	2.0	trials	11.0	0.0	0.0	0.0	0.0	0.0	True	20.0	0.0	0.005	[56067371.03937103, 56067949.04124247, 56068529.04312036, 56069108.044995025, 56069688.04687293, 56070266.04874437, 56070846.05062226, 56071425.05249693, 56072004.0543716, 56072584.0562495, NaN, NaN, NaN, NaN, NaN, NaN, NaN, NaN, NaN, NaN]	0.0	0.0	0.0
4850.118454527665	2.0	trials	11.0	0.0	0.0	0.0	0.0	0.0	True	20.0	0.0	0.005	[56143741.28663911, 56144320.28851377, 56144899.29038844, 56145479.29226634, 56146058.29414101, 56146637.29601567, 56147217.29789358, 56147796.29976824, 56148376.301646136, 56148954.30351757, NaN, NaN, NaN, NaN, NaN, NaN, NaN, NaN, NaN, NaN]	0.0	0.0	0.0
4858.808421863697	2.0	trials	11.0	0.0	0.0	0.0	0.0	0.0	True	20.0	0.0	0.005	[56244319.612286985, 56244899.614164874, 56245477.6160363, 56246057.61791421, 56246636.619788885, 56247215.62166354, 56247795.623541445, 56248374.625416115, 56248954.62729401, 56249532.62916544, NaN, NaN, NaN, NaN, NaN, NaN, NaN, NaN, NaN, NaN]	0.0	0.0	0.0
4866.61226793068	2.0	trials	11.0	0.0	0.0	0.0	0.0	0.0	True	20.0	0.0	0.005	[56334641.90472834, 56335221.906606235, 56335799.908477664, 56336379.91035556, 56336959.912233464, 56337538.914108135, 56338117.9159828, 56338696.917857476, 56339276.919735365, 56339856.921613276, NaN, NaN, NaN, NaN, NaN, NaN, NaN, NaN, NaN, NaN]	0.0	0.0	0.0
4872.370673775018	2.0	trials	11.0	0.0	0.0	0.0	0.0	0.0	True	20.0	0.0	0.005	[56401290.12051886, 56401869.12239353, 56402449.12427142, 56403029.12614933, 56403607.12802076, 56404186.12989542, 56404766.13177332, 56405346.13365123, 56405924.13552266, 56406503.13739732, NaN, NaN, NaN, NaN, NaN, NaN, NaN, NaN, NaN, NaN]	0.0	0.0	0.0
4878.108343552218	2.0	trials	11.0	0.0	0.0	0.0	0.0	0.0	True	20.0	0.0	0.005	[56467699.33553556, 56468279.33741345, 56468857.33928488, 56469437.34116279, 56470017.34304068, 56470596.34491535, 56471174.34678678, 56471753.348661445, 56472333.350539364, 56472912.35241402, NaN, NaN, NaN, NaN, NaN, NaN, NaN, NaN, NaN, NaN]	0.0	0.0	0.0
4883.549833170457	2.0	trials	11.0	0.0	0.0	0.0	0.0	0.0	True	20.0	0.0	0.005	[56530679.539449945, 56531258.54132462, 56531838.54320253, 56532416.545073956, 56532996.546951845, 56533575.54882652, 56534154.55070119, 56534733.55257586, 56535313.554453745, 56535892.55632842, NaN, NaN, NaN, NaN, NaN, NaN, NaN, NaN, NaN, NaN]	0.0	0.0	0.0
4892.20230278508	2.0	trials	11.0	0.0	0.0	0.0	0.0	0.0	True	20.0	0.0	0.005	[56630823.863692634, 56631402.8655673, 56631981.86744197, 56632560.869316645, 56633140.871194534, 56633719.8730692, 56634297.874940634, 56634877.876818545, 56635457.878696434, 56636036.8805711, NaN, NaN, NaN, NaN, NaN, NaN, NaN, NaN, NaN, NaN]	0.0	0.0	0.0
4897.84882026715	2.0	trials	11.0	0.0	0.0	0.0	0.0	0.0	True	20.0	0.0	0.005	[56696176.07528702, 56696756.07716493, 56697335.07903959, 56697914.08091425, 56698494.082792155, 56699073.08466683, 56699652.08654149, 56700231.08841615, 56700811.09029406, 56701390.09216872, NaN, NaN, NaN, NaN, NaN, NaN, NaN, NaN, NaN, NaN]	0.0	0.0	0.0
4904.153794281146	2.0	trials	11.0	0.0	0.0	0.0	0.0	0.0	True	20.0	0.0	0.005	[56769150.31155964, 56769730.313437544, 56770309.31531221, 56770888.31718688, 56771468.31906477, 56772047.320939444, 56772626.32281411, 56773206.32469201, 56773785.32656668, 56774364.328441344, NaN, NaN, NaN, NaN, NaN, NaN, NaN, NaN, NaN, NaN]	0.0	0.0	0.0
4909.848350318754	2.0	trials	11.0	0.0	0.0	0.0	0.0	0.0	True	20.0	0.0	0.005	[56835059.52495745, 56835639.52683536, 56836217.52870678, 56836797.530584686, 56837376.53245935, 56837955.53433402, 56838535.53621193, 56839114.538086586, 56839694.5399645, 56840272.54183592, NaN, NaN, NaN, NaN, NaN, NaN, NaN, NaN, NaN, NaN]	0.0	0.0	0.0
4917.1024314057295	2.0	trials	11.0	0.0	0.0	0.0	0.0	0.0	True	20.0	0.0	0.005	[56919018.79679691, 56919599.798678055, 56920178.800552726, 56920757.80242739, 56921337.80430529, 56921915.80617672, 56922495.808054626, 56923074.80992929, 56923654.81180719, 56924233.81368186, NaN, NaN, NaN, NaN, NaN, NaN, NaN, NaN, NaN, NaN]	0.0	0.0	0.0
4923.138354948603	2.0	trials	11.0	0.0	0.0	0.0	0.0	0.0	True	20.0	0.0	0.005	[56988879.022987135, 56989458.024861805, 56990038.02673972, 56990617.02861437, 56991197.03049228, 56991775.032363705, 56992355.03424162, 56992934.03611627, 56993514.03799418, 56994093.03986885, NaN, NaN, NaN, NaN, NaN, NaN, NaN, NaN, NaN, NaN]	0.0	0.0	0.0
4930.482465127071	2.0	trials	11.0	0.0	0.0	0.0	0.0	0.0	True	20.0	0.0	0.005	[57073881.298203595, 57074460.30007826, 57075038.30194968, 57075618.30382759, 57076198.305705495, 57076777.30758016, 57077355.30945158, 57077935.31132949, 57078514.313204154, 57079094.31508206, NaN, NaN, NaN, NaN, NaN, NaN, NaN, NaN, NaN, NaN]	0.0	0.0	0.0
4936.716850112515	2.0	trials	11.0	0.0	0.0	0.0	0.0	0.0	True	20.0	0.0	0.005	[57146037.531827725, 57146617.53370562, 57147196.53558029, 57147775.537454955, 57148355.53933286, 57148934.54120752, 57149513.54308219, 57150093.544960104, 57150671.546831526, 57151251.54870942, NaN, NaN, NaN, NaN, NaN, NaN, NaN, NaN, NaN, NaN]	0.0	0.0	0.0
4945.6271381618935	2.0	trials	11.0	0.0	0.0	0.0	0.0	0.0	True	20.0	0.0	0.005	[57249165.865731895, 57249745.86760979, 57250324.86948446, 57250903.871359125, 57251483.87323703, 57252062.87511169, 57252642.87698961, 57253221.878864266, 57253799.880735695, 57254379.88261359, NaN, NaN, NaN, NaN, NaN, NaN, NaN, NaN, NaN, NaN]	0.0	0.0	0.0
4953.864972834027	2.0	trials	11.0	0.0	0.0	0.0	0.0	0.0	True	20.0	0.0	0.005	[57344511.17443654, 57345090.17631121, 57345670.17818911, 57346249.18006378, 57346828.18193844, 57347408.18381634, 57347987.18569101, 57348566.18756568, 57349145.18944034, 57349724.19131501, NaN, NaN, NaN, NaN, NaN, NaN, NaN, NaN, NaN, NaN]	0.0	0.0	0.0
4976.68985313552	2.0	trials	12.0	0.0	0.0	0.0	0.0	0.0	True	1.0	0.0	1.0	[57609552.032573625, NaN, NaN, NaN, NaN, NaN, NaN, NaN, NaN, NaN, NaN, NaN, NaN, NaN, NaN, NaN, NaN, NaN, NaN, NaN]	0.0	0.0	0.0
4984.075608248825	2.0	trials	12.0	0.0	0.0	0.0	0.0	0.0	True	1.0	0.0	1.0	[57619347.06428752, NaN, NaN, NaN, NaN, NaN, NaN, NaN, NaN, NaN, NaN, NaN, NaN, NaN, NaN, NaN, NaN, NaN, NaN, NaN]	0.0	0.0	0.0
4992.794001276891	2.0	trials	12.0	0.0	0.0	0.0	0.0	0.0	True	1.0	0.0	1.0	[57619350.06429724, NaN, NaN, NaN, NaN, NaN, NaN, NaN, NaN, NaN, NaN, NaN, NaN, NaN, NaN, NaN, NaN, NaN, NaN, NaN]	0.0	0.0	0.0
4998.241884515832	2.0	trials	12.0	0.0	0.0	0.0	0.0	0.0	True	1.0	0.0	1.0	[57695032.30933773, NaN, NaN, NaN, NaN, NaN, NaN, NaN, NaN, NaN, NaN, NaN, NaN, NaN, NaN, NaN, NaN, NaN, NaN, NaN]	0.0	0.0	0.0
5003.413546060433	2.0	trials	12.0	0.0	0.0	0.0	0.0	0.0	True	0.0	0.0	0.0	[NaN, NaN, NaN, NaN, NaN, NaN, NaN, NaN, NaN, NaN, NaN, NaN, NaN, NaN, NaN, NaN, NaN, NaN, NaN, NaN]	0.0	0.0	0.0
5009.530253864867	2.0	trials	12.0	0.0	0.0	0.0	0.0	0.0	True	1.0	0.0	1.0	[57695034.309344195, NaN, NaN, NaN, NaN, NaN, NaN, NaN, NaN, NaN, NaN, NaN, NaN, NaN, NaN, NaN, NaN, NaN, NaN, NaN]	0.0	0.0	0.0
5017.162681776838	2.0	trials	12.0	0.0	0.0	0.0	0.0	0.0	True	1.0	0.0	1.0	[57704824.34104191, NaN, NaN, NaN, NaN, NaN, NaN, NaN, NaN, NaN, NaN, NaN, NaN, NaN, NaN, NaN, NaN, NaN, NaN, NaN]	0.0	0.0	0.0
5024.125853121919	2.0	trials	12.0	0.0	0.0	0.0	0.0	0.0	True	1.0	0.0	1.0	[57704833.341071054, NaN, NaN, NaN, NaN, NaN, NaN, NaN, NaN, NaN, NaN, NaN, NaN, NaN, NaN, NaN, NaN, NaN, NaN, NaN]	0.0	0.0	0.0
5032.2826443316535	2.0	trials	12.0	0.0	0.0	0.0	0.0	0.0	True	1.0	0.0	1.0	[57795935.63603788, NaN, NaN, NaN, NaN, NaN, NaN, NaN, NaN, NaN, NaN, NaN, NaN, NaN, NaN, NaN, NaN, NaN, NaN, NaN]	0.0	0.0	0.0
5037.842329532582	2.0	trials	12.0	0.0	0.0	0.0	0.0	0.0	True	1.0	0.0	1.0	[57795939.63605082, NaN, NaN, NaN, NaN, NaN, NaN, NaN, NaN, NaN, NaN, NaN, NaN, NaN, NaN, NaN, NaN, NaN, NaN, NaN]	0.0	0.0	0.0
5045.522363998693	2.0	trials	12.0	0.0	0.0	0.0	0.0	0.0	True	1.0	0.0	1.0	[57795942.636060536, NaN, NaN, NaN, NaN, NaN, NaN, NaN, NaN, NaN, NaN, NaN, NaN, NaN, NaN, NaN, NaN, NaN, NaN, NaN]	0.0	0.0	0.0
5053.274024296712	2.0	trials	12.0	0.0	0.0	0.0	0.0	0.0	True	0.0	0.0	0.0	[NaN, NaN, NaN, NaN, NaN, NaN, NaN, NaN, NaN, NaN, NaN, NaN, NaN, NaN, NaN, NaN, NaN, NaN, NaN, NaN]	0.0	0.0	0.0
5062.334303231723	2.0	trials	12.0	0.0	0.0	0.0	0.0	0.0	True	1.0	0.0	1.0	[57795944.636067, NaN, NaN, NaN, NaN, NaN, NaN, NaN, NaN, NaN, NaN, NaN, NaN, NaN, NaN, NaN, NaN, NaN, NaN, NaN]	0.0	0.0	0.0
5069.545184178828	2.0	trials	12.0	0.0	0.0	0.0	0.0	0.0	True	1.0	0.0	1.0	[57805738.66777767, NaN, NaN, NaN, NaN, NaN, NaN, NaN, NaN, NaN, NaN, NaN, NaN, NaN, NaN, NaN, NaN, NaN, NaN, NaN]	0.0	0.0	0.0
5077.562611737337	2.0	trials	12.0	0.0	0.0	0.0	0.0	0.0	True	1.0	0.0	1.0	[57858997.84021777, NaN, NaN, NaN, NaN, NaN, NaN, NaN, NaN, NaN, NaN, NaN, NaN, NaN, NaN, NaN, NaN, NaN, NaN, NaN]	0.0	0.0	0.0
5085.110799376559	2.0	trials	12.0	0.0	0.0	0.0	0.0	0.0	True	1.0	0.0	1.0	[57858999.84022424, NaN, NaN, NaN, NaN, NaN, NaN, NaN, NaN, NaN, NaN, NaN, NaN, NaN, NaN, NaN, NaN, NaN, NaN, NaN]	0.0	0.0	0.0
5093.828501202389	2.0	trials	12.0	0.0	0.0	0.0	0.0	0.0	True	1.0	0.0	1.0	[57868792.87193167, NaN, NaN, NaN, NaN, NaN, NaN, NaN, NaN, NaN, NaN, NaN, NaN, NaN, NaN, NaN, NaN, NaN, NaN, NaN]	0.0	0.0	0.0
5100.96291790192	2.0	trials	12.0	0.0	0.0	0.0	0.0	0.0	True	1.0	0.0	1.0	[57868795.87194139, NaN, NaN, NaN, NaN, NaN, NaN, NaN, NaN, NaN, NaN, NaN, NaN, NaN, NaN, NaN, NaN, NaN, NaN, NaN]	0.0	0.0	0.0
5108.80460729143	2.0	trials	12.0	0.0	0.0	0.0	0.0	0.0	True	1.0	0.0	1.0	[57868798.871951096, NaN, NaN, NaN, NaN, NaN, NaN, NaN, NaN, NaN, NaN, NaN, NaN, NaN, NaN, NaN, NaN, NaN, NaN, NaN]	0.0	0.0	0.0
5116.712911296624	2.0	trials	12.0	0.0	0.0	0.0	0.0	0.0	True	1.0	0.0	1.0	[57928647.06572483, NaN, NaN, NaN, NaN, NaN, NaN, NaN, NaN, NaN, NaN, NaN, NaN, NaN, NaN, NaN, NaN, NaN, NaN, NaN]	0.0	0.0	0.0
5121.885091242903	2.0	trials	12.0	0.0	0.0	0.0	0.0	0.0	True	1.0	0.0	1.0	[57928651.06573778, NaN, NaN, NaN, NaN, NaN, NaN, NaN, NaN, NaN, NaN, NaN, NaN, NaN, NaN, NaN, NaN, NaN, NaN, NaN]	0.0	0.0	0.0
5129.432674080168	2.0	trials	12.0	0.0	0.0	0.0	0.0	0.0	True	1.0	0.0	1.0	[57928653.06574425, NaN, NaN, NaN, NaN, NaN, NaN, NaN, NaN, NaN, NaN, NaN, NaN, NaN, NaN, NaN, NaN, NaN, NaN, NaN]	0.0	0.0	0.0
5137.900419896699	2.0	trials	12.0	0.0	0.0	0.0	0.0	0.0	True	1.0	0.0	1.0	[57989648.26323169, NaN, NaN, NaN, NaN, NaN, NaN, NaN, NaN, NaN, NaN, NaN, NaN, NaN, NaN, NaN, NaN, NaN, NaN, NaN]	0.0	0.0	0.0
5143.065169418921	2.0	trials	12.0	0.0	0.0	0.0	0.0	0.0	True	1.0	0.0	1.0	[57989652.263244644, NaN, NaN, NaN, NaN, NaN, NaN, NaN, NaN, NaN, NaN, NaN, NaN, NaN, NaN, NaN, NaN, NaN, NaN, NaN]	0.0	0.0	0.0
5151.0837201810655	2.0	trials	12.0	0.0	0.0	0.0	0.0	0.0	True	1.0	0.0	1.0	[57999445.29495207, NaN, NaN, NaN, NaN, NaN, NaN, NaN, NaN, NaN, NaN, NaN, NaN, NaN, NaN, NaN, NaN, NaN, NaN, NaN]	0.0	0.0	0.0
5157.977684902072	2.0	trials	12.0	0.0	0.0	0.0	0.0	0.0	True	1.0	0.0	1.0	[57999448.29496179, NaN, NaN, NaN, NaN, NaN, NaN, NaN, NaN, NaN, NaN, NaN, NaN, NaN, NaN, NaN, NaN, NaN, NaN, NaN]	0.0	0.0	0.0
5164.875969637064	2.0	trials	12.0	0.0	0.0	0.0	0.0	0.0	True	1.0	0.0	1.0	[58077975.549213715, NaN, NaN, NaN, NaN, NaN, NaN, NaN, NaN, NaN, NaN, NaN, NaN, NaN, NaN, NaN, NaN, NaN, NaN, NaN]	0.0	0.0	0.0
5173.667889303193	2.0	trials	12.0	0.0	0.0	0.0	0.0	0.0	True	0.0	0.0	0.0	[NaN, NaN, NaN, NaN, NaN, NaN, NaN, NaN, NaN, NaN, NaN, NaN, NaN, NaN, NaN, NaN, NaN, NaN, NaN, NaN]	0.0	0.0	0.0
5181.987285839405	2.0	trials	12.0	0.0	0.0	0.0	0.0	0.0	True	0.0	0.0	0.0	[NaN, NaN, NaN, NaN, NaN, NaN, NaN, NaN, NaN, NaN, NaN, NaN, NaN, NaN, NaN, NaN, NaN, NaN, NaN, NaN]	0.0	0.0	0.0
5187.239904446125	2.0	trials	12.0	0.0	0.0	0.0	0.0	0.0	True	1.0	0.0	1.0	[58077985.54924608, NaN, NaN, NaN, NaN, NaN, NaN, NaN, NaN, NaN, NaN, NaN, NaN, NaN, NaN, NaN, NaN, NaN, NaN, NaN]	0.0	0.0	0.0
