onset	duration	nwb_table	Block	sound	sound_puretone	sound_bluenoise	sound_freq	sound_amp	optogenetics	opto_freq	opto_power	opto_pulse_duration	opto_pulse_ts	airpuff	airpuff_duration	airpuff_amp
311.47479713011273	2.0	trials	1.0	1.0	1.0	0.0	10000.0	1.0	False	0.0	0.0	0.0	[NaN, NaN, NaN, NaN, NaN, NaN, NaN, NaN, NaN, NaN, NaN, NaN, NaN, NaN, NaN, NaN, NaN, NaN, NaN, NaN]	0.0	0.0	0.0
321.5663512873513	2.0	trials	1.0	1.0	1.0	0.0	10000.0	1.0	False	0.0	0.0	0.0	[NaN, NaN, NaN, NaN, NaN, NaN, NaN, NaN, NaN, NaN, NaN, NaN, NaN, NaN, NaN, NaN, NaN, NaN, NaN, NaN]	0.0	0.0	0.0
332.6245519164322	2.0	trials	1.0	1.0	1.0	0.0	10000.0	1.0	False	0.0	0.0	0.0	[NaN, NaN, NaN, NaN, NaN, NaN, NaN, NaN, NaN, NaN, NaN, NaN, NaN, NaN, NaN, NaN, NaN, NaN, NaN, NaN]	0.0	0.0	0.0
341.3683479118663	2.0	trials	1.0	1.0	1.0	0.0	10000.0	1.0	False	0.0	0.0	0.0	[NaN, NaN, NaN, NaN, NaN, NaN, NaN, NaN, NaN, NaN, NaN, NaN, NaN, NaN, NaN, NaN, NaN, NaN, NaN, NaN]	0.0	0.0	0.0
349.532225144429	2.0	trials	1.0	1.0	1.0	0.0	10000.0	1.0	False	0.0	0.0	0.0	[NaN, NaN, NaN, NaN, NaN, NaN, NaN, NaN, NaN, NaN, NaN, NaN, NaN, NaN, NaN, NaN, NaN, NaN, NaN, NaN]	0.0	0.0	0.0
355.9821797758175	2.0	trials	1.0	1.0	1.0	0.0	10000.0	1.0	False	0.0	0.0	0.0	[NaN, NaN, NaN, NaN, NaN, NaN, NaN, NaN, NaN, NaN, NaN, NaN, NaN, NaN, NaN, NaN, NaN, NaN, NaN, NaN]	0.0	0.0	0.0
366.4224455133524	2.0	trials	1.0	1.0	1.0	0.0	10000.0	1.0	False	0.0	0.0	0.0	[NaN, NaN, NaN, NaN, NaN, NaN, NaN, NaN, NaN, NaN, NaN, NaN, NaN, NaN, NaN, NaN, NaN, NaN, NaN, NaN]	0.0	0.0	0.0
373.6045562228954	2.0	trials	1.0	1.0	1.0	0.0	10000.0	1.0	False	0.0	0.0	0.0	[NaN, NaN, NaN, NaN, NaN, NaN, NaN, NaN, NaN, NaN, NaN, NaN, NaN, NaN, NaN, NaN, NaN, NaN, NaN, NaN]	0.0	0.0	0.0
382.22937901563665	2.0	trials	1.0	1.0	1.0	0.0	10000.0	1.0	False	0.0	0.0	0.0	[NaN, NaN, NaN, NaN, NaN, NaN, NaN, NaN, NaN, NaN, NaN, NaN, NaN, NaN, NaN, NaN, NaN, NaN, NaN, NaN]	0.0	0.0	0.0
388.91676165065604	2.0	trials	1.0	1.0	1.0	0.0	10000.0	1.0	False	0.0	0.0	0.0	[NaN, NaN, NaN, NaN, NaN, NaN, NaN, NaN, NaN, NaN, NaN, NaN, NaN, NaN, NaN, NaN, NaN, NaN, NaN, NaN]	0.0	0.0	0.0
396.6746439090332	2.0	trials	1.0	1.0	1.0	0.0	10000.0	1.0	False	0.0	0.0	0.0	[NaN, NaN, NaN, NaN, NaN, NaN, NaN, NaN, NaN, NaN, NaN, NaN, NaN, NaN, NaN, NaN, NaN, NaN, NaN, NaN]	0.0	0.0	0.0
407.4866037046541	2.0	trials	1.0	1.0	1.0	0.0	10000.0	1.0	False	0.0	0.0	0.0	[NaN, NaN, NaN, NaN, NaN, NaN, NaN, NaN, NaN, NaN, NaN, NaN, NaN, NaN, NaN, NaN, NaN, NaN, NaN, NaN]	0.0	0.0	0.0
413.78077860876954	2.0	trials	1.0	1.0	1.0	0.0	10000.0	1.0	False	0.0	0.0	0.0	[NaN, NaN, NaN, NaN, NaN, NaN, NaN, NaN, NaN, NaN, NaN, NaN, NaN, NaN, NaN, NaN, NaN, NaN, NaN, NaN]	0.0	0.0	0.0
422.54954428871935	2.0	trials	1.0	1.0	1.0	0.0	10000.0	1.0	False	0.0	0.0	0.0	[NaN, NaN, NaN, NaN, NaN, NaN, NaN, NaN, NaN, NaN, NaN, NaN, NaN, NaN, NaN, NaN, NaN, NaN, NaN, NaN]	0.0	0.0	0.0
432.11690787171165	2.0	trials	1.0	1.0	1.0	0.0	10000.0	1.0	False	0.0	0.0	0.0	[NaN, NaN, NaN, NaN, NaN, NaN, NaN, NaN, NaN, NaN, NaN, NaN, NaN, NaN, NaN, NaN, NaN, NaN, NaN, NaN]	0.0	0.0	0.0
442.70949732482205	2.0	trials	1.0	1.0	1.0	0.0	10000.0	1.0	False	0.0	0.0	0.0	[NaN, NaN, NaN, NaN, NaN, NaN, NaN, NaN, NaN, NaN, NaN, NaN, NaN, NaN, NaN, NaN, NaN, NaN, NaN, NaN]	0.0	0.0	0.0
452.9073238417644	2.0	trials	1.0	1.0	1.0	0.0	10000.0	1.0	False	0.0	0.0	0.0	[NaN, NaN, NaN, NaN, NaN, NaN, NaN, NaN, NaN, NaN, NaN, NaN, NaN, NaN, NaN, NaN, NaN, NaN, NaN, NaN]	0.0	0.0	0.0
461.0673994614597	2.0	trials	1.0	1.0	1.0	0.0	10000.0	1.0	False	0.0	0.0	0.0	[NaN, NaN, NaN, NaN, NaN, NaN, NaN, NaN, NaN, NaN, NaN, NaN, NaN, NaN, NaN, NaN, NaN, NaN, NaN, NaN]	0.0	0.0	0.0
470.9439032908097	2.0	trials	1.0	1.0	1.0	0.0	10000.0	1.0	False	0.0	0.0	0.0	[NaN, NaN, NaN, NaN, NaN, NaN, NaN, NaN, NaN, NaN, NaN, NaN, NaN, NaN, NaN, NaN, NaN, NaN, NaN, NaN]	0.0	0.0	0.0
477.9692838698627	2.0	trials	1.0	1.0	1.0	0.0	10000.0	1.0	False	0.0	0.0	0.0	[NaN, NaN, NaN, NaN, NaN, NaN, NaN, NaN, NaN, NaN, NaN, NaN, NaN, NaN, NaN, NaN, NaN, NaN, NaN, NaN]	0.0	0.0	0.0
487.6476718286431	2.0	trials	1.0	1.0	1.0	0.0	10000.0	1.0	False	0.0	0.0	0.0	[NaN, NaN, NaN, NaN, NaN, NaN, NaN, NaN, NaN, NaN, NaN, NaN, NaN, NaN, NaN, NaN, NaN, NaN, NaN, NaN]	0.0	0.0	0.0
496.3592405149963	2.0	trials	1.0	1.0	1.0	0.0	10000.0	1.0	False	0.0	0.0	0.0	[NaN, NaN, NaN, NaN, NaN, NaN, NaN, NaN, NaN, NaN, NaN, NaN, NaN, NaN, NaN, NaN, NaN, NaN, NaN, NaN]	0.0	0.0	0.0
505.36716220442594	2.0	trials	1.0	1.0	1.0	0.0	10000.0	1.0	False	0.0	0.0	0.0	[NaN, NaN, NaN, NaN, NaN, NaN, NaN, NaN, NaN, NaN, NaN, NaN, NaN, NaN, NaN, NaN, NaN, NaN, NaN, NaN]	0.0	0.0	0.0
513.0458153946337	2.0	trials	1.0	1.0	1.0	0.0	10000.0	1.0	False	0.0	0.0	0.0	[NaN, NaN, NaN, NaN, NaN, NaN, NaN, NaN, NaN, NaN, NaN, NaN, NaN, NaN, NaN, NaN, NaN, NaN, NaN, NaN]	0.0	0.0	0.0
523.2645507823471	2.0	trials	1.0	1.0	1.0	0.0	10000.0	1.0	False	0.0	0.0	0.0	[NaN, NaN, NaN, NaN, NaN, NaN, NaN, NaN, NaN, NaN, NaN, NaN, NaN, NaN, NaN, NaN, NaN, NaN, NaN, NaN]	0.0	0.0	0.0
530.4543511179174	2.0	trials	1.0	1.0	1.0	0.0	10000.0	1.0	False	0.0	0.0	0.0	[NaN, NaN, NaN, NaN, NaN, NaN, NaN, NaN, NaN, NaN, NaN, NaN, NaN, NaN, NaN, NaN, NaN, NaN, NaN, NaN]	0.0	0.0	0.0
537.1607418172741	2.0	trials	1.0	1.0	1.0	0.0	10000.0	1.0	False	0.0	0.0	0.0	[NaN, NaN, NaN, NaN, NaN, NaN, NaN, NaN, NaN, NaN, NaN, NaN, NaN, NaN, NaN, NaN, NaN, NaN, NaN, NaN]	0.0	0.0	0.0
546.574226479427	2.0	trials	1.0	1.0	1.0	0.0	10000.0	1.0	False	0.0	0.0	0.0	[NaN, NaN, NaN, NaN, NaN, NaN, NaN, NaN, NaN, NaN, NaN, NaN, NaN, NaN, NaN, NaN, NaN, NaN, NaN, NaN]	0.0	0.0	0.0
557.4221287967039	2.0	trials	1.0	1.0	1.0	0.0	10000.0	1.0	False	0.0	0.0	0.0	[NaN, NaN, NaN, NaN, NaN, NaN, NaN, NaN, NaN, NaN, NaN, NaN, NaN, NaN, NaN, NaN, NaN, NaN, NaN, NaN]	0.0	0.0	0.0
566.1642831865814	2.0	trials	1.0	1.0	1.0	0.0	10000.0	1.0	False	0.0	0.0	0.0	[NaN, NaN, NaN, NaN, NaN, NaN, NaN, NaN, NaN, NaN, NaN, NaN, NaN, NaN, NaN, NaN, NaN, NaN, NaN, NaN]	0.0	0.0	0.0
573.4001348780234	2.0	trials	1.0	1.0	1.0	0.0	10000.0	1.0	False	0.0	0.0	0.0	[NaN, NaN, NaN, NaN, NaN, NaN, NaN, NaN, NaN, NaN, NaN, NaN, NaN, NaN, NaN, NaN, NaN, NaN, NaN, NaN]	0.0	0.0	0.0
583.4203223937049	2.0	trials	1.0	1.0	1.0	0.0	10000.0	1.0	False	0.0	0.0	0.0	[NaN, NaN, NaN, NaN, NaN, NaN, NaN, NaN, NaN, NaN, NaN, NaN, NaN, NaN, NaN, NaN, NaN, NaN, NaN, NaN]	0.0	0.0	0.0
593.8303480288849	2.0	trials	1.0	1.0	1.0	0.0	10000.0	1.0	False	0.0	0.0	0.0	[NaN, NaN, NaN, NaN, NaN, NaN, NaN, NaN, NaN, NaN, NaN, NaN, NaN, NaN, NaN, NaN, NaN, NaN, NaN, NaN]	0.0	0.0	0.0
600.6427518870682	2.0	trials	1.0	1.0	1.0	0.0	10000.0	1.0	False	0.0	0.0	0.0	[NaN, NaN, NaN, NaN, NaN, NaN, NaN, NaN, NaN, NaN, NaN, NaN, NaN, NaN, NaN, NaN, NaN, NaN, NaN, NaN]	0.0	0.0	0.0
608.3922533170785	2.0	trials	1.0	1.0	1.0	0.0	10000.0	1.0	False	0.0	0.0	0.0	[NaN, NaN, NaN, NaN, NaN, NaN, NaN, NaN, NaN, NaN, NaN, NaN, NaN, NaN, NaN, NaN, NaN, NaN, NaN, NaN]	0.0	0.0	0.0
616.4800118919995	2.0	trials	1.0	1.0	1.0	0.0	10000.0	1.0	False	0.0	0.0	0.0	[NaN, NaN, NaN, NaN, NaN, NaN, NaN, NaN, NaN, NaN, NaN, NaN, NaN, NaN, NaN, NaN, NaN, NaN, NaN, NaN]	0.0	0.0	0.0
626.2851490797926	2.0	trials	1.0	1.0	1.0	0.0	10000.0	1.0	False	0.0	0.0	0.0	[NaN, NaN, NaN, NaN, NaN, NaN, NaN, NaN, NaN, NaN, NaN, NaN, NaN, NaN, NaN, NaN, NaN, NaN, NaN, NaN]	0.0	0.0	0.0
636.5629822675363	2.0	trials	1.0	1.0	1.0	0.0	10000.0	1.0	False	0.0	0.0	0.0	[NaN, NaN, NaN, NaN, NaN, NaN, NaN, NaN, NaN, NaN, NaN, NaN, NaN, NaN, NaN, NaN, NaN, NaN, NaN, NaN]	0.0	0.0	0.0
644.080585312632	2.0	trials	1.0	1.0	1.0	0.0	10000.0	1.0	False	0.0	0.0	0.0	[NaN, NaN, NaN, NaN, NaN, NaN, NaN, NaN, NaN, NaN, NaN, NaN, NaN, NaN, NaN, NaN, NaN, NaN, NaN, NaN]	0.0	0.0	0.0
651.0888586337815	2.0	trials	1.0	1.0	1.0	0.0	10000.0	1.0	False	0.0	0.0	0.0	[NaN, NaN, NaN, NaN, NaN, NaN, NaN, NaN, NaN, NaN, NaN, NaN, NaN, NaN, NaN, NaN, NaN, NaN, NaN, NaN]	0.0	0.0	0.0
662.1228671809786	2.0	trials	1.0	1.0	1.0	0.0	10000.0	1.0	False	0.0	0.0	0.0	[NaN, NaN, NaN, NaN, NaN, NaN, NaN, NaN, NaN, NaN, NaN, NaN, NaN, NaN, NaN, NaN, NaN, NaN, NaN, NaN]	0.0	0.0	0.0
669.8152580176846	2.0	trials	1.0	1.0	1.0	0.0	10000.0	1.0	False	0.0	0.0	0.0	[NaN, NaN, NaN, NaN, NaN, NaN, NaN, NaN, NaN, NaN, NaN, NaN, NaN, NaN, NaN, NaN, NaN, NaN, NaN, NaN]	0.0	0.0	0.0
676.666801208344	2.0	trials	1.0	1.0	1.0	0.0	10000.0	1.0	False	0.0	0.0	0.0	[NaN, NaN, NaN, NaN, NaN, NaN, NaN, NaN, NaN, NaN, NaN, NaN, NaN, NaN, NaN, NaN, NaN, NaN, NaN, NaN]	0.0	0.0	0.0
685.6246107281572	2.0	trials	1.0	1.0	1.0	0.0	10000.0	1.0	False	0.0	0.0	0.0	[NaN, NaN, NaN, NaN, NaN, NaN, NaN, NaN, NaN, NaN, NaN, NaN, NaN, NaN, NaN, NaN, NaN, NaN, NaN, NaN]	0.0	0.0	0.0
693.0588374910462	2.0	trials	1.0	1.0	1.0	0.0	10000.0	1.0	False	0.0	0.0	0.0	[NaN, NaN, NaN, NaN, NaN, NaN, NaN, NaN, NaN, NaN, NaN, NaN, NaN, NaN, NaN, NaN, NaN, NaN, NaN, NaN]	0.0	0.0	0.0
703.9370663109702	2.0	trials	1.0	1.0	1.0	0.0	10000.0	1.0	False	0.0	0.0	0.0	[NaN, NaN, NaN, NaN, NaN, NaN, NaN, NaN, NaN, NaN, NaN, NaN, NaN, NaN, NaN, NaN, NaN, NaN, NaN, NaN]	0.0	0.0	0.0
714.2587044469822	2.0	trials	1.0	1.0	1.0	0.0	10000.0	1.0	False	0.0	0.0	0.0	[NaN, NaN, NaN, NaN, NaN, NaN, NaN, NaN, NaN, NaN, NaN, NaN, NaN, NaN, NaN, NaN, NaN, NaN, NaN, NaN]	0.0	0.0	0.0
722.1251918729591	2.0	trials	1.0	1.0	1.0	0.0	10000.0	1.0	False	0.0	0.0	0.0	[NaN, NaN, NaN, NaN, NaN, NaN, NaN, NaN, NaN, NaN, NaN, NaN, NaN, NaN, NaN, NaN, NaN, NaN, NaN, NaN]	0.0	0.0	0.0
729.0535449235994	2.0	trials	1.0	1.0	1.0	0.0	10000.0	1.0	False	0.0	0.0	0.0	[NaN, NaN, NaN, NaN, NaN, NaN, NaN, NaN, NaN, NaN, NaN, NaN, NaN, NaN, NaN, NaN, NaN, NaN, NaN, NaN]	0.0	0.0	0.0
738.7119744148258	2.0	trials	1.0	1.0	1.0	0.0	10000.0	1.0	False	0.0	0.0	0.0	[NaN, NaN, NaN, NaN, NaN, NaN, NaN, NaN, NaN, NaN, NaN, NaN, NaN, NaN, NaN, NaN, NaN, NaN, NaN, NaN]	0.0	0.0	0.0
803.8798269907503	2.0	trials	2.0	1.0	1.0	0.0	10000.0	1.0	True	40.0	0.0	0.005	[9312276.691642262, 9312565.692620452, 9312856.693605412, 9313144.694580216, 9313434.69556179, 9313725.69654675, 9314014.69752494, 9314304.698506515, 9314593.699484706, 9314883.70046628, 9315172.70144447, 9315462.702426044, 9315752.70340762, 9316042.704389194, 9316330.705363998, 9316620.706345575, 9316911.707330534, 9317200.708308725, 9317490.709290298, 9317780.710271874]	0.0	0.0	0.0
810.0511406790132	2.0	trials	2.0	1.0	1.0	0.0	10000.0	1.0	True	40.0	0.0	0.005	[9383702.93340072, 9383992.934382295, 9384282.93536387, 9384571.936342059, 9384860.93732025, 9385150.938301824, 9385439.939280014, 9385730.940264974, 9386019.941243162, 9386310.942228122, 9386598.943202928, 9386888.944184503, 9387178.945166077, 9387468.94614765, 9387757.947125841, 9388047.948107416, 9388336.949085606, 9388626.950067183, 9388916.951048754, 9389206.95203033]	0.0	0.0	0.0
819.2523398226357	2.0	trials	2.0	1.0	1.0	0.0	10000.0	1.0	True	40.0	0.0	0.005	[9490198.293858634, 9490489.294843592, 9490778.295821784, 9491068.296803357, 9491357.297781548, 9491647.298763122, 9491936.299741311, 9492226.300722888, 9492516.30170446, 9492806.302686037, 9493094.30366084, 9493384.304642417, 9493674.30562399, 9493964.306605566, 9494254.30758714, 9494543.308565332, 9494833.309546905, 9495123.31052848, 9495412.31150667, 9495702.312488243]	0.0	0.0	0.0
825.4503512012631	2.0	trials	2.0	1.0	1.0	0.0	10000.0	1.0	True	40.0	0.0	0.005	[9561934.53666636, 9562225.53765132, 9562514.53862951, 9562804.539611084, 9563093.540589275, 9563382.541567465, 9563673.542552425, 9563962.543530615, 9564252.544512188, 9564541.545490379, 9564832.546475338, 9565121.547453526, 9565411.548435103, 9565700.549413292, 9565989.550391482, 9566280.551376441, 9566569.55235463, 9566859.553336207, 9567148.554314397, 9567438.55529597]	0.0	0.0	0.0
833.3775780328266	2.0	trials	2.0	1.0	1.0	0.0	10000.0	1.0	True	40.0	0.0	0.005	[9653685.847219665, 9653974.848197853, 9654264.84917943, 9654553.850157619, 9654843.851139192, 9655133.852120768, 9655422.853098959, 9655712.854080534, 9656001.855058722, 9656291.856040297, 9656580.857018488, 9656871.858003447, 9657160.858981637, 9657450.859963212, 9657739.8609414, 9658029.861922976, 9658319.86290455, 9658607.863879357, 9658898.864864316, 9659187.865842504]	0.0	0.0	0.0
843.4146136055343	2.0	trials	2.0	1.0	1.0	0.0	10000.0	1.0	True	40.0	0.0	0.005	[9769854.240418172, 9770145.241403129, 9770434.24238132, 9770724.243362894, 9771013.244341085, 9771303.24532266, 9771592.246300848, 9771882.247282423, 9772172.248263998, 9772461.249242188, 9772751.250223763, 9773040.251201952, 9773330.252183527, 9773620.253165102, 9773909.254143292, 9774198.255121483, 9774489.256106442, 9774778.25708463, 9775068.258066205, 9775358.25904778]	0.0	0.0	0.0
851.1845919048533	2.0	trials	2.0	1.0	1.0	0.0	10000.0	1.0	True	40.0	0.0	0.005	[9859785.544811247, 9860074.545789436, 9860363.546767626, 9860653.5477492, 9860943.548730774, 9861232.549708964, 9861523.550693924, 9861811.55166873, 9862102.55265369, 9862391.55363188, 9862681.554613454, 9862971.55559503, 9863261.556576604, 9863550.557554794, 9863840.558536367, 9864129.559514558, 9864419.560496133, 9864708.561474323, 9864998.562455898, 9865288.563437473]	0.0	0.0	0.0
861.0667117532122	2.0	trials	2.0	1.0	1.0	0.0	10000.0	1.0	True	40.0	0.0	0.005	[9974160.931940913, 9974449.932919104, 9974739.933900677, 9975029.934882252, 9975318.935860442, 9975608.936842019, 9975898.937823592, 9976188.938805167, 9976478.93978674, 9976767.94076493, 9977056.94174312, 9977346.942724695, 9977636.94370627, 9977925.94468446, 9978215.945666034, 9978504.946644224, 9978795.947629184, 9979084.948607374, 9979373.949585564, 9979663.95056714]	0.0	0.0	0.0
867.5590889281898	2.0	trials	2.0	1.0	1.0	0.0	10000.0	1.0	True	40.0	0.0	0.005	[10049305.186283834, 10049594.187262025, 10049884.1882436, 10050173.18922179, 10050463.190203365, 10050752.191181554, 10051043.192166515, 10051331.193141319, 10051622.194126278, 10051911.195104469, 10052201.196086042, 10052490.197064232, 10052780.198045807, 10053070.199027382, 10053359.200005572, 10053649.200987147, 10053938.201965336, 10054228.202946912, 10054517.203925101, 10054807.204906676]	0.0	0.0	0.0
874.1940265856967	2.0	trials	2.0	1.0	1.0	0.0	10000.0	1.0	True	40.0	0.0	0.005	[10126098.446208194, 10126387.447186382, 10126677.448167957, 10126966.449146148, 10127256.450127723, 10127545.451105913, 10127834.452084104, 10128125.453069061, 10128415.454050638, 10128704.455028826, 10128994.456010403, 10129283.456988592, 10129573.457970165, 10129863.458951741, 10130153.459933314, 10130442.460911505, 10130732.46189308, 10131021.46287127, 10131310.463849459, 10131600.464831036]	0.0	0.0	0.0
883.3464959643821	2.0	trials	2.0	1.0	1.0	0.0	10000.0	1.0	True	40.0	0.0	0.005	[10232028.80475373, 10232318.805735303, 10232607.806713494, 10232897.807695068, 10233187.808676643, 10233476.809654834, 10233766.810636407, 10234055.811614597, 10234346.812599557, 10234634.813574363, 10234925.814559322, 10235214.815537512, 10235503.8165157, 10235793.817497278, 10236084.818482235, 10236373.819460427, 10236662.820438616, 10236951.821416806, 10237241.82239838, 10237531.823379954]	0.0	0.0	0.0
894.4210262487346	2.0	trials	2.0	1.0	1.0	0.0	10000.0	1.0	True	40.0	0.0	0.005	[10360207.238602966, 10360496.239581155, 10360785.240559345, 10361076.241544304, 10361365.242522495, 10361655.24350407, 10361945.244485643, 10362234.245463833, 10362523.246442026, 10362813.247423599, 10363102.248401789, 10363392.249383364, 10363683.250368323, 10363972.251346514, 10364262.252328087, 10364551.253306279, 10364840.254284468, 10365131.255269427, 10365420.256247617, 10365710.25722919]	0.0	0.0	0.0
902.3651011373245	2.0	trials	2.0	1.0	1.0	0.0	10000.0	1.0	True	40.0	0.0	0.005	[10452151.549809523, 10452441.5507911, 10452731.551772673, 10453020.552750865, 10453310.553732438, 10453599.554710627, 10453889.555692203, 10454179.556673776, 10454468.557651969, 10454758.558633542, 10455048.559615117, 10455338.560596691, 10455627.561574882, 10455916.56255307, 10456206.563534645, 10456496.56451622, 10456785.56549441, 10457075.566475986, 10457365.56745756, 10457655.568439135]	0.0	0.0	0.0
910.3869362891123	2.0	trials	2.0	1.0	1.0	0.0	10000.0	1.0	True	40.0	0.0	0.005	[10544996.864065733, 10545285.865043923, 10545576.866028883, 10545866.867010457, 10546155.867988646, 10546444.868966836, 10546734.869948413, 10547024.870929986, 10547312.87190479, 10547603.872889752, 10547892.87386794, 10548183.874852901, 10548472.87583109, 10548761.87680928, 10549052.87779424, 10549341.878772428, 10549631.879754005, 10549920.880732195, 10550209.881710384, 10550499.882691959]	0.0	0.0	0.0
919.0917657526551	2.0	trials	2.0	1.0	1.0	0.0	10000.0	1.0	True	40.0	0.0	0.005	[10645748.2050817, 10646038.206063272, 10646328.20704485, 10646617.208023038, 10646907.209004615, 10647196.209982803, 10647486.210964376, 10647776.211945953, 10648065.212924141, 10648355.213905716, 10648645.214887291, 10648934.215865482, 10649223.21684367, 10649513.217825247, 10649803.21880682, 10650092.219785009, 10650383.22076997, 10650672.22174816, 10650961.22272635, 10651251.223707924]	0.0	0.0	0.0
926.6472121258404	2.0	trials	2.0	1.0	1.0	0.0	10000.0	1.0	True	40.0	0.0	0.005	[10733194.501063695, 10733485.502048656, 10733773.50302346, 10734063.504005034, 10734353.50498661, 10734642.5059648, 10734931.50694299, 10735223.507931333, 10735512.508909522, 10735801.509887714, 10736091.510869289, 10736381.511850864, 10736670.512829054, 10736959.513807243, 10737250.514792202, 10737540.515773777, 10737829.516751966, 10738119.517733542, 10738408.51871173, 10738698.519693306]	0.0	0.0	0.0
937.3217090561859	2.0	trials	2.0	1.0	1.0	0.0	10000.0	1.0	True	40.0	0.0	0.005	[10856741.9192382, 10857030.920216389, 10857321.921201348, 10857610.922179539, 10857900.923161114, 10858189.924139304, 10858479.925120877, 10858769.926102454, 10859059.927084027, 10859348.92806222, 10859637.929040408, 10859928.930025369, 10860217.931003558, 10860506.931981746, 10860796.932963323, 10861085.933941513, 10861375.934923086, 10861665.935904661, 10861955.936886236, 10862244.937864425]	0.0	0.0	0.0
944.3499408448894	2.0	trials	2.0	1.0	1.0	0.0	10000.0	1.0	True	40.0	0.0	0.005	[10938087.194569897, 10938376.195548085, 10938667.196533045, 10938956.197511235, 10939246.19849281, 10939536.199474385, 10939826.20045596, 10940114.201430764, 10940405.202415723, 10940694.203393914, 10940983.204372104, 10941273.20535368, 10941562.206331868, 10941853.207316827, 10942142.208295017, 10942431.209273208, 10942722.210258167, 10943012.211239744, 10943301.212217933, 10943591.213199506]	0.0	0.0	0.0
955.051653867354	2.0	trials	2.0	1.0	1.0	0.0	10000.0	1.0	True	40.0	0.0	0.005	[11061949.613810593, 11062239.614792168, 11062528.615770359, 11062819.616755318, 11063109.617736893, 11063398.618715081, 11063688.619696656, 11063977.620674847, 11064266.621653037, 11064556.622634612, 11064846.623616187, 11065136.62459776, 11065425.625575952, 11065716.62656091, 11066005.627539102, 11066294.62851729, 11066584.629498864, 11066873.630477054, 11067163.631458629, 11067452.63243682]	0.0	0.0	0.0
964.3695798060661	2.0	trials	2.0	1.0	1.0	0.0	10000.0	1.0	True	40.0	0.0	0.005	[11169795.978841292, 11170085.979822867, 11170375.980804441, 11170665.981786016, 11170954.982764205, 11171244.98374578, 11171534.984727355, 11171823.985705545, 11172113.986687118, 11172403.987668693, 11172692.988646884, 11172981.989625074, 11173271.990606649, 11173561.991588222, 11173851.992569799, 11174140.993547987, 11174429.994526178, 11174719.995507754, 11175009.996489326, 11175299.997470902]	0.0	0.0	0.0
973.5916014201673	2.0	trials	2.0	1.0	1.0	0.0	10000.0	1.0	True	40.0	0.0	0.005	[11276532.340114929, 11276823.341099886, 11277112.342078079, 11277402.343059652, 11277691.34403784, 11277980.34501603, 11278270.345997607, 11278560.34697918, 11278850.347960755, 11279139.348938946, 11279429.34992052, 11279718.350898711, 11280008.351880284, 11280297.352858474, 11280588.353843434, 11280877.354821622, 11281167.3558032, 11281456.35678139, 11281746.357762964, 11282036.358744537]	0.0	0.0	0.0
981.209083203326	2.0	trials	2.0	1.0	1.0	0.0	10000.0	1.0	True	40.0	0.0	0.005	[11364697.638530552, 11364987.639512127, 11365276.640490318, 11365566.64147189, 11365855.642450083, 11366145.643431656, 11366435.644413231, 11366725.645394806, 11367015.64637638, 11367304.647354571, 11367594.648336144, 11367884.649317719, 11368173.65029591, 11368462.6512741, 11368752.652255675, 11369042.65323725, 11369332.654218823, 11369621.655197013, 11369911.656178588, 11370201.657160163]	0.0	0.0	0.0
987.5837831799975	2.0	trials	2.0	1.0	1.0	0.0	10000.0	1.0	True	40.0	0.0	0.005	[11438478.888260072, 11438768.889241649, 11439058.890223222, 11439348.891204799, 11439637.892182987, 11439927.893164562, 11440216.894142753, 11440506.895124326, 11440795.896102516, 11441085.897084093, 11441376.898069052, 11441664.899043854, 11441954.900025431, 11442244.901007006, 11442534.90198858, 11442823.90296677, 11443112.90394496, 11443403.90492992, 11443692.905908108, 11443982.906889684]	0.0	0.0	0.0
993.7404088185449	2.0	trials	2.0	1.0	1.0	0.0	10000.0	1.0	True	40.0	0.0	0.005	[11509737.129449895, 11510027.13043147, 11510316.13140966, 11510606.132391235, 11510895.133369425, 11511185.134350998, 11511474.135329187, 11511764.136310764, 11512054.137292337, 11512344.138273913, 11512634.139255486, 11512923.140233677, 11513212.141211867, 11513502.142193442, 11513791.143171633, 11514081.144153206, 11514371.14513478, 11514660.146112971, 11514950.147094546, 11515240.14807612]	0.0	0.0	0.0
1001.6780900854941	2.0	trials	2.0	1.0	1.0	0.0	10000.0	1.0	True	40.0	0.0	0.005	[11601607.440405983, 11601897.441387556, 11602186.442365747, 11602476.443347322, 11602766.444328897, 11603056.445310472, 11603345.446288662, 11603635.447270235, 11603924.448248425, 11604215.449233385, 11604504.450211575, 11604793.451189766, 11605083.452171339, 11605373.453152914, 11605663.454134488, 11605952.455112679, 11606242.456094254, 11606532.457075829, 11606822.458057402, 11607111.459035592]	0.0	0.0	0.0
1007.8341109219946	2.0	trials	2.0	1.0	1.0	0.0	10000.0	1.0	True	40.0	0.0	0.005	[11672858.68157211, 11673148.682553686, 11673438.68353526, 11673727.684513448, 11674016.68549164, 11674306.686473213, 11674595.687451404, 11674885.688432978, 11675175.689414553, 11675464.690392744, 11675755.691377703, 11676043.692352507, 11676333.693334082, 11676623.694315657, 11676913.695297232, 11677202.696275422, 11677492.697256995, 11677782.698238572, 11678072.699220145, 11678361.700198336]	0.0	0.0	0.0
1014.7937408784991	2.0	trials	2.0	1.0	1.0	0.0	10000.0	1.0	True	40.0	0.0	0.005	[11753409.954216322, 11753699.955197899, 11753988.956176087, 11754277.957154278, 11754567.958135853, 11754856.959114043, 11755147.960099002, 11755437.961080575, 11755726.962058766, 11756016.96304034, 11756305.964018531, 11756595.965000106, 11756884.965978295, 11757174.96695987, 11757464.967941444, 11757754.96892302, 11758043.96990121, 11758333.970882785, 11758622.971860973, 11758913.972845932]	0.0	0.0	0.0
1024.3587716535953	2.0	trials	2.0	1.0	1.0	0.0	10000.0	1.0	True	40.0	0.0	0.005	[11864117.328930762, 11864405.32990557, 11864695.330887143, 11864985.331868717, 11865274.332846908, 11865564.33382848, 11865853.33480667, 11866144.33579163, 11866434.336773207, 11866723.337751394, 11867012.338729585, 11867301.339707777, 11867592.340692732, 11867882.341674307, 11868171.342652502, 11868460.343630688, 11868750.344612263, 11869040.34559384, 11869329.346572027, 11869620.347556988]	0.0	0.0	0.0
1032.3802612042134	2.0	trials	2.0	1.0	1.0	0.0	10000.0	1.0	True	40.0	0.0	0.005	[11956957.643170048, 11957247.644151622, 11957535.645126427, 11957825.646108003, 11958115.647089578, 11958405.648071153, 11958694.649049342, 11958984.650030917, 11959274.651012491, 11959564.651994068, 11959853.652972255, 11960142.653950447, 11960433.654935407, 11960722.655913593, 11961011.656891786, 11961301.657873362, 11961591.658854933, 11961881.65983651, 11962170.6608147, 11962460.661796274]	0.0	0.0	0.0
1040.5340296025604	2.0	trials	2.0	1.0	1.0	0.0	10000.0	1.0	True	40.0	0.0	0.005	[12051327.962587986, 12051618.963572945, 12051907.964551136, 12052198.965536093, 12052487.966514286, 12052777.967495862, 12053067.968477432, 12053356.969455624, 12053645.970433813, 12053935.971415387, 12054225.972396962, 12054514.973375153, 12054804.974356726, 12055094.9753383, 12055383.976316495, 12055673.977298068, 12055962.978276256, 12056252.979257833, 12056542.980239408, 12056832.981220981]	0.0	0.0	0.0
1047.5304660836453	2.0	trials	2.0	1.0	1.0	0.0	10000.0	1.0	True	40.0	0.0	0.005	[12132306.236677485, 12132595.237655671, 12132886.238640632, 12133175.239618823, 12133465.240600396, 12133754.241578586, 12134044.242560161, 12134334.243541734, 12134624.24452331, 12134913.2455015, 12135203.246483075, 12135492.247461265, 12135782.248442842, 12136071.24942103, 12136361.250402603, 12136652.251387563, 12136940.252362369, 12137231.25334733, 12137520.254325518, 12137809.255303707]	0.0	0.0	0.0
1057.1669499005911	2.0	trials	2.0	1.0	1.0	0.0	10000.0	1.0	True	40.0	0.0	0.005	[12243839.614187717, 12244129.615169294, 12244418.61614748, 12244708.617129058, 12244998.618110633, 12245287.61908882, 12245577.620070396, 12245867.62105197, 12246157.622033544, 12246447.623015119, 12246736.623993311, 12247025.6249715, 12247314.62594969, 12247604.626931265, 12247895.627916226, 12248184.628894413, 12248474.629875988, 12248763.630854178, 12249054.63183914, 12249342.632813944]	0.0	0.0	0.0
1065.667183471631	2.0	trials	2.0	1.0	1.0	0.0	10000.0	1.0	True	40.0	0.0	0.005	[12342222.947188618, 12342511.948166808, 12342801.949148383, 12343090.950126573, 12343381.951111533, 12343669.952086337, 12343959.953067912, 12344249.954049489, 12344538.955027675, 12344829.956012636, 12345117.956987442, 12345407.957969015, 12345697.958950592, 12345987.959932165, 12346276.960910354, 12346566.96189193, 12346856.962873505, 12347145.963851692, 12347435.964833269, 12347724.96581146]	0.0	0.0	0.0
1074.9503764927813	2.0	trials	2.0	1.0	1.0	0.0	10000.0	1.0	True	40.0	0.0	0.005	[12449666.310855266, 12449957.311840225, 12450245.312815031, 12450535.313796604, 12450825.314778179, 12451115.315759756, 12451404.316737946, 12451693.317716133, 12451984.318701094, 12452273.319679284, 12452563.320660857, 12452852.32163905, 12453142.322620623, 12453431.323598813, 12453722.32458377, 12454010.325558579, 12454300.326540152, 12454591.32752511, 12454880.328503301, 12455170.329484878]	0.0	0.0	0.0
1085.2588817843418	2.0	trials	2.0	1.0	1.0	0.0	10000.0	1.0	True	40.0	0.0	0.005	[12568977.714692011, 12569267.715673586, 12569557.71665516, 12569847.717636732, 12570136.718614925, 12570426.719596501, 12570715.720574688, 12571005.721556263, 12571294.722534453, 12571584.723516027, 12571874.724497601, 12572164.725479178, 12572454.726460753, 12572744.727442326, 12573033.728420516, 12573322.729398709, 12573612.730380282, 12573902.731361857, 12574191.732340047, 12574481.73332162]	0.0	0.0	0.0
1093.454727125108	2.0	trials	2.0	1.0	1.0	0.0	10000.0	1.0	True	40.0	0.0	0.005	[12663838.035768474, 12664128.036750047, 12664416.03772485, 12664706.038706426, 12664996.039687999, 12665286.040669575, 12665576.04165115, 12665865.042629337, 12666154.04360753, 12666445.044592489, 12666734.04557068, 12667024.046552254, 12667313.047530444, 12667603.04851202, 12667893.049493592, 12668182.050471783, 12668473.051456744, 12668762.052434934, 12669051.053413121, 12669341.054394696]	0.0	0.0	0.0
1099.7369787888663	2.0	trials	2.0	1.0	1.0	0.0	10000.0	1.0	True	40.0	0.0	0.005	[12736549.28187632, 12736839.282857895, 12737128.283836083, 12737417.284814276, 12737707.28579585, 12737997.286777424, 12738287.287758997, 12738575.288733805, 12738866.289718766, 12739156.290700339, 12739446.291681914, 12739735.292660104, 12740025.293641677, 12740314.294619866, 12740604.295601442, 12740893.29657963, 12741184.29756459, 12741473.29854278, 12741762.299520971, 12742052.300502546]	0.0	0.0	0.0
1110.1649756848744	2.0	trials	2.0	1.0	1.0	0.0	10000.0	1.0	True	40.0	0.0	0.005	[12857243.690394161, 12857532.69137235, 12857822.692353923, 12858112.6933355, 12858402.694317074, 12858691.695295265, 12858980.696273455, 12859270.69725503, 12859560.698236605, 12859849.699214794, 12860140.700199755, 12860429.701177943, 12860718.702156132, 12861008.703137707, 12861297.7041159, 12861587.70509747, 12861877.706079045, 12862167.70706062, 12862456.708038814, 12862747.70902377]	0.0	0.0	0.0
1118.5892633988576	2.0	trials	2.0	1.0	1.0	0.0	10000.0	1.0	True	40.0	0.0	0.005	[12954746.020413104, 12955036.02139468, 12955326.022376256, 12955616.02335783, 12955905.024336018, 12956195.025317594, 12956484.026295785, 12956774.02727736, 12957064.028258935, 12957354.029240506, 12957643.030218698, 12957932.031196889, 12958223.03218185, 12958511.033156654, 12958802.034141611, 12959091.035119802, 12959381.036101375, 12959671.03708295, 12959960.038061144, 12960250.039042717]	0.0	0.0	0.0
1124.9309584638163	2.0	trials	2.0	1.0	1.0	0.0	10000.0	1.0	True	40.0	0.0	0.005	[13028145.268849654, 13028435.269831229, 13028724.27080942, 13029014.271790994, 13029304.272772567, 13029594.273754144, 13029883.274732336, 13030173.275713906, 13030463.276695482, 13030752.277673675, 13031042.278655248, 13031332.279636823, 13031620.280611627, 13031910.2815932, 13032200.282574777, 13032489.283552969, 13032779.284534544, 13033069.285516117, 13033358.286494307, 13033649.287479265]	0.0	0.0	0.0
1133.8771903444422	2.0	trials	2.0	1.0	1.0	0.0	10000.0	1.0	True	40.0	0.0	0.005	[13131689.6193192, 13131979.620300775, 13132268.621278964, 13132558.622260539, 13132848.623242116, 13133137.624220302, 13133427.625201877, 13133716.62618007, 13134007.627165029, 13134295.628139833, 13134585.62912141, 13134876.630106367, 13135165.631084558, 13135455.632066133, 13135744.633044323, 13136033.63402251, 13136323.635004086, 13136613.635985661, 13136902.636963852, 13137193.63794881]	0.0	0.0	0.0
1140.8850316641297	2.0	trials	2.0	1.0	1.0	0.0	10000.0	1.0	True	40.0	0.0	0.005	[13212798.893852096, 13213088.894833673, 13213378.895815248, 13213668.896796823, 13213957.897775013, 13214246.898753203, 13214537.89973816, 13214826.900716351, 13215116.901697926, 13215406.902679503, 13215695.90365769, 13215985.904639265, 13216274.905617455, 13216563.906595645, 13216853.90757722, 13217143.908558797, 13217433.90954037, 13217722.910518559, 13218012.911500135, 13218303.912485093]	0.0	0.0	0.0
1150.7415770259256	2.0	trials	2.0	1.0	1.0	0.0	10000.0	1.0	True	40.0	0.0	0.005	[13326880.279986652, 13327169.28096484, 13327458.281943033, 13327748.282924607, 13328038.28390618, 13328328.284887755, 13328617.285865946, 13328907.286847519, 13329196.28782571, 13329487.28881067, 13329776.28978886, 13330066.290770432, 13330355.291748622, 13330644.292726813, 13330934.293708388, 13331224.294689965, 13331514.29567154, 13331803.296649726, 13332093.297631303, 13332383.298612878]	0.0	0.0	0.0
1157.985204743687	2.0	trials	2.0	1.0	1.0	0.0	10000.0	1.0	True	40.0	0.0	0.005	[13410718.563756505, 13411007.564734695, 13411297.56571627, 13411586.566694459, 13411876.567676034, 13412166.568657609, 13412455.5696358, 13412745.570617374, 13413034.571595564, 13413324.572577138, 13413614.573558712, 13413904.57454029, 13414194.575521864, 13414483.576500053, 13414773.577481627, 13415062.578459814, 13415352.579441391, 13415641.580419583, 13415932.58140454, 13416220.582379347]	0.0	0.0	0.0
1168.823689429088	2.0	trials	2.0	1.0	1.0	0.0	10000.0	1.0	True	40.0	0.0	0.005	[13536163.988355245, 13536451.989330053, 13536742.99031501, 13537031.991293201, 13537321.992274776, 13537610.993252967, 13537901.994237926, 13538190.995216114, 13538480.996197691, 13538769.997175882, 13539058.998154068, 13539349.99913903, 13539640.000120604, 13539929.001098793, 13540218.002076985, 13540508.00305856, 13540798.004040131, 13541087.005018324, 13541377.005999899, 13541667.006981475]	0.0	0.0	0.0
1178.4931781577466	2.0	trials	2.0	1.0	1.0	0.0	10000.0	1.0	True	40.0	0.0	0.005	[13648079.367158452, 13648368.368136643, 13648658.369118217, 13648947.370096406, 13649237.37107798, 13649527.372059558, 13649816.373037746, 13650106.374019323, 13650395.374997512, 13650686.375982467, 13650975.376960661, 13651264.37793885, 13651554.378920423, 13651844.379902, 13652133.38088019, 13652423.381861765, 13652713.382843338, 13653003.383824913, 13653292.384803105, 13653582.385784676]	0.0	0.0	0.0
1188.5203640971158	2.0	trials	2.0	1.0	1.0	0.0	10000.0	1.0	True	40.0	0.0	0.005	[13764134.759974483, 13764423.760952674, 13764713.761934249, 13765003.762915822, 13765292.763894012, 13765582.764875587, 13765871.765853776, 13766160.766831968, 13766450.767813543, 13766740.768795116, 13767030.76977669, 13767319.770754881, 13767609.771736458, 13767899.772718031, 13768189.773699606, 13768478.774677796, 13768769.775662757, 13769057.776637558, 13769347.777619135, 13769636.778597323]	0.0	0.0	0.0
1194.7598476161154	2.0	trials	2.0	1.0	1.0	0.0	10000.0	1.0	True	40.0	0.0	0.005	[13836350.004403502, 13836640.005385075, 13836930.00636665, 13837219.00734484, 13837509.008326413, 13837799.009307988, 13838088.01028618, 13838377.011264369, 13838667.012245944, 13838957.013227519, 13839247.014209095, 13839535.0151839, 13839826.016168857, 13840115.017147047, 13840405.01812862, 13840694.019106813, 13840984.02008839, 13841275.021073347, 13841563.022048151, 13841853.023029728]	0.0	0.0	0.0
1202.895558353342	2.0	trials	2.0	1.0	1.0	0.0	10000.0	1.0	True	40.0	0.0	0.005	[13930514.323124183, 13930803.324102372, 13931093.325083945, 13931383.326065522, 13931672.32704371, 13931962.328025287, 13932252.329006862, 13932541.329985052, 13932830.33096324, 13933121.3319482, 13933411.332929777, 13933699.333904581, 13933990.334889539, 13934279.335867729, 13934569.336849302, 13934858.337827494, 13935148.33880907, 13935438.339790646, 13935727.340768833, 13936017.34175041]	0.0	0.0	0.0
1212.063579784667	2.0	trials	2.0	1.0	1.0	0.0	10000.0	1.0	True	40.0	0.0	0.005	[14036626.682285741, 14036915.68326393, 14037204.684242118, 14037494.685223695, 14037783.686201885, 14038072.687180074, 14038363.688165035, 14038653.689146612, 14038941.690121412, 14039233.691109756, 14039522.69208795, 14039811.693066137, 14040101.694047712, 14040390.695025902, 14040680.696007475, 14040969.696985668, 14041259.697967244, 14041549.69894882, 14041839.699930388, 14042129.700911965]	0.0	0.0	0.0
1220.9496770617532	2.0	trials	2.0	1.0	1.0	0.0	10000.0	1.0	True	40.0	0.0	0.005	[14139473.030392736, 14139763.03137431, 14140052.032352502, 14140343.03333746, 14140632.034315653, 14140922.035297226, 14141212.0362788, 14141501.037256991, 14141791.038238565, 14142081.03922014, 14142370.04019833, 14142659.041176518, 14142949.042158093, 14143238.043136286, 14143529.044121245, 14143817.04509605, 14144107.046077624, 14144397.0470592, 14144687.048040772, 14144977.049022349]	0.0	0.0	0.0
1229.7697645154135	2.0	trials	2.0	1.0	1.0	0.0	10000.0	1.0	True	40.0	0.0	0.005	[14241557.375920562, 14241847.376902135, 14242137.37788371, 14242425.378858518, 14242715.37984009, 14243006.380825048, 14243295.381803239, 14243585.382784814, 14243874.383763004, 14244164.38474458, 14244454.385726156, 14244744.38670773, 14245032.387682533, 14245323.388667494, 14245612.38964568, 14245902.390627258, 14246192.391608832, 14246481.392587023, 14246771.393568596, 14247061.39455017]	0.0	0.0	0.0
1239.3031727834762	2.0	trials	2.0	1.0	1.0	0.0	10000.0	1.0	True	40.0	0.0	0.005	[14351898.749396186, 14352187.750374377, 14352477.751355952, 14352767.752337527, 14353056.753315715, 14353346.75429729, 14353636.755278865, 14353925.756257053, 14354216.757242015, 14354505.758220203, 14354794.759198394, 14355084.760179967, 14355374.761161543, 14355663.762139732, 14355953.763121309, 14356243.764102884, 14356532.765081074, 14356821.76605926, 14357111.767040838, 14357401.768022412]	0.0	0.0	0.0
1249.0781562692068	2.0	trials	2.0	1.0	1.0	0.0	10000.0	1.0	True	40.0	0.0	0.005	[14465035.13233216, 14465325.133313736, 14465613.13428854, 14465903.135270115, 14466194.136255074, 14466482.137229878, 14466773.13821484, 14467061.139189644, 14467352.140174603, 14467641.141152792, 14467930.142130982, 14468221.143115941, 14468510.144094134, 14468801.145079091, 14469089.146053895, 14469378.147032086, 14469669.148017047, 14469958.148995236, 14470248.14997681, 14470537.150955]	0.0	0.0	0.0
1257.6219355876374	2.0	trials	2.0	1.0	1.0	0.0	10000.0	1.0	True	40.0	0.0	0.005	[14563921.467035584, 14564211.468017159, 14564500.468995348, 14564790.469976922, 14565080.470958497, 14565369.471936692, 14565658.472914878, 14565947.473893069, 14566238.47487803, 14566528.475859603, 14566817.476837792, 14567107.477819368, 14567396.478797557, 14567686.47977913, 14567975.480757324, 14568266.481742281, 14568556.482723854, 14568845.483702047, 14569134.484680237, 14569424.48566181]	0.0	0.0	0.0
1265.3739426261284	2.0	trials	2.0	1.0	1.0	0.0	10000.0	1.0	True	40.0	0.0	0.005	[14653642.770717865, 14653932.771699442, 14654221.772677628, 14654512.77366259, 14654801.77464078, 14655091.775622355, 14655381.776603928, 14655670.777582118, 14655960.778563693, 14656250.779545266, 14656539.780523458, 14656829.781505035, 14657118.782483222, 14657407.783461412, 14657697.784442987, 14657987.78542456, 14658277.786406135, 14658567.787387712, 14658856.788365902, 14659146.789347474]	0.0	0.0	0.0
1271.572213205633	2.0	trials	2.0	1.0	1.0	0.0	10000.0	1.0	True	40.0	0.0	0.005	[14725382.013535747, 14725671.014513938, 14725962.015498895, 14726251.016477086, 14726541.017458659, 14726830.018436851, 14727121.01942181, 14727410.020400003, 14727700.021381576, 14727989.022359766, 14728280.023344724, 14728568.024319528, 14728858.025301104, 14729148.02628268, 14729438.027264252, 14729727.028242443, 14730016.029220635, 14730307.030205593, 14730596.031183783, 14730886.032165358]	0.0	0.0	0.0
1281.9109585995486	2.0	trials	2.0	1.0	1.0	0.0	10000.0	1.0	True	40.0	0.0	0.005	[14845044.418560535, 14845333.419538725, 14845622.420516916, 14845912.42149849, 14846201.42247668, 14846492.42346164, 14846782.424443215, 14847070.42541802, 14847360.426399594, 14847650.42738117, 14847939.428359358, 14848230.429344317, 14848519.43032251, 14848808.431300696, 14849098.432282273, 14849387.433260461, 14849677.434242034, 14849967.435223611, 14850257.436205186, 14850546.437183378]	0.0	0.0	0.0
1290.5550486575044	2.0	trials	2.0	1.0	1.0	0.0	10000.0	1.0	True	40.0	0.0	0.005	[14945091.757193645, 14945381.75817522, 14945670.759153407, 14945960.760134984, 14946249.761113172, 14946539.76209475, 14946828.76307294, 14947118.76405451, 14947407.765032701, 14947697.766014278, 14947986.766992467, 14948277.767977428, 14948566.768955616, 14948855.769933805, 14949145.770915382, 14949435.771896955, 14949725.77287853, 14950015.773860104, 14950305.774841681, 14950594.775819868]	0.0	0.0	0.0
1299.4903077009903	2.0	trials	2.0	1.0	1.0	0.0	10000.0	1.0	True	40.0	0.0	0.005	[15048509.107233327, 15048798.108211515, 15049087.109189708, 15049377.110171283, 15049667.111152858, 15049957.11213443, 15050246.113112621, 15050536.114094198, 15050825.115072384, 15051115.11605396, 15051405.117035536, 15051694.118013725, 15051984.118995298, 15052274.119976874, 15052564.12095845, 15052854.121940022, 15053143.122918215, 15053433.12389979, 15053722.124877978, 15054012.125859553]	0.0	0.0	0.0
1308.8807234850613	2.0	trials	2.0	1.0	1.0	0.0	10000.0	1.0	True	40.0	0.0	0.005	[15157193.475100437, 15157483.476082012, 15157773.477063589, 15158062.478041776, 15158351.479019966, 15158642.480004927, 15158932.480986502, 15159220.481961304, 15159510.48294288, 15159800.483924456, 15160090.484906029, 15160380.485887604, 15160668.486862412, 15160959.487847367, 15161249.488828942, 15161538.489807134, 15161828.490788711, 15162117.491766898, 15162407.492748473, 15162697.49373005]	0.0	0.0	0.0
1316.62098008378	2.0	trials	2.0	1.0	1.0	0.0	10000.0	1.0	True	40.0	0.0	0.005	[15246780.778329162, 15247068.779303968, 15247359.78028893, 15247649.7812705, 15247939.782252075, 15248227.78322688, 15248517.784208456, 15248807.785190031, 15249097.786171606, 15249387.787153179, 15249676.78813137, 15249965.789109562, 15250255.790091135, 15250545.791072708, 15250834.7920509, 15251125.79303586, 15251414.79401405, 15251703.79499224, 15251993.795973815, 15252283.796955388]	0.0	0.0	0.0
1324.4266417038777	2.0	trials	2.0	1.0	1.0	0.0	10000.0	1.0	True	40.0	0.0	0.005	[15337123.084113369, 15337413.085094942, 15337703.086076517, 15337993.087058092, 15338282.08803628, 15338572.089017855, 15338862.08999943, 15339151.09097762, 15339440.09195581, 15339730.092937386, 15340020.093918962, 15340310.094900532, 15340599.095878724, 15340889.0968603, 15341178.097838487, 15341468.098820062, 15341758.09980164, 15342047.100779826, 15342337.1017614, 15342627.102742977]	0.0	0.0	0.0
1332.0648595572227	2.0	trials	2.0	1.0	1.0	0.0	10000.0	1.0	True	40.0	0.0	0.005	[15425527.383337947, 15425818.384322902, 15426107.385301095, 15426397.38628267, 15426687.387264246, 15426977.38824582, 15427266.38922401, 15427556.390205584, 15427845.391183771, 15428134.392161964, 15428424.393143537, 15428713.394121727, 15429004.395106686, 15429294.396088261, 15429583.397066452, 15429873.398048026, 15430163.3990296, 15430452.400007792, 15430742.400989365, 15431031.401967555]	0.0	0.0	0.0
1341.2506794487904	2.0	trials	2.0	1.0	1.0	0.0	10000.0	1.0	True	40.0	0.0	0.005	[15531846.743200144, 15532135.744178334, 15532425.74515991, 15532715.746141482, 15533005.747123059, 15533295.748104634, 15533584.74908282, 15533874.750064397, 15534163.751042588, 15534453.752024159, 15534743.753005736, 15535032.753983928, 15535322.754965503, 15535611.755943691, 15535901.756925266, 15536190.757903453, 15536481.758888414, 15536770.759866605, 15537060.76084818, 15537349.761826368]	0.0	0.0	0.0
1350.443238563169	2.0	trials	2.0	1.0	1.0	0.0	10000.0	1.0	True	40.0	0.0	0.005	[15638241.1033162, 15638531.104297774, 15638821.105279349, 15639111.106260924, 15639400.107239114, 15639689.108217303, 15639979.109198878, 15640269.110180452, 15640559.111162025, 15640848.112140216, 15641138.11312179, 15641427.114099981, 15641717.115081556, 15642006.116059747, 15642296.11704132, 15642586.118022894, 15642875.119001085, 15643166.119986046, 15643455.120964235, 15643744.121942423]	0.0	0.0	0.0
1359.1547208492295	2.0	trials	2.0	1.0	1.0	0.0	10000.0	1.0	True	40.0	0.0	0.005	[15739069.44459279, 15739358.44557098, 15739648.446552556, 15739938.447534129, 15740227.448512318, 15740517.449493894, 15740807.450475467, 15741096.45145366, 15741387.452438617, 15741675.453413423, 15741965.454394998, 15742255.455376573, 15742545.45635815, 15742834.457336336, 15743124.458317911, 15743414.459299488, 15743703.460277675, 15743993.46125925, 15744282.46223744, 15744572.463219013]	0.0	0.0	0.0
1365.749050369289	2.0	trials	2.0	1.0	1.0	0.0	10000.0	1.0	True	40.0	0.0	0.005	[15815391.702922937, 15815679.703897743, 15815970.704882702, 15816260.705864275, 15816550.70684585, 15816839.70782404, 15817128.70880223, 15817418.709783806, 15817708.710765379, 15817998.711746952, 15818287.712725144, 15818577.713706719, 15818866.714684907, 15819157.715669869, 15819446.716648057, 15819736.717629634, 15820025.71860782, 15820315.719589395, 15820605.720570972, 15820895.721552547]	0.0	0.0	0.0
1371.0049529591274	2.0	trials	2.0	1.0	1.0	0.0	10000.0	1.0	True	40.0	0.0	0.005	[15876223.908823453, 15876513.90980503, 15876802.910783222, 15877092.911764795, 15877383.912749752, 15877672.913727943, 15877960.914702747, 15878251.915687708, 15878540.916665899, 15878830.917647474, 15879120.918629047, 15879409.919607237, 15879699.920588812, 15879988.921567, 15880278.922548575, 15880568.92353015, 15880857.924508343, 15881148.9254933, 15881437.926471492, 15881726.927449683]	0.0	0.0	0.0
1380.5717117400727	2.0	trials	2.0	1.0	1.0	0.0	10000.0	1.0	True	40.0	0.0	0.005	[15986951.283605589, 15987239.284580395, 15987529.28556197, 15987819.286543543, 15988109.287525117, 15988398.28850331, 15988688.28948488, 15988978.290466456, 15989267.29144465, 15989557.292426225, 15989847.293407798, 15990137.294389373, 15990426.295367563, 15990716.296349136, 15991005.297327327, 15991295.298308901, 15991585.299290475, 15991874.300268665, 15992164.30125024, 15992454.302231815]	0.0	0.0	0.0
1387.6217164024717	2.0	trials	2.0	1.0	1.0	0.0	10000.0	1.0	True	40.0	0.0	0.005	[16068548.559790239, 16068838.560771814, 16069127.561750006, 16069417.562731577, 16069706.56370977, 16069996.564691344, 16070285.565669533, 16070576.566654494, 16070865.567632684, 16071155.56861426, 16071443.569589064, 16071734.570574023, 16072023.571552215, 16072313.572533784, 16072602.573511979, 16072892.574493553, 16073181.57547174, 16073472.576456701, 16073761.577434892, 16074050.578413079]	0.0	0.0	0.0
1394.7111195982243	2.0	trials	2.0	1.0	1.0	0.0	10000.0	1.0	True	40.0	0.0	0.005	[16150600.837514946, 16150891.838499906, 16151180.839478096, 16151470.840459673, 16151760.841441244, 16152049.842419438, 16152340.843404396, 16152628.8443792, 16152919.845364159, 16153208.846342351, 16153497.847320542, 16153786.848298728, 16154077.84928369, 16154366.85026188, 16154656.851243453, 16154947.852228414, 16155235.85320322, 16155525.854184791, 16155815.855166366, 16156104.856144559]	0.0	0.0	0.0
1405.0913371325119	2.0	trials	2.0	1.0	1.0	0.0	10000.0	1.0	True	40.0	0.0	0.005	[16270743.244164411, 16271033.245145988, 16271322.246124176, 16271612.247105753, 16271901.24808394, 16272190.24906213, 16272481.250047091, 16272769.251021896, 16273059.25200347, 16273350.25298843, 16273639.25396662, 16273929.254948191, 16274218.255926386, 16274508.25690796, 16274798.257889535, 16275087.258867724, 16275377.259849299, 16275666.260827485, 16275957.261812447, 16276245.262787253]	0.0	0.0	0.0
1415.3335733997694	2.0	trials	2.0	1.0	1.0	0.0	10000.0	1.0	True	40.0	0.0	0.005	[16389286.645401677, 16389577.646386635, 16389866.647364825, 16390156.6483464, 16390446.649327977, 16390735.650306163, 16391024.651284354, 16391314.652265929, 16391603.65324412, 16391893.654225694, 16392183.655207267, 16392473.656188844, 16392762.657167032, 16393051.658145223, 16393341.6591268, 16393632.660111757, 16393920.661086561, 16394210.662068138, 16394500.66304971, 16394790.664031286]	0.0	0.0	0.0
1420.8057359215907	2.0	trials	2.0	1.0	1.0	0.0	10000.0	1.0	True	40.0	0.0	0.005	[16452622.859777585, 16452911.860755775, 16453201.861737348, 16453490.86271554, 16453781.8637005, 16454069.864675304, 16454359.865656879, 16454649.866638452, 16454940.867623411, 16455228.868598217, 16455518.869579794, 16455807.870557984, 16456097.871539555, 16456387.872521132, 16456677.873502705, 16456967.87448428, 16457256.875462472, 16457545.876440661, 16457835.877422236, 16458125.87840381]	0.0	0.0	0.0
1430.003565453808	2.0	trials	2.0	1.0	1.0	0.0	10000.0	1.0	True	40.0	0.0	0.005	[16559078.220100109, 16559368.221081682, 16559658.222063256, 16559947.22304145, 16560237.224023025, 16560526.225001212, 16560816.225982789, 16561105.226960976, 16561395.22794255, 16561684.228920745, 16561974.229902316, 16562265.230887275, 16562554.231865466, 16562844.23284704, 16563133.233825231, 16563422.234803421, 16563713.235788379, 16564003.236769954, 16564291.23774476, 16564582.238729721]	0.0	0.0	0.0
1437.3354942704455	2.0	trials	2.0	1.0	1.0	0.0	10000.0	1.0	True	40.0	0.0	0.005	[16643939.507332554, 16644228.50831074, 16644519.509295702, 16644807.510270508, 16645098.511255467, 16645386.512230271, 16645676.513211848, 16645966.51419342, 16646256.515174996, 16646546.516156571, 16646836.517138144, 16647124.518112948, 16647414.519094525, 16647704.5200761, 16647994.521057673, 16648283.522035863, 16648572.523014056, 16648863.523999013, 16649152.524977203, 16649442.52595878]	0.0	0.0	0.0
1445.9217825327578	2.0	trials	2.0	1.0	1.0	0.0	10000.0	1.0	True	40.0	0.0	0.005	[16743316.843697885, 16743607.844682842, 16743896.845661033, 16744186.84664261, 16744475.847620798, 16744764.848598989, 16745054.849580562, 16745344.850562137, 16745634.851543713, 16745924.852525288, 16746213.853503475, 16746502.85448167, 16746793.855466627, 16747082.856444813, 16747372.85742639, 16747663.858411351, 16747951.859386157, 16748241.86036773, 16748531.861349303, 16748819.862324107]	0.0	0.0	0.0
1456.3739715106497	2.0	trials	2.0	1.0	1.0	0.0	10000.0	1.0	True	40.0	0.0	0.005	[16864291.253163453, 16864581.254145026, 16864871.255126603, 16865161.25610818, 16865451.257089753, 16865740.25806794, 16866029.25904613, 16866319.260027703, 16866608.261005897, 16866898.261987474, 16867187.26296566, 16867477.263947234, 16867767.26492881, 16868056.265906997, 16868346.266888574, 16868636.26787015, 16868926.268851724, 16869215.269829914, 16869505.270811487, 16869795.271793064]	0.0	0.0	0.0
1462.315028419554	2.0	trials	2.0	1.0	1.0	0.0	10000.0	1.0	True	40.0	0.0	0.005	[16933053.48590496, 16933342.486883152, 16933633.48786811, 16933922.488846302, 16934212.489827875, 16934502.49080945, 16934791.49178764, 16935080.49276583, 16935370.493747406, 16935660.49472898, 16935950.49571055, 16936240.49669213, 16936529.49767032, 16936818.49864851, 16937108.499630086, 16937397.500608273, 16937687.501589846, 16937977.502571423, 16938266.503549613, 16938556.504531186]	0.0	0.0	0.0
1470.34636760351	2.0	trials	2.0	1.0	1.0	0.0	10000.0	1.0	True	40.0	0.0	0.005	[17026008.800533492, 17026299.80151845, 17026587.802493256, 17026877.803474832, 17027167.80445641, 17027456.805434596, 17027746.806416173, 17028036.807397746, 17028325.808375936, 17028615.80935751, 17028905.810339086, 17029194.811317276, 17029484.81229885, 17029773.81327704, 17030063.814258616, 17030353.815240186, 17030642.81621838, 17030932.817199957, 17031221.818178143, 17031511.819159716]	0.0	0.0	0.0
1475.994095519574	2.0	trials	2.0	1.0	1.0	0.0	10000.0	1.0	True	40.0	0.0	0.005	[17091377.021787193, 17091666.022765383, 17091956.02374696, 17092246.024728533, 17092536.025710106, 17092825.0266883, 17093115.027669873, 17093404.02864806, 17093693.02962625, 17093984.030611213, 17094273.0315894, 17094563.032570977, 17094853.03355255, 17095141.034527354, 17095433.0355157, 17095722.03649389, 17096011.03747208, 17096301.038453653, 17096591.03943523, 17096880.04041342]	0.0	0.0	0.0
1485.601116836797	2.0	trials	2.0	1.0	1.0	0.0	10000.0	1.0	True	40.0	0.0	0.005	[17202569.398143232, 17202859.39912481, 17203148.400103, 17203438.401084572, 17203728.402066145, 17204018.40304772, 17204307.40402591, 17204596.405004103, 17204886.405985676, 17205175.406963866, 17205465.40794544, 17205754.40892363, 17206045.409908593, 17206334.41088678, 17206624.411868352, 17206913.412846543, 17207203.413828116, 17207493.414809693, 17207782.415787887, 17208072.41676946]	0.0	0.0	0.0
1495.8542395409024	2.0	trials	2.0	1.0	1.0	0.0	10000.0	1.0	True	40.0	0.0	0.005	[17321238.799806975, 17321529.800791934, 17321818.80177012, 17322107.80274831, 17322396.8037265, 17322687.80471146, 17322977.805693038, 17323266.80667123, 17323555.807649415, 17323845.80863099, 17324135.80961257, 17324424.810590755, 17324714.811572332, 17325003.81255052, 17325293.813532095, 17325583.81451367, 17325873.815495245, 17326162.816473436, 17326452.81745501, 17326742.81843658]	0.0	0.0	0.0
1505.010078530993	2.0	trials	2.0	1.0	1.0	0.0	10000.0	1.0	True	40.0	0.0	0.005	[17427209.1584879, 17427498.159466088, 17427788.160447665, 17428078.161429238, 17428368.16241081, 17428657.163389005, 17428947.164370578, 17429237.16535215, 17429527.166333724, 17429817.1673153, 17430105.168290105, 17430396.169275068, 17430685.17025326, 17430975.17123483, 17431265.172216404, 17431554.173194595, 17431843.174172785, 17432133.17515436, 17432423.176135935, 17432713.177117508]	0.0	0.0	0.0
1511.4246954427726	2.0	trials	2.0	1.0	1.0	0.0	10000.0	1.0	True	40.0	0.0	0.005	[17501453.409784555, 17501742.410762746, 17502032.41174432, 17502321.41272251, 17502610.4137007, 17502901.414685655, 17503190.415663846, 17503480.416645423, 17503770.417627, 17504058.418601803, 17504349.419586763, 17504638.42056495, 17504928.421546526, 17505218.422528103, 17505507.423506293, 17505798.42449125, 17506086.425466057, 17506377.426451016, 17506666.427429203, 17506955.428407397]	0.0	0.0	0.0
1521.7563560127082	2.0	trials	2.0	1.0	1.0	0.0	10000.0	1.0	True	40.0	0.0	0.005	[17621032.81452841, 17621321.8155066, 17621610.81648479, 17621901.81746975, 17622190.81844794, 17622479.81942613, 17622769.820407704, 17623059.82138928, 17623348.822367467, 17623638.823349044, 17623928.824330617, 17624217.825308807, 17624507.82629038, 17624797.827271957, 17625087.82825353, 17625376.82923172, 17625666.830213297, 17625955.831191484, 17626244.832169674, 17626534.83315125]	0.0	0.0	0.0
1527.972252251871	2.0	trials	2.0	1.0	1.0	0.0	10000.0	1.0	True	40.0	0.0	0.005	[17692975.05803339, 17693266.05901835, 17693555.05999654, 17693844.060974732, 17694135.06195969, 17694424.062937886, 17694713.063916072, 17695004.06490103, 17695293.065879222, 17695582.06685741, 17695873.06784237, 17696162.068820562, 17696451.069798753, 17696741.070780326, 17697031.0717619, 17697320.072740093, 17697610.073721662, 17697900.07470324, 17698190.075684812, 17698479.076663006]	0.0	0.0	0.0
1538.2083540983651	2.0	trials	2.0	1.0	1.0	0.0	10000.0	1.0	True	40.0	0.0	0.005	[17811448.459033728, 17811739.460018683, 17812027.46099349, 17812318.461978447, 17812608.462960023, 17812897.463938218, 17813186.464916404, 17813476.465897977, 17813766.466879554, 17814055.46785774, 17814345.468839318, 17814635.469820894, 17814924.470799085, 17815214.471780654, 17815503.47275885, 17815793.473740425, 17816082.47471861, 17816373.47570357, 17816662.47668176, 17816952.47766334]	0.0	0.0	0.0
1546.3564200774108	2.0	trials	2.0	1.0	1.0	0.0	10000.0	1.0	True	40.0	0.0	0.005	[17905754.77823504, 17906044.779216614, 17906333.780194808, 17906624.781179763, 17906912.782154568, 17907202.783136144, 17907492.78411772, 17907782.785099294, 17908072.786080867, 17908361.787059058, 17908651.788040634, 17908940.78901882, 17909230.790000398, 17909519.79097859, 17909809.79196016, 17910099.792941738, 17910388.79391993, 17910679.794904888, 17910968.795883078, 17911257.796861265]	0.0	0.0	0.0
1553.3798134497374	2.0	trials	2.0	1.0	1.0	0.0	10000.0	1.0	True	40.0	0.0	0.005	[17987044.053377192, 17987334.05435877, 17987623.055336956, 17987913.05631853, 17988203.057300106, 17988492.058278296, 17988782.05925987, 17989071.06023806, 17989362.06122302, 17989651.06220121, 17989940.0631794, 17990231.06416436, 17990521.065145932, 17990810.066124123, 17991098.067098927, 17991388.068080503, 17991678.069062077, 17991968.070043653, 17992258.071025226, 17992548.0720068]	0.0	0.0	0.0
1559.1307033149767	2.0	trials	2.0	1.0	1.0	0.0	10000.0	1.0	True	40.0	0.0	0.005	[18053605.278668888, 18053895.27965046, 18054185.280632038, 18054475.28161361, 18054765.282595187, 18055053.28356999, 18055343.28455157, 18055633.28553314, 18055923.286514714, 18056213.28749629, 18056503.288477864, 18056791.289452672, 18057081.290434245, 18057371.291415818, 18057661.292397395, 18057950.293375585, 18058240.29435716, 18058529.29533535, 18058819.29631692, 18059109.297298495]	0.0	0.0	0.0
1565.322753073426	2.0	trials	2.0	1.0	1.0	0.0	10000.0	1.0	True	40.0	0.0	0.005	[18125273.52124645, 18125562.522224642, 18125852.52320622, 18126141.524184406, 18126431.525165983, 18126721.526147556, 18127011.527129132, 18127300.52810732, 18127590.529088896, 18127880.53007047, 18128169.53104866, 18128459.532030232, 18128747.53300504, 18129038.53399, 18129327.53496819, 18129617.535949763, 18129906.536927953, 18130197.537912913, 18130485.53888772, 18130775.539869294]	0.0	0.0	0.0
1573.89072447374	2.0	trials	2.0	1.0	1.0	0.0	10000.0	1.0	True	40.0	0.0	0.005	[18224439.856897607, 18224728.857875794, 18225018.858857367, 18225307.859835558, 18225597.860817134, 18225886.861795325, 18226176.8627769, 18226466.863758475, 18226755.86473666, 18227045.865718238, 18227335.866699815, 18227625.867681388, 18227915.86866296, 18228204.86964115, 18228494.870622728, 18228783.871600915, 18229073.87258249, 18229363.87356407, 18229653.874545638, 18229942.875523828]	0.0	0.0	0.0
1581.3731625998118	2.0	trials	2.0	1.0	1.0	0.0	10000.0	1.0	True	40.0	0.0	0.005	[18311041.150019497, 18311331.15100107, 18311620.15197926, 18311910.152960837, 18312200.15394241, 18312489.1549206, 18312780.15590556, 18313069.156883746, 18313358.157861937, 18313648.158843514, 18313938.159825087, 18314227.16080328, 18314517.161784854, 18314806.16276304, 18315096.163744617, 18315385.164722808, 18315676.165707767, 18315965.166685957, 18316255.16766753, 18316544.16864572]	0.0	0.0	0.0
1588.548706887129	2.0	trials	2.0	1.0	1.0	0.0	10000.0	1.0	True	40.0	0.0	0.005	[18394092.43112556, 18394381.43210375, 18394672.43308871, 18394960.434063513, 18395251.435048472, 18395540.436026663, 18395829.437004853, 18396120.437989812, 18396409.438968003, 18396698.439946193, 18396988.440927766, 18397278.441909343, 18397567.44288753, 18397857.443869106, 18398147.44485068, 18398437.445832253, 18398726.446810447, 18399015.447788637, 18399306.448773593, 18399595.449751783]	0.0	0.0	0.0
1599.1567619925868	2.0	trials	2.0	1.0	1.0	0.0	10000.0	1.0	True	40.0	0.0	0.005	[18516870.846697196, 18517159.847675387, 18517450.84866035, 18517739.849638537, 18518028.850616727, 18518319.851601686, 18518608.852579877, 18518897.853558067, 18519187.85453964, 18519477.855521217, 18519766.856499404, 18520056.85748098, 18520346.858462557, 18520634.85943736, 18520925.86042232, 18521215.861403894, 18521504.862382084, 18521793.863360275, 18522084.864345234, 18522373.865323424]	0.0	0.0	0.0
1607.1137105247506	2.0	trials	2.0	1.0	1.0	0.0	10000.0	1.0	True	40.0	0.0	0.005	[18608964.15840808, 18609254.159389656, 18609543.16036785, 18609833.161349423, 18610123.162330996, 18610412.163309187, 18610703.164294146, 18610992.165272336, 18611282.16625391, 18611571.1672321, 18611861.168213673, 18612150.169191863, 18612439.170170058, 18612730.171155013, 18613020.17213659, 18613308.173111394, 18613599.174096353, 18613888.175074544, 18614179.176059503, 18614467.17703431]	0.0	0.0	0.0
1616.1612899484107	2.0	trials	2.0	1.0	1.0	0.0	10000.0	1.0	True	40.0	0.0	0.005	[18713681.512847926, 18713970.51382612, 18714260.514807694, 18714550.515789267, 18714840.51677084, 18715129.517749034, 18715419.518730607, 18715708.519708797, 18715999.520693757, 18716288.521671943, 18716577.522650134, 18716867.52363171, 18717157.524613287, 18717446.525591478, 18717737.526576433, 18718026.527554624, 18718315.528532814, 18718606.529517774, 18718894.53049258, 18719184.531474154]	0.0	0.0	0.0
1626.0492850166559	2.0	trials	2.0	1.0	1.0	0.0	10000.0	1.0	True	40.0	0.0	0.005	[18828126.900214527, 18828414.90118933, 18828704.902170904, 18828994.90315248, 18829283.904130675, 18829574.90511563, 18829862.90609044, 18830153.907075394, 18830442.908053584, 18830732.90903516, 18831021.91001335, 18831312.91099831, 18831601.911976498, 18831891.912958074, 18832180.913936265, 18832469.91491445, 18832760.915899415, 18833048.91687422, 18833338.91785579, 18833628.91883737]	0.0	0.0	0.0
1673.3139601950656	2.0	trials	3.0	1.0	1.0	0.0	10000.0	1.0	False	0.0	0.0	0.0	[NaN, NaN, NaN, NaN, NaN, NaN, NaN, NaN, NaN, NaN, NaN, NaN, NaN, NaN, NaN, NaN, NaN, NaN, NaN, NaN]	0.0	0.0	0.0
1679.512057973985	2.0	trials	3.0	1.0	1.0	0.0	10000.0	1.0	False	0.0	0.0	0.0	[NaN, NaN, NaN, NaN, NaN, NaN, NaN, NaN, NaN, NaN, NaN, NaN, NaN, NaN, NaN, NaN, NaN, NaN, NaN, NaN]	0.0	0.0	0.0
1686.5324273360768	2.0	trials	3.0	1.0	1.0	0.0	10000.0	1.0	False	0.0	0.0	0.0	[NaN, NaN, NaN, NaN, NaN, NaN, NaN, NaN, NaN, NaN, NaN, NaN, NaN, NaN, NaN, NaN, NaN, NaN, NaN, NaN]	0.0	0.0	0.0
1693.3840569270285	2.0	trials	3.0	1.0	1.0	0.0	10000.0	1.0	False	0.0	0.0	0.0	[NaN, NaN, NaN, NaN, NaN, NaN, NaN, NaN, NaN, NaN, NaN, NaN, NaN, NaN, NaN, NaN, NaN, NaN, NaN, NaN]	0.0	0.0	0.0
1703.9508990929912	2.0	trials	3.0	1.0	1.0	0.0	10000.0	1.0	False	0.0	0.0	0.0	[NaN, NaN, NaN, NaN, NaN, NaN, NaN, NaN, NaN, NaN, NaN, NaN, NaN, NaN, NaN, NaN, NaN, NaN, NaN, NaN]	0.0	0.0	0.0
1713.724327373458	2.0	trials	3.0	1.0	1.0	0.0	10000.0	1.0	False	0.0	0.0	0.0	[NaN, NaN, NaN, NaN, NaN, NaN, NaN, NaN, NaN, NaN, NaN, NaN, NaN, NaN, NaN, NaN, NaN, NaN, NaN, NaN]	0.0	0.0	0.0
1719.5743183741283	2.0	trials	3.0	1.0	1.0	0.0	10000.0	1.0	False	0.0	0.0	0.0	[NaN, NaN, NaN, NaN, NaN, NaN, NaN, NaN, NaN, NaN, NaN, NaN, NaN, NaN, NaN, NaN, NaN, NaN, NaN, NaN]	0.0	0.0	0.0
1727.9865100471695	2.0	trials	3.0	1.0	1.0	0.0	10000.0	1.0	False	0.0	0.0	0.0	[NaN, NaN, NaN, NaN, NaN, NaN, NaN, NaN, NaN, NaN, NaN, NaN, NaN, NaN, NaN, NaN, NaN, NaN, NaN, NaN]	0.0	0.0	0.0
1733.1534203357928	2.0	trials	3.0	1.0	1.0	0.0	10000.0	1.0	False	0.0	0.0	0.0	[NaN, NaN, NaN, NaN, NaN, NaN, NaN, NaN, NaN, NaN, NaN, NaN, NaN, NaN, NaN, NaN, NaN, NaN, NaN, NaN]	0.0	0.0	0.0
1743.5156666092523	2.0	trials	3.0	1.0	1.0	0.0	10000.0	1.0	False	0.0	0.0	0.0	[NaN, NaN, NaN, NaN, NaN, NaN, NaN, NaN, NaN, NaN, NaN, NaN, NaN, NaN, NaN, NaN, NaN, NaN, NaN, NaN]	0.0	0.0	0.0
1751.782705790991	2.0	trials	3.0	1.0	1.0	0.0	10000.0	1.0	False	0.0	0.0	0.0	[NaN, NaN, NaN, NaN, NaN, NaN, NaN, NaN, NaN, NaN, NaN, NaN, NaN, NaN, NaN, NaN, NaN, NaN, NaN, NaN]	0.0	0.0	0.0
1758.7604798089085	2.0	trials	3.0	1.0	1.0	0.0	10000.0	1.0	False	0.0	0.0	0.0	[NaN, NaN, NaN, NaN, NaN, NaN, NaN, NaN, NaN, NaN, NaN, NaN, NaN, NaN, NaN, NaN, NaN, NaN, NaN, NaN]	0.0	0.0	0.0
1767.0731383450563	2.0	trials	3.0	1.0	1.0	0.0	10000.0	1.0	False	0.0	0.0	0.0	[NaN, NaN, NaN, NaN, NaN, NaN, NaN, NaN, NaN, NaN, NaN, NaN, NaN, NaN, NaN, NaN, NaN, NaN, NaN, NaN]	0.0	0.0	0.0
1777.751004886807	2.0	trials	3.0	1.0	1.0	0.0	10000.0	1.0	False	0.0	0.0	0.0	[NaN, NaN, NaN, NaN, NaN, NaN, NaN, NaN, NaN, NaN, NaN, NaN, NaN, NaN, NaN, NaN, NaN, NaN, NaN, NaN]	0.0	0.0	0.0
1784.8370384711543	2.0	trials	3.0	1.0	1.0	0.0	10000.0	1.0	False	0.0	0.0	0.0	[NaN, NaN, NaN, NaN, NaN, NaN, NaN, NaN, NaN, NaN, NaN, NaN, NaN, NaN, NaN, NaN, NaN, NaN, NaN, NaN]	0.0	0.0	0.0
1790.4832975822465	2.0	trials	3.0	1.0	1.0	0.0	10000.0	1.0	False	0.0	0.0	0.0	[NaN, NaN, NaN, NaN, NaN, NaN, NaN, NaN, NaN, NaN, NaN, NaN, NaN, NaN, NaN, NaN, NaN, NaN, NaN, NaN]	0.0	0.0	0.0
1799.0756338650297	2.0	trials	3.0	1.0	1.0	0.0	10000.0	1.0	False	0.0	0.0	0.0	[NaN, NaN, NaN, NaN, NaN, NaN, NaN, NaN, NaN, NaN, NaN, NaN, NaN, NaN, NaN, NaN, NaN, NaN, NaN, NaN]	0.0	0.0	0.0
1804.8410389793992	2.0	trials	3.0	1.0	1.0	0.0	10000.0	1.0	False	0.0	0.0	0.0	[NaN, NaN, NaN, NaN, NaN, NaN, NaN, NaN, NaN, NaN, NaN, NaN, NaN, NaN, NaN, NaN, NaN, NaN, NaN, NaN]	0.0	0.0	0.0
1810.9434052342929	2.0	trials	3.0	1.0	1.0	0.0	10000.0	1.0	False	0.0	0.0	0.0	[NaN, NaN, NaN, NaN, NaN, NaN, NaN, NaN, NaN, NaN, NaN, NaN, NaN, NaN, NaN, NaN, NaN, NaN, NaN, NaN]	0.0	0.0	0.0
1821.0232089517594	2.0	trials	3.0	1.0	1.0	0.0	10000.0	1.0	False	0.0	0.0	0.0	[NaN, NaN, NaN, NaN, NaN, NaN, NaN, NaN, NaN, NaN, NaN, NaN, NaN, NaN, NaN, NaN, NaN, NaN, NaN, NaN]	0.0	0.0	0.0
1828.7950016572197	2.0	trials	3.0	1.0	1.0	0.0	10000.0	1.0	False	0.0	0.0	0.0	[NaN, NaN, NaN, NaN, NaN, NaN, NaN, NaN, NaN, NaN, NaN, NaN, NaN, NaN, NaN, NaN, NaN, NaN, NaN, NaN]	0.0	0.0	0.0
1839.1269214280323	2.0	trials	3.0	1.0	1.0	0.0	10000.0	1.0	False	0.0	0.0	0.0	[NaN, NaN, NaN, NaN, NaN, NaN, NaN, NaN, NaN, NaN, NaN, NaN, NaN, NaN, NaN, NaN, NaN, NaN, NaN, NaN]	0.0	0.0	0.0
1845.2876942806172	2.0	trials	3.0	1.0	1.0	0.0	10000.0	1.0	False	0.0	0.0	0.0	[NaN, NaN, NaN, NaN, NaN, NaN, NaN, NaN, NaN, NaN, NaN, NaN, NaN, NaN, NaN, NaN, NaN, NaN, NaN, NaN]	0.0	0.0	0.0
1852.481728230517	2.0	trials	3.0	1.0	1.0	0.0	10000.0	1.0	False	0.0	0.0	0.0	[NaN, NaN, NaN, NaN, NaN, NaN, NaN, NaN, NaN, NaN, NaN, NaN, NaN, NaN, NaN, NaN, NaN, NaN, NaN, NaN]	0.0	0.0	0.0
1863.5454584783142	2.0	trials	3.0	1.0	1.0	0.0	10000.0	1.0	False	0.0	0.0	0.0	[NaN, NaN, NaN, NaN, NaN, NaN, NaN, NaN, NaN, NaN, NaN, NaN, NaN, NaN, NaN, NaN, NaN, NaN, NaN, NaN]	0.0	0.0	0.0
1873.5174346308133	2.0	trials	3.0	1.0	1.0	0.0	10000.0	1.0	False	0.0	0.0	0.0	[NaN, NaN, NaN, NaN, NaN, NaN, NaN, NaN, NaN, NaN, NaN, NaN, NaN, NaN, NaN, NaN, NaN, NaN, NaN, NaN]	0.0	0.0	0.0
1881.4258261986245	2.0	trials	3.0	1.0	1.0	0.0	10000.0	1.0	False	0.0	0.0	0.0	[NaN, NaN, NaN, NaN, NaN, NaN, NaN, NaN, NaN, NaN, NaN, NaN, NaN, NaN, NaN, NaN, NaN, NaN, NaN, NaN]	0.0	0.0	0.0
1892.1846498143934	2.0	trials	3.0	1.0	1.0	0.0	10000.0	1.0	False	0.0	0.0	0.0	[NaN, NaN, NaN, NaN, NaN, NaN, NaN, NaN, NaN, NaN, NaN, NaN, NaN, NaN, NaN, NaN, NaN, NaN, NaN, NaN]	0.0	0.0	0.0
1899.4560120260287	2.0	trials	3.0	1.0	1.0	0.0	10000.0	1.0	False	0.0	0.0	0.0	[NaN, NaN, NaN, NaN, NaN, NaN, NaN, NaN, NaN, NaN, NaN, NaN, NaN, NaN, NaN, NaN, NaN, NaN, NaN, NaN]	0.0	0.0	0.0
1907.6104716267153	2.0	trials	3.0	1.0	1.0	0.0	10000.0	1.0	False	0.0	0.0	0.0	[NaN, NaN, NaN, NaN, NaN, NaN, NaN, NaN, NaN, NaN, NaN, NaN, NaN, NaN, NaN, NaN, NaN, NaN, NaN, NaN]	0.0	0.0	0.0
1916.5247353991376	2.0	trials	3.0	1.0	1.0	0.0	10000.0	1.0	False	0.0	0.0	0.0	[NaN, NaN, NaN, NaN, NaN, NaN, NaN, NaN, NaN, NaN, NaN, NaN, NaN, NaN, NaN, NaN, NaN, NaN, NaN, NaN]	0.0	0.0	0.0
1924.326595406368	2.0	trials	3.0	1.0	1.0	0.0	10000.0	1.0	False	0.0	0.0	0.0	[NaN, NaN, NaN, NaN, NaN, NaN, NaN, NaN, NaN, NaN, NaN, NaN, NaN, NaN, NaN, NaN, NaN, NaN, NaN, NaN]	0.0	0.0	0.0
1929.5463826739656	2.0	trials	3.0	1.0	1.0	0.0	10000.0	1.0	False	0.0	0.0	0.0	[NaN, NaN, NaN, NaN, NaN, NaN, NaN, NaN, NaN, NaN, NaN, NaN, NaN, NaN, NaN, NaN, NaN, NaN, NaN, NaN]	0.0	0.0	0.0
1937.3102265525213	2.0	trials	3.0	1.0	1.0	0.0	10000.0	1.0	False	0.0	0.0	0.0	[NaN, NaN, NaN, NaN, NaN, NaN, NaN, NaN, NaN, NaN, NaN, NaN, NaN, NaN, NaN, NaN, NaN, NaN, NaN, NaN]	0.0	0.0	0.0
1944.456135539531	2.0	trials	3.0	1.0	1.0	0.0	10000.0	1.0	False	0.0	0.0	0.0	[NaN, NaN, NaN, NaN, NaN, NaN, NaN, NaN, NaN, NaN, NaN, NaN, NaN, NaN, NaN, NaN, NaN, NaN, NaN, NaN]	0.0	0.0	0.0
1951.3842293892942	2.0	trials	3.0	1.0	1.0	0.0	10000.0	1.0	False	0.0	0.0	0.0	[NaN, NaN, NaN, NaN, NaN, NaN, NaN, NaN, NaN, NaN, NaN, NaN, NaN, NaN, NaN, NaN, NaN, NaN, NaN, NaN]	0.0	0.0	0.0
1960.014581800752	2.0	trials	3.0	1.0	1.0	0.0	10000.0	1.0	False	0.0	0.0	0.0	[NaN, NaN, NaN, NaN, NaN, NaN, NaN, NaN, NaN, NaN, NaN, NaN, NaN, NaN, NaN, NaN, NaN, NaN, NaN, NaN]	0.0	0.0	0.0
1965.246551509584	2.0	trials	3.0	1.0	1.0	0.0	10000.0	1.0	False	0.0	0.0	0.0	[NaN, NaN, NaN, NaN, NaN, NaN, NaN, NaN, NaN, NaN, NaN, NaN, NaN, NaN, NaN, NaN, NaN, NaN, NaN, NaN]	0.0	0.0	0.0
1974.6005927705364	2.0	trials	3.0	1.0	1.0	0.0	10000.0	1.0	False	0.0	0.0	0.0	[NaN, NaN, NaN, NaN, NaN, NaN, NaN, NaN, NaN, NaN, NaN, NaN, NaN, NaN, NaN, NaN, NaN, NaN, NaN, NaN]	0.0	0.0	0.0
1985.3101682196134	2.0	trials	3.0	1.0	1.0	0.0	10000.0	1.0	False	0.0	0.0	0.0	[NaN, NaN, NaN, NaN, NaN, NaN, NaN, NaN, NaN, NaN, NaN, NaN, NaN, NaN, NaN, NaN, NaN, NaN, NaN, NaN]	0.0	0.0	0.0
1993.6207531487428	2.0	trials	3.0	1.0	1.0	0.0	10000.0	1.0	False	0.0	0.0	0.0	[NaN, NaN, NaN, NaN, NaN, NaN, NaN, NaN, NaN, NaN, NaN, NaN, NaN, NaN, NaN, NaN, NaN, NaN, NaN, NaN]	0.0	0.0	0.0
2004.193038533129	2.0	trials	3.0	1.0	1.0	0.0	10000.0	1.0	False	0.0	0.0	0.0	[NaN, NaN, NaN, NaN, NaN, NaN, NaN, NaN, NaN, NaN, NaN, NaN, NaN, NaN, NaN, NaN, NaN, NaN, NaN, NaN]	0.0	0.0	0.0
2009.7505645438832	2.0	trials	3.0	1.0	1.0	0.0	10000.0	1.0	False	0.0	0.0	0.0	[NaN, NaN, NaN, NaN, NaN, NaN, NaN, NaN, NaN, NaN, NaN, NaN, NaN, NaN, NaN, NaN, NaN, NaN, NaN, NaN]	0.0	0.0	0.0
2019.9430342426942	2.0	trials	3.0	1.0	1.0	0.0	10000.0	1.0	False	0.0	0.0	0.0	[NaN, NaN, NaN, NaN, NaN, NaN, NaN, NaN, NaN, NaN, NaN, NaN, NaN, NaN, NaN, NaN, NaN, NaN, NaN, NaN]	0.0	0.0	0.0
2029.9458552995948	2.0	trials	3.0	1.0	1.0	0.0	10000.0	1.0	False	0.0	0.0	0.0	[NaN, NaN, NaN, NaN, NaN, NaN, NaN, NaN, NaN, NaN, NaN, NaN, NaN, NaN, NaN, NaN, NaN, NaN, NaN, NaN]	0.0	0.0	0.0
2039.0290316437415	2.0	trials	3.0	1.0	1.0	0.0	10000.0	1.0	False	0.0	0.0	0.0	[NaN, NaN, NaN, NaN, NaN, NaN, NaN, NaN, NaN, NaN, NaN, NaN, NaN, NaN, NaN, NaN, NaN, NaN, NaN, NaN]	0.0	0.0	0.0
2048.707592403107	2.0	trials	3.0	1.0	1.0	0.0	10000.0	1.0	False	0.0	0.0	0.0	[NaN, NaN, NaN, NaN, NaN, NaN, NaN, NaN, NaN, NaN, NaN, NaN, NaN, NaN, NaN, NaN, NaN, NaN, NaN, NaN]	0.0	0.0	0.0
2056.3047701175415	2.0	trials	3.0	1.0	1.0	0.0	10000.0	1.0	False	0.0	0.0	0.0	[NaN, NaN, NaN, NaN, NaN, NaN, NaN, NaN, NaN, NaN, NaN, NaN, NaN, NaN, NaN, NaN, NaN, NaN, NaN, NaN]	0.0	0.0	0.0
2063.407392558038	2.0	trials	3.0	1.0	1.0	0.0	10000.0	1.0	False	0.0	0.0	0.0	[NaN, NaN, NaN, NaN, NaN, NaN, NaN, NaN, NaN, NaN, NaN, NaN, NaN, NaN, NaN, NaN, NaN, NaN, NaN, NaN]	0.0	0.0	0.0
2074.208120315641	2.0	trials	3.0	1.0	1.0	0.0	10000.0	1.0	False	0.0	0.0	0.0	[NaN, NaN, NaN, NaN, NaN, NaN, NaN, NaN, NaN, NaN, NaN, NaN, NaN, NaN, NaN, NaN, NaN, NaN, NaN, NaN]	0.0	0.0	0.0
2147.3920192237597	2.0	trials	4.0	1.0	1.0	1.0	0.0	1.0	False	0.0	0.0	0.0	[NaN, NaN, NaN, NaN, NaN, NaN, NaN, NaN, NaN, NaN, NaN, NaN, NaN, NaN, NaN, NaN, NaN, NaN, NaN, NaN]	1.0	0.02	5.0
2155.287796348875	2.0	trials	4.0	1.0	1.0	1.0	0.0	1.0	False	0.0	0.0	0.0	[NaN, NaN, NaN, NaN, NaN, NaN, NaN, NaN, NaN, NaN, NaN, NaN, NaN, NaN, NaN, NaN, NaN, NaN, NaN, NaN]	1.0	0.02	5.0
2162.109445038349	2.0	trials	4.0	1.0	1.0	1.0	0.0	1.0	False	0.0	0.0	0.0	[NaN, NaN, NaN, NaN, NaN, NaN, NaN, NaN, NaN, NaN, NaN, NaN, NaN, NaN, NaN, NaN, NaN, NaN, NaN, NaN]	1.0	0.02	5.0
2172.6757688025573	2.0	trials	4.0	1.0	1.0	1.0	0.0	1.0	False	0.0	0.0	0.0	[NaN, NaN, NaN, NaN, NaN, NaN, NaN, NaN, NaN, NaN, NaN, NaN, NaN, NaN, NaN, NaN, NaN, NaN, NaN, NaN]	1.0	0.02	5.0
2181.649303175595	2.0	trials	4.0	1.0	1.0	1.0	0.0	1.0	False	0.0	0.0	0.0	[NaN, NaN, NaN, NaN, NaN, NaN, NaN, NaN, NaN, NaN, NaN, NaN, NaN, NaN, NaN, NaN, NaN, NaN, NaN, NaN]	1.0	0.02	5.0
2190.2751627718453	2.0	trials	4.0	1.0	1.0	1.0	0.0	1.0	False	0.0	0.0	0.0	[NaN, NaN, NaN, NaN, NaN, NaN, NaN, NaN, NaN, NaN, NaN, NaN, NaN, NaN, NaN, NaN, NaN, NaN, NaN, NaN]	1.0	0.02	5.0
2195.7221828085662	2.0	trials	4.0	1.0	1.0	1.0	0.0	1.0	False	0.0	0.0	0.0	[NaN, NaN, NaN, NaN, NaN, NaN, NaN, NaN, NaN, NaN, NaN, NaN, NaN, NaN, NaN, NaN, NaN, NaN, NaN, NaN]	1.0	0.02	5.0
2202.4841288959633	2.0	trials	4.0	1.0	1.0	1.0	0.0	1.0	False	0.0	0.0	0.0	[NaN, NaN, NaN, NaN, NaN, NaN, NaN, NaN, NaN, NaN, NaN, NaN, NaN, NaN, NaN, NaN, NaN, NaN, NaN, NaN]	1.0	0.02	5.0
2207.80612770952	2.0	trials	4.0	1.0	1.0	1.0	0.0	1.0	False	0.0	0.0	0.0	[NaN, NaN, NaN, NaN, NaN, NaN, NaN, NaN, NaN, NaN, NaN, NaN, NaN, NaN, NaN, NaN, NaN, NaN, NaN, NaN]	1.0	0.02	5.0
2216.884033635827	2.0	trials	4.0	1.0	1.0	1.0	0.0	1.0	False	0.0	0.0	0.0	[NaN, NaN, NaN, NaN, NaN, NaN, NaN, NaN, NaN, NaN, NaN, NaN, NaN, NaN, NaN, NaN, NaN, NaN, NaN, NaN]	1.0	0.02	5.0
2226.8741538497393	2.0	trials	4.0	1.0	1.0	1.0	0.0	1.0	False	0.0	0.0	0.0	[NaN, NaN, NaN, NaN, NaN, NaN, NaN, NaN, NaN, NaN, NaN, NaN, NaN, NaN, NaN, NaN, NaN, NaN, NaN, NaN]	1.0	0.02	5.0
2237.140322998003	2.0	trials	4.0	1.0	1.0	1.0	0.0	1.0	False	0.0	0.0	0.0	[NaN, NaN, NaN, NaN, NaN, NaN, NaN, NaN, NaN, NaN, NaN, NaN, NaN, NaN, NaN, NaN, NaN, NaN, NaN, NaN]	1.0	0.02	5.0
2242.6692505119586	2.0	trials	4.0	1.0	1.0	1.0	0.0	1.0	False	0.0	0.0	0.0	[NaN, NaN, NaN, NaN, NaN, NaN, NaN, NaN, NaN, NaN, NaN, NaN, NaN, NaN, NaN, NaN, NaN, NaN, NaN, NaN]	1.0	0.02	5.0
2248.9038956145814	2.0	trials	4.0	1.0	1.0	1.0	0.0	1.0	False	0.0	0.0	0.0	[NaN, NaN, NaN, NaN, NaN, NaN, NaN, NaN, NaN, NaN, NaN, NaN, NaN, NaN, NaN, NaN, NaN, NaN, NaN, NaN]	1.0	0.02	5.0
2256.718542865093	2.0	trials	4.0	1.0	1.0	1.0	0.0	1.0	False	0.0	0.0	0.0	[NaN, NaN, NaN, NaN, NaN, NaN, NaN, NaN, NaN, NaN, NaN, NaN, NaN, NaN, NaN, NaN, NaN, NaN, NaN, NaN]	1.0	0.02	5.0
2264.8485511830186	2.0	trials	4.0	1.0	1.0	1.0	0.0	1.0	False	0.0	0.0	0.0	[NaN, NaN, NaN, NaN, NaN, NaN, NaN, NaN, NaN, NaN, NaN, NaN, NaN, NaN, NaN, NaN, NaN, NaN, NaN, NaN]	1.0	0.02	5.0
2273.6568881969065	2.0	trials	4.0	1.0	1.0	1.0	0.0	1.0	False	0.0	0.0	0.0	[NaN, NaN, NaN, NaN, NaN, NaN, NaN, NaN, NaN, NaN, NaN, NaN, NaN, NaN, NaN, NaN, NaN, NaN, NaN, NaN]	1.0	0.02	5.0
2284.069246639983	2.0	trials	4.0	1.0	1.0	1.0	0.0	1.0	False	0.0	0.0	0.0	[NaN, NaN, NaN, NaN, NaN, NaN, NaN, NaN, NaN, NaN, NaN, NaN, NaN, NaN, NaN, NaN, NaN, NaN, NaN, NaN]	1.0	0.02	5.0
2291.6988244640834	2.0	trials	4.0	1.0	1.0	1.0	0.0	1.0	False	0.0	0.0	0.0	[NaN, NaN, NaN, NaN, NaN, NaN, NaN, NaN, NaN, NaN, NaN, NaN, NaN, NaN, NaN, NaN, NaN, NaN, NaN, NaN]	1.0	0.02	5.0
2302.1509270416827	2.0	trials	4.0	1.0	1.0	1.0	0.0	1.0	False	0.0	0.0	0.0	[NaN, NaN, NaN, NaN, NaN, NaN, NaN, NaN, NaN, NaN, NaN, NaN, NaN, NaN, NaN, NaN, NaN, NaN, NaN, NaN]	1.0	0.02	5.0
2307.6890993869297	2.0	trials	4.0	1.0	1.0	1.0	0.0	1.0	False	0.0	0.0	0.0	[NaN, NaN, NaN, NaN, NaN, NaN, NaN, NaN, NaN, NaN, NaN, NaN, NaN, NaN, NaN, NaN, NaN, NaN, NaN, NaN]	1.0	0.02	5.0
2313.903699621706	2.0	trials	4.0	1.0	1.0	1.0	0.0	1.0	False	0.0	0.0	0.0	[NaN, NaN, NaN, NaN, NaN, NaN, NaN, NaN, NaN, NaN, NaN, NaN, NaN, NaN, NaN, NaN, NaN, NaN, NaN, NaN]	1.0	0.02	5.0
2322.041224765074	2.0	trials	4.0	1.0	1.0	1.0	0.0	1.0	False	0.0	0.0	0.0	[NaN, NaN, NaN, NaN, NaN, NaN, NaN, NaN, NaN, NaN, NaN, NaN, NaN, NaN, NaN, NaN, NaN, NaN, NaN, NaN]	1.0	0.02	5.0
2331.210110199323	2.0	trials	4.0	1.0	1.0	1.0	0.0	1.0	False	0.0	0.0	0.0	[NaN, NaN, NaN, NaN, NaN, NaN, NaN, NaN, NaN, NaN, NaN, NaN, NaN, NaN, NaN, NaN, NaN, NaN, NaN, NaN]	1.0	0.02	5.0
2338.3139422439135	2.0	trials	4.0	1.0	1.0	1.0	0.0	1.0	False	0.0	0.0	0.0	[NaN, NaN, NaN, NaN, NaN, NaN, NaN, NaN, NaN, NaN, NaN, NaN, NaN, NaN, NaN, NaN, NaN, NaN, NaN, NaN]	1.0	0.02	5.0
2344.4395501774743	2.0	trials	4.0	1.0	1.0	1.0	0.0	1.0	False	0.0	0.0	0.0	[NaN, NaN, NaN, NaN, NaN, NaN, NaN, NaN, NaN, NaN, NaN, NaN, NaN, NaN, NaN, NaN, NaN, NaN, NaN, NaN]	1.0	0.02	5.0
2351.25592844911	2.0	trials	4.0	1.0	1.0	1.0	0.0	1.0	False	0.0	0.0	0.0	[NaN, NaN, NaN, NaN, NaN, NaN, NaN, NaN, NaN, NaN, NaN, NaN, NaN, NaN, NaN, NaN, NaN, NaN, NaN, NaN]	1.0	0.02	5.0
2361.5360944447493	2.0	trials	4.0	1.0	1.0	1.0	0.0	1.0	False	0.0	0.0	0.0	[NaN, NaN, NaN, NaN, NaN, NaN, NaN, NaN, NaN, NaN, NaN, NaN, NaN, NaN, NaN, NaN, NaN, NaN, NaN, NaN]	1.0	0.02	5.0
2369.9033579657207	2.0	trials	4.0	1.0	1.0	1.0	0.0	1.0	False	0.0	0.0	0.0	[NaN, NaN, NaN, NaN, NaN, NaN, NaN, NaN, NaN, NaN, NaN, NaN, NaN, NaN, NaN, NaN, NaN, NaN, NaN, NaN]	1.0	0.02	5.0
2376.737621097892	2.0	trials	4.0	1.0	1.0	1.0	0.0	1.0	False	0.0	0.0	0.0	[NaN, NaN, NaN, NaN, NaN, NaN, NaN, NaN, NaN, NaN, NaN, NaN, NaN, NaN, NaN, NaN, NaN, NaN, NaN, NaN]	1.0	0.02	5.0
2386.710029251853	2.0	trials	4.0	1.0	1.0	1.0	0.0	1.0	False	0.0	0.0	0.0	[NaN, NaN, NaN, NaN, NaN, NaN, NaN, NaN, NaN, NaN, NaN, NaN, NaN, NaN, NaN, NaN, NaN, NaN, NaN, NaN]	1.0	0.02	5.0
2397.491748945119	2.0	trials	4.0	1.0	1.0	1.0	0.0	1.0	False	0.0	0.0	0.0	[NaN, NaN, NaN, NaN, NaN, NaN, NaN, NaN, NaN, NaN, NaN, NaN, NaN, NaN, NaN, NaN, NaN, NaN, NaN, NaN]	1.0	0.02	5.0
2405.9125806474044	2.0	trials	4.0	1.0	1.0	1.0	0.0	1.0	False	0.0	0.0	0.0	[NaN, NaN, NaN, NaN, NaN, NaN, NaN, NaN, NaN, NaN, NaN, NaN, NaN, NaN, NaN, NaN, NaN, NaN, NaN, NaN]	1.0	0.02	5.0
2412.8519065351848	2.0	trials	4.0	1.0	1.0	1.0	0.0	1.0	False	0.0	0.0	0.0	[NaN, NaN, NaN, NaN, NaN, NaN, NaN, NaN, NaN, NaN, NaN, NaN, NaN, NaN, NaN, NaN, NaN, NaN, NaN, NaN]	1.0	0.02	5.0
2422.0344432156403	2.0	trials	4.0	1.0	1.0	1.0	0.0	1.0	False	0.0	0.0	0.0	[NaN, NaN, NaN, NaN, NaN, NaN, NaN, NaN, NaN, NaN, NaN, NaN, NaN, NaN, NaN, NaN, NaN, NaN, NaN, NaN]	1.0	0.02	5.0
2427.2510336724176	2.0	trials	4.0	1.0	1.0	1.0	0.0	1.0	False	0.0	0.0	0.0	[NaN, NaN, NaN, NaN, NaN, NaN, NaN, NaN, NaN, NaN, NaN, NaN, NaN, NaN, NaN, NaN, NaN, NaN, NaN, NaN]	1.0	0.02	5.0
2437.4702010615933	2.0	trials	4.0	1.0	1.0	1.0	0.0	1.0	False	0.0	0.0	0.0	[NaN, NaN, NaN, NaN, NaN, NaN, NaN, NaN, NaN, NaN, NaN, NaN, NaN, NaN, NaN, NaN, NaN, NaN, NaN, NaN]	1.0	0.02	5.0
2444.544657006753	2.0	trials	4.0	1.0	1.0	1.0	0.0	1.0	False	0.0	0.0	0.0	[NaN, NaN, NaN, NaN, NaN, NaN, NaN, NaN, NaN, NaN, NaN, NaN, NaN, NaN, NaN, NaN, NaN, NaN, NaN, NaN]	1.0	0.02	5.0
2452.0382407705497	2.0	trials	4.0	1.0	1.0	1.0	0.0	1.0	False	0.0	0.0	0.0	[NaN, NaN, NaN, NaN, NaN, NaN, NaN, NaN, NaN, NaN, NaN, NaN, NaN, NaN, NaN, NaN, NaN, NaN, NaN, NaN]	1.0	0.02	5.0
2459.430995393067	2.0	trials	4.0	1.0	1.0	1.0	0.0	1.0	False	0.0	0.0	0.0	[NaN, NaN, NaN, NaN, NaN, NaN, NaN, NaN, NaN, NaN, NaN, NaN, NaN, NaN, NaN, NaN, NaN, NaN, NaN, NaN]	1.0	0.02	5.0
2464.5648143696844	2.0	trials	4.0	1.0	1.0	1.0	0.0	1.0	False	0.0	0.0	0.0	[NaN, NaN, NaN, NaN, NaN, NaN, NaN, NaN, NaN, NaN, NaN, NaN, NaN, NaN, NaN, NaN, NaN, NaN, NaN, NaN]	1.0	0.02	5.0
2471.9650858176437	2.0	trials	4.0	1.0	1.0	1.0	0.0	1.0	False	0.0	0.0	0.0	[NaN, NaN, NaN, NaN, NaN, NaN, NaN, NaN, NaN, NaN, NaN, NaN, NaN, NaN, NaN, NaN, NaN, NaN, NaN, NaN]	1.0	0.02	5.0
2477.5349670702167	2.0	trials	4.0	1.0	1.0	1.0	0.0	1.0	False	0.0	0.0	0.0	[NaN, NaN, NaN, NaN, NaN, NaN, NaN, NaN, NaN, NaN, NaN, NaN, NaN, NaN, NaN, NaN, NaN, NaN, NaN, NaN]	1.0	0.02	5.0
2485.171629718298	2.0	trials	4.0	1.0	1.0	1.0	0.0	1.0	False	0.0	0.0	0.0	[NaN, NaN, NaN, NaN, NaN, NaN, NaN, NaN, NaN, NaN, NaN, NaN, NaN, NaN, NaN, NaN, NaN, NaN, NaN, NaN]	1.0	0.02	5.0
2494.806385529395	2.0	trials	4.0	1.0	1.0	1.0	0.0	1.0	False	0.0	0.0	0.0	[NaN, NaN, NaN, NaN, NaN, NaN, NaN, NaN, NaN, NaN, NaN, NaN, NaN, NaN, NaN, NaN, NaN, NaN, NaN, NaN]	1.0	0.02	5.0
2504.034887165429	2.0	trials	4.0	1.0	1.0	1.0	0.0	1.0	False	0.0	0.0	0.0	[NaN, NaN, NaN, NaN, NaN, NaN, NaN, NaN, NaN, NaN, NaN, NaN, NaN, NaN, NaN, NaN, NaN, NaN, NaN, NaN]	1.0	0.02	5.0
2513.5084200308297	2.0	trials	4.0	1.0	1.0	1.0	0.0	1.0	False	0.0	0.0	0.0	[NaN, NaN, NaN, NaN, NaN, NaN, NaN, NaN, NaN, NaN, NaN, NaN, NaN, NaN, NaN, NaN, NaN, NaN, NaN, NaN]	1.0	0.02	5.0
2523.6184638506506	2.0	trials	4.0	1.0	1.0	1.0	0.0	1.0	False	0.0	0.0	0.0	[NaN, NaN, NaN, NaN, NaN, NaN, NaN, NaN, NaN, NaN, NaN, NaN, NaN, NaN, NaN, NaN, NaN, NaN, NaN, NaN]	1.0	0.02	5.0
2532.117401417304	2.0	trials	4.0	1.0	1.0	1.0	0.0	1.0	False	0.0	0.0	0.0	[NaN, NaN, NaN, NaN, NaN, NaN, NaN, NaN, NaN, NaN, NaN, NaN, NaN, NaN, NaN, NaN, NaN, NaN, NaN, NaN]	1.0	0.02	5.0
2541.546956533851	2.0	trials	4.0	1.0	1.0	1.0	0.0	1.0	False	0.0	0.0	0.0	[NaN, NaN, NaN, NaN, NaN, NaN, NaN, NaN, NaN, NaN, NaN, NaN, NaN, NaN, NaN, NaN, NaN, NaN, NaN, NaN]	1.0	0.02	5.0
2609.371704502663	2.0	trials	5.0	0.0	0.0	0.0	0.0	0.0	True	40.0	0.0	0.005	[30209173.421970475, 30209462.422948666, 30209752.42393024, 30210042.424911812, 30210331.42589, 30210620.42686819, 30210910.42784977, 30211200.428831343, 30211491.429816302, 30211779.430791106, 30212069.431772675, 30212359.432754256, 30212648.433732446, 30212937.434710637, 30213227.435692213, 30213518.43667717, 30213806.43765197, 30214097.438636933, 30214386.439615123, 30214675.440593313]	0.0	0.0	0.0
2616.7044109219323	2.0	trials	5.0	0.0	0.0	0.0	0.0	0.0	True	40.0	0.0	0.005	[30294041.709226605, 30294331.710208178, 30294621.711189758, 30294910.71216795, 30295199.71314614, 30295489.714127716, 30295780.71511267, 30296069.71609086, 30296358.717069052, 30296648.718050625, 30296938.719032202, 30297227.720010392, 30297516.720988583, 30297807.721973542, 30298097.72295511, 30298385.72392992, 30298676.72491488, 30298965.72589307, 30299255.726874646, 30299544.727852836]	0.0	0.0	0.0
2624.7142364330707	2.0	trials	5.0	0.0	0.0	0.0	0.0	0.0	True	40.0	0.0	0.005	[30386748.023012336, 30387038.02399391, 30387327.0249721, 30387618.02595706, 30387907.02693525, 30388196.027913447, 30388487.028898403, 30388776.029876586, 30389065.030854784, 30389356.03183974, 30389645.032817934, 30389934.033796124, 30390224.034777697, 30390513.03575588, 30390802.036734074, 30391092.037715647, 30391383.03870061, 30391672.0396788, 30391961.04065699, 30392252.04164195]	0.0	0.0	0.0
2635.778225881745	2.0	trials	5.0	0.0	0.0	0.0	0.0	0.0	True	40.0	0.0	0.005	[30514803.456445254, 30515093.457426827, 30515383.458408404, 30515672.459386595, 30515961.46036478, 30516252.46134974, 30516540.46232455, 30516831.463309504, 30517120.464287695, 30517410.46526927, 30517700.46625084, 30517989.467229035, 30518279.468210608, 30518568.4691888, 30518859.470173758, 30519148.471151948, 30519437.472130135, 30519727.47311171, 30520017.474093284, 30520307.475074865]	0.0	0.0	0.0
2643.495154401505	2.0	trials	5.0	0.0	0.0	0.0	0.0	0.0	True	40.0	0.0	0.005	[30604120.7587601, 30604409.75973829, 30604698.76071648, 30604988.761698052, 30605278.76267963, 30605567.763657816, 30605857.76463939, 30606146.765617583, 30606436.766599156, 30606725.767577346, 30607016.768562306, 30607305.769540492, 30607594.770518683, 30607885.771503642, 30608175.772485223, 30608464.77346341, 30608754.774444982, 30609044.775426563, 30609334.776408136, 30609623.77738632]	0.0	0.0	0.0
2653.4003431279457	2.0	trials	5.0	0.0	0.0	0.0	0.0	0.0	True	40.0	0.0	0.005	[30718764.146796875, 30719054.147778448, 30719342.148753256, 30719632.149734832, 30719922.150716405, 30720211.151694592, 30720502.15267955, 30720791.15365774, 30721080.154635932, 30721370.15561751, 30721660.156599082, 30721950.157580655, 30722239.158558846, 30722529.15954042, 30722819.160522, 30723108.161500186, 30723398.16248176, 30723688.16346334, 30723978.164444905, 30724266.165419713]	0.0	0.0	0.0
2660.4506933915145	2.0	trials	5.0	0.0	0.0	0.0	0.0	0.0	True	40.0	0.0	0.005	[30800365.422995068, 30800655.423976637, 30800943.424951445, 30801234.4259364, 30801523.42691459, 30801813.42789617, 30802103.428877745, 30802392.42985593, 30802681.430834122, 30802972.431819078, 30803261.432797275, 30803551.43377885, 30803841.434760425, 30804130.435738612, 30804419.4367168, 30804710.43770176, 30804999.438679952, 30805288.439658143, 30805577.440636333, 30805868.441621292]	0.0	0.0	0.0
2666.192511226048	2.0	trials	5.0	0.0	0.0	0.0	0.0	0.0	True	40.0	0.0	0.005	[30866820.64792798, 30867110.64890955, 30867399.649887744, 30867689.650869317, 30867980.651854277, 30868268.652829085, 30868558.653810658, 30868848.65479223, 30869139.655777186, 30869428.65675538, 30869716.657730184, 30870007.658715144, 30870297.659696724, 30870586.660674915, 30870875.661653098, 30871166.662638057, 30871455.663616247, 30871744.664594438, 30872034.66557602, 30872324.66655759]	0.0	0.0	0.0
2674.6763287415233	2.0	trials	5.0	0.0	0.0	0.0	0.0	0.0	True	40.0	0.0	0.005	[30965012.980282392, 30965303.981267355, 30965593.98224893, 30965882.98322712, 30966171.984205313, 30966461.98518688, 30966751.98616845, 30967039.98714326, 30967330.988128223, 30967619.989106413, 30967909.99008799, 30968199.991069563, 30968488.992047746, 30968779.99303271, 30969067.994007517, 30969358.994992476, 30969646.995967284, 30969937.99695224, 30970226.99793043, 30970516.998912003]	0.0	0.0	0.0
2685.800711994615	2.0	trials	5.0	0.0	0.0	0.0	0.0	0.0	True	40.0	0.0	0.005	[31093767.416081242, 31094056.41705943, 31094347.41804439, 31094636.41902258, 31094925.42000077, 31095215.420982346, 31095505.42196392, 31095794.42294211, 31096084.423923682, 31096373.424901873, 31096664.425886832, 31096954.426868405, 31097243.427846603, 31097533.428828176, 31097822.42980636, 31098112.430787936, 31098402.43176951, 31098690.432744317, 31098981.43372928, 31099271.434710853]	0.0	0.0	0.0
2695.232772719643	2.0	trials	5.0	0.0	0.0	0.0	0.0	0.0	True	40.0	0.0	0.005	[31202935.785586566, 31203223.78656137, 31203514.787546333, 31203804.7885279, 31204093.789506096, 31204383.79048767, 31204672.79146586, 31204962.792447437, 31205252.79342901, 31205541.794407193, 31205831.795388773, 31206120.796366964, 31206411.797351923, 31206700.798330113, 31206990.799311686, 31207280.800293263, 31207569.80127145, 31207858.80224964, 31208148.803231217, 31208437.804209407]	0.0	0.0	0.0
2706.027020455313	2.0	trials	5.0	0.0	0.0	0.0	0.0	0.0	True	40.0	0.0	0.005	[31327869.20845232, 31328159.209433895, 31328447.210408695, 31328738.211393658, 31329027.21237185, 31329317.213353425, 31329607.214335, 31329896.21531319, 31330186.21629476, 31330476.217276335, 31330764.218251143, 31331055.219236102, 31331343.22021091, 31331634.22119587, 31331924.22217744, 31332213.22315563, 31332503.224137206, 31332792.225115396, 31333082.22609697, 31333371.227075163]	0.0	0.0	0.0
2715.3687064744468	2.0	trials	5.0	0.0	0.0	0.0	0.0	0.0	True	40.0	0.0	0.005	[31435990.57441382, 31436278.57538863, 31436568.576370206, 31436859.57735516, 31437146.57832658, 31437436.579308152, 31437727.580293115, 31438017.581274692, 31438306.582252882, 31438595.583231065, 31438885.58421264, 31439175.58519422, 31439465.586175792, 31439755.58715737, 31440043.588132177, 31440335.58912052, 31440624.590098705, 31440913.591076896, 31441202.592055086, 31441493.593040045]	0.0	0.0	0.0
2723.6428304801652	2.0	trials	5.0	0.0	0.0	0.0	0.0	0.0	True	40.0	0.0	0.005	[31531754.898550086, 31532044.899531662, 31532333.900509853, 31532624.901494812, 31532912.902469616, 31533202.903451193, 31533491.90442938, 31533781.905410957, 31534072.906395912, 31534361.907374106, 31534650.908352297, 31534941.909337252, 31535229.910312057, 31535520.911297016, 31535809.912275206, 31536099.913256783, 31536388.914234973, 31536677.915213164, 31536968.916198127, 31537257.91717631]	0.0	0.0	0.0
2730.016839254497	2.0	trials	5.0	0.0	0.0	0.0	0.0	0.0	True	40.0	0.0	0.005	[31605529.148255914, 31605818.149234105, 31606109.150219064, 31606397.151193872, 31606688.152178835, 31606977.153157018, 31607267.15413859, 31607556.15511678, 31607845.156094976, 31608135.15707655, 31608424.15805474, 31608715.1590397, 31609004.160017885, 31609294.160999462, 31609583.161977652, 31609873.162959225, 31610164.16394419, 31610452.164918993, 31610742.165900562, 31611032.16688214]	0.0	0.0	0.0
2740.820936623506	2.0	trials	5.0	0.0	0.0	0.0	0.0	0.0	True	40.0	0.0	0.005	[31730575.571504146, 31730865.57248572, 31731156.57347068, 31731444.574445486, 31731734.57542706, 31732024.576408636, 31732313.577386826, 31732603.5783684, 31732893.579349972, 31733181.58032478, 31733473.581313122, 31733762.582291313, 31734052.583272886, 31734341.584251076, 31734631.585232656, 31734920.58621084, 31735209.58718903, 31735500.58817399, 31735789.58915218, 31736078.59013037]	0.0	0.0	0.0
2750.78107593594	2.0	trials	5.0	0.0	0.0	0.0	0.0	0.0	True	40.0	0.0	0.005	[31845853.961690232, 31846143.96267181, 31846434.963656764, 31846722.964631572, 31847012.965613145, 31847302.96659472, 31847592.9675763, 31847881.968554486, 31848171.96953606, 31848460.97051425, 31848751.971499212, 31849041.972480785, 31849330.973458976, 31849620.97444055, 31849909.975418735, 31850199.976400316, 31850489.97738189, 31850778.97836008, 31851068.979341652, 31851358.980323225]	0.0	0.0	0.0
2761.773266741595	2.0	trials	5.0	0.0	0.0	0.0	0.0	0.0	True	40.0	0.0	0.005	[31973080.392317194, 31973370.393298768, 31973659.39427696, 31973949.395258535, 31974239.396240115, 31974528.397218306, 31974817.39819649, 31975108.399181448, 31975397.40015964, 31975686.40113783, 31975976.4021194, 31976265.4030976, 31976555.404079165, 31976846.40506413, 31977134.406038933, 31977425.407023896, 31977713.407998696, 31978003.408980276, 31978293.40996185, 31978582.410940036]	0.0	0.0	0.0
2768.0975953477728	2.0	trials	5.0	0.0	0.0	0.0	0.0	0.0	True	40.0	0.0	0.005	[32046278.640073415, 32046566.641048223, 32046857.64203318, 32047146.64301137, 32047436.64399294, 32047726.64497452, 32048015.64595271, 32048304.6469309, 32048594.647912476, 32048884.648894046, 32049173.649872236, 32049463.650853813, 32049753.651835386, 32050042.652813576, 32050332.653795153, 32050621.65477334, 32050910.65575153, 32051201.65673649, 32051491.657718062, 32051781.65869964]	0.0	0.0	0.0
2778.2661321655773	2.0	trials	5.0	0.0	0.0	0.0	0.0	0.0	True	40.0	0.0	0.005	[32163970.038426876, 32164260.039408453, 32164548.04038326, 32164838.041364834, 32165128.042346414, 32165419.04333137, 32165708.044309556, 32165998.04529113, 32166287.04626932, 32166577.0472509, 32166867.048232473, 32167156.049210664, 32167446.050192237, 32167735.051170424, 32168024.052148614, 32168315.053133577, 32168605.05411515, 32168895.055096727, 32169183.05607153, 32169472.057049718]	0.0	0.0	0.0
2783.7813220330345	2.0	trials	5.0	0.0	0.0	0.0	0.0	0.0	True	40.0	0.0	0.005	[32227804.254488386, 32228093.255466577, 32228382.256444767, 32228673.25742973, 32228962.258407917, 32229251.259386107, 32229540.260364298, 32229830.26134587, 32230119.26232406, 32230410.263309024, 32230700.264290594, 32230989.26526879, 32231279.266250357, 32231569.267231937, 32231857.268206738, 32232148.2691917, 32232437.270169888, 32232726.271148086, 32233016.27212966, 32233307.273114614]	0.0	0.0	0.0
2791.653339077728	2.0	trials	5.0	0.0	0.0	0.0	0.0	0.0	True	40.0	0.0	0.005	[32318913.562868685, 32319203.563850265, 32319493.564831838, 32319783.565813415, 32320072.566791605, 32320361.567769796, 32320651.56875136, 32320940.56972956, 32321230.570711132, 32321520.57169271, 32321810.572674282, 32322099.573652472, 32322390.57463743, 32322678.575612236, 32322968.57659381, 32323258.577575386, 32323547.578553576, 32323838.579538535, 32324127.580516726, 32324415.58149153]	0.0	0.0	0.0
2798.4504500841485	2.0	trials	5.0	0.0	0.0	0.0	0.0	0.0	True	40.0	0.0	0.005	[32397584.82914959, 32397874.830131162, 32398163.831109352, 32398453.83209093, 32398743.833072502, 32399033.834054083, 32399322.835032266, 32399611.836010456, 32399902.83699542, 32400190.837970223, 32400480.838951796, 32400769.839929987, 32401060.84091495, 32401350.841896515, 32401639.842874713, 32401928.843852904, 32402218.844834477, 32402508.845816053, 32402797.846794244, 32403086.847772427]	0.0	0.0	0.0
2807.786692884858	2.0	trials	5.0	0.0	0.0	0.0	0.0	0.0	True	40.0	0.0	0.005	[32505642.194894467, 32505933.195879422, 32506222.19685762, 32506511.197835807, 32506801.19881738, 32507091.19979896, 32507380.200777143, 32507670.201758716, 32507961.20274368, 32508249.203718487, 32508539.204700064, 32508829.205681637, 32509118.20665982, 32509409.207644783, 32509698.208622973, 32509987.209601164, 32510277.21058274, 32510567.211564314, 32510857.21254589, 32511145.213520695]	0.0	0.0	0.0
2814.0215971883586	2.0	trials	5.0	0.0	0.0	0.0	0.0	0.0	True	40.0	0.0	0.005	[32577806.439150862, 32578095.440129053, 32578385.44111063, 32578675.442092203, 32578965.443073776, 32579254.444051966, 32579544.44503354, 32579833.446011733, 32580123.446993306, 32580412.447971497, 32580702.448953073, 32580992.449934643, 32581281.450912833, 32581571.45189441, 32581861.452875983, 32582150.45385418, 32582440.454835754, 32582730.45581732, 32583020.456798896, 32583309.457777087]	0.0	0.0	0.0
2824.1014873061176	2.0	trials	5.0	0.0	0.0	0.0	0.0	0.0	True	40.0	0.0	0.005	[32694471.834031582, 32694761.83501316, 32695051.83599473, 32695340.836972926, 32695630.8379545, 32695919.83893269, 32696209.83991427, 32696498.840892453, 32696788.841874026, 32697077.84285222, 32697368.843837176, 32697657.844815366, 32697947.845796946, 32698236.84677513, 32698526.84775671, 32698816.84873828, 32699105.84971647, 32699395.85069805, 32699685.851679623, 32699974.852657814]	0.0	0.0	0.0
2833.94801023399	2.0	trials	5.0	0.0	0.0	0.0	0.0	0.0	True	40.0	0.0	0.005	[32808436.219770122, 32808726.220751695, 32809016.221733276, 32809305.222711466, 32809594.22368965, 32809884.22467123, 32810174.2256528, 32810463.22663099, 32810753.22761257, 32811043.228594143, 32811333.22957572, 32811621.230550524, 32811911.231532093, 32812200.232510284, 32812490.233491864, 32812780.234473437, 32813069.235451628, 32813359.2364332, 32813650.23741816, 32813939.23839635]	0.0	0.0	0.0
2841.2738910301564	2.0	trials	5.0	0.0	0.0	0.0	0.0	0.0	True	40.0	0.0	0.005	[32893226.50676225, 32893517.50774721, 32893805.50872202, 32894095.50970359, 32894385.510685164, 32894675.511666737, 32894963.51264154, 32895254.513626505, 32895543.514604695, 32895833.515586272, 32896122.51656446, 32896412.51754603, 32896703.51853099, 32896991.5195058, 32897281.52048737, 32897571.52146895, 32897860.52244714, 32898149.523425326, 32898440.524410285, 32898728.525385093]	0.0	0.0	0.0
2849.523822953992	2.0	trials	5.0	0.0	0.0	0.0	0.0	0.0	True	40.0	0.0	0.005	[32988709.8299474, 32989000.830932364, 32989290.831913937, 32989579.83289213, 32989868.83387032, 32990158.834851895, 32990447.835830078, 32990737.836811658, 32991027.83779323, 32991317.838774808, 32991607.83975638, 32991896.84073457, 32992186.841716148, 32992476.842697717, 32992765.84367591, 32993054.844654102, 32993344.845635675, 32993634.84661725, 32993923.847595442, 32994213.84857701]	0.0	0.0	0.0
2858.145794537082	2.0	trials	5.0	0.0	0.0	0.0	0.0	0.0	True	40.0	0.0	0.005	[33088503.167720787, 33088792.168698978, 33089083.16968394, 33089372.170662127, 33089661.171640318, 33089951.17262189, 33090242.173606846, 33090530.174581654, 33090820.175563235, 33091109.17654142, 33091400.177526385, 33091690.178507958, 33091979.17948614, 33092269.18046772, 33092557.18144253, 33092847.182424102, 33093137.18340568, 33093427.18438725, 33093716.185365435, 33094007.186350398]	0.0	0.0	0.0
2869.0360329976556	2.0	trials	5.0	0.0	0.0	0.0	0.0	0.0	True	40.0	0.0	0.005	[33214546.594343606, 33214836.59532518, 33215125.59630337, 33215416.59728833, 33215705.59826652, 33215994.599244706, 33216283.600222897, 33216574.601207856, 33216863.602186047, 33217153.603167623, 33217443.604149196, 33217733.605130777, 33218021.606105577, 33218311.60708715, 33218601.60806873, 33218891.609050304, 33219180.61002849, 33219470.61101007, 33219759.611988254, 33220050.612973217]	0.0	0.0	0.0
2875.564871096044	2.0	trials	5.0	0.0	0.0	0.0	0.0	0.0	True	40.0	0.0	0.005	[33290111.850111503, 33290401.85109308, 33290692.852078043, 33290981.853056226, 33291270.854034416, 33291560.85501599, 33291849.855994184, 33292139.856975757, 33292429.857957337, 33292719.858938903, 33293008.859917093, 33293297.860895284, 33293587.86187686, 33293876.86285505, 33294166.863836624, 33294455.864814814, 33294746.86579977, 33295035.866777964, 33295326.86776292, 33295615.868741117]	0.0	0.0	0.0
2882.3683757241056	2.0	trials	5.0	0.0	0.0	0.0	0.0	0.0	True	40.0	0.0	0.005	[33368857.116642877, 33369147.11762445, 33369436.11860264, 33369726.119584218, 33370015.120562404, 33370306.121547364, 33370594.12252217, 33370885.123507127, 33371173.124481935, 33371465.125470277, 33371753.12644508, 33372043.127426658, 33372334.128411613, 33372623.129389804, 33372912.130367998, 33373201.13134619, 33373492.13233115, 33373781.133309335, 33374071.134290908, 33374360.135269098]	0.0	0.0	0.0
2887.6962497575482	2.0	trials	5.0	0.0	0.0	0.0	0.0	0.0	True	40.0	0.0	0.005	[33430521.3253595, 33430810.32633769, 33431101.327322647, 33431391.328304224, 33431680.32928241, 33431969.330260597, 33432259.331242178, 33432550.332227133, 33432838.33320194, 33433128.334183518, 33433418.33516509, 33433708.336146664, 33433997.337124854, 33434286.338103045, 33434577.339088004, 33434865.340062812, 33435156.34104777, 33435445.342025958, 33435735.34300753, 33436024.34398572]	0.0	0.0	0.0
2897.494302121361	2.0	trials	5.0	0.0	0.0	0.0	0.0	0.0	True	40.0	0.0	0.005	[33543925.709202584, 33544215.710184157, 33544504.711162344, 33544794.71214392, 33545083.71312211, 33545373.714103684, 33545663.71508526, 33545953.716066834, 33546242.717045024, 33546531.718023214, 33546821.719004788, 33547110.719982978, 33547400.720964555, 33547689.721942745, 33547980.72292771, 33548269.72390589, 33548559.724887464, 33548849.725869045, 33549139.726850618, 33549427.72782542]	0.0	0.0	0.0
2904.034285857474	2.0	trials	5.0	0.0	0.0	0.0	0.0	0.0	True	40.0	0.0	0.005	[33619620.96541049, 33619908.9663853, 33620198.967366874, 33620488.96834845, 33620778.96933003, 33621067.970308214, 33621356.9712864, 33621647.97227136, 33621937.97325294, 33622226.97423113, 33622515.97520932, 33622805.976190895, 33623095.977172464, 33623384.97815065, 33623674.979132235, 33623963.98011042, 33624253.981092, 33624543.982073575, 33624832.98305176, 33625121.98402995]	0.0	0.0	0.0
2914.6607442252216	2.0	trials	5.0	0.0	0.0	0.0	0.0	0.0	True	40.0	0.0	0.005	[33742611.381699696, 33742899.38267451, 33743189.38365608, 33743478.38463427, 33743768.38561585, 33744058.38659742, 33744348.387578994, 33744638.38856056, 33744928.38954214, 33745216.39051695, 33745507.39150191, 33745795.39247671, 33746086.39346167, 33746375.39443986, 33746665.39542144, 33746954.396399625, 33747244.39738121, 33747534.39836278, 33747823.399340965, 33748114.400325924]	0.0	0.0	0.0
2920.9108549801917	2.0	trials	5.0	0.0	0.0	0.0	0.0	0.0	True	40.0	0.0	0.005	[33814950.626548424, 33815240.62753, 33815528.628504805, 33815818.62948638, 33816107.63046457, 33816397.631446145, 33816688.632431105, 33816976.63340591, 33817267.63439087, 33817557.635372445, 33817846.63635063, 33818135.63732882, 33818425.638310395, 33818715.63929197, 33819004.640270166, 33819293.64124835, 33819584.64223331, 33819873.6432115, 33820163.644193076, 33820452.64517126]	0.0	0.0	0.0
2928.1126649564117	2.0	trials	5.0	0.0	0.0	0.0	0.0	0.0	True	40.0	0.0	0.005	[33898304.90868007, 33898592.90965487, 33898881.91063306, 33899172.91161802, 33899463.912602976, 33899751.91357778, 33900041.914559364, 33900331.91554093, 33900621.91652251, 33900910.9175007, 33901199.91847889, 33901489.91946046, 33901780.92044542, 33902068.92142023, 33902358.9224018, 33902648.92338338, 33902938.92436495, 33903228.92534652, 33903517.92632472, 33903806.927302904]	0.0	0.0	0.0
2936.1465961491413	2.0	trials	5.0	0.0	0.0	0.0	0.0	0.0	True	40.0	0.0	0.005	[33991290.22341014, 33991580.224391714, 33991869.2253699, 33992159.22635148, 33992448.227329664, 33992738.22831124, 33993028.22929282, 33993317.230271004, 33993607.23125258, 33993897.23223415, 33994186.233212344, 33994475.23419054, 33994765.23517211, 33995055.23615369, 33995345.23713526, 33995634.23811345, 33995924.239095025, 33996214.240076594, 33996503.24105479, 33996793.242036365]	0.0	0.0	0.0
2942.5846275401727	2.0	trials	5.0	0.0	0.0	0.0	0.0	0.0	True	40.0	0.0	0.005	[34065804.47562067, 34066094.47660225, 34066383.477580436, 34066673.47856201, 34066963.47954359, 34067252.480521776, 34067541.48149996, 34067832.48248492, 34068121.483463116, 34068411.48444469, 34068701.48542626, 34068990.486404456, 34069280.487386025, 34069569.48836422, 34069859.4893458, 34070149.49032737, 34070438.49130556, 34070727.49228375, 34071018.493268706, 34071307.49424689]	0.0	0.0	0.0
2951.8248796159787	2.0	trials	5.0	0.0	0.0	0.0	0.0	0.0	True	40.0	0.0	0.005	[34172751.837608494, 34173040.83858668, 34173330.83956826, 34173619.840546444, 34173909.84152801, 34174199.8425096, 34174488.843487784, 34174779.84447274, 34175068.84545094, 34175357.84642912, 34175647.847410694, 34175937.84839227, 34176226.849370465, 34176516.85035204, 34176805.85133023, 34177095.852311805, 34177384.853289984, 34177675.85427495, 34177964.85525314, 34178254.856234714]	0.0	0.0	0.0
2957.188955371955	2.0	trials	5.0	0.0	0.0	0.0	0.0	0.0	True	40.0	0.0	0.005	[34234836.0477467, 34235125.0487249, 34235415.04970647, 34235703.05068127, 34235994.05166623, 34236284.05264781, 34236573.053626, 34236862.05460419, 34237153.05558915, 34237443.05657072, 34237732.05754891, 34238021.058527105, 34238311.059508674, 34238602.06049364, 34238892.06147521, 34239180.062450014, 34239470.06343159, 34239760.06441316, 34240049.065391354, 34240339.06637293]	0.0	0.0	0.0
2964.682884736922	2.0	trials	5.0	0.0	0.0	0.0	0.0	0.0	True	40.0	0.0	0.005	[34321571.34132215, 34321861.34230373, 34322151.34328529, 34322439.344260104, 34322729.34524168, 34323019.34622325, 34323309.347204834, 34323599.3481864, 34323888.34916459, 34324178.35014617, 34324467.35112435, 34324757.35210593, 34325047.35308751, 34325337.354069084, 34325625.35504388, 34325915.356025465, 34326205.357007034, 34326494.35798522, 34326785.35897019, 34327074.359948374]	0.0	0.0	0.0
2973.0048745046533	2.0	trials	5.0	0.0	0.0	0.0	0.0	0.0	True	40.0	0.0	0.005	[34417890.66733695, 34418179.668315135, 34418470.669300094, 34418759.67027828, 34419049.67125986, 34419338.67223805, 34419627.67321624, 34419918.674201205, 34420207.675179385, 34420497.67616096, 34420786.677139156, 34421076.678120725, 34421366.67910231, 34421655.680080496, 34421945.681062065, 34422235.68204364, 34422524.68302183, 34422814.684003405, 34423104.68498498, 34423393.685963176]	0.0	0.0	0.0
2983.481082763844	2.0	trials	5.0	0.0	0.0	0.0	0.0	0.0	True	40.0	0.0	0.005	[34539144.07774686, 34539432.07872166, 34539722.079703234, 34540012.08068481, 34540301.081663, 34540591.08264458, 34540880.08362277, 34541171.08460773, 34541459.08558253, 34541750.086567484, 34542040.08754907, 34542330.08853064, 34542619.08950883, 34542908.09048702, 34543198.091468595, 34543487.09244678, 34543776.09342497, 34544067.094409935, 34544357.09539151, 34544646.0963697]	0.0	0.0	0.0
2992.037735725849	2.0	trials	5.0	0.0	0.0	0.0	0.0	0.0	True	40.0	0.0	0.005	[34638178.41295122, 34638467.41392941, 34638758.41491437, 34639047.415892564, 34639337.41687413, 34639626.417852335, 34639916.418833904, 34640204.41980871, 34640494.42079028, 34640785.42177524, 34641074.42275343, 34641364.42373501, 34641653.4247132, 34641942.42569138, 34642233.42667634, 34642523.42765792, 34642812.42863611, 34643102.42961769, 34643392.430599265, 34643681.43157745]	0.0	0.0	0.0
2997.6350922714187	2.0	trials	5.0	0.0	0.0	0.0	0.0	0.0	True	40.0	0.0	0.005	[34702961.63222485, 34703252.63320981, 34703541.634188004, 34703830.63516619, 34704120.63614777, 34704409.637125954, 34704699.63810753, 34704988.63908572, 34705279.64007068, 34705568.64104887, 34705857.64202706, 34706147.643008634, 34706438.643993594, 34706727.64497178, 34707016.645949975, 34707306.64693155, 34707596.64791313, 34707885.64889131, 34708175.649872884, 34708464.65085108]	0.0	0.0	0.0
3003.2694281421536	2.0	trials	5.0	0.0	0.0	0.0	0.0	0.0	True	40.0	0.0	0.005	[34768174.85295392, 34768464.85393549, 34768753.85491368, 34769043.85589526, 34769332.856873445, 34769622.85785502, 34769911.858833216, 34770201.859814785, 34770492.860799745, 34770781.86177793, 34771071.862759516, 34771361.863741085, 34771650.86471927, 34771940.865700856, 34772229.866679035, 34772518.86765723, 34772809.86864219, 34773098.86962038, 34773387.87059857, 34773677.871580146]	0.0	0.0	0.0
3011.7300039789625	2.0	trials	5.0	0.0	0.0	0.0	0.0	0.0	True	40.0	0.0	0.005	[34866097.18439446, 34866387.185376026, 34866677.1863576, 34866966.1873358, 34867256.188317366, 34867546.18929894, 34867836.19028052, 34868124.19125532, 34868416.192243665, 34868703.19321509, 34868994.19420005, 34869283.19517823, 34869573.19615981, 34869863.19714139, 34870153.198122956, 34870442.19910116, 34870732.20008273, 34871021.20106091, 34871312.20204587, 34871600.20302068]	0.0	0.0	0.0
3052.275242013857	2.0	trials	6.0	0.0	0.0	0.0	0.0	0.0	True	40.0	0.0	0.005	[35335371.77276167, 35335661.77374324, 35335950.774721436, 35336239.77569962, 35336529.7766812, 35336819.77766278, 35337109.778644346, 35337398.77962254, 35337687.78060072, 35337977.7815823, 35338268.78256726, 35338557.78354545, 35338846.78452364, 35339135.78550183, 35339425.78648341, 35339715.78746498, 35340004.78844317, 35340294.78942475, 35340584.79040632, 35340873.79138451]	0.0	0.0	0.0
3062.6662595846997	2.0	trials	6.0	0.0	0.0	0.0	0.0	0.0	True	40.0	0.0	0.005	[35455637.17982745, 35455927.18080903, 35456217.181790605, 35456507.18277218, 35456796.18375037, 35457086.18473194, 35457375.18571013, 35457665.18669171, 35457954.187669896, 35458245.18865486, 35458533.18962966, 35458823.190611236, 35459113.19159281, 35459403.19257438, 35459692.193552576, 35459982.19453415, 35460272.19551573, 35460561.196493916, 35460850.19747211, 35461140.19845368]	0.0	0.0	0.0
3068.5524523079034	2.0	trials	6.0	0.0	0.0	0.0	0.0	0.0	True	40.0	0.0	0.005	[35523764.41041965, 35524054.41140123, 35524344.412382804, 35524634.41336438, 35524923.41434257, 35525213.415324144, 35525502.41630233, 35525791.41728052, 35526082.418265484, 35526372.41924705, 35526662.42022863, 35526951.421206824, 35527241.4221884, 35527530.42316659, 35527819.424144775, 35528109.42512635, 35528399.42610793, 35528688.427086115, 35528978.42806769, 35529268.42904927]	0.0	0.0	0.0
3078.884112877839	2.0	trials	6.0	0.0	0.0	0.0	0.0	0.0	True	40.0	0.0	0.005	[35643344.8151669, 35643634.81614847, 35643923.81712666, 35644212.81810485, 35644503.81908981, 35644792.820068, 35645083.82105295, 35645372.82203115, 35645661.82300934, 35645951.82399091, 35646240.8249691, 35646529.82594729, 35646820.82693225, 35647109.827910446, 35647399.828892015, 35647689.82987359, 35647978.83085178, 35648268.831833355, 35648558.83281493, 35648847.83379312]	0.0	0.0	0.0
3087.8787289222328	2.0	trials	6.0	0.0	0.0	0.0	0.0	0.0	True	40.0	0.0	0.005	[35747449.1675319, 35747738.16851008, 35748028.169491656, 35748318.17047323, 35748607.17145143, 35748896.172429614, 35749186.17341119, 35749476.17439277, 35749766.17537434, 35750055.17635253, 35750345.1773341, 35750634.178312294, 35750925.17929725, 35751214.18027544, 35751504.18125702, 35751793.1822352, 35752082.1832134, 35752373.18419836, 35752662.185176544, 35752952.18615812]	0.0	0.0	0.0
3098.1146579681413	2.0	trials	6.0	0.0	0.0	0.0	0.0	0.0	True	40.0	0.0	0.005	[35865920.568525456, 35866210.56950703, 35866499.57048523, 35866789.571466796, 35867078.57244499, 35867368.57342656, 35867658.57440814, 35867948.57538971, 35868237.5763679, 35868527.57734948, 35868816.57832766, 35869106.57930924, 35869396.58029082, 35869685.581269, 35869975.58225058, 35870264.58322877, 35870554.58421034, 35870843.58518853, 35871134.58617349, 35871423.587151684]	0.0	0.0	0.0
3104.854831181842	2.0	trials	6.0	0.0	0.0	0.0	0.0	0.0	True	40.0	0.0	0.005	[35943931.83257243, 35944221.83355401, 35944510.834532194, 35944799.83551039, 35945091.83649873, 35945379.837473534, 35945669.8384551, 35945958.8394333, 35946248.840414874, 35946538.84139645, 35946827.84237464, 35947117.843356214, 35947407.84433779, 35947696.84531598, 35947986.84629755, 35948275.84727574, 35948565.84825732, 35948854.849235505, 35949144.85021709, 35949434.85119865]	0.0	0.0	0.0
3113.900596199362	2.0	trials	6.0	0.0	0.0	0.0	0.0	0.0	True	40.0	0.0	0.005	[36048628.18694119, 36048918.187922776, 36049207.18890096, 36049497.18988253, 36049786.190860726, 36050076.1918423, 36050366.19282387, 36050655.193802066, 36050945.19478364, 36051234.19576182, 36051524.19674341, 36051814.197724976, 36052103.19870316, 36052393.19968475, 36052683.200666316, 36052973.20164789, 36053263.20262947, 36053552.203607656, 36053841.20458585, 36054132.2055708]	0.0	0.0	0.0
3120.921138362039	2.0	trials	6.0	0.0	0.0	0.0	0.0	0.0	True	40.0	0.0	0.005	[36129884.461971655, 36130173.462949835, 36130463.46393141, 36130752.464909606, 36131042.46589118, 36131331.46686937, 36131621.467850946, 36131911.46883252, 36132201.46981409, 36132490.470792286, 36132780.471773855, 36133069.47275205, 36133359.47373363, 36133649.474715196, 36133937.47569, 36134228.47667496, 36134518.477656536, 36134807.47863473, 36135097.4796163, 36135386.48059449]	0.0	0.0	0.0
3128.8099170634655	2.0	trials	6.0	0.0	0.0	0.0	0.0	0.0	True	40.0	0.0	0.005	[36221189.77101535, 36221478.77199355, 36221768.772975124, 36222058.77395669, 36222347.77493489, 36222637.775916465, 36222927.77689804, 36223216.77787623, 36223505.778854415, 36223796.779839374, 36224085.78081757, 36224374.78179576, 36224664.78277733, 36224954.78375891, 36225244.78474048, 36225533.785718665, 36225822.786696866, 36226113.78768182, 36226402.78866001, 36226692.78964159]	0.0	0.0	0.0
3136.472931800741	2.0	trials	6.0	0.0	0.0	0.0	0.0	0.0	True	40.0	0.0	0.005	[36309881.07121135, 36310171.07219294, 36310461.07317451, 36310750.0741527, 36311040.07513427, 36311329.07611246, 36311619.07709403, 36311909.07807561, 36312198.079053804, 36312488.08003538, 36312777.08101357, 36313067.08199514, 36313357.082976714, 36313647.08395829, 36313936.08493648, 36314226.085918054, 36314516.08689963, 36314804.08787443, 36315095.088859394, 36315384.08983758]	0.0	0.0	0.0
3142.046701066474	2.0	trials	6.0	0.0	0.0	0.0	0.0	0.0	True	40.0	0.0	0.005	[36374393.28956772, 36374683.29054929, 36374972.29152749, 36375262.29250906, 36375551.29348725, 36375841.29446883, 36376131.2954504, 36376419.2964252, 36376710.29741016, 36377000.298391744, 36377289.29936993, 36377578.30034812, 36377868.30132969, 36378158.302311264, 36378448.30329284, 36378737.30427103, 36379027.30525261, 36379316.3062308, 36379606.307212375, 36379895.30819056]	0.0	0.0	0.0
3149.6428419774	2.0	trials	6.0	0.0	0.0	0.0	0.0	0.0	True	40.0	0.0	0.005	[36462311.58714732, 36462601.58812889, 36462889.58910369, 36463180.59008865, 36463470.59107023, 36463759.59204842, 36464049.59302999, 36464338.594008185, 36464627.59498637, 36464917.59596795, 36465207.596949525, 36465496.59792771, 36465787.59891268, 36466076.599890865, 36466366.600872435, 36466656.60185401, 36466945.6028322, 36467235.603813775, 36467525.60479535, 36467814.605773546]	0.0	0.0	0.0
3156.4653546697987	2.0	trials	6.0	0.0	0.0	0.0	0.0	0.0	True	40.0	0.0	0.005	[36541275.85441995, 36541564.85539813, 36541854.8563797, 36542142.857354514, 36542433.85833947, 36542723.85932105, 36543012.860299245, 36543302.861280814, 36543591.862259, 36543880.863237195, 36544171.86422215, 36544460.86520034, 36544750.86618192, 36545040.867163494, 36545330.86814507, 36545618.86911987, 36545908.870101444, 36546198.87108302, 36546488.8720646, 36546777.873042785]	0.0	0.0	0.0
3161.9068450878035	2.0	trials	6.0	0.0	0.0	0.0	0.0	0.0	True	40.0	0.0	0.005	[36604256.067590885, 36604546.06857246, 36604835.06955065, 36605125.070532225, 36605415.0715138, 36605704.07249199, 36605994.073473565, 36606284.07445514, 36606573.07543333, 36606862.076411515, 36607152.07739309, 36607442.07837467, 36607731.07935286, 36608021.08033443, 36608311.08131601, 36608600.082294196, 36608890.08327577, 36609180.08425735, 36609470.08523892, 36609759.08621711]	0.0	0.0	0.0
3173.031314741186	2.0	trials	6.0	0.0	0.0	0.0	0.0	0.0	True	40.0	0.0	0.005	[36733011.50339312, 36733301.50437469, 36733590.50535288, 36733879.50633108, 36734169.50731265, 36734459.508294225, 36734748.50927241, 36735038.51025398, 36735328.511235565, 36735618.512217134, 36735908.51319871, 36736197.514176905, 36736487.515158474, 36736777.51614005, 36737066.51711824, 36737355.51809643, 36737645.51907801, 36737935.52005958, 36738224.521037765, 36738514.52201934]	0.0	0.0	0.0
3180.1651276872544	2.0	trials	6.0	0.0	0.0	0.0	0.0	0.0	True	40.0	0.0	0.005	[36815578.782860965, 36815867.78383916, 36816157.78482073, 36816447.785802305, 36816737.78678388, 36817026.78776207, 36817315.78874026, 36817606.789725214, 36817894.790700026, 36818185.791684985, 36818474.79266317, 36818764.793644756, 36819053.79462294, 36819343.79560451, 36819633.79658609, 36819923.79756766, 36820212.79854585, 36820501.79952405, 36820790.80050223, 36821081.801487185]	0.0	0.0	0.0
3188.7759536326203	2.0	trials	6.0	0.0	0.0	0.0	0.0	0.0	True	40.0	0.0	0.005	[36915241.12019095, 36915530.12116914, 36915820.12215071, 36916110.123132296, 36916399.124110475, 36916689.12509205, 36916979.12607363, 36917268.127051815, 36917558.12803339, 36917847.12901159, 36918137.12999316, 36918427.13097473, 36918716.13195292, 36919007.13293788, 36919296.13391607, 36919585.13489427, 36919875.135875836, 36920165.13685741, 36920454.1378356, 36920743.138813786]	0.0	0.0	0.0
3198.9219399740973	2.0	trials	6.0	0.0	0.0	0.0	0.0	0.0	True	40.0	0.0	0.005	[37032671.517661, 37032960.51863919, 37033250.51962076, 37033539.520598955, 37033829.52158053, 37034119.5225621, 37034409.52354368, 37034698.524521865, 37034988.52550344, 37035277.526481636, 37035566.52745982, 37035857.52844478, 37036147.52942635, 37036436.530404545, 37036725.53138273, 37037015.53236431, 37037304.5333425, 37037594.53432407, 37037885.53530903, 37038174.536287226]	0.0	0.0	0.0
3209.014012533091	2.0	trials	6.0	0.0	0.0	0.0	0.0	0.0	True	40.0	0.0	0.005	[37149477.91301897, 37149766.91399716, 37150055.914975345, 37150345.91595692, 37150635.9169385, 37150924.91791669, 37151214.91889826, 37151504.91987984, 37151794.92086141, 37152082.92183621, 37152372.9228178, 37152661.92379598, 37152951.92477755, 37153241.92575914, 37153531.9267407, 37153822.927725665, 37154110.92870047, 37154400.929682046, 37154689.93066024, 37154979.93164181]	0.0	0.0	0.0
3216.191716827719	2.0	trials	6.0	0.0	0.0	0.0	0.0	0.0	True	40.0	0.0	0.005	[37232553.19420626, 37232842.195184454, 37233132.19616603, 37233421.197144225, 37233711.198125795, 37234001.19910737, 37234290.20008556, 37234580.20106713, 37234870.20204871, 37235159.2030269, 37235449.204008475, 37235738.20498667, 37236028.20596824, 37236318.206949815, 37236607.207928, 37236897.20890958, 37237187.209891155, 37237476.21086934, 37237766.21185092, 37238055.212829106]	0.0	0.0	0.0
3223.9000917185267	2.0	trials	6.0	0.0	0.0	0.0	0.0	0.0	True	40.0	0.0	0.005	[37321770.496182635, 37322059.49716083, 37322349.4981424, 37322638.49912059, 37322928.50010216, 37323216.501076974, 37323507.50206193, 37323797.5030435, 37324087.50402508, 37324376.50500327, 37324665.50598146, 37324955.50696304, 37325244.50794122, 37325535.50892618, 37325825.50990776, 37326113.510882564, 37326404.51186753, 37326693.51284571, 37326983.51382729, 37327273.51480886]	0.0	0.0	0.0
3231.9998599340975	2.0	trials	6.0	0.0	0.0	0.0	0.0	0.0	True	40.0	0.0	0.005	[37415517.81349188, 37415806.81447007, 37416096.815451644, 37416386.81643322, 37416675.81741141, 37416965.818392985, 37417255.81937456, 37417545.82035613, 37417833.82133094, 37418123.82231251, 37418413.823294096, 37418703.824275665, 37418993.82525724, 37419282.82623543, 37419572.827217, 37419862.82819858, 37420150.829173386, 37420440.830154955, 37420730.83113654, 37421020.83211811]	0.0	0.0	0.0
3238.8363694738723	2.0	trials	6.0	0.0	0.0	0.0	0.0	0.0	True	40.0	0.0	0.005	[37494644.081312835, 37494933.08229103, 37495222.08326922, 37495513.084254175, 37495802.08523237, 37496092.08621395, 37496381.087192126, 37496671.08817371, 37496961.08915528, 37497250.09013347, 37497540.09111505, 37497830.09209662, 37498119.09307481, 37498408.094053, 37498699.09503796, 37498988.09601615, 37499278.09699772, 37499568.09797931, 37499857.098957494, 37500146.09993568]	0.0	0.0	0.0
3245.15292205373	2.0	trials	6.0	0.0	0.0	0.0	0.0	0.0	True	40.0	0.0	0.005	[37567751.32876105, 37568041.32974262, 37568331.330724195, 37568620.33170239, 37568910.33268396, 37569200.333665535, 37569489.33464372, 37569779.3356253, 37570069.336606875, 37570358.33758506, 37570647.338563256, 37570937.339544825, 37571227.3405264, 37571517.34150798, 37571806.342486165, 37572096.34346774, 37572385.34444594, 37572675.345427506, 37572965.346409075, 37573255.34739065]	0.0	0.0	0.0
3251.4113272367736	2.0	trials	6.0	0.0	0.0	0.0	0.0	0.0	True	40.0	0.0	0.005	[37640187.573938094, 37640476.57491628, 37640767.57590124, 37641055.57687605, 37641345.57785762, 37641635.57883919, 37641924.579817384, 37642215.580802344, 37642504.58178054, 37642793.582758725, 37643083.5837403, 37643372.58471848, 37643663.58570345, 37643952.586681634, 37644241.58765983, 37644531.588641405, 37644821.589622974, 37645111.59060455, 37645400.59158274, 37645690.592564315]	0.0	0.0	0.0
3258.408109319029	2.0	trials	6.0	0.0	0.0	0.0	0.0	0.0	True	40.0	0.0	0.005	[37721168.84803774, 37721458.84901931, 37721748.85000089, 37722037.85097908, 37722327.85196066, 37722617.85294223, 37722906.853920415, 37723195.85489861, 37723485.855880186, 37723774.85685837, 37724065.85784334, 37724354.858821526, 37724643.85979971, 37724933.86078129, 37725223.86176286, 37725513.86274444, 37725801.86371924, 37726092.86470421, 37726382.86568578, 37726671.86666396]	0.0	0.0	0.0
3268.296190787566	2.0	trials	6.0	0.0	0.0	0.0	0.0	0.0	True	40.0	0.0	0.005	[37835614.23540434, 37835902.23637915, 37836193.237364106, 37836482.23834229, 37836772.23932387, 37837061.240302056, 37837351.24128363, 37837641.24226521, 37837931.24324678, 37838219.24422159, 37838510.24520655, 37838799.24618474, 37839090.2471697, 37839379.24814788, 37839668.24912608, 37839958.25010765, 37840248.25108922, 37840538.25207081, 37840826.2530456, 37841116.25402718]	0.0	0.0	0.0
3276.394144596995	2.0	trials	6.0	0.0	0.0	0.0	0.0	0.0	True	40.0	0.0	0.005	[37929339.55263913, 37929629.553620696, 37929918.55459888, 37930209.55558384, 37930499.55656542, 37930788.55754361, 37931078.55852518, 37931368.55950676, 37931658.560488336, 37931946.56146314, 37932236.56244472, 37932525.5634229, 37932816.56440786, 37933105.56538606, 37933395.566367626, 37933685.56734921, 37933974.56832739, 37934263.569305584, 37934553.57028715, 37934844.57127211]	0.0	0.0	0.0
3282.736185263124	2.0	trials	6.0	0.0	0.0	0.0	0.0	0.0	True	40.0	0.0	0.005	[38002742.80108921, 38003031.8020674, 38003321.803048976, 38003611.804030545, 38003900.80500874, 38004190.805990316, 38004479.8069685, 38004770.80795346, 38005059.808931656, 38005349.809913225, 38005639.8108948, 38005928.81187299, 38006217.81285118, 38006507.81383276, 38006797.81481433, 38007086.81579252, 38007376.81677409, 38007666.81775567, 38007955.81873386, 38008245.81971543]	0.0	0.0	0.0
3293.4478343192195	2.0	trials	6.0	0.0	0.0	0.0	0.0	0.0	True	40.0	0.0	0.005	[38126721.22072254, 38127010.22170073, 38127300.2226823, 38127590.223663874, 38127879.22464207, 38128169.225623645, 38128459.22660522, 38128749.22758679, 38129038.22856498, 38129327.22954317, 38129617.23052474, 38129906.231502935, 38130197.232487895, 38130486.23346608, 38130776.23444766, 38131066.23542923, 38131356.23641081, 38131645.237389, 38131935.238370575, 38132224.23934877]	0.0	0.0	0.0
3303.6280351765035	2.0	trials	6.0	0.0	0.0	0.0	0.0	0.0	True	40.0	0.0	0.005	[38244546.61952956, 38244837.62051452, 38245126.621492706, 38245416.62247428, 38245705.62345247, 38245995.62443405, 38246284.62541224, 38246574.62639381, 38246864.62737539, 38247153.62835357, 38247443.62933515, 38247733.63031673, 38248022.63129491, 38248311.6322731, 38248602.63325806, 38248891.634236254, 38249181.63521783, 38249471.6361994, 38249760.6371776, 38250050.63815917]	0.0	0.0	0.0
3309.696705317345	2.0	trials	6.0	0.0	0.0	0.0	0.0	0.0	True	40.0	0.0	0.005	[38314786.85727371, 38315075.85825191, 38315364.85923009, 38315654.86021167, 38315943.86118986, 38316233.86217143, 38316524.86315639, 38316812.8641312, 38317103.86511616, 38317392.86609435, 38317681.86707254, 38317971.868054114, 38318262.869039066, 38318550.87001388, 38318840.870995454, 38319129.87197364, 38319420.8729586, 38319709.87393679, 38319999.874918364, 38320288.87589655]	0.0	0.0	0.0
3318.2746991515824	2.0	trials	6.0	0.0	0.0	0.0	0.0	0.0	True	40.0	0.0	0.005	[38414068.19331411, 38414358.19429568, 38414648.195277266, 38414937.19625545, 38415227.19723702, 38415516.19821522, 38415807.19920017, 38416096.20017836, 38416385.20115656, 38416674.20213474, 38416964.20311632, 38417253.20409451, 38417544.205079466, 38417834.20606104, 38418123.20703924, 38418413.20802081, 38418703.20900238, 38418992.20998058, 38419281.21095876, 38419571.21194034]	0.0	0.0	0.0
3326.572583237723	2.0	trials	6.0	0.0	0.0	0.0	0.0	0.0	True	40.0	0.0	0.005	[38510108.51838456, 38510397.519362755, 38510688.520347714, 38510977.5213259, 38511266.5223041, 38511557.523289055, 38511846.52426725, 38512135.525245436, 38512426.52623039, 38512714.5272052, 38513005.52819016, 38513294.52916835, 38513584.53014992, 38513874.5311315, 38514163.532109685, 38514452.53308788, 38514742.534069456, 38515032.535051025, 38515322.5360326, 38515610.53700741]	0.0	0.0	0.0
3332.8245083988345	2.0	trials	6.0	0.0	0.0	0.0	0.0	0.0	True	40.0	0.0	0.005	[38582469.76330776, 38582758.764285944, 38583048.76526752, 38583338.76624909, 38583627.767227285, 38583917.76820886, 38584207.76919043, 38584496.770168625, 38584786.7711502, 38585076.77213177, 38585365.773109965, 38585655.774091534, 38585945.77507311, 38586234.776051305, 38586524.777032875, 38586813.77801107, 38587103.77899264, 38587392.77997083, 38587682.78095241, 38587972.78193398]	0.0	0.0	0.0
3338.3926616455587	2.0	trials	6.0	0.0	0.0	0.0	0.0	0.0	True	40.0	0.0	0.005	[38646914.98143734, 38647204.98241892, 38647494.98340049, 38647784.98438206, 38648073.98536026, 38648363.98634183, 38648653.98732341, 38648942.98830159, 38649232.98928317, 38649521.99026136, 38649811.99124293, 38650100.992221124, 38650390.9932027, 38650681.99418766, 38650969.99516246, 38651259.996144034, 38651549.99712561, 38651839.99810719, 38652127.999082, 38652419.00006695]	0.0	0.0	0.0
3344.242739046521	2.0	trials	6.0	0.0	0.0	0.0	0.0	0.0	True	40.0	0.0	0.005	[38714624.21061472, 38714914.211596295, 38715203.21257449, 38715493.21355606, 38715783.21453763, 38716073.215519205, 38716363.21650078, 38716652.217478976, 38716942.218460545, 38717231.21943874, 38717520.220416926, 38717811.221401885, 38718100.22238008, 38718389.223358266, 38718680.224343225, 38718970.2253248, 38719259.22630299, 38719548.22728118, 38719839.228266135, 38720128.22924433]	0.0	0.0	0.0
3351.9350434829344	2.0	trials	6.0	0.0	0.0	0.0	0.0	0.0	True	40.0	0.0	0.005	[38803655.511961535, 38803945.512943104, 38804234.51392129, 38804524.51490287, 38804814.515884444, 38805103.51686264, 38805393.51784421, 38805682.518822394, 38805973.51980736, 38806261.52078216, 38806551.521763735, 38806841.52274531, 38807131.52372689, 38807421.524708465, 38807710.52568665, 38808000.52666823, 38808289.527646415, 38808579.52862799, 38808868.52960618, 38809159.53059114]	0.0	0.0	0.0
3357.8671147614255	2.0	trials	6.0	0.0	0.0	0.0	0.0	0.0	True	40.0	0.0	0.005	[38872313.74435103, 38872603.7453326, 38872893.746314175, 38873182.74729236, 38873472.74827394, 38873761.749252126, 38874051.75023371, 38874341.75121528, 38874630.752193466, 38874920.75317504, 38875210.75415661, 38875499.75513481, 38875789.75611638, 38876079.75709796, 38876368.75807615, 38876659.759061106, 38876947.76003591, 38877238.76102087, 38877527.76199906, 38877817.76298064]	0.0	0.0	0.0
3367.4870961225147	2.0	trials	6.0	0.0	0.0	0.0	0.0	0.0	True	40.0	0.0	0.005	[38983657.12121817, 38983946.12219635, 38984237.123181306, 38984526.1241595, 38984816.12514107, 38985105.12611927, 38985395.12710084, 38985684.12807903, 38985974.1290606, 38986265.130045556, 38986553.13102037, 38986843.132001944, 38987133.13298352, 38987423.1339651, 38987712.134943284, 38988001.13592147, 38988291.13690305, 38988581.137884624, 38988871.13886619, 38989160.13984439]	0.0	0.0	0.0
3372.9170953016237	2.0	trials	6.0	0.0	0.0	0.0	0.0	0.0	True	40.0	0.0	0.005	[39046503.33393555, 39046793.33491712, 39047083.3358987, 39047372.33687689, 39047662.33785845, 39047952.33884004, 39048241.339818224, 39048530.34079641, 39048820.341777995, 39049109.34275618, 39049400.34374114, 39049688.34471594, 39049980.34570429, 39050269.34668248, 39050558.34766067, 39050848.348642245, 39051138.34962382, 39051428.35060539, 39051717.35158358, 39052007.352565154]	0.0	0.0	0.0
3378.2090268134116	2.0	trials	6.0	0.0	0.0	0.0	0.0	0.0	True	40.0	0.0	0.005	[39107753.541250885, 39108042.54222908, 39108332.54321065, 39108621.54418884, 39108911.54517042, 39109201.54615199, 39109491.54713357, 39109780.54811175, 39110070.54909333, 39110360.550074905, 39110650.55105648, 39110938.552031286, 39111228.55301286, 39111518.55399443, 39111808.55497601, 39112097.5559542, 39112387.55693577, 39112677.55791735, 39112966.55889554, 39113256.55987711]	0.0	0.0	0.0
3387.274663898192	2.0	trials	6.0	0.0	0.0	0.0	0.0	0.0	True	40.0	0.0	0.005	[39212679.89639814, 39212967.89737295, 39213257.898354515, 39213548.89933948, 39213837.90031767, 39214126.90129586, 39214416.90227744, 39214705.90325563, 39214996.904240586, 39215286.905222155, 39215575.90620035, 39215864.90717854, 39216154.90816011, 39216444.9091417, 39216733.91011988, 39217023.91110145, 39217313.91208303, 39217602.91306122, 39217891.91403941, 39218182.91502437]	0.0	0.0	0.0
3395.4902085056356	2.0	trials	6.0	0.0	0.0	0.0	0.0	0.0	True	40.0	0.0	0.005	[39307766.21823956, 39308056.21922113, 39308346.22020271, 39308635.2211809, 39308924.22215908, 39309214.22314066, 39309505.224125616, 39309793.22510043, 39310084.22608539, 39310373.227063574, 39310663.22804515, 39310952.22902334, 39311242.230004914, 39311532.23098648, 39311821.23196468, 39312111.232946254, 39312400.23392444, 39312690.23490602, 39312979.235884205, 39313269.23686578]	0.0	0.0	0.0
3401.0689025880374	2.0	trials	6.0	0.0	0.0	0.0	0.0	0.0	True	40.0	0.0	0.005	[39372334.43678546, 39372623.43776365, 39372914.43874861, 39373203.43972681, 39373493.440708384, 39373783.441689946, 39374072.44266815, 39374362.44364972, 39374651.44462791, 39374941.44560949, 39375230.446587674, 39375520.44756924, 39375809.44854743, 39376100.4495324, 39376389.450510584, 39376679.45149216, 39376968.452470355, 39377258.453451924, 39377547.45443012, 39377838.45541507]	0.0	0.0	0.0
3411.442985701562	2.0	trials	6.0	0.0	0.0	0.0	0.0	0.0	True	40.0	0.0	0.005	[39492404.84319123, 39492694.844172806, 39492984.845154375, 39493274.84613595, 39493563.847114146, 39493853.848095715, 39494143.84907729, 39494432.850055486, 39494721.85103367, 39495012.85201863, 39495301.85299682, 39495591.853978395, 39495880.85495658, 39496171.85594154, 39496460.856919736, 39496749.85789792, 39497039.8588795, 39497328.859857686, 39497618.86083926, 39497907.86181746]	0.0	0.0	0.0
3421.0436133971443	2.0	trials	6.0	0.0	0.0	0.0	0.0	0.0	True	40.0	0.0	0.005	[39603524.21930018, 39603813.22027837, 39604103.221259944, 39604393.22224152, 39604683.2232231, 39604972.224201284, 39605262.22518286, 39605552.22616443, 39605841.227142625, 39606131.2281242, 39606419.229099005, 39606710.230083965, 39606999.23106215, 39607289.23204373, 39607579.2330253, 39607869.234006874, 39608158.23498507, 39608448.235966645, 39608738.23694822, 39609028.237929784]	0.0	0.0	0.0
3427.1813173716464	2.0	trials	6.0	0.0	0.0	0.0	0.0	0.0	True	40.0	0.0	0.005	[39674562.45974536, 39674851.46072355, 39675142.4617085, 39675431.4626867, 39675720.46366489, 39676011.46464985, 39676300.46562804, 39676590.46660961, 39676879.4675878, 39677169.468569376, 39677458.46954757, 39677748.47052914, 39678038.471510716, 39678328.472492285, 39678617.47347048, 39678906.47444867, 39679196.47543024, 39679486.47641182, 39679776.477393396, 39680065.47837158]	0.0	0.0	0.0
3438.114496777564	2.0	trials	6.0	0.0	0.0	0.0	0.0	0.0	True	40.0	0.0	0.005	[39801103.888053775, 39801392.88903197, 39801682.890013546, 39801972.890995115, 39802261.8919733, 39802551.89295488, 39802841.893936455, 39803130.89491464, 39803420.89589622, 39803711.89688118, 39803999.897855975, 39804289.89883756, 39804578.899815746, 39804868.90079732, 39805157.90177552, 39805448.902760476, 39805737.90373866, 39806026.90471685, 39806317.90570181, 39806606.90668]	0.0	0.0	0.0
3480.1967960150037	2.0	trials	7.0	0.0	0.0	0.0	0.0	0.0	True	40.0	0.0	0.005	[40288167.536632136, 40288457.537613705, 40288746.5385919, 40289035.539570086, 40289325.54055166, 40289615.54153324, 40289904.54251143, 40290194.543493, 40290484.54447458, 40290773.545452766, 40291063.546434335, 40291352.54741254, 40291643.54839749, 40291932.54937568, 40292221.55035388, 40292511.55133544, 40292801.55231702, 40293091.55329859, 40293380.55427679, 40293670.55525836]	0.0	0.0	0.0
3489.574770156962	2.0	trials	7.0	0.0	0.0	0.0	0.0	0.0	True	40.0	0.0	0.005	[40396708.90401523, 40396997.904993415, 40397287.90597499, 40397576.906953186, 40397866.907934755, 40398157.908919714, 40398446.9098979, 40398736.91087948, 40399026.911861055, 40399315.91283924, 40399604.913817436, 40399894.91479901, 40400184.91578058, 40400473.916758776, 40400763.917740345, 40401052.91871854, 40401342.919700116, 40401632.920681685, 40401922.92166327, 40402212.92264483]	0.0	0.0	0.0
3498.114834262819	2.0	trials	7.0	0.0	0.0	0.0	0.0	0.0	True	40.0	0.0	0.005	[40495552.23857311, 40495841.2395513, 40496131.240532875, 40496420.24151106, 40496710.24249264, 40496999.243470825, 40497290.244455785, 40497579.24543398, 40497869.246415555, 40498158.24739374, 40498447.24837193, 40498737.249353506, 40499027.25033508, 40499317.25131666, 40499607.25229823, 40499895.25327303, 40500186.25425799, 40500475.255236186, 40500765.256217755, 40501054.25719595]	0.0	0.0	0.0
3504.0950305041997	2.0	trials	7.0	0.0	0.0	0.0	0.0	0.0	True	40.0	0.0	0.005	[40564766.47284452, 40565057.47382948, 40565346.47480767, 40565636.47578924, 40565925.476767436, 40566215.47774901, 40566505.47873058, 40566794.47970877, 40567084.480690345, 40567374.48167192, 40567663.482650116, 40567953.483631685, 40568242.48460988, 40568532.48559146, 40568822.486573026, 40569111.48755121, 40569400.48852941, 40569691.489514366, 40569981.49049594, 40570270.49147414]	0.0	0.0	0.0
3513.2998584601046	2.0	trials	7.0	0.0	0.0	0.0	0.0	0.0	True	40.0	0.0	0.005	[40671303.833444595, 40671594.834429555, 40671883.83540774, 40672173.83638932, 40672462.837367505, 40672752.83834908, 40673041.83932727, 40673332.84031223, 40673621.84129042, 40673910.84226861, 40674200.84325019, 40674490.844231755, 40674779.84520995, 40675069.846191525, 40675359.847173095, 40675649.84815468, 40675937.84912948, 40676228.850114435, 40676517.85109263, 40676807.8520742]	0.0	0.0	0.0
3524.2853964432416	2.0	trials	7.0	0.0	0.0	0.0	0.0	0.0	True	40.0	0.0	0.005	[40798451.26380417, 40798741.26478574, 40799032.265770696, 40799320.2667455, 40799610.26772708, 40799900.268708654, 40800189.26968684, 40800480.27067181, 40800769.27164999, 40801059.27263156, 40801349.27361314, 40801638.27459133, 40801927.27556952, 40802218.27655448, 40802507.277532674, 40802796.27851085, 40803086.27949243, 40803376.28047401, 40803665.281452194, 40803956.28243716]	0.0	0.0	0.0
3532.0491539215045	2.0	trials	7.0	0.0	0.0	0.0	0.0	0.0	True	40.0	0.0	0.005	[40888309.56795015, 40888599.56893173, 40888889.5699133, 40889178.57089149, 40889468.57187307, 40889757.572851256, 40890047.57383283, 40890337.5748144, 40890627.57579598, 40890916.57677417, 40891205.57775236, 40891496.57873732, 40891785.579715505, 40892074.5806937, 40892364.581675276, 40892653.58265346, 40892944.58363843, 40893234.58462, 40893522.5855948, 40893812.58657637]	0.0	0.0	0.0
3539.633371592073	2.0	trials	7.0	0.0	0.0	0.0	0.0	0.0	True	40.0	0.0	0.005	[40976089.865062654, 40976379.86604423, 40976669.8670258, 40976958.868003994, 40977248.86898556, 40977538.86996714, 40977827.870945334, 40978117.8719269, 40978407.87290848, 40978696.87388667, 40978986.874868244, 40979276.87584982, 40979565.87682801, 40979855.877809584, 40980145.87879116, 40980434.87976935, 40980723.880747534, 40981013.88172911, 40981303.88271069, 40981593.883692265]	0.0	0.0	0.0
3547.9375628995617	2.0	trials	7.0	0.0	0.0	0.0	0.0	0.0	True	40.0	0.0	0.005	[41072203.19038019, 41072493.19136177, 41072783.19234335, 41073073.193324916, 41073363.19430649, 41073652.19528468, 41073942.196266256, 41074231.19724444, 41074521.19822602, 41074811.1992076, 41075100.20018579, 41075390.20116736, 41075679.20214555, 41075970.203130506, 41076259.2041087, 41076549.20509028, 41076839.206071846, 41077128.20705003, 41077418.20803161, 41077707.209009804]	0.0	0.0	0.0
3558.4498000807016	2.0	trials	7.0	0.0	0.0	0.0	0.0	0.0	True	40.0	0.0	0.005	[41193872.60219816, 41194161.60317634, 41194452.60416131, 41194741.605139494, 41195031.60612107, 41195321.60710265, 41195610.608080834, 41195899.60905903, 41196189.61004059, 41196479.611022174, 41196769.61200374, 41197059.61298532, 41197347.61396013, 41197637.6149417, 41197926.61591989, 41198217.61690485, 41198507.617886424, 41198796.61886462, 41199086.61984619, 41199375.62082438]	0.0	0.0	0.0
3563.87340563817	2.0	trials	7.0	0.0	0.0	0.0	0.0	0.0	True	40.0	0.0	0.005	[41256645.814668454, 41256935.81565003, 41257224.81662822, 41257514.817609794, 41257803.81858798, 41258094.81957294, 41258384.82055452, 41258673.82153271, 41258963.82251428, 41259252.82349247, 41259542.824474044, 41259832.82545562, 41260121.826433815, 41260410.827412, 41260700.82839358, 41260990.829375155, 41261280.830356725, 41261570.8313383, 41261859.83231649, 41262148.83329468]	0.0	0.0	0.0
3573.4676397121116	2.0	trials	7.0	0.0	0.0	0.0	0.0	0.0	True	40.0	0.0	0.005	[41367691.19052694, 41367980.19150513, 41368270.1924867, 41368560.19346828, 41368850.19444985, 41369139.195428036, 41369428.19640623, 41369717.197384425, 41370008.19836938, 41370298.19935095, 41370587.20032915, 41370877.20131072, 41371167.20229229, 41371456.20327048, 41371746.204252064, 41372036.20523363, 41372325.20621182, 41372614.207190014, 41372904.20817158, 41373194.20915316]	0.0	0.0	0.0
3579.9239015648486	2.0	trials	7.0	0.0	0.0	0.0	0.0	0.0	True	40.0	0.0	0.005	[41442415.44344827, 41442705.444429845, 41442994.44540803, 41443284.44638961, 41443574.447371185, 41443863.44834937, 41444152.44932756, 41444443.45031252, 41444733.451294094, 41445021.4522689, 41445312.45325386, 41445601.45423205, 41445890.45521024, 41446181.4561952, 41446470.457173385, 41446759.45815158, 41447050.45913654, 41447340.460118115, 41447628.46109292, 41447918.462074496]	0.0	0.0	0.0
3586.133490582663	2.0	trials	7.0	0.0	0.0	0.0	0.0	0.0	True	40.0	0.0	0.005	[41514286.686712936, 41514575.68769113, 41514866.68867608, 41515155.689654276, 41515444.69063246, 41515733.69161066, 41516024.692595616, 41516314.693577185, 41516603.69455538, 41516893.695536956, 41517182.69651514, 41517472.69749671, 41517762.69847829, 41518051.69945648, 41518340.70043467, 41518631.70141963, 41518920.70239782, 41519209.70337601, 41519500.70436097, 41519790.705342546]	0.0	0.0	0.0
3591.642027627602	2.0	trials	7.0	0.0	0.0	0.0	0.0	0.0	True	40.0	0.0	0.005	[41578042.902510434, 41578331.90348862, 41578621.9044702, 41578910.90544839, 41579200.90642996, 41579490.90741154, 41579780.908393115, 41580069.9093713, 41580359.91035288, 41580649.91133445, 41580938.91231264, 41581228.91329422, 41581517.914272405, 41581806.91525059, 41582097.91623555, 41582387.917217135, 41582675.91819193, 41582965.91917351, 41583255.920155086, 41583545.92113666]	0.0	0.0	0.0
3602.4149344910393	2.0	trials	7.0	0.0	0.0	0.0	0.0	0.0	True	40.0	0.0	0.005	[41702728.32453677, 41703017.325514965, 41703307.32649654, 41703597.32747811, 41703886.3284563, 41704176.329437874, 41704467.33042284, 41704755.331397645, 41705045.33237922, 41705335.33336079, 41705625.33434236, 41705914.335320555, 41706204.33630213, 41706494.33728371, 41706784.338265285, 41707073.33924347, 41707363.34022505, 41707652.34120323, 41707942.34218481, 41708231.343163]	0.0	0.0	0.0
3610.6137174417486	2.0	trials	7.0	0.0	0.0	0.0	0.0	0.0	True	40.0	0.0	0.005	[41797621.64572493, 41797911.64670651, 41798201.647688076, 41798490.64866627, 41798780.64964785, 41799070.650629416, 41799359.65160761, 41799649.65258919, 41799939.65357076, 41800228.65454895, 41800518.65553052, 41800808.6565121, 41801097.65749029, 41801386.65846848, 41801677.659453444, 41801966.66043162, 41802255.66140982, 41802546.66239478, 41802835.66337296, 41803124.66435116]	0.0	0.0	0.0
3618.954024071478	2.0	trials	7.0	0.0	0.0	0.0	0.0	0.0	True	40.0	0.0	0.005	[41894153.97246068, 41894442.97343887, 41894732.97442044, 41895021.97539863, 41895310.976376824, 41895600.9773584, 41895890.97833997, 41896180.97932155, 41896470.98030312, 41896759.98128131, 41897049.98226289, 41897338.983241074, 41897628.98422265, 41897918.98520423, 41898207.986182414, 41898497.98716398, 41898786.98814218, 41899077.98912714, 41899366.99010532, 41899656.9910869]	0.0	0.0	0.0
3628.5445429328443	2.0	trials	7.0	0.0	0.0	0.0	0.0	0.0	True	40.0	0.0	0.005	[42005154.348166846, 42005444.349148415, 42005734.35013, 42006024.35111157, 42006312.35208637, 42006603.35307134, 42006892.35404952, 42007181.35502771, 42007472.35601267, 42007761.35699087, 42008051.35797244, 42008341.35895401, 42008630.3599322, 42008919.36091039, 42009210.36189535, 42009499.36287355, 42009788.36385173, 42010078.36483331, 42010368.36581488, 42010657.36679307]	0.0	0.0	0.0
3639.306131357972	2.0	trials	7.0	0.0	0.0	0.0	0.0	0.0	True	40.0	0.0	0.005	[42129710.769756556, 42129999.77073474, 42130289.77171632, 42130578.77269451, 42130868.77367608, 42131158.77465766, 42131447.77563585, 42131738.77662081, 42132027.777599, 42132316.778577186, 42132607.779562145, 42132895.78053696, 42133186.78152191, 42133475.7825001, 42133765.78348167, 42134054.78445987, 42134343.78543805, 42134633.78641963, 42134923.78740121, 42135213.78838278]	0.0	0.0	0.0
3648.0666026098475	2.0	trials	7.0	0.0	0.0	0.0	0.0	0.0	True	40.0	0.0	0.005	[42231105.11294891, 42231395.113930486, 42231685.114912055, 42231974.11589024, 42232263.11686844, 42232554.117853396, 42232843.11883159, 42233133.11981316, 42233421.12078797, 42233712.12177293, 42234001.12275112, 42234291.123732686, 42234581.12471426, 42234870.12569246, 42235160.126674026, 42235450.1276556, 42235739.12863379, 42236029.12961537, 42236319.13059694, 42236608.13157513]	0.0	0.0	0.0
3658.1522815472	2.0	trials	7.0	0.0	0.0	0.0	0.0	0.0	True	40.0	0.0	0.005	[42347837.5080564, 42348126.509034604, 42348416.51001617, 42348705.51099436, 42348995.51197594, 42349285.512957506, 42349576.51394247, 42349864.51491728, 42350154.51589885, 42350444.51688043, 42350734.517862, 42351023.51884019, 42351313.51982176, 42351602.52079996, 42351892.52178153, 42352182.5227631, 42352471.5237413, 42352760.52471948, 42353051.52570444, 42353340.52668263]	0.0	0.0	0.0
3669.2820216184227	2.0	trials	7.0	0.0	0.0	0.0	0.0	0.0	True	40.0	0.0	0.005	[42476652.94406173, 42476942.9450433, 42477232.94602487, 42477521.94700306, 42477812.94798802, 42478101.94896621, 42478391.94994779, 42478680.950925976, 42478970.95190755, 42479260.95288912, 42479549.95386731, 42479839.95484889, 42480128.95582708, 42480418.95680866, 42480708.95779023, 42480997.95876841, 42481287.95975, 42481577.960731566, 42481866.96170976, 42482155.96268795]	0.0	0.0	0.0
3675.4291432248015	2.0	trials	7.0	0.0	0.0	0.0	0.0	0.0	True	40.0	0.0	0.005	[42547800.18487583, 42548090.185857415, 42548379.1868356, 42548669.18781718, 42548959.188798755, 42549249.189780325, 42549538.19075852, 42549827.191736706, 42550117.19271828, 42550407.19369986, 42550696.194678046, 42550986.19565962, 42551276.19664119, 42551566.19762277, 42551855.19860096, 42552145.19958253, 42552435.20056411, 42552724.2015423, 42553014.20252387, 42553303.20350206]	0.0	0.0	0.0
3683.148577353042	2.0	trials	7.0	0.0	0.0	0.0	0.0	0.0	True	40.0	0.0	0.005	[42637146.48728884, 42637435.488267034, 42637724.48924522, 42638014.49022679, 42638304.49120837, 42638594.492189944, 42638884.49317152, 42639173.49414971, 42639463.495131284, 42639752.49610948, 42640041.497087665, 42640332.49807262, 42640621.49905082, 42640910.500029005, 42641200.501010574, 42641490.50199216, 42641780.50297373, 42642069.503951915, 42642358.50493011, 42642649.50591507]	0.0	0.0	0.0
3692.2431585357913	2.0	trials	7.0	0.0	0.0	0.0	0.0	0.0	True	40.0	0.0	0.005	[42742406.843566604, 42742696.84454817, 42742987.84553313, 42743275.846507944, 42743565.84748951, 42743855.84847109, 42744145.84945266, 42744434.85043085, 42744724.85141243, 42745013.85239062, 42745303.853372194, 42745592.85435038, 42745883.85533534, 42746172.856313534, 42746461.85729172, 42746751.8582733, 42747041.859254874, 42747330.86023306, 42747620.86121464, 42747910.86219621]	0.0	0.0	0.0
3697.9689923162223	2.0	trials	7.0	0.0	0.0	0.0	0.0	0.0	True	40.0	0.0	0.005	[42808678.06787672, 42808968.068858296, 42809257.06983649, 42809548.07082144, 42809836.07179625, 42810126.07277782, 42810416.0737594, 42810706.074740976, 42810995.07571916, 42811285.07670074, 42811575.07768232, 42811865.07866389, 42812154.07964208, 42812444.08062365, 42812733.08160184, 42813023.08258342, 42813312.083561614, 42813602.08454318, 42813892.08552476, 42814182.08650633]	0.0	0.0	0.0
3705.150843824888	2.0	trials	7.0	0.0	0.0	0.0	0.0	0.0	True	40.0	0.0	0.005	[42891802.34922987, 42892091.35020807, 42892381.351189636, 42892671.35217121, 42892960.35314941, 42893249.35412759, 42893540.35511255, 42893829.35609074, 42894118.35706893, 42894408.3580505, 42894698.35903208, 42894987.36001027, 42895277.36099184, 42895567.36197342, 42895857.36295499, 42896146.36393318, 42896435.36491138, 42896725.36589295, 42897015.36687452, 42897305.36785609]	0.0	0.0	0.0
3711.894645850872	2.0	trials	7.0	0.0	0.0	0.0	0.0	0.0	True	40.0	0.0	0.005	[42969855.613419004, 42970144.61439719, 42970434.61537877, 42970724.616360344, 42971013.61733853, 42971303.61832011, 42971593.61930168, 42971883.62028325, 42972172.62126145, 42972461.622239634, 42972751.62322121, 42973041.62420278, 42973331.62518436, 42973620.62616255, 42973911.6271475, 42974199.628122315, 42974489.62910389, 42974779.63008546, 42975068.63106365, 42975358.632045224]	0.0	0.0	0.0
3719.437045779898	2.0	trials	7.0	0.0	0.0	0.0	0.0	0.0	True	40.0	0.0	0.005	[43057152.90889668, 43057441.909874864, 43057731.91085644, 43058020.91183463, 43058309.912812814, 43058599.91379439, 43058888.91477258, 43059179.915757544, 43059468.91673573, 43059757.91771392, 43060047.918695495, 43060337.919677064, 43060626.92065526, 43060916.921636835, 43061206.92261841, 43061496.92359999, 43061785.924578175, 43062075.92555975, 43062364.92653794, 43062654.927519515]	0.0	0.0	0.0
3724.8908914397216	2.0	trials	7.0	0.0	0.0	0.0	0.0	0.0	True	40.0	0.0	0.005	[43120274.12254486, 43120563.12352306, 43120853.124504626, 43121143.1254862, 43121432.12646439, 43121722.127445966, 43122011.12842416, 43122302.12940912, 43122591.130387306, 43122881.13136888, 43123170.13234707, 43123460.13332865, 43123750.134310216, 43124039.13528841, 43124329.13626999, 43124619.137251556, 43124908.13822975, 43125198.13921133, 43125488.140192896, 43125777.14117109]	0.0	0.0	0.0
3731.214874444729	2.0	trials	7.0	0.0	0.0	0.0	0.0	0.0	True	40.0	0.0	0.005	[43193469.37029093, 43193757.37126573, 43194047.3722473, 43194338.37323227, 43194627.374210455, 43194916.37518864, 43195206.37617022, 43195496.377151795, 43195786.37813337, 43196076.37911494, 43196365.380093135, 43196655.38107471, 43196944.3820529, 43197234.383034475, 43197523.38401266, 43197813.38499424, 43198103.385975815, 43198392.386954, 43198682.38793558, 43198972.38891715]	0.0	0.0	0.0
3739.4412190887274	2.0	trials	7.0	0.0	0.0	0.0	0.0	0.0	True	40.0	0.0	0.005	[43288681.69255882, 43288970.693537004, 43289260.69451858, 43289549.695496775, 43289839.696478345, 43290128.69745653, 43290418.69843811, 43290708.699419685, 43290997.70039787, 43291287.70137945, 43291576.70235764, 43291866.70333922, 43292156.70432079, 43292446.70530236, 43292735.70628055, 43293025.70726213, 43293314.708240315, 43293604.70922189, 43293894.71020347, 43294183.711181656]	0.0	0.0	0.0
3748.7488633926396	2.0	trials	7.0	0.0	0.0	0.0	0.0	0.0	True	40.0	0.0	0.005	[43396408.05718335, 43396698.05816492, 43396988.05914649, 43397278.06012806, 43397567.06110626, 43397857.062087834, 43398146.06306602, 43398436.0640476, 43398726.065029174, 43399016.06601075, 43399305.06698894, 43399596.0679739, 43399884.0689487, 43400174.06993028, 43400464.07091185, 43400753.07189004, 43401043.07287161, 43401333.07385319, 43401622.07483138, 43401912.07581295]	0.0	0.0	0.0
3754.2627572557108	2.0	trials	7.0	0.0	0.0	0.0	0.0	0.0	True	40.0	0.0	0.005	[43460227.27319408, 43460516.274172276, 43460806.275153846, 43461095.27613203, 43461385.27711362, 43461674.2780918, 43461964.27907337, 43462253.28005157, 43462543.281033136, 43462832.28201133, 43463123.28299629, 43463412.28397448, 43463701.28495267, 43463991.28593425, 43464281.286915824, 43464571.28789739, 43464861.28887897, 43465150.28985716, 43465439.29083535, 43465729.29181693]	0.0	0.0	0.0
3760.3130241342615	2.0	trials	7.0	0.0	0.0	0.0	0.0	0.0	True	40.0	0.0	0.005	[43530253.510213904, 43530542.51119209, 43530833.51217705, 43531122.513155244, 43531411.51413343, 43531700.515111625, 43531991.51609658, 43532280.51707477, 43532569.518052965, 43532859.519034535, 43533149.52001612, 43533439.52099768, 43533729.52197926, 43534017.52295407, 43534307.52393564, 43534597.52491722, 43534887.52589879, 43535177.52688036, 43535466.527858555, 43535756.528840125]	0.0	0.0	0.0
3770.365784560194	2.0	trials	7.0	0.0	0.0	0.0	0.0	0.0	True	40.0	0.0	0.005	[43646604.90403182, 43646893.90501, 43647183.905991584, 43647473.90697315, 43647762.90795135, 43648052.908932924, 43648342.9099145, 43648631.91089269, 43648921.91187426, 43649210.91285245, 43649500.91383403, 43649790.9148156, 43650080.915797174, 43650368.91677198, 43650658.917753555, 43650948.91873513, 43651238.9197167, 43651528.92069828, 43651817.92167647, 43652107.92265804]	0.0	0.0	0.0
3779.374051850793	2.0	trials	7.0	0.0	0.0	0.0	0.0	0.0	True	40.0	0.0	0.005	[43750867.2569316, 43751155.257906415, 43751446.258891374, 43751736.25987294, 43752025.26085114, 43752314.261829324, 43752605.26281428, 43752894.26379248, 43753184.26477405, 43753473.26575223, 43753763.26673381, 43754052.267712004, 43754342.26869358, 43754631.26967177, 43754921.270653345, 43755212.271638304, 43755501.27261649, 43755790.27359468, 43756080.274576254, 43756370.27555783]	0.0	0.0	0.0
3787.546309911723	2.0	trials	7.0	0.0	0.0	0.0	0.0	0.0	True	40.0	0.0	0.005	[43845452.57707726, 43845742.57805884, 43846031.57903703, 43846321.5800186, 43846611.58100018, 43846901.58198175, 43847190.58295994, 43847479.58393814, 43847769.584919706, 43848059.58590128, 43848348.58687948, 43848638.587861046, 43848928.58884262, 43849218.58982419, 43849508.59080577, 43849797.59178396, 43850087.59276553, 43850376.59374373, 43850665.59472191, 43850956.59570687]	0.0	0.0	0.0
3793.495574848409	2.0	trials	7.0	0.0	0.0	0.0	0.0	0.0	True	40.0	0.0	0.005	[43914310.81014371, 43914599.811121896, 43914889.81210347, 43915179.81308505, 43915468.814063236, 43915758.81504481, 43916047.816023, 43916337.81700458, 43916627.81798615, 43916917.81896772, 43917207.81994931, 43917496.82092749, 43917786.82190906, 43918075.82288726, 43918365.823868826, 43918654.82484702, 43918944.8258286, 43919233.82680678, 43919524.82779175, 43919813.82876993]	0.0	0.0	0.0
3799.862066797298	2.0	trials	7.0	0.0	0.0	0.0	0.0	0.0	True	40.0	0.0	0.005	[43987997.05955168, 43988287.06053325, 43988576.06151144, 43988866.06249302, 43989155.063471206, 43989445.06445278, 43989734.06543098, 43990025.066415936, 43990315.067397505, 43990603.06837231, 43990893.069353886, 43991183.07033546, 43991473.07131703, 43991762.072295226, 43992052.073276795, 43992342.07425837, 43992631.07523657, 43992921.076218136, 43993210.07719633, 43993500.07817791]	0.0	0.0	0.0
3807.211707673887	2.0	trials	7.0	0.0	0.0	0.0	0.0	0.0	True	40.0	0.0	0.005	[44073062.34747461, 44073351.3484528, 44073640.34943099, 44073930.35041256, 44074220.35139414, 44074509.352372326, 44074800.353357285, 44075089.35433548, 44075379.35531705, 44075668.35629524, 44075958.35727682, 44076247.35825501, 44076537.35923658, 44076826.36021477, 44077117.36119973, 44077407.362181306, 44077695.36315611, 44077986.36414108, 44078275.365119256, 44078564.36609745]	0.0	0.0	0.0
3815.203993925659	2.0	trials	7.0	0.0	0.0	0.0	0.0	0.0	True	40.0	0.0	0.005	[44165564.660569854, 44165854.66155142, 44166145.66253638, 44166434.66351458, 44166723.66449276, 44167013.66547434, 44167303.66645592, 44167592.66743411, 44167881.66841229, 44168171.66939387, 44168461.670375444, 44168750.67135363, 44169040.672335215, 44169330.673316784, 44169620.67429836, 44169909.67527655, 44170199.676258124, 44170488.67723631, 44170778.67821789, 44171067.67919608]	0.0	0.0	0.0
3823.3219062026424	2.0	trials	7.0	0.0	0.0	0.0	0.0	0.0	True	40.0	0.0	0.005	[44259522.978593275, 44259811.97957147, 44260100.980549656, 44260390.98153123, 44260680.9825128, 44260970.98349438, 44261259.98447257, 44261549.98545414, 44261839.98643573, 44262128.98741391, 44262418.98839548, 44262708.98937706, 44262997.990355246, 44263286.99133344, 44263576.99231502, 44263866.99329659, 44264156.99427816, 44264445.99525635, 44264735.996237926, 44265025.9972195]	0.0	0.0	0.0
3831.079615660435	2.0	trials	7.0	0.0	0.0	0.0	0.0	0.0	True	40.0	0.0	0.005	[44349310.282498956, 44349599.28347714, 44349889.28445871, 44350179.28544029, 44350469.286421865, 44350759.28740344, 44351048.28838163, 44351337.289359815, 44351627.29034139, 44351917.29132297, 44352206.292301156, 44352497.293286115, 44352786.29426431, 44353076.295245886, 44353365.29622407, 44353655.29720564, 44353944.298183836, 44354234.29916541, 44354524.30014698, 44354813.301125176]	0.0	0.0	0.0
3839.8159812307185	2.0	trials	7.0	0.0	0.0	0.0	0.0	0.0	True	40.0	0.0	0.005	[44450425.62474696, 44450715.62572853, 44451004.62670673, 44451294.6276883, 44451584.62866987, 44451874.62965145, 44452164.63063302, 44452452.63160783, 44452742.63258941, 44453032.633570984, 44453321.63454916, 44453612.63553412, 44453901.63651232, 44454191.63749389, 44454481.63847547, 44454770.63945366, 44455059.64043185, 44455349.64141342, 44455639.64239499, 44455929.643376574]	0.0	0.0	0.0
3848.83383895378	2.0	trials	7.0	0.0	0.0	0.0	0.0	0.0	True	40.0	0.0	0.005	[44554798.978022456, 44555088.97900403, 44555377.97998223, 44555667.98096379, 44555956.98194198, 44556247.98292694, 44556536.98390514, 44556826.98488671, 44557116.98586828, 44557404.98684309, 44557694.98782466, 44557985.98880962, 44558274.98978782, 44558563.990766004, 44558853.99174758, 44559143.99272916, 44559433.99371073, 44559722.99468891, 44560012.99567049, 44560301.996648684]	0.0	0.0	0.0
3859.015940617497	2.0	trials	7.0	0.0	0.0	0.0	0.0	0.0	True	40.0	0.0	0.005	[44672647.37690733, 44672936.37788552, 44673227.37887048, 44673517.37985205, 44673806.380830236, 44674095.38180843, 44674385.38279001, 44674675.383771576, 44674964.38474978, 44675254.38573134, 44675543.38670953, 44675833.38769111, 44676123.38867268, 44676413.389654264, 44676702.39063245, 44676992.39161403, 44677281.39259221, 44677572.39357717, 44677861.39455536, 44678151.39553694]	0.0	0.0	0.0
3869.036214533471	2.0	trials	7.0	0.0	0.0	0.0	0.0	0.0	True	40.0	0.0	0.005	[44788623.76945596, 44788911.770430766, 44789201.77141234, 44789492.7723973, 44789782.77337887, 44790070.77435368, 44790360.77533525, 44790650.77631683, 44790939.77729502, 44791229.77827659, 44791519.77925817, 44791809.78023974, 44792098.78121793, 44792388.78219951, 44792677.783177696, 44792967.78415928, 44793257.78514085, 44793546.78611904, 44793836.78710061, 44794126.78808219]	0.0	0.0	0.0
3875.5043132262726	2.0	trials	7.0	0.0	0.0	0.0	0.0	0.0	True	40.0	0.0	0.005	[44863486.02284439, 44863775.023822576, 44864065.02480415, 44864355.02578573, 44864644.026763916, 44864934.027745485, 44865223.02872368, 44865513.029705256, 44865802.03068344, 44866093.0316684, 44866381.032643214, 44866671.03362478, 44866961.03460636, 44867251.03558793, 44867541.036569506, 44867830.0375477, 44868120.03852927, 44868410.03951085, 44868699.04048903, 44868988.04146723]	0.0	0.0	0.0
4009.2181834123157	2.0	trials	8.0	0.0	0.0	0.0	0.0	0.0	True	40.0	0.0	0.005	[46411100.26109888, 46411389.26207706, 46411679.26305863, 46411969.26404021, 46412258.2650184, 46412547.26599659, 46412837.26697817, 46413127.267959744, 46413416.26893793, 46413706.26991951, 46413996.27090108, 46414285.27187927, 46414575.27286085, 46414864.273839034, 46415155.274824, 46415444.27580218, 46415733.276780374, 46416023.27776195, 46416313.27874352, 46416602.279721715]	0.0	0.0	0.0
4016.411266958998	2.0	trials	8.0	0.0	0.0	0.0	0.0	0.0	True	40.0	0.0	0.005	[46494353.542888656, 46494642.54386684, 46494931.54484504, 46495221.54582661, 46495510.54680479, 46495800.54778638, 46496090.54876795, 46496380.54974952, 46496670.55073109, 46496958.5517059, 46497248.55268747, 46497538.55366905, 46497828.55465063, 46498117.555628814, 46498406.55660701, 46498697.55759196, 46498986.558570154, 46499276.55955173, 46499566.56053331, 46499855.561511494]	0.0	0.0	0.0
4024.6256019623474	2.0	trials	8.0	0.0	0.0	0.0	0.0	0.0	True	40.0	0.0	0.005	[46589425.86468268, 46589715.86566425, 46590005.86664583, 46590295.8676274, 46590584.86860559, 46590874.86958717, 46591163.870565355, 46591453.87154693, 46591744.87253189, 46592032.873506695, 46592322.874488264, 46592611.875466466, 46592901.876448035, 46593190.87742622, 46593480.878407806, 46593771.879392765, 46594060.88037095, 46594350.88135252, 46594639.882330716, 46594929.88331229]	0.0	0.0	0.0
4030.784733209376	2.0	trials	8.0	0.0	0.0	0.0	0.0	0.0	True	40.0	0.0	0.005	[46660713.10597066, 46661002.106948845, 46661292.10793042, 46661582.108912, 46661871.109890185, 46662160.11086837, 46662450.11184995, 46662740.112831526, 46663029.11380971, 46663319.11479129, 46663609.115772866, 46663899.11675444, 46664188.11773263, 46664478.1187142, 46664767.11969239, 46665057.12067397, 46665347.121655546, 46665636.12263374, 46665926.1236153, 46666216.12459689]	0.0	0.0	0.0
4037.1866492781664	2.0	trials	8.0	0.0	0.0	0.0	0.0	0.0	True	40.0	0.0	0.005	[46734809.35676637, 46735098.35774456, 46735387.35872275, 46735678.359707706, 46735967.3606859, 46736257.36166748, 46736546.36264566, 46736836.36362724, 46737125.36460543, 46737415.365587, 46737705.36656858, 46737995.36755015, 46738284.368528344, 46738573.36950653, 46738863.370488115, 46739153.37146968, 46739442.37244788, 46739732.37342945, 46740022.37441102, 46740312.3753926]	0.0	0.0	0.0
4042.5424306060686	2.0	trials	8.0	0.0	0.0	0.0	0.0	0.0	True	40.0	0.0	0.005	[46796796.566576265, 46797086.567557834, 46797375.56853603, 46797665.569517605, 46797955.57049918, 46798244.571477376, 46798534.572458945, 46798824.573440515, 46799114.57442209, 46799403.575400285, 46799692.57637847, 46799982.57736005, 46800272.578341626, 46800562.5793232, 46800851.58030139, 46801140.581279576, 46801431.582264535, 46801721.58324611, 46802010.5842243, 46802299.58520249]	0.0	0.0	0.0
4052.7017225925815	2.0	trials	8.0	0.0	0.0	0.0	0.0	0.0	True	40.0	0.0	0.005	[46914380.964567564, 46914670.96554914, 46914961.9665341, 46915249.9675089, 46915540.968493864, 46915829.96947205, 46916118.970450245, 46916408.97143182, 46916698.97241339, 46916987.97339158, 46917277.974373154, 46917566.97535135, 46917856.976332925, 46918146.977314495, 46918436.97829607, 46918725.97927426, 46919015.980255835, 46919304.98123402, 46919594.9822156, 46919884.983197175]	0.0	0.0	0.0
4062.1686026354637	2.0	trials	8.0	0.0	0.0	0.0	0.0	0.0	True	40.0	0.0	0.005	[47023951.33543355, 47024241.33641513, 47024530.33739332, 47024819.33837151, 47025110.33935647, 47025399.34033466, 47025689.34131623, 47025979.34229781, 47026268.343275994, 47026558.34425757, 47026848.34523915, 47027137.346217334, 47027427.34719891, 47027716.3481771, 47028006.349158674, 47028296.35014025, 47028586.35112182, 47028875.35210002, 47029165.35308159, 47029455.35406316]	0.0	0.0	0.0
4069.400566313745	2.0	trials	8.0	0.0	0.0	0.0	0.0	0.0	True	40.0	0.0	0.005	[47107654.61874647, 47107945.619731426, 47108234.62070962, 47108523.62168781, 47108813.622669384, 47109103.62365095, 47109392.62462914, 47109682.625610724, 47109972.62659229, 47110261.62757049, 47110552.62855545, 47110840.62953024, 47111130.63051183, 47111420.6314934, 47111710.632474974, 47111999.63345317, 47112288.634431355, 47112579.635416314, 47112868.6363945, 47113158.63737608]	0.0	0.0	0.0
4074.870655228548	2.0	trials	8.0	0.0	0.0	0.0	0.0	0.0	True	40.0	0.0	0.005	[47170967.83304453, 47171255.83401933, 47171545.83500091, 47171835.83598248, 47172125.836964056, 47172413.83793887, 47172704.83892382, 47172994.839905396, 47173283.84088358, 47173573.84186516, 47173862.842843354, 47174152.84382492, 47174441.84480312, 47174731.84578469, 47175021.84676626, 47175311.84774784, 47175600.84872603, 47175890.8497076, 47176180.85068918, 47176470.85167076]	0.0	0.0	0.0
4083.9236778706327	2.0	trials	8.0	0.0	0.0	0.0	0.0	0.0	True	40.0	0.0	0.005	[47275746.18769084, 47276037.1886758, 47276326.18965399, 47276616.19063557, 47276905.191613756, 47277195.192595325, 47277485.1935769, 47277775.19455848, 47278064.19553667, 47278353.19651486, 47278643.19749644, 47278933.19847801, 47279223.19945958, 47279511.20043439, 47279801.20141596, 47280092.20240092, 47280381.20337911, 47280670.20435731, 47280961.20534226, 47281249.20631707]	0.0	0.0	0.0
4092.1947778661156	2.0	trials	8.0	0.0	0.0	0.0	0.0	0.0	True	40.0	0.0	0.005	[47371477.51171541, 47371767.51269699, 47372056.513675176, 47372346.51465675, 47372635.51563494, 47372925.516616516, 47373214.51759471, 47373505.51857967, 47373795.51956124, 47374084.520539425, 47374374.521521, 47374663.522499196, 47374953.52348077, 47375242.52445896, 47375532.52544054, 47375822.526422106, 47376111.5274003, 47376401.52838187, 47376690.52936006, 47376980.53034164]	0.0	0.0	0.0
4099.068439531639	2.0	trials	8.0	0.0	0.0	0.0	0.0	0.0	True	40.0	0.0	0.005	[47451033.78099181, 47451323.78197338, 47451613.78295495, 47451902.78393314, 47452191.78491133, 47452481.785892904, 47452771.78687449, 47453060.787852675, 47453350.78883424, 47453640.78981582, 47453930.7907974, 47454219.791775584, 47454508.79275378, 47454798.79373535, 47455087.794713534, 47455378.79569849, 47455668.79668008, 47455957.79765826, 47456247.79863984, 47456536.79961803]	0.0	0.0	0.0
4107.403648544115	2.0	trials	8.0	0.0	0.0	0.0	0.0	0.0	True	40.0	0.0	0.005	[47547506.107524455, 47547796.10850604, 47548085.10948423, 47548375.1104658, 47548664.11144399, 47548954.112425566, 47549244.11340715, 47549533.11438534, 47549824.115370296, 47550112.11634509, 47550402.11732668, 47550692.118308246, 47550982.11928982, 47551272.12027139, 47551561.121249594, 47551850.12222778, 47552141.12321274, 47552430.12419093, 47552719.125169106, 47553009.12615069]	0.0	0.0	0.0
4113.048957251991	2.0	trials	8.0	0.0	0.0	0.0	0.0	0.0	True	40.0	0.0	0.005	[47612844.32867662, 47613134.329658195, 47613423.33063638, 47613714.33162135, 47614003.332599536, 47614292.33357773, 47614582.3345593, 47614872.335540876, 47615162.336522445, 47615452.33750403, 47615741.33848222, 47616030.33946041, 47616320.34044199, 47616610.34142355, 47616900.34240513, 47617189.34338332, 47617479.34436489, 47617769.34534647, 47618058.34632467, 47618348.34730624]	0.0	0.0	0.0
4119.3370841356345	2.0	trials	8.0	0.0	0.0	0.0	0.0	0.0	True	40.0	0.0	0.005	[47685624.575018026, 47685914.57599959, 47686203.57697779, 47686493.57795935, 47686783.578940935, 47687072.57991912, 47687362.5809007, 47687651.581878886, 47687941.58286047, 47688231.58384203, 47688521.58482361, 47688810.585801795, 47689099.58677998, 47689389.587761566, 47689678.58873976, 47689968.58972133, 47690258.590702906, 47690548.591684476, 47690838.59266605, 47691127.59364424]	0.0	0.0	0.0
4126.458973841345	2.0	trials	8.0	0.0	0.0	0.0	0.0	0.0	True	40.0	0.0	0.005	[47768052.85401539, 47768342.854996964, 47768631.85597516, 47768921.85695673, 47769211.857938305, 47769501.858919874, 47769790.85989807, 47770080.86087964, 47770369.86185783, 47770659.862839416, 47770949.863820985, 47771238.86479918, 47771527.865777366, 47771817.86675893, 47772107.86774051, 47772397.86872208, 47772686.869700275, 47772976.87068186, 47773266.87166342, 47773556.87264499]	0.0	0.0	0.0
4133.804726704774	2.0	trials	8.0	0.0	0.0	0.0	0.0	0.0	True	40.0	0.0	0.005	[47853073.14178601, 47853363.14276758, 47853652.14374577, 47853942.14472734, 47854232.14570892, 47854522.1466905, 47854811.14766869, 47855101.14865025, 47855390.149628446, 47855679.15060665, 47855970.1515916, 47856259.15256979, 47856549.15355136, 47856839.15453295, 47857128.15551113, 47857418.156492695, 47857708.15747427, 47857998.158455856, 47858287.15943404, 47858577.16041562]	0.0	0.0	0.0
4143.876927196505	2.0	trials	8.0	0.0	0.0	0.0	0.0	0.0	True	40.0	0.0	0.005	[47969649.53636549, 47969939.53734706, 47970228.53832525, 47970519.53931021, 47970808.540288396, 47971098.54126997, 47971387.54224816, 47971677.543229744, 47971967.54421132, 47972256.54518951, 47972546.54617108, 47972836.54715265, 47973125.54813084, 47973414.549109034, 47973704.5500906, 47973994.55107218, 47974283.55205037, 47974573.55303195, 47974863.55401351, 47975152.554991715]	0.0	0.0	0.0
4151.0249097905335	2.0	trials	8.0	0.0	0.0	0.0	0.0	0.0	True	40.0	0.0	0.005	[48052380.81638844, 48052671.817373395, 48052960.81835159, 48053249.81932977, 48053539.820311345, 48053828.82128954, 48054119.82227449, 48054407.8232493, 48054698.824234255, 48054987.82521245, 48055277.82619402, 48055567.8271756, 48055856.8281538, 48056145.82913198, 48056436.83011694, 48056725.83109513, 48057015.832076706, 48057305.833058275, 48057594.83403646, 48057884.835018046]	0.0	0.0	0.0
4160.005269786674	2.0	trials	8.0	0.0	0.0	0.0	0.0	0.0	True	40.0	0.0	0.005	[48156321.16819833, 48156611.16917992, 48156900.170158096, 48157190.17113967, 48157480.17212125, 48157769.173099436, 48158059.17408102, 48158348.175059214, 48158638.176040776, 48158928.177022345, 48159218.17800393, 48159507.178982124, 48159796.17996031, 48160086.18094189, 48160376.18192346, 48160666.18290503, 48160955.18388322, 48161245.18486479, 48161534.18584298, 48161824.18682457]	0.0	0.0	0.0
4169.088964532575	2.0	trials	8.0	0.0	0.0	0.0	0.0	0.0	True	40.0	0.0	0.005	[48261456.52405301, 48261745.525031194, 48262035.52601276, 48262325.52699434, 48262615.52797591, 48262904.5289541, 48263194.52993569, 48263483.530913875, 48263773.53189545, 48264063.53287702, 48264352.5338552, 48264642.534836784, 48264932.53581836, 48265220.536793165, 48265510.537774734, 48265800.53875632, 48266090.53973788, 48266380.54071946, 48266670.54170104, 48266959.54267923]	0.0	0.0	0.0
4177.39868545878	2.0	trials	8.0	0.0	0.0	0.0	0.0	0.0	True	40.0	0.0	0.005	[48357633.84958717, 48357923.85056874, 48358212.85154692, 48358503.85253189, 48358791.85350669, 48359081.85448827, 48359370.855466455, 48359660.85644804, 48359950.857429616, 48360240.85841118, 48360530.85939276, 48360819.86037095, 48361109.861352526, 48361399.8623341, 48361688.8633123, 48361978.86429386, 48362267.865272045, 48362556.86625025, 48362847.867235206, 48363136.86821339]	0.0	0.0	0.0
4184.557208888487	2.0	trials	8.0	0.0	0.0	0.0	0.0	0.0	True	40.0	0.0	0.005	[48440486.13001967, 48440777.131004624, 48441065.13197942, 48441355.132961005, 48441645.13394258, 48441935.134924166, 48442225.13590573, 48442514.136883914, 48442803.13786211, 48443094.138847075, 48443382.13982187, 48443672.14080345, 48443962.141785026, 48444252.14276659, 48444542.14374817, 48444831.14472636, 48445121.145707935, 48445410.14668612, 48445700.147667706, 48445990.14864928]	0.0	0.0	0.0
4190.739841015059	2.0	trials	8.0	0.0	0.0	0.0	0.0	0.0	True	40.0	0.0	0.005	[48512044.372224905, 48512334.37320649, 48512624.37418806, 48512914.375169635, 48513202.37614444, 48513492.377126016, 48513782.378107585, 48514072.37908916, 48514362.380070746, 48514652.38105231, 48514941.3820305, 48515230.383008696, 48515520.38399026, 48515810.38497184, 48516099.38595003, 48516390.386934996, 48516678.38790979, 48516968.38889138, 48517257.389869556, 48517548.390854515]	0.0	0.0	0.0
4198.513102525491	2.0	trials	8.0	0.0	0.0	0.0	0.0	0.0	True	40.0	0.0	0.005	[48602013.67674661, 48602302.67772479, 48602592.67870637, 48602881.67968456, 48603171.68066614, 48603461.68164771, 48603750.682625905, 48604041.68361086, 48604329.68458565, 48604620.68557062, 48604909.686548814, 48605198.687527, 48605488.68850858, 48605777.689486764, 48606068.69047172, 48606357.69144991, 48606647.692431495, 48606936.69340968, 48607226.69439126, 48607515.695369445]	0.0	0.0	0.0
4208.4495681577955	2.0	trials	8.0	0.0	0.0	0.0	0.0	0.0	True	40.0	0.0	0.005	[48717018.066005275, 48717308.066986844, 48717597.06796504, 48717887.06894662, 48718176.06992481, 48718467.07090977, 48718756.07188795, 48719045.072866134, 48719336.0738511, 48719625.074829295, 48719914.07580748, 48720204.07678906, 48720494.07777063, 48720784.078752205, 48721073.07973039, 48721362.08070858, 48721652.08169016, 48721942.08267174, 48722232.08365331, 48722521.08463149]	0.0	0.0	0.0
4218.919037194177	2.0	trials	8.0	0.0	0.0	0.0	0.0	0.0	True	40.0	0.0	0.005	[48838192.47614778, 48838482.47712936, 48838772.47811094, 48839061.479089126, 48839351.48007071, 48839640.4810489, 48839930.48203047, 48840220.483012035, 48840509.48399022, 48840799.48497181, 48841089.48595338, 48841378.48693157, 48841667.487909764, 48841957.48889133, 48842248.48987629, 48842537.49085448, 48842826.49183267, 48843116.49281425, 48843406.49379583, 48843695.494774014]	0.0	0.0	0.0
4226.084127046109	2.0	trials	8.0	0.0	0.0	0.0	0.0	0.0	True	40.0	0.0	0.005	[48921122.7568443, 48921411.75782249, 48921701.75880406, 48921991.75978564, 48922280.760763824, 48922569.76174202, 48922859.7627236, 48923149.763705164, 48923438.76468336, 48923728.76566493, 48924017.766643114, 48924307.7676247, 48924597.76860627, 48924886.76958446, 48925176.770566046, 48925466.77154761, 48925756.77252918, 48926045.77350737, 48926335.774488956, 48926624.77546714]	0.0	0.0	0.0
4235.965901293298	2.0	trials	8.0	0.0	0.0	0.0	0.0	0.0	True	40.0	0.0	0.005	[49035494.14396043, 49035785.14494538, 49036074.14592358, 49036364.14690515, 49036654.14788673, 49036943.148864925, 49037232.149843104, 49037522.15082469, 49037811.151802875, 49038101.15278444, 49038391.15376602, 49038681.15474759, 49038970.155725785, 49039260.156707354, 49039550.15768893, 49039839.15866712, 49040129.159648694, 49040418.16062688, 49040708.161608465, 49040998.16259004]	0.0	0.0	0.0
4245.811560218245	2.0	trials	8.0	0.0	0.0	0.0	0.0	0.0	True	40.0	0.0	0.005	[49149448.52966512, 49149738.53064669, 49150027.53162488, 49150317.53260647, 49150607.53358803, 49150896.534566216, 49151186.53554779, 49151476.53652938, 49151765.537507564, 49152055.53848914, 49152345.53947071, 49152635.54045228, 49152924.54143047, 49153214.54241204, 49153503.54339024, 49153793.54437182, 49154082.54535001, 49154372.546331584, 49154661.54730977, 49154952.54829473]	0.0	0.0	0.0
4256.324834202894	2.0	trials	8.0	0.0	0.0	0.0	0.0	0.0	True	40.0	0.0	0.005	[49271130.94152708, 49271419.94250527, 49271708.943483464, 49271998.94446503, 49272288.94544661, 49272577.946424805, 49272867.94740637, 49273157.94838795, 49273446.949366145, 49273736.950347714, 49274025.95132591, 49274315.95230748, 49274606.95329244, 49274895.95427062, 49275184.95524882, 49275474.9562304, 49275763.95720858, 49276054.95819353, 49276343.959171735, 49276633.960153304]	0.0	0.0	0.0
4262.5816841806745	2.0	trials	8.0	0.0	0.0	0.0	0.0	0.0	True	40.0	0.0	0.005	[49343547.186636426, 49343838.187621385, 49344127.18859957, 49344416.18957777, 49344706.19055935, 49344996.19154092, 49345285.19251911, 49345575.19350068, 49345866.19448564, 49346155.19546383, 49346444.196442015, 49346734.1974236, 49347023.198401794, 49347313.19938336, 49347602.20036156, 49347892.20134313, 49348182.2023247, 49348472.20330627, 49348762.20428786, 49349051.20526605]	0.0	0.0	0.0
4270.244180516196	2.0	trials	8.0	0.0	0.0	0.0	0.0	0.0	True	40.0	0.0	0.005	[49432234.486818895, 49432523.48779708, 49432813.48877866, 49433102.489756845, 49433391.49073503, 49433682.49171999, 49433971.49269818, 49434261.493679754, 49434550.49465794, 49434840.495639525, 49435130.4966211, 49435419.49759929, 49435709.49858087, 49435999.499562435, 49436288.50054063, 49436578.5015222, 49436868.50250378, 49437157.50348197, 49437447.504463546, 49437736.50544173]	0.0	0.0	0.0
4276.651799004288	2.0	trials	8.0	0.0	0.0	0.0	0.0	0.0	True	40.0	0.0	0.005	[49506395.737834625, 49506685.73881619, 49506974.73979437, 49507264.74077595, 49507554.74175753, 49507843.74273572, 49508133.74371729, 49508422.744695485, 49508713.74568044, 49509002.74665863, 49509292.7476402, 49509581.748618394, 49509871.74959998, 49510161.75058155, 49510450.75155974, 49510740.7525413, 49511029.7535195, 49511320.75450446, 49511609.755482644, 49511899.75646423]	0.0	0.0	0.0
4285.873820618388	2.0	trials	8.0	0.0	0.0	0.0	0.0	0.0	True	40.0	0.0	0.005	[49613133.09911163, 49613422.10008982, 49613711.10106801, 49614002.102052964, 49614291.103031166, 49614580.10400936, 49614870.10499092, 49615161.10597589, 49615449.10695069, 49615739.10793227, 49616029.108913854, 49616319.109895416, 49616609.11087699, 49616897.111851804, 49617187.112833366, 49617477.11381495, 49617767.11479652, 49618056.11577471, 49618346.1167563, 49618635.11773448]	0.0	0.0	0.0
4296.379836978473	2.0	trials	8.0	0.0	0.0	0.0	0.0	0.0	True	40.0	0.0	0.005	[49734729.510682516, 49735019.511664085, 49735308.512642264, 49735599.51362723, 49735889.51460881, 49736177.51558361, 49736467.516565196, 49736757.51754676, 49737047.51852834, 49737337.51950991, 49737626.520488106, 49737915.52146629, 49738205.52244787, 49738495.52342944, 49738785.524411015, 49739075.5253926, 49739363.526367396, 49739654.52735236, 49739943.52833055, 49740233.52931213]	0.0	0.0	0.0
4302.542424237198	2.0	trials	8.0	0.0	0.0	0.0	0.0	0.0	True	40.0	0.0	0.005	[49806055.7521025, 49806344.75308068, 49806635.75406564, 49806924.75504383, 49807214.75602541, 49807504.75700699, 49807793.757985175, 49808082.75896336, 49808372.75994494, 49808662.76092651, 49808952.761908084, 49809241.76288627, 49809531.763867855, 49809820.76484605, 49810110.76582762, 49810400.76680918, 49810690.767790765, 49810980.76877234, 49811269.76975053, 49811559.77073211]	0.0	0.0	0.0
4308.614031987983	2.0	trials	8.0	0.0	0.0	0.0	0.0	0.0	True	40.0	0.0	0.005	[49876329.989961736, 49876619.990943305, 49876908.9919215, 49877197.992899686, 49877487.99388127, 49877776.99485945, 49878066.99584102, 49878357.996825986, 49878646.99780418, 49878935.99878237, 49879225.99976394, 49879516.00074551, 49879805.00172369, 49880095.002705276, 49880385.00368685, 49880675.00466844, 49880964.00564662, 49881254.006628186, 49881543.00760639, 49881833.00858795]	0.0	0.0	0.0
4319.731762418556	2.0	trials	8.0	0.0	0.0	0.0	0.0	0.0	True	40.0	0.0	0.005	[50005007.42549996, 50005297.42648152, 50005586.42745971, 50005875.42843791, 50006165.42941947, 50006455.43040106, 50006744.43137925, 50007034.43236082, 50007324.433342405, 50007613.43432059, 50007904.43530555, 50008193.43628373, 50008483.437265314, 50008772.4382435, 50009061.439221695, 50009351.440203264, 50009641.44118485, 50009931.44216641, 50010221.44314799, 50010510.444126174]	0.0	0.0	0.0
4330.394249708252	2.0	trials	8.0	0.0	0.0	0.0	0.0	0.0	True	40.0	0.0	0.005	[50128415.84320398, 50128705.84418556, 50128994.845163755, 50129284.84614532, 50129573.8471235, 50129862.848101705, 50130152.84908327, 50130442.85006485, 50130732.85104642, 50131022.852028, 50131312.85300957, 50131600.85398438, 50131891.85496933, 50132180.855947524, 50132469.85692571, 50132759.857907295, 50133049.85888887, 50133338.85986706, 50133629.86085201, 50133918.861830205]	0.0	0.0	0.0
4341.305224239012	2.0	trials	8.0	0.0	0.0	0.0	0.0	0.0	True	40.0	0.0	0.005	[50254699.27063912, 50254989.271620706, 50255279.27260228, 50255569.27358387, 50255858.27456205, 50256148.275543615, 50256438.2765252, 50256726.2775, 50257017.27848496, 50257306.27946315, 50257595.280441344, 50257885.28142291, 50258175.2824045, 50258465.28338606, 50258754.28436425, 50259044.28534582, 50259333.28632402, 50259624.28730898, 50259912.28828379, 50260202.289265364]	0.0	0.0	0.0
4352.018514900664	2.0	trials	8.0	0.0	0.0	0.0	0.0	0.0	True	40.0	0.0	0.005	[50378696.69033678, 50378985.691314965, 50379274.692293145, 50379564.69327473, 50379854.69425629, 50380144.695237875, 50380433.69621606, 50380723.69719764, 50381012.698175825, 50381302.6991574, 50381592.700138986, 50381882.70112055, 50382171.702098735, 50382461.70308032, 50382751.704061896, 50383040.70504008, 50383329.70601828, 50383619.706999846, 50383909.70798142, 50384198.70895962]	0.0	0.0	0.0
4360.742611629421	2.0	trials	8.0	0.0	0.0	0.0	0.0	0.0	True	40.0	0.0	0.005	[50479670.03210414, 50479959.03308233, 50480249.03406391, 50480539.03504549, 50480828.03602368, 50481118.03700525, 50481408.03798682, 50481697.038965024, 50481987.039946586, 50482276.04092478, 50482567.04190975, 50482856.04288793, 50483145.04386612, 50483435.0448477, 50483725.04582927, 50484014.04680746, 50484304.04778903, 50484594.04877061, 50484883.04974879, 50485173.05073038]	0.0	0.0	0.0
4370.607278618707	2.0	trials	8.0	0.0	0.0	0.0	0.0	0.0	True	40.0	0.0	0.005	[50593843.4185501, 50594133.41953168, 50594423.42051324, 50594713.42149482, 50595002.422473006, 50595292.42345459, 50595582.42443616, 50595871.42541435, 50596161.42639594, 50596450.42737412, 50596739.428352304, 50597030.42933726, 50597319.43031545, 50597609.431297034, 50597899.43227861, 50598188.4332568, 50598478.43423836, 50598767.43521656, 50599057.43619813, 50599347.43717971]	0.0	0.0	0.0
4375.802441802958	2.0	trials	8.0	0.0	0.0	0.0	0.0	0.0	True	40.0	0.0	0.005	[50653973.62207452, 50654261.62304934, 50654552.62403429, 50654841.62501249, 50655131.62599406, 50655421.62697563, 50655710.62795382, 50655999.628932014, 50656289.62991359, 50656579.63089516, 50656869.63187674, 50657158.632854916, 50657448.6338365, 50657738.63481808, 50658028.63579966, 50658318.63678122, 50658606.63775604, 50658896.638737604, 50659185.639715806, 50659475.64069737]	0.0	0.0	0.0
4386.02325079769	2.0	trials	8.0	0.0	0.0	0.0	0.0	0.0	True	40.0	0.0	0.005	[50772269.02247238, 50772560.02345733, 50772849.02443553, 50773138.02541372, 50773427.026391916, 50773717.02737348, 50774007.02835505, 50774297.02933663, 50774586.030314825, 50774877.03129978, 50775166.03227797, 50775456.03325954, 50775745.034237735, 50776035.035219304, 50776324.0361975, 50776614.03717908, 50776904.03816065, 50777193.03913884, 50777483.040120415, 50777773.041101985]	0.0	0.0	0.0
4395.017348440329	2.0	trials	8.0	0.0	0.0	0.0	0.0	0.0	True	40.0	0.0	0.005	[50876367.374817066, 50876657.37579864, 50876947.37678023, 50877236.37775841, 50877526.378739975, 50877815.37971817, 50878105.380699754, 50878395.38168132, 50878684.38265952, 50878974.38364109, 50879264.384622656, 50879553.38560086, 50879842.38657905, 50880132.38756061, 50880422.38854218, 50880712.38952377, 50881001.39050196, 50881291.39148353, 50881581.39246511, 50881871.39344668]	0.0	0.0	0.0
4405.478436648344	2.0	trials	8.0	0.0	0.0	0.0	0.0	0.0	True	40.0	0.0	0.005	[50997444.78463126, 50997734.78561284, 50998024.78659442, 50998313.78757261, 50998602.7885508, 50998892.78953237, 50999182.79051395, 50999471.791492134, 50999761.7924737, 51000051.79345528, 51000341.794436865, 51000630.79541505, 51000920.79639663, 51001209.797374815, 51001499.79835638, 51001789.79933796, 51002078.800316155, 51002368.801297724, 51002657.80227592, 51002948.80326087]	0.0	0.0	0.0
4410.887699757267	2.0	trials	8.0	0.0	0.0	0.0	0.0	0.0	True	40.0	0.0	0.005	[51060051.9965397, 51060341.99752127, 51060631.99850285, 51060921.99948441, 51061212.000466, 51061501.00144419, 51061791.00242576, 51062081.00340734, 51062370.00438552, 51062660.00536711, 51062949.0063453, 51063239.00732686, 51063529.00830844, 51063818.00928663, 51064108.010268204, 51064397.0112464, 51064688.01223135, 51064977.01320955, 51065266.014187746, 51065557.0151727]	0.0	0.0	0.0
4440.11648668897	2.0	trials	9.0	0.0	0.0	0.0	0.0	0.0	True	5.0	0.0	0.01	[51398396.14174288, 51400713.14958531, 51403030.15742775, NaN, NaN, NaN, NaN, NaN, NaN, NaN, NaN, NaN, NaN, NaN, NaN, NaN, NaN, NaN, NaN, NaN]	0.0	0.0	0.0
4445.9663912893475	2.0	trials	9.0	0.0	0.0	0.0	0.0	0.0	True	5.0	0.0	0.01	[51466103.37091348, 51468420.37875593, 51470737.38659837, NaN, NaN, NaN, NaN, NaN, NaN, NaN, NaN, NaN, NaN, NaN, NaN, NaN, NaN, NaN, NaN, NaN]	0.0	0.0	0.0
4454.426794325572	2.0	trials	9.0	0.0	0.0	0.0	0.0	0.0	True	5.0	0.0	0.01	[51564024.70235064, 51566341.71019308, 51568658.71803552, NaN, NaN, NaN, NaN, NaN, NaN, NaN, NaN, NaN, NaN, NaN, NaN, NaN, NaN, NaN, NaN, NaN]	0.0	0.0	0.0
4459.7430043195345	2.0	trials	9.0	0.0	0.0	0.0	0.0	0.0	True	5.0	0.0	0.01	[51625554.9106137, 51627871.918456145, 51630188.92629859, NaN, NaN, NaN, NaN, NaN, NaN, NaN, NaN, NaN, NaN, NaN, NaN, NaN, NaN, NaN, NaN, NaN]	0.0	0.0	0.0
4465.418812330642	2.0	trials	9.0	0.0	0.0	0.0	0.0	0.0	True	5.0	0.0	0.01	[51691247.13296407, 51693564.14080651, 51695881.14864893, NaN, NaN, NaN, NaN, NaN, NaN, NaN, NaN, NaN, NaN, NaN, NaN, NaN, NaN, NaN, NaN, NaN]	0.0	0.0	0.0
4471.167023786817	2.0	trials	9.0	0.0	0.0	0.0	0.0	0.0	True	5.0	0.0	0.01	[51757777.358150825, 51760094.36599327, 51762411.37383571, NaN, NaN, NaN, NaN, NaN, NaN, NaN, NaN, NaN, NaN, NaN, NaN, NaN, NaN, NaN, NaN, NaN]	0.0	0.0	0.0
4477.44841144765	2.0	trials	9.0	0.0	0.0	0.0	0.0	0.0	True	5.0	0.0	0.01	[51830478.60422482, 51832795.612067275, 51835113.6199131, NaN, NaN, NaN, NaN, NaN, NaN, NaN, NaN, NaN, NaN, NaN, NaN, NaN, NaN, NaN, NaN, NaN]	0.0	0.0	0.0
4486.1245560141015	2.0	trials	9.0	0.0	0.0	0.0	0.0	0.0	True	5.0	0.0	0.01	[51930896.94411368, 51933213.951956116, 51935530.95979856, NaN, NaN, NaN, NaN, NaN, NaN, NaN, NaN, NaN, NaN, NaN, NaN, NaN, NaN, NaN, NaN, NaN]	0.0	0.0	0.0
4491.968930995764	2.0	trials	9.0	0.0	0.0	0.0	0.0	0.0	True	5.0	0.0	0.01	[51998540.17306767, 52000857.180910096, 52003174.18875254, NaN, NaN, NaN, NaN, NaN, NaN, NaN, NaN, NaN, NaN, NaN, NaN, NaN, NaN, NaN, NaN, NaN]	0.0	0.0	0.0
4499.336715933764	2.0	trials	9.0	0.0	0.0	0.0	0.0	0.0	True	5.0	0.0	0.01	[52083815.461701386, 52086132.46954384, 52088449.47738628, NaN, NaN, NaN, NaN, NaN, NaN, NaN, NaN, NaN, NaN, NaN, NaN, NaN, NaN, NaN, NaN, NaN]	0.0	0.0	0.0
4506.188950326764	2.0	trials	9.0	0.0	0.0	0.0	0.0	0.0	True	5.0	0.0	0.01	[52163123.73013837, 52165440.73798081, 52167757.74582325, NaN, NaN, NaN, NaN, NaN, NaN, NaN, NaN, NaN, NaN, NaN, NaN, NaN, NaN, NaN, NaN, NaN]	0.0	0.0	0.0
4512.040410132406	2.0	trials	9.0	0.0	0.0	0.0	0.0	0.0	True	5.0	0.0	0.01	[52230848.9593699, 52233165.96721234, 52235482.97505479, NaN, NaN, NaN, NaN, NaN, NaN, NaN, NaN, NaN, NaN, NaN, NaN, NaN, NaN, NaN, NaN, NaN]	0.0	0.0	0.0
4519.059224289233	2.0	trials	9.0	0.0	0.0	0.0	0.0	0.0	True	5.0	0.0	0.01	[52312085.234332666, 52314402.2421751, 52316719.250017546, NaN, NaN, NaN, NaN, NaN, NaN, NaN, NaN, NaN, NaN, NaN, NaN, NaN, NaN, NaN, NaN, NaN]	0.0	0.0	0.0
4525.122364811358	2.0	trials	9.0	0.0	0.0	0.0	0.0	0.0	True	5.0	0.0	0.01	[52382260.47185681, 52384577.479699254, 52386894.48754169, NaN, NaN, NaN, NaN, NaN, NaN, NaN, NaN, NaN, NaN, NaN, NaN, NaN, NaN, NaN, NaN, NaN]	0.0	0.0	0.0
4533.460425033484	2.0	trials	9.0	0.0	0.0	0.0	0.0	0.0	True	5.0	0.0	0.01	[52478765.79850116, 52481082.806343615, 52483399.81418606, NaN, NaN, NaN, NaN, NaN, NaN, NaN, NaN, NaN, NaN, NaN, NaN, NaN, NaN, NaN, NaN, NaN]	0.0	0.0	0.0
4539.687466910372	2.0	trials	9.0	0.0	0.0	0.0	0.0	0.0	True	5.0	0.0	0.01	[52550838.04244617, 52553155.050288595, 52555472.05813105, NaN, NaN, NaN, NaN, NaN, NaN, NaN, NaN, NaN, NaN, NaN, NaN, NaN, NaN, NaN, NaN, NaN]	0.0	0.0	0.0
4547.82957126924	2.0	trials	9.0	0.0	0.0	0.0	0.0	0.0	True	5.0	0.0	0.01	[52645074.36141054, 52647392.36925638, 52649709.37709882, NaN, NaN, NaN, NaN, NaN, NaN, NaN, NaN, NaN, NaN, NaN, NaN, NaN, NaN, NaN, NaN, NaN]	0.0	0.0	0.0
4553.265359267942	2.0	trials	9.0	0.0	0.0	0.0	0.0	0.0	True	5.0	0.0	0.01	[52707989.57436149, 52710306.582203925, 52712623.59004637, NaN, NaN, NaN, NaN, NaN, NaN, NaN, NaN, NaN, NaN, NaN, NaN, NaN, NaN, NaN, NaN, NaN]	0.0	0.0	0.0
4559.859429587124	2.0	trials	9.0	0.0	0.0	0.0	0.0	0.0	True	5.0	0.0	0.01	[52784308.83268147, 52786625.84052391, 52788943.84836974, NaN, NaN, NaN, NaN, NaN, NaN, NaN, NaN, NaN, NaN, NaN, NaN, NaN, NaN, NaN, NaN, NaN]	0.0	0.0	0.0
4566.039296904339	2.0	trials	9.0	0.0	0.0	0.0	0.0	0.0	True	5.0	0.0	0.01	[52855836.07478179, 52858153.08262423, 52860470.09046667, NaN, NaN, NaN, NaN, NaN, NaN, NaN, NaN, NaN, NaN, NaN, NaN, NaN, NaN, NaN, NaN, NaN]	0.0	0.0	0.0
4573.701793239859	2.0	trials	9.0	0.0	0.0	0.0	0.0	0.0	True	5.0	0.0	0.01	[52944522.37496087, 52946839.3828033, 52949156.39064574, NaN, NaN, NaN, NaN, NaN, NaN, NaN, NaN, NaN, NaN, NaN, NaN, NaN, NaN, NaN, NaN, NaN]	0.0	0.0	0.0
4579.65969820579	2.0	trials	9.0	0.0	0.0	0.0	0.0	0.0	True	5.0	0.0	0.01	[53013479.60836239, 53015796.61620484, 53018113.62404729, NaN, NaN, NaN, NaN, NaN, NaN, NaN, NaN, NaN, NaN, NaN, NaN, NaN, NaN, NaN, NaN, NaN]	0.0	0.0	0.0
4585.419746502029	2.0	trials	9.0	0.0	0.0	0.0	0.0	0.0	True	5.0	0.0	0.01	[53080146.83401287, 53082463.84185532, 53084780.84969776, NaN, NaN, NaN, NaN, NaN, NaN, NaN, NaN, NaN, NaN, NaN, NaN, NaN, NaN, NaN, NaN, NaN]	0.0	0.0	0.0
4593.394061492973	2.0	trials	9.0	0.0	0.0	0.0	0.0	0.0	True	5.0	0.0	0.01	[53172441.1464041, 53174758.15424655, 53177076.16209236, NaN, NaN, NaN, NaN, NaN, NaN, NaN, NaN, NaN, NaN, NaN, NaN, NaN, NaN, NaN, NaN, NaN]	0.0	0.0	0.0
4599.600453699968	2.0	trials	9.0	0.0	0.0	0.0	0.0	0.0	True	5.0	0.0	0.01	[53244274.38954014, 53246592.39738597, 53248909.40522841, NaN, NaN, NaN, NaN, NaN, NaN, NaN, NaN, NaN, NaN, NaN, NaN, NaN, NaN, NaN, NaN, NaN]	0.0	0.0	0.0
4606.215692090797	2.0	trials	9.0	0.0	0.0	0.0	0.0	0.0	True	5.0	0.0	0.01	[53320840.64869616, 53323157.656538606, 53325474.66438104, NaN, NaN, NaN, NaN, NaN, NaN, NaN, NaN, NaN, NaN, NaN, NaN, NaN, NaN, NaN, NaN, NaN]	0.0	0.0	0.0
4612.781509514351	2.0	trials	9.0	0.0	0.0	0.0	0.0	0.0	True	5.0	0.0	0.01	[53396833.90591273, 53399150.91375517, 53401467.921597615, NaN, NaN, NaN, NaN, NaN, NaN, NaN, NaN, NaN, NaN, NaN, NaN, NaN, NaN, NaN, NaN, NaN]	0.0	0.0	0.0
4620.628038472773	2.0	trials	9.0	0.0	0.0	0.0	0.0	0.0	True	5.0	0.0	0.01	[53487650.2133013, 53489967.221143745, 53492284.22898619, NaN, NaN, NaN, NaN, NaN, NaN, NaN, NaN, NaN, NaN, NaN, NaN, NaN, NaN, NaN, NaN, NaN]	0.0	0.0	0.0
4629.423847444258	2.0	trials	9.0	0.0	0.0	0.0	0.0	0.0	True	5.0	0.0	0.01	[53589452.55787462, 53591770.565720454, 53594087.5735629, NaN, NaN, NaN, NaN, NaN, NaN, NaN, NaN, NaN, NaN, NaN, NaN, NaN, NaN, NaN, NaN, NaN]	0.0	0.0	0.0
4637.338200632248	2.0	trials	9.0	0.0	0.0	0.0	0.0	0.0	True	5.0	0.0	0.01	[53681054.8679236, 53683371.87576605, 53685689.88361187, NaN, NaN, NaN, NaN, NaN, NaN, NaN, NaN, NaN, NaN, NaN, NaN, NaN, NaN, NaN, NaN, NaN]	0.0	0.0	0.0
4657.704995968457	2.0	trials	10.0	0.0	0.0	0.0	0.0	0.0	True	10.0	0.0	0.005	[53916733.66563241, 53917891.669551946, 53919051.67347825, 53920209.67739778, 53921367.6813173, NaN, NaN, NaN, NaN, NaN, NaN, NaN, NaN, NaN, NaN, NaN, NaN, NaN, NaN, NaN]	0.0	0.0	0.0
4662.854366997714	2.0	trials	10.0	0.0	0.0	0.0	0.0	0.0	True	10.0	0.0	0.005	[53976333.86736294, 53977491.871282466, 53978650.87520538, 53979807.87912153, 53980967.88304782, NaN, NaN, NaN, NaN, NaN, NaN, NaN, NaN, NaN, NaN, NaN, NaN, NaN, NaN, NaN]	0.0	0.0	0.0
4669.2815983521905	2.0	trials	10.0	0.0	0.0	0.0	0.0	0.0	True	10.0	0.0	0.005	[54050722.119146995, 54051881.12306991, 54053039.12698944, 54054198.13091236, 54055356.134831876, NaN, NaN, NaN, NaN, NaN, NaN, NaN, NaN, NaN, NaN, NaN, NaN, NaN, NaN, NaN]	0.0	0.0	0.0
4675.297305113765	2.0	trials	10.0	0.0	0.0	0.0	0.0	0.0	True	10.0	0.0	0.005	[54120349.35481631, 54121507.35873583, 54122666.36265874, 54123824.36657828, 54124983.37050118, NaN, NaN, NaN, NaN, NaN, NaN, NaN, NaN, NaN, NaN, NaN, NaN, NaN, NaN, NaN]	0.0	0.0	0.0
4684.321988459928	2.0	trials	10.0	0.0	0.0	0.0	0.0	0.0	True	10.0	0.0	0.005	[54224800.708355814, 54225959.71227873, 54227118.71620164, 54228276.72012117, 54229435.724044085, NaN, NaN, NaN, NaN, NaN, NaN, NaN, NaN, NaN, NaN, NaN, NaN, NaN, NaN, NaN]	0.0	0.0	0.0
4691.917956570269	2.0	trials	10.0	0.0	0.0	0.0	0.0	0.0	True	10.0	0.0	0.005	[54312717.005928636, 54313876.00985155, 54315034.01377108, 54316192.01769061, 54317352.021616906, NaN, NaN, NaN, NaN, NaN, NaN, NaN, NaN, NaN, NaN, NaN, NaN, NaN, NaN, NaN]	0.0	0.0	0.0
4698.037862084529	2.0	trials	10.0	0.0	0.0	0.0	0.0	0.0	True	10.0	0.0	0.005	[54383550.24567994, 54384708.24959948, 54385868.25352578, 54387026.25744529, 54388184.26136483, NaN, NaN, NaN, NaN, NaN, NaN, NaN, NaN, NaN, NaN, NaN, NaN, NaN, NaN, NaN]	0.0	0.0	0.0
4703.251687731948	2.0	trials	10.0	0.0	0.0	0.0	0.0	0.0	True	10.0	0.0	0.005	[54443893.449925326, 54445053.453851625, 54446211.45777115, 54447369.46169068, 54448529.46561698, NaN, NaN, NaN, NaN, NaN, NaN, NaN, NaN, NaN, NaN, NaN, NaN, NaN, NaN, NaN]	0.0	0.0	0.0
4708.6217251081025	2.0	trials	10.0	0.0	0.0	0.0	0.0	0.0	True	10.0	0.0	0.005	[54506047.66030047, 54507206.66422338, 54508365.66814629, 54509523.672065824, 54510681.67598536, NaN, NaN, NaN, NaN, NaN, NaN, NaN, NaN, NaN, NaN, NaN, NaN, NaN, NaN, NaN]	0.0	0.0	0.0
4713.829761935927	2.0	trials	10.0	0.0	0.0	0.0	0.0	0.0	True	10.0	0.0	0.005	[54566325.864325844, 54567484.86824875, 54568643.87217168, 54569801.8760912, 54570960.88001412, NaN, NaN, NaN, NaN, NaN, NaN, NaN, NaN, NaN, NaN, NaN, NaN, NaN, NaN, NaN]	0.0	0.0	0.0
4722.09766512059	2.0	trials	10.0	0.0	0.0	0.0	0.0	0.0	True	10.0	0.0	0.005	[54662020.18822518, 54663178.1921447, 54664336.19606424, 54665495.19998715, 54666654.20391007, NaN, NaN, NaN, NaN, NaN, NaN, NaN, NaN, NaN, NaN, NaN, NaN, NaN, NaN, NaN]	0.0	0.0	0.0
4728.650090498815	2.0	trials	10.0	0.0	0.0	0.0	0.0	0.0	True	10.0	0.0	0.005	[54737857.44491373, 54739016.44883664, 54740175.45275955, 54741333.45667908, 54742493.460605375, NaN, NaN, NaN, NaN, NaN, NaN, NaN, NaN, NaN, NaN, NaN, NaN, NaN, NaN, NaN]	0.0	0.0	0.0
4735.161994139886	2.0	trials	10.0	0.0	0.0	0.0	0.0	0.0	True	10.0	0.0	0.005	[54813227.7000216, 54814385.70394113, 54815544.70786404, 54816702.71178357, 54817861.71570648, NaN, NaN, NaN, NaN, NaN, NaN, NaN, NaN, NaN, NaN, NaN, NaN, NaN, NaN, NaN]	0.0	0.0	0.0
4740.494274588243	2.0	trials	10.0	0.0	0.0	0.0	0.0	0.0	True	10.0	0.0	0.005	[54874943.90891422, 54876101.91283375, 54877260.916756675, 54878418.920676194, 54879578.9246025, NaN, NaN, NaN, NaN, NaN, NaN, NaN, NaN, NaN, NaN, NaN, NaN, NaN, NaN, NaN]	0.0	0.0	0.0
4746.440169913524	2.0	trials	10.0	0.0	0.0	0.0	0.0	0.0	True	10.0	0.0	0.005	[54943762.141845286, 54944920.14576481, 54946078.14968434, 54947236.153603874, 54948395.15752678, NaN, NaN, NaN, NaN, NaN, NaN, NaN, NaN, NaN, NaN, NaN, NaN, NaN, NaN, NaN]	0.0	0.0	0.0
4754.504168408023	2.0	trials	10.0	0.0	0.0	0.0	0.0	0.0	True	10.0	0.0	0.005	[55037094.45774986, 55038253.46167277, 55039412.465595685, 55040570.46951521, 55041729.47343812, NaN, NaN, NaN, NaN, NaN, NaN, NaN, NaN, NaN, NaN, NaN, NaN, NaN, NaN, NaN]	0.0	0.0	0.0
4759.675139510391	2.0	trials	10.0	0.0	0.0	0.0	0.0	0.0	True	10.0	0.0	0.005	[55096944.66032656, 55098102.6642461, 55099260.668165624, 55100419.67208854, 55101578.67601145, NaN, NaN, NaN, NaN, NaN, NaN, NaN, NaN, NaN, NaN, NaN, NaN, NaN, NaN, NaN]	0.0	0.0	0.0
4767.692395446679	2.0	trials	10.0	0.0	0.0	0.0	0.0	0.0	True	10.0	0.0	0.005	[55189736.974403374, 55190894.978322916, 55192053.98224582, 55193211.98616536, 55194369.99008489, NaN, NaN, NaN, NaN, NaN, NaN, NaN, NaN, NaN, NaN, NaN, NaN, NaN, NaN, NaN]	0.0	0.0	0.0
4774.412523792535	2.0	trials	10.0	0.0	0.0	0.0	0.0	0.0	True	10.0	0.0	0.005	[55267515.23766171, 55268675.241588004, 55269833.24550754, 55270992.24943045, 55272150.25334998, NaN, NaN, NaN, NaN, NaN, NaN, NaN, NaN, NaN, NaN, NaN, NaN, NaN, NaN, NaN]	0.0	0.0	0.0
4781.546336738602	2.0	trials	10.0	0.0	0.0	0.0	0.0	0.0	True	10.0	0.0	0.005	[55350082.51712956, 55351241.52105247, 55352400.52497538, 55353558.528894916, 55354717.532817826, NaN, NaN, NaN, NaN, NaN, NaN, NaN, NaN, NaN, NaN, NaN, NaN, NaN, NaN, NaN]	0.0	0.0	0.0
4786.73674790677	2.0	trials	10.0	0.0	0.0	0.0	0.0	0.0	True	10.0	0.0	0.005	[55410156.72046444, 55411315.72438736, 55412474.72831027, 55413632.73222981, 55414790.736149326, NaN, NaN, NaN, NaN, NaN, NaN, NaN, NaN, NaN, NaN, NaN, NaN, NaN, NaN, NaN]	0.0	0.0	0.0
4792.766019514258	2.0	trials	10.0	0.0	0.0	0.0	0.0	0.0	True	10.0	0.0	0.005	[55479940.95666516, 55481098.960584685, 55482257.96450761, 55483416.96843052, 55484573.972346656, NaN, NaN, NaN, NaN, NaN, NaN, NaN, NaN, NaN, NaN, NaN, NaN, NaN, NaN, NaN]	0.0	0.0	0.0
4800.854382891226	2.0	trials	10.0	0.0	0.0	0.0	0.0	0.0	True	10.0	0.0	0.005	[55573555.273524225, 55574715.27745053, 55575873.281370066, 55577031.28528959, 55578190.28921251, NaN, NaN, NaN, NaN, NaN, NaN, NaN, NaN, NaN, NaN, NaN, NaN, NaN, NaN, NaN]	0.0	0.0	0.0
4809.605004509763	2.0	trials	10.0	0.0	0.0	0.0	0.0	0.0	True	10.0	0.0	0.005	[55674836.61633411, 55675995.62025703, 55677153.624176554, 55678312.62809947, 55679470.632019, NaN, NaN, NaN, NaN, NaN, NaN, NaN, NaN, NaN, NaN, NaN, NaN, NaN, NaN, NaN]	0.0	0.0	0.0
4817.043292086396	2.0	trials	10.0	0.0	0.0	0.0	0.0	0.0	True	10.0	0.0	0.005	[55760927.90772978, 55762086.91165269, 55763245.915575616, 55764403.919495136, 55765561.92341468, NaN, NaN, NaN, NaN, NaN, NaN, NaN, NaN, NaN, NaN, NaN, NaN, NaN, NaN, NaN]	0.0	0.0	0.0
4825.142714700797	2.0	trials	10.0	0.0	0.0	0.0	0.0	0.0	True	10.0	0.0	0.005	[55854671.2250255, 55855829.22894501, 55856988.23286794, 55858145.236784086, 55859304.240706995, NaN, NaN, NaN, NaN, NaN, NaN, NaN, NaN, NaN, NaN, NaN, NaN, NaN, NaN, NaN]	0.0	0.0	0.0
4830.41114533304	2.0	trials	10.0	0.0	0.0	0.0	0.0	0.0	True	10.0	0.0	0.005	[55915647.431413405, 55916806.435336314, 55917964.439255856, 55919123.443178765, 55920281.4470983, NaN, NaN, NaN, NaN, NaN, NaN, NaN, NaN, NaN, NaN, NaN, NaN, NaN, NaN, NaN]	0.0	0.0	0.0
4837.017052492287	2.0	trials	10.0	0.0	0.0	0.0	0.0	0.0	True	10.0	0.0	0.005	[55992105.69020388, 55993263.69412341, 55994422.69804633, 55995580.70196585, 55996739.70588878, NaN, NaN, NaN, NaN, NaN, NaN, NaN, NaN, NaN, NaN, NaN, NaN, NaN, NaN, NaN]	0.0	0.0	0.0
4845.30906135854	2.0	trials	10.0	0.0	0.0	0.0	0.0	0.0	True	10.0	0.0	0.005	[56088078.015044175, 56089235.01896033, 56090394.02288324, 56091553.026806146, 56092711.03072568, NaN, NaN, NaN, NaN, NaN, NaN, NaN, NaN, NaN, NaN, NaN, NaN, NaN, NaN, NaN]	0.0	0.0	0.0
4852.06081221143	2.0	trials	10.0	0.0	0.0	0.0	0.0	0.0	True	10.0	0.0	0.005	[56166221.27953794, 56167382.28346761, 56168539.28738376, 56169698.291306674, 56170856.2952262, NaN, NaN, NaN, NaN, NaN, NaN, NaN, NaN, NaN, NaN, NaN, NaN, NaN, NaN, NaN]	0.0	0.0	0.0
4874.188963909363	2.0	trials	11.0	0.0	0.0	0.0	0.0	0.0	True	20.0	0.0	0.005	[56422335.146413915, 56422915.14837707, 56423493.15033345, 56424073.152296595, 56424653.15425974, 56425231.15621612, 56425811.158179276, 56426390.160139024, 56426969.1620988, 56427549.164061956, NaN, NaN, NaN, NaN, NaN, NaN, NaN, NaN, NaN, NaN]	0.0	0.0	0.0
4882.132865997369	2.0	trials	11.0	0.0	0.0	0.0	0.0	0.0	True	20.0	0.0	0.005	[56514279.45762047, 56514858.459580235, 56515437.46154, 56516016.46349977, 56516596.465462916, 56517176.46742606, 56517755.46938584, 56518334.47134559, 56518914.47330874, 56519493.475268506, NaN, NaN, NaN, NaN, NaN, NaN, NaN, NaN, NaN, NaN]	0.0	0.0	0.0
4887.725124925684	2.0	trials	11.0	0.0	0.0	0.0	0.0	0.0	True	20.0	0.0	0.005	[56579004.67669779, 56579583.678657554, 56580162.68061731, 56580741.68257708, 56581320.684536844, 56581899.68649661, 56582478.68845638, 56583058.69041952, 56583637.69237929, 56584216.69433905, NaN, NaN, NaN, NaN, NaN, NaN, NaN, NaN, NaN, NaN]	0.0	0.0	0.0
4895.981536871452	2.0	trials	11.0	0.0	0.0	0.0	0.0	0.0	True	20.0	0.0	0.005	[56674565.000143565, 56675143.002099946, 56675723.00406309, 56676302.006022856, 56676882.00798601, 56677461.00994577, 56678040.011905536, 56678619.0138653, 56679199.015828446, 56679777.017784834, NaN, NaN, NaN, NaN, NaN, NaN, NaN, NaN, NaN, NaN]	0.0	0.0	0.0
4904.999221793928	2.0	trials	11.0	0.0	0.0	0.0	0.0	0.0	True	20.0	0.0	0.005	[56778935.3534089, 56779515.35537205, 56780094.35733181, 56780674.35929497, 56781252.36125135, 56781832.36321449, 56782411.365174256, 56782990.367134035, 56783570.36909718, 56784149.371056944, NaN, NaN, NaN, NaN, NaN, NaN, NaN, NaN, NaN, NaN]	0.0	0.0	0.0
4912.727036750535	2.0	trials	11.0	0.0	0.0	0.0	0.0	0.0	True	20.0	0.0	0.005	[56868378.65615022, 56868958.65811337, 56869537.66007313, 56870116.66203291, 56870695.66399267, 56871274.665952444, 56871854.66791558, 56872434.669878736, 56873013.6718385, 56873592.67379826, NaN, NaN, NaN, NaN, NaN, NaN, NaN, NaN, NaN, NaN]	0.0	0.0	0.0
4919.299938998069	2.0	trials	11.0	0.0	0.0	0.0	0.0	0.0	True	20.0	0.0	0.005	[56944453.91364435, 56945032.9156041, 56945612.91756726, 56946190.91952364, 56946770.92148678, 56947349.92344654, 56947928.92540631, 56948507.927366085, 56949087.92932923, 56949665.93128561, NaN, NaN, NaN, NaN, NaN, NaN, NaN, NaN, NaN, NaN]	0.0	0.0	0.0
4926.851238157216	2.0	trials	11.0	0.0	0.0	0.0	0.0	0.0	True	20.0	0.0	0.005	[57031852.20946387, 57032432.21142702, 57033010.2133834, 57033590.215346545, 57034169.21730632, 57034749.21926947, 57035328.221229225, 57035908.22319239, 57036486.22514877, 57037066.2271119, NaN, NaN, NaN, NaN, NaN, NaN, NaN, NaN, NaN, NaN]	0.0	0.0	0.0
4934.399686106714	2.0	trials	11.0	0.0	0.0	0.0	0.0	0.0	True	20.0	0.0	0.005	[57119218.50517509, 57119797.50713486, 57120376.509094626, 57120956.51105777, 57121536.51302092, 57122114.5149773, 57122694.516940445, 57123273.518900216, 57123852.52085998, 57124432.522823125, NaN, NaN, NaN, NaN, NaN, NaN, NaN, NaN, NaN, NaN]	0.0	0.0	0.0
4941.155843374518	2.0	trials	11.0	0.0	0.0	0.0	0.0	0.0	True	20.0	0.0	0.005	[57197415.76985163, 57197994.77181138, 57198574.77377454, 57199152.775730915, 57199732.77769406, 57200312.77965722, 57200890.78161359, 57201470.78357675, 57202049.78553651, 57202629.787499666, NaN, NaN, NaN, NaN, NaN, NaN, NaN, NaN, NaN, NaN]	0.0	0.0	0.0
4947.779721794593	2.0	trials	11.0	0.0	0.0	0.0	0.0	0.0	True	20.0	0.0	0.005	[57274081.02934274, 57274660.031302504, 57275239.03326226, 57275819.03522541, 57276398.037185185, 57276977.03914495, 57277557.041108094, 57278135.043064475, 57278715.04502763, 57279294.04698739, NaN, NaN, NaN, NaN, NaN, NaN, NaN, NaN, NaN, NaN]	0.0	0.0	0.0
4955.993624796479	2.0	trials	11.0	0.0	0.0	0.0	0.0	0.0	True	20.0	0.0	0.005	[57369148.35111984, 57369727.3530796, 57370306.35503937, 57370886.35700252, 57371465.35896228, 57372045.36092543, 57372623.36288182, 57373203.36484496, 57373783.36680811, 57374361.36876449, NaN, NaN, NaN, NaN, NaN, NaN, NaN, NaN, NaN, NaN]	0.0	0.0	0.0
4963.693014056873	2.0	trials	11.0	0.0	0.0	0.0	0.0	0.0	True	20.0	0.0	0.005	[57458261.6527442, 57458840.65470396, 57459420.656667106, 57459999.65862688, 57460579.660590015, 57461157.6625464, 57461737.66450955, 57462316.66646931, 57462894.668425694, 57463475.67039223, NaN, NaN, NaN, NaN, NaN, NaN, NaN, NaN, NaN, NaN]	0.0	0.0	0.0
4972.357753784722	2.0	trials	11.0	0.0	0.0	0.0	0.0	0.0	True	20.0	0.0	0.005	[57558548.99218964, 57559127.9941494, 57559706.99610917, 57560285.998068936, 57560866.00003208, 57561444.00198846, 57562024.003951624, 57562603.00591137, 57563183.007874526, 57563762.00983429, NaN, NaN, NaN, NaN, NaN, NaN, NaN, NaN, NaN, NaN]	0.0	0.0	0.0
4980.281956606051	2.0	trials	11.0	0.0	0.0	0.0	0.0	0.0	True	20.0	0.0	0.005	[57650263.302617714, 57650842.30457748, 57651422.30654062, 57652001.308500394, 57652580.31046016, 57653159.312419906, 57653738.314379685, 57654319.31634621, 57654898.31830598, 57655476.32026236, NaN, NaN, NaN, NaN, NaN, NaN, NaN, NaN, NaN, NaN]	0.0	0.0	0.0
4989.042082256757	2.0	trials	11.0	0.0	0.0	0.0	0.0	0.0	True	20.0	0.0	0.005	[57751653.64579652, 57752232.647756286, 57752812.64971944, 57753391.6516792, 57753970.65363897, 57754550.65560212, 57755129.65756188, 57755708.65952165, 57756288.66148479, 57756867.663444564, NaN, NaN, NaN, NaN, NaN, NaN, NaN, NaN, NaN, NaN]	0.0	0.0	0.0
4998.101757721359	2.0	trials	11.0	0.0	0.0	0.0	0.0	0.0	True	20.0	0.0	0.005	[57856512.00071362, 57857091.00267338, 57857671.004636526, 57858249.006592914, 57858830.00855944, 57859409.01051922, 57859988.01247897, 57860566.014435366, 57861146.01639851, 57861725.018358275, NaN, NaN, NaN, NaN, NaN, NaN, NaN, NaN, NaN, NaN]	0.0	0.0	0.0
5006.927806795197	2.0	trials	11.0	0.0	0.0	0.0	0.0	0.0	True	20.0	0.0	0.005	[57958664.346471615, 57959244.348434746, 57959823.35039452, 57960402.35235428, 57960982.35431743, 57961560.35627382, 57962140.35823697, 57962719.36019673, 57963299.36215987, 57963877.36411627, NaN, NaN, NaN, NaN, NaN, NaN, NaN, NaN, NaN, NaN]	0.0	0.0	0.0
5013.615103029925	2.0	trials	11.0	0.0	0.0	0.0	0.0	0.0	True	20.0	0.0	0.005	[58036064.608450495, 58036643.610410266, 58037223.61237341, 58037802.614333175, 58038381.61629294, 58038960.61825272, 58039539.62021248, 58040119.62217563, 58040698.62413538, 58041277.62609516, NaN, NaN, NaN, NaN, NaN, NaN, NaN, NaN, NaN, NaN]	0.0	0.0	0.0
5022.016667466995	2.0	trials	11.0	0.0	0.0	0.0	0.0	0.0	True	20.0	0.0	0.005	[58133304.93758264, 58133883.93954241, 58134462.94150217, 58135042.94346532, 58135620.9454217, 58136201.94738823, 58136779.94934461, 58137359.951307766, 58137938.95326753, 58138517.95522729, NaN, NaN, NaN, NaN, NaN, NaN, NaN, NaN, NaN, NaN]	0.0	0.0	0.0
5029.134669159546	2.0	trials	11.0	0.0	0.0	0.0	0.0	0.0	True	20.0	0.0	0.005	[58215688.2164277, 58216267.21838746, 58216847.220350616, 58217426.22231037, 58218006.224273525, 58218585.22623329, 58219165.228196435, 58219744.23015621, 58220323.23211597, 58220903.234079115, NaN, NaN, NaN, NaN, NaN, NaN, NaN, NaN, NaN, NaN]	0.0	0.0	0.0
5034.270302542305	2.0	trials	11.0	0.0	0.0	0.0	0.0	0.0	True	20.0	0.0	0.005	[58275128.41761666, 58275708.419579804, 58276287.421539575, 58276867.42350272, 58277445.4254591, 58278025.42742225, 58278603.42937864, 58279183.43134178, 58279762.433301546, 58280341.43526131, NaN, NaN, NaN, NaN, NaN, NaN, NaN, NaN, NaN, NaN]	0.0	0.0	0.0
5040.7092843365535	2.0	trials	11.0	0.0	0.0	0.0	0.0	0.0	True	20.0	0.0	0.005	[58349654.669867806, 58350232.6718242, 58350812.67378735, 58351391.67574711, 58351970.67770687, 58352550.67967001, 58353130.681633174, 58353709.68359294, 58354287.68554932, 58354866.68750909, NaN, NaN, NaN, NaN, NaN, NaN, NaN, NaN, NaN, NaN]	0.0	0.0	0.0
5046.176867642875	2.0	trials	11.0	0.0	0.0	0.0	0.0	0.0	True	20.0	0.0	0.005	[58412936.88406095, 58413515.88602072, 58414094.88798047, 58414674.88994363, 58415253.89190339, 58415832.89386316, 58416411.89582292, 58416990.897782676, 58417569.899742454, 58418149.901705585, NaN, NaN, NaN, NaN, NaN, NaN, NaN, NaN, NaN, NaN]	0.0	0.0	0.0
5053.479074758913	2.0	trials	11.0	0.0	0.0	0.0	0.0	0.0	True	20.0	0.0	0.005	[58497453.170125656, 58498032.17208542, 58498611.17404518, 58499190.17600495, 58499769.17796472, 58500349.17992786, 58500928.18188763, 58501508.18385077, 58502087.185810536, 58502665.18776692, NaN, NaN, NaN, NaN, NaN, NaN, NaN, NaN, NaN, NaN]	0.0	0.0	0.0
5060.808411566777	2.0	trials	11.0	0.0	0.0	0.0	0.0	0.0	True	20.0	0.0	0.005	[58582283.457253166, 58582863.45921632, 58583442.461176075, 58584021.463135846, 58584600.46509561, 58585179.46705537, 58585758.46901515, 58586338.4709783, 58586917.47293805, 58587496.47489782, NaN, NaN, NaN, NaN, NaN, NaN, NaN, NaN, NaN, NaN]	0.0	0.0	0.0
5067.288779101105	2.0	trials	11.0	0.0	0.0	0.0	0.0	0.0	True	20.0	0.0	0.005	[58657286.71111885, 58657866.713082, 58658446.71504515, 58659025.71700491, 58659604.71896467, 58660183.72092444, 58660763.72288759, 58661342.724847354, 58661921.72680712, 58662500.72876688, NaN, NaN, NaN, NaN, NaN, NaN, NaN, NaN, NaN, NaN]	0.0	0.0	0.0
5072.452406178615	2.0	trials	11.0	0.0	0.0	0.0	0.0	0.0	True	20.0	0.0	0.005	[58717050.91340446, 58717630.91536761, 58718209.917327374, 58718789.91929053, 58719367.9212469, 58719947.923210055, 58720527.9251732, 58721106.927132964, 58721684.929089345, 58722265.93105588, NaN, NaN, NaN, NaN, NaN, NaN, NaN, NaN, NaN, NaN]	0.0	0.0	0.0
5079.2286947145585	2.0	trials	11.0	0.0	0.0	0.0	0.0	0.0	True	20.0	0.0	0.005	[58795481.17886964, 58796060.180829406, 58796639.18278917, 58797219.184752315, 58797798.18671208, 58798376.18866846, 58798956.19063161, 58799535.19259137, 58800115.19455452, 58800694.19651429, NaN, NaN, NaN, NaN, NaN, NaN, NaN, NaN, NaN, NaN]	0.0	0.0	0.0
5085.782156896292	2.0	trials	11.0	0.0	0.0	0.0	0.0	0.0	True	20.0	0.0	0.005	[58871331.43560219, 58871911.437565334, 58872489.439521715, 58873068.44148148, 58873648.443444625, 58874227.44540439, 58874806.44736417, 58875385.44932392, 58875964.451283686, 58876544.45324683, NaN, NaN, NaN, NaN, NaN, NaN, NaN, NaN, NaN, NaN]	0.0	0.0	0.0
5109.572304619643	2.0	trials	12.0	0.0	0.0	0.0	0.0	0.0	True	1.0	0.0	1.0	[59147631.37080253, NaN, NaN, NaN, NaN, NaN, NaN, NaN, NaN, NaN, NaN, NaN, NaN, NaN, NaN, NaN, NaN, NaN, NaN, NaN]	0.0	0.0	0.0
5116.7961466704355	2.0	trials	12.0	0.0	0.0	0.0	0.0	0.0	True	1.0	0.0	1.0	[59157248.40335359, NaN, NaN, NaN, NaN, NaN, NaN, NaN, NaN, NaN, NaN, NaN, NaN, NaN, NaN, NaN, NaN, NaN, NaN, NaN]	0.0	0.0	0.0
5125.766484232652	2.0	trials	12.0	0.0	0.0	0.0	0.0	0.0	True	1.0	0.0	1.0	[59157251.40336374, NaN, NaN, NaN, NaN, NaN, NaN, NaN, NaN, NaN, NaN, NaN, NaN, NaN, NaN, NaN, NaN, NaN, NaN, NaN]	0.0	0.0	0.0
5133.986435255009	2.0	trials	12.0	0.0	0.0	0.0	0.0	0.0	True	1.0	0.0	1.0	[59157255.40337727, NaN, NaN, NaN, NaN, NaN, NaN, NaN, NaN, NaN, NaN, NaN, NaN, NaN, NaN, NaN, NaN, NaN, NaN, NaN]	0.0	0.0	0.0
5139.416175233242	2.0	trials	12.0	0.0	0.0	0.0	0.0	0.0	True	1.0	0.0	1.0	[59231240.653797284, NaN, NaN, NaN, NaN, NaN, NaN, NaN, NaN, NaN, NaN, NaN, NaN, NaN, NaN, NaN, NaN, NaN, NaN, NaN]	0.0	0.0	0.0
5146.682699028501	2.0	trials	12.0	0.0	0.0	0.0	0.0	0.0	True	1.0	0.0	1.0	[59240853.686334796, NaN, NaN, NaN, NaN, NaN, NaN, NaN, NaN, NaN, NaN, NaN, NaN, NaN, NaN, NaN, NaN, NaN, NaN, NaN]	0.0	0.0	0.0
5154.426411638917	2.0	trials	12.0	0.0	0.0	0.0	0.0	0.0	True	1.0	0.0	1.0	[59240857.68634833, NaN, NaN, NaN, NaN, NaN, NaN, NaN, NaN, NaN, NaN, NaN, NaN, NaN, NaN, NaN, NaN, NaN, NaN, NaN]	0.0	0.0	0.0
5162.450406798016	2.0	trials	12.0	0.0	0.0	0.0	0.0	0.0	True	1.0	0.0	1.0	[59240860.686358474, NaN, NaN, NaN, NaN, NaN, NaN, NaN, NaN, NaN, NaN, NaN, NaN, NaN, NaN, NaN, NaN, NaN, NaN, NaN]	0.0	0.0	0.0
5170.340654304415	2.0	trials	12.0	0.0	0.0	0.0	0.0	0.0	True	1.0	0.0	1.0	[59240863.68636864, NaN, NaN, NaN, NaN, NaN, NaN, NaN, NaN, NaN, NaN, NaN, NaN, NaN, NaN, NaN, NaN, NaN, NaN, NaN]	0.0	0.0	0.0
5178.0686420616075	2.0	trials	12.0	0.0	0.0	0.0	0.0	0.0	True	1.0	0.0	1.0	[59335070.005231485, NaN, NaN, NaN, NaN, NaN, NaN, NaN, NaN, NaN, NaN, NaN, NaN, NaN, NaN, NaN, NaN, NaN, NaN, NaN]	0.0	0.0	0.0
5187.13471114785	2.0	trials	12.0	0.0	0.0	0.0	0.0	0.0	True	0.0	0.0	0.0	[NaN, NaN, NaN, NaN, NaN, NaN, NaN, NaN, NaN, NaN, NaN, NaN, NaN, NaN, NaN, NaN, NaN, NaN, NaN, NaN]	0.0	0.0	0.0
5193.621040302357	2.0	trials	12.0	0.0	0.0	0.0	0.0	0.0	True	1.0	0.0	1.0	[59335075.005248405, NaN, NaN, NaN, NaN, NaN, NaN, NaN, NaN, NaN, NaN, NaN, NaN, NaN, NaN, NaN, NaN, NaN, NaN, NaN]	0.0	0.0	0.0
5201.5050669877	2.0	trials	12.0	0.0	0.0	0.0	0.0	0.0	True	1.0	0.0	1.0	[59344683.037769, NaN, NaN, NaN, NaN, NaN, NaN, NaN, NaN, NaN, NaN, NaN, NaN, NaN, NaN, NaN, NaN, NaN, NaN, NaN]	0.0	0.0	0.0
5207.492693654231	2.0	trials	12.0	0.0	0.0	0.0	0.0	0.0	True	1.0	0.0	1.0	[59344688.03778592, NaN, NaN, NaN, NaN, NaN, NaN, NaN, NaN, NaN, NaN, NaN, NaN, NaN, NaN, NaN, NaN, NaN, NaN, NaN]	0.0	0.0	0.0
5215.518589619763	2.0	trials	12.0	0.0	0.0	0.0	0.0	0.0	True	1.0	0.0	1.0	[59430206.32724213, NaN, NaN, NaN, NaN, NaN, NaN, NaN, NaN, NaN, NaN, NaN, NaN, NaN, NaN, NaN, NaN, NaN, NaN, NaN]	0.0	0.0	0.0
5224.419720547734	2.0	trials	12.0	0.0	0.0	0.0	0.0	0.0	True	1.0	0.0	1.0	[59430209.327252276, NaN, NaN, NaN, NaN, NaN, NaN, NaN, NaN, NaN, NaN, NaN, NaN, NaN, NaN, NaN, NaN, NaN, NaN, NaN]	0.0	0.0	0.0
5229.987009791534	2.0	trials	12.0	0.0	0.0	0.0	0.0	0.0	True	1.0	0.0	1.0	[59439820.359783016, NaN, NaN, NaN, NaN, NaN, NaN, NaN, NaN, NaN, NaN, NaN, NaN, NaN, NaN, NaN, NaN, NaN, NaN, NaN]	0.0	0.0	0.0
5236.1550402686835	2.0	trials	12.0	0.0	0.0	0.0	0.0	0.0	True	1.0	0.0	1.0	[59439826.35980333, NaN, NaN, NaN, NaN, NaN, NaN, NaN, NaN, NaN, NaN, NaN, NaN, NaN, NaN, NaN, NaN, NaN, NaN, NaN]	0.0	0.0	0.0
5243.751181179609	2.0	trials	12.0	0.0	0.0	0.0	0.0	0.0	True	1.0	0.0	1.0	[59493038.53991213, NaN, NaN, NaN, NaN, NaN, NaN, NaN, NaN, NaN, NaN, NaN, NaN, NaN, NaN, NaN, NaN, NaN, NaN, NaN]	0.0	0.0	0.0
5250.2615296154145	2.0	trials	12.0	0.0	0.0	0.0	0.0	0.0	True	0.0	0.0	0.0	[NaN, NaN, NaN, NaN, NaN, NaN, NaN, NaN, NaN, NaN, NaN, NaN, NaN, NaN, NaN, NaN, NaN, NaN, NaN, NaN]	0.0	0.0	0.0
5258.303841636512	2.0	trials	12.0	0.0	0.0	0.0	0.0	0.0	True	1.0	0.0	1.0	[59493048.539945975, NaN, NaN, NaN, NaN, NaN, NaN, NaN, NaN, NaN, NaN, NaN, NaN, NaN, NaN, NaN, NaN, NaN, NaN, NaN]	0.0	0.0	0.0
5266.085570375602	2.0	trials	12.0	0.0	0.0	0.0	0.0	0.0	True	1.0	0.0	1.0	[59502668.57250718, NaN, NaN, NaN, NaN, NaN, NaN, NaN, NaN, NaN, NaN, NaN, NaN, NaN, NaN, NaN, NaN, NaN, NaN, NaN]	0.0	0.0	0.0
5274.843622419289	2.0	trials	12.0	0.0	0.0	0.0	0.0	0.0	True	1.0	0.0	1.0	[59502697.572605334, NaN, NaN, NaN, NaN, NaN, NaN, NaN, NaN, NaN, NaN, NaN, NaN, NaN, NaN, NaN, NaN, NaN, NaN, NaN]	0.0	0.0	0.0
5281.74614178249	2.0	trials	12.0	0.0	0.0	0.0	0.0	0.0	True	0.0	0.0	0.0	[NaN, NaN, NaN, NaN, NaN, NaN, NaN, NaN, NaN, NaN, NaN, NaN, NaN, NaN, NaN, NaN, NaN, NaN, NaN, NaN]	0.0	0.0	0.0
5290.110294892933	2.0	trials	12.0	0.0	0.0	0.0	0.0	0.0	True	1.0	0.0	1.0	[59577153.824619554, NaN, NaN, NaN, NaN, NaN, NaN, NaN, NaN, NaN, NaN, NaN, NaN, NaN, NaN, NaN, NaN, NaN, NaN, NaN]	0.0	0.0	0.0
5297.367746657485	2.0	trials	12.0	0.0	0.0	0.0	0.0	0.0	True	1.0	0.0	1.0	[59586750.8571029, NaN, NaN, NaN, NaN, NaN, NaN, NaN, NaN, NaN, NaN, NaN, NaN, NaN, NaN, NaN, NaN, NaN, NaN, NaN]	0.0	0.0	0.0
5305.371696948739	2.0	trials	12.0	0.0	0.0	0.0	0.0	0.0	True	1.0	0.0	1.0	[59586767.85716045, NaN, NaN, NaN, NaN, NaN, NaN, NaN, NaN, NaN, NaN, NaN, NaN, NaN, NaN, NaN, NaN, NaN, NaN, NaN]	0.0	0.0	0.0
5310.927840554812	2.0	trials	12.0	0.0	0.0	0.0	0.0	0.0	True	1.0	0.0	1.0	[59586769.85716722, NaN, NaN, NaN, NaN, NaN, NaN, NaN, NaN, NaN, NaN, NaN, NaN, NaN, NaN, NaN, NaN, NaN, NaN, NaN]	0.0	0.0	0.0
5319.052837655777	2.0	trials	12.0	0.0	0.0	0.0	0.0	0.0	True	1.0	0.0	1.0	[59666779.1279769, NaN, NaN, NaN, NaN, NaN, NaN, NaN, NaN, NaN, NaN, NaN, NaN, NaN, NaN, NaN, NaN, NaN, NaN, NaN]	0.0	0.0	0.0
5326.593941580417	2.0	trials	12.0	0.0	0.0	0.0	0.0	0.0	True	1.0	0.0	1.0	[59676396.160527945, NaN, NaN, NaN, NaN, NaN, NaN, NaN, NaN, NaN, NaN, NaN, NaN, NaN, NaN, NaN, NaN, NaN, NaN, NaN]	0.0	0.0	0.0
