onset	duration	nwb_table	Block	sound	sound_puretone	sound_bluenoise	sound_freq	sound_amp	optogenetics	opto_freq	opto_power	opto_pulse_duration	opto_pulse_ts	airpuff	airpuff_duration	airpuff_amp
306.9185860024983	2.0	trials	1.0	1.0	1.0	0.0	10000.0	1.0	False	0.0	0.0	0.0	[NaN, NaN, NaN, NaN, NaN, NaN, NaN, NaN, NaN, NaN, NaN, NaN, NaN, NaN, NaN, NaN, NaN, NaN, NaN, NaN]	0.0	0.0	0.0
315.94853903207786	2.0	trials	1.0	1.0	1.0	0.0	10000.0	1.0	False	0.0	0.0	0.0	[NaN, NaN, NaN, NaN, NaN, NaN, NaN, NaN, NaN, NaN, NaN, NaN, NaN, NaN, NaN, NaN, NaN, NaN, NaN, NaN]	0.0	0.0	0.0
325.2784738526184	2.0	trials	1.0	1.0	1.0	0.0	10000.0	1.0	False	0.0	0.0	0.0	[NaN, NaN, NaN, NaN, NaN, NaN, NaN, NaN, NaN, NaN, NaN, NaN, NaN, NaN, NaN, NaN, NaN, NaN, NaN, NaN]	0.0	0.0	0.0
335.41253612951635	2.0	trials	1.0	1.0	1.0	0.0	10000.0	1.0	False	0.0	0.0	0.0	[NaN, NaN, NaN, NaN, NaN, NaN, NaN, NaN, NaN, NaN, NaN, NaN, NaN, NaN, NaN, NaN, NaN, NaN, NaN, NaN]	0.0	0.0	0.0
343.7228611818743	2.0	trials	1.0	1.0	1.0	0.0	10000.0	1.0	False	0.0	0.0	0.0	[NaN, NaN, NaN, NaN, NaN, NaN, NaN, NaN, NaN, NaN, NaN, NaN, NaN, NaN, NaN, NaN, NaN, NaN, NaN, NaN]	0.0	0.0	0.0
352.4589668407574	2.0	trials	1.0	1.0	1.0	0.0	10000.0	1.0	False	0.0	0.0	0.0	[NaN, NaN, NaN, NaN, NaN, NaN, NaN, NaN, NaN, NaN, NaN, NaN, NaN, NaN, NaN, NaN, NaN, NaN, NaN, NaN]	0.0	0.0	0.0
361.4947950897452	2.0	trials	1.0	1.0	1.0	0.0	10000.0	1.0	False	0.0	0.0	0.0	[NaN, NaN, NaN, NaN, NaN, NaN, NaN, NaN, NaN, NaN, NaN, NaN, NaN, NaN, NaN, NaN, NaN, NaN, NaN, NaN]	0.0	0.0	0.0
372.51938510841575	2.0	trials	1.0	1.0	1.0	0.0	10000.0	1.0	False	0.0	0.0	0.0	[NaN, NaN, NaN, NaN, NaN, NaN, NaN, NaN, NaN, NaN, NaN, NaN, NaN, NaN, NaN, NaN, NaN, NaN, NaN, NaN]	0.0	0.0	0.0
378.82366833400783	2.0	trials	1.0	1.0	1.0	0.0	10000.0	1.0	False	0.0	0.0	0.0	[NaN, NaN, NaN, NaN, NaN, NaN, NaN, NaN, NaN, NaN, NaN, NaN, NaN, NaN, NaN, NaN, NaN, NaN, NaN, NaN]	0.0	0.0	0.0
386.62328129927755	2.0	trials	1.0	1.0	1.0	0.0	10000.0	1.0	False	0.0	0.0	0.0	[NaN, NaN, NaN, NaN, NaN, NaN, NaN, NaN, NaN, NaN, NaN, NaN, NaN, NaN, NaN, NaN, NaN, NaN, NaN, NaN]	0.0	0.0	0.0
395.17319434309127	2.0	trials	1.0	1.0	1.0	0.0	10000.0	1.0	False	0.0	0.0	0.0	[NaN, NaN, NaN, NaN, NaN, NaN, NaN, NaN, NaN, NaN, NaN, NaN, NaN, NaN, NaN, NaN, NaN, NaN, NaN, NaN]	0.0	0.0	0.0
402.3261011720296	2.0	trials	1.0	1.0	1.0	0.0	10000.0	1.0	False	0.0	0.0	0.0	[NaN, NaN, NaN, NaN, NaN, NaN, NaN, NaN, NaN, NaN, NaN, NaN, NaN, NaN, NaN, NaN, NaN, NaN, NaN, NaN]	0.0	0.0	0.0
410.0711955572025	2.0	trials	1.0	1.0	1.0	0.0	10000.0	1.0	False	0.0	0.0	0.0	[NaN, NaN, NaN, NaN, NaN, NaN, NaN, NaN, NaN, NaN, NaN, NaN, NaN, NaN, NaN, NaN, NaN, NaN, NaN, NaN]	0.0	0.0	0.0
418.0569147372562	2.0	trials	1.0	1.0	1.0	0.0	10000.0	1.0	False	0.0	0.0	0.0	[NaN, NaN, NaN, NaN, NaN, NaN, NaN, NaN, NaN, NaN, NaN, NaN, NaN, NaN, NaN, NaN, NaN, NaN, NaN, NaN]	0.0	0.0	0.0
424.8934237210047	2.0	trials	1.0	1.0	1.0	0.0	10000.0	1.0	False	0.0	0.0	0.0	[NaN, NaN, NaN, NaN, NaN, NaN, NaN, NaN, NaN, NaN, NaN, NaN, NaN, NaN, NaN, NaN, NaN, NaN, NaN, NaN]	0.0	0.0	0.0
435.48134669718786	2.0	trials	1.0	1.0	1.0	0.0	10000.0	1.0	False	0.0	0.0	0.0	[NaN, NaN, NaN, NaN, NaN, NaN, NaN, NaN, NaN, NaN, NaN, NaN, NaN, NaN, NaN, NaN, NaN, NaN, NaN, NaN]	0.0	0.0	0.0
443.72626673348657	2.0	trials	1.0	1.0	1.0	0.0	10000.0	1.0	False	0.0	0.0	0.0	[NaN, NaN, NaN, NaN, NaN, NaN, NaN, NaN, NaN, NaN, NaN, NaN, NaN, NaN, NaN, NaN, NaN, NaN, NaN, NaN]	0.0	0.0	0.0
453.67370439388816	2.0	trials	1.0	1.0	1.0	0.0	10000.0	1.0	False	0.0	0.0	0.0	[NaN, NaN, NaN, NaN, NaN, NaN, NaN, NaN, NaN, NaN, NaN, NaN, NaN, NaN, NaN, NaN, NaN, NaN, NaN, NaN]	0.0	0.0	0.0
461.5156534990112	2.0	trials	1.0	1.0	1.0	0.0	10000.0	1.0	False	0.0	0.0	0.0	[NaN, NaN, NaN, NaN, NaN, NaN, NaN, NaN, NaN, NaN, NaN, NaN, NaN, NaN, NaN, NaN, NaN, NaN, NaN, NaN]	0.0	0.0	0.0
470.8753964180199	2.0	trials	1.0	1.0	1.0	0.0	10000.0	1.0	False	0.0	0.0	0.0	[NaN, NaN, NaN, NaN, NaN, NaN, NaN, NaN, NaN, NaN, NaN, NaN, NaN, NaN, NaN, NaN, NaN, NaN, NaN, NaN]	0.0	0.0	0.0
478.8871220839835	2.0	trials	1.0	1.0	1.0	0.0	10000.0	1.0	False	0.0	0.0	0.0	[NaN, NaN, NaN, NaN, NaN, NaN, NaN, NaN, NaN, NaN, NaN, NaN, NaN, NaN, NaN, NaN, NaN, NaN, NaN, NaN]	0.0	0.0	0.0
487.28808103574175	2.0	trials	1.0	1.0	1.0	0.0	10000.0	1.0	False	0.0	0.0	0.0	[NaN, NaN, NaN, NaN, NaN, NaN, NaN, NaN, NaN, NaN, NaN, NaN, NaN, NaN, NaN, NaN, NaN, NaN, NaN, NaN]	0.0	0.0	0.0
493.6639900979428	2.0	trials	1.0	1.0	1.0	0.0	10000.0	1.0	False	0.0	0.0	0.0	[NaN, NaN, NaN, NaN, NaN, NaN, NaN, NaN, NaN, NaN, NaN, NaN, NaN, NaN, NaN, NaN, NaN, NaN, NaN, NaN]	0.0	0.0	0.0
503.13207897486194	2.0	trials	1.0	1.0	1.0	0.0	10000.0	1.0	False	0.0	0.0	0.0	[NaN, NaN, NaN, NaN, NaN, NaN, NaN, NaN, NaN, NaN, NaN, NaN, NaN, NaN, NaN, NaN, NaN, NaN, NaN, NaN]	0.0	0.0	0.0
510.15659497967357	2.000000000000057	trials	1.0	1.0	1.0	0.0	10000.0	1.0	False	0.0	0.0	0.0	[NaN, NaN, NaN, NaN, NaN, NaN, NaN, NaN, NaN, NaN, NaN, NaN, NaN, NaN, NaN, NaN, NaN, NaN, NaN, NaN]	0.0	0.0	0.0
520.6938873886035	2.0	trials	1.0	1.0	1.0	0.0	10000.0	1.0	False	0.0	0.0	0.0	[NaN, NaN, NaN, NaN, NaN, NaN, NaN, NaN, NaN, NaN, NaN, NaN, NaN, NaN, NaN, NaN, NaN, NaN, NaN, NaN]	0.0	0.0	0.0
528.3643319271778	2.0	trials	1.0	1.0	1.0	0.0	10000.0	1.0	False	0.0	0.0	0.0	[NaN, NaN, NaN, NaN, NaN, NaN, NaN, NaN, NaN, NaN, NaN, NaN, NaN, NaN, NaN, NaN, NaN, NaN, NaN, NaN]	0.0	0.0	0.0
538.0284630517035	2.0	trials	1.0	1.0	1.0	0.0	10000.0	1.0	False	0.0	0.0	0.0	[NaN, NaN, NaN, NaN, NaN, NaN, NaN, NaN, NaN, NaN, NaN, NaN, NaN, NaN, NaN, NaN, NaN, NaN, NaN, NaN]	0.0	0.0	0.0
544.7484180504272	2.0	trials	1.0	1.0	1.0	0.0	10000.0	1.0	False	0.0	0.0	0.0	[NaN, NaN, NaN, NaN, NaN, NaN, NaN, NaN, NaN, NaN, NaN, NaN, NaN, NaN, NaN, NaN, NaN, NaN, NaN, NaN]	0.0	0.0	0.0
555.7042334419076	2.0	trials	1.0	1.0	1.0	0.0	10000.0	1.0	False	0.0	0.0	0.0	[NaN, NaN, NaN, NaN, NaN, NaN, NaN, NaN, NaN, NaN, NaN, NaN, NaN, NaN, NaN, NaN, NaN, NaN, NaN, NaN]	0.0	0.0	0.0
563.1861525577062	2.0	trials	1.0	1.0	1.0	0.0	10000.0	1.0	False	0.0	0.0	0.0	[NaN, NaN, NaN, NaN, NaN, NaN, NaN, NaN, NaN, NaN, NaN, NaN, NaN, NaN, NaN, NaN, NaN, NaN, NaN, NaN]	0.0	0.0	0.0
572.6486254160733	2.0	trials	1.0	1.0	1.0	0.0	10000.0	1.0	False	0.0	0.0	0.0	[NaN, NaN, NaN, NaN, NaN, NaN, NaN, NaN, NaN, NaN, NaN, NaN, NaN, NaN, NaN, NaN, NaN, NaN, NaN, NaN]	0.0	0.0	0.0
579.5972819702906	2.0	trials	1.0	1.0	1.0	0.0	10000.0	1.0	False	0.0	0.0	0.0	[NaN, NaN, NaN, NaN, NaN, NaN, NaN, NaN, NaN, NaN, NaN, NaN, NaN, NaN, NaN, NaN, NaN, NaN, NaN, NaN]	0.0	0.0	0.0
587.3243186958117	2.0	trials	1.0	1.0	1.0	0.0	10000.0	1.0	False	0.0	0.0	0.0	[NaN, NaN, NaN, NaN, NaN, NaN, NaN, NaN, NaN, NaN, NaN, NaN, NaN, NaN, NaN, NaN, NaN, NaN, NaN, NaN]	0.0	0.0	0.0
596.4395488070959	2.0	trials	1.0	1.0	1.0	0.0	10000.0	1.0	False	0.0	0.0	0.0	[NaN, NaN, NaN, NaN, NaN, NaN, NaN, NaN, NaN, NaN, NaN, NaN, NaN, NaN, NaN, NaN, NaN, NaN, NaN, NaN]	0.0	0.0	0.0
605.5407820721429	2.0	trials	1.0	1.0	1.0	0.0	10000.0	1.0	False	0.0	0.0	0.0	[NaN, NaN, NaN, NaN, NaN, NaN, NaN, NaN, NaN, NaN, NaN, NaN, NaN, NaN, NaN, NaN, NaN, NaN, NaN, NaN]	0.0	0.0	0.0
615.8789218231911	2.0	trials	1.0	1.0	1.0	0.0	10000.0	1.0	False	0.0	0.0	0.0	[NaN, NaN, NaN, NaN, NaN, NaN, NaN, NaN, NaN, NaN, NaN, NaN, NaN, NaN, NaN, NaN, NaN, NaN, NaN, NaN]	0.0	0.0	0.0
623.00694536993	2.0	trials	1.0	1.0	1.0	0.0	10000.0	1.0	False	0.0	0.0	0.0	[NaN, NaN, NaN, NaN, NaN, NaN, NaN, NaN, NaN, NaN, NaN, NaN, NaN, NaN, NaN, NaN, NaN, NaN, NaN, NaN]	0.0	0.0	0.0
633.7782961520492	2.0	trials	1.0	1.0	1.0	0.0	10000.0	1.0	False	0.0	0.0	0.0	[NaN, NaN, NaN, NaN, NaN, NaN, NaN, NaN, NaN, NaN, NaN, NaN, NaN, NaN, NaN, NaN, NaN, NaN, NaN, NaN]	0.0	0.0	0.0
642.8253564381408	2.0	trials	1.0	1.0	1.0	0.0	10000.0	1.0	False	0.0	0.0	0.0	[NaN, NaN, NaN, NaN, NaN, NaN, NaN, NaN, NaN, NaN, NaN, NaN, NaN, NaN, NaN, NaN, NaN, NaN, NaN, NaN]	0.0	0.0	0.0
651.275649952871	2.0	trials	1.0	1.0	1.0	0.0	10000.0	1.0	False	0.0	0.0	0.0	[NaN, NaN, NaN, NaN, NaN, NaN, NaN, NaN, NaN, NaN, NaN, NaN, NaN, NaN, NaN, NaN, NaN, NaN, NaN, NaN]	0.0	0.0	0.0
659.0017362752527	2.0	trials	1.0	1.0	1.0	0.0	10000.0	1.0	False	0.0	0.0	0.0	[NaN, NaN, NaN, NaN, NaN, NaN, NaN, NaN, NaN, NaN, NaN, NaN, NaN, NaN, NaN, NaN, NaN, NaN, NaN, NaN]	0.0	0.0	0.0
668.7756821625409	2.0	trials	1.0	1.0	1.0	0.0	10000.0	1.0	False	0.0	0.0	0.0	[NaN, NaN, NaN, NaN, NaN, NaN, NaN, NaN, NaN, NaN, NaN, NaN, NaN, NaN, NaN, NaN, NaN, NaN, NaN, NaN]	0.0	0.0	0.0
679.0713993734505	2.0	trials	1.0	1.0	1.0	0.0	10000.0	1.0	False	0.0	0.0	0.0	[NaN, NaN, NaN, NaN, NaN, NaN, NaN, NaN, NaN, NaN, NaN, NaN, NaN, NaN, NaN, NaN, NaN, NaN, NaN, NaN]	0.0	0.0	0.0
689.1000533021422	2.0	trials	1.0	1.0	1.0	0.0	10000.0	1.0	False	0.0	0.0	0.0	[NaN, NaN, NaN, NaN, NaN, NaN, NaN, NaN, NaN, NaN, NaN, NaN, NaN, NaN, NaN, NaN, NaN, NaN, NaN, NaN]	0.0	0.0	0.0
697.4795849831175	2.0	trials	1.0	1.0	1.0	0.0	10000.0	1.0	False	0.0	0.0	0.0	[NaN, NaN, NaN, NaN, NaN, NaN, NaN, NaN, NaN, NaN, NaN, NaN, NaN, NaN, NaN, NaN, NaN, NaN, NaN, NaN]	0.0	0.0	0.0
706.3776911771538	2.0	trials	1.0	1.0	1.0	0.0	10000.0	1.0	False	0.0	0.0	0.0	[NaN, NaN, NaN, NaN, NaN, NaN, NaN, NaN, NaN, NaN, NaN, NaN, NaN, NaN, NaN, NaN, NaN, NaN, NaN, NaN]	0.0	0.0	0.0
716.9619853413495	2.0	trials	1.0	1.0	1.0	0.0	10000.0	1.0	False	0.0	0.0	0.0	[NaN, NaN, NaN, NaN, NaN, NaN, NaN, NaN, NaN, NaN, NaN, NaN, NaN, NaN, NaN, NaN, NaN, NaN, NaN, NaN]	0.0	0.0	0.0
727.6421838223557	2.0	trials	1.0	1.0	1.0	0.0	10000.0	1.0	False	0.0	0.0	0.0	[NaN, NaN, NaN, NaN, NaN, NaN, NaN, NaN, NaN, NaN, NaN, NaN, NaN, NaN, NaN, NaN, NaN, NaN, NaN, NaN]	0.0	0.0	0.0
734.2361672049444	2.0	trials	1.0	1.0	1.0	0.0	10000.0	1.0	False	0.0	0.0	0.0	[NaN, NaN, NaN, NaN, NaN, NaN, NaN, NaN, NaN, NaN, NaN, NaN, NaN, NaN, NaN, NaN, NaN, NaN, NaN, NaN]	0.0	0.0	0.0
776.2451091774354	2.0	trials	2.0	1.0	1.0	0.0	10000.0	1.0	True	40.0	0.0	0.005	[8992430.419997104, 8992719.420951787, 8993009.421909777, 8993299.422867764, 8993588.42382245, 8993878.424780438, 8994167.425735123, 8994458.426696416, 8994747.4276511, 8995037.428609088, 8995327.429567076, 8995616.430521762, 8995906.43147975, 8996195.432434434, 8996485.433392422, 8996774.434347108, 8997065.435308399, 8997354.436263084, 8997644.437221073, 8997932.438172454]	0.0	0.0	0.0
786.829316941346	2.0	trials	2.0	1.0	1.0	0.0	10000.0	1.0	True	40.0	0.0	0.005	[9114931.824667903, 9115221.82562589, 9115511.826583879, 9115800.827538565, 9116090.828496553, 9116379.829451237, 9116669.830409225, 9116959.831367215, 9117249.832325203, 9117538.83327989, 9117828.834237877, 9118118.835195865, 9118407.83615055, 9118697.837108538, 9118986.838063223, 9119276.839021211, 9119565.839975897, 9119855.840933884, 9120144.84188857, 9120435.842849862]	0.0	0.0	0.0
795.3921036276864	2.0	trials	2.0	1.0	1.0	0.0	10000.0	1.0	True	40.0	0.0	0.005	[9214038.152055468, 9214328.153013458, 9214618.153971447, 9214907.154926132, 9215197.15588412, 9215487.156842109, 9215776.157796793, 9216066.15875478, 9216355.159709467, 9216645.160667455, 9216934.16162214, 9217224.162580127, 9217515.16354142, 9217804.164496105, 9218093.165450789, 9218383.16640878, 9218673.167366765, 9218962.168321451, 9219252.16927944, 9219541.170234125]	0.0	0.0	0.0
803.569113039649	2.0	trials	2.0	1.0	1.0	0.0	10000.0	1.0	True	40.0	0.0	0.005	[9308679.464693319, 9308970.46565461, 9309259.466609295, 9309549.467567284, 9309839.468525272, 9310128.469479958, 9310418.470437946, 9310708.471395934, 9310997.47235062, 9311286.473305304, 9311577.474266596, 9311866.47522128, 9312156.476179268, 9312446.477137258, 9312735.478091944, 9313024.479046628, 9313314.480004616, 9313604.480962604, 9313893.48191729, 9314183.482875278]	0.0	0.0	0.0
811.6939366792207	2.0	trials	2.0	1.0	1.0	0.0	10000.0	1.0	True	40.0	0.0	0.005	[9402716.77533591, 9403005.776290594, 9403295.777248584, 9403585.778206572, 9403876.779167864, 9404164.780119246, 9404453.78107393, 9404743.782031918, 9405032.782986604, 9405323.783947896, 9405612.78490258, 9405902.785860568, 9406191.786815254, 9406481.787773242, 9406771.78873123, 9407060.789685914, 9407350.790643902, 9407640.79160189, 9407930.792559879, 9408219.793514565]	0.0	0.0	0.0
821.5808941398318	2.0	trials	2.0	1.0	1.0	0.0	10000.0	1.0	True	40.0	0.0	0.005	[9517150.153354814, 9517439.154309498, 9517729.155267486, 9518018.156222172, 9518309.157183465, 9518597.158134844, 9518888.159096137, 9519177.16005082, 9519467.16100881, 9519756.161963496, 9520046.162921485, 9520335.163876168, 9520625.164834157, 9520915.165792145, 9521205.166750133, 9521495.167708121, 9521783.168659503, 9522074.169620795, 9522363.170575479, 9522652.171530165]	0.0	0.0	0.0
829.2794187711661	2.0	trials	2.0	1.0	1.0	0.0	10000.0	1.0	True	40.0	0.0	0.005	[9606252.447695086, 9606542.448653074, 9606831.449607758, 9607122.45056905, 9607410.451520432, 9607701.452481724, 9607990.45343641, 9608280.454394396, 9608568.455345778, 9608860.456310373, 9609149.457265059, 9609439.458223047, 9609728.459177732, 9610018.460135719, 9610308.461093707, 9610596.46204509, 9610886.463003078, 9611176.463961067, 9611466.464919055, 9611755.465873739]	0.0	0.0	0.0
839.0832591572079	2.0	trials	2.0	1.0	1.0	0.0	10000.0	1.0	True	40.0	0.0	0.005	[9719722.822532807, 9720011.82348749, 9720301.824445479, 9720591.825403467, 9720881.826361455, 9721170.82731614, 9721460.828274129, 9721750.829232117, 9722040.830190105, 9722329.831144791, 9722619.83210278, 9722908.833057463, 9723198.834015451, 9723488.834973441, 9723777.835928127, 9724067.836886115, 9724356.837840801, 9724647.838802092, 9724936.839756776, 9725226.840714766]	0.0	0.0	0.0
846.53778938253	2.0	trials	2.0	1.0	1.0	0.0	10000.0	1.0	True	40.0	0.0	0.005	[9806002.107547557, 9806292.108505545, 9806583.109466838, 9806873.110424824, 9807162.11137951, 9807451.112334196, 9807741.113292184, 9808031.114250172, 9808319.115201553, 9808609.116159542, 9808900.117120834, 9809189.118075518, 9809479.119033508, 9809768.119988192, 9810058.12094618, 9810348.121904168, 9810637.122858854, 9810927.123816842, 9811217.12477483, 9811506.125729514]	0.0	0.0	0.0
856.4077259869142	2.0	trials	2.0	1.0	1.0	0.0	10000.0	1.0	True	40.0	0.0	0.005	[9920238.484915689, 9920528.485873677, 9920816.48682506, 9921107.48778635, 9921397.488744339, 9921685.48969572, 9921975.490653709, 9922265.491611697, 9922554.492566383, 9922845.493527673, 9923134.494482357, 9923423.495437043, 9923713.496395031, 9924003.497353021, 9924293.49831101, 9924582.499265693, 9924872.500223681, 9925161.501178367, 9925452.50213966, 9925741.503094343]	0.0	0.0	0.0
864.379880322158	2.0	trials	2.0	1.0	1.0	0.0	10000.0	1.0	True	40.0	0.0	0.005	[10012508.789721157, 10012797.790675843, 10013087.791633831, 10013376.792588515, 10013667.793549808, 10013956.794504492, 10014246.795462482, 10014535.796417167, 10014825.797375154, 10015115.798333142, 10015404.799287828, 10015694.800245816, 10015984.801203804, 10016273.802158488, 10016563.803116476, 10016852.804071162, 10017143.805032453, 10017432.805987138, 10017721.806941824, 10018011.80789981]	0.0	0.0	0.0
872.0776273509233	2.0	trials	2.0	1.0	1.0	0.0	10000.0	1.0	True	40.0	0.0	0.005	[10101602.084031697, 10101892.084989686, 10102182.085947676, 10102471.086902361, 10102761.087860348, 10103050.088815033, 10103340.089773022, 10103629.090727707, 10103920.091689, 10104209.092643682, 10104499.093601672, 10104788.094556358, 10105078.095514346, 10105367.096469032, 10105657.097427018, 10105947.098385006, 10106236.099339692, 10106527.100300983, 10106815.101252366, 10107105.102210352]	0.0	0.0	0.0
882.355891704179	2.0	trials	2.0	1.0	1.0	0.0	10000.0	1.0	True	40.0	0.0	0.005	[10220564.477011738, 10220853.477966422, 10221142.478921106, 10221432.479879096, 10221722.480837084, 10222011.481791768, 10222301.482749756, 10222590.483704442, 10222880.48466243, 10223171.485623721, 10223459.486575102, 10223750.487536395, 10224039.48849108, 10224328.489445765, 10224618.490403753, 10224908.491361741, 10225197.492316427, 10225488.49327772, 10225777.494232403, 10226066.495187089]	0.0	0.0	0.0
893.227985219092	2.0	trials	2.0	1.0	1.0	0.0	10000.0	1.0	True	40.0	0.0	0.005	[10346398.892692795, 10346687.89364748, 10346976.894602166, 10347266.895560155, 10347556.896518143, 10347846.897476133, 10348135.898430817, 10348425.899388805, 10348714.90034349, 10349004.901301479, 10349294.902259467, 10349584.903217455, 10349873.90417214, 10350162.905126825, 10350452.906084813, 10350742.907042801, 10351032.90800079, 10351321.908955473, 10351610.90991016, 10351900.910868147]	0.0	0.0	0.0
900.5480766003084	2.0	trials	2.0	1.0	1.0	0.0	10000.0	1.0	True	40.0	0.0	0.005	[10431121.17256414, 10431411.17352213, 10431701.174480118, 10431990.175434804, 10432280.17639279, 10432569.177347476, 10432859.178305464, 10433149.179263452, 10433438.180218138, 10433728.181176126, 10434019.182137417, 10434307.183088798, 10434597.184046786, 10434887.185004776, 10435177.185962765, 10435466.186917448, 10435756.187875437, 10436046.188833425, 10436335.18978811, 10436625.190746099]	0.0	0.0	0.0
908.1284920414804	2.0	trials	2.0	1.0	1.0	0.0	10000.0	1.0	True	40.0	0.0	0.005	[10518858.46239526, 10519148.463353248, 10519437.464307932, 10519726.465262618, 10520017.46622391, 10520306.467178594, 10520596.468136583, 10520885.469091268, 10521174.470045954, 10521464.471003942, 10521753.471958626, 10522044.472919919, 10522333.473874602, 10522623.474832593, 10522913.47579058, 10523202.476745266, 10523492.477703253, 10523782.478661241, 10524071.479615927, 10524361.480573915]	0.0	0.0	0.0
918.4461549248854	2.0	trials	2.0	1.0	1.0	0.0	10000.0	1.0	True	40.0	0.0	0.005	[10638274.856875045, 10638565.857836338, 10638854.858791023, 10639143.85974571, 10639433.860703696, 10639724.861664988, 10640013.862619672, 10640303.86357766, 10640592.864532346, 10640881.865487032, 10641171.86644502, 10641461.867403006, 10641750.868357692, 10642040.86931568, 10642329.870270366, 10642619.871228354, 10642909.872186344, 10643199.87314433, 10643489.874102319, 10643779.875060309]	0.0	0.0	0.0
927.0258760671672	2.0	trials	2.0	1.0	1.0	0.0	10000.0	1.0	True	40.0	0.0	0.005	[10737578.184913384, 10737867.18586807, 10738157.186826058, 10738446.187780743, 10738736.18873873, 10739026.189696718, 10739315.190651404, 10739605.191609392, 10739894.192564076, 10740185.193525368, 10740474.194480054, 10740764.195438042, 10741053.196392726, 10741343.197350714, 10741633.198308704, 10741922.19926339, 10742212.200221378, 10742502.201179367, 10742791.20213405, 10743081.203092039]	0.0	0.0	0.0
933.590742553571	2.0	trials	2.0	1.0	1.0	0.0	10000.0	1.0	True	40.0	0.0	0.005	[10813560.43591294, 10813850.436870929, 10814139.437825615, 10814429.438783603, 10814719.439741591, 10815008.440696275, 10815297.44165096, 10815587.442608949, 10815876.443563635, 10816166.444521623, 10816456.445479611, 10816745.446434297, 10817035.447392283, 10817325.448350271, 10817615.449308261, 10817904.450262947, 10818194.451220935, 10818483.452175621, 10818773.453133607, 10819062.454088293]	0.0	0.0	0.0
940.4367555687152	2.0	trials	2.0	1.0	1.0	0.0	10000.0	1.0	True	40.0	0.0	0.005	[10892796.69766179, 10893086.698619777, 10893375.699574463, 10893665.70053245, 10893954.701487135, 10894243.70244182, 10894534.703403112, 10894823.704357797, 10895114.705319088, 10895403.706273774, 10895692.707228458, 10895982.708186446, 10896271.709141131, 10896561.71009912, 10896851.71105711, 10897139.71200849, 10897430.712969782, 10897719.713924466, 10898009.714882456, 10898298.71583714]	0.0	0.0	0.0
950.5944051235315	2.0	trials	2.0	1.0	1.0	0.0	10000.0	1.0	True	40.0	0.0	0.005	[11010362.086026967, 11010651.08698165, 11010941.087939639, 11011230.088894324, 11011520.089852313, 11011810.090810299, 11012099.091764985, 11012389.092722973, 11012679.093680963, 11012968.094635647, 11013258.095593635, 11013548.096551623, 11013838.097509611, 11014127.098464297, 11014417.099422287, 11014706.10037697, 11014996.10133496, 11015285.102289645, 11015575.103247633, 11015865.104205621]	0.0	0.0	0.0
958.4786039682225	2.0	trials	2.0	1.0	1.0	0.0	10000.0	1.0	True	40.0	0.0	0.005	[11101613.387466261, 11101903.38842425, 11102192.389378935, 11102482.390336923, 11102772.391294912, 11103062.3922529, 11103351.393207584, 11103641.394165574, 11103930.395120258, 11104221.39608155, 11104510.397036234, 11104800.397994222, 11105089.398948908, 11105378.399903594, 11105669.400864886, 11105958.40181957, 11106248.402777558, 11106537.403732244, 11106827.404690232, 11107117.40564822]	0.0	0.0	0.0
965.0845105901984	2.0	trials	2.0	1.0	1.0	0.0	10000.0	1.0	True	40.0	0.0	0.005	[11178070.640034936, 11178360.640992925, 11178650.641950915, 11178939.642905599, 11179229.643863587, 11179519.644821575, 11179808.64577626, 11180098.646734249, 11180387.647688933, 11180677.648646923, 11180966.649601607, 11181257.6505629, 11181547.651520887, 11181835.652472269, 11182125.653430257, 11182415.654388245, 11182705.655346235, 11182994.65630092, 11183285.65726221, 11183574.658216896]	0.0	0.0	0.0
974.1031451823884	2.0	trials	2.0	1.0	1.0	0.0	10000.0	1.0	True	40.0	0.0	0.005	[11282453.984854588, 11282743.985812578, 11283031.98676396, 11283322.98772525, 11283611.988679936, 11283901.989637924, 11284191.990595913, 11284480.991550596, 11284770.992508585, 11285059.99346327, 11285349.994421259, 11285639.995379247, 11285928.996333933, 11286218.99729192, 11286508.998249909, 11286797.999204593, 11287089.000165885, 11287378.001120571, 11287667.002075255, 11287957.003033245]	0.0	0.0	0.0
982.8445212586821	2.0	trials	2.0	1.0	1.0	0.0	10000.0	1.0	True	40.0	0.0	0.005	[11383627.3190703, 11383917.320028288, 11384207.320986278, 11384496.321940962, 11384785.322895646, 11385075.323853636, 11385365.324811624, 11385654.325766308, 11385944.326724296, 11386234.327682285, 11386523.32863697, 11386813.329594959, 11387102.330549644, 11387391.331504328, 11387682.33246562, 11387972.333423607, 11388262.334381597, 11388551.335336281, 11388840.336290967, 11389130.337248955]	0.0	0.0	0.0
991.22042412767	2.0	trials	2.0	1.0	1.0	0.0	10000.0	1.0	True	40.0	0.0	0.005	[11480570.639312595, 11480859.64026728, 11481149.641225269, 11481439.642183257, 11481728.643137943, 11482018.64409593, 11482307.645050615, 11482597.646008603, 11482887.646966591, 11483177.64792458, 11483466.648879264, 11483756.649837252, 11484045.650791937, 11484336.65175323, 11484625.652707916, 11484915.653665904, 11485204.654620588, 11485494.655578576, 11485783.656533262, 11486073.65749125]	0.0	0.0	0.0
1001.3245055055289	2.0	trials	2.0	1.0	1.0	0.0	10000.0	1.0	True	40.0	0.0	0.005	[11597515.025626356, 11597805.026584346, 11598095.027542334, 11598384.028497018, 11598674.029455006, 11598963.030409692, 11599253.03136768, 11599543.032325668, 11599832.033280352, 11600122.03423834, 11600412.035196329, 11600701.036151014, 11600991.037109002, 11601280.038063686, 11601570.039021675, 11601860.039979665, 11602149.040934348, 11602439.041892339, 11602729.042850325, 11603018.04380501]	0.0	0.0	0.0
1012.394801275184	2.0	trials	2.0	1.0	1.0	0.0	10000.0	1.0	True	40.0	0.0	0.005	[11725643.448885433, 11725934.449846726, 11726223.45080141, 11726512.451756094, 11726802.452714084, 11727091.453668768, 11727381.454626758, 11727671.455584746, 11727961.456542734, 11728250.457497418, 11728540.458455406, 11728829.459410092, 11729119.460368082, 11729409.46132607, 11729698.462280754, 11729987.46323544, 11730277.464193428, 11730566.465148114, 11730856.4661061, 11731147.467067393]	0.0	0.0	0.0
1021.1488781934335	2.0	trials	2.0	1.0	1.0	0.0	10000.0	1.0	True	40.0	0.0	0.005	[11826964.783590049, 11827253.784544734, 11827542.78549942, 11827833.78646071, 11828121.787412092, 11828412.788373385, 11828702.789331373, 11828991.790286057, 11829281.791244045, 11829571.792202035, 11829860.79315672, 11830149.794111405, 11830439.795069393, 11830729.796027381, 11831019.79698537, 11831308.797940055, 11831598.798898043, 11831887.799852727, 11832177.800810717, 11832467.801768705]	0.0	0.0	0.0
1031.6910954186324	2.0	trials	2.0	1.0	1.0	0.0	10000.0	1.0	True	40.0	0.0	0.005	[11948980.186655397, 11949270.187613381, 11949560.18857137, 11949850.189529357, 11950140.190487346, 11950429.191442033, 11950718.192396717, 11951007.193351401, 11951297.19430939, 11951587.195267377, 11951877.19622537, 11952166.197180053, 11952456.198138041, 11952746.19909603, 11953036.200054018, 11953324.2010054, 11953615.201966692, 11953904.202921376, 11954194.203879364, 11954483.20483405]	0.0	0.0	0.0
1038.3393381804615	2.0	trials	2.0	1.0	1.0	0.0	10000.0	1.0	True	40.0	0.0	0.005	[12025927.44084274, 12026217.441800728, 12026507.442758717, 12026797.443716709, 12027086.444671389, 12027376.44562938, 12027665.446584065, 12027954.447538748, 12028244.448496737, 12028534.449454725, 12028824.450412713, 12029113.4513674, 12029403.452325389, 12029693.453283377, 12029982.45423806, 12030272.455196049, 12030561.456150733, 12030852.457112027, 12031140.458063405, 12031431.4590247]	0.0	0.0	0.0
1049.4033267292812	2.0	trials	2.0	1.0	1.0	0.0	10000.0	1.0	True	40.0	0.0	0.005	[12153983.863863975, 12154272.864818659, 12154562.865776647, 12154852.866734635, 12155142.867692623, 12155431.868647307, 12155721.869605295, 12156011.870563284, 12156300.87151797, 12156589.872472655, 12156880.873433944, 12157170.874391934, 12157459.875346621, 12157749.87630461, 12158038.877259294, 12158327.878213976, 12158617.879171966, 12158906.880126653, 12159196.881084641, 12159487.88204593]	0.0	0.0	0.0
1057.1210322239776	2.0	trials	2.0	1.0	1.0	0.0	10000.0	1.0	True	40.0	0.0	0.005	[12243308.158937601, 12243597.159892285, 12243887.160850273, 12244178.161811566, 12244467.162766252, 12244756.163720934, 12245046.164678926, 12245336.165636914, 12245626.166594902, 12245915.167549586, 12246204.168504272, 12246494.16946226, 12246784.170420246, 12247073.171374934, 12247363.17233292, 12247653.173290908, 12247943.1742489, 12248232.175203582, 12248521.176158266, 12248811.177116254]	0.0	0.0	0.0
1067.6569422283408	2.0	trials	2.0	1.0	1.0	0.0	10000.0	1.0	True	40.0	0.0	0.005	[12365251.561765097, 12365542.562726393, 12365832.563684382, 12366121.564639065, 12366410.56559375, 12366701.566555042, 12366989.567506425, 12367280.568467714, 12367569.5694224, 12367859.570380388, 12368148.571335074, 12368438.572293062, 12368728.573251048, 12369018.57420904, 12369306.57516042, 12369597.576121712, 12369886.577076394, 12370175.57803108, 12370466.578992372, 12370756.57995036]	0.0	0.0	0.0
1077.6995066029845	2.0	trials	2.0	1.0	1.0	0.0	10000.0	1.0	True	40.0	0.0	0.005	[12481484.945730137, 12481774.946688125, 12482064.947646113, 12482354.948604101, 12482644.94956209, 12482933.950516773, 12483223.951474765, 12483512.952429447, 12483802.953387437, 12484091.954342121, 12484381.955300113, 12484671.9562581, 12484961.957216088, 12485251.958174074, 12485540.959128762, 12485830.96008675, 12486118.961038131, 12486409.961999422, 12486698.962954106, 12486988.963912094]	0.0	0.0	0.0
1084.2037200890268	2.0	trials	2.0	1.0	1.0	0.0	10000.0	1.0	True	40.0	0.0	0.005	[12556766.194414005, 12557056.195371993, 12557345.19632668, 12557634.197281364, 12557925.198242653, 12558213.199194036, 12558503.200152025, 12558794.201113317, 12559083.202068001, 12559373.20302599, 12559662.203980673, 12559951.20493536, 12560241.205893349, 12560531.206851339, 12560820.207806021, 12561111.208767314, 12561400.209722, 12561690.210679987, 12561979.211634671, 12562269.21259266]	0.0	0.0	0.0
1094.448374731256	2.0	trials	2.0	1.0	1.0	0.0	10000.0	1.0	True	40.0	0.0	0.005	[12675337.586102413, 12675627.5870604, 12675917.588018388, 12676207.588976376, 12676496.589931061, 12676786.59088905, 12677075.591843735, 12677365.592801724, 12677654.593756407, 12677944.594714396, 12678234.595672384, 12678524.596630374, 12678813.597585056, 12679102.598539742, 12679392.59949773, 12679682.600455722, 12679972.60141371, 12680260.602365088, 12680551.603326382, 12680841.60428437]	0.0	0.0	0.0
1105.0956547035194	2.0	trials	2.0	1.0	1.0	0.0	10000.0	1.0	True	40.0	0.0	0.005	[12798570.993191307, 12798859.994145991, 12799148.995100677, 12799438.996058665, 12799727.997013351, 12800018.997974642, 12800306.998926023, 12800596.999884011, 12800888.000845302, 12801177.001799988, 12801466.002754671, 12801756.00371266, 12802046.004670648, 12802335.005625334, 12802625.006583322, 12802914.007538008, 12803205.008499298, 12803494.009453986, 12803784.010411974, 12804073.011366658]	0.0	0.0	0.0
1114.2764626314336	2.0	trials	2.0	1.0	1.0	0.0	10000.0	1.0	True	40.0	0.0	0.005	[12904830.34420815, 12905119.345162837, 12905409.346120821, 12905698.347075509, 12905988.348033499, 12906278.348991487, 12906567.349946171, 12906856.350900857, 12907146.351858845, 12907436.352816833, 12907726.353774821, 12908015.354729507, 12908304.355684191, 12908595.356645482, 12908884.357600167, 12909174.358558156, 12909464.359516144, 12909753.360470828, 12910043.36142882, 12910332.362383502]	0.0	0.0	0.0
1121.9816400847446	2.0	trials	2.0	1.0	1.0	0.0	10000.0	1.0	True	40.0	0.0	0.005	[12994010.63880609, 12994299.639760774, 12994589.640718762, 12994878.641673448, 12995169.642634738, 12995458.643589424, 12995748.64454741, 12996036.645498794, 12996327.646460086, 12996617.647418072, 12996907.648376064, 12997196.649330746, 12997485.65028543, 12997775.65124342, 12998065.652201409, 12998354.653156096, 12998644.654114084, 12998933.655068768, 12999224.656030057, 12999513.656984745]	0.0	0.0	0.0
1131.3063908881602	2.0	trials	2.0	1.0	1.0	0.0	10000.0	1.0	True	40.0	0.0	0.005	[13101934.995323109, 13102224.996281099, 13102513.997235782, 13102803.99819377, 13103093.999151759, 13103383.000106443, 13103673.00106443, 13103963.00202242, 13104253.002980407, 13104542.003935091, 13104832.00489308, 13105122.005851068, 13105411.006805755, 13105701.007763743, 13105990.008718427, 13106279.009673111, 13106570.010634407, 13106859.011589091, 13107149.01254708, 13107438.013501763]	0.0	0.0	0.0
1140.4603283273102	2.0	trials	2.0	1.0	1.0	0.0	10000.0	1.0	True	40.0	0.0	0.005	[13207884.345315898, 13208174.346273886, 13208463.347228572, 13208752.348183256, 13209042.349141244, 13209332.350099232, 13209621.351053918, 13209911.352011904, 13210201.352969892, 13210491.35392788, 13210780.354882566, 13211070.355840554, 13211360.356798546, 13211649.357753228, 13211938.358707912, 13212228.359665902, 13212518.36062389, 13212808.361581879, 13213098.362539867, 13213386.36349125]	0.0	0.0	0.0
1147.6362176321688	2.0	trials	2.0	1.0	1.0	0.0	10000.0	1.0	True	40.0	0.0	0.005	[13290937.619673854, 13291227.62063184, 13291516.621586528, 13291807.622547816, 13292096.623502502, 13292386.62446049, 13292676.625418479, 13292964.62636986, 13293254.627327848, 13293545.628289143, 13293833.629240522, 13294124.630201817, 13294413.6311565, 13294704.632117793, 13294992.633069173, 13295282.63402716, 13295572.634985149, 13295862.635943137, 13296151.636897823, 13296440.637852509]	0.0	0.0	0.0
1157.2726142650765	2.0	trials	2.0	1.0	1.0	0.0	10000.0	1.0	True	40.0	0.0	0.005	[13402469.988109568, 13402759.989067558, 13403049.990025546, 13403338.99098023, 13403629.991941523, 13403917.992892904, 13404208.993854195, 13404498.994812183, 13404786.995763566, 13405076.996721555, 13405366.997679543, 13405656.99863753, 13405945.999592215, 13406236.000550203, 13406526.001508195, 13406815.002462879, 13407105.003420867, 13407395.004378855, 13407685.005336843, 13407974.006291527]	0.0	0.0	0.0
1165.0425919324489	2.0	trials	2.0	1.0	1.0	0.0	10000.0	1.0	True	40.0	0.0	0.005	[13492401.285188368, 13492691.286146356, 13492979.287097733, 13493269.288055722, 13493559.289013714, 13493849.2899717, 13494139.290929688, 13494428.291884376, 13494718.292842362, 13495007.293797048, 13495297.294755036, 13495587.295713024, 13495877.296671012, 13496165.297622394, 13496456.298583684, 13496746.299541676, 13497034.300493056, 13497324.301451044, 13497615.302412337, 13497904.30336702]	0.0	0.0	0.0
1172.5124150082897	2.0	trials	2.0	1.0	1.0	0.0	10000.0	1.0	True	40.0	0.0	0.005	[13578856.570784518, 13579146.571742507, 13579436.572700495, 13579726.57365848, 13580015.574613167, 13580305.575571155, 13580595.576529143, 13580884.577483827, 13581173.578438511, 13581463.5793965, 13581753.58035449, 13582042.581309175, 13582332.582267165, 13582622.583225152, 13582912.58418314, 13583202.585141126, 13583491.586095814, 13583780.587050498, 13584070.588008486, 13584360.588966474]	0.0	0.0	0.0
1181.296472825578	2.0	trials	2.0	1.0	1.0	0.0	10000.0	1.0	True	40.0	0.0	0.005	[13680523.906632112, 13680813.9075901, 13681102.908544784, 13681392.909502773, 13681682.91046076, 13681972.911418749, 13682261.912373433, 13682550.91332812, 13682840.914286109, 13683130.915244097, 13683419.91619878, 13683709.917156769, 13683999.918114757, 13684289.919072747, 13684579.920030735, 13684868.920985421, 13685157.921940105, 13685448.922901396, 13685737.923856081, 13686027.92481407]	0.0	0.0	0.0
1190.4606918986924	2.0	trials	2.0	1.0	1.0	0.0	10000.0	1.0	True	40.0	0.0	0.005	[13786591.257014701, 13786881.25797269, 13787171.25893068, 13787460.259885361, 13787750.260843351, 13788040.26180134, 13788329.262756027, 13788619.263714015, 13788908.2646687, 13789198.265626688, 13789488.266584676, 13789777.26753936, 13790067.268497348, 13790357.269455336, 13790646.27041002, 13790936.271368008, 13791225.272322696, 13791515.273280684, 13791804.274235368, 13792095.275196662]	0.0	0.0	0.0
1198.58879874911	2.0	trials	2.0	1.0	1.0	0.0	10000.0	1.0	True	40.0	0.0	0.005	[13880667.567786125, 13880957.568744114, 13881246.569698798, 13881536.570656786, 13881826.571614778, 13882114.572566157, 13882405.57352745, 13882695.574485438, 13882984.575440124, 13883273.57639481, 13883563.577352798, 13883853.578310786, 13884142.57926547, 13884432.580223458, 13884721.581178142, 13885011.58213613, 13885300.583090816, 13885591.584052106, 13885881.585010096, 13886170.585964778]	0.0	0.0	0.0
1206.214574340125	2.0	trials	2.0	1.0	1.0	0.0	10000.0	1.0	True	40.0	0.0	0.005	[13968928.85934823, 13969218.860306218, 13969508.861264206, 13969797.862218894, 13970086.863173578, 13970376.864131566, 13970665.86508625, 13970956.866047544, 13971246.867005533, 13971534.86795691, 13971824.868914902, 13972114.86987289, 13972404.870830877, 13972693.871785564, 13972984.872746853, 13973272.873698236, 13973563.874659527, 13973852.875614213, 13974142.876572201, 13974431.877526885]	0.0	0.0	0.0
1215.5989413404768	2.0	trials	2.0	1.0	1.0	0.0	10000.0	1.0	True	40.0	0.0	0.005	[14077543.218144603, 14077832.219099287, 14078122.220057275, 14078413.221018568, 14078702.221973253, 14078992.222931242, 14079281.223885925, 14079570.224840611, 14079861.225801902, 14080150.226756588, 14080440.227714576, 14080729.228669262, 14081019.22962725, 14081308.230581934, 14081598.231539922, 14081888.23249791, 14082178.233455902, 14082467.234410586, 14082757.235368574, 14083047.236326562]	0.0	0.0	0.0
1224.202249760677	2.0	trials	2.0	1.0	1.0	0.0	10000.0	1.0	True	40.0	0.0	0.005	[14177119.547084771, 14177408.548039459, 14177697.548994143, 14177988.549955431, 14178277.550910119, 14178567.551868107, 14178856.552822791, 14179145.553777475, 14179436.554738767, 14179725.555693451, 14180014.556648139, 14180304.557606127, 14180594.558564115, 14180884.559522104, 14181173.56047679, 14181462.561431471, 14181753.562392766, 14182042.56334745, 14182332.564305438, 14182621.565260122]	0.0	0.0	0.0
1233.4907124442184	2.0	trials	2.0	1.0	1.0	0.0	10000.0	1.0	True	40.0	0.0	0.005	[14284624.902217662, 14284914.90317565, 14285203.904130336, 14285492.905085022, 14285782.90604301, 14286072.907000998, 14286361.907955682, 14286652.908916976, 14286941.90987166, 14287231.910829648, 14287521.911787637, 14287809.91273902, 14288099.913697008, 14288390.914658297, 14288678.91560968, 14288969.916570969, 14289258.917525657, 14289547.91848034, 14289838.919441633, 14290127.920396317]	0.0	0.0	0.0
1242.67100197042	2.0	trials	2.0	1.0	1.0	0.0	10000.0	1.0	True	40.0	0.0	0.005	[14390878.253214687, 14391168.254172675, 14391457.25512736, 14391746.256082047, 14392036.257040033, 14392326.257998021, 14392615.258952707, 14392905.259910697, 14393195.260868685, 14393485.261826674, 14393775.262784662, 14394064.263739346, 14394354.264697334, 14394644.265655322, 14394933.266610006, 14395222.267564693, 14395512.268522682, 14395802.26948067, 14396091.270435354, 14396381.271393342]	0.0	0.0	0.0
1251.0952025989548	2.0	trials	2.0	1.0	1.0	0.0	10000.0	1.0	True	40.0	0.0	0.005	[14488379.575300286, 14488669.576258274, 14488959.577216262, 14489248.578170946, 14489538.579128934, 14489828.580086922, 14490118.58104491, 14490407.581999594, 14490696.582954282, 14490986.58391227, 14491277.58487356, 14491566.585828247, 14491856.586786235, 14492145.58774092, 14492434.588695602, 14492725.589656897, 14493015.590614885, 14493303.591566266, 14493593.592524255, 14493882.59347894]	0.0	0.0	0.0
1258.5777265167515	2.0	trials	2.0	1.0	1.0	0.0	10000.0	1.0	True	40.0	0.0	0.005	[14574982.861385338, 14575271.862340024, 14575562.863301314, 14575851.864255998, 14576140.865210686, 14576431.866171978, 14576720.867126662, 14577009.868081346, 14577300.869042639, 14577589.869997324, 14577879.870955313, 14578168.871909998, 14578458.872867987, 14578748.873825975, 14579037.874780659, 14579326.875735344, 14579617.876696635, 14579906.877651319, 14580195.878606007, 14580485.879563993]	0.0	0.0	0.0
1267.9612295142492	2.0	trials	2.0	1.0	1.0	0.0	10000.0	1.0	True	40.0	0.0	0.005	[14683588.22015198, 14683878.221109968, 14684167.222064653, 14684457.22302264, 14684746.223977325, 14685037.224938618, 14685326.225893302, 14685615.226847988, 14685905.227805978, 14686194.22876066, 14686484.22971865, 14686774.230676638, 14687064.231634626, 14687354.232592614, 14687643.233547298, 14687932.234501986, 14688223.235463275, 14688512.236417962, 14688801.237372646, 14689091.238330634]	0.0	0.0	0.0
1275.7204071459446	2.0	trials	2.0	1.0	1.0	0.0	10000.0	1.0	True	40.0	0.0	0.005	[14773393.516814547, 14773684.51777584, 14773973.518730523, 14774263.519688511, 14774553.5206465, 14774842.521601183, 14775132.522559172, 14775421.52351386, 14775711.524471847, 14776000.525426531, 14776290.52638452, 14776580.527342511, 14776869.528297195, 14777159.529255183, 14777448.530209867, 14777738.531167855, 14778028.532125844, 14778318.533083832, 14778608.53404182, 14778897.534996504]	0.0	0.0	0.0
1284.677265534063	2.0	trials	2.0	1.0	1.0	0.0	10000.0	1.0	True	40.0	0.0	0.005	[14877061.859272262, 14877350.860226948, 14877640.861184936, 14877929.86213962, 14878219.863097608, 14878509.864055596, 14878798.865010282, 14879087.865964966, 14879378.866926257, 14879667.867880942, 14879957.86883893, 14880247.869796922, 14880536.870751606, 14880825.871706288, 14881115.872664278, 14881405.873622267, 14881694.874576954, 14881984.875534942, 14882274.87649293, 14882563.877447614]	0.0	0.0	0.0
1295.429349052535	2.0	trials	2.0	1.0	1.0	0.0	10000.0	1.0	True	40.0	0.0	0.005	[15001507.270364888, 15001796.271319576, 15002086.27227756, 15002377.273238853, 15002666.274193536, 15002956.275151525, 15003245.276106212, 15003535.2770642, 15003824.278018884, 15004114.278976873, 15004404.27993486, 15004693.280889545, 15004983.281847535, 15005273.282805523, 15005562.283760207, 15005852.284718195, 15006141.285672883, 15006431.28663087, 15006721.287588857, 15007011.288546843]	0.0	0.0	0.0
1302.4938683894936	2.0	trials	2.0	1.0	1.0	0.0	10000.0	1.0	True	40.0	0.0	0.005	[15083272.540468054, 15083561.54142274, 15083851.542380726, 15084140.543335414, 15084431.544296702, 15084721.54525469, 15085010.546209376, 15085299.547164062, 15085589.54812205, 15085879.54908004, 15086168.550034722, 15086458.550992712, 15086747.551947396, 15087037.552905384, 15087327.553863373, 15087616.55481806, 15087907.555779349, 15088196.556734037, 15088486.557692021, 15088775.558646709]	0.0	0.0	0.0
1309.8893872198773	2.0	trials	2.0	1.0	1.0	0.0	10000.0	1.0	True	40.0	0.0	0.005	[15168868.823226577, 15169157.82418126, 15169447.82513925, 15169736.826093933, 15170026.827051925, 15170316.828009913, 15170606.8289679, 15170895.829922585, 15171185.830880573, 15171475.831838561, 15171764.832793247, 15172054.833751233, 15172344.834709221, 15172633.835663907, 15172922.836618593, 15173213.837579887, 15173502.838534571, 15173792.83949256, 15174082.840450548, 15174371.841405232]	0.0	0.0	0.0
1320.9775678486135	2.0	trials	2.0	1.0	1.0	0.0	10000.0	1.0	True	40.0	0.0	0.005	[15297204.247169457, 15297494.248127446, 15297783.249082133, 15298072.250036817, 15298363.25099811, 15298652.251952795, 15298942.252910784, 15299232.253868772, 15299520.254820155, 15299811.255781444, 15300100.25673613, 15300390.257694118, 15300680.258652106, 15300969.259606792, 15301259.26056478, 15301549.261522766, 15301838.262477452, 15302127.263432138, 15302417.264390124, 15302707.265348116]	0.0	0.0	0.0
1328.9695078492168	2.0	trials	2.0	1.0	1.0	0.0	10000.0	1.0	True	40.0	0.0	0.005	[15389702.552728103, 15389993.553689398, 15390282.554644082, 15390572.55560207, 15390861.556556754, 15391151.557514742, 15391441.55847273, 15391730.559427418, 15392019.560382102, 15392309.56134009, 15392599.562298078, 15392888.563252762, 15393179.564214056, 15393468.565168738, 15393757.566123426, 15394047.567081414, 15394336.568036098, 15394626.568994088, 15394916.569952076, 15395205.57090676]	0.0	0.0	0.0
1339.127762206031	2.0	trials	2.0	1.0	1.0	0.0	10000.0	1.0	True	40.0	0.0	0.005	[15507274.941116406, 15507564.942074396, 15507854.943032384, 15508143.94398707, 15508433.944945056, 15508722.945899744, 15509012.946857732, 15509302.94781572, 15509590.948767101, 15509880.949725088, 15510170.950683076, 15510461.951644368, 15510749.952595752, 15511039.953553738, 15511329.954511726, 15511618.955466412, 15511908.9564244, 15512198.95738239, 15512488.958340378, 15512777.959295062]	0.0	0.0	0.0
1348.2136162202742	2.0	trials	2.0	1.0	1.0	0.0	10000.0	1.0	True	40.0	0.0	0.005	[15612436.288506111, 15612725.289460795, 15613015.290418783, 15613305.291376771, 15613594.292331455, 15613884.293289443, 15614174.294247432, 15614463.295202116, 15614753.296160104, 15615042.297114791, 15615333.298076084, 15615621.299027463, 15615911.299985453, 15616201.300943442, 15616491.30190143, 15616780.302856116, 15617070.303814102, 15617359.304768788, 15617649.305726776, 15617940.306688067]	0.0	0.0	0.0
1354.6501782828368	2.0	trials	2.0	1.0	1.0	0.0	10000.0	1.0	True	40.0	0.0	0.005	[15686932.534596803, 15687222.53555479, 15687512.53651278, 15687801.537467463, 15688091.538425451, 15688381.539383441, 15688671.54034143, 15688960.541296115, 15689250.542254103, 15689540.54321209, 15689830.544170078, 15690119.545124764, 15690408.54607945, 15690698.547037438, 15690988.547995426, 15691277.54895011, 15691568.549911402, 15691856.550862784, 15692147.551824078, 15692436.552778762]	0.0	0.0	0.0
1363.9384681658073	2.0	trials	2.0	1.0	1.0	0.0	10000.0	1.0	True	40.0	0.0	0.005	[15794436.88972639, 15794726.890684377, 15795015.891639065, 15795305.892597053, 15795595.89355504, 15795884.894509725, 15796173.89546441, 15796464.896425704, 15796752.897377083, 15797043.898338376, 15797333.899296364, 15797622.900251048, 15797911.901205735, 15798201.902163723, 15798490.903118407, 15798780.904076396, 15799070.905034384, 15799359.905989068, 15799650.90695036, 15799938.907901743]	0.0	0.0	0.0
1372.0200052623861	2.0	trials	2.0	1.0	1.0	0.0	10000.0	1.0	True	40.0	0.0	0.005	[15887973.198713973, 15888263.199671961, 15888552.200626647, 15888843.201587938, 15889131.20253932, 15889421.20349731, 15889710.204451993, 15890001.205413286, 15890289.206364669, 15890580.207325958, 15890869.208280645, 15891159.209238634, 15891448.210193317, 15891739.211154606, 15892027.21210599, 15892317.213063978, 15892607.214021966, 15892897.214979956, 15893187.215937944, 15893476.21689263]	0.0	0.0	0.0
1378.914488837648	2.0	trials	2.0	1.0	1.0	0.0	10000.0	1.0	True	40.0	0.0	0.005	[15967769.46231273, 15968058.463267416, 15968349.464228705, 15968639.465186693, 15968927.466138076, 15969217.467096064, 15969506.468050748, 15969796.469008736, 15970087.469970029, 15970376.470924713, 15970665.471879397, 15970955.472837385, 15971245.473795377, 15971535.474753365, 15971824.47570805, 15972113.476662736, 15972403.477620725, 15972693.478578713, 15972982.479533397, 15973272.480491385]	0.0	0.0	0.0
1387.692412234672	2.0	trials	2.0	1.0	1.0	0.0	10000.0	1.0	True	40.0	0.0	0.005	[16069366.797929086, 16069656.798887074, 16069945.79984176, 16070234.800796444, 16070525.801757736, 16070815.802715722, 16071104.803670408, 16071394.8046284, 16071683.80558308, 16071972.806537766, 16072262.807495754, 16072552.808453744, 16072841.809408432, 16073131.810366418, 16073421.811324406, 16073711.812282393, 16074001.813240381, 16074290.814195069, 16074580.815153057, 16074869.81610774]	0.0	0.0	0.0
1395.3913688674334	2.0	trials	2.0	1.0	1.0	0.0	10000.0	1.0	True	40.0	0.0	0.005	[16158475.092289178, 16158764.093243863, 16159054.09420185, 16159344.095159838, 16159634.096117826, 16159923.097072512, 16160214.098033806, 16160502.098985186, 16160792.099943178, 16161082.100901162, 16161371.10185585, 16161660.102810534, 16161951.103771826, 16162240.10472651, 16162530.105684498, 16162819.106639182, 16163109.10759717, 16163399.108555159, 16163689.109513147, 16163978.11046783]	0.0	0.0	0.0
1401.9062959888672	2.0	trials	2.0	1.0	1.0	0.0	10000.0	1.0	True	40.0	0.0	0.005	[16233879.341379365, 16234169.342337353, 16234458.343292037, 16234747.344246725, 16235038.345208013, 16235328.346166002, 16235616.347117385, 16235907.348078674, 16236196.349033361, 16236485.349988045, 16236776.35094934, 16237065.351904025, 16237354.352858705, 16237645.35382, 16237934.354774686, 16238223.355729371, 16238513.35668736, 16238803.357645346, 16239093.358603334, 16239382.35955802]	0.0	0.0	0.0
1409.4807498103453	2.0	trials	2.0	1.0	1.0	0.0	10000.0	1.0	True	40.0	0.0	0.005	[16321546.630979246, 16321836.631937236, 16322125.63289192, 16322415.633849908, 16322705.634807896, 16322995.635765884, 16323283.636717267, 16323574.637678556, 16323863.638633244, 16324153.639591232, 16324442.640545916, 16324732.641503904, 16325021.642458588, 16325312.643419882, 16325601.644374564, 16325891.645332556, 16326181.646290543, 16326470.647245228, 16326759.648199914, 16327049.649157902]	0.0	0.0	0.0
1419.339281577055	2.0	trials	2.0	1.0	1.0	0.0	10000.0	1.0	True	40.0	0.0	0.005	[16435649.00790472, 16435940.008866012, 16436228.009817395, 16436518.010775384, 16436809.011736674, 16437097.012688056, 16437387.013646046, 16437676.014600728, 16437967.015562022, 16438256.016516706, 16438545.017471392, 16438836.018432682, 16439126.01939067, 16439416.020348659, 16439704.021300042, 16439994.02225803, 16440284.023216017, 16440574.024174007, 16440864.025131995, 16441153.02608668]	0.0	0.0	0.0
1427.5389278637963	2.0	trials	2.0	1.0	1.0	0.0	10000.0	1.0	True	40.0	0.0	0.005	[16530552.321408065, 16530842.322366051, 16531132.323324038, 16531422.324282028, 16531711.325236715, 16532000.326191397, 16532290.327149387, 16532580.328107376, 16532870.329065364, 16533159.330020048, 16533449.330978036, 16533738.331932724, 16534027.332887407, 16534318.333848696, 16534608.334806684, 16534897.335761372, 16535186.336716056, 16535476.337674044, 16535766.338632032, 16536055.339586716]	0.0	0.0	0.0
1434.462701135814	2.0	trials	2.0	1.0	1.0	0.0	10000.0	1.0	True	40.0	0.0	0.005	[16610689.58613328, 16610978.587087965, 16611268.588045953, 16611558.589003941, 16611847.589958629, 16612137.590916619, 16612427.591874605, 16612716.59282929, 16613006.593787279, 16613296.594745267, 16613585.595699951, 16613874.596654637, 16614164.597612625, 16614454.598570611, 16614743.599525299, 16615034.600486588, 16615323.601441273, 16615612.60239596, 16615903.603357252, 16616192.604311936]	0.0	0.0	0.0
1444.6028978329764	2.0	trials	2.0	1.0	1.0	0.0	10000.0	1.0	True	40.0	0.0	0.005	[16728052.973831173, 16728341.974785855, 16728631.975743845, 16728921.976701833, 16729210.977656517, 16729501.97861781, 16729790.979572494, 16730079.980527177, 16730369.981485166, 16730658.982439853, 16730948.983397841, 16731237.984352525, 16731528.985313814, 16731817.986268502, 16732107.98722649, 16732396.988181174, 16732687.989142468, 16732976.990097152, 16733265.991051838, 16733555.992009826]	0.0	0.0	0.0
1450.7831102487123	2.0	trials	2.0	1.0	1.0	0.0	10000.0	1.0	True	40.0	0.0	0.005	[16799583.210123952, 16799872.21107864, 16800163.212039933, 16800452.212994616, 16800742.213952605, 16801031.21490729, 16801321.215865277, 16801610.216819964, 16801899.21777465, 16802190.218735937, 16802480.219693925, 16802769.220648613, 16803059.2216066, 16803348.222561285, 16803638.223519273, 16803927.224473957, 16804217.225431945, 16804507.226389937, 16804796.22734462, 16805085.228299305]	0.0	0.0	0.0
1459.4646973274987	2.0	trials	2.0	1.0	1.0	0.0	10000.0	1.0	True	40.0	0.0	0.005	[16900063.542050403, 16900352.543005086, 16900643.543966383, 16900932.544921067, 16901221.54587575, 16901512.546837043, 16901801.547791727, 16902091.548749715, 16902380.549704403, 16902670.550662387, 16902959.551617075, 16903249.552575063, 16903539.55353305, 16903828.554487735, 16904118.555445723, 16904408.556403715, 16904697.557358395, 16904987.558316387, 16905276.55927107, 16905567.560232364]	0.0	0.0	0.0
1469.1550941387907	2.0	trials	2.0	1.0	1.0	0.0	10000.0	1.0	True	40.0	0.0	0.005	[17012221.912554055, 17012510.91350874, 17012800.914466728, 17013090.915424716, 17013380.916382704, 17013669.917337388, 17013959.918295376, 17014248.91925006, 17014539.920211352, 17014828.921166036, 17015118.92212403, 17015407.923078712, 17015697.9240367, 17015987.92499469, 17016276.925949372, 17016565.92690406, 17016855.92786205, 17017145.928820036, 17017435.92977802, 17017724.93073271]	0.0	0.0	0.0
1480.1077991199961	2.0	trials	2.0	1.0	1.0	0.0	10000.0	1.0	True	40.0	0.0	0.005	[17138989.33131719, 17139278.332271878, 17139568.333229862, 17139858.334187854, 17140148.335145842, 17140437.33610053, 17140727.337058518, 17141017.338016503, 17141306.33897119, 17141596.33992918, 17141885.340883862, 17142174.341838546, 17142464.342796534, 17142755.343757827, 17143044.34471251, 17143334.3456705, 17143622.346621882, 17143913.347583175, 17144203.348541163, 17144492.34949585]	0.0	0.0	0.0
1487.4337657206206	2.0	trials	2.0	1.0	1.0	0.0	10000.0	1.0	True	40.0	0.0	0.005	[17223779.61141317, 17224068.612367854, 17224358.61332584, 17224649.614287134, 17224938.615241818, 17225227.616196502, 17225517.61715449, 17225807.61811248, 17226096.619067166, 17226386.620025154, 17226675.620979838, 17226965.621937826, 17227255.622895814, 17227544.6238505, 17227834.624808487, 17228124.62576648, 17228414.626724467, 17228703.62767915, 17228993.62863714, 17229282.629591823]	0.0	0.0	0.0
1498.3874211049656	2.0	trials	2.0	1.0	1.0	0.0	10000.0	1.0	True	40.0	0.0	0.005	[17350559.03021595, 17350848.031170633, 17351138.03212862, 17351429.033089913, 17351717.034041293, 17352008.035002586, 17352296.03595397, 17352586.036911957, 17352875.03786664, 17353165.03882463, 17353456.03978592, 17353745.040740605, 17354034.041695293, 17354324.04265328, 17354613.043607965, 17354903.044565953, 17355192.045520637, 17355483.04648193, 17355772.047436614, 17356062.0483946]	0.0	0.0	0.0
1509.267722646993	2.0	trials	2.0	1.0	1.0	0.0	10000.0	1.0	True	40.0	0.0	0.005	[17476487.44620753, 17476778.44716882, 17477066.448120203, 17477357.449081495, 17477646.45003618, 17477936.450994167, 17478224.45194555, 17478515.45290684, 17478804.453861527, 17479094.45481951, 17479384.4557775, 17479673.456732187, 17479962.45768687, 17480252.45864486, 17480542.459602848, 17480832.46056084, 17481122.461518824, 17481411.46247351, 17481701.4634315, 17481990.464386184]	0.0	0.0	0.0
1519.6597761761402	2.0	trials	2.0	1.0	1.0	0.0	10000.0	1.0	True	40.0	0.0	0.005	[17596765.84353485, 17597055.84449284, 17597344.845447525, 17597634.846405514, 17597924.8473635, 17598214.84832149, 17598503.849276178, 17598793.850234162, 17599082.85118885, 17599372.852146838, 17599662.853104826, 17599951.85405951, 17600241.855017498, 17600531.85597549, 17600821.85693348, 17601110.857888162, 17601400.85884615, 17601690.85980414, 17601978.86075552, 17602268.86171351]	0.0	0.0	0.0
1526.779850896621	2.0	trials	2.0	1.0	1.0	0.0	10000.0	1.0	True	40.0	0.0	0.005	[17679175.11576541, 17679464.1167201, 17679754.117678087, 17680044.118636075, 17680333.11959076, 17680623.120548747, 17680912.12150343, 17681201.12245812, 17681492.12341941, 17681781.124374095, 17682071.125332084, 17682360.126286767, 17682650.127244756, 17682940.128202744, 17683230.129160732, 17683519.130115416, 17683809.131073404, 17684098.13202809, 17684389.13298938, 17684677.133940764]	0.0	0.0	0.0
1537.2913960204974	2.0	trials	2.0	1.0	1.0	0.0	10000.0	1.0	True	40.0	0.0	0.005	[17800835.517658047, 17801126.518619336, 17801415.519574024, 17801705.520532012, 17801995.52149, 17802284.522444684, 17802574.523402672, 17802863.524357356, 17803153.525315348, 17803443.526273336, 17803731.527224716, 17804022.52818601, 17804311.529140696, 17804601.53009868, 17804891.53105667, 17805180.532011356, 17805470.532969344, 17805760.533927333, 17806049.534882016, 17806339.535840005]	0.0	0.0	0.0
1547.0420138307234	2.0	trials	2.0	1.0	1.0	0.0	10000.0	1.0	True	40.0	0.0	0.005	[17913689.890460867, 17913979.891418856, 17914268.89237354, 17914559.893334836, 17914849.894292824, 17915138.895247508, 17915428.896205496, 17915718.897163484, 17916007.898118168, 17916296.899072856, 17916586.900030844, 17916876.900988832, 17917165.901943516, 17917455.902901504, 17917744.903856188, 17918034.904814176, 17918323.90576886, 17918614.906730156, 17918903.90768484, 17919193.90864283]	0.0	0.0	0.0
1556.654045583144	2.0	trials	2.0	1.0	1.0	0.0	10000.0	1.0	True	40.0	0.0	0.005	[18024941.25796833, 18025231.258926317, 18025521.259884305, 18025809.260835685, 18026100.261796977, 18026390.262754966, 18026679.26370965, 18026968.264664337, 18027258.265622325, 18027547.26657701, 18027837.267534997, 18028127.268492986, 18028417.269450974, 18028707.270408962, 18028996.271363646, 18029286.272321634, 18029575.273276318, 18029865.274234306, 18030154.275188994, 18030445.276150286]	0.0	0.0	0.0
1567.4197803467114	2.0	trials	2.0	1.0	1.0	0.0	10000.0	1.0	True	40.0	0.0	0.005	[18149544.669582892, 18149834.67054088, 18150123.671495564, 18150413.672453552, 18150702.67340824, 18150992.674366225, 18151282.675324213, 18151571.6762789, 18151861.67723689, 18152151.678194877, 18152440.67914956, 18152730.68010755, 18153019.681062236, 18153309.682020225, 18153599.682978213, 18153889.683936197, 18154178.684890885, 18154468.685848873, 18154757.686803557, 18155048.68776485]	0.0	0.0	0.0
1575.3198768439188	2.0	trials	2.0	1.0	1.0	0.0	10000.0	1.0	True	40.0	0.0	0.005	[18240979.971630014, 18241269.972588003, 18241559.973545995, 18241848.97450068, 18242138.975458667, 18242428.976416655, 18242718.977374643, 18243007.978329327, 18243296.97928401, 18243586.980242, 18243875.981196687, 18244165.982154675, 18244455.983112663, 18244744.984067347, 18245034.985025335, 18245324.985983323, 18245614.98694131, 18245903.987895995, 18246193.988853984, 18246482.989808667]	0.0	0.0	0.0
1582.3516504727054	2.0	trials	2.0	1.0	1.0	0.0	10000.0	1.0	True	40.0	0.0	0.005	[18322366.24048119, 18322656.24143918, 18322946.242397167, 18323236.243355155, 18323525.24430984, 18323815.245267827, 18324104.24622251, 18324394.2471805, 18324683.248135187, 18324974.24909648, 18325263.250051163, 18325553.25100915, 18325842.25196384, 18326132.252921827, 18326422.25387981, 18326711.2548345, 18327000.255789183, 18327291.256750476, 18327581.257708464, 18327870.258663148]	0.0	0.0	0.0
1591.844709032109	2.0	trials	2.0	1.0	1.0	0.0	10000.0	1.0	True	40.0	0.0	0.005	[18432240.603439853, 18432529.604394536, 18432819.605352525, 18433109.606310517, 18433399.607268505, 18433688.60822319, 18433978.609181177, 18434268.610139165, 18434557.611093853, 18434847.61205184, 18435137.61300983, 18435426.613964513, 18435716.6149225, 18436005.615877185, 18436295.616835173, 18436584.617789857, 18436874.618747845, 18437163.619702533, 18437453.62066052, 18437742.621615205]	0.0	0.0	0.0
1599.1830308735478	2.0	trials	2.0	1.0	1.0	0.0	10000.0	1.0	True	40.0	0.0	0.005	[18517174.884011522, 18517463.884966206, 18517753.885924194, 18518043.886882182, 18518332.887836866, 18518622.888794854, 18518911.889749542, 18519201.89070753, 18519492.891668823, 18519780.892620202, 18520070.89357819, 18520360.89453618, 18520650.895494167, 18520939.896448854, 18521228.89740354, 18521518.898361526, 18521808.899319515, 18522098.900277503, 18522387.901232187, 18522677.902190175]	0.0	0.0	0.0
1606.3215088548222	2.0	trials	2.0	1.0	1.0	0.0	10000.0	1.0	True	40.0	0.0	0.005	[18599796.156942405, 18600085.157897092, 18600376.15885838, 18600664.159809764, 18600955.160771053, 18601245.16172904, 18601534.16268373, 18601823.163638413, 18602113.1645964, 18602403.16555439, 18602692.166509073, 18602982.16746706, 18603271.16842175, 18603562.169383038, 18603850.17033442, 18604140.17129241, 18604431.172253698, 18604720.173208386, 18605010.174166374, 18605299.175121058]	0.0	0.0	0.0
1616.732224845619	2.0	trials	2.0	1.0	1.0	0.0	10000.0	1.0	True	40.0	0.0	0.005	[18720289.55497996, 18720580.55594125, 18720869.556895938, 18721159.557853926, 18721448.55880861, 18721738.559766598, 18722028.560724586, 18722318.561682574, 18722606.562633958, 18722896.563591946, 18723187.56455324, 18723475.565504618, 18723765.566462606, 18724055.567420594, 18724345.568378583, 18724635.56933657, 18724924.570291255, 18725213.571245942, 18725504.572207235, 18725793.573161922]	0.0	0.0	0.0
1623.3287138364847	2.0	trials	2.0	1.0	1.0	0.0	10000.0	1.0	True	40.0	0.0	0.005	[18796637.807188567, 18796927.808146555, 18797216.80910124, 18797507.81006253, 18797796.811017215, 18798086.811975203, 18798375.812929887, 18798665.813887876, 18798955.814845864, 18799245.815803852, 18799534.81675854, 18799823.817713223, 18800113.81867121, 18800403.8196292, 18800693.820587188, 18800982.821541872, 18801273.822503164, 18801562.82345785, 18801852.82441584, 18802141.82537052]	0.0	0.0	0.0
1633.7203353642049	2.0	trials	2.0	1.0	1.0	0.0	10000.0	1.0	True	40.0	0.0	0.005	[18916912.204502676, 18917201.20545736, 18917490.206412047, 18917780.207370035, 18918069.20832472, 18918359.209282707, 18918649.210240696, 18918939.211198684, 18919229.212156672, 18919519.21311466, 18919808.214069344, 18920097.215024028, 18920387.215982016, 18920677.216940008, 18920966.217894692, 18921256.218852684, 18921545.219807368, 18921836.220768657, 18922125.221723344, 18922415.222681332]	0.0	0.0	0.0
1643.7989286578666	2.0	trials	2.0	1.0	1.0	0.0	10000.0	1.0	True	40.0	0.0	0.005	[19033561.58984193, 19033851.590799917, 19034141.591757905, 19034429.592709288, 19034720.59367058, 19035010.594628572, 19035299.595583256, 19035589.596541245, 19035878.59749593, 19036168.598453917, 19036458.599411905, 19036747.60036659, 19037037.601324577, 19037326.602279264, 19037616.603237253, 19037906.60419524, 19038196.60515323, 19038485.606107913, 19038775.6070659, 19039065.60802389]	0.0	0.0	0.0
1672.6290622954343	2.0	trials	3.0	1.0	1.0	0.0	10000.0	1.0	False	0.0	0.0	0.0	[NaN, NaN, NaN, NaN, NaN, NaN, NaN, NaN, NaN, NaN, NaN, NaN, NaN, NaN, NaN, NaN, NaN, NaN, NaN, NaN]	0.0	0.0	0.0
1682.298982239083	2.0	trials	3.0	1.0	1.0	0.0	10000.0	1.0	False	0.0	0.0	0.0	[NaN, NaN, NaN, NaN, NaN, NaN, NaN, NaN, NaN, NaN, NaN, NaN, NaN, NaN, NaN, NaN, NaN, NaN, NaN, NaN]	0.0	0.0	0.0
1691.3528681477226	2.0	trials	3.0	1.0	1.0	0.0	10000.0	1.0	False	0.0	0.0	0.0	[NaN, NaN, NaN, NaN, NaN, NaN, NaN, NaN, NaN, NaN, NaN, NaN, NaN, NaN, NaN, NaN, NaN, NaN, NaN, NaN]	0.0	0.0	0.0
1699.6032314020024	2.0	trials	3.0	1.0	1.0	0.0	10000.0	1.0	False	0.0	0.0	0.0	[NaN, NaN, NaN, NaN, NaN, NaN, NaN, NaN, NaN, NaN, NaN, NaN, NaN, NaN, NaN, NaN, NaN, NaN, NaN, NaN]	0.0	0.0	0.0
1706.497023774981	2.0	trials	3.0	1.0	1.0	0.0	10000.0	1.0	False	0.0	0.0	0.0	[NaN, NaN, NaN, NaN, NaN, NaN, NaN, NaN, NaN, NaN, NaN, NaN, NaN, NaN, NaN, NaN, NaN, NaN, NaN, NaN]	0.0	0.0	0.0
1715.1545051741364	2.0	trials	3.0	1.0	1.0	0.0	10000.0	1.0	False	0.0	0.0	0.0	[NaN, NaN, NaN, NaN, NaN, NaN, NaN, NaN, NaN, NaN, NaN, NaN, NaN, NaN, NaN, NaN, NaN, NaN, NaN, NaN]	0.0	0.0	0.0
1725.7578074011235	2.0	trials	3.0	1.0	1.0	0.0	10000.0	1.0	False	0.0	0.0	0.0	[NaN, NaN, NaN, NaN, NaN, NaN, NaN, NaN, NaN, NaN, NaN, NaN, NaN, NaN, NaN, NaN, NaN, NaN, NaN, NaN]	0.0	0.0	0.0
1734.877271126393	2.0	trials	3.0	1.0	1.0	0.0	10000.0	1.0	False	0.0	0.0	0.0	[NaN, NaN, NaN, NaN, NaN, NaN, NaN, NaN, NaN, NaN, NaN, NaN, NaN, NaN, NaN, NaN, NaN, NaN, NaN, NaN]	0.0	0.0	0.0
1742.8384526253888	2.0	trials	3.0	1.0	1.0	0.0	10000.0	1.0	False	0.0	0.0	0.0	[NaN, NaN, NaN, NaN, NaN, NaN, NaN, NaN, NaN, NaN, NaN, NaN, NaN, NaN, NaN, NaN, NaN, NaN, NaN, NaN]	0.0	0.0	0.0
1752.6737427153219	2.0	trials	3.0	1.0	1.0	0.0	10000.0	1.0	False	0.0	0.0	0.0	[NaN, NaN, NaN, NaN, NaN, NaN, NaN, NaN, NaN, NaN, NaN, NaN, NaN, NaN, NaN, NaN, NaN, NaN, NaN, NaN]	0.0	0.0	0.0
1761.5533592482789	2.0	trials	3.0	1.0	1.0	0.0	10000.0	1.0	False	0.0	0.0	0.0	[NaN, NaN, NaN, NaN, NaN, NaN, NaN, NaN, NaN, NaN, NaN, NaN, NaN, NaN, NaN, NaN, NaN, NaN, NaN, NaN]	0.0	0.0	0.0
1767.715427604078	2.0	trials	3.0	1.0	1.0	0.0	10000.0	1.0	False	0.0	0.0	0.0	[NaN, NaN, NaN, NaN, NaN, NaN, NaN, NaN, NaN, NaN, NaN, NaN, NaN, NaN, NaN, NaN, NaN, NaN, NaN, NaN]	0.0	0.0	0.0
1774.3704095881699	2.0	trials	3.0	1.0	1.0	0.0	10000.0	1.0	False	0.0	0.0	0.0	[NaN, NaN, NaN, NaN, NaN, NaN, NaN, NaN, NaN, NaN, NaN, NaN, NaN, NaN, NaN, NaN, NaN, NaN, NaN, NaN]	0.0	0.0	0.0
1781.2940100596165	2.0	trials	3.0	1.0	1.0	0.0	10000.0	1.0	False	0.0	0.0	0.0	[NaN, NaN, NaN, NaN, NaN, NaN, NaN, NaN, NaN, NaN, NaN, NaN, NaN, NaN, NaN, NaN, NaN, NaN, NaN, NaN]	0.0	0.0	0.0
1789.0884390077613	2.0	trials	3.0	1.0	1.0	0.0	10000.0	1.0	False	0.0	0.0	0.0	[NaN, NaN, NaN, NaN, NaN, NaN, NaN, NaN, NaN, NaN, NaN, NaN, NaN, NaN, NaN, NaN, NaN, NaN, NaN, NaN]	0.0	0.0	0.0
1795.441797595469	2.0	trials	3.0	1.0	1.0	0.0	10000.0	1.0	False	0.0	0.0	0.0	[NaN, NaN, NaN, NaN, NaN, NaN, NaN, NaN, NaN, NaN, NaN, NaN, NaN, NaN, NaN, NaN, NaN, NaN, NaN, NaN]	0.0	0.0	0.0
1804.5924518237737	2.0	trials	3.0	1.0	1.0	0.0	10000.0	1.0	False	0.0	0.0	0.0	[NaN, NaN, NaN, NaN, NaN, NaN, NaN, NaN, NaN, NaN, NaN, NaN, NaN, NaN, NaN, NaN, NaN, NaN, NaN, NaN]	0.0	0.0	0.0
1811.1438398656526	2.0	trials	3.0	1.0	1.0	0.0	10000.0	1.0	False	0.0	0.0	0.0	[NaN, NaN, NaN, NaN, NaN, NaN, NaN, NaN, NaN, NaN, NaN, NaN, NaN, NaN, NaN, NaN, NaN, NaN, NaN, NaN]	0.0	0.0	0.0
1819.2980396022654	2.0	trials	3.0	1.0	1.0	0.0	10000.0	1.0	False	0.0	0.0	0.0	[NaN, NaN, NaN, NaN, NaN, NaN, NaN, NaN, NaN, NaN, NaN, NaN, NaN, NaN, NaN, NaN, NaN, NaN, NaN, NaN]	0.0	0.0	0.0
1825.8438116255927	2.0	trials	3.0	1.0	1.0	0.0	10000.0	1.0	False	0.0	0.0	0.0	[NaN, NaN, NaN, NaN, NaN, NaN, NaN, NaN, NaN, NaN, NaN, NaN, NaN, NaN, NaN, NaN, NaN, NaN, NaN, NaN]	0.0	0.0	0.0
1834.958523335164	2.0	trials	3.0	1.0	1.0	0.0	10000.0	1.0	False	0.0	0.0	0.0	[NaN, NaN, NaN, NaN, NaN, NaN, NaN, NaN, NaN, NaN, NaN, NaN, NaN, NaN, NaN, NaN, NaN, NaN, NaN, NaN]	0.0	0.0	0.0
1843.8264758295907	2.0	trials	3.0	1.0	1.0	0.0	10000.0	1.0	False	0.0	0.0	0.0	[NaN, NaN, NaN, NaN, NaN, NaN, NaN, NaN, NaN, NaN, NaN, NaN, NaN, NaN, NaN, NaN, NaN, NaN, NaN, NaN]	0.0	0.0	0.0
1851.0381348526112	2.0	trials	3.0	1.0	1.0	0.0	10000.0	1.0	False	0.0	0.0	0.0	[NaN, NaN, NaN, NaN, NaN, NaN, NaN, NaN, NaN, NaN, NaN, NaN, NaN, NaN, NaN, NaN, NaN, NaN, NaN, NaN]	0.0	0.0	0.0
1857.638857457462	2.0	trials	3.0	1.0	1.0	0.0	10000.0	1.0	False	0.0	0.0	0.0	[NaN, NaN, NaN, NaN, NaN, NaN, NaN, NaN, NaN, NaN, NaN, NaN, NaN, NaN, NaN, NaN, NaN, NaN, NaN, NaN]	0.0	0.0	0.0
1868.5824904086987	2.0	trials	3.0	1.0	1.0	0.0	10000.0	1.0	False	0.0	0.0	0.0	[NaN, NaN, NaN, NaN, NaN, NaN, NaN, NaN, NaN, NaN, NaN, NaN, NaN, NaN, NaN, NaN, NaN, NaN, NaN, NaN]	0.0	0.0	0.0
1877.6547795781316	2.0	trials	3.0	1.0	1.0	0.0	10000.0	1.0	False	0.0	0.0	0.0	[NaN, NaN, NaN, NaN, NaN, NaN, NaN, NaN, NaN, NaN, NaN, NaN, NaN, NaN, NaN, NaN, NaN, NaN, NaN, NaN]	0.0	0.0	0.0
1887.7344960755036	2.0	trials	3.0	1.0	1.0	0.0	10000.0	1.0	False	0.0	0.0	0.0	[NaN, NaN, NaN, NaN, NaN, NaN, NaN, NaN, NaN, NaN, NaN, NaN, NaN, NaN, NaN, NaN, NaN, NaN, NaN, NaN]	0.0	0.0	0.0
1896.37970863413	2.0	trials	3.0	1.0	1.0	0.0	10000.0	1.0	False	0.0	0.0	0.0	[NaN, NaN, NaN, NaN, NaN, NaN, NaN, NaN, NaN, NaN, NaN, NaN, NaN, NaN, NaN, NaN, NaN, NaN, NaN, NaN]	0.0	0.0	0.0
1906.4425770758462	2.0	trials	3.0	1.0	1.0	0.0	10000.0	1.0	False	0.0	0.0	0.0	[NaN, NaN, NaN, NaN, NaN, NaN, NaN, NaN, NaN, NaN, NaN, NaN, NaN, NaN, NaN, NaN, NaN, NaN, NaN, NaN]	0.0	0.0	0.0
1916.205204525745	2.0	trials	3.0	1.0	1.0	0.0	10000.0	1.0	False	0.0	0.0	0.0	[NaN, NaN, NaN, NaN, NaN, NaN, NaN, NaN, NaN, NaN, NaN, NaN, NaN, NaN, NaN, NaN, NaN, NaN, NaN, NaN]	0.0	0.0	0.0
1926.7049128105195	2.0	trials	3.0	1.0	1.0	0.0	10000.0	1.0	False	0.0	0.0	0.0	[NaN, NaN, NaN, NaN, NaN, NaN, NaN, NaN, NaN, NaN, NaN, NaN, NaN, NaN, NaN, NaN, NaN, NaN, NaN, NaN]	0.0	0.0	0.0
1934.2592353654961	2.0	trials	3.0	1.0	1.0	0.0	10000.0	1.0	False	0.0	0.0	0.0	[NaN, NaN, NaN, NaN, NaN, NaN, NaN, NaN, NaN, NaN, NaN, NaN, NaN, NaN, NaN, NaN, NaN, NaN, NaN, NaN]	0.0	0.0	0.0
1944.7773469110637	2.0	trials	3.0	1.0	1.0	0.0	10000.0	1.0	False	0.0	0.0	0.0	[NaN, NaN, NaN, NaN, NaN, NaN, NaN, NaN, NaN, NaN, NaN, NaN, NaN, NaN, NaN, NaN, NaN, NaN, NaN, NaN]	0.0	0.0	0.0
1953.339183194265	2.0	trials	3.0	1.0	1.0	0.0	10000.0	1.0	False	0.0	0.0	0.0	[NaN, NaN, NaN, NaN, NaN, NaN, NaN, NaN, NaN, NaN, NaN, NaN, NaN, NaN, NaN, NaN, NaN, NaN, NaN, NaN]	0.0	0.0	0.0
1963.1492444008568	2.0	trials	3.0	1.0	1.0	0.0	10000.0	1.0	False	0.0	0.0	0.0	[NaN, NaN, NaN, NaN, NaN, NaN, NaN, NaN, NaN, NaN, NaN, NaN, NaN, NaN, NaN, NaN, NaN, NaN, NaN, NaN]	0.0	0.0	0.0
1970.25324866825	2.0	trials	3.0	1.0	1.0	0.0	10000.0	1.0	False	0.0	0.0	0.0	[NaN, NaN, NaN, NaN, NaN, NaN, NaN, NaN, NaN, NaN, NaN, NaN, NaN, NaN, NaN, NaN, NaN, NaN, NaN, NaN]	0.0	0.0	0.0
1976.433374683701	2.0	trials	3.0	1.0	1.0	0.0	10000.0	1.0	False	0.0	0.0	0.0	[NaN, NaN, NaN, NaN, NaN, NaN, NaN, NaN, NaN, NaN, NaN, NaN, NaN, NaN, NaN, NaN, NaN, NaN, NaN, NaN]	0.0	0.0	0.0
1984.9233259294363	2.0	trials	3.0	1.0	1.0	0.0	10000.0	1.0	False	0.0	0.0	0.0	[NaN, NaN, NaN, NaN, NaN, NaN, NaN, NaN, NaN, NaN, NaN, NaN, NaN, NaN, NaN, NaN, NaN, NaN, NaN, NaN]	0.0	0.0	0.0
1995.5984267936035	2.0	trials	3.0	1.0	1.0	0.0	10000.0	1.0	False	0.0	0.0	0.0	[NaN, NaN, NaN, NaN, NaN, NaN, NaN, NaN, NaN, NaN, NaN, NaN, NaN, NaN, NaN, NaN, NaN, NaN, NaN, NaN]	0.0	0.0	0.0
2004.9576513108993	2.0	trials	3.0	1.0	1.0	0.0	10000.0	1.0	False	0.0	0.0	0.0	[NaN, NaN, NaN, NaN, NaN, NaN, NaN, NaN, NaN, NaN, NaN, NaN, NaN, NaN, NaN, NaN, NaN, NaN, NaN, NaN]	0.0	0.0	0.0
2013.4497625637705	2.0	trials	3.0	1.0	1.0	0.0	10000.0	1.0	False	0.0	0.0	0.0	[NaN, NaN, NaN, NaN, NaN, NaN, NaN, NaN, NaN, NaN, NaN, NaN, NaN, NaN, NaN, NaN, NaN, NaN, NaN, NaN]	0.0	0.0	0.0
2021.0338068169299	2.0	trials	3.0	1.0	1.0	0.0	10000.0	1.0	False	0.0	0.0	0.0	[NaN, NaN, NaN, NaN, NaN, NaN, NaN, NaN, NaN, NaN, NaN, NaN, NaN, NaN, NaN, NaN, NaN, NaN, NaN, NaN]	0.0	0.0	0.0
2029.3803335888765	2.0	trials	3.0	1.0	1.0	0.0	10000.0	1.0	False	0.0	0.0	0.0	[NaN, NaN, NaN, NaN, NaN, NaN, NaN, NaN, NaN, NaN, NaN, NaN, NaN, NaN, NaN, NaN, NaN, NaN, NaN, NaN]	0.0	0.0	0.0
2036.5542356871708	2.0	trials	3.0	1.0	1.0	0.0	10000.0	1.0	False	0.0	0.0	0.0	[NaN, NaN, NaN, NaN, NaN, NaN, NaN, NaN, NaN, NaN, NaN, NaN, NaN, NaN, NaN, NaN, NaN, NaN, NaN, NaN]	0.0	0.0	0.0
2045.2202707145823	2.0	trials	3.0	1.0	1.0	0.0	10000.0	1.0	False	0.0	0.0	0.0	[NaN, NaN, NaN, NaN, NaN, NaN, NaN, NaN, NaN, NaN, NaN, NaN, NaN, NaN, NaN, NaN, NaN, NaN, NaN, NaN]	0.0	0.0	0.0
2055.069903251894	2.0	trials	3.0	1.0	1.0	0.0	10000.0	1.0	False	0.0	0.0	0.0	[NaN, NaN, NaN, NaN, NaN, NaN, NaN, NaN, NaN, NaN, NaN, NaN, NaN, NaN, NaN, NaN, NaN, NaN, NaN, NaN]	0.0	0.0	0.0
2065.126205271919	2.0	trials	3.0	1.0	1.0	0.0	10000.0	1.0	False	0.0	0.0	0.0	[NaN, NaN, NaN, NaN, NaN, NaN, NaN, NaN, NaN, NaN, NaN, NaN, NaN, NaN, NaN, NaN, NaN, NaN, NaN, NaN]	0.0	0.0	0.0
2074.3086548052556	2.0	trials	3.0	1.0	1.0	0.0	10000.0	1.0	False	0.0	0.0	0.0	[NaN, NaN, NaN, NaN, NaN, NaN, NaN, NaN, NaN, NaN, NaN, NaN, NaN, NaN, NaN, NaN, NaN, NaN, NaN, NaN]	0.0	0.0	0.0
2085.198287578108	2.0	trials	3.0	1.0	1.0	0.0	10000.0	1.0	False	0.0	0.0	0.0	[NaN, NaN, NaN, NaN, NaN, NaN, NaN, NaN, NaN, NaN, NaN, NaN, NaN, NaN, NaN, NaN, NaN, NaN, NaN, NaN]	0.0	0.0	0.0
2095.918316590691	2.0	trials	3.0	1.0	1.0	0.0	10000.0	1.0	False	0.0	0.0	0.0	[NaN, NaN, NaN, NaN, NaN, NaN, NaN, NaN, NaN, NaN, NaN, NaN, NaN, NaN, NaN, NaN, NaN, NaN, NaN, NaN]	0.0	0.0	0.0
2160.604050273778	2.0	trials	4.0	1.0	1.0	1.0	0.0	1.0	False	0.0	0.0	0.0	[NaN, NaN, NaN, NaN, NaN, NaN, NaN, NaN, NaN, NaN, NaN, NaN, NaN, NaN, NaN, NaN, NaN, NaN, NaN, NaN]	1.0	0.02	5.0
2169.0279917014564	2.0	trials	4.0	1.0	1.0	1.0	0.0	1.0	False	0.0	0.0	0.0	[NaN, NaN, NaN, NaN, NaN, NaN, NaN, NaN, NaN, NaN, NaN, NaN, NaN, NaN, NaN, NaN, NaN, NaN, NaN, NaN]	1.0	0.02	5.0
2179.287852793919	2.0	trials	4.0	1.0	1.0	1.0	0.0	1.0	False	0.0	0.0	0.0	[NaN, NaN, NaN, NaN, NaN, NaN, NaN, NaN, NaN, NaN, NaN, NaN, NaN, NaN, NaN, NaN, NaN, NaN, NaN, NaN]	1.0	0.02	5.0
2187.7962937007333	2.0	trials	4.0	1.0	1.0	1.0	0.0	1.0	False	0.0	0.0	0.0	[NaN, NaN, NaN, NaN, NaN, NaN, NaN, NaN, NaN, NaN, NaN, NaN, NaN, NaN, NaN, NaN, NaN, NaN, NaN, NaN]	1.0	0.02	5.0
2197.048036262973	2.0	trials	4.0	1.0	1.0	1.0	0.0	1.0	False	0.0	0.0	0.0	[NaN, NaN, NaN, NaN, NaN, NaN, NaN, NaN, NaN, NaN, NaN, NaN, NaN, NaN, NaN, NaN, NaN, NaN, NaN, NaN]	1.0	0.02	5.0
2206.6187686789654	2.0	trials	4.0	1.0	1.0	1.0	0.0	1.0	False	0.0	0.0	0.0	[NaN, NaN, NaN, NaN, NaN, NaN, NaN, NaN, NaN, NaN, NaN, NaN, NaN, NaN, NaN, NaN, NaN, NaN, NaN, NaN]	1.0	0.02	5.0
2215.980498804539	2.0	trials	4.0	1.0	1.0	1.0	0.0	1.0	False	0.0	0.0	0.0	[NaN, NaN, NaN, NaN, NaN, NaN, NaN, NaN, NaN, NaN, NaN, NaN, NaN, NaN, NaN, NaN, NaN, NaN, NaN, NaN]	1.0	0.02	5.0
2225.8239969215856	2.0	trials	4.0	1.0	1.0	1.0	0.0	1.0	False	0.0	0.0	0.0	[NaN, NaN, NaN, NaN, NaN, NaN, NaN, NaN, NaN, NaN, NaN, NaN, NaN, NaN, NaN, NaN, NaN, NaN, NaN, NaN]	1.0	0.02	5.0
2235.802538684737	2.0	trials	4.0	1.0	1.0	1.0	0.0	1.0	False	0.0	0.0	0.0	[NaN, NaN, NaN, NaN, NaN, NaN, NaN, NaN, NaN, NaN, NaN, NaN, NaN, NaN, NaN, NaN, NaN, NaN, NaN, NaN]	1.0	0.02	5.0
2244.214297672172	2.0	trials	4.0	1.0	1.0	1.0	0.0	1.0	False	0.0	0.0	0.0	[NaN, NaN, NaN, NaN, NaN, NaN, NaN, NaN, NaN, NaN, NaN, NaN, NaN, NaN, NaN, NaN, NaN, NaN, NaN, NaN]	1.0	0.02	5.0
2254.7746589573076	2.0	trials	4.0	1.0	1.0	1.0	0.0	1.0	False	0.0	0.0	0.0	[NaN, NaN, NaN, NaN, NaN, NaN, NaN, NaN, NaN, NaN, NaN, NaN, NaN, NaN, NaN, NaN, NaN, NaN, NaN, NaN]	1.0	0.02	5.0
2261.644432050941	2.0	trials	4.0	1.0	1.0	1.0	0.0	1.0	False	0.0	0.0	0.0	[NaN, NaN, NaN, NaN, NaN, NaN, NaN, NaN, NaN, NaN, NaN, NaN, NaN, NaN, NaN, NaN, NaN, NaN, NaN, NaN]	1.0	0.02	5.0
2268.3969599572665	2.0	trials	4.0	1.0	1.0	1.0	0.0	1.0	False	0.0	0.0	0.0	[NaN, NaN, NaN, NaN, NaN, NaN, NaN, NaN, NaN, NaN, NaN, NaN, NaN, NaN, NaN, NaN, NaN, NaN, NaN, NaN]	1.0	0.02	5.0
2276.35667265141	2.0	trials	4.0	1.0	1.0	1.0	0.0	1.0	False	0.0	0.0	0.0	[NaN, NaN, NaN, NaN, NaN, NaN, NaN, NaN, NaN, NaN, NaN, NaN, NaN, NaN, NaN, NaN, NaN, NaN, NaN, NaN]	1.0	0.02	5.0
2286.940794015035	2.0	trials	4.0	1.0	1.0	1.0	0.0	1.0	False	0.0	0.0	0.0	[NaN, NaN, NaN, NaN, NaN, NaN, NaN, NaN, NaN, NaN, NaN, NaN, NaN, NaN, NaN, NaN, NaN, NaN, NaN, NaN]	1.0	0.02	5.0
2297.476444818542	2.0	trials	4.0	1.0	1.0	1.0	0.0	1.0	False	0.0	0.0	0.0	[NaN, NaN, NaN, NaN, NaN, NaN, NaN, NaN, NaN, NaN, NaN, NaN, NaN, NaN, NaN, NaN, NaN, NaN, NaN, NaN]	1.0	0.02	5.0
2305.798865910858	2.0	trials	4.0	1.0	1.0	1.0	0.0	1.0	False	0.0	0.0	0.0	[NaN, NaN, NaN, NaN, NaN, NaN, NaN, NaN, NaN, NaN, NaN, NaN, NaN, NaN, NaN, NaN, NaN, NaN, NaN, NaN]	1.0	0.02	5.0
2312.4347534318727	2.0	trials	4.0	1.0	1.0	1.0	0.0	1.0	False	0.0	0.0	0.0	[NaN, NaN, NaN, NaN, NaN, NaN, NaN, NaN, NaN, NaN, NaN, NaN, NaN, NaN, NaN, NaN, NaN, NaN, NaN, NaN]	1.0	0.02	5.0
2321.095431641588	2.0	trials	4.0	1.0	1.0	1.0	0.0	1.0	False	0.0	0.0	0.0	[NaN, NaN, NaN, NaN, NaN, NaN, NaN, NaN, NaN, NaN, NaN, NaN, NaN, NaN, NaN, NaN, NaN, NaN, NaN, NaN]	1.0	0.02	5.0
2329.8971151171017	2.0	trials	4.0	1.0	1.0	1.0	0.0	1.0	False	0.0	0.0	0.0	[NaN, NaN, NaN, NaN, NaN, NaN, NaN, NaN, NaN, NaN, NaN, NaN, NaN, NaN, NaN, NaN, NaN, NaN, NaN, NaN]	1.0	0.02	5.0
2336.3296163662494	2.0	trials	4.0	1.0	1.0	1.0	0.0	1.0	False	0.0	0.0	0.0	[NaN, NaN, NaN, NaN, NaN, NaN, NaN, NaN, NaN, NaN, NaN, NaN, NaN, NaN, NaN, NaN, NaN, NaN, NaN, NaN]	1.0	0.02	5.0
2343.515700904787	2.0	trials	4.0	1.0	1.0	1.0	0.0	1.0	False	0.0	0.0	0.0	[NaN, NaN, NaN, NaN, NaN, NaN, NaN, NaN, NaN, NaN, NaN, NaN, NaN, NaN, NaN, NaN, NaN, NaN, NaN, NaN]	1.0	0.02	5.0
2352.2631250010595	2.0	trials	4.0	1.0	1.0	1.0	0.0	1.0	False	0.0	0.0	0.0	[NaN, NaN, NaN, NaN, NaN, NaN, NaN, NaN, NaN, NaN, NaN, NaN, NaN, NaN, NaN, NaN, NaN, NaN, NaN, NaN]	1.0	0.02	5.0
2360.585373292805	2.0	trials	4.0	1.0	1.0	1.0	0.0	1.0	False	0.0	0.0	0.0	[NaN, NaN, NaN, NaN, NaN, NaN, NaN, NaN, NaN, NaN, NaN, NaN, NaN, NaN, NaN, NaN, NaN, NaN, NaN, NaN]	1.0	0.02	5.0
2369.7532211779067	2.0	trials	4.0	1.0	1.0	1.0	0.0	1.0	False	0.0	0.0	0.0	[NaN, NaN, NaN, NaN, NaN, NaN, NaN, NaN, NaN, NaN, NaN, NaN, NaN, NaN, NaN, NaN, NaN, NaN, NaN, NaN]	1.0	0.02	5.0
2380.1402634905003	2.0	trials	4.0	1.0	1.0	1.0	0.0	1.0	False	0.0	0.0	0.0	[NaN, NaN, NaN, NaN, NaN, NaN, NaN, NaN, NaN, NaN, NaN, NaN, NaN, NaN, NaN, NaN, NaN, NaN, NaN, NaN]	1.0	0.02	5.0
2390.9400399665205	2.0	trials	4.0	1.0	1.0	1.0	0.0	1.0	False	0.0	0.0	0.0	[NaN, NaN, NaN, NaN, NaN, NaN, NaN, NaN, NaN, NaN, NaN, NaN, NaN, NaN, NaN, NaN, NaN, NaN, NaN, NaN]	1.0	0.02	5.0
2397.62370684537	2.0	trials	4.0	1.0	1.0	1.0	0.0	1.0	False	0.0	0.0	0.0	[NaN, NaN, NaN, NaN, NaN, NaN, NaN, NaN, NaN, NaN, NaN, NaN, NaN, NaN, NaN, NaN, NaN, NaN, NaN, NaN]	1.0	0.02	5.0
2404.0856705918445	2.0	trials	4.0	1.0	1.0	1.0	0.0	1.0	False	0.0	0.0	0.0	[NaN, NaN, NaN, NaN, NaN, NaN, NaN, NaN, NaN, NaN, NaN, NaN, NaN, NaN, NaN, NaN, NaN, NaN, NaN, NaN]	1.0	0.02	5.0
2412.065773753346	2.0	trials	4.0	1.0	1.0	1.0	0.0	1.0	False	0.0	0.0	0.0	[NaN, NaN, NaN, NaN, NaN, NaN, NaN, NaN, NaN, NaN, NaN, NaN, NaN, NaN, NaN, NaN, NaN, NaN, NaN, NaN]	1.0	0.02	5.0
2419.512095951554	2.0	trials	4.0	1.0	1.0	1.0	0.0	1.0	False	0.0	0.0	0.0	[NaN, NaN, NaN, NaN, NaN, NaN, NaN, NaN, NaN, NaN, NaN, NaN, NaN, NaN, NaN, NaN, NaN, NaN, NaN, NaN]	1.0	0.02	5.0
2427.989432755619	2.0	trials	4.0	1.0	1.0	1.0	0.0	1.0	False	0.0	0.0	0.0	[NaN, NaN, NaN, NaN, NaN, NaN, NaN, NaN, NaN, NaN, NaN, NaN, NaN, NaN, NaN, NaN, NaN, NaN, NaN, NaN]	1.0	0.02	5.0
2436.1978918714726	2.0	trials	4.0	1.0	1.0	1.0	0.0	1.0	False	0.0	0.0	0.0	[NaN, NaN, NaN, NaN, NaN, NaN, NaN, NaN, NaN, NaN, NaN, NaN, NaN, NaN, NaN, NaN, NaN, NaN, NaN, NaN]	1.0	0.02	5.0
2442.7743359961223	2.0	trials	4.0	1.0	1.0	1.0	0.0	1.0	False	0.0	0.0	0.0	[NaN, NaN, NaN, NaN, NaN, NaN, NaN, NaN, NaN, NaN, NaN, NaN, NaN, NaN, NaN, NaN, NaN, NaN, NaN, NaN]	1.0	0.02	5.0
2452.626214940855	2.0	trials	4.0	1.0	1.0	1.0	0.0	1.0	False	0.0	0.0	0.0	[NaN, NaN, NaN, NaN, NaN, NaN, NaN, NaN, NaN, NaN, NaN, NaN, NaN, NaN, NaN, NaN, NaN, NaN, NaN, NaN]	1.0	0.02	5.0
2461.127916625407	2.0	trials	4.0	1.0	1.0	1.0	0.0	1.0	False	0.0	0.0	0.0	[NaN, NaN, NaN, NaN, NaN, NaN, NaN, NaN, NaN, NaN, NaN, NaN, NaN, NaN, NaN, NaN, NaN, NaN, NaN, NaN]	1.0	0.02	5.0
2470.398235249011	2.0	trials	4.0	1.0	1.0	1.0	0.0	1.0	False	0.0	0.0	0.0	[NaN, NaN, NaN, NaN, NaN, NaN, NaN, NaN, NaN, NaN, NaN, NaN, NaN, NaN, NaN, NaN, NaN, NaN, NaN, NaN]	1.0	0.02	5.0
2477.525913194608	2.0	trials	4.0	1.0	1.0	1.0	0.0	1.0	False	0.0	0.0	0.0	[NaN, NaN, NaN, NaN, NaN, NaN, NaN, NaN, NaN, NaN, NaN, NaN, NaN, NaN, NaN, NaN, NaN, NaN, NaN, NaN]	1.0	0.02	5.0
2487.1563482078222	2.0	trials	4.0	1.0	1.0	1.0	0.0	1.0	False	0.0	0.0	0.0	[NaN, NaN, NaN, NaN, NaN, NaN, NaN, NaN, NaN, NaN, NaN, NaN, NaN, NaN, NaN, NaN, NaN, NaN, NaN, NaN]	1.0	0.02	5.0
2494.296381394234	2.0	trials	4.0	1.0	1.0	1.0	0.0	1.0	False	0.0	0.0	0.0	[NaN, NaN, NaN, NaN, NaN, NaN, NaN, NaN, NaN, NaN, NaN, NaN, NaN, NaN, NaN, NaN, NaN, NaN, NaN, NaN]	1.0	0.02	5.0
2503.389406632166	2.0	trials	4.0	1.0	1.0	1.0	0.0	1.0	False	0.0	0.0	0.0	[NaN, NaN, NaN, NaN, NaN, NaN, NaN, NaN, NaN, NaN, NaN, NaN, NaN, NaN, NaN, NaN, NaN, NaN, NaN, NaN]	1.0	0.02	5.0
2509.986414024744	2.0	trials	4.0	1.0	1.0	1.0	0.0	1.0	False	0.0	0.0	0.0	[NaN, NaN, NaN, NaN, NaN, NaN, NaN, NaN, NaN, NaN, NaN, NaN, NaN, NaN, NaN, NaN, NaN, NaN, NaN, NaN]	1.0	0.02	5.0
2516.5508485097207	2.0	trials	4.0	1.0	1.0	1.0	0.0	1.0	False	0.0	0.0	0.0	[NaN, NaN, NaN, NaN, NaN, NaN, NaN, NaN, NaN, NaN, NaN, NaN, NaN, NaN, NaN, NaN, NaN, NaN, NaN, NaN]	1.0	0.02	5.0
2526.0132349678024	2.0	trials	4.0	1.0	1.0	1.0	0.0	1.0	False	0.0	0.0	0.0	[NaN, NaN, NaN, NaN, NaN, NaN, NaN, NaN, NaN, NaN, NaN, NaN, NaN, NaN, NaN, NaN, NaN, NaN, NaN, NaN]	1.0	0.02	5.0
2537.1191276550485	2.0	trials	4.0	1.0	1.0	1.0	0.0	1.0	False	0.0	0.0	0.0	[NaN, NaN, NaN, NaN, NaN, NaN, NaN, NaN, NaN, NaN, NaN, NaN, NaN, NaN, NaN, NaN, NaN, NaN, NaN, NaN]	1.0	0.02	5.0
2543.3650042877002	2.0	trials	4.0	1.0	1.0	1.0	0.0	1.0	False	0.0	0.0	0.0	[NaN, NaN, NaN, NaN, NaN, NaN, NaN, NaN, NaN, NaN, NaN, NaN, NaN, NaN, NaN, NaN, NaN, NaN, NaN, NaN]	1.0	0.02	5.0
2554.1109533859076	2.0	trials	4.0	1.0	1.0	1.0	0.0	1.0	False	0.0	0.0	0.0	[NaN, NaN, NaN, NaN, NaN, NaN, NaN, NaN, NaN, NaN, NaN, NaN, NaN, NaN, NaN, NaN, NaN, NaN, NaN, NaN]	1.0	0.02	5.0
2560.4169646172077	2.0	trials	4.0	1.0	1.0	1.0	0.0	1.0	False	0.0	0.0	0.0	[NaN, NaN, NaN, NaN, NaN, NaN, NaN, NaN, NaN, NaN, NaN, NaN, NaN, NaN, NaN, NaN, NaN, NaN, NaN, NaN]	1.0	0.02	5.0
2568.367259680241	2.0	trials	4.0	1.0	1.0	1.0	0.0	1.0	False	0.0	0.0	0.0	[NaN, NaN, NaN, NaN, NaN, NaN, NaN, NaN, NaN, NaN, NaN, NaN, NaN, NaN, NaN, NaN, NaN, NaN, NaN, NaN]	1.0	0.02	5.0
2578.9691795026615	2.0	trials	4.0	1.0	1.0	1.0	0.0	1.0	False	0.0	0.0	0.0	[NaN, NaN, NaN, NaN, NaN, NaN, NaN, NaN, NaN, NaN, NaN, NaN, NaN, NaN, NaN, NaN, NaN, NaN, NaN, NaN]	1.0	0.02	5.0
2651.107369804221	2.0	trials	5.0	0.0	0.0	0.0	0.0	0.0	True	40.0	0.0	0.005	[30692226.10304191, 30692514.103993297, 30692804.104951277, 30693093.10590597, 30693383.106863957, 30693674.10782525, 30693963.108779933, 30694252.109734617, 30694541.1106893, 30694832.111650594, 30695121.112605277, 30695411.11356327, 30695701.114521254, 30695990.115475938, 30696280.11643393, 30696570.117391914, 30696860.118349906, 30697148.11930129, 30697438.120259278, 30697727.12121396]	0.0	0.0	0.0
2656.5879127086664	2.0	trials	5.0	0.0	0.0	0.0	0.0	0.0	True	40.0	0.0	0.005	[30755655.31257379, 30755945.313531775, 30756236.314493064, 30756525.31544775, 30756815.316405743, 30757104.317360427, 30757394.318318415, 30757684.319276404, 30757973.320231088, 30758264.32119238, 30758552.322143767, 30758842.323101748, 30759132.324059743, 30759421.325014427, 30759711.325972408, 30760001.326930404, 30760291.327888384, 30760580.32884307, 30760870.329801064, 30761160.330759052]	0.0	0.0	0.0
2664.915949819534	2.0	trials	5.0	0.0	0.0	0.0	0.0	0.0	True	40.0	0.0	0.005	[30852046.630992603, 30852334.631943986, 30852625.63290528, 30852914.633859962, 30853204.634817947, 30853493.63577263, 30853783.636730623, 30854073.637688607, 30854362.63864329, 30854651.63959798, 30854942.640559267, 30855230.641510654, 30855521.642471943, 30855811.64342994, 30856100.644384623, 30856390.645342603, 30856680.6463006, 30856969.647255283, 30857259.648213267, 30857548.64916795]	0.0	0.0	0.0
2673.7961711544895	2.0	trials	5.0	0.0	0.0	0.0	0.0	0.0	True	40.0	0.0	0.005	[30954825.970513586, 30955115.971471574, 30955406.972432867, 30955694.973384254, 30955984.974342234, 30956274.975300223, 30956563.976254914, 30956854.9772162, 30957143.97817089, 30957433.97912888, 30957723.98008686, 30958012.98104155, 30958301.981996235, 30958591.982954223, 30958880.983908907, 30959171.9848702, 30959460.985824883, 30959751.986786176, 30960039.987737555, 30960329.988695547]	0.0	0.0	0.0
2680.4682603950932	2.0	trials	5.0	0.0	0.0	0.0	0.0	0.0	True	40.0	0.0	0.005	[31032049.225612674, 31032339.226570662, 31032628.227525346, 31032919.22848664, 31033209.229444627, 31033497.23039601, 31033788.231357303, 31034077.232311986, 31034366.23326667, 31034657.234227963, 31034945.235179342, 31035236.23614063, 31035526.237098623, 31035815.238053307, 31036105.239011295, 31036393.23996268, 31036683.240920667, 31036973.241878655, 31037263.242836647, 31037553.24379463]	0.0	0.0	0.0
2688.484219675042	2.0	trials	5.0	0.0	0.0	0.0	0.0	0.0	True	40.0	0.0	0.005	[31124826.532092974, 31125116.533050954, 31125405.534005646, 31125695.534963634, 31125985.535921615, 31126275.53687961, 31126564.537834294, 31126854.538792282, 31127143.539746966, 31127432.54070165, 31127722.54165964, 31128012.542617626, 31128302.543575615, 31128593.544536907, 31128881.54548829, 31129171.546446275, 31129460.547400963, 31129750.54835895, 31130039.549313635, 31130330.550274927]	0.0	0.0	0.0
2695.638854509689	2.0	trials	5.0	0.0	0.0	0.0	0.0	0.0	True	40.0	0.0	0.005	[31207635.805644896, 31207924.80659958, 31208215.807560872, 31208503.80851225, 31208792.80946694, 31209083.81042823, 31209373.811386216, 31209662.8123409, 31209952.813298892, 31210241.814253576, 31210531.81521156, 31210821.816169553, 31211111.81712754, 31211400.818082225, 31211690.819040213, 31211980.8199982, 31212269.82095289, 31212559.821910873, 31212847.82286226, 31213138.823823553]	0.0	0.0	0.0
2703.250201253039	2.0	trials	5.0	0.0	0.0	0.0	0.0	0.0	True	40.0	0.0	0.005	[31295729.09665203, 31296019.09761001, 31296308.098564696, 31296598.09952269, 31296889.100483984, 31297177.101435363, 31297468.102396656, 31297756.103348035, 31298047.104309328, 31298336.10526401, 31298626.106222004, 31298916.10717999, 31299205.108134672, 31299495.109092664, 31299785.11005065, 31300074.111005332, 31300364.111963324, 31300653.112918008, 31300944.1138793, 31301234.11483729]	0.0	0.0	0.0
2710.723048338869	2.0	trials	5.0	0.0	0.0	0.0	0.0	0.0	True	40.0	0.0	0.005	[31382221.382370405, 31382510.38332509, 31382799.384279773, 31383088.385234464, 31383378.386192445, 31383670.38715704, 31383957.388105124, 31384247.389063105, 31384538.390024398, 31384827.39097908, 31385117.391937073, 31385406.39289176, 31385696.39384975, 31385985.394804426, 31386275.39576242, 31386565.39672041, 31386855.397678398, 31387143.39862978, 31387433.399587765, 31387723.400545757]	0.0	0.0	0.0
2718.934358664141	2.0	trials	5.0	0.0	0.0	0.0	0.0	0.0	True	40.0	0.0	0.005	[31477259.696319707, 31477549.697277695, 31477838.69823238, 31478127.699187063, 31478417.70014505, 31478708.701106343, 31478996.702057723, 31479285.703012407, 31479576.7039737, 31479866.704931688, 31480155.70588638, 31480445.706844367, 31480733.707795747, 31481024.70875704, 31481314.709715027, 31481603.71066971, 31481893.7116277, 31482182.712582383, 31482472.713540375, 31482761.71449506]	0.0	0.0	0.0
2727.9108299170493	2.0	trials	5.0	0.0	0.0	0.0	0.0	0.0	True	40.0	0.0	0.005	[31581153.03952069, 31581443.040478677, 31581734.04143997, 31582022.04239135, 31582313.04335264, 31582602.04430733, 31582892.045265313, 31583182.046223305, 31583471.04717799, 31583761.048135974, 31584051.049093965, 31584340.05004865, 31584629.051003333, 31584919.051961318, 31585208.05291601, 31585499.053877294, 31585788.054831985, 31586078.055789974, 31586368.056747966, 31586656.05769934]	0.0	0.0	0.0
2734.1624089685383	2.0	trials	5.0	0.0	0.0	0.0	0.0	0.0	True	40.0	0.0	0.005	[31653510.278545387, 31653799.27950007, 31654088.28045476, 31654379.281416047, 31654668.282370735, 31654958.283328723, 31655247.28428341, 31655537.2852414, 31655826.286196083, 31656116.28715407, 31656406.288112063, 31656696.289070047, 31656984.290021427, 31657275.290982723, 31657565.291940708, 31657853.29289209, 31658143.29385008, 31658434.294811368, 31658722.29576275, 31659012.29672074]	0.0	0.0	0.0
2740.354803824518	2.0	trials	5.0	0.0	0.0	0.0	0.0	0.0	True	40.0	0.0	0.005	[31725179.51529735, 31725471.516261946, 31725759.517213326, 31726049.51817131, 31726339.519129302, 31726628.520083986, 31726919.52104528, 31727207.52199666, 31727497.522954646, 31727788.52391594, 31728077.524870623, 31728367.52582861, 31728655.52677999, 31728946.527741283, 31729235.528695967, 31729525.529653963, 31729815.530611943, 31730104.531566627, 31730393.53252131, 31730684.53348261]	0.0	0.0	0.0
2747.7228473641394	2.0	trials	5.0	0.0	0.0	0.0	0.0	0.0	True	40.0	0.0	0.005	[31810458.79700869, 31810748.797966678, 31811038.798924666, 31811327.79987935, 31811616.800834037, 31811906.80179202, 31812197.802753318, 31812485.803704698, 31812776.80466599, 31813065.805620674, 31813355.806578662, 31813645.80753665, 31813934.808491334, 31814223.80944602, 31814513.810404006, 31814804.8113653, 31815092.812316682, 31815383.81327798, 31815671.814229358, 31815961.815187342]	0.0	0.0	0.0
2755.1391886633082	2.0	trials	5.0	0.0	0.0	0.0	0.0	0.0	True	40.0	0.0	0.005	[31896297.080566637, 31896587.08152462, 31896876.08247931, 31897165.083433993, 31897455.08439198, 31897745.085349977, 31898035.086307958, 31898324.08726264, 31898613.088217333, 31898904.089178618, 31899193.09013331, 31899483.091091298, 31899772.09204598, 31900061.093000665, 31900351.093958654, 31900642.094919946, 31900931.09587463, 31901220.096829314, 31901510.097787302, 31901799.098741993]	0.0	0.0	0.0
2763.4127935943648	2.0	trials	5.0	0.0	0.0	0.0	0.0	0.0	True	40.0	0.0	0.005	[31992056.396897696, 31992345.397852384, 31992635.39881037, 31992925.39976836, 31993214.400723044, 31993505.40168434, 31993794.402639024, 31994084.40359701, 31994373.404551692, 31994662.40550638, 31994952.406464368, 31995242.407422356, 31995532.408380345, 31995821.40933503, 31996110.410289712, 31996400.4112477, 31996690.41220569, 31996979.413160373, 31997269.41411836, 31997558.415073045]	0.0	0.0	0.0
2771.8477942585764	2.0	trials	5.0	0.0	0.0	0.0	0.0	0.0	True	40.0	0.0	0.005	[32089682.719396222, 32089972.720354207, 32090261.72130889, 32090551.722266883, 32090841.723224867, 32091131.72418286, 32091420.725137547, 32091710.726095527, 32092000.727053523, 32092289.728008207, 32092578.72896289, 32092868.72992088, 32093159.73088217, 32093449.73184016, 32093738.732794844, 32094027.733749527, 32094317.73470752, 32094607.735665504, 32094896.736620188, 32095186.73757818]	0.0	0.0	0.0
2778.9472193108427	2.0	trials	5.0	0.0	0.0	0.0	0.0	0.0	True	40.0	0.0	0.005	[32171852.99083727, 32172141.991791952, 32172430.992746636, 32172721.99370793, 32173010.994662613, 32173300.9956206, 32173589.996575285, 32173878.99752997, 32174169.99849126, 32174458.999445945, 32174749.000403933, 32175038.001358625, 32175328.002316605, 32175618.003274594, 32175907.004229285, 32176197.005187273, 32176487.00614526, 32176776.007099945, 32177065.00805463, 32177356.00901592]	0.0	0.0	0.0
2786.945293731711	2.0	trials	5.0	0.0	0.0	0.0	0.0	0.0	True	40.0	0.0	0.005	[32264422.296630453, 32264711.297585137, 32265000.29853983, 32265290.29949781, 32265581.3004591, 32265870.301413786, 32266160.302371774, 32266449.303326465, 32266739.304284446, 32267029.30524244, 32267318.306197125, 32267608.30715511, 32267898.308113102, 32268188.30907109, 32268476.31002247, 32268767.310983762, 32269057.31194175, 32269345.31289313, 32269637.313857727, 32269925.314809106]	0.0	0.0	0.0
2794.3613758300235	2.0	trials	5.0	0.0	0.0	0.0	0.0	0.0	True	40.0	0.0	0.005	[32350256.580175187, 32350547.58113648, 32350835.58208786, 32351125.583045848, 32351415.584003836, 32351704.584958527, 32351994.585916508, 32352285.586877808, 32352573.587829188, 32352863.58878717, 32353153.589745164, 32353441.59069654, 32353732.591657836, 32354021.59261252, 32354311.593570508, 32354602.5945318, 32354891.595486484, 32355180.59644117, 32355470.597399157, 32355759.598353844]	0.0	0.0	0.0
2802.4937162944266	2.0	trials	5.0	0.0	0.0	0.0	0.0	0.0	True	40.0	0.0	0.005	[32444380.89110518, 32444670.892063167, 32444960.893021155, 32445248.893972535, 32445540.89493713, 32445830.895895112, 32446119.896849804, 32446408.897804487, 32446698.898762476, 32446987.89971716, 32447277.900675148, 32447566.90162983, 32447855.902584516, 32448145.903542507, 32448435.904500492, 32448726.90546179, 32449014.906413168, 32449304.907371156, 32449594.908329144, 32449884.909287132]	0.0	0.0	0.0
2808.7255960808407	2.0	trials	5.0	0.0	0.0	0.0	0.0	0.0	True	40.0	0.0	0.005	[32516509.129373398, 32516798.13032808, 32517089.131289374, 32517377.132240754, 32517667.133198746, 32517958.134160034, 32518246.135111414, 32518537.136072706, 32518827.1370307, 32519115.137982074, 32519405.13894007, 32519695.13989805, 32519985.140856046, 32520275.141814034, 32520564.142768722, 32520854.143726707, 32521143.14468139, 32521433.145639382, 32521721.14659076, 32522012.14755205]	0.0	0.0	0.0
2816.7956419394595	2.0	trials	5.0	0.0	0.0	0.0	0.0	0.0	True	40.0	0.0	0.005	[32609912.43792163, 32610203.43888292, 32610491.4398343, 32610781.44079229, 32611071.441750277, 32611361.442708265, 32611650.44366295, 32611941.44462424, 32612229.44557562, 32612520.446536914, 32612809.447491597, 32613099.448449586, 32613389.44940758, 32613679.450365562, 32613967.451316945, 32614258.45227824, 32614546.45322962, 32614837.454190914, 32615127.4551489, 32615415.45610028]	0.0	0.0	0.0
2822.7714312799035	2.0	trials	5.0	0.0	0.0	0.0	0.0	0.0	True	40.0	0.0	0.005	[32679076.666398548, 32679366.667356536, 32679657.66831783, 32679947.66927582, 32680236.670230504, 32680525.671185184, 32680815.672143172, 32681105.673101164, 32681394.67405585, 32681683.675010532, 32681973.67596852, 32682264.67692981, 32682553.677884497, 32682843.678842485, 32683132.67979717, 32683422.680755157, 32683712.681713145, 32684002.68267114, 32684291.683625817, 32684580.684580505]	0.0	0.0	0.0
2828.66332594321	2.0	trials	5.0	0.0	0.0	0.0	0.0	0.0	True	40.0	0.0	0.005	[32747270.891671162, 32747559.892625846, 32747849.893583834, 32748139.894541822, 32748428.89549651, 32748718.896454494, 32749008.897412483, 32749297.898367174, 32749586.899321858, 32749876.900279846, 32750165.901234522, 32750455.902192518, 32750745.903150506, 32751035.904108495, 32751325.905066483, 32751614.90602117, 32751904.906979155, 32752193.90793384, 32752483.90889183, 32752773.909849815]	0.0	0.0	0.0
2836.709352522483	2.0	trials	5.0	0.0	0.0	0.0	0.0	0.0	True	40.0	0.0	0.005	[32840396.199301045, 32840684.20025243, 32840974.201210413, 32841264.2021684, 32841554.20312639, 32841843.204081077, 32842133.205039065, 32842423.205997054, 32842711.206948433, 32843002.20790973, 32843291.20886441, 32843581.2098224, 32843871.21078039, 32844160.211735073, 32844450.21269306, 32844740.21365105, 32845030.214609038, 32845319.215563722, 32845608.216518406, 32845897.21747309]	0.0	0.0	0.0
2841.9954947847446	2.0	trials	5.0	0.0	0.0	0.0	0.0	0.0	True	40.0	0.0	0.005	[32901578.401410162, 32901867.402364846, 32902158.40332614, 32902445.404274214, 32902735.405232202, 32903026.406193495, 32903316.407151487, 32903604.408102866, 32903894.409060854, 32904185.410022147, 32904474.41097683, 32904763.41193152, 32905053.412889507, 32905343.41384749, 32905633.414805487, 32905921.415756863, 32906211.41671485, 32906501.41767284, 32906792.418634128, 32907081.419588815]	0.0	0.0	0.0
2850.5999264086554	2.0	trials	5.0	0.0	0.0	0.0	0.0	0.0	True	40.0	0.0	0.005	[33001166.730389975, 33001456.731347956, 33001745.73230264, 33002034.733257324, 33002325.734218623, 33002615.73517661, 33002905.7361346, 33003192.737082675, 33003484.738047272, 33003773.739001956, 33004061.73995334, 33004351.740911324, 33004641.741869316, 33004931.7428273, 33005222.743788593, 33005511.744743276, 33005800.74569796, 33006090.746655952, 33006379.74761064, 33006670.74857193]	0.0	0.0	0.0
2857.7276043542524	2.0	trials	5.0	0.0	0.0	0.0	0.0	0.0	True	40.0	0.0	0.005	[33083662.002904627, 33083953.003865916, 33084241.0048173, 33084531.005775288, 33084821.006733276, 33085111.007691264, 33085400.008645948, 33085690.009603936, 33085979.01055862, 33086269.01151661, 33086558.012471296, 33086849.013432585, 33087138.014387272, 33087429.01534856, 33087717.016299944, 33088007.017257933, 33088297.01821592, 33088586.019170605, 33088876.020128593, 33089166.02108658]	0.0	0.0	0.0
2865.2280995314154	2.0	trials	5.0	0.0	0.0	0.0	0.0	0.0	True	40.0	0.0	0.005	[33170474.28968009, 33170764.29063808, 33171052.29158946, 33171342.29254745, 33171631.293502133, 33171922.294463426, 33172210.295414805, 33172500.2963728, 33172790.29733078, 33173080.29828877, 33173369.29924346, 33173659.300201442, 33173949.301159438, 33174238.30211412, 33174527.303068805, 33174818.304030098, 33175107.304984782, 33175397.30594277, 33175687.30690076, 33175977.307858746]	0.0	0.0	0.0
2871.995661087403	2.0	trials	5.0	0.0	0.0	0.0	0.0	0.0	True	40.0	0.0	0.005	[33248801.548426136, 33249091.549384132, 33249382.550345417, 33249671.55130011, 33249960.552254792, 33250250.55321278, 33250540.55417077, 33250828.555122152, 33251119.55608344, 33251409.55704143, 33251699.557999417, 33251987.558950797, 33252277.55990879, 33252567.560866777, 33252857.56182476, 33253146.562779453, 33253437.563740738, 33253725.564692125, 33254014.565646812, 33254305.5666081]	0.0	0.0	0.0
2878.182007923403	2.0	trials	5.0	0.0	0.0	0.0	0.0	0.0	True	40.0	0.0	0.005	[33320402.784953464, 33320693.785914756, 33320981.786866136, 33321271.78782413, 33321561.78878212, 33321851.789740108, 33322141.790698096, 33322430.79165278, 33322720.79261077, 33323009.793565452, 33323298.794520136, 33323588.795478124, 33323878.796436112, 33324168.7973941, 33324457.79834879, 33324747.799306773, 33325037.80026476, 33325327.801222753, 33325616.80217744, 33325905.803132124]	0.0	0.0	0.0
2884.1640180843974	2.0	trials	5.0	0.0	0.0	0.0	0.0	0.0	True	40.0	0.0	0.005	[33389640.01367154, 33389930.01462952, 33390220.015587516, 33390508.016538896, 33390799.01750018, 33391088.018454872, 33391379.019416165, 33391668.02037085, 33391957.021325536, 33392246.022280216, 33392536.023238204, 33392827.024199497, 33393116.02515418, 33393406.026112173, 33393694.027063556, 33393985.02802484, 33394274.028979525, 33394564.029937517, 33394853.030892204, 33395143.031850193]	0.0	0.0	0.0
2890.313990400238	2.0	trials	5.0	0.0	0.0	0.0	0.0	0.0	True	40.0	0.0	0.005	[33460820.24880813, 33461109.249762814, 33461398.2507175, 33461688.251675487, 33461979.25263677, 33462268.253591463, 33462557.254546147, 33462846.25550083, 33463136.25645882, 33463426.257416807, 33463716.258374795, 33464006.259332787, 33464296.26029077, 33464586.261248764, 33464875.26220345, 33465164.263158135, 33465453.26411282, 33465743.265070807, 33466032.26602549, 33466323.266986784]	0.0	0.0	0.0
2897.1240608966496	2.0	trials	5.0	0.0	0.0	0.0	0.0	0.0	True	40.0	0.0	0.005	[33539640.509182755, 33539929.51013744, 33540219.511095434, 33540509.512053415, 33540798.5130081, 33541089.51396939, 33541378.514924075, 33541668.51588207, 33541957.516836755, 33542246.51779144, 33542536.518749427, 33542826.519707415, 33543115.5206621, 33543405.521620087, 33543694.52257477, 33543985.523536067, 33544274.524490755, 33544563.52544543, 33544853.52640342, 33545144.527364712]	0.0	0.0	0.0
2903.9426850213167	2.0	trials	5.0	0.0	0.0	0.0	0.0	0.0	True	40.0	0.0	0.005	[33618559.76988442, 33618847.7708358, 33619138.7717971, 33619427.77275178, 33619717.77370977, 33620007.77466776, 33620296.77562244, 33620586.77658043, 33620875.77753512, 33621165.77849311, 33621455.779451095, 33621745.78040908, 33622033.78136046, 33622324.78232175, 33622614.78327974, 33622903.78423443, 33623193.78519242, 33623482.786147095, 33623773.7871084, 33624061.78805978]	0.0	0.0	0.0
2910.1980656853643	2.0	trials	5.0	0.0	0.0	0.0	0.0	0.0	True	40.0	0.0	0.005	[33690959.00904787, 33691248.01000256, 33691539.01096385, 33691828.01191853, 33692118.01287652, 33692407.0138312, 33692698.014792494, 33692987.015747175, 33693277.01670517, 33693566.01765986, 33693857.01862115, 33694145.019572526, 33694436.02053382, 33694724.0214852, 33695015.02244649, 33695304.02340118, 33695594.02435917, 33695883.025313854, 33696173.026271835, 33696462.02722652]	0.0	0.0	0.0
2917.7882443587882	2.0	trials	5.0	0.0	0.0	0.0	0.0	0.0	True	40.0	0.0	0.005	[33778808.29924897, 33779099.30021026, 33779387.30116165, 33779677.302119635, 33779968.303080924, 33780257.30403561, 33780546.30499029, 33780836.30594828, 33781125.30690297, 33781415.307860956, 33781705.308818944, 33781995.30977693, 33782284.31073162, 33782574.31168961, 33782863.31264429, 33783154.313605584, 33783443.314560264, 33783733.31551825, 33784022.31647294, 33784312.31743093]	0.0	0.0	0.0
2926.4644746198783	2.0	trials	5.0	0.0	0.0	0.0	0.0	0.0	True	40.0	0.0	0.005	[33879228.63097721, 33879516.6319286, 33879807.63288989, 33880096.63384458, 33880386.634802565, 33880675.63575725, 33880966.63671854, 33881254.63766992, 33881544.63862791, 33881834.6395859, 33882124.640543886, 33882413.64149857, 33882702.64245325, 33882993.64341455, 33883282.64436923, 33883572.64532722, 33883861.646281905, 33884150.647236586, 33884441.64819788, 33884730.64915257]	0.0	0.0	0.0
2935.224426757536	2.0	trials	5.0	0.0	0.0	0.0	0.0	0.0	True	40.0	0.0	0.005	[33980615.96589986, 33980904.96685454, 33981194.96781252, 33981485.96877383, 33981774.96972851, 33982064.970686495, 33982354.97164448, 33982643.97259917, 33982933.97355716, 33983223.97451515, 33983512.97546983, 33983802.976427816, 33984091.9773825, 33984381.97834049, 33984670.97929518, 33984960.98025316, 33985250.981211156, 33985538.98216253, 33985829.983123824, 33986119.98408181]	0.0	0.0	0.0
2940.504520999819	2.0	trials	5.0	0.0	0.0	0.0	0.0	0.0	True	40.0	0.0	0.005	[34041727.16777443, 34042019.16873902, 34042308.16969371, 34042596.170645095, 34042887.171606384, 34043177.17256437, 34043466.17351906, 34043756.17447704, 34044046.17543504, 34044334.176386416, 34044624.177344404, 34044914.17830239, 34045204.17926038, 34045493.18021507, 34045784.18117636, 34046071.182124436, 34046363.183089025, 34046652.18404371, 34046941.1849984, 34047231.18595639]	0.0	0.0	0.0
2948.5865764981104	2.0	trials	5.0	0.0	0.0	0.0	0.0	0.0	True	40.0	0.0	0.005	[34135270.47678514, 34135560.47774313, 34135850.478701115, 34136138.479652494, 34136429.48061379, 34136718.48156847, 34137008.48252646, 34137297.48348115, 34137587.484439135, 34137877.48539713, 34138167.48635511, 34138456.48730979, 34138746.48826779, 34139035.489222474, 34139324.490177155, 34139615.49113845, 34139905.49209643, 34140194.49305112, 34140483.49400581, 34140774.49496709]	0.0	0.0	0.0
2955.072386723359	2.0	trials	5.0	0.0	0.0	0.0	0.0	0.0	True	40.0	0.0	0.005	[34210338.724765375, 34210626.72571676, 34210917.72667805, 34211207.72763605, 34211497.72859403, 34211786.729548715, 34212076.7305067, 34212364.73145809, 34212654.73241608, 34212945.73337737, 34213234.734332055, 34213523.735286735, 34213814.73624803, 34214103.73720271, 34214392.7381574, 34214683.73911869, 34214971.74007007, 34215261.741028056, 34215551.741986044, 34215840.74294073]	0.0	0.0	0.0
2962.254324048197	2.0	trials	5.0	0.0	0.0	0.0	0.0	0.0	True	40.0	0.0	0.005	[34293461.99935457, 34293751.000309266, 34294042.00127055, 34294332.002228536, 34294621.00318322, 34294910.0041379, 34295199.00509259, 34295490.00605389, 34295780.007011876, 34296070.00796986, 34296358.00892124, 34296648.00987923, 34296939.01084053, 34297227.01179191, 34297517.012749895, 34297806.01370458, 34298096.014662564, 34298387.01562386, 34298677.01658185, 34298965.01753323]	0.0	0.0	0.0
2968.482920623765	2.0	trials	5.0	0.0	0.0	0.0	0.0	0.0	True	40.0	0.0	0.005	[34365552.23749727, 34365843.23845856, 34366132.23941325, 34366422.240371235, 34366711.241325915, 34367000.2422806, 34367290.24323859, 34367581.24419988, 34367868.245147966, 34368160.246112555, 34368449.24706724, 34368738.24802192, 34369029.24898322, 34369318.2499379, 34369608.25089589, 34369897.251850575, 34370187.25280856, 34370476.25376325, 34370767.25472454, 34371056.25567923]	0.0	0.0	0.0
2974.464844384474	2.0	trials	5.0	0.0	0.0	0.0	0.0	0.0	True	40.0	0.0	0.005	[34434786.46620543, 34435077.467166714, 34435366.4681214, 34435656.46907939, 34435947.47004069, 34436236.47099537, 34436524.47194675, 34436814.472904734, 34437104.47386273, 34437395.47482401, 34437683.4757754, 34437973.47673339, 34438263.477691375, 34438552.47864606, 34438842.47960405, 34439132.48056204, 34439422.48152003, 34439711.48247471, 34440000.483429395, 34440290.48438738]	0.0	0.0	0.0
2981.6047911706005	2.0	trials	5.0	0.0	0.0	0.0	0.0	0.0	True	40.0	0.0	0.005	[34517425.73919577, 34517715.74015376, 34518005.74111175, 34518295.742069736, 34518585.743027724, 34518875.74398571, 34519163.74493709, 34519453.74589508, 34519744.74685638, 34520033.74781106, 34520323.748769045, 34520613.74972703, 34520902.75068172, 34521191.75163641, 34521479.75258779, 34521770.75354908, 34522060.75450707, 34522350.75546505, 34522640.75642305, 34522928.75737442]	0.0	0.0	0.0
2989.7112115493783	2.0	trials	5.0	0.0	0.0	0.0	0.0	0.0	True	40.0	0.0	0.005	[34611250.04913474, 34611539.05008942, 34611830.051050715, 34612120.0520087, 34612409.05296338, 34612699.05392137, 34612988.05487606, 34613277.05583074, 34613566.05678543, 34613857.057746716, 34614146.0587014, 34614436.0596594, 34614725.06061408, 34615015.06157206, 34615305.062530056, 34615594.06348474, 34615884.06444273, 34616174.06540072, 34616464.06635871, 34616754.067316696]	0.0	0.0	0.0
2996.3947920279425	2.0	trials	5.0	0.0	0.0	0.0	0.0	0.0	True	40.0	0.0	0.005	[34688606.30467318, 34688896.30563116, 34689185.30658585, 34689475.30754384, 34689764.308498524, 34690055.30945981, 34690344.3104145, 34690633.31136919, 34690924.31233048, 34691213.313285165, 34691503.31424315, 34691792.31519783, 34692083.31615912, 34692371.31711051, 34692662.3180718, 34692951.319026485, 34693239.319977865, 34693529.32093585, 34693818.32189054, 34694109.32285183]	0.0	0.0	0.0
3004.657337722466	2.0	trials	5.0	0.0	0.0	0.0	0.0	0.0	True	40.0	0.0	0.005	[34784237.620581396, 34784527.62153939, 34784817.62249737, 34785107.62345537, 34785397.62441335, 34785686.62536804, 34785975.62632272, 34786265.62728071, 34786554.6282354, 34786844.62919338, 34787135.63015468, 34787423.631106056, 34787713.632064044, 34788003.63302203, 34788292.63397672, 34788582.63493471, 34788872.6358927, 34789161.63684738, 34789451.63780537, 34789740.63876005]	0.0	0.0	0.0
3021.745845372704	2.0	trials	6.0	0.0	0.0	0.0	0.0	0.0	True	40.0	0.0	0.005	[34982021.27393937, 34982312.27490066, 34982601.27585535, 34982890.27681003, 34983180.27776802, 34983471.27872931, 34983760.279684, 34984050.28064198, 34984339.28159667, 34984629.28255466, 34984918.283509344, 34985208.284467325, 34985497.28542202, 34985787.28638001, 34986077.287337996, 34986366.288292676, 34986656.289250664, 34986945.29020535, 34987235.29116334, 34987525.29212133]	0.0	0.0	0.0
3030.835328198934	2.0	trials	6.0	0.0	0.0	0.0	0.0	0.0	True	40.0	0.0	0.005	[35087224.62146782, 35087513.6224225, 35087803.62338049, 35088093.62433848, 35088383.625296466, 35088672.626251146, 35088961.627205834, 35089251.62816382, 35089542.62912512, 35089831.6300798, 35090121.63103779, 35090409.631989166, 35090700.63295046, 35090990.63390845, 35091279.63486314, 35091569.63582112, 35091859.636779115, 35092148.6377338, 35092437.63868848, 35092728.63964978]	0.0	0.0	0.0
3038.251496697533	2.0	trials	6.0	0.0	0.0	0.0	0.0	0.0	True	40.0	0.0	0.005	[35173059.90501585, 35173348.90597054, 35173638.906928524, 35173928.90788652, 35174217.9088412, 35174507.90979919, 35174796.91075387, 35175086.911711864, 35175375.912666544, 35175665.91362453, 35175955.91458252, 35176245.91554051, 35176534.916495204, 35176824.917453185, 35177113.918407865, 35177403.91936586, 35177692.92032055, 35177983.92128184, 35178273.922239825, 35178562.923194505]	0.0	0.0	0.0
3043.4604835049186	2.0	trials	6.0	0.0	0.0	0.0	0.0	0.0	True	40.0	0.0	0.005	[35233349.104175024, 35233638.10512971, 35233928.1060877, 35234218.10704569, 35234507.10800037, 35234796.108955055, 35235087.109916344, 35235377.11087434, 35235666.11182902, 35235957.11279032, 35236245.1137417, 35236536.114702985, 35236824.11565437, 35237114.11661236, 35237404.11757034, 35237694.11852834, 35237984.11948632, 35238272.120437704, 35238563.121399, 35238853.12235699]	0.0	0.0	0.0
3051.0152380613226	2.0	trials	6.0	0.0	0.0	0.0	0.0	0.0	True	40.0	0.0	0.005	[35320788.39302173, 35321076.39397311, 35321367.3949344, 35321656.39588909, 35321946.39684708, 35322235.397801764, 35322526.39876305, 35322815.39971774, 35323105.40067573, 35323395.40163372, 35323685.402591705, 35323974.403546385, 35324263.40450108, 35324553.40545906, 35324843.40641706, 35325132.40737174, 35325421.408326425, 35325712.40928771, 35326001.4102424, 35326292.41120369]	0.0	0.0	0.0
3056.5156530314125	2.0	trials	6.0	0.0	0.0	0.0	0.0	0.0	True	40.0	0.0	0.005	[35384450.603323296, 35384739.60427798, 35385029.60523597, 35385319.60619397, 35385609.60715195, 35385898.60810663, 35386187.60906132, 35386478.610022604, 35386767.6109773, 35387057.61193529, 35387346.61288997, 35387636.613847956, 35387925.61480264, 35388216.61576394, 35388504.61671532, 35388794.6176733, 35389084.61863129, 35389374.619589284, 35389663.62054397, 35389953.62150196]	0.0	0.0	0.0
3065.3980343735034	2.0	trials	6.0	0.0	0.0	0.0	0.0	0.0	True	40.0	0.0	0.005	[35487254.94292687, 35487545.943888165, 35487833.944839545, 35488123.94579753, 35488413.94675552, 35488702.9477102, 35488992.94866819, 35489282.94962618, 35489572.950584166, 35489861.95153885, 35490150.95249354, 35490441.95345483, 35490731.95441282, 35491019.955364205, 35491309.956322186, 35491599.957280174, 35491889.95823816, 35492178.95919285, 35492468.96015084, 35492758.961108826]	0.0	0.0	0.0
3072.4371520265504	2.0	trials	6.0	0.0	0.0	0.0	0.0	0.0	True	40.0	0.0	0.005	[35568728.212065436, 35569015.213013515, 35569306.21397481, 35569596.2149328, 35569886.21589079, 35570175.21684547, 35570465.21780346, 35570755.21876145, 35571044.21971613, 35571334.22067412, 35571622.2216255, 35571913.222586796, 35572203.223544784, 35572493.22450277, 35572782.22545746, 35573071.22641215, 35573361.22737013, 35573651.22832812, 35573940.229282804, 35574230.230240785]	0.0	0.0	0.0
3079.6279021805	2.0	trials	6.0	0.0	0.0	0.0	0.0	0.0	True	40.0	0.0	0.005	[35651953.48699158, 35652242.48794627, 35652531.48890095, 35652821.48985894, 35653110.49081363, 35653400.491771616, 35653689.492726296, 35653979.493684284, 35654270.49464558, 35654558.49559696, 35654849.49655826, 35655138.49751294, 35655428.498470925, 35655717.49942561, 35656007.5003836, 35656297.50134159, 35656587.50229958, 35656876.50325426, 35657166.504212245, 35657455.50516693]	0.0	0.0	0.0
3085.0037279390226	2.0	trials	6.0	0.0	0.0	0.0	0.0	0.0	True	40.0	0.0	0.005	[35714172.69252633, 35714462.69348432, 35714751.69443901, 35715042.6954003, 35715330.696351685, 35715620.697309665, 35715910.69826765, 35716200.69922564, 35716489.70018033, 35716778.70113501, 35717068.702093005, 35717358.703050986, 35717648.70400898, 35717938.70496697, 35718228.70592496, 35718517.706879646, 35718807.707837634, 35719096.708792314, 35719386.7097503, 35719674.71070169]	0.0	0.0	0.0
3092.7749152103906	2.0	trials	6.0	0.0	0.0	0.0	0.0	0.0	True	40.0	0.0	0.005	[35804117.989651375, 35804406.99060606, 35804696.99156405, 35804986.992522046, 35805275.993476726, 35805565.994434714, 35805855.9953927, 35806145.99635069, 35806434.99730537, 35806723.99826006, 35807013.99921805, 35807304.000176035, 35807594.00113402, 35807883.00208871, 35808173.0030467, 35808463.00400469, 35808752.00495937, 35809042.00591736, 35809331.00687205, 35809620.00782672]	0.0	0.0	0.0
3100.369932299798	2.0	trials	6.0	0.0	0.0	0.0	0.0	0.0	True	40.0	0.0	0.005	[35892023.28003747, 35892312.28099216, 35892601.28194684, 35892892.282908134, 35893181.283862814, 35893471.28482081, 35893760.28577549, 35894050.28673348, 35894340.28769147, 35894629.288646154, 35894919.289604135, 35895208.29055883, 35895498.29151682, 35895788.2924748, 35896078.293432795, 35896366.294384174, 35896657.29534546, 35896946.29630015, 35897236.29725814, 35897524.29820952]	0.0	0.0	0.0
3105.920632236	2.0	trials	6.0	0.0	0.0	0.0	0.0	0.0	True	40.0	0.0	0.005	[35956266.49225832, 35956556.493216306, 35956845.49417099, 35957135.49512898, 35957425.49608697, 35957714.49704165, 35958004.49799964, 35958294.49895763, 35958583.499912314, 35958874.5008736, 35959163.50182829, 35959453.502786286, 35959742.50374097, 35960032.50469895, 35960322.50565694, 35960612.50661493, 35960900.50756631, 35961190.5085243, 35961480.50948229, 35961770.510440275]	0.0	0.0	0.0
3113.3539079911093	2.0	trials	6.0	0.0	0.0	0.0	0.0	0.0	True	40.0	0.0	0.005	[36042300.77646374, 36042590.77742172, 36042879.77837641, 36043169.779334396, 36043458.78028908, 36043748.78124707, 36044038.78220506, 36044328.78316305, 36044617.78411773, 36044907.78507572, 36045197.786033705, 36045485.78698509, 36045776.78794638, 36046066.78890437, 36046355.78985906, 36046644.79081374, 36046934.79177173, 36047224.79272972, 36047513.7936844, 36047802.79463909]	0.0	0.0	0.0
3119.6721880629393	2.0	trials	6.0	0.0	0.0	0.0	0.0	0.0	True	40.0	0.0	0.005	[36115428.01803206, 36115718.01899005, 36116007.01994474, 36116298.02090602, 36116586.0218574, 36116876.0228154, 36117166.02377338, 36117455.02472807, 36117746.025689356, 36118036.02664735, 36118324.027598724, 36118615.02856002, 36118904.0295147, 36119193.030469395, 36119484.031430684, 36119773.03238537, 36120062.03334005, 36120352.03429804, 36120641.03525273, 36120931.036210716]	0.0	0.0	0.0
3125.372274092624	2.0	trials	6.0	0.0	0.0	0.0	0.0	0.0	True	40.0	0.0	0.005	[36181403.235974416, 36181692.2369291, 36181981.237883784, 36182271.23884177, 36182560.23979645, 36182850.24075444, 36183139.241709135, 36183429.242667116, 36183719.24362511, 36184009.2445831, 36184299.24554108, 36184588.24649577, 36184877.247450456, 36185168.248411745, 36185457.24936643, 36185746.25032111, 36186037.25128241, 36186326.25223709, 36186615.25319178, 36186906.25415307]	0.0	0.0	0.0
3131.876055577239	2.0	trials	6.0	0.0	0.0	0.0	0.0	0.0	True	40.0	0.0	0.005	[36256676.48463186, 36256967.48559315, 36257256.486547835, 36257545.487502515, 36257836.48846381, 36258125.48941849, 36258416.49037979, 36258704.49133117, 36258994.492289156, 36259283.493243836, 36259573.49420183, 36259863.49515981, 36260152.4961145, 36260442.49707249, 36260732.498030476, 36261021.49898516, 36261311.49994315, 36261600.50089784, 36261891.50185913, 36262180.50281381]	0.0	0.0	0.0
3137.1952027485295	2.0	trials	6.0	0.0	0.0	0.0	0.0	0.0	True	40.0	0.0	0.005	[36318241.68800618, 36318531.688964166, 36318820.68991885, 36319109.69087353, 36319399.69183152, 36319689.69278952, 36319978.6937442, 36320269.694705494, 36320558.695660174, 36320848.696618155, 36321137.69757284, 36321426.69852753, 36321717.69948882, 36322005.700440206, 36322295.701398194, 36322586.70235948, 36322876.70331747, 36323165.70427216, 36323454.70522684, 36323744.706184834]	0.0	0.0	0.0
3142.8020628702507	2.0	trials	6.0	0.0	0.0	0.0	0.0	0.0	True	40.0	0.0	0.005	[36383135.902377546, 36383423.903328925, 36383714.904290214, 36384003.9052449, 36384292.90619958, 36384583.90716088, 36384872.90811556, 36385161.909070246, 36385452.910031535, 36385742.91098953, 36386032.91194752, 36386321.9129022, 36386610.91385688, 36386900.914814875, 36387190.91577286, 36387479.91672755, 36387769.91768554, 36388058.91864022, 36388348.919598214, 36388638.920556195]	0.0	0.0	0.0
3151.8625152005825	2.0	trials	6.0	0.0	0.0	0.0	0.0	0.0	True	40.0	0.0	0.005	[36488002.24879274, 36488291.249747425, 36488582.250708714, 36488870.2516601, 36489161.2526214, 36489450.25357608, 36489739.254530765, 36490030.255492054, 36490318.25644343, 36490608.25740142, 36490898.25835941, 36491188.2593174, 36491477.260272086, 36491768.261233374, 36492057.26218806, 36492346.26314274, 36492636.26410074, 36492926.26505872, 36493215.266013406, 36493506.266974695]	0.0	0.0	0.0
3158.108391833234	2.0	trials	6.0	0.0	0.0	0.0	0.0	0.0	True	40.0	0.0	0.005	[36560291.48759282, 36560581.488550805, 36560871.48950879, 36561160.49046347, 36561450.49142146, 36561740.49237945, 36562029.49333414, 36562319.494292125, 36562608.495246805, 36562898.49620479, 36563188.49716278, 36563478.49812078, 36563767.49907546, 36564057.500033446, 36564346.50098813, 36564637.50194942, 36564926.50290411, 36565215.50385879, 36565506.504820086, 36565795.505774766]	0.0	0.0	0.0
3165.608282208399	2.0	trials	6.0	0.0	0.0	0.0	0.0	0.0	True	40.0	0.0	0.005	[36647095.77434186, 36647385.77529984, 36647675.776257835, 36647964.777212515, 36648254.778170496, 36648543.779125184, 36648833.78008318, 36649123.78104116, 36649413.781999156, 36649702.782953836, 36649991.78390852, 36650281.78486651, 36650571.7858245, 36650861.78678249, 36651151.78774048, 36651440.78869516, 36651729.789649844, 36652019.79060783, 36652309.79156582, 36652598.7925205]	0.0	0.0	0.0
3171.3567523979164	2.0	trials	6.0	0.0	0.0	0.0	0.0	0.0	True	40.0	0.0	0.005	[36713628.994127505, 36713918.99508549, 36714207.99604018, 36714498.99700148, 36714787.99795616, 36715076.99891084, 36715367.99987213, 36715656.00082351, 36715946.0017815, 36716236.00273949, 36716525.00369418, 36716816.004655465, 36717106.00561345, 36717395.00656814, 36717685.00752613, 36717974.00848081, 36718263.0094355, 36718554.010396786, 36718843.01135147, 36719132.012306154]	0.0	0.0	0.0
3178.016745598562	2.0	trials	6.0	0.0	0.0	0.0	0.0	0.0	True	40.0	0.0	0.005	[36790713.24876742, 36791002.2497221, 36791292.2506801, 36791581.25163478, 36791871.252592765, 36792161.25355075, 36792451.25450874, 36792740.25546342, 36793030.25642142, 36793320.2573794, 36793609.258334085, 36793899.25929207, 36794189.26025006, 36794477.26120145, 36794767.26215944, 36795058.263120726, 36795347.26407541, 36795636.2650301, 36795927.26599139, 36796216.26694608]	0.0	0.0	0.0
3185.7445599266516	2.0	trials	6.0	0.0	0.0	0.0	0.0	0.0	True	40.0	0.0	0.005	[36880155.54423085, 36880444.545185536, 36880733.54614022, 36881023.547098204, 36881313.54805619, 36881603.54901418, 36881892.54996887, 36882182.55092686, 36882472.551884845, 36882761.552839525, 36883050.55379421, 36883340.55475221, 36883630.55571019, 36883920.556668185, 36884209.557622865, 36884500.55858415, 36884789.55953884, 36885078.56049353, 36885368.56145152, 36885657.562406205]	0.0	0.0	0.0
3193.7252678901514	2.0	trials	6.0	0.0	0.0	0.0	0.0	0.0	True	40.0	0.0	0.005	[36972523.84936005, 36972812.85031474, 36973103.85127603, 36973392.85223071, 36973682.8531887, 36973971.85414339, 36974260.85509807, 36974551.856059365, 36974840.857014045, 36975129.85796873, 36975420.85893002, 36975709.85988471, 36975999.8608427, 36976289.861800686, 36976578.862755366, 36976868.863713354, 36977157.86466805, 36977446.86562273, 36977736.86658071, 36978026.867538705]	0.0	0.0	0.0
3201.5594409695873	2.0	trials	6.0	0.0	0.0	0.0	0.0	0.0	True	40.0	0.0	0.005	[37063198.14889328, 37063487.14984796, 37063776.15080265, 37064066.15176064, 37064356.152718626, 37064645.15367331, 37064936.1546346, 37065225.15558928, 37065515.15654728, 37065805.15750526, 37066094.158459954, 37066384.15941794, 37066674.16037592, 37066963.16133061, 37067252.1622853, 37067543.16324659, 37067833.164204575, 37068122.16515926, 37068411.16611394, 37068700.16706864]	0.0	0.0	0.0
3209.331146642668	2.0	trials	6.0	0.0	0.0	0.0	0.0	0.0	True	40.0	0.0	0.005	[37153148.44603484, 37153438.44699283, 37153727.44794751, 37154017.448905505, 37154307.44986349, 37154596.45081818, 37154885.45177286, 37155175.45273085, 37155464.45368553, 37155755.454646826, 37156044.455601506, 37156333.45655619, 37156624.45751748, 37156913.45847217, 37157203.459430166, 37157492.460384846, 37157782.461342834, 37158072.46230082, 37158361.46325551, 37158651.4642135]	0.0	0.0	0.0
3216.375793913982	2.0	trials	6.0	0.0	0.0	0.0	0.0	0.0	True	40.0	0.0	0.005	[37234682.71537492, 37234972.71633291, 37235261.71728759, 37235552.71824889, 37235840.71920027, 37236130.72015826, 37236420.72111625, 37236709.722070925, 37237000.72303223, 37237289.72398691, 37237579.72494489, 37237868.72589958, 37238158.72685757, 37238448.72781555, 37238737.72877023, 37239027.72972823, 37239316.73068292, 37239606.731640905, 37239896.73259889, 37240186.73355688]	0.0	0.0	0.0
3225.218863126208	2.0	trials	6.0	0.0	0.0	0.0	0.0	0.0	True	40.0	0.0	0.005	[37337034.05348205, 37337323.054436736, 37337613.05539472, 37337902.056349404, 37338191.05730409, 37338481.05826208, 37338771.05922007, 37339061.06017806, 37339351.061136045, 37339639.062087424, 37339929.06304541, 37340219.0640034, 37340509.064961396, 37340798.06591607, 37341088.066874065, 37341378.06783205, 37341667.06878674, 37341957.06974473, 37342246.07069941, 37342537.071660705]	0.0	0.0	0.0
3231.984178274775	2.0	trials	6.0	0.0	0.0	0.0	0.0	0.0	True	40.0	0.0	0.005	[37415336.31214551, 37415625.3131002, 37415914.314054884, 37416205.31501617, 37416494.31597086, 37416783.31692554, 37417073.31788353, 37417363.31884152, 37417653.319799505, 37417942.32075419, 37418232.32171218, 37418522.32267017, 37418811.32362486, 37419101.324582845, 37419391.32554083, 37419680.32649552, 37419970.32745351, 37420260.32841149, 37420549.32936618, 37420838.330320865]	0.0	0.0	0.0
3239.625160316022	2.0	trials	6.0	0.0	0.0	0.0	0.0	0.0	True	40.0	0.0	0.005	[37503772.60428572, 37504062.6052437, 37504352.60620169, 37504641.60715637, 37504931.608114354, 37505221.60907235, 37505511.61003034, 37505800.610985026, 37506089.61193971, 37506380.612901, 37506669.61385569, 37506959.61481367, 37507248.61576836, 37507538.61672635, 37507828.617684335, 37508117.618639015, 37508407.61959701, 37508696.6205517, 37508986.621509686, 37509276.622467674]	0.0	0.0	0.0
3246.73512620311	2.0	trials	6.0	0.0	0.0	0.0	0.0	0.0	True	40.0	0.0	0.005	[37586064.876129776, 37586354.877087764, 37586643.87804245, 37586932.87899713, 37587223.87995843, 37587512.88091311, 37587803.881874405, 37588091.882825784, 37588382.88378707, 37588671.88474176, 37588961.88569975, 37589249.88665113, 37589540.88761242, 37589830.888570406, 37590119.88952509, 37590408.89047978, 37590699.89144107, 37590988.89239576, 37591278.893353745, 37591567.89430843]	0.0	0.0	0.0
3253.04113743441	2.0	trials	6.0	0.0	0.0	0.0	0.0	0.0	True	40.0	0.0	0.005	[37659050.11722902, 37659340.118187, 37659630.11914499, 37659919.120099686, 37660209.12105767, 37660498.12201235, 37660789.12297364, 37661078.12392832, 37661368.12488632, 37661657.12584101, 37661947.12679899, 37662236.127753675, 37662527.12871497, 37662816.12966965, 37663106.13062764, 37663396.13158563, 37663685.132540315, 37663975.1334983, 37664264.134452984, 37664554.13541098]	0.0	0.0	0.0
3260.67944106681	2.0	trials	6.0	0.0	0.0	0.0	0.0	0.0	True	40.0	0.0	0.005	[37747457.40927342, 37747746.4102281, 37748036.41118609, 37748325.41214078, 37748615.41309877, 37748905.41405676, 37749194.41501144, 37749484.41596943, 37749774.41692742, 37750063.41788211, 37750352.41883679, 37750642.419794776, 37750932.420752764, 37751221.42170745, 37751512.42266874, 37751800.42362012, 37752091.424581416, 37752380.425536096, 37752670.426494084, 37752959.42744877]	0.0	0.0	0.0
3266.373306275945	2.0	trials	6.0	0.0	0.0	0.0	0.0	0.0	True	40.0	0.0	0.005	[37813357.62696802, 37813647.62792601, 37813937.628883995, 37814227.62984198, 37814516.63079666, 37814806.63175466, 37815096.63271264, 37815385.63366733, 37815675.63462532, 37815965.635583304, 37816255.63654129, 37816543.63749268, 37816833.63845067, 37817123.639408655, 37817413.64036664, 37817702.641321324, 37817992.64227931, 37818281.643234, 37818572.644195296, 37818861.645149976]	0.0	0.0	0.0
3273.591272519801	2.0	trials	6.0	0.0	0.0	0.0	0.0	0.0	True	40.0	0.0	0.005	[37896899.90294134, 37897189.90389933, 37897478.90485401, 37897767.905808695, 37898057.90676669, 37898347.90772468, 37898637.90868267, 37898926.90963735, 37899216.910595335, 37899506.91155332, 37899795.91250801, 37900084.91346269, 37900375.91442399, 37900664.91537867, 37900954.916336656, 37901243.91729135, 37901533.91824933, 37901823.91920733, 37902112.92016201, 37902402.92111999]	0.0	0.0	0.0
3281.675574425513	2.0	trials	6.0	0.0	0.0	0.0	0.0	0.0	True	40.0	0.0	0.005	[37990467.21203133, 37990757.212989315, 37991047.2139473, 37991336.21490199, 37991626.21585998, 37991915.21681466, 37992205.21777265, 37992495.218730636, 37992785.219688624, 37993075.22064662, 37993363.221598, 37993653.22255599, 37993942.22351067, 37994233.224471964, 37994523.22542995, 37994812.22638464, 37995101.22733932, 37995391.22829731, 37995680.229251996, 37995972.23021659]	0.0	0.0	0.0
3288.2492537410285	2.0	trials	6.0	0.0	0.0	0.0	0.0	0.0	True	40.0	0.0	0.005	[38066551.463367835, 38066842.46432912, 38067131.46528381, 38067421.4662418, 38067710.46719648, 38068000.46815447, 38068290.469112456, 38068580.470070444, 38068869.47102513, 38069159.47198312, 38069448.47293781, 38069738.47389579, 38070027.474850476, 38070317.47580847, 38070607.47676646, 38070896.47772114, 38071187.478682436, 38071476.479637116, 38071766.480595104, 38072054.48154649]	0.0	0.0	0.0
3296.3916166385393	2.0	trials	6.0	0.0	0.0	0.0	0.0	0.0	True	40.0	0.0	0.005	[38160792.77468432, 38161081.775639005, 38161371.77659699, 38161661.77755498, 38161950.77850967, 38162240.77946766, 38162529.78042234, 38162820.78138363, 38163109.782338314, 38163400.78329961, 38163688.78425099, 38163978.78520898, 38164267.78616366, 38164558.787124954, 38164847.788079634, 38165136.78903432, 38165427.78999562, 38165715.790947, 38166006.791908294, 38166296.79286628]	0.0	0.0	0.0
3304.851500584951	2.0	trials	6.0	0.0	0.0	0.0	0.0	0.0	True	40.0	0.0	0.005	[38258708.09813753, 38258997.099092215, 38259287.1000502, 38259576.10100488, 38259866.10196287, 38260155.10291756, 38260446.10387885, 38260734.10483023, 38261024.10578822, 38261314.106746204, 38261604.1077042, 38261893.10865888, 38262183.10961687, 38262473.11057486, 38262763.111532845, 38263052.11248753, 38263341.11344222, 38263631.1144002, 38263921.115358196, 38264211.11631618]	0.0	0.0	0.0
3310.1075755478882	2.0	trials	6.0	0.0	0.0	0.0	0.0	0.0	True	40.0	0.0	0.005	[38319541.29909376, 38319831.30005174, 38320120.30100643, 38320410.30196442, 38320700.302922405, 38320990.30388039, 38321279.30483508, 38321569.30579306, 38321858.30674775, 38322147.30770244, 38322438.308663726, 38322728.309621714, 38323016.31057309, 38323306.31153108, 38323596.31248907, 38323886.31344706, 38324175.314401746, 38324465.31535974, 38324755.31631772, 38325044.31727241]	0.0	0.0	0.0
3316.5501856304295	2.0	trials	6.0	0.0	0.0	0.0	0.0	0.0	True	40.0	0.0	0.005	[38394108.54541899, 38394398.54637698, 38394689.54733826, 38394977.54828965, 38395267.54924764, 38395557.550205626, 38395847.551163614, 38396136.5521183, 38396425.55307298, 38396716.55403428, 38397005.55498896, 38397295.555946946, 38397584.556901634, 38397873.55785632, 38398163.55881431, 38398453.5597723, 38398743.560730286, 38399033.561688274, 38399322.56264296, 38399612.56360095]	0.0	0.0	0.0
3322.2643549066374	2.0	trials	6.0	0.0	0.0	0.0	0.0	0.0	True	40.0	0.0	0.005	[38460245.763896495, 38460535.76485448, 38460824.76580916, 38461114.76676715, 38461403.76772184, 38461693.76867983, 38461982.769634515, 38462273.770595804, 38462562.77155049, 38462852.77250847, 38463141.77346316, 38463430.77441785, 38463721.775379136, 38464010.776333824, 38464299.777288504, 38464590.7782498, 38464879.77920448, 38465168.78015917, 38465459.781120464, 38465748.78207515]	0.0	0.0	0.0
3328.6779344932793	2.0	trials	6.0	0.0	0.0	0.0	0.0	0.0	True	40.0	0.0	0.005	[38534476.009108484, 38534766.010066465, 38535055.01102115, 38535346.01198244, 38535635.01293713, 38535924.01389181, 38536215.014853105, 38536504.015807785, 38536794.01676578, 38537083.01772046, 38537373.01867845, 38537663.01963644, 38537952.020591125, 38538242.02154911, 38538532.0225071, 38538820.02345849, 38539110.02441647, 38539400.025374465, 38539689.026329145, 38539980.02729044]	0.0	0.0	0.0
3334.347521222213	2.0	trials	6.0	0.0	0.0	0.0	0.0	0.0	True	40.0	0.0	0.005	[38600096.22587812, 38600386.22683611, 38600676.227794096, 38600965.22874878, 38601255.22970677, 38601545.23066476, 38601835.23162275, 38602124.23257743, 38602413.23353212, 38602703.234490104, 38602993.2354481, 38603283.23640608, 38603573.23736407, 38603863.238322064, 38604152.239276744, 38604441.240231425, 38604731.24118942, 38605020.2421441, 38605311.2431054, 38605600.24406008]	0.0	0.0	0.0
3341.4481558784746	2.0	trials	6.0	0.0	0.0	0.0	0.0	0.0	True	40.0	0.0	0.005	[38682279.497362114, 38682569.4983201, 38682859.49927809, 38683149.50023608, 38683439.50119407, 38683728.50214875, 38684018.503106736, 38684307.50406142, 38684597.50501941, 38684887.5059774, 38685176.50693208, 38685466.507890075, 38685756.508848056, 38686045.50980275, 38686335.51076074, 38686624.51171542, 38686914.51267341, 38687204.513631396, 38687494.514589384, 38687783.51554407]	0.0	0.0	0.0
3347.6916997034205	2.0	trials	6.0	0.0	0.0	0.0	0.0	0.0	True	40.0	0.0	0.005	[38754543.736079596, 38754831.73703098, 38755122.73799227, 38755412.73895025, 38755702.73990825, 38755992.74086623, 38756280.741817616, 38756570.742775604, 38756860.74373359, 38757150.74469159, 38757439.74564627, 38757729.74660426, 38758018.74755894, 38758309.74852023, 38758597.74947161, 38758888.75043291, 38759178.75139089, 38759467.75234558, 38759756.753300264, 38760046.75425825]	0.0	0.0	0.0
3355.9542453979434	2.0	trials	6.0	0.0	0.0	0.0	0.0	0.0	True	40.0	0.0	0.005	[38850175.05198782, 38850464.05294251, 38850754.053900495, 38851044.05485848, 38851333.05581317, 38851622.05676785, 38851913.05772915, 38852201.05868053, 38852491.059638515, 38852782.060599804, 38853071.06155449, 38853361.06251248, 38853650.06346716, 38853940.06442515, 38854229.065379836, 38854519.066337824, 38854809.06729581, 38855099.0682538, 38855388.06920849, 38855677.07016317]	0.0	0.0	0.0
3364.5459761798984	2.0	trials	6.0	0.0	0.0	0.0	0.0	0.0	True	40.0	0.0	0.005	[38949616.38048203, 38949904.38143341, 38950195.3823947, 38950484.38334939, 38950775.38431068, 38951065.385268666, 38951353.386220045, 38951643.38717803, 38951933.38813603, 38952223.38909401, 38952513.390052006, 38952801.39100338, 38953092.391964674, 38953381.392919354, 38953671.39387735, 38953960.39483204, 38954250.39579002, 38954540.396748014, 38954830.397706, 38955119.39866068]	0.0	0.0	0.0
3371.4641334333646	2.0	trials	6.0	0.0	0.0	0.0	0.0	0.0	True	40.0	0.0	0.005	[39029685.64498261, 39029975.6459406, 39030266.6469019, 39030555.64785658, 39030845.64881457, 39031135.649772555, 39031423.650723934, 39031714.65168523, 39032004.65264322, 39032292.6535946, 39032582.654552594, 39032872.655510575, 39033161.656465255, 39033451.65742325, 39033741.65838123, 39034032.659342535, 39034320.660293914, 39034610.6612519, 39034900.66220989, 39035190.66316788]	0.0	0.0	0.0
3378.4241084249707	2.0	trials	6.0	0.0	0.0	0.0	0.0	0.0	True	40.0	0.0	0.005	[39110242.91109526, 39110531.91204995, 39110820.91300464, 39111110.913962625, 39111400.91492061, 39111690.9158786, 39111979.91683328, 39112269.91779127, 39112558.91874596, 39112849.919707246, 39113138.92066193, 39113427.92161662, 39113717.92257461, 39114006.92352929, 39114296.92448728, 39114587.925448574, 39114876.926403254, 39115165.92735794, 39115455.92831593, 39115745.92927392]	0.0	0.0	0.0
3385.210073241751	2.0	trials	6.0	0.0	0.0	0.0	0.0	0.0	True	40.0	0.0	0.005	[39188784.17054824, 39189073.171502925, 39189363.17246091, 39189652.1734156, 39189942.17437359, 39190231.17532828, 39190521.176286265, 39190811.17724425, 39191101.17820224, 39191391.17916023, 39191679.18011161, 39191970.1810729, 39192259.182027586, 39192549.182985574, 39192838.18394026, 39193129.18490155, 39193418.18585624, 39193707.186810926, 39193998.18777221, 39194287.1887269]	0.0	0.0	0.0
3390.4305512870974	2.0	trials	6.0	0.0	0.0	0.0	0.0	0.0	True	40.0	0.0	0.005	[39249205.370143466, 39249494.371098146, 39249785.37205945, 39250074.37301413, 39250364.37397211, 39250654.374930106, 39250943.37588479, 39251233.376842774, 39251522.377797455, 39251811.37875215, 39252102.37971343, 39252392.38067143, 39252680.381622806, 39252971.3825841, 39253260.38353878, 39253550.38449677, 39253839.38545146, 39254129.38640945, 39254418.387364134, 39254708.388322115]	0.0	0.0	0.0
3399.124148005556	2.0	trials	6.0	0.0	0.0	0.0	0.0	0.0	True	40.0	0.0	0.005	[39349826.7025357, 39350116.70349368, 39350405.70444837, 39350695.70540636, 39350984.70636104, 39351274.70731903, 39351563.708273716, 39351854.70923501, 39352144.71019299, 39352432.71114437, 39352722.71210236, 39353012.71306036, 39353302.71401834, 39353591.714973025, 39353881.71593101, 39354170.7168857, 39354460.71784369, 39354750.71880168, 39355039.719756365, 39355329.72071435]	0.0	0.0	0.0
3404.705520043081	2.0	trials	6.0	0.0	0.0	0.0	0.0	0.0	True	40.0	0.0	0.005	[39414425.91593256, 39414715.91689055, 39415004.91784523, 39415294.918803215, 39415583.91975791, 39415873.92071589, 39416163.92167389, 39416453.92263187, 39416742.92358655, 39417031.924541235, 39417322.92550253, 39417611.92645721, 39417900.9274119, 39418191.928373195, 39418480.929327875, 39418770.93028586, 39419059.93124055, 39419349.93219854, 39419638.93315323, 39419928.93411121]	0.0	0.0	0.0
3425.817775385382	2.0	trials	7.0	0.0	0.0	0.0	0.0	0.0	True	40.0	0.0	0.005	[39658780.72313355, 39659069.72408824, 39659360.725049525, 39659649.72600421, 39659939.7269622, 39660229.72792019, 39660518.72887488, 39660807.72982956, 39661097.730787545, 39661387.73174553, 39661675.73269691, 39661966.73365821, 39662255.7346129, 39662546.735574186, 39662835.73652887, 39663124.73748355, 39663414.73844154, 39663704.73939953, 39663994.74035752, 39664283.7413122]	0.0	0.0	0.0
3433.6184251540767	2.0	trials	7.0	0.0	0.0	0.0	0.0	0.0	True	40.0	0.0	0.005	[39749065.02137845, 39749355.02233644, 39749645.02329443, 39749934.02424911, 39750224.0252071, 39750513.02616178, 39750803.02711977, 39751094.02808107, 39751382.02903245, 39751672.029990435, 39751962.03094842, 39752251.0319031, 39752541.0328611, 39752831.03381908, 39753121.03477707, 39753410.03573176, 39753699.03668644, 39753989.03764442, 39754280.03860573, 39754569.03956041]	0.0	0.0	0.0
3441.628336414046	2.0	trials	7.0	0.0	0.0	0.0	0.0	0.0	True	40.0	0.0	0.005	[39841772.32762751, 39842062.3285855, 39842351.32954018, 39842641.33049817, 39842930.331452854, 39843220.33241084, 39843510.33336883, 39843800.33432682, 39844089.3352815, 39844379.336239494, 39844669.33719748, 39844959.33815547, 39845248.33911015, 39845538.34006814, 39845827.34102283, 39846117.341980815, 39846406.3429355, 39846696.34389349, 39846986.34485148, 39847276.34580947]	0.0	0.0	0.0
3449.0023415733613	2.0	trials	7.0	0.0	0.0	0.0	0.0	0.0	True	40.0	0.0	0.005	[39927120.609566785, 39927409.61052147, 39927699.61147946, 39927989.61243745, 39928278.61339214, 39928568.61435012, 39928858.61530811, 39929147.61626279, 39929437.61722078, 39929727.61817877, 39930016.61913346, 39930306.62009144, 39930596.621049434, 39930885.622004114, 39931175.6229621, 39931464.62391679, 39931754.62487478, 39932043.62582946, 39932333.626787454, 39932624.62774874]	0.0	0.0	0.0
3457.0005887948005	2.0	trials	7.0	0.0	0.0	0.0	0.0	0.0	True	40.0	0.0	0.005	[40019691.915366575, 40019981.91632456, 40020271.91728255, 40020560.91823724, 40020850.919195235, 40021140.920153216, 40021430.92111121, 40021719.92206589, 40022009.92302388, 40022298.92397857, 40022588.924936555, 40022878.92589454, 40023168.92685253, 40023457.92780721, 40023746.9287619, 40024036.92971989, 40024326.930677876, 40024615.93163256, 40024906.93259385, 40025195.93354853]	0.0	0.0	0.0
3464.578585027981	2.0	trials	7.0	0.0	0.0	0.0	0.0	0.0	True	40.0	0.0	0.005	[40107400.2051019, 40107690.20605989, 40107979.207014576, 40108269.207972564, 40108559.20893055, 40108848.20988523, 40109137.21083992, 40109428.21180121, 40109718.2127592, 40110007.213713884, 40110297.21467187, 40110586.21562656, 40110876.21658455, 40111165.217539236, 40111455.21849722, 40111744.21945191, 40112034.22040989, 40112324.22136788, 40112614.22232587, 40112903.22328056]	0.0	0.0	0.0
3471.982398285764	2.0	trials	7.0	0.0	0.0	0.0	0.0	0.0	True	40.0	0.0	0.005	[40193092.48817755, 40193383.48913884, 40193672.49009353, 40193962.49105152, 40194251.4920062, 40194541.49296419, 40194830.49391887, 40195120.49487686, 40195409.49583155, 40195699.49678954, 40195989.497747526, 40196278.498702206, 40196568.499660194, 40196857.50061489, 40197148.50157617, 40197438.50253416, 40197726.503485546, 40198016.504443526, 40198306.50540152, 40198595.50635621]	0.0	0.0	0.0
3480.4485030527253	2.0	trials	7.0	0.0	0.0	0.0	0.0	0.0	True	40.0	0.0	0.005	[40291080.81187191, 40291370.8128299, 40291658.81378128, 40291948.814739265, 40292238.81569725, 40292527.81665194, 40292818.81761323, 40293107.81856792, 40293396.8195226, 40293686.820480585, 40293976.82143857, 40294265.82239326, 40294555.82335126, 40294845.82430924, 40295135.82526723, 40295424.82622191, 40295713.8271766, 40296004.82813789, 40296292.82908927, 40296582.83004726]	0.0	0.0	0.0
3488.968175996644	2.0	trials	7.0	0.0	0.0	0.0	0.0	0.0	True	40.0	0.0	0.005	[40389686.13760447, 40389977.13856576, 40390266.139520444, 40390557.14048173, 40390846.14143641, 40391135.14239111, 40391425.143349096, 40391715.144307084, 40392004.145261765, 40392294.14621975, 40392584.14717774, 40392874.14813573, 40393163.14909042, 40393452.150045104, 40393743.15100639, 40394031.15195777, 40394321.15291577, 40394611.15387375, 40394901.154831745, 40395191.15578973]	0.0	0.0	0.0
3496.6006044096353	2.0	trials	7.0	0.0	0.0	0.0	0.0	0.0	True	40.0	0.0	0.005	[40478026.42942754, 40478314.43037892, 40478605.43134022, 40478894.4322949, 40479184.433252886, 40479474.434210874, 40479763.43516556, 40480053.43612355, 40480342.43707824, 40480632.43803622, 40480922.438994214, 40481211.439948894, 40481501.44090688, 40481791.44186487, 40482080.44281956, 40482370.44377755, 40482660.444735534, 40482949.445690215, 40483239.4466482, 40483529.44760619]	0.0	0.0	0.0
3505.191557589021	2.0	trials	7.0	0.0	0.0	0.0	0.0	0.0	True	40.0	0.0	0.005	[40577458.75789201, 40577747.75884671, 40578036.75980139, 40578327.760762684, 40578616.761717364, 40578906.76267535, 40579195.76363004, 40579485.76458803, 40579774.76554271, 40580064.7665007, 40580353.767455384, 40580644.76841667, 40580933.76937136, 40581223.77032935, 40581512.77128404, 40581802.772242025, 40582092.77320001, 40582381.7741547, 40582671.77511268, 40582961.77607067]	0.0	0.0	0.0
3512.7108880284054	2.0	trials	7.0	0.0	0.0	0.0	0.0	0.0	True	40.0	0.0	0.005	[40664487.045381024, 40664776.04633571, 40665066.04729369, 40665356.04825168, 40665646.04920967, 40665936.05016766, 40666225.051122345, 40666515.05208033, 40666805.05303832, 40667094.05399301, 40667383.0549477, 40667673.05590568, 40667964.05686697, 40668253.05782166, 40668542.05877634, 40668831.05973103, 40669122.06069232, 40669412.061650306, 40669701.06260499, 40669991.06356298]	0.0	0.0	0.0
3518.208365388792	2.0	trials	7.0	0.0	0.0	0.0	0.0	0.0	True	40.0	0.0	0.005	[40728115.25557028, 40728406.25653157, 40728695.257486254, 40728985.258444235, 40729274.25939892, 40729564.26035691, 40729853.2613116, 40730144.26227289, 40730432.26322427, 40730722.264182255, 40731012.26514025, 40731301.26609494, 40731592.26705623, 40731882.26801421, 40732171.268968895, 40732461.26992689, 40732750.27088157, 40733040.27183955, 40733329.27279425, 40733619.273752235]	0.0	0.0	0.0
3525.600428207759	2.0	trials	7.0	0.0	0.0	0.0	0.0	0.0	True	40.0	0.0	0.005	[40813672.53819997, 40813961.53915465, 40814251.54011264, 40814541.541070625, 40814831.54202861, 40815120.54298329, 40815410.54394129, 40815699.54489597, 40815989.545853965, 40816279.546811946, 40816569.54776994, 40816858.54872463, 40817147.54967931, 40817437.55063729, 40817727.551595286, 40818016.55254997, 40818306.553507954, 40818595.55446264, 40818886.55542394, 40819175.55637862]	0.0	0.0	0.0
3533.8488906557595	2.0	trials	7.0	0.0	0.0	0.0	0.0	0.0	True	40.0	0.0	0.005	[40909140.85356973, 40909429.85452442, 40909719.85548241, 40910009.856440395, 40910298.85739508, 40910588.85835307, 40910877.85930775, 40911168.86026905, 40911456.86122043, 40911747.862181716, 40912036.8631364, 40912325.86409108, 40912616.86505238, 40912905.86600706, 40913195.866965055, 40913484.867919736, 40913774.868877724, 40914063.86983241, 40914354.8707937, 40914643.87174839]	0.0	0.0	0.0
3540.8213072884664	2.0	trials	7.0	0.0	0.0	0.0	0.0	0.0	True	40.0	0.0	0.005	[40989839.12014816, 40990130.12110945, 40990419.122064136, 40990708.12301882, 40990999.12398012, 40991288.1249348, 40991577.12588949, 40991868.12685078, 40992157.127805464, 40992446.12876015, 40992736.12971813, 40993025.13067282, 40993315.131630816, 40993605.1325888, 40993895.133546785, 40994184.13450147, 40994473.13545616, 40994764.13641745, 40995053.137372136, 40995343.13833012]	0.0	0.0	0.0
3549.722264691921	2.0	trials	7.0	0.0	0.0	0.0	0.0	0.0	True	40.0	0.0	0.005	[41092860.460468575, 41093149.461423256, 41093439.46238124, 41093729.46333923, 41094019.46429722, 41094308.46525191, 41094597.46620659, 41094887.467164576, 41095177.46812257, 41095466.46907726, 41095756.47003524, 41096046.470993236, 41096336.47195122, 41096625.4729059, 41096914.47386059, 41097205.47482187, 41097494.47577657, 41097784.476734556, 41098073.47768924, 41098363.478647225]	0.0	0.0	0.0
3557.531208888015	2.0	trials	7.0	0.0	0.0	0.0	0.0	0.0	True	40.0	0.0	0.005	[41183240.759030595, 41183530.75998859, 41183820.76094657, 41184110.76190457, 41184399.76285925, 41184689.763817236, 41184978.76477192, 41185267.76572661, 41185557.76668459, 41185846.76763928, 41186136.76859727, 41186426.769555256, 41186716.77051325, 41187005.77146793, 41187295.77242592, 41187585.77338391, 41187875.774341896, 41188164.775296584, 41188454.77625457, 41188743.77720925]	0.0	0.0	0.0
3563.1293425809104	2.0	trials	7.0	0.0	0.0	0.0	0.0	0.0	True	40.0	0.0	0.005	[41248034.97307163, 41248323.97402631, 41248612.974980995, 41248903.975942284, 41249192.97689697, 41249482.97785496, 41249772.978812955, 41250060.979764335, 41250350.98072232, 41250640.98168031, 41250930.9826383, 41251219.98359298, 41251509.98455097, 41251799.985508956, 41252088.98646364, 41252378.98742163, 41252668.98837962, 41252958.98933761, 41253247.99029229, 41253537.99125028]	0.0	0.0	0.0
3571.8581906158183	2.0	trials	7.0	0.0	0.0	0.0	0.0	0.0	True	40.0	0.0	0.005	[41349063.30680834, 41349352.307763025, 41349642.30872102, 41349931.3096757, 41350220.31063039, 41350510.31158838, 41350800.312546365, 41351090.31350435, 41351380.31446234, 41351669.31541702, 41351958.31637171, 41352248.3173297, 41352537.31828438, 41352827.31924237, 41353117.32020036, 41353406.32115505, 41353696.32211304, 41353986.323071025, 41354276.32402901, 41354566.324987]	0.0	0.0	0.0
3580.5620689682414	2.0	trials	7.0	0.0	0.0	0.0	0.0	0.0	True	40.0	0.0	0.005	[41449802.639590375, 41450091.64054506, 41450381.64150305, 41450671.64246104, 41450960.64341572, 41451250.64437371, 41451540.645331696, 41451829.64628638, 41452119.64724437, 41452409.64820236, 41452698.64915705, 41452988.650115035, 41453277.651069716, 41453567.652027704, 41453857.65298569, 41454147.65394368, 41454436.65489837, 41454726.655856356, 41455016.656814344, 41455304.657765724]	0.0	0.0	0.0
3589.4030645736184	2.0	trials	7.0	0.0	0.0	0.0	0.0	0.0	True	40.0	0.0	0.005	[41552128.97761492, 41552417.978569604, 41552707.97952759, 41552997.98048558, 41553286.98144026, 41553576.98239826, 41553866.98335624, 41554155.984310925, 41554445.98526891, 41554734.9862236, 41555024.98718158, 41555313.98813627, 41555604.98909756, 41555894.99005555, 41556182.99100693, 41556472.99196492, 41556762.99292291, 41557051.9938776, 41557342.99483889, 41557631.995793566]	0.0	0.0	0.0
3597.6172261083098	2.0	trials	7.0	0.0	0.0	0.0	0.0	0.0	True	40.0	0.0	0.005	[41647199.29166993, 41647488.292624615, 41647777.293579295, 41648069.29454389, 41648358.29549857, 41648648.29645656, 41648938.29741455, 41649227.298369244, 41649517.29932723, 41649806.30028191, 41650095.30123659, 41650385.30219459, 41650675.303152576, 41650965.304110564, 41651255.30506855, 41651544.30602323, 41651833.30697793, 41652124.30793921, 41652412.30889059, 41652702.309848584]	0.0	0.0	0.0
3602.8073776534757	2.0	trials	7.0	0.0	0.0	0.0	0.0	0.0	True	40.0	0.0	0.005	[41707271.49011226, 41707561.49107025, 41707851.49202824, 41708140.492982924, 41708429.493937604, 41708719.49489559, 41709008.49585029, 41709298.49680827, 41709588.497766264, 41709878.49872425, 41710167.499678925, 41710457.50063692, 41710747.50159491, 41711035.50254629, 41711326.503507584, 41711615.504462264, 41711905.50542025, 41712195.50637824, 41712485.50733623, 41712774.50829092]	0.0	0.0	0.0
3609.119782505896	2.0	trials	7.0	0.0	0.0	0.0	0.0	0.0	True	40.0	0.0	0.005	[41780330.73145596, 41780620.73241394, 41780909.73336863, 41781199.73432662, 41781489.735284604, 41781779.7362426, 41782068.73719728, 41782358.73815526, 41782648.73911326, 41782937.740067944, 41783229.74103254, 41783517.74198392, 41783806.7429386, 41784096.74389659, 41784386.74485458, 41784676.745812565, 41784965.74676726, 41785255.74772524, 41785544.74867992, 41785834.74963792]	0.0	0.0	0.0
3616.62140088677	2.0	trials	7.0	0.0	0.0	0.0	0.0	0.0	True	40.0	0.0	0.005	[41867155.018271066, 41867446.019232355, 41867735.02018704, 41868024.02114172, 41868314.02209971, 41868603.0230544, 41868893.02401239, 41869182.024967074, 41869472.02592506, 41869762.02688305, 41870052.02784104, 41870341.02879573, 41870631.029753715, 41870920.030708395, 41871210.03166638, 41871499.03262107, 41871789.03357906, 41872079.03453705, 41872369.035495035, 41872659.03645302]	0.0	0.0	0.0
3624.6720066811695	2.0	trials	7.0	0.0	0.0	0.0	0.0	0.0	True	40.0	0.0	0.005	[41960333.32607603, 41960623.32703402, 41960913.32799201, 41961203.32894999, 41961492.329904675, 41961782.33086267, 41962072.33182065, 41962361.33277534, 41962651.33373333, 41962940.334688015, 41963230.335646, 41963520.33660399, 41963809.33755867, 41964099.33851666, 41964388.33947135, 41964678.340429336, 41964968.341387324, 41965257.342342004, 41965547.34329999, 41965837.34425799]	0.0	0.0	0.0
3630.0420436205695	2.0	trials	7.0	0.0	0.0	0.0	0.0	0.0	True	40.0	0.0	0.005	[42022487.531396054, 42022776.53235074, 42023066.53330873, 42023355.53426342, 42023645.535221405, 42023934.536176085, 42024225.53713738, 42024514.53809207, 42024804.53905005, 42025093.54000474, 42025384.54096603, 42025673.541920714, 42025962.542875394, 42026252.54383339, 42026541.54478808, 42026832.54574937, 42027121.546704054, 42027411.54766204, 42027700.54861672, 42027990.54957471]	0.0	0.0	0.0
3638.3223877738883	2.0	trials	7.0	0.0	0.0	0.0	0.0	0.0	True	40.0	0.0	0.005	[42118323.84798148, 42118613.84893946, 42118902.84989415, 42119192.85085215, 42119482.85181013, 42119771.852764815, 42120061.8537228, 42120350.85467749, 42120640.85563547, 42120930.85659347, 42121220.85755145, 42121509.858506136, 42121799.859464124, 42122089.86042211, 42122379.8613801, 42122668.86233479, 42122958.863292776, 42123247.86424746, 42123537.865205444, 42123827.86616344]	0.0	0.0	0.0
3644.3036203323136	2.0	trials	7.0	0.0	0.0	0.0	0.0	0.0	True	40.0	0.0	0.005	[42187551.07666651, 42187841.0776245, 42188131.07858249, 42188420.079537176, 42188711.080498464, 42189000.08145315, 42189289.08240783, 42189579.08336583, 42189869.08432381, 42190158.085278496, 42190448.08623649, 42190737.08719117, 42191028.08815247, 42191317.08910715, 42191607.09006514, 42191896.091019824, 42192186.09197781, 42192475.09293249, 42192766.09389379, 42193055.09484847]	0.0	0.0	0.0
3650.792713768408	2.0	trials	7.0	0.0	0.0	0.0	0.0	0.0	True	40.0	0.0	0.005	[42262656.32476898, 42262946.32572697, 42263236.32668496, 42263525.32763965, 42263815.32859763, 42264105.32955562, 42264395.33051361, 42264683.33146499, 42264974.33242628, 42265263.33338097, 42265552.334335655, 42265843.335296944, 42266132.336251624, 42266421.33720631, 42266711.33816431, 42267001.33912229, 42267291.34008028, 42267581.341038264, 42267869.34198965, 42268159.34294763]	0.0	0.0	0.0
3659.3875549606378	2.0	trials	7.0	0.0	0.0	0.0	0.0	0.0	True	40.0	0.0	0.005	[42362133.653382115, 42362422.6543368, 42362713.65529809, 42363002.65625278, 42363292.65721076, 42363582.658168755, 42363872.65912674, 42364161.660081424, 42364450.661036104, 42364740.6619941, 42365029.66294878, 42365319.663906775, 42365609.664864756, 42365899.665822744, 42366189.66678073, 42366477.66773212, 42366768.668693416, 42367058.6696514, 42367347.67060608, 42367637.67156407]	0.0	0.0	0.0
3667.241945706861	2.0	trials	7.0	0.0	0.0	0.0	0.0	0.0	True	40.0	0.0	0.005	[42453041.95368834, 42453331.95464633, 42453621.955604315, 42453910.956559, 42454200.95751699, 42454489.95847167, 42454779.95942967, 42455068.96038435, 42455358.961342335, 42455648.96230033, 42455937.96325501, 42456227.964213, 42456517.96517099, 42456807.96612897, 42457095.967080355, 42457385.96803834, 42457675.96899633, 42457964.96995102, 42458255.97091231, 42458545.9718703]	0.0	0.0	0.0
3673.8903612692607	2.0	trials	7.0	0.0	0.0	0.0	0.0	0.0	True	40.0	0.0	0.005	[42529991.20788229, 42530281.20884028, 42530570.20979497, 42530859.210749656, 42531150.211710945, 42531440.212668926, 42531729.21362361, 42532019.21458161, 42532310.2155429, 42532598.21649428, 42532887.217448965, 42533177.21840695, 42533466.21936163, 42533756.22031963, 42534045.22127431, 42534335.2222323, 42534626.223193586, 42534914.22414497, 42535205.22510626, 42535494.22606095]	0.0	0.0	0.0
3680.5693625326976	2.0	trials	7.0	0.0	0.0	0.0	0.0	0.0	True	40.0	0.0	0.005	[42607293.46324235, 42607582.46419703, 42607873.46515833, 42608163.46611631, 42608452.467071, 42608742.468028985, 42609031.46898367, 42609321.46994166, 42609611.47089965, 42609900.47185433, 42610189.47280902, 42610479.473767005, 42610769.47472499, 42611059.47568299, 42611348.47663767, 42611637.47759235, 42611927.478550345, 42612218.479511626, 42612507.48046632, 42612796.481421]	0.0	0.0	0.0
3686.0823055441733	2.0	trials	7.0	0.0	0.0	0.0	0.0	0.0	True	40.0	0.0	0.005	[42671101.67402621, 42671390.6749809, 42671679.67593558, 42671969.67689357, 42672259.67785156, 42672548.67880625, 42672837.67976093, 42673127.68071891, 42673417.68167691, 42673707.68263489, 42673996.68358958, 42674286.68454757, 42674576.685505554, 42674866.68646355, 42675155.68741823, 42675445.68837622, 42675734.689330906, 42676024.690288894, 42676314.69124688, 42676604.69220487]	0.0	0.0	0.0
3694.332323197312	2.0	trials	7.0	0.0	0.0	0.0	0.0	0.0	True	40.0	0.0	0.005	[42766587.98945544, 42766876.99041013, 42767166.99136812, 42767457.992329404, 42767745.99328079, 42768035.99423878, 42768325.99519677, 42768614.99615145, 42768903.997106135, 42769194.99806743, 42769483.99902211, 42769773.9999801, 42770063.00093479, 42770353.00189278, 42770642.00284746, 42770933.00380876, 42771222.00476344, 42771512.00572142, 42771801.00667611, 42772091.0076341]	0.0	0.0	0.0
3703.2123717316963	2.0	trials	7.0	0.0	0.0	0.0	0.0	0.0	True	40.0	0.0	0.005	[42869366.32897312, 42869655.32992781, 42869945.330885805, 42870234.33184048, 42870524.33279847, 42870813.33375316, 42871103.33471115, 42871393.33566914, 42871682.33662382, 42871972.337581806, 42872261.33853649, 42872551.33949448, 42872842.34045577, 42873130.34140716, 42873421.34236845, 42873711.343326434, 42874000.34428112, 42874290.3452391, 42874579.34619379, 42874869.34715178]	0.0	0.0	0.0
3711.1144554354682	2.0	trials	7.0	0.0	0.0	0.0	0.0	0.0	True	40.0	0.0	0.005	[42960825.63109953, 42961114.63205421, 42961403.6330089, 42961693.63396689, 42961983.63492487, 42962272.63587956, 42962562.63683755, 42962852.63779554, 42963142.638753526, 42963432.639711514, 42963720.64066289, 42964010.64162089, 42964300.64257887, 42964589.64353356, 42964880.64449485, 42965169.645449534, 42965459.64640753, 42965748.64736221, 42966038.64832019, 42966328.649278186]	0.0	0.0	0.0
3719.1004338163784	2.0	trials	7.0	0.0	0.0	0.0	0.0	0.0	True	40.0	0.0	0.005	[43053255.93643354, 43053544.93738823, 43053834.938346215, 43054124.9393042, 43054413.94025889, 43054703.94121688, 43054992.942171566, 43055282.943129554, 43055572.94408754, 43055862.94504553, 43056151.94600022, 43056441.9469582, 43056731.947916195, 43057020.948870875, 43057309.94982556, 43057600.95078685, 43057889.95174154, 43058179.95269952, 43058469.953657515, 43058758.954612195]	0.0	0.0	0.0
3727.863150763169	2.0	trials	7.0	0.0	0.0	0.0	0.0	0.0	True	40.0	0.0	0.005	[43154676.2714652, 43154966.272423185, 43155255.27337787, 43155544.27433255, 43155834.27529054, 43156124.27624853, 43156414.27720652, 43156703.278161205, 43156993.27911919, 43157282.28007388, 43157572.28103187, 43157862.28198985, 43158151.28294454, 43158441.28390253, 43158731.284860514, 43159020.2858152, 43159310.28677319, 43159600.28773118, 43159889.28868586, 43160179.289643854]	0.0	0.0	0.0
3736.4741488087716	2.0	trials	7.0	0.0	0.0	0.0	0.0	0.0	True	40.0	0.0	0.005	[43254340.60069607, 43254630.60165405, 43254919.60260873, 43255209.60356673, 43255498.604521416, 43255788.605479404, 43256077.60643408, 43256368.60739538, 43256657.60835006, 43256946.60930475, 43257236.61026274, 43257525.61121742, 43257816.61217871, 43258106.6131367, 43258395.61409139, 43258684.61504607, 43258974.61600406, 43259264.616962045, 43259554.61792003, 43259843.61887472]	0.0	0.0	0.0
3744.493045698424	2.0	trials	7.0	0.0	0.0	0.0	0.0	0.0	True	40.0	0.0	0.005	[43347150.90728538, 43347440.908243366, 43347730.909201354, 43348019.91015604, 43348309.91111402, 43348599.91207202, 43348888.9130267, 43349178.913984686, 43349468.914942674, 43349757.91589736, 43350046.91685204, 43350337.91781334, 43350627.91877133, 43350916.919726014, 43351206.920683995, 43351495.92163868, 43351785.92259668, 43352074.92355136, 43352364.92450934, 43352654.925467335]	0.0	0.0	0.0
3752.56240035476	2.0	trials	7.0	0.0	0.0	0.0	0.0	0.0	True	40.0	0.0	0.005	[43440546.21580718, 43440836.216765165, 43441126.21772315, 43441416.21868114, 43441705.21963583, 43441995.22059382, 43442284.2215485, 43442573.22250319, 43442863.22346117, 43443153.22441916, 43443443.22537715, 43443732.22633184, 43444022.227289826, 43444312.22824781, 43444601.229202494, 43444891.23016049, 43445181.23111848, 43445470.23207316, 43445760.233031146, 43446050.233989134]	0.0	0.0	0.0
3758.6168139549313	2.0	trials	7.0	0.0	0.0	0.0	0.0	0.0	True	40.0	0.0	0.005	[43510620.447290204, 43510909.448244885, 43511200.44920617, 43511490.45016416, 43511778.45111555, 43512068.45207354, 43512358.453031525, 43512648.45398951, 43512937.45494419, 43513227.45590218, 43513517.45686017, 43513807.457818165, 43514096.458772846, 43514385.45972753, 43514675.46068552, 43514964.4616402, 43515255.4626015, 43515543.46355288, 43515834.464514166, 43516124.465472154]	0.0	0.0	0.0
3766.578773056496	2.0	trials	7.0	0.0	0.0	0.0	0.0	0.0	True	40.0	0.0	0.005	[43602773.75170917, 43603062.75266385, 43603352.75362184, 43603642.75457983, 43603931.755534515, 43604221.7564925, 43604510.75744718, 43604801.75840849, 43605090.75936317, 43605379.760317855, 43605669.76127584, 43605959.76223383, 43606248.76318851, 43606538.7641465, 43606827.76510119, 43607118.766062476, 43607407.76701716, 43607696.76797184, 43607986.76892983, 43608277.76989113]	0.0	0.0	0.0
3775.3033010771333	2.0	trials	7.0	0.0	0.0	0.0	0.0	0.0	True	40.0	0.0	0.005	[43703751.08527741, 43704041.086235404, 43704330.087190084, 43704620.08814808, 43704909.08910276, 43705200.09006405, 43705489.09101874, 43705778.091973424, 43706069.09293471, 43706358.0938894, 43706648.09484738, 43706937.09580207, 43707227.09676006, 43707516.097714745, 43707806.09867273, 43708096.09963072, 43708385.10058541, 43708675.1015434, 43708965.102501385, 43709255.10345937]	0.0	0.0	0.0
3782.72534479514	2.0	trials	7.0	0.0	0.0	0.0	0.0	0.0	True	40.0	0.0	0.005	[43789654.369050086, 43789944.37000807, 43790234.370966054, 43790523.37192074, 43790813.37287873, 43791102.37383342, 43791392.374791406, 43791682.375749394, 43791971.376704074, 43792261.37766207, 43792550.37861675, 43792840.37957474, 43793130.38053273, 43793419.381487414, 43793709.3824454, 43793999.38340339, 43794288.38435807, 43794578.38531607, 43794867.386270754, 43795157.387228735]	0.0	0.0	0.0
3788.552266443814	2.0	trials	7.0	0.0	0.0	0.0	0.0	0.0	True	40.0	0.0	0.005	[43857096.59183853, 43857386.59279653, 43857675.59375121, 43857965.594709195, 43858254.59566388, 43858545.596625164, 43858833.59757655, 43859124.59853785, 43859414.599495836, 43859703.60045052, 43859992.6014052, 43860281.60235988, 43860572.60332118, 43860862.60427917, 43861151.60523385, 43861440.606188536, 43861730.607146524, 43862020.60810451, 43862310.6090625, 43862599.61001719]	0.0	0.0	0.0
3793.825448663263	2.0	trials	7.0	0.0	0.0	0.0	0.0	0.0	True	40.0	0.0	0.005	[43918127.793448836, 43918417.794406824, 43918707.795364805, 43918997.7963228, 43919286.79727749, 43919576.798235476, 43919866.79919346, 43920155.800148144, 43920445.80110614, 43920734.80206082, 43921025.80302212, 43921313.803973496, 43921603.804931484, 43921893.805889465, 43922183.80684746, 43922473.80780545, 43922762.80876013, 43923052.80971812, 43923341.810672805, 43923631.8116308]	0.0	0.0	0.0
3813.6181988467056	2.0	trials	8.0	0.0	0.0	0.0	0.0	0.0	True	40.0	0.0	0.005	[44147210.55020018, 44147501.55116147, 44147790.552116156, 44148079.55307084, 44148369.554028824, 44148659.55498682, 44148948.5559415, 44149238.55689949, 44149528.557857476, 44149817.558812164, 44150107.55977015, 44150397.56072814, 44150687.56168613, 44150976.562640816, 44151266.5635988, 44151556.56455679, 44151845.56551148, 44152134.56646616, 44152424.56742414, 44152714.56838214]	0.0	0.0	0.0
3819.262124690871	2.0	trials	8.0	0.0	0.0	0.0	0.0	0.0	True	40.0	0.0	0.005	[44212534.765992016, 44212823.766946696, 44213113.767904684, 44213403.76886267, 44213692.76981736, 44213982.77077535, 44214272.771733336, 44214561.77268802, 44214850.773642704, 44215141.77460399, 44215430.77555868, 44215720.77651667, 44216010.77747466, 44216300.77843265, 44216589.77938733, 44216879.78034531, 44217168.78130001, 44217458.782258, 44217747.78321268, 44218037.784170665]	0.0	0.0	0.0
3825.308503064499	2.0	trials	8.0	0.0	0.0	0.0	0.0	0.0	True	40.0	0.0	0.005	[44282515.99716781, 44282804.9981225, 44283093.99907718, 44283384.000035174, 44283673.00098986, 44283963.00194785, 44284253.00290584, 44284543.00386383, 44284833.004821815, 44285122.005776495, 44285412.00673449, 44285701.00768917, 44285991.00864716, 44286281.00960515, 44286571.010563135, 44286860.011517815, 44287150.01247581, 44287439.01343049, 44287729.01438848, 44288018.01534317]	0.0	0.0	0.0
3830.6224662186637	2.0	trials	8.0	0.0	0.0	0.0	0.0	0.0	True	40.0	0.0	0.005	[44344019.20033733, 44344309.201295316, 44344598.20225, 44344888.203207985, 44345178.20416597, 44345468.20512397, 44345756.20607535, 44346047.20703664, 44346336.207991324, 44346626.20894931, 44346915.20990399, 44347205.21086198, 44347495.21181997, 44347784.21277466, 44348075.213735946, 44348364.21469063, 44348654.21564863, 44348943.21660331, 44349233.2175613, 44349523.218519285]	0.0	0.0	0.0
3837.2010703504484	2.0	trials	8.0	0.0	0.0	0.0	0.0	0.0	True	40.0	0.0	0.005	[44420161.45186543, 44420450.452820115, 44420741.45378141, 44421030.45473609, 44421320.45569408, 44421609.45664876, 44421899.457606755, 44422188.458561435, 44422478.45951942, 44422767.46047411, 44423058.4614354, 44423347.46239009, 44423637.463348076, 44423926.464302756, 44424216.465260744, 44424506.46621873, 44424795.46717342, 44425085.468131416, 44425375.4690894, 44425664.470044084]	0.0	0.0	0.0
3842.706496537094	2.0	trials	8.0	0.0	0.0	0.0	0.0	0.0	True	40.0	0.0	0.005	[44483881.6623586, 44484171.663316585, 44484461.66427457, 44484750.66522925, 44485040.66618725, 44485329.66714193, 44485619.66809992, 44485908.669054605, 44486198.67001259, 44486488.67097058, 44486778.67192857, 44487067.67288325, 44487357.67384124, 44487646.674795926, 44487936.675753914, 44488226.6767119, 44488515.67766659, 44488805.67862458, 44489094.679579265, 44489384.680537246]	0.0	0.0	0.0
3849.7325677470426	2.0	trials	8.0	0.0	0.0	0.0	0.0	0.0	True	40.0	0.0	0.005	[44565200.93098844, 44565490.931946434, 44565780.932904415, 44566070.93386241, 44566359.93481709, 44566649.93577507, 44566938.93672977, 44567228.937687755, 44567517.938642435, 44567808.93960373, 44568097.94055841, 44568386.9415131, 44568676.94247109, 44568966.943429075, 44569256.94438706, 44569545.94534175, 44569835.94629973, 44570124.94725443, 44570414.948212415, 44570704.9491704]	0.0	0.0	0.0
3857.9406812617544	2.0	trials	8.0	0.0	0.0	0.0	0.0	0.0	True	40.0	0.0	0.005	[44660203.244818814, 44660492.24577351, 44660782.2467315, 44661072.24768948, 44661362.248647474, 44661651.249602154, 44661940.25055684, 44662230.25151483, 44662520.25247282, 44662810.253430806, 44663099.25438549, 44663389.255343474, 44663678.25629816, 44663968.25725615, 44664257.25821084, 44664548.25917213, 44664837.260126814, 44665127.2610848, 44665416.26203949, 44665706.26299748]	0.0	0.0	0.0
3863.847177573296	2.0	trials	8.0	0.0	0.0	0.0	0.0	0.0	True	40.0	0.0	0.005	[44728564.47064311, 44728854.47160109, 44729144.47255908, 44729433.47351377, 44729723.47447175, 44730013.47542974, 44730303.47638773, 44730593.47734572, 44730881.4782971, 44731171.47925509, 44731461.480213076, 44731751.481171064, 44732040.48212575, 44732330.48308374, 44732619.48403843, 44732909.48499641, 44733198.485951096, 44733488.48690909, 44733778.48786707, 44734068.48882507]	0.0	0.0	0.0
3871.8369575667643	2.0	trials	8.0	0.0	0.0	0.0	0.0	0.0	True	40.0	0.0	0.005	[44821039.776125774, 44821328.777080454, 44821618.77803844, 44821908.77899643, 44822198.77995442, 44822488.78091241, 44822777.781867094, 44823067.78282508, 44823356.78377976, 44823646.78473776, 44823936.78569574, 44824225.786650434, 44824515.78760842, 44824805.78856641, 44825094.78952109, 44825383.79047578, 44825674.79143707, 44825963.792391755, 44826253.79334974, 44826543.79430773]	0.0	0.0	0.0
3879.186943446734	2.0	trials	8.0	0.0	0.0	0.0	0.0	0.0	True	40.0	0.0	0.005	[44906109.0571434, 44906398.05809808, 44906688.05905607, 44906978.06001406, 44907267.06096874, 44907557.06192673, 44907846.06288142, 44908137.06384271, 44908425.06479409, 44908716.06575539, 44909005.06671007, 44909295.06766805, 44909585.068626046, 44909874.069580734, 44910164.070538715, 44910453.0714934, 44910743.07245139, 44911033.07340938, 44911323.07436737, 44911611.075318746]	0.0	0.0	0.0
3888.0311358626714	2.0	trials	8.0	0.0	0.0	0.0	0.0	0.0	True	40.0	0.0	0.005	[45008472.395290166, 45008761.39624485, 45009051.39720284, 45009341.39816083, 45009630.39911551, 45009920.4000735, 45010209.401028186, 45010500.401989475, 45010789.40294416, 45011078.40389885, 45011369.40486014, 45011658.40581483, 45011948.40677281, 45012236.407724194, 45012527.40868548, 45012816.40964017, 45013106.41059816, 45013395.41155285, 45013686.412514135, 45013976.41347212]	0.0	0.0	0.0
3896.30525919544	2.0	trials	8.0	0.0	0.0	0.0	0.0	0.0	True	40.0	0.0	0.005	[45104236.71163774, 45104526.71259573, 45104815.71355042, 45105105.71450841, 45105395.715466395, 45105684.71642108, 45105974.71737906, 45106263.71833375, 45106553.71929174, 45106842.72024643, 45107132.72120441, 45107423.722165704, 45107712.723120384, 45108001.72407507, 45108292.72503637, 45108581.72599105, 45108870.72694574, 45109160.72790372, 45109450.72886171, 45109739.7298164]	0.0	0.0	0.0
3901.4771802803834	2.0	trials	8.0	0.0	0.0	0.0	0.0	0.0	True	40.0	0.0	0.005	[45164096.90937975, 45164386.91033774, 45164677.911299035, 45164966.912253715, 45165256.9132117, 45165545.91416639, 45165834.91512107, 45166124.91607907, 45166413.917033754, 45166704.91799504, 45166993.91894973, 45167283.91990771, 45167572.9208624, 45167862.92182039, 45168152.922778375, 45168441.92373306, 45168731.92469105, 45169021.92564904, 45169310.92660373, 45169600.92756171]	0.0	0.0	0.0
3907.130005353946	2.0	trials	8.0	0.0	0.0	0.0	0.0	0.0	True	40.0	0.0	0.005	[45229524.12551184, 45229813.12646652, 45230102.12742121, 45230392.128379196, 45230681.129333876, 45230971.13029187, 45231261.13124985, 45231551.13220784, 45231840.133162536, 45232130.134120524, 45232420.13507851, 45232709.13603319, 45232999.13699118, 45233289.13794917, 45233578.13890386, 45233868.139861844, 45234158.14081983, 45234447.14177451, 45234737.1427325, 45235027.1436905]	0.0	0.0	0.0
3914.5331274094465	2.0	trials	8.0	0.0	0.0	0.0	0.0	0.0	True	40.0	0.0	0.005	[45315207.40855776, 45315497.409515746, 45315787.410473734, 45316077.41143173, 45316367.41238971, 45316656.41334439, 45316946.41430239, 45317235.415257074, 45317525.416215055, 45317815.41717305, 45318104.41812773, 45318393.41908242, 45318684.42004371, 45318973.420998394, 45319262.421953075, 45319553.42291437, 45319842.42386905, 45320132.42482704, 45320421.42578173, 45320711.426739715]	0.0	0.0	0.0
3923.5754356798407	2.0	trials	8.0	0.0	0.0	0.0	0.0	0.0	True	40.0	0.0	0.005	[45419864.75428254, 45420154.75524054, 45420443.75619522, 45420733.7571532, 45421023.758111194, 45421312.75906588, 45421602.76002386, 45421891.76097855, 45422181.76193654, 45422471.762894526, 45422760.76384921, 45423050.7648072, 45423340.76576519, 45423629.76671987, 45423919.76767786, 45424209.768635854, 45424498.769590534, 45424788.77054852, 45425077.77150321, 45425367.7724612]	0.0	0.0	0.0
3930.5532955305275	2.0	trials	8.0	0.0	0.0	0.0	0.0	0.0	True	40.0	0.0	0.005	[45500627.02107239, 45500915.022023775, 45501205.02298176, 45501495.02393975, 45501785.02489774, 45502074.02585242, 45502365.026813716, 45502654.027768396, 45502943.02872308, 45503234.02968437, 45503522.03063575, 45503812.03159375, 45504102.032551736, 45504391.033506416, 45504681.034464404, 45504971.03542239, 45505261.03638038, 45505551.03733837, 45505839.038289756, 45506130.039251044]	0.0	0.0	0.0
3937.5802307433314	2.0	trials	8.0	0.0	0.0	0.0	0.0	0.0	True	40.0	0.0	0.005	[45581957.28973857, 45582247.29069657, 45582536.29165124, 45582826.29260923, 45583115.293563925, 45583405.29452191, 45583694.29547659, 45583984.29643458, 45584274.29739257, 45584564.29835056, 45584854.299308546, 45585143.30026323, 45585433.30122122, 45585722.3021759, 45586012.30313389, 45586302.304091886, 45586591.305046566, 45586880.306001246, 45587170.30695924, 45587460.30791723]	0.0	0.0	0.0
3944.983525599402	2.0	trials	8.0	0.0	0.0	0.0	0.0	0.0	True	40.0	0.0	0.005	[45667643.5727944, 45667933.57375239, 45668222.574707076, 45668512.575665064, 45668801.57661975, 45669090.57757444, 45669381.57853572, 45669669.57948711, 45669959.580445096, 45670249.581403084, 45670539.58236107, 45670829.58331906, 45671118.58427375, 45671408.58523174, 45671698.586189725, 45671987.58714441, 45672277.58810239, 45672567.58906038, 45672856.590015076, 45673146.59097306]	0.0	0.0	0.0
3950.4797933557925	2.0	trials	8.0	0.0	0.0	0.0	0.0	0.0	True	40.0	0.0	0.005	[45731256.78293411, 45731546.783892095, 45731836.78485008, 45732126.78580807, 45732415.78676275, 45732705.78772075, 45732995.78867873, 45733284.789633416, 45733574.790591404, 45733863.79154609, 45734153.79250407, 45734443.79346207, 45734732.79441675, 45735022.795374736, 45735311.796329424, 45735601.79728741, 45735891.79824541, 45736180.79920009, 45736471.800161384, 45736760.801116064]	0.0	0.0	0.0
3957.6138649225104	2.0	trials	8.0	0.0	0.0	0.0	0.0	0.0	True	40.0	0.0	0.005	[45813826.05569321, 45814118.056657806, 45814407.05761249, 45814697.05857048, 45814986.05952516, 45815276.06048315, 45815566.061441146, 45815855.062395826, 45816145.063353814, 45816435.0643118, 45816724.06526649, 45817013.06622117, 45817304.06718247, 45817593.06813715, 45817883.069095135, 45818172.07004982, 45818462.07100781, 45818751.0719625, 45819042.07292379, 45819331.073878475]	0.0	0.0	0.0
3964.2901877770996	2.0	trials	8.0	0.0	0.0	0.0	0.0	0.0	True	40.0	0.0	0.005	[45891099.31095747, 45891389.31191546, 45891679.312873445, 45891968.31382813, 45892257.31478281, 45892548.31574411, 45892837.31669879, 45893127.31765678, 45893416.318611465, 45893706.31956945, 45893996.32052744, 45894285.32148213, 45894576.32244342, 45894865.323398106, 45895155.324356094, 45895444.325310774, 45895733.32626546, 45896024.32722675, 45896313.32818144, 45896603.32913943]	0.0	0.0	0.0
3971.7223403284997	2.0	trials	8.0	0.0	0.0	0.0	0.0	0.0	True	40.0	0.0	0.005	[45977119.59511663, 45977409.596074626, 45977698.597029306, 45977987.59798399, 45978278.59894528, 45978568.59990328, 45978857.60085796, 45979147.60181595, 45979436.602770634, 45979726.60372862, 45980016.6046866, 45980306.6056446, 45980595.606599286, 45980885.60755727, 45981174.608511955, 45981464.60946994, 45981753.61042463, 45982043.61138262, 45982333.61234061, 45982622.61329529]	0.0	0.0	0.0
3979.1259807857123	2.0	trials	8.0	0.0	0.0	0.0	0.0	0.0	True	40.0	0.0	0.005	[46062810.87818898, 46063098.87914037, 46063389.88010165, 46063679.88105964, 46063968.88201433, 46064257.882969014, 46064547.883927, 46064838.8848883, 46065127.88584298, 46065416.88679767, 46065706.887755655, 46065996.88871364, 46066286.88967163, 46066574.89062301, 46066864.89158101, 46067154.89253899, 46067444.89349698, 46067734.89445496, 46068024.89541295, 46068313.89636764]	0.0	0.0	0.0
3984.847666886751	2.0	trials	8.0	0.0	0.0	0.0	0.0	0.0	True	40.0	0.0	0.005	[46129033.096947275, 46129323.09790526, 46129613.09886325, 46129902.09981794, 46130192.10077593, 46130481.10173061, 46130771.102688596, 46131060.10364329, 46131351.10460457, 46131640.10555927, 46131930.10651725, 46132220.107475236, 46132509.10842992, 46132799.10938791, 46133088.11034259, 46133378.11130059, 46133668.112258576, 46133957.113213256, 46134247.114171244, 46134537.11512923]	0.0	0.0	0.0
3990.432322135121	2.0	trials	8.0	0.0	0.0	0.0	0.0	0.0	True	40.0	0.0	0.005	[46193671.31047297, 46193960.31142766, 46194250.31238565, 46194540.31334364, 46194828.314295016, 46195118.315253004, 46195409.31621429, 46195697.31716568, 46195987.31812366, 46196277.31908166, 46196567.32003964, 46196856.320994325, 46197146.32195231, 46197435.322907, 46197725.32386498, 46198015.32482298, 46198304.325777665, 46198594.326735646, 46198884.32769364, 46199174.32865162]	0.0	0.0	0.0
3998.530275285929	2.0	trials	8.0	0.0	0.0	0.0	0.0	0.0	True	40.0	0.0	0.005	[46287396.620084904, 46287687.621046185, 46287976.62200088, 46288266.62295887, 46288555.62391355, 46288846.62487484, 46289135.625829525, 46289424.62678421, 46289714.6277422, 46290004.62870019, 46290293.62965488, 46290582.63060956, 46290872.631567545, 46291163.63252884, 46291452.63348352, 46291741.6344382, 46292032.6353995, 46292321.636354186, 46292610.637308866, 46292901.63827016]	0.0	0.0	0.0
4007.0314585687684	2.0	trials	8.0	0.0	0.0	0.0	0.0	0.0	True	40.0	0.0	0.005	[46385789.94511714, 46386078.94607182, 46386368.94702981, 46386658.947987795, 46386948.94894578, 46387238.94990377, 46387527.95085846, 46387816.95181315, 46388106.95277113, 46388396.95372912, 46388686.95468711, 46388976.95564509, 46389265.95659978, 46389555.95755777, 46389844.958512455, 46390134.95947044, 46390424.96042843, 46390713.96138312, 46391003.96234111, 46391292.96329579]	0.0	0.0	0.0
4013.0665185050075	2.0	trials	8.0	0.0	0.0	0.0	0.0	0.0	True	40.0	0.0	0.005	[46455640.1758602, 46455931.176821485, 46456220.17777617, 46456509.17873086, 46456800.17969215, 46457088.18064352, 46457379.181604825, 46457667.182556204, 46457957.18351419, 46458248.18447548, 46458537.18543017, 46458827.18638816, 46459116.18734284, 46459406.18830083, 46459695.18925551, 46459985.1902135, 46460275.19117149, 46460564.19212618, 46460855.193087466, 46461143.19403885]	0.0	0.0	0.0
4018.622056857194	2.0	trials	8.0	0.0	0.0	0.0	0.0	0.0	True	40.0	0.0	0.005	[46519942.38827594, 46520231.389230624, 46520521.39018861, 46520810.3911433, 46521099.39209799, 46521389.393055975, 46521679.39401396, 46521969.39497195, 46522258.39592664, 46522548.39688463, 46522837.39783931, 46523127.398797296, 46523417.399755284, 46523706.40070997, 46523995.40166465, 46524285.40262265, 46524575.40358063, 46524865.404538624, 46525155.40549661, 46525444.40645129]	0.0	0.0	0.0
4024.28611396786	2.0	trials	8.0	0.0	0.0	0.0	0.0	0.0	True	40.0	0.0	0.005	[46585496.60482756, 46585786.60578555, 46586076.60674354, 46586366.607701525, 46586655.60865621, 46586944.6096109, 46587234.61056889, 46587524.61152688, 46587813.61248156, 46588103.613439545, 46588393.61439753, 46588682.61535222, 46588972.61631021, 46589262.6172682, 46589551.61822288, 46589841.619180866, 46590131.620138854, 46590420.62109354, 46590710.62205153, 46590999.62300622]	0.0	0.0	0.0
4032.332226947419	2.0	trials	8.0	0.0	0.0	0.0	0.0	0.0	True	40.0	0.0	0.005	[46678622.912460744, 46678912.91341873, 46679202.91437672, 46679492.91533471, 46679781.9162894, 46680071.917247385, 46680361.91820537, 46680650.91916005, 46680940.92011804, 46681229.92107274, 46681519.92203072, 46681809.92298871, 46682098.92394339, 46682388.92490138, 46682678.92585937, 46682968.92681736, 46683257.927772045, 46683547.92873003, 46683836.92968471, 46684127.93064601]	0.0	0.0	0.0
4038.5781899803555	2.0	trials	8.0	0.0	0.0	0.0	0.0	0.0	True	40.0	0.0	0.005	[46750915.151270725, 46751205.15222871, 46751494.1531834, 46751784.15414139, 46752074.15509938, 46752363.15605406, 46752652.15700875, 46752942.15796674, 46753232.15892473, 46753522.15988272, 46753812.160840705, 46754101.161795385, 46754391.16275337, 46754680.16370806, 46754970.16466605, 46755259.16562073, 46755549.16657872, 46755839.167536706, 46756129.168494694, 46756418.16944938]	0.0	0.0	0.0
4047.134323844719	2.0	trials	8.0	0.0	0.0	0.0	0.0	0.0	True	40.0	0.0	0.005	[46849943.47840063, 46850233.47935862, 46850523.4803166, 46850813.4812746, 46851102.48222928, 46851391.483183965, 46851681.48414195, 46851971.48509994, 46852261.48605793, 46852551.48701592, 46852840.4879706, 46853129.488925286, 46853419.489883274, 46853708.49083796, 46853998.49179595, 46854289.49275724, 46854578.493711926, 46854867.494666606, 46855158.4956279, 46855446.49657928]	0.0	0.0	0.0
4055.36300062736	2.0	trials	8.0	0.0	0.0	0.0	0.0	0.0	True	40.0	0.0	0.005	[46945183.793017216, 46945472.7939719, 46945761.79492659, 46946051.79588458, 46946341.79684257, 46946630.797797255, 46946920.79875524, 46947210.799713224, 46947500.80067121, 46947789.8016259, 46948078.80258059, 46948369.80354188, 46948658.804496564, 46948947.80545125, 46949238.80641254, 46949527.80736723, 46949816.80832191, 46950106.8092799, 46950396.810237885, 46950686.81119587]	0.0	0.0	0.0
4063.460435376455	2.0	trials	8.0	0.0	0.0	0.0	0.0	0.0	True	40.0	0.0	0.005	[47038904.10261263, 47039193.10356732, 47039483.104525305, 47039772.105479985, 47040062.10643797, 47040352.10739596, 47040642.10835395, 47040931.10930864, 47041221.110266626, 47041511.111224614, 47041800.1121793, 47042090.11313729, 47042379.11409198, 47042669.115049966, 47042959.116007954, 47043248.116962634, 47043538.11792062, 47043827.11887531, 47044118.1198366, 47044407.120791286]	0.0	0.0	0.0
4069.869522148256	2.0	trials	8.0	0.0	0.0	0.0	0.0	0.0	True	40.0	0.0	0.005	[47113082.34765284, 47113372.348610826, 47113662.349568814, 47113951.3505235, 47114241.35148149, 47114531.35243948, 47114820.353394166, 47115110.35435215, 47115400.355310135, 47115689.35626483, 47115978.35721951, 47116269.358180806, 47116558.359135486, 47116848.36009347, 47117138.36105146, 47117427.36200615, 47117717.36296414, 47118006.363918826, 47118296.36487681, 47118585.365831494]	0.0	0.0	0.0
4078.4247056094796	2.0	trials	8.0	0.0	0.0	0.0	0.0	0.0	True	40.0	0.0	0.005	[47212100.6747497, 47212390.6757077, 47212679.67666238, 47212969.677620366, 47213259.678578354, 47213548.67953304, 47213838.68049103, 47214128.68144902, 47214418.68240701, 47214707.68336169, 47214996.684316374, 47215286.68527436, 47215576.68623235, 47215866.68719034, 47216155.68814503, 47216445.689103015, 47216735.690061, 47217024.69101569, 47217314.69197368, 47217603.69292836]	0.0	0.0	0.0
4084.1263468443017	2.0	trials	8.0	0.0	0.0	0.0	0.0	0.0	True	40.0	0.0	0.005	[47278091.89274491, 47278381.8937029, 47278671.89466089, 47278961.89561888, 47279250.89657356, 47279540.89753155, 47279829.898486234, 47280119.89944422, 47280409.90040221, 47280698.90135689, 47280988.90231489, 47281278.90327287, 47281567.904227555, 47281858.90518885, 47282147.90614354, 47282436.90709822, 47282726.90805621, 47283016.909014195, 47283305.90996888, 47283595.91092687]	0.0	0.0	0.0
4092.2427032559035	2.0	trials	8.0	0.0	0.0	0.0	0.0	0.0	True	40.0	0.0	0.005	[47372031.20306376, 47372321.20402176, 47372611.20497974, 47372901.20593773, 47373190.20689242, 47373480.20785041, 47373770.2088084, 47374059.20976308, 47374349.21072107, 47374638.211675756, 47374928.212633744, 47375217.213588424, 47375507.21454642, 47375797.2155044, 47376086.21645909, 47376376.217417076, 47376665.218371764, 47376955.219329745, 47377246.22029104, 47377535.22124573]	0.0	0.0	0.0
4098.3688290929695	2.0	trials	8.0	0.0	0.0	0.0	0.0	0.0	True	40.0	0.0	0.005	[47442936.43729192, 47443225.438246615, 47443514.43920129, 47443805.440162584, 47444094.441117264, 47444384.44207526, 47444673.44302995, 47444963.443987936, 47445252.44494262, 47445542.4459006, 47445832.446858585, 47446122.44781658, 47446411.44877127, 47446701.44972926, 47446991.45068725, 47447281.451645225, 47447570.452599905, 47447860.4535579, 47448149.45451259, 47448438.45546727]	0.0	0.0	0.0
4103.714760352738	2.0	trials	8.0	0.0	0.0	0.0	0.0	0.0	True	40.0	0.0	0.005	[47504810.641687, 47505099.642641686, 47505388.643596366, 47505678.64455436, 47505968.64551234, 47506258.64647032, 47506547.64742501, 47506837.64838301, 47507126.64933769, 47507416.65029568, 47507706.65125368, 47507995.65220836, 47508285.65316634, 47508574.65412103, 47508864.65507901, 47509154.656037, 47509444.656995, 47509734.65795298, 47510023.65890766, 47510313.65986565]	0.0	0.0	0.0
4111.430737841726	2.0	trials	8.0	0.0	0.0	0.0	0.0	0.0	True	40.0	0.0	0.005	[47594114.93669456, 47594404.93765254, 47594693.93860723, 47594984.93956852, 47595273.94052321, 47595563.941481195, 47595852.94243588, 47596141.94339057, 47596431.94434855, 47596720.94530323, 47597011.94626453, 47597300.94721922, 47597590.9481772, 47597880.9491352, 47598169.95008988, 47598459.95104787, 47598749.952005856, 47599037.952957235, 47599328.953918524, 47599618.95487652]	0.0	0.0	0.0
4118.2107410388135	2.0	trials	8.0	0.0	0.0	0.0	0.0	0.0	True	40.0	0.0	0.005	[47672588.195922896, 47672877.19687759, 47673167.19783557, 47673457.19879357, 47673747.19975156, 47674036.20070624, 47674325.20166093, 47674615.20261891, 47674905.20357689, 47675195.20453489, 47675485.205492884, 47675774.206447564, 47676064.20740556, 47676354.20836353, 47676643.20931821, 47676932.21027291, 47677222.2112309, 47677512.212188885, 47677802.21314688, 47678091.21410156]	0.0	0.0	0.0
4124.933374446386	2.0	trials	8.0	0.0	0.0	0.0	0.0	0.0	True	40.0	0.0	0.005	[47750396.452954486, 47750685.453909166, 47750975.45486716, 47751264.45582184, 47751554.45677984, 47751843.457734525, 47752133.4586925, 47752423.45965049, 47752712.460605174, 47753002.46156316, 47753292.46252116, 47753582.46347914, 47753871.464433834, 47754161.46539181, 47754450.466346495, 47754740.46730449, 47755029.46825917, 47755319.46921717, 47755609.470175155, 47755899.47113314]	0.0	0.0	0.0
4130.9156438082355	2.0	trials	8.0	0.0	0.0	0.0	0.0	0.0	True	40.0	0.0	0.005	[47819634.68167586, 47819924.68263384, 47820213.683588535, 47820503.684546515, 47820793.68550451, 47821083.6864625, 47821372.68741719, 47821662.68837517, 47821951.689329855, 47822241.690287836, 47822530.69124252, 47822820.69220051, 47823110.69315851, 47823400.69411649, 47823688.695067875, 47823978.696025856, 47824268.69698385, 47824558.69794183, 47824848.69889983, 47825137.699854515]	0.0	0.0	0.0
4136.181309202853	2.0	trials	8.0	0.0	0.0	0.0	0.0	0.0	True	40.0	0.0	0.005	[47880579.88300206, 47880869.88396005, 47881159.88491805, 47881449.88587603, 47881738.88683072, 47882027.88778541, 47882317.88874338, 47882607.889701374, 47882896.89065606, 47883186.89161405, 47883475.89256874, 47883765.89352673, 47884055.89448471, 47884345.895442694, 47884635.89640069, 47884924.89735537, 47885214.898313366, 47885503.89926805, 47885793.90022604, 47886082.90118073]	0.0	0.0	0.0
4144.839136203151	2.0	trials	8.0	0.0	0.0	0.0	0.0	0.0	True	40.0	0.0	0.005	[47980786.21402339, 47981075.21497808, 47981365.21593605, 47981655.21689404, 47981945.21785203, 47982235.21881003, 47982524.21976471, 47982814.22072268, 47983104.22168068, 47983393.22263536, 47983683.223593354, 47983973.22455135, 47984262.22550603, 47984552.226464026, 47984841.22741871, 47985131.22837668, 47985421.229334675, 47985711.23029267, 47985999.23124404, 47986289.23220204]	0.0	0.0	0.0
4153.499728012581	2.0	trials	8.0	0.0	0.0	0.0	0.0	0.0	True	40.0	0.0	0.005	[48081025.54515371, 48081315.5461117, 48081604.54706639, 48081893.54802107, 48082184.54898235, 48082473.54993704, 48082763.550895035, 48083052.551849715, 48083342.55280771, 48083631.55376239, 48083922.55472367, 48084211.55567837, 48084501.556636356, 48084790.557591036, 48085080.55854903, 48085370.55950703, 48085660.56046501, 48085949.56141969, 48086238.562374376, 48086528.56333237]	0.0	0.0	0.0
4180.031182056682	2.0	trials	9.0	0.0	0.0	0.0	0.0	0.0	True	5.0	0.0	0.01	[48388150.55970963, 48390467.56736363, 48392785.575020924, NaN, NaN, NaN, NaN, NaN, NaN, NaN, NaN, NaN, NaN, NaN, NaN, NaN, NaN, NaN, NaN, NaN]	0.0	0.0	0.0
4186.96117614925	2.0	trials	9.0	0.0	0.0	0.0	0.0	0.0	True	5.0	0.0	0.01	[48468358.82466939, 48470675.83232338, 48472992.839977376, NaN, NaN, NaN, NaN, NaN, NaN, NaN, NaN, NaN, NaN, NaN, NaN, NaN, NaN, NaN, NaN, NaN]	0.0	0.0	0.0
4195.387882386062	2.0	trials	9.0	0.0	0.0	0.0	0.0	0.0	True	5.0	0.0	0.01	[48565890.146854095, 48568207.154508084, 48570524.16216208, NaN, NaN, NaN, NaN, NaN, NaN, NaN, NaN, NaN, NaN, NaN, NaN, NaN, NaN, NaN, NaN, NaN]	0.0	0.0	0.0
4201.93192640368	2.0	trials	9.0	0.0	0.0	0.0	0.0	0.0	True	5.0	0.0	0.01	[48641631.397057526, 48643948.404711515, 48646266.41236882, NaN, NaN, NaN, NaN, NaN, NaN, NaN, NaN, NaN, NaN, NaN, NaN, NaN, NaN, NaN, NaN, NaN]	0.0	0.0	0.0
4207.199147003435	2.0	trials	9.0	0.0	0.0	0.0	0.0	0.0	True	5.0	0.0	0.01	[48702594.59844319, 48704911.606097184, 48707228.61375119, NaN, NaN, NaN, NaN, NaN, NaN, NaN, NaN, NaN, NaN, NaN, NaN, NaN, NaN, NaN, NaN, NaN]	0.0	0.0	0.0
4215.563731435034	2.0	trials	9.0	0.0	0.0	0.0	0.0	0.0	True	5.0	0.0	0.01	[48799406.918252744, 48801723.92590674, 48804040.93356074, NaN, NaN, NaN, NaN, NaN, NaN, NaN, NaN, NaN, NaN, NaN, NaN, NaN, NaN, NaN, NaN, NaN]	0.0	0.0	0.0
4224.317808353284	2.0	trials	9.0	0.0	0.0	0.0	0.0	0.0	True	5.0	0.0	0.01	[48900727.25295406, 48903044.260608055, 48905361.26826205, NaN, NaN, NaN, NaN, NaN, NaN, NaN, NaN, NaN, NaN, NaN, NaN, NaN, NaN, NaN, NaN, NaN]	0.0	0.0	0.0
4231.805948289632	2.0	trials	9.0	0.0	0.0	0.0	0.0	0.0	True	5.0	0.0	0.01	[48987395.53925383, 48989712.54690783, 48992029.55456183, NaN, NaN, NaN, NaN, NaN, NaN, NaN, NaN, NaN, NaN, NaN, NaN, NaN, NaN, NaN, NaN, NaN]	0.0	0.0	0.0
4237.746572713912	2.0	trials	9.0	0.0	0.0	0.0	0.0	0.0	True	5.0	0.0	0.01	[49056152.76638627, 49058469.77404026, 49060786.781694256, NaN, NaN, NaN, NaN, NaN, NaN, NaN, NaN, NaN, NaN, NaN, NaN, NaN, NaN, NaN, NaN, NaN]	0.0	0.0	0.0
4244.143995447182	2.0	trials	9.0	0.0	0.0	0.0	0.0	0.0	True	5.0	0.0	0.01	[49130197.01098381, 49132514.018637806, 49134831.02629181, NaN, NaN, NaN, NaN, NaN, NaN, NaN, NaN, NaN, NaN, NaN, NaN, NaN, NaN, NaN, NaN, NaN]	0.0	0.0	0.0
4252.949826136395	2.0	trials	9.0	0.0	0.0	0.0	0.0	0.0	True	5.0	0.0	0.01	[49232116.34766387, 49234433.35531787, 49236750.362971865, NaN, NaN, NaN, NaN, NaN, NaN, NaN, NaN, NaN, NaN, NaN, NaN, NaN, NaN, NaN, NaN, NaN]	0.0	0.0	0.0
4259.286336668447	2.0	trials	9.0	0.0	0.0	0.0	0.0	0.0	True	5.0	0.0	0.01	[49305455.589932516, 49307772.59758652, 49310089.60524052, NaN, NaN, NaN, NaN, NaN, NaN, NaN, NaN, NaN, NaN, NaN, NaN, NaN, NaN, NaN, NaN, NaN]	0.0	0.0	0.0
4264.604274235741	2.0	trials	9.0	0.0	0.0	0.0	0.0	0.0	True	5.0	0.0	0.01	[49367004.79325398, 49369322.80091129, 49371639.80856529, NaN, NaN, NaN, NaN, NaN, NaN, NaN, NaN, NaN, NaN, NaN, NaN, NaN, NaN, NaN, NaN, NaN]	0.0	0.0	0.0
4270.446488734934	2.0	trials	9.0	0.0	0.0	0.0	0.0	0.0	True	5.0	0.0	0.01	[49434624.01662713, 49436941.02428114, 49439258.03193513, NaN, NaN, NaN, NaN, NaN, NaN, NaN, NaN, NaN, NaN, NaN, NaN, NaN, NaN, NaN, NaN, NaN]	0.0	0.0	0.0
4275.8486665805085	2.0	trials	9.0	0.0	0.0	0.0	0.0	0.0	True	5.0	0.0	0.01	[49497149.22317273, 49499466.230826735, 49501783.23848073, NaN, NaN, NaN, NaN, NaN, NaN, NaN, NaN, NaN, NaN, NaN, NaN, NaN, NaN, NaN, NaN, NaN]	0.0	0.0	0.0
4281.510304483183	2.0	trials	9.0	0.0	0.0	0.0	0.0	0.0	True	5.0	0.0	0.01	[49562677.43963846, 49564994.447292455, 49567311.45494645, NaN, NaN, NaN, NaN, NaN, NaN, NaN, NaN, NaN, NaN, NaN, NaN, NaN, NaN, NaN, NaN, NaN]	0.0	0.0	0.0
4287.222486552826	2.0	trials	9.0	0.0	0.0	0.0	0.0	0.0	True	5.0	0.0	0.01	[49628790.65803669, 49631107.66569069, 49633424.67334469, NaN, NaN, NaN, NaN, NaN, NaN, NaN, NaN, NaN, NaN, NaN, NaN, NaN, NaN, NaN, NaN, NaN]	0.0	0.0	0.0
4296.276199660895	2.0	trials	9.0	0.0	0.0	0.0	0.0	0.0	True	5.0	0.0	0.01	[49733579.00419422, 49735896.01184821, 49738213.019502215, NaN, NaN, NaN, NaN, NaN, NaN, NaN, NaN, NaN, NaN, NaN, NaN, NaN, NaN, NaN, NaN, NaN]	0.0	0.0	0.0
4303.764944399241	2.0	trials	9.0	0.0	0.0	0.0	0.0	0.0	True	5.0	0.0	0.01	[49820254.290517114, 49822571.29817111, 49824888.30582511, NaN, NaN, NaN, NaN, NaN, NaN, NaN, NaN, NaN, NaN, NaN, NaN, NaN, NaN, NaN, NaN, NaN]	0.0	0.0	0.0
4309.188895116739	2.0	trials	9.0	0.0	0.0	0.0	0.0	0.0	True	5.0	0.0	0.01	[49883030.49789186, 49885348.50554917, 49887665.51320317, NaN, NaN, NaN, NaN, NaN, NaN, NaN, NaN, NaN, NaN, NaN, NaN, NaN, NaN, NaN, NaN, NaN]	0.0	0.0	0.0
4318.050540390331	2.0	trials	9.0	0.0	0.0	0.0	0.0	0.0	True	5.0	0.0	0.01	[49985596.83670923, 49987913.84436323, 49990230.85201722, NaN, NaN, NaN, NaN, NaN, NaN, NaN, NaN, NaN, NaN, NaN, NaN, NaN, NaN, NaN, NaN, NaN]	0.0	0.0	0.0
4326.922726498742	2.0	trials	9.0	0.0	0.0	0.0	0.0	0.0	True	5.0	0.0	0.01	[50088284.1759263, 50090601.183580294, 50092918.19123428, NaN, NaN, NaN, NaN, NaN, NaN, NaN, NaN, NaN, NaN, NaN, NaN, NaN, NaN, NaN, NaN, NaN]	0.0	0.0	0.0
4334.778499649531	2.0	trials	9.0	0.0	0.0	0.0	0.0	0.0	True	5.0	0.0	0.01	[50179207.47628207, 50181524.483936064, 50183842.491593376, NaN, NaN, NaN, NaN, NaN, NaN, NaN, NaN, NaN, NaN, NaN, NaN, NaN, NaN, NaN, NaN, NaN]	0.0	0.0	0.0
4342.836708669049	2.0	trials	9.0	0.0	0.0	0.0	0.0	0.0	True	5.0	0.0	0.01	[50272473.78437774, 50274790.792031735, 50277107.79968574, NaN, NaN, NaN, NaN, NaN, NaN, NaN, NaN, NaN, NaN, NaN, NaN, NaN, NaN, NaN, NaN, NaN]	0.0	0.0	0.0
4350.5651277991365	2.0	trials	9.0	0.0	0.0	0.0	0.0	0.0	True	5.0	0.0	0.01	[50361923.07986429, 50364240.08751829, 50366557.09517229, NaN, NaN, NaN, NaN, NaN, NaN, NaN, NaN, NaN, NaN, NaN, NaN, NaN, NaN, NaN, NaN, NaN]	0.0	0.0	0.0
4359.565445530819	2.0	trials	9.0	0.0	0.0	0.0	0.0	0.0	True	5.0	0.0	0.01	[50466093.42398032, 50468410.431634314, 50470727.43928832, NaN, NaN, NaN, NaN, NaN, NaN, NaN, NaN, NaN, NaN, NaN, NaN, NaN, NaN, NaN, NaN, NaN]	0.0	0.0	0.0
4367.132555328036	2.0	trials	9.0	0.0	0.0	0.0	0.0	0.0	True	5.0	0.0	0.01	[50553675.7132994, 50555992.7209534, 50558309.7286074, NaN, NaN, NaN, NaN, NaN, NaN, NaN, NaN, NaN, NaN, NaN, NaN, NaN, NaN, NaN, NaN, NaN]	0.0	0.0	0.0
4372.407638353765	2.0	trials	9.0	0.0	0.0	0.0	0.0	0.0	True	5.0	0.0	0.01	[50614729.914985694, 50617046.92263969, 50619363.93029369, NaN, NaN, NaN, NaN, NaN, NaN, NaN, NaN, NaN, NaN, NaN, NaN, NaN, NaN, NaN, NaN, NaN]	0.0	0.0	0.0
4379.5330698919415	2.0	trials	9.0	0.0	0.0	0.0	0.0	0.0	True	5.0	0.0	0.01	[50697200.18741776, 50699517.19507175, 50701834.202725746, NaN, NaN, NaN, NaN, NaN, NaN, NaN, NaN, NaN, NaN, NaN, NaN, NaN, NaN, NaN, NaN, NaN]	0.0	0.0	0.0
4387.1891719831365	2.0	trials	9.0	0.0	0.0	0.0	0.0	0.0	True	5.0	0.0	0.01	[50785812.48013936, 50788129.487793356, 50790446.49544735, NaN, NaN, NaN, NaN, NaN, NaN, NaN, NaN, NaN, NaN, NaN, NaN, NaN, NaN, NaN, NaN, NaN]	0.0	0.0	0.0
4411.05414041876	2.0	trials	10.0	0.0	0.0	0.0	0.0	0.0	True	10.0	0.0	0.005	[51061978.392425075, 51063136.39625042, 51064295.40007906, 51065454.403907716, 51066613.40773637, NaN, NaN, NaN, NaN, NaN, NaN, NaN, NaN, NaN, NaN, NaN, NaN, NaN, NaN, NaN]	0.0	0.0	0.0
4419.046426020504	2.0	trials	10.0	0.0	0.0	0.0	0.0	0.0	True	10.0	0.0	0.005	[51154482.69800354, 51155640.70182888, 51156799.705657534, 51157958.70948618, 51159116.71331154, NaN, NaN, NaN, NaN, NaN, NaN, NaN, NaN, NaN, NaN, NaN, NaN, NaN, NaN, NaN]	0.0	0.0	0.0
4425.634361383114	2.0	trials	10.0	0.0	0.0	0.0	0.0	0.0	True	10.0	0.0	0.005	[51230730.9498818, 51231889.95371044, 51233047.957535796, 51234207.96136775, 51235366.9651964, NaN, NaN, NaN, NaN, NaN, NaN, NaN, NaN, NaN, NaN, NaN, NaN, NaN, NaN, NaN]	0.0	0.0	0.0
4434.299273206816	2.0	trials	10.0	0.0	0.0	0.0	0.0	0.0	True	10.0	0.0	0.005	[51331020.2811773, 51332178.28500264, 51333337.2888313, 51334495.292656645, 51335653.29648199, NaN, NaN, NaN, NaN, NaN, NaN, NaN, NaN, NaN, NaN, NaN, NaN, NaN, NaN, NaN]	0.0	0.0	0.0
4441.108738901229	2.0	trials	10.0	0.0	0.0	0.0	0.0	0.0	True	10.0	0.0	0.005	[51409832.5415255, 51410991.54535414, 51412150.549182795, 51413309.553011455, 51414467.5568368, NaN, NaN, NaN, NaN, NaN, NaN, NaN, NaN, NaN, NaN, NaN, NaN, NaN, NaN, NaN]	0.0	0.0	0.0
4447.336471473944	2.0	trials	10.0	0.0	0.0	0.0	0.0	0.0	True	10.0	0.0	0.005	[51481913.77963846, 51483071.783463806, 51484229.78728915, 51485388.7911178, 51486547.794946454, NaN, NaN, NaN, NaN, NaN, NaN, NaN, NaN, NaN, NaN, NaN, NaN, NaN, NaN, NaN]	0.0	0.0	0.0
4452.910413086923	2.0	trials	10.0	0.0	0.0	0.0	0.0	0.0	True	10.0	0.0	0.005	[51546426.99275123, 51547584.99657658, 51548744.00040523, 51549902.004230574, 51551061.00805922, NaN, NaN, NaN, NaN, NaN, NaN, NaN, NaN, NaN, NaN, NaN, NaN, NaN, NaN, NaN]	0.0	0.0	0.0
4458.976836326767	2.0	trials	10.0	0.0	0.0	0.0	0.0	0.0	True	10.0	0.0	0.005	[51616639.224690124, 51617798.22851878, 51618956.23234412, 51620115.236172765, 51621273.23999812, NaN, NaN, NaN, NaN, NaN, NaN, NaN, NaN, NaN, NaN, NaN, NaN, NaN, NaN, NaN]	0.0	0.0	0.0
4465.102962163834	2.0	trials	10.0	0.0	0.0	0.0	0.0	0.0	True	10.0	0.0	0.005	[51687544.45891827, 51688702.462743625, 51689861.46657226, 51691020.47040093, 51692178.474226266, NaN, NaN, NaN, NaN, NaN, NaN, NaN, NaN, NaN, NaN, NaN, NaN, NaN, NaN, NaN]	0.0	0.0	0.0
4471.3382115613795	2.0	trials	10.0	0.0	0.0	0.0	0.0	0.0	True	10.0	0.0	0.005	[51759711.69731533, 51760870.70114398, 51762027.70496602, 51763186.70879468, 51764345.71262332, NaN, NaN, NaN, NaN, NaN, NaN, NaN, NaN, NaN, NaN, NaN, NaN, NaN, NaN, NaN]	0.0	0.0	0.0
4477.630657947869	2.0	trials	10.0	0.0	0.0	0.0	0.0	0.0	True	10.0	0.0	0.005	[51832540.93789925, 51833698.94172458, 51834857.94555324, 51836015.94937858, 51837174.95320723, NaN, NaN, NaN, NaN, NaN, NaN, NaN, NaN, NaN, NaN, NaN, NaN, NaN, NaN, NaN]	0.0	0.0	0.0
4484.73526701726	2.0	trials	10.0	0.0	0.0	0.0	0.0	0.0	True	10.0	0.0	0.005	[51914770.2095352, 51915929.21336384, 51917087.21718918, 51918246.22101784, 51919404.224843174, NaN, NaN, NaN, NaN, NaN, NaN, NaN, NaN, NaN, NaN, NaN, NaN, NaN, NaN, NaN]	0.0	0.0	0.0
4493.585161852035	2.0	trials	10.0	0.0	0.0	0.0	0.0	0.0	True	10.0	0.0	0.005	[52017199.547899984, 52018358.55172863, 52019516.55555399, 52020675.559382625, 52021834.56321127, NaN, NaN, NaN, NaN, NaN, NaN, NaN, NaN, NaN, NaN, NaN, NaN, NaN, NaN, NaN]	0.0	0.0	0.0
4500.905080432681	2.0	trials	10.0	0.0	0.0	0.0	0.0	0.0	True	10.0	0.0	0.005	[52101920.82776802, 52103078.831593364, 52104237.835422024, 52105396.83925068, 52106554.843076006, NaN, NaN, NaN, NaN, NaN, NaN, NaN, NaN, NaN, NaN, NaN, NaN, NaN, NaN, NaN]	0.0	0.0	0.0
4506.286781410611	2.0	trials	10.0	0.0	0.0	0.0	0.0	0.0	True	10.0	0.0	0.005	[52164209.033530705, 52165367.03735605, 52166525.04118141, 52167684.04501005, 52168843.048838705, NaN, NaN, NaN, NaN, NaN, NaN, NaN, NaN, NaN, NaN, NaN, NaN, NaN, NaN, NaN]	0.0	0.0	0.0
4513.739238029083	2.0	trials	10.0	0.0	0.0	0.0	0.0	0.0	True	10.0	0.0	0.005	[52250464.31846618, 52251622.322291516, 52252781.32612018, 52253939.32994551, 52255097.33377087, NaN, NaN, NaN, NaN, NaN, NaN, NaN, NaN, NaN, NaN, NaN, NaN, NaN, NaN, NaN]	0.0	0.0	0.0
4521.983294062527	2.0	trials	10.0	0.0	0.0	0.0	0.0	0.0	True	10.0	0.0	0.005	[52345880.63366417, 52347039.637492806, 52348197.641318165, 52349357.64515012, 52350515.64897547, NaN, NaN, NaN, NaN, NaN, NaN, NaN, NaN, NaN, NaN, NaN, NaN, NaN, NaN, NaN]	0.0	0.0	0.0
4529.309174262868	2.0	trials	10.0	0.0	0.0	0.0	0.0	0.0	True	10.0	0.0	0.005	[52430670.91376014, 52431828.917585485, 52432988.92141744, 52434146.9252428, 52435304.92906814, NaN, NaN, NaN, NaN, NaN, NaN, NaN, NaN, NaN, NaN, NaN, NaN, NaN, NaN, NaN]	0.0	0.0	0.0
4536.830664709386	2.0	trials	10.0	0.0	0.0	0.0	0.0	0.0	True	10.0	0.0	0.005	[52517726.201338336, 52518884.20516368, 52520044.20899565, 52521202.21282098, 52522361.216649644, NaN, NaN, NaN, NaN, NaN, NaN, NaN, NaN, NaN, NaN, NaN, NaN, NaN, NaN, NaN]	0.0	0.0	0.0
4545.191533928712	2.0	trials	10.0	0.0	0.0	0.0	0.0	0.0	True	10.0	0.0	0.005	[52614494.52100254, 52615653.52483118, 52616812.528659835, 52617970.53248518, 52619128.53631053, NaN, NaN, NaN, NaN, NaN, NaN, NaN, NaN, NaN, NaN, NaN, NaN, NaN, NaN, NaN]	0.0	0.0	0.0
4550.807898081829	2.0	trials	10.0	0.0	0.0	0.0	0.0	0.0	True	10.0	0.0	0.005	[52679498.73573728, 52680657.73956594, 52681815.74339128, 52682974.74721992, 52684132.75104528, NaN, NaN, NaN, NaN, NaN, NaN, NaN, NaN, NaN, NaN, NaN, NaN, NaN, NaN, NaN]	0.0	0.0	0.0
4559.477302720372	2.0	trials	10.0	0.0	0.0	0.0	0.0	0.0	True	10.0	0.0	0.005	[52779840.067204565, 52780998.0710299, 52782156.07485525, 52783315.0786839, 52784474.08251254, NaN, NaN, NaN, NaN, NaN, NaN, NaN, NaN, NaN, NaN, NaN, NaN, NaN, NaN, NaN]	0.0	0.0	0.0
4567.05590375555	2.0	trials	10.0	0.0	0.0	0.0	0.0	0.0	True	10.0	0.0	0.005	[52867554.35695969, 52868712.36078504, 52869872.364617, 52871030.36844235, 52872188.37226769, NaN, NaN, NaN, NaN, NaN, NaN, NaN, NaN, NaN, NaN, NaN, NaN, NaN, NaN, NaN]	0.0	0.0	0.0
4575.095536713703	2.0	trials	10.0	0.0	0.0	0.0	0.0	0.0	True	10.0	0.0	0.005	[52960606.66434843, 52961764.668173775, 52962922.67199912, 52964081.675827764, 52965240.67965643, NaN, NaN, NaN, NaN, NaN, NaN, NaN, NaN, NaN, NaN, NaN, NaN, NaN, NaN, NaN]	0.0	0.0	0.0
4580.447861594592	2.0	trials	10.0	0.0	0.0	0.0	0.0	0.0	True	10.0	0.0	0.005	[53022553.868984655, 53023713.87281661, 53024871.87664196, 53026030.8804706, 53027188.88429595, NaN, NaN, NaN, NaN, NaN, NaN, NaN, NaN, NaN, NaN, NaN, NaN, NaN, NaN, NaN]	0.0	0.0	0.0
4586.693651826959	2.0	trials	10.0	0.0	0.0	0.0	0.0	0.0	True	10.0	0.0	0.005	[53094843.107784726, 53096002.11161338, 53097161.11544202, 53098319.119267374, 53099478.12309602, NaN, NaN, NaN, NaN, NaN, NaN, NaN, NaN, NaN, NaN, NaN, NaN, NaN, NaN, NaN]	0.0	0.0	0.0
4592.9042771431605	2.0	trials	10.0	0.0	0.0	0.0	0.0	0.0	True	10.0	0.0	0.005	[53166725.3452403, 53167884.349068955, 53169043.35289761, 53170201.35672296, 53171360.36055161, NaN, NaN, NaN, NaN, NaN, NaN, NaN, NaN, NaN, NaN, NaN, NaN, NaN, NaN, NaN]	0.0	0.0	0.0
4599.317770329517	2.0	trials	10.0	0.0	0.0	0.0	0.0	0.0	True	10.0	0.0	0.005	[53240955.5904523, 53242115.59428425, 53243272.598106295, 53244431.60193494, 53245590.605763584, NaN, NaN, NaN, NaN, NaN, NaN, NaN, NaN, NaN, NaN, NaN, NaN, NaN, NaN, NaN]	0.0	0.0	0.0
4605.1396807616375	2.0	trials	10.0	0.0	0.0	0.0	0.0	0.0	True	10.0	0.0	0.005	[53308338.813045844, 53309496.81687119, 53310655.82069984, 53311813.824525185, 53312972.82835384, NaN, NaN, NaN, NaN, NaN, NaN, NaN, NaN, NaN, NaN, NaN, NaN, NaN, NaN, NaN]	0.0	0.0	0.0
4613.824551051269	2.0	trials	10.0	0.0	0.0	0.0	0.0	0.0	True	10.0	0.0	0.005	[53408858.14510113, 53410018.14893307, 53411176.15275843, 53412335.15658707, 53413493.16041242, NaN, NaN, NaN, NaN, NaN, NaN, NaN, NaN, NaN, NaN, NaN, NaN, NaN, NaN, NaN]	0.0	0.0	0.0
4635.767804338691	2.0	trials	11.0	0.0	0.0	0.0	0.0	0.0	True	20.0	0.0	0.005	[53662831.9840776, 53663410.98599028, 53663989.98790295, 53664569.98981893, 53665148.9917316, 53665727.99364427, 53666306.99555694, 53666886.99747292, 53667466.999388896, 53668045.00129826, NaN, NaN, NaN, NaN, NaN, NaN, NaN, NaN, NaN, NaN]	0.0	0.0	0.0
4642.433067956748	2.0	trials	11.0	0.0	0.0	0.0	0.0	0.0	True	20.0	0.0	0.005	[53739976.23891572, 53740555.240828395, 53741134.24274107, 53741714.24465704, 53742292.24656641, 53742872.24848239, 53743451.25039506, 53744030.25230773, 53744610.25422371, 53745190.25613969, NaN, NaN, NaN, NaN, NaN, NaN, NaN, NaN, NaN, NaN]	0.0	0.0	0.0
4647.648275584684	2.0	trials	11.0	0.0	0.0	0.0	0.0	0.0	True	20.0	0.0	0.005	[53800336.43830943, 53800916.44022541, 53801495.44213808, 53802074.44405075, 53802653.445963435, 53803233.44787941, 53803812.44979209, 53804392.45170805, 53804971.45362073, 53805550.45553341, NaN, NaN, NaN, NaN, NaN, NaN, NaN, NaN, NaN, NaN]	0.0	0.0	0.0
4656.612477997061	2.0	trials	11.0	0.0	0.0	0.0	0.0	0.0	True	20.0	0.0	0.005	[53904088.78104463, 53904667.78295731, 53905247.78487328, 53905826.78678595, 53906406.788701944, 53906985.790614605, 53907564.79252727, 53908143.79443995, 53908723.79635594, 53909301.79826531, NaN, NaN, NaN, NaN, NaN, NaN, NaN, NaN, NaN, NaN]	0.0	0.0	0.0
4664.664120594887	2.0	trials	11.0	0.0	0.0	0.0	0.0	0.0	True	20.0	0.0	0.005	[53997279.08888924, 53997858.09080191, 53998438.092717886, 53999017.09463056, 53999597.09654654, 54000175.098455906, 54000755.10037188, 54001334.102284566, 54001914.10420054, 54002493.1061132, NaN, NaN, NaN, NaN, NaN, NaN, NaN, NaN, NaN, NaN]	0.0	0.0	0.0
4671.482571918984	2.0	trials	11.0	0.0	0.0	0.0	0.0	0.0	True	20.0	0.0	0.005	[54076197.3495876, 54076776.35150028, 54077355.35341294, 54077934.355325624, 54078514.3572416, 54079093.35915427, 54079672.361066945, 54080251.36297962, 54080830.3648923, 54081410.366808265, NaN, NaN, NaN, NaN, NaN, NaN, NaN, NaN, NaN, NaN]	0.0	0.0	0.0
4679.442457413699	2.0	trials	11.0	0.0	0.0	0.0	0.0	0.0	True	20.0	0.0	0.005	[54168324.65392068, 54168904.65583666, 54169483.65774934, 54170061.65965871, 54170641.661574684, 54171221.66349066, 54171800.66540334, 54172378.667312704, 54172958.66922867, 54173538.67114466, NaN, NaN, NaN, NaN, NaN, NaN, NaN, NaN, NaN, NaN]	0.0	0.0	0.0
4684.572819961357	2.0	trials	11.0	0.0	0.0	0.0	0.0	0.0	True	20.0	0.0	0.005	[54227703.850073755, 54228283.85198973, 54228861.85389911, 54229441.85581508, 54230021.85773106, 54230599.85964043, 54231179.8615564, 54231759.86347238, 54232338.865385056, 54232917.867297724, NaN, NaN, NaN, NaN, NaN, NaN, NaN, NaN, NaN, NaN]	0.0	0.0	0.0
4692.786376694051	2.0	trials	11.0	0.0	0.0	0.0	0.0	0.0	True	20.0	0.0	0.005	[54322769.16411225, 54323348.16602492, 54323928.16794089, 54324507.16985357, 54325085.171762936, 54325666.17368223, 54326244.1755916, 54326823.17750426, 54327402.17941694, 54327982.18133292, NaN, NaN, NaN, NaN, NaN, NaN, NaN, NaN, NaN, NaN]	0.0	0.0	0.0
4701.300779220558	2.0	trials	11.0	0.0	0.0	0.0	0.0	0.0	True	20.0	0.0	0.005	[54421314.489646606, 54421894.49156258, 54422473.49347526, 54423052.49538793, 54423632.4973039, 54424210.49921327, 54424789.501125954, 54425369.50304193, 54425948.50495459, 54426528.50687057, NaN, NaN, NaN, NaN, NaN, NaN, NaN, NaN, NaN, NaN]	0.0	0.0	0.0
4709.65888363075	2.0	trials	11.0	0.0	0.0	0.0	0.0	0.0	True	20.0	0.0	0.005	[54518051.80920839, 54518631.811124384, 54519210.81303704, 54519789.81494972, 54520368.8168624, 54520947.81877507, 54521527.82069104, 54522106.82260372, 54522686.824519694, 54523265.82643236, NaN, NaN, NaN, NaN, NaN, NaN, NaN, NaN, NaN, NaN]	0.0	0.0	0.0
4714.873054455261	2.0	trials	11.0	0.0	0.0	0.0	0.0	0.0	True	20.0	0.0	0.005	[54578402.008569084, 54578980.01047845, 54579560.01239442, 54580139.0143071, 54580719.01622308, 54581298.01813575, 54581877.02004842, 54582456.02196109, 54583036.02387707, 54583615.02578974, NaN, NaN, NaN, NaN, NaN, NaN, NaN, NaN, NaN, NaN]	0.0	0.0	0.0
4720.1408798570155	2.0	trials	11.0	0.0	0.0	0.0	0.0	0.0	True	20.0	0.0	0.005	[54639371.20997456, 54639951.21189055, 54640529.213799916, 54641109.2157159, 54641688.21762856, 54642268.219544545, 54642846.22145391, 54643426.22336988, 54644006.225285865, 54644584.22719523, NaN, NaN, NaN, NaN, NaN, NaN, NaN, NaN, NaN, NaN]	0.0	0.0	0.0
4725.343041041852	2.0	trials	11.0	0.0	0.0	0.0	0.0	0.0	True	20.0	0.0	0.005	[54699582.40887608, 54700160.410785444, 54700740.41270141, 54701320.4146174, 54701899.41653008, 54702478.418442756, 54703057.42035541, 54703637.4222714, 54704215.42418077, 54704795.426096745, NaN, NaN, NaN, NaN, NaN, NaN, NaN, NaN, NaN, NaN]	0.0	0.0	0.0
4731.8947746848735	2.0	trials	11.0	0.0	0.0	0.0	0.0	0.0	True	20.0	0.0	0.005	[54775412.65937352, 54775990.66128289, 54776570.66319886, 54777150.66511484, 54777730.66703081, 54778309.66894349, 54778887.670852855, 54779467.672768846, 54780046.6746815, 54780625.676594175, NaN, NaN, NaN, NaN, NaN, NaN, NaN, NaN, NaN, NaN]	0.0	0.0	0.0
4737.533516511914	2.0	trials	11.0	0.0	0.0	0.0	0.0	0.0	True	20.0	0.0	0.005	[54840675.874963835, 54841254.87687651, 54841833.87878919, 54842413.88070516, 54842992.88261783, 54843571.88453051, 54844150.88644318, 54844730.88835916, 54845309.89027183, 54845888.89218451, NaN, NaN, NaN, NaN, NaN, NaN, NaN, NaN, NaN, NaN]	0.0	0.0	0.0
4743.829159708964	2.0	trials	11.0	0.0	0.0	0.0	0.0	0.0	True	20.0	0.0	0.005	[54913543.11567328, 54914121.11758266, 54914701.119498625, 54915280.1214113, 54915858.12332067, 54916439.125239946, 54917017.12714931, 54917597.1290653, 54918176.13097798, 54918756.13289394, NaN, NaN, NaN, NaN, NaN, NaN, NaN, NaN, NaN, NaN]	0.0	0.0	0.0
4751.731243412736	2.0	trials	11.0	0.0	0.0	0.0	0.0	0.0	True	20.0	0.0	0.005	[55005001.41779638, 55005580.41970906, 55006159.42162173, 55006739.4235377, 55007318.42545038, 55007897.42736305, 55008477.42927902, 55009056.4311917, 55009635.43310438, 55010215.43502034, NaN, NaN, NaN, NaN, NaN, NaN, NaN, NaN, NaN, NaN]	0.0	0.0	0.0
4759.303450826794	2.0	trials	11.0	0.0	0.0	0.0	0.0	0.0	True	20.0	0.0	0.005	[55092642.70731038, 55093221.709223054, 55093800.71113572, 55094379.7130484, 55094959.714964375, 55095538.71687704, 55096118.71879302, 55096697.720705695, 55097275.72261506, 55097855.72453104, NaN, NaN, NaN, NaN, NaN, NaN, NaN, NaN, NaN, NaN]	0.0	0.0	0.0
4766.551138768832	2.0	trials	11.0	0.0	0.0	0.0	0.0	0.0	True	20.0	0.0	0.005	[55176527.984416775, 55177106.986329444, 55177685.988242105, 55178264.99015479, 55178844.992070764, 55179423.993983425, 55180002.99589611, 55180581.997808784, 55181161.99972476, 55181741.00163743, NaN, NaN, NaN, NaN, NaN, NaN, NaN, NaN, NaN, NaN]	0.0	0.0	0.0
4771.717098234082	2.0	trials	11.0	0.0	0.0	0.0	0.0	0.0	True	20.0	0.0	0.005	[55236318.18192753, 55236898.183843516, 55237478.18575949, 55238057.18767216, 55238636.18958484, 55239216.19150083, 55239795.19341348, 55240374.19532616, 55240953.19723883, 55241532.199151516, NaN, NaN, NaN, NaN, NaN, NaN, NaN, NaN, NaN, NaN]	0.0	0.0	0.0
4777.261145348307	2.0	trials	11.0	0.0	0.0	0.0	0.0	0.0	True	20.0	0.0	0.005	[55300486.39390063, 55301065.39581331, 55301644.39772598, 55302223.39963865, 55302802.40155132, 55303381.403464, 55303961.40537997, 55304541.40729595, 55305119.40920532, 55305699.411121294, NaN, NaN, NaN, NaN, NaN, NaN, NaN, NaN, NaN, NaN]	0.0	0.0	0.0
4785.373527346779	2.0	trials	11.0	0.0	0.0	0.0	0.0	0.0	True	20.0	0.0	0.005	[55394379.70406752, 55394959.70598351, 55395537.70789288, 55396117.709808856, 55396696.711721525, 55397276.71363751, 55397854.715546876, 55398434.717462845, 55399013.71937552, 55399593.721291505, NaN, NaN, NaN, NaN, NaN, NaN, NaN, NaN, NaN, NaN]	0.0	0.0	0.0
4792.243386840698	2.0	trials	11.0	0.0	0.0	0.0	0.0	0.0	True	20.0	0.0	0.005	[55473891.96672812, 55474470.96864079, 55475050.970556766, 55475629.97246944, 55476207.97437881, 55476787.976294786, 55477366.97820746, 55477946.98012344, 55478525.98203611, 55479105.98395208, NaN, NaN, NaN, NaN, NaN, NaN, NaN, NaN, NaN, NaN]	0.0	0.0	0.0
4799.371669588292	2.0	trials	11.0	0.0	0.0	0.0	0.0	0.0	True	20.0	0.0	0.005	[55556395.239269204, 55556974.24118187, 55557553.24309455, 55558133.245010525, 55558713.2469265, 55559291.24883587, 55559870.25074854, 55560449.25266121, 55561029.25457719, 55561609.256493166, NaN, NaN, NaN, NaN, NaN, NaN, NaN, NaN, NaN, NaN]	0.0	0.0	0.0
4808.437824337461	2.0	trials	11.0	0.0	0.0	0.0	0.0	0.0	True	20.0	0.0	0.005	[55661326.585899115, 55661906.5878151, 55662485.58972777, 55663064.59164045, 55663644.59355643, 55664223.59546909, 55664803.597385064, 55665381.59929443, 55665962.60121372, 55666540.60312309, NaN, NaN, NaN, NaN, NaN, NaN, NaN, NaN, NaN, NaN]	0.0	0.0	0.0
4816.555563153629	2.0	trials	11.0	0.0	0.0	0.0	0.0	0.0	True	20.0	0.0	0.005	[55755281.896270834, 55755860.8981835, 55756439.90009618, 55757020.90201546, 55757599.90392813, 55758177.9058375, 55758757.907753475, 55759336.90966616, 55759916.91158212, 55760495.913494796, NaN, NaN, NaN, NaN, NaN, NaN, NaN, NaN, NaN, NaN]	0.0	0.0	0.0
4821.700095348096	2.0	trials	11.0	0.0	0.0	0.0	0.0	0.0	True	20.0	0.0	0.005	[55814826.09296897, 55815405.09488164, 55815985.096797615, 55816563.09870699, 55817143.10062296, 55817722.102535635, 55818301.10444831, 55818881.10636429, 55819461.108280264, 55820039.11018963, NaN, NaN, NaN, NaN, NaN, NaN, NaN, NaN, NaN, NaN]	0.0	0.0	0.0
4830.530550118652	2.0	trials	11.0	0.0	0.0	0.0	0.0	0.0	True	20.0	0.0	0.005	[55917030.43059049, 55917610.43250647, 55918188.43441584, 55918769.43633512, 55919347.438244484, 55919927.440160476, 55920506.44207313, 55921085.443985805, 55921664.44589848, 55922243.447811164, NaN, NaN, NaN, NaN, NaN, NaN, NaN, NaN, NaN, NaN]	0.0	0.0	0.0
4838.623837654047	2.0	trials	11.0	0.0	0.0	0.0	0.0	0.0	True	20.0	0.0	0.005	[56010701.74002404, 56011281.741940014, 56011861.74385599, 56012439.74576536, 56013019.747681335, 56013598.74959401, 56014177.75150668, 56014757.753422655, 56015336.75533533, 56015915.757248014, NaN, NaN, NaN, NaN, NaN, NaN, NaN, NaN, NaN, NaN]	0.0	0.0	0.0
4844.401856741177	2.0	trials	11.0	0.0	0.0	0.0	0.0	0.0	True	20.0	0.0	0.005	[56077577.96094275, 56078155.96285212, 56078735.96476811, 56079314.96668077, 56079894.96859675, 56080473.97050943, 56081052.97242211, 56081631.97433478, 56082211.97625075, 56082790.97816343, NaN, NaN, NaN, NaN, NaN, NaN, NaN, NaN, NaN, NaN]	0.0	0.0	0.0
4873.960690385935	2.0	trials	12.0	0.0	0.0	0.0	0.0	0.0	True	1.0	0.0	1.0	[56142023.17383089, NaN, NaN, NaN, NaN, NaN, NaN, NaN, NaN, NaN, NaN, NaN, NaN, NaN, NaN, NaN, NaN, NaN, NaN, NaN]	0.0	0.0	0.0
4879.240698227932	2.0	trials	12.0	0.0	0.0	0.0	0.0	0.0	True	1.0	0.0	1.0	[56142604.175750166, NaN, NaN, NaN, NaN, NaN, NaN, NaN, NaN, NaN, NaN, NaN, NaN, NaN, NaN, NaN, NaN, NaN, NaN, NaN]	0.0	0.0	0.0
4886.237047739698	2.0	trials	12.0	0.0	0.0	0.0	0.0	0.0	True	1.0	0.0	1.0	[56143182.17765955, NaN, NaN, NaN, NaN, NaN, NaN, NaN, NaN, NaN, NaN, NaN, NaN, NaN, NaN, NaN, NaN, NaN, NaN, NaN]	0.0	0.0	0.0
4891.451218564209	2.0	trials	12.0	0.0	0.0	0.0	0.0	0.0	True	1.0	0.0	1.0	[56143762.179575525, NaN, NaN, NaN, NaN, NaN, NaN, NaN, NaN, NaN, NaN, NaN, NaN, NaN, NaN, NaN, NaN, NaN, NaN, NaN]	0.0	0.0	0.0
4899.439270551969	2.0	trials	12.0	0.0	0.0	0.0	0.0	0.0	True	1.0	0.0	1.0	[56144340.18148489, NaN, NaN, NaN, NaN, NaN, NaN, NaN, NaN, NaN, NaN, NaN, NaN, NaN, NaN, NaN, NaN, NaN, NaN, NaN]	0.0	0.0	0.0
4907.003010738055	2.0	trials	12.0	0.0	0.0	0.0	0.0	0.0	True	1.0	0.0	1.0	[56144921.18340416, NaN, NaN, NaN, NaN, NaN, NaN, NaN, NaN, NaN, NaN, NaN, NaN, NaN, NaN, NaN, NaN, NaN, NaN, NaN]	0.0	0.0	0.0
4913.189184773485	2.0	trials	12.0	0.0	0.0	0.0	0.0	0.0	True	0.0	0.0	0.0	[NaN, NaN, NaN, NaN, NaN, NaN, NaN, NaN, NaN, NaN, NaN, NaN, NaN, NaN, NaN, NaN, NaN, NaN, NaN, NaN]	0.0	0.0	0.0
4918.895059622292	2.0	trials	12.0	0.0	0.0	0.0	0.0	0.0	True	1.0	0.0	1.0	[56145500.185316846, NaN, NaN, NaN, NaN, NaN, NaN, NaN, NaN, NaN, NaN, NaN, NaN, NaN, NaN, NaN, NaN, NaN, NaN, NaN]	0.0	0.0	0.0
4926.533190454122	2.0	trials	12.0	0.0	0.0	0.0	0.0	0.0	True	1.0	0.0	1.0	[56146079.18722952, NaN, NaN, NaN, NaN, NaN, NaN, NaN, NaN, NaN, NaN, NaN, NaN, NaN, NaN, NaN, NaN, NaN, NaN, NaN]	0.0	0.0	0.0
4933.103154557365	2.0	trials	12.0	0.0	0.0	0.0	0.0	0.0	True	1.0	0.0	1.0	[56146658.18914219, NaN, NaN, NaN, NaN, NaN, NaN, NaN, NaN, NaN, NaN, NaN, NaN, NaN, NaN, NaN, NaN, NaN, NaN, NaN]	0.0	0.0	0.0
4939.889551375572	2.0	trials	12.0	0.0	0.0	0.0	0.0	0.0	True	1.0	0.0	1.0	[56147237.191054866, NaN, NaN, NaN, NaN, NaN, NaN, NaN, NaN, NaN, NaN, NaN, NaN, NaN, NaN, NaN, NaN, NaN, NaN, NaN]	0.0	0.0	0.0
4948.295521543884	2.0	trials	12.0	0.0	0.0	0.0	0.0	0.0	True	0.0	0.0	0.0	[NaN, NaN, NaN, NaN, NaN, NaN, NaN, NaN, NaN, NaN, NaN, NaN, NaN, NaN, NaN, NaN, NaN, NaN, NaN, NaN]	0.0	0.0	0.0
4953.590131034117	2.0	trials	12.0	0.0	0.0	0.0	0.0	0.0	True	1.0	0.0	1.0	[56420544.09389613, NaN, NaN, NaN, NaN, NaN, NaN, NaN, NaN, NaN, NaN, NaN, NaN, NaN, NaN, NaN, NaN, NaN, NaN, NaN]	0.0	0.0	0.0
4961.915835337279	2.0	trials	12.0	0.0	0.0	0.0	0.0	0.0	True	1.0	0.0	1.0	[56420551.093919255, NaN, NaN, NaN, NaN, NaN, NaN, NaN, NaN, NaN, NaN, NaN, NaN, NaN, NaN, NaN, NaN, NaN, NaN, NaN]	0.0	0.0	0.0
4968.137779090871	2.0	trials	12.0	0.0	0.0	0.0	0.0	0.0	True	0.0	0.0	0.0	[NaN, NaN, NaN, NaN, NaN, NaN, NaN, NaN, NaN, NaN, NaN, NaN, NaN, NaN, NaN, NaN, NaN, NaN, NaN, NaN]	0.0	0.0	0.0
4974.852118071042	2.0	trials	12.0	0.0	0.0	0.0	0.0	0.0	True	1.0	0.0	1.0	[56420557.09393907, NaN, NaN, NaN, NaN, NaN, NaN, NaN, NaN, NaN, NaN, NaN, NaN, NaN, NaN, NaN, NaN, NaN, NaN, NaN]	0.0	0.0	0.0
4982.442296744465	2.0	trials	12.0	0.0	0.0	0.0	0.0	0.0	True	0.0	0.0	0.0	[NaN, NaN, NaN, NaN, NaN, NaN, NaN, NaN, NaN, NaN, NaN, NaN, NaN, NaN, NaN, NaN, NaN, NaN, NaN, NaN]	0.0	0.0	0.0
4987.697853305691	2.0	trials	12.0	0.0	0.0	0.0	0.0	0.0	True	1.0	0.0	1.0	[56430366.1263422, NaN, NaN, NaN, NaN, NaN, NaN, NaN, NaN, NaN, NaN, NaN, NaN, NaN, NaN, NaN, NaN, NaN, NaN, NaN]	0.0	0.0	0.0
4995.974568647021	2.0	trials	12.0	0.0	0.0	0.0	0.0	0.0	True	1.0	0.0	1.0	[56430368.12634881, NaN, NaN, NaN, NaN, NaN, NaN, NaN, NaN, NaN, NaN, NaN, NaN, NaN, NaN, NaN, NaN, NaN, NaN, NaN]	0.0	0.0	0.0
5002.8417497320925	2.0	trials	12.0	0.0	0.0	0.0	0.0	0.0	True	1.0	0.0	1.0	[56481656.295774, NaN, NaN, NaN, NaN, NaN, NaN, NaN, NaN, NaN, NaN, NaN, NaN, NaN, NaN, NaN, NaN, NaN, NaN, NaN]	0.0	0.0	0.0
5008.258010824189	2.0	trials	12.0	0.0	0.0	0.0	0.0	0.0	True	1.0	0.0	1.0	[56481662.295793824, NaN, NaN, NaN, NaN, NaN, NaN, NaN, NaN, NaN, NaN, NaN, NaN, NaN, NaN, NaN, NaN, NaN, NaN, NaN]	0.0	0.0	0.0
5016.624668862638	2.0	trials	12.0	0.0	0.0	0.0	0.0	0.0	True	1.0	0.0	1.0	[56491462.32816722, NaN, NaN, NaN, NaN, NaN, NaN, NaN, NaN, NaN, NaN, NaN, NaN, NaN, NaN, NaN, NaN, NaN, NaN, NaN]	0.0	0.0	0.0
5023.752087607379	2.0	trials	12.0	0.0	0.0	0.0	0.0	0.0	True	1.0	0.0	1.0	[56491476.328213476, NaN, NaN, NaN, NaN, NaN, NaN, NaN, NaN, NaN, NaN, NaN, NaN, NaN, NaN, NaN, NaN, NaN, NaN, NaN]	0.0	0.0	0.0
5031.324035820579	2.0	trials	12.0	0.0	0.0	0.0	0.0	0.0	True	1.0	0.0	1.0	[56491478.328220084, NaN, NaN, NaN, NaN, NaN, NaN, NaN, NaN, NaN, NaN, NaN, NaN, NaN, NaN, NaN, NaN, NaN, NaN, NaN]	0.0	0.0	0.0
5036.735976898406	2.0	trials	12.0	0.0	0.0	0.0	0.0	0.0	True	1.0	0.0	1.0	[56562632.563270785, NaN, NaN, NaN, NaN, NaN, NaN, NaN, NaN, NaN, NaN, NaN, NaN, NaN, NaN, NaN, NaN, NaN, NaN, NaN]	0.0	0.0	0.0
5044.476232867596	2.0	trials	12.0	0.0	0.0	0.0	0.0	0.0	True	1.0	0.0	1.0	[56562636.563283995, NaN, NaN, NaN, NaN, NaN, NaN, NaN, NaN, NaN, NaN, NaN, NaN, NaN, NaN, NaN, NaN, NaN, NaN, NaN]	0.0	0.0	0.0
5051.478371198485	2.0	trials	12.0	0.0	0.0	0.0	0.0	0.0	True	1.0	0.0	1.0	[56572453.59571355, NaN, NaN, NaN, NaN, NaN, NaN, NaN, NaN, NaN, NaN, NaN, NaN, NaN, NaN, NaN, NaN, NaN, NaN, NaN]	0.0	0.0	0.0
5059.356435622911	2.0	trials	12.0	0.0	0.0	0.0	0.0	0.0	True	0.0	0.0	0.0	[NaN, NaN, NaN, NaN, NaN, NaN, NaN, NaN, NaN, NaN, NaN, NaN, NaN, NaN, NaN, NaN, NaN, NaN, NaN, NaN]	0.0	0.0	0.0
5064.558337606893	2.0	trials	12.0	0.0	0.0	0.0	0.0	0.0	True	1.0	0.0	1.0	[56572456.595723465, NaN, NaN, NaN, NaN, NaN, NaN, NaN, NaN, NaN, NaN, NaN, NaN, NaN, NaN, NaN, NaN, NaN, NaN, NaN]	0.0	0.0	0.0
5072.736815823707	2.0	trials	12.0	0.0	0.0	0.0	0.0	0.0	True	1.0	0.0	1.0	[56572459.595733374, NaN, NaN, NaN, NaN, NaN, NaN, NaN, NaN, NaN, NaN, NaN, NaN, NaN, NaN, NaN, NaN, NaN, NaN, NaN]	0.0	0.0	0.0
