onset	duration	nwb_table	Block	sound	sound_puretone	sound_bluenoise	sound_freq	sound_amp	optogenetics	opto_freq	opto_power	opto_pulse_duration	opto_pulse_ts	airpuff	airpuff_duration	airpuff_amp
311.47479713011273	2.0	trials	1.0	1.0	1.0	0.0	10000.0	1.0	False	0.0	0.0	0.0	"[nan nan nan nan nan nan nan nan nan nan nan nan nan nan nan nan nan nan
 nan nan]"	0.0	0.0	0.0
321.5663512873513	2.0	trials	1.0	1.0	1.0	0.0	10000.0	1.0	False	0.0	0.0	0.0	"[nan nan nan nan nan nan nan nan nan nan nan nan nan nan nan nan nan nan
 nan nan]"	0.0	0.0	0.0
332.6245519164322	2.0	trials	1.0	1.0	1.0	0.0	10000.0	1.0	False	0.0	0.0	0.0	"[nan nan nan nan nan nan nan nan nan nan nan nan nan nan nan nan nan nan
 nan nan]"	0.0	0.0	0.0
341.3683479118663	2.0	trials	1.0	1.0	1.0	0.0	10000.0	1.0	False	0.0	0.0	0.0	"[nan nan nan nan nan nan nan nan nan nan nan nan nan nan nan nan nan nan
 nan nan]"	0.0	0.0	0.0
349.532225144429	2.0	trials	1.0	1.0	1.0	0.0	10000.0	1.0	False	0.0	0.0	0.0	"[nan nan nan nan nan nan nan nan nan nan nan nan nan nan nan nan nan nan
 nan nan]"	0.0	0.0	0.0
355.9821797758175	2.0	trials	1.0	1.0	1.0	0.0	10000.0	1.0	False	0.0	0.0	0.0	"[nan nan nan nan nan nan nan nan nan nan nan nan nan nan nan nan nan nan
 nan nan]"	0.0	0.0	0.0
366.4224455133524	2.0	trials	1.0	1.0	1.0	0.0	10000.0	1.0	False	0.0	0.0	0.0	"[nan nan nan nan nan nan nan nan nan nan nan nan nan nan nan nan nan nan
 nan nan]"	0.0	0.0	0.0
373.6045562228954	2.0	trials	1.0	1.0	1.0	0.0	10000.0	1.0	False	0.0	0.0	0.0	"[nan nan nan nan nan nan nan nan nan nan nan nan nan nan nan nan nan nan
 nan nan]"	0.0	0.0	0.0
382.22937901563665	2.0	trials	1.0	1.0	1.0	0.0	10000.0	1.0	False	0.0	0.0	0.0	"[nan nan nan nan nan nan nan nan nan nan nan nan nan nan nan nan nan nan
 nan nan]"	0.0	0.0	0.0
388.91676165065604	2.0	trials	1.0	1.0	1.0	0.0	10000.0	1.0	False	0.0	0.0	0.0	"[nan nan nan nan nan nan nan nan nan nan nan nan nan nan nan nan nan nan
 nan nan]"	0.0	0.0	0.0
396.6746439090332	2.0	trials	1.0	1.0	1.0	0.0	10000.0	1.0	False	0.0	0.0	0.0	"[nan nan nan nan nan nan nan nan nan nan nan nan nan nan nan nan nan nan
 nan nan]"	0.0	0.0	0.0
407.4866037046541	2.0	trials	1.0	1.0	1.0	0.0	10000.0	1.0	False	0.0	0.0	0.0	"[nan nan nan nan nan nan nan nan nan nan nan nan nan nan nan nan nan nan
 nan nan]"	0.0	0.0	0.0
413.78077860876954	2.0	trials	1.0	1.0	1.0	0.0	10000.0	1.0	False	0.0	0.0	0.0	"[nan nan nan nan nan nan nan nan nan nan nan nan nan nan nan nan nan nan
 nan nan]"	0.0	0.0	0.0
422.54954428871935	2.0	trials	1.0	1.0	1.0	0.0	10000.0	1.0	False	0.0	0.0	0.0	"[nan nan nan nan nan nan nan nan nan nan nan nan nan nan nan nan nan nan
 nan nan]"	0.0	0.0	0.0
432.11690787171165	2.0	trials	1.0	1.0	1.0	0.0	10000.0	1.0	False	0.0	0.0	0.0	"[nan nan nan nan nan nan nan nan nan nan nan nan nan nan nan nan nan nan
 nan nan]"	0.0	0.0	0.0
442.70949732482205	2.0	trials	1.0	1.0	1.0	0.0	10000.0	1.0	False	0.0	0.0	0.0	"[nan nan nan nan nan nan nan nan nan nan nan nan nan nan nan nan nan nan
 nan nan]"	0.0	0.0	0.0
452.9073238417644	2.0	trials	1.0	1.0	1.0	0.0	10000.0	1.0	False	0.0	0.0	0.0	"[nan nan nan nan nan nan nan nan nan nan nan nan nan nan nan nan nan nan
 nan nan]"	0.0	0.0	0.0
461.0673994614597	2.0	trials	1.0	1.0	1.0	0.0	10000.0	1.0	False	0.0	0.0	0.0	"[nan nan nan nan nan nan nan nan nan nan nan nan nan nan nan nan nan nan
 nan nan]"	0.0	0.0	0.0
470.9439032908097	2.0	trials	1.0	1.0	1.0	0.0	10000.0	1.0	False	0.0	0.0	0.0	"[nan nan nan nan nan nan nan nan nan nan nan nan nan nan nan nan nan nan
 nan nan]"	0.0	0.0	0.0
477.9692838698627	2.0	trials	1.0	1.0	1.0	0.0	10000.0	1.0	False	0.0	0.0	0.0	"[nan nan nan nan nan nan nan nan nan nan nan nan nan nan nan nan nan nan
 nan nan]"	0.0	0.0	0.0
487.6476718286431	2.0	trials	1.0	1.0	1.0	0.0	10000.0	1.0	False	0.0	0.0	0.0	"[nan nan nan nan nan nan nan nan nan nan nan nan nan nan nan nan nan nan
 nan nan]"	0.0	0.0	0.0
496.3592405149963	2.0	trials	1.0	1.0	1.0	0.0	10000.0	1.0	False	0.0	0.0	0.0	"[nan nan nan nan nan nan nan nan nan nan nan nan nan nan nan nan nan nan
 nan nan]"	0.0	0.0	0.0
505.36716220442594	2.0	trials	1.0	1.0	1.0	0.0	10000.0	1.0	False	0.0	0.0	0.0	"[nan nan nan nan nan nan nan nan nan nan nan nan nan nan nan nan nan nan
 nan nan]"	0.0	0.0	0.0
513.0458153946337	2.0	trials	1.0	1.0	1.0	0.0	10000.0	1.0	False	0.0	0.0	0.0	"[nan nan nan nan nan nan nan nan nan nan nan nan nan nan nan nan nan nan
 nan nan]"	0.0	0.0	0.0
523.2645507823471	2.0	trials	1.0	1.0	1.0	0.0	10000.0	1.0	False	0.0	0.0	0.0	"[nan nan nan nan nan nan nan nan nan nan nan nan nan nan nan nan nan nan
 nan nan]"	0.0	0.0	0.0
530.4543511179174	2.0	trials	1.0	1.0	1.0	0.0	10000.0	1.0	False	0.0	0.0	0.0	"[nan nan nan nan nan nan nan nan nan nan nan nan nan nan nan nan nan nan
 nan nan]"	0.0	0.0	0.0
537.1607418172741	2.0	trials	1.0	1.0	1.0	0.0	10000.0	1.0	False	0.0	0.0	0.0	"[nan nan nan nan nan nan nan nan nan nan nan nan nan nan nan nan nan nan
 nan nan]"	0.0	0.0	0.0
546.574226479427	2.0	trials	1.0	1.0	1.0	0.0	10000.0	1.0	False	0.0	0.0	0.0	"[nan nan nan nan nan nan nan nan nan nan nan nan nan nan nan nan nan nan
 nan nan]"	0.0	0.0	0.0
557.4221287967039	2.0	trials	1.0	1.0	1.0	0.0	10000.0	1.0	False	0.0	0.0	0.0	"[nan nan nan nan nan nan nan nan nan nan nan nan nan nan nan nan nan nan
 nan nan]"	0.0	0.0	0.0
566.1642831865814	2.0	trials	1.0	1.0	1.0	0.0	10000.0	1.0	False	0.0	0.0	0.0	"[nan nan nan nan nan nan nan nan nan nan nan nan nan nan nan nan nan nan
 nan nan]"	0.0	0.0	0.0
573.4001348780234	2.0	trials	1.0	1.0	1.0	0.0	10000.0	1.0	False	0.0	0.0	0.0	"[nan nan nan nan nan nan nan nan nan nan nan nan nan nan nan nan nan nan
 nan nan]"	0.0	0.0	0.0
583.4203223937049	2.0	trials	1.0	1.0	1.0	0.0	10000.0	1.0	False	0.0	0.0	0.0	"[nan nan nan nan nan nan nan nan nan nan nan nan nan nan nan nan nan nan
 nan nan]"	0.0	0.0	0.0
593.8303480288849	2.0	trials	1.0	1.0	1.0	0.0	10000.0	1.0	False	0.0	0.0	0.0	"[nan nan nan nan nan nan nan nan nan nan nan nan nan nan nan nan nan nan
 nan nan]"	0.0	0.0	0.0
600.6427518870682	2.0	trials	1.0	1.0	1.0	0.0	10000.0	1.0	False	0.0	0.0	0.0	"[nan nan nan nan nan nan nan nan nan nan nan nan nan nan nan nan nan nan
 nan nan]"	0.0	0.0	0.0
608.3922533170785	2.0	trials	1.0	1.0	1.0	0.0	10000.0	1.0	False	0.0	0.0	0.0	"[nan nan nan nan nan nan nan nan nan nan nan nan nan nan nan nan nan nan
 nan nan]"	0.0	0.0	0.0
616.4800118919995	2.0	trials	1.0	1.0	1.0	0.0	10000.0	1.0	False	0.0	0.0	0.0	"[nan nan nan nan nan nan nan nan nan nan nan nan nan nan nan nan nan nan
 nan nan]"	0.0	0.0	0.0
626.2851490797926	2.0	trials	1.0	1.0	1.0	0.0	10000.0	1.0	False	0.0	0.0	0.0	"[nan nan nan nan nan nan nan nan nan nan nan nan nan nan nan nan nan nan
 nan nan]"	0.0	0.0	0.0
636.5629822675363	2.0	trials	1.0	1.0	1.0	0.0	10000.0	1.0	False	0.0	0.0	0.0	"[nan nan nan nan nan nan nan nan nan nan nan nan nan nan nan nan nan nan
 nan nan]"	0.0	0.0	0.0
644.080585312632	2.0	trials	1.0	1.0	1.0	0.0	10000.0	1.0	False	0.0	0.0	0.0	"[nan nan nan nan nan nan nan nan nan nan nan nan nan nan nan nan nan nan
 nan nan]"	0.0	0.0	0.0
651.0888586337815	2.0	trials	1.0	1.0	1.0	0.0	10000.0	1.0	False	0.0	0.0	0.0	"[nan nan nan nan nan nan nan nan nan nan nan nan nan nan nan nan nan nan
 nan nan]"	0.0	0.0	0.0
662.1228671809786	2.0	trials	1.0	1.0	1.0	0.0	10000.0	1.0	False	0.0	0.0	0.0	"[nan nan nan nan nan nan nan nan nan nan nan nan nan nan nan nan nan nan
 nan nan]"	0.0	0.0	0.0
669.8152580176846	2.0	trials	1.0	1.0	1.0	0.0	10000.0	1.0	False	0.0	0.0	0.0	"[nan nan nan nan nan nan nan nan nan nan nan nan nan nan nan nan nan nan
 nan nan]"	0.0	0.0	0.0
676.666801208344	2.0	trials	1.0	1.0	1.0	0.0	10000.0	1.0	False	0.0	0.0	0.0	"[nan nan nan nan nan nan nan nan nan nan nan nan nan nan nan nan nan nan
 nan nan]"	0.0	0.0	0.0
685.6246107281572	2.0	trials	1.0	1.0	1.0	0.0	10000.0	1.0	False	0.0	0.0	0.0	"[nan nan nan nan nan nan nan nan nan nan nan nan nan nan nan nan nan nan
 nan nan]"	0.0	0.0	0.0
693.0588374910462	2.0	trials	1.0	1.0	1.0	0.0	10000.0	1.0	False	0.0	0.0	0.0	"[nan nan nan nan nan nan nan nan nan nan nan nan nan nan nan nan nan nan
 nan nan]"	0.0	0.0	0.0
703.9370663109702	2.0	trials	1.0	1.0	1.0	0.0	10000.0	1.0	False	0.0	0.0	0.0	"[nan nan nan nan nan nan nan nan nan nan nan nan nan nan nan nan nan nan
 nan nan]"	0.0	0.0	0.0
714.2587044469822	2.0	trials	1.0	1.0	1.0	0.0	10000.0	1.0	False	0.0	0.0	0.0	"[nan nan nan nan nan nan nan nan nan nan nan nan nan nan nan nan nan nan
 nan nan]"	0.0	0.0	0.0
722.1251918729591	2.0	trials	1.0	1.0	1.0	0.0	10000.0	1.0	False	0.0	0.0	0.0	"[nan nan nan nan nan nan nan nan nan nan nan nan nan nan nan nan nan nan
 nan nan]"	0.0	0.0	0.0
729.0535449235994	2.0	trials	1.0	1.0	1.0	0.0	10000.0	1.0	False	0.0	0.0	0.0	"[nan nan nan nan nan nan nan nan nan nan nan nan nan nan nan nan nan nan
 nan nan]"	0.0	0.0	0.0
738.7119744148258	2.0	trials	1.0	1.0	1.0	0.0	10000.0	1.0	False	0.0	0.0	0.0	"[nan nan nan nan nan nan nan nan nan nan nan nan nan nan nan nan nan nan
 nan nan]"	0.0	0.0	0.0
803.8798269907503	2.0	trials	2.0	1.0	1.0	0.0	10000.0	1.0	True	40.0	0.0	0.005	"[9312276.69164226 9312565.69262045 9312856.69360541 9313144.69458022
 9313434.69556179 9313725.69654675 9314014.69752494 9314304.69850652
 9314593.69948471 9314883.70046628 9315172.70144447 9315462.70242604
 9315752.70340762 9316042.70438919 9316330.705364   9316620.70634557
 9316911.70733053 9317200.70830872 9317490.7092903  9317780.71027187]"	0.0	0.0	0.0
810.0511406790132	2.0	trials	2.0	1.0	1.0	0.0	10000.0	1.0	True	40.0	0.0	0.005	"[9383702.93340072 9383992.9343823  9384282.93536387 9384571.93634206
 9384860.93732025 9385150.93830182 9385439.93928001 9385730.94026497
 9386019.94124316 9386310.94222812 9386598.94320293 9386888.9441845
 9387178.94516608 9387468.94614765 9387757.94712584 9388047.94810742
 9388336.94908561 9388626.95006718 9388916.95104875 9389206.95203033]"	0.0	0.0	0.0
819.2523398226357	2.0	trials	2.0	1.0	1.0	0.0	10000.0	1.0	True	40.0	0.0	0.005	"[9490198.29385863 9490489.29484359 9490778.29582178 9491068.29680336
 9491357.29778155 9491647.29876312 9491936.29974131 9492226.30072289
 9492516.30170446 9492806.30268604 9493094.30366084 9493384.30464242
 9493674.30562399 9493964.30660557 9494254.30758714 9494543.30856533
 9494833.3095469  9495123.31052848 9495412.31150667 9495702.31248824]"	0.0	0.0	0.0
825.4503512012631	2.0	trials	2.0	1.0	1.0	0.0	10000.0	1.0	True	40.0	0.0	0.005	"[9561934.53666636 9562225.53765132 9562514.53862951 9562804.53961108
 9563093.54058927 9563382.54156747 9563673.54255242 9563962.54353062
 9564252.54451219 9564541.54549038 9564832.54647534 9565121.54745353
 9565411.5484351  9565700.54941329 9565989.55039148 9566280.55137644
 9566569.55235463 9566859.55333621 9567148.5543144  9567438.55529597]"	0.0	0.0	0.0
833.3775780328266	2.0	trials	2.0	1.0	1.0	0.0	10000.0	1.0	True	40.0	0.0	0.005	"[9653685.84721966 9653974.84819785 9654264.84917943 9654553.85015762
 9654843.85113919 9655133.85212077 9655422.85309896 9655712.85408053
 9656001.85505872 9656291.8560403  9656580.85701849 9656871.85800345
 9657160.85898164 9657450.85996321 9657739.8609414  9658029.86192298
 9658319.86290455 9658607.86387936 9658898.86486432 9659187.8658425 ]"	0.0	0.0	0.0
843.4146136055343	2.0	trials	2.0	1.0	1.0	0.0	10000.0	1.0	True	40.0	0.0	0.005	"[9769854.24041817 9770145.24140313 9770434.24238132 9770724.24336289
 9771013.24434108 9771303.24532266 9771592.24630085 9771882.24728242
 9772172.248264   9772461.24924219 9772751.25022376 9773040.25120195
 9773330.25218353 9773620.2531651  9773909.25414329 9774198.25512148
 9774489.25610644 9774778.25708463 9775068.25806621 9775358.25904778]"	0.0	0.0	0.0
851.1845919048533	2.0	trials	2.0	1.0	1.0	0.0	10000.0	1.0	True	40.0	0.0	0.005	"[9859785.54481125 9860074.54578944 9860363.54676763 9860653.5477492
 9860943.54873077 9861232.54970896 9861523.55069392 9861811.55166873
 9862102.55265369 9862391.55363188 9862681.55461345 9862971.55559503
 9863261.5565766  9863550.55755479 9863840.55853637 9864129.55951456
 9864419.56049613 9864708.56147432 9864998.5624559  9865288.56343747]"	0.0	0.0	0.0
861.0667117532122	2.0	trials	2.0	1.0	1.0	0.0	10000.0	1.0	True	40.0	0.0	0.005	"[9974160.93194091 9974449.9329191  9974739.93390068 9975029.93488225
 9975318.93586044 9975608.93684202 9975898.93782359 9976188.93880517
 9976478.93978674 9976767.94076493 9977056.94174312 9977346.9427247
 9977636.94370627 9977925.94468446 9978215.94566603 9978504.94664422
 9978795.94762918 9979084.94860737 9979373.94958556 9979663.95056714]"	0.0	0.0	0.0
867.5590889281898	2.0	trials	2.0	1.0	1.0	0.0	10000.0	1.0	True	40.0	0.0	0.005	"[10049305.18628383 10049594.18726202 10049884.1882436  10050173.18922179
 10050463.19020336 10050752.19118155 10051043.19216651 10051331.19314132
 10051622.19412628 10051911.19510447 10052201.19608604 10052490.19706423
 10052780.19804581 10053070.19902738 10053359.20000557 10053649.20098715
 10053938.20196534 10054228.20294691 10054517.2039251  10054807.20490668]"	0.0	0.0	0.0
874.1940265856967	2.0	trials	2.0	1.0	1.0	0.0	10000.0	1.0	True	40.0	0.0	0.005	"[10126098.44620819 10126387.44718638 10126677.44816796 10126966.44914615
 10127256.45012772 10127545.45110591 10127834.4520841  10128125.45306906
 10128415.45405064 10128704.45502883 10128994.4560104  10129283.45698859
 10129573.45797016 10129863.45895174 10130153.45993331 10130442.4609115
 10130732.46189308 10131021.46287127 10131310.46384946 10131600.46483104]"	0.0	0.0	0.0
883.3464959643821	2.0	trials	2.0	1.0	1.0	0.0	10000.0	1.0	True	40.0	0.0	0.005	"[10232028.80475373 10232318.8057353  10232607.80671349 10232897.80769507
 10233187.80867664 10233476.80965483 10233766.81063641 10234055.8116146
 10234346.81259956 10234634.81357436 10234925.81455932 10235214.81553751
 10235503.8165157  10235793.81749728 10236084.81848224 10236373.81946043
 10236662.82043862 10236951.82141681 10237241.82239838 10237531.82337995]"	0.0	0.0	0.0
894.4210262487346	2.0	trials	2.0	1.0	1.0	0.0	10000.0	1.0	True	40.0	0.0	0.005	"[10360207.23860297 10360496.23958115 10360785.24055935 10361076.2415443
 10361365.24252249 10361655.24350407 10361945.24448564 10362234.24546383
 10362523.24644203 10362813.2474236  10363102.24840179 10363392.24938336
 10363683.25036832 10363972.25134651 10364262.25232809 10364551.25330628
 10364840.25428447 10365131.25526943 10365420.25624762 10365710.25722919]"	0.0	0.0	0.0
902.3651011373245	2.0	trials	2.0	1.0	1.0	0.0	10000.0	1.0	True	40.0	0.0	0.005	"[10452151.54980952 10452441.5507911  10452731.55177267 10453020.55275086
 10453310.55373244 10453599.55471063 10453889.5556922  10454179.55667378
 10454468.55765197 10454758.55863354 10455048.55961512 10455338.56059669
 10455627.56157488 10455916.56255307 10456206.56353465 10456496.56451622
 10456785.56549441 10457075.56647599 10457365.56745756 10457655.56843914]"	0.0	0.0	0.0
910.3869362891123	2.0	trials	2.0	1.0	1.0	0.0	10000.0	1.0	True	40.0	0.0	0.005	"[10544996.86406573 10545285.86504392 10545576.86602888 10545866.86701046
 10546155.86798865 10546444.86896684 10546734.86994841 10547024.87092999
 10547312.87190479 10547603.87288975 10547892.87386794 10548183.8748529
 10548472.87583109 10548761.87680928 10549052.87779424 10549341.87877243
 10549631.879754   10549920.8807322  10550209.88171038 10550499.88269196]"	0.0	0.0	0.0
919.0917657526551	2.0	trials	2.0	1.0	1.0	0.0	10000.0	1.0	True	40.0	0.0	0.005	"[10645748.2050817  10646038.20606327 10646328.20704485 10646617.20802304
 10646907.20900461 10647196.2099828  10647486.21096438 10647776.21194595
 10648065.21292414 10648355.21390572 10648645.21488729 10648934.21586548
 10649223.21684367 10649513.21782525 10649803.21880682 10650092.21978501
 10650383.22076997 10650672.22174816 10650961.22272635 10651251.22370792]"	0.0	0.0	0.0
926.6472121258404	2.0	trials	2.0	1.0	1.0	0.0	10000.0	1.0	True	40.0	0.0	0.005	"[10733194.5010637  10733485.50204866 10733773.50302346 10734063.50400503
 10734353.50498661 10734642.5059648  10734931.50694299 10735223.50793133
 10735512.50890952 10735801.50988771 10736091.51086929 10736381.51185086
 10736670.51282905 10736959.51380724 10737250.5147922  10737540.51577378
 10737829.51675197 10738119.51773354 10738408.51871173 10738698.51969331]"	0.0	0.0	0.0
937.3217090561859	2.0	trials	2.0	1.0	1.0	0.0	10000.0	1.0	True	40.0	0.0	0.005	"[10856741.9192382  10857030.92021639 10857321.92120135 10857610.92217954
 10857900.92316111 10858189.9241393  10858479.92512088 10858769.92610245
 10859059.92708403 10859348.92806222 10859637.92904041 10859928.93002537
 10860217.93100356 10860506.93198175 10860796.93296332 10861085.93394151
 10861375.93492309 10861665.93590466 10861955.93688624 10862244.93786442]"	0.0	0.0	0.0
944.3499408448894	2.0	trials	2.0	1.0	1.0	0.0	10000.0	1.0	True	40.0	0.0	0.005	"[10938087.1945699  10938376.19554809 10938667.19653304 10938956.19751124
 10939246.19849281 10939536.19947439 10939826.20045596 10940114.20143076
 10940405.20241572 10940694.20339391 10940983.2043721  10941273.20535368
 10941562.20633187 10941853.20731683 10942142.20829502 10942431.20927321
 10942722.21025817 10943012.21123974 10943301.21221793 10943591.21319951]"	0.0	0.0	0.0
955.051653867354	2.0	trials	2.0	1.0	1.0	0.0	10000.0	1.0	True	40.0	0.0	0.005	"[11061949.61381059 11062239.61479217 11062528.61577036 11062819.61675532
 11063109.61773689 11063398.61871508 11063688.61969666 11063977.62067485
 11064266.62165304 11064556.62263461 11064846.62361619 11065136.62459776
 11065425.62557595 11065716.62656091 11066005.6275391  11066294.62851729
 11066584.62949886 11066873.63047705 11067163.63145863 11067452.63243682]"	0.0	0.0	0.0
964.3695798060661	2.0	trials	2.0	1.0	1.0	0.0	10000.0	1.0	True	40.0	0.0	0.005	"[11169795.97884129 11170085.97982287 11170375.98080444 11170665.98178602
 11170954.9827642  11171244.98374578 11171534.98472735 11171823.98570555
 11172113.98668712 11172403.98766869 11172692.98864688 11172981.98962507
 11173271.99060665 11173561.99158822 11173851.9925698  11174140.99354799
 11174429.99452618 11174719.99550775 11175009.99648933 11175299.9974709 ]"	0.0	0.0	0.0
973.5916014201673	2.0	trials	2.0	1.0	1.0	0.0	10000.0	1.0	True	40.0	0.0	0.005	"[11276532.34011493 11276823.34109989 11277112.34207808 11277402.34305965
 11277691.34403784 11277980.34501603 11278270.34599761 11278560.34697918
 11278850.34796076 11279139.34893895 11279429.34992052 11279718.35089871
 11280008.35188028 11280297.35285847 11280588.35384343 11280877.35482162
 11281167.3558032  11281456.35678139 11281746.35776296 11282036.35874454]"	0.0	0.0	0.0
981.209083203326	2.0	trials	2.0	1.0	1.0	0.0	10000.0	1.0	True	40.0	0.0	0.005	"[11364697.63853055 11364987.63951213 11365276.64049032 11365566.64147189
 11365855.64245008 11366145.64343166 11366435.64441323 11366725.64539481
 11367015.64637638 11367304.64735457 11367594.64833614 11367884.64931772
 11368173.65029591 11368462.6512741  11368752.65225567 11369042.65323725
 11369332.65421882 11369621.65519701 11369911.65617859 11370201.65716016]"	0.0	0.0	0.0
987.5837831799975	2.0	trials	2.0	1.0	1.0	0.0	10000.0	1.0	True	40.0	0.0	0.005	"[11438478.88826007 11438768.88924165 11439058.89022322 11439348.8912048
 11439637.89218299 11439927.89316456 11440216.89414275 11440506.89512433
 11440795.89610252 11441085.89708409 11441376.89806905 11441664.89904385
 11441954.90002543 11442244.90100701 11442534.90198858 11442823.90296677
 11443112.90394496 11443403.90492992 11443692.90590811 11443982.90688968]"	0.0	0.0	0.0
993.7404088185449	2.0	trials	2.0	1.0	1.0	0.0	10000.0	1.0	True	40.0	0.0	0.005	"[11509737.12944989 11510027.13043147 11510316.13140966 11510606.13239123
 11510895.13336943 11511185.134351   11511474.13532919 11511764.13631076
 11512054.13729234 11512344.13827391 11512634.13925549 11512923.14023368
 11513212.14121187 11513502.14219344 11513791.14317163 11514081.14415321
 11514371.14513478 11514660.14611297 11514950.14709455 11515240.14807612]"	0.0	0.0	0.0
1001.6780900854941	2.0	trials	2.0	1.0	1.0	0.0	10000.0	1.0	True	40.0	0.0	0.005	"[11601607.44040598 11601897.44138756 11602186.44236575 11602476.44334732
 11602766.4443289  11603056.44531047 11603345.44628866 11603635.44727024
 11603924.44824843 11604215.44923338 11604504.45021158 11604793.45118977
 11605083.45217134 11605373.45315291 11605663.45413449 11605952.45511268
 11606242.45609425 11606532.45707583 11606822.4580574  11607111.45903559]"	0.0	0.0	0.0
1007.8341109219946	2.0	trials	2.0	1.0	1.0	0.0	10000.0	1.0	True	40.0	0.0	0.005	"[11672858.68157211 11673148.68255369 11673438.68353526 11673727.68451345
 11674016.68549164 11674306.68647321 11674595.6874514  11674885.68843298
 11675175.68941455 11675464.69039274 11675755.6913777  11676043.69235251
 11676333.69333408 11676623.69431566 11676913.69529723 11677202.69627542
 11677492.697257   11677782.69823857 11678072.69922015 11678361.70019834]"	0.0	0.0	0.0
1014.7937408784991	2.0	trials	2.0	1.0	1.0	0.0	10000.0	1.0	True	40.0	0.0	0.005	"[11753409.95421632 11753699.9551979  11753988.95617609 11754277.95715428
 11754567.95813585 11754856.95911404 11755147.960099   11755437.96108058
 11755726.96205877 11756016.96304034 11756305.96401853 11756595.96500011
 11756884.96597829 11757174.96695987 11757464.96794144 11757754.96892302
 11758043.96990121 11758333.97088278 11758622.97186097 11758913.97284593]"	0.0	0.0	0.0
1024.3587716535953	2.0	trials	2.0	1.0	1.0	0.0	10000.0	1.0	True	40.0	0.0	0.005	"[11864117.32893076 11864405.32990557 11864695.33088714 11864985.33186872
 11865274.33284691 11865564.33382848 11865853.33480667 11866144.33579163
 11866434.33677321 11866723.33775139 11867012.33872958 11867301.33970778
 11867592.34069273 11867882.34167431 11868171.3426525  11868460.34363069
 11868750.34461226 11869040.34559384 11869329.34657203 11869620.34755699]"	0.0	0.0	0.0
1032.3802612042134	2.0	trials	2.0	1.0	1.0	0.0	10000.0	1.0	True	40.0	0.0	0.005	"[11956957.64317005 11957247.64415162 11957535.64512643 11957825.646108
 11958115.64708958 11958405.64807115 11958694.64904934 11958984.65003092
 11959274.65101249 11959564.65199407 11959853.65297225 11960142.65395045
 11960433.65493541 11960722.65591359 11961011.65689179 11961301.65787336
 11961591.65885493 11961881.65983651 11962170.6608147  11962460.66179627]"	0.0	0.0	0.0
1040.5340296025604	2.0	trials	2.0	1.0	1.0	0.0	10000.0	1.0	True	40.0	0.0	0.005	"[12051327.96258799 12051618.96357295 12051907.96455114 12052198.96553609
 12052487.96651429 12052777.96749586 12053067.96847743 12053356.96945562
 12053645.97043381 12053935.97141539 12054225.97239696 12054514.97337515
 12054804.97435673 12055094.9753383  12055383.97631649 12055673.97729807
 12055962.97827626 12056252.97925783 12056542.98023941 12056832.98122098]"	0.0	0.0	0.0
1047.5304660836453	2.0	trials	2.0	1.0	1.0	0.0	10000.0	1.0	True	40.0	0.0	0.005	"[12132306.23667748 12132595.23765567 12132886.23864063 12133175.23961882
 12133465.2406004  12133754.24157859 12134044.24256016 12134334.24354173
 12134624.24452331 12134913.2455015  12135203.24648307 12135492.24746126
 12135782.24844284 12136071.24942103 12136361.2504026  12136652.25138756
 12136940.25236237 12137231.25334733 12137520.25432552 12137809.25530371]"	0.0	0.0	0.0
1057.1669499005911	2.0	trials	2.0	1.0	1.0	0.0	10000.0	1.0	True	40.0	0.0	0.005	"[12243839.61418772 12244129.61516929 12244418.61614748 12244708.61712906
 12244998.61811063 12245287.61908882 12245577.6200704  12245867.62105197
 12246157.62203354 12246447.62301512 12246736.62399331 12247025.6249715
 12247314.62594969 12247604.62693126 12247895.62791623 12248184.62889441
 12248474.62987599 12248763.63085418 12249054.63183914 12249342.63281394]"	0.0	0.0	0.0
1065.667183471631	2.0	trials	2.0	1.0	1.0	0.0	10000.0	1.0	True	40.0	0.0	0.005	"[12342222.94718862 12342511.94816681 12342801.94914838 12343090.95012657
 12343381.95111153 12343669.95208634 12343959.95306791 12344249.95404949
 12344538.95502768 12344829.95601264 12345117.95698744 12345407.95796902
 12345697.95895059 12345987.95993217 12346276.96091035 12346566.96189193
 12346856.96287351 12347145.96385169 12347435.96483327 12347724.96581146]"	0.0	0.0	0.0
1074.9503764927813	2.0	trials	2.0	1.0	1.0	0.0	10000.0	1.0	True	40.0	0.0	0.005	"[12449666.31085527 12449957.31184023 12450245.31281503 12450535.3137966
 12450825.31477818 12451115.31575976 12451404.31673795 12451693.31771613
 12451984.31870109 12452273.31967928 12452563.32066086 12452852.32163905
 12453142.32262062 12453431.32359881 12453722.32458377 12454010.32555858
 12454300.32654015 12454591.32752511 12454880.3285033  12455170.32948488]"	0.0	0.0	0.0
1085.2588817843418	2.0	trials	2.0	1.0	1.0	0.0	10000.0	1.0	True	40.0	0.0	0.005	"[12568977.71469201 12569267.71567359 12569557.71665516 12569847.71763673
 12570136.71861492 12570426.7195965  12570715.72057469 12571005.72155626
 12571294.72253445 12571584.72351603 12571874.7244976  12572164.72547918
 12572454.72646075 12572744.72744233 12573033.72842052 12573322.72939871
 12573612.73038028 12573902.73136186 12574191.73234005 12574481.73332162]"	0.0	0.0	0.0
1093.454727125108	2.0	trials	2.0	1.0	1.0	0.0	10000.0	1.0	True	40.0	0.0	0.005	"[12663838.03576847 12664128.03675005 12664416.03772485 12664706.03870643
 12664996.039688   12665286.04066958 12665576.04165115 12665865.04262934
 12666154.04360753 12666445.04459249 12666734.04557068 12667024.04655225
 12667313.04753044 12667603.04851202 12667893.04949359 12668182.05047178
 12668473.05145674 12668762.05243493 12669051.05341312 12669341.0543947 ]"	0.0	0.0	0.0
1099.7369787888663	2.0	trials	2.0	1.0	1.0	0.0	10000.0	1.0	True	40.0	0.0	0.005	"[12736549.28187632 12736839.28285789 12737128.28383608 12737417.28481428
 12737707.28579585 12737997.28677742 12738287.287759   12738575.2887338
 12738866.28971877 12739156.29070034 12739446.29168191 12739735.2926601
 12740025.29364168 12740314.29461987 12740604.29560144 12740893.29657963
 12741184.29756459 12741473.29854278 12741762.29952097 12742052.30050255]"	0.0	0.0	0.0
1110.1649756848744	2.0	trials	2.0	1.0	1.0	0.0	10000.0	1.0	True	40.0	0.0	0.005	"[12857243.69039416 12857532.69137235 12857822.69235392 12858112.6933355
 12858402.69431707 12858691.69529526 12858980.69627346 12859270.69725503
 12859560.69823661 12859849.69921479 12860140.70019975 12860429.70117794
 12860718.70215613 12861008.70313771 12861297.7041159  12861587.70509747
 12861877.70607905 12862167.70706062 12862456.70803881 12862747.70902377]"	0.0	0.0	0.0
1118.5892633988576	2.0	trials	2.0	1.0	1.0	0.0	10000.0	1.0	True	40.0	0.0	0.005	"[12954746.0204131  12955036.02139468 12955326.02237626 12955616.02335783
 12955905.02433602 12956195.02531759 12956484.02629578 12956774.02727736
 12957064.02825893 12957354.02924051 12957643.0302187  12957932.03119689
 12958223.03218185 12958511.03315665 12958802.03414161 12959091.0351198
 12959381.03610137 12959671.03708295 12959960.03806114 12960250.03904272]"	0.0	0.0	0.0
1124.9309584638163	2.0	trials	2.0	1.0	1.0	0.0	10000.0	1.0	True	40.0	0.0	0.005	"[13028145.26884965 13028435.26983123 13028724.27080942 13029014.27179099
 13029304.27277257 13029594.27375414 13029883.27473234 13030173.27571391
 13030463.27669548 13030752.27767367 13031042.27865525 13031332.27963682
 13031620.28061163 13031910.2815932  13032200.28257478 13032489.28355297
 13032779.28453454 13033069.28551612 13033358.28649431 13033649.28747926]"	0.0	0.0	0.0
1133.8771903444422	2.0	trials	2.0	1.0	1.0	0.0	10000.0	1.0	True	40.0	0.0	0.005	"[13131689.6193192  13131979.62030078 13132268.62127896 13132558.62226054
 13132848.62324212 13133137.6242203  13133427.62520188 13133716.62618007
 13134007.62716503 13134295.62813983 13134585.62912141 13134876.63010637
 13135165.63108456 13135455.63206613 13135744.63304432 13136033.63402251
 13136323.63500409 13136613.63598566 13136902.63696385 13137193.63794881]"	0.0	0.0	0.0
1140.8850316641297	2.0	trials	2.0	1.0	1.0	0.0	10000.0	1.0	True	40.0	0.0	0.005	"[13212798.8938521  13213088.89483367 13213378.89581525 13213668.89679682
 13213957.89777501 13214246.8987532  13214537.89973816 13214826.90071635
 13215116.90169793 13215406.9026795  13215695.90365769 13215985.90463926
 13216274.90561746 13216563.90659565 13216853.90757722 13217143.9085588
 13217433.90954037 13217722.91051856 13218012.91150014 13218303.91248509]"	0.0	0.0	0.0
1150.7415770259256	2.0	trials	2.0	1.0	1.0	0.0	10000.0	1.0	True	40.0	0.0	0.005	"[13326880.27998665 13327169.28096484 13327458.28194303 13327748.28292461
 13328038.28390618 13328328.28488776 13328617.28586595 13328907.28684752
 13329196.28782571 13329487.28881067 13329776.28978886 13330066.29077043
 13330355.29174862 13330644.29272681 13330934.29370839 13331224.29468996
 13331514.29567154 13331803.29664973 13332093.2976313  13332383.29861288]"	0.0	0.0	0.0
1157.985204743687	2.0	trials	2.0	1.0	1.0	0.0	10000.0	1.0	True	40.0	0.0	0.005	"[13410718.56375651 13411007.5647347  13411297.56571627 13411586.56669446
 13411876.56767603 13412166.56865761 13412455.5696358  13412745.57061737
 13413034.57159556 13413324.57257714 13413614.57355871 13413904.57454029
 13414194.57552186 13414483.57650005 13414773.57748163 13415062.57845981
 13415352.57944139 13415641.58041958 13415932.58140454 13416220.58237935]"	0.0	0.0	0.0
1168.823689429088	2.0	trials	2.0	1.0	1.0	0.0	10000.0	1.0	True	40.0	0.0	0.005	"[13536163.98835525 13536451.98933005 13536742.99031501 13537031.9912932
 13537321.99227478 13537610.99325297 13537901.99423793 13538190.99521611
 13538480.99619769 13538769.99717588 13539058.99815407 13539349.99913903
 13539640.0001206  13539929.00109879 13540218.00207699 13540508.00305856
 13540798.00404013 13541087.00501832 13541377.0059999  13541667.00698148]"	0.0	0.0	0.0
1178.4931781577466	2.0	trials	2.0	1.0	1.0	0.0	10000.0	1.0	True	40.0	0.0	0.005	"[13648079.36715845 13648368.36813664 13648658.36911822 13648947.37009641
 13649237.37107798 13649527.37205956 13649816.37303775 13650106.37401932
 13650395.37499751 13650686.37598247 13650975.37696066 13651264.37793885
 13651554.37892042 13651844.379902   13652133.38088019 13652423.38186176
 13652713.38284334 13653003.38382491 13653292.38480311 13653582.38578468]"	0.0	0.0	0.0
1188.5203640971158	2.0	trials	2.0	1.0	1.0	0.0	10000.0	1.0	True	40.0	0.0	0.005	"[13764134.75997448 13764423.76095267 13764713.76193425 13765003.76291582
 13765292.76389401 13765582.76487559 13765871.76585378 13766160.76683197
 13766450.76781354 13766740.76879512 13767030.76977669 13767319.77075488
 13767609.77173646 13767899.77271803 13768189.77369961 13768478.7746778
 13768769.77566276 13769057.77663756 13769347.77761913 13769636.77859732]"	0.0	0.0	0.0
1194.7598476161154	2.0	trials	2.0	1.0	1.0	0.0	10000.0	1.0	True	40.0	0.0	0.005	"[13836350.0044035  13836640.00538507 13836930.00636665 13837219.00734484
 13837509.00832641 13837799.00930799 13838088.01028618 13838377.01126437
 13838667.01224594 13838957.01322752 13839247.0142091  13839535.0151839
 13839826.01616886 13840115.01714705 13840405.01812862 13840694.01910681
 13840984.02008839 13841275.02107335 13841563.02204815 13841853.02302973]"	0.0	0.0	0.0
1202.895558353342	2.0	trials	2.0	1.0	1.0	0.0	10000.0	1.0	True	40.0	0.0	0.005	"[13930514.32312418 13930803.32410237 13931093.32508394 13931383.32606552
 13931672.32704371 13931962.32802529 13932252.32900686 13932541.32998505
 13932830.33096324 13933121.3319482  13933411.33292978 13933699.33390458
 13933990.33488954 13934279.33586773 13934569.3368493  13934858.33782749
 13935148.33880907 13935438.33979065 13935727.34076883 13936017.34175041]"	0.0	0.0	0.0
1212.063579784667	2.0	trials	2.0	1.0	1.0	0.0	10000.0	1.0	True	40.0	0.0	0.005	"[14036626.68228574 14036915.68326393 14037204.68424212 14037494.68522369
 14037783.68620189 14038072.68718007 14038363.68816504 14038653.68914661
 14038941.69012141 14039233.69110976 14039522.69208795 14039811.69306614
 14040101.69404771 14040390.6950259  14040680.69600748 14040969.69698567
 14041259.69796724 14041549.69894882 14041839.69993039 14042129.70091197]"	0.0	0.0	0.0
1220.9496770617532	2.0	trials	2.0	1.0	1.0	0.0	10000.0	1.0	True	40.0	0.0	0.005	"[14139473.03039274 14139763.03137431 14140052.0323525  14140343.03333746
 14140632.03431565 14140922.03529723 14141212.0362788  14141501.03725699
 14141791.03823856 14142081.03922014 14142370.04019833 14142659.04117652
 14142949.04215809 14143238.04313629 14143529.04412124 14143817.04509605
 14144107.04607762 14144397.0470592  14144687.04804077 14144977.04902235]"	0.0	0.0	0.0
1229.7697645154135	2.0	trials	2.0	1.0	1.0	0.0	10000.0	1.0	True	40.0	0.0	0.005	"[14241557.37592056 14241847.37690214 14242137.37788371 14242425.37885852
 14242715.37984009 14243006.38082505 14243295.38180324 14243585.38278481
 14243874.383763   14244164.38474458 14244454.38572616 14244744.38670773
 14245032.38768253 14245323.38866749 14245612.38964568 14245902.39062726
 14246192.39160883 14246481.39258702 14246771.3935686  14247061.39455017]"	0.0	0.0	0.0
1239.3031727834762	2.0	trials	2.0	1.0	1.0	0.0	10000.0	1.0	True	40.0	0.0	0.005	"[14351898.74939619 14352187.75037438 14352477.75135595 14352767.75233753
 14353056.75331572 14353346.75429729 14353636.75527886 14353925.75625705
 14354216.75724201 14354505.7582202  14354794.75919839 14355084.76017997
 14355374.76116154 14355663.76213973 14355953.76312131 14356243.76410288
 14356532.76508107 14356821.76605926 14357111.76704084 14357401.76802241]"	0.0	0.0	0.0
1249.0781562692068	2.0	trials	2.0	1.0	1.0	0.0	10000.0	1.0	True	40.0	0.0	0.005	"[14465035.13233216 14465325.13331374 14465613.13428854 14465903.13527011
 14466194.13625507 14466482.13722988 14466773.13821484 14467061.13918964
 14467352.1401746  14467641.14115279 14467930.14213098 14468221.14311594
 14468510.14409413 14468801.14507909 14469089.1460539  14469378.14703209
 14469669.14801705 14469958.14899524 14470248.14997681 14470537.150955  ]"	0.0	0.0	0.0
1257.6219355876374	2.0	trials	2.0	1.0	1.0	0.0	10000.0	1.0	True	40.0	0.0	0.005	"[14563921.46703558 14564211.46801716 14564500.46899535 14564790.46997692
 14565080.4709585  14565369.47193669 14565658.47291488 14565947.47389307
 14566238.47487803 14566528.4758596  14566817.47683779 14567107.47781937
 14567396.47879756 14567686.47977913 14567975.48075732 14568266.48174228
 14568556.48272385 14568845.48370205 14569134.48468024 14569424.48566181]"	0.0	0.0	0.0
1265.3739426261284	2.0	trials	2.0	1.0	1.0	0.0	10000.0	1.0	True	40.0	0.0	0.005	"[14653642.77071786 14653932.77169944 14654221.77267763 14654512.77366259
 14654801.77464078 14655091.77562235 14655381.77660393 14655670.77758212
 14655960.77856369 14656250.77954527 14656539.78052346 14656829.78150504
 14657118.78248322 14657407.78346141 14657697.78444299 14657987.78542456
 14658277.78640614 14658567.78738771 14658856.7883659  14659146.78934747]"	0.0	0.0	0.0
1271.572213205633	2.0	trials	2.0	1.0	1.0	0.0	10000.0	1.0	True	40.0	0.0	0.005	"[14725382.01353575 14725671.01451394 14725962.0154989  14726251.01647709
 14726541.01745866 14726830.01843685 14727121.01942181 14727410.0204
 14727700.02138158 14727989.02235977 14728280.02334472 14728568.02431953
 14728858.0253011  14729148.02628268 14729438.02726425 14729727.02824244
 14730016.02922064 14730307.03020559 14730596.03118378 14730886.03216536]"	0.0	0.0	0.0
1281.9109585995486	2.0	trials	2.0	1.0	1.0	0.0	10000.0	1.0	True	40.0	0.0	0.005	"[14845044.41856053 14845333.41953873 14845622.42051692 14845912.42149849
 14846201.42247668 14846492.42346164 14846782.42444322 14847070.42541802
 14847360.42639959 14847650.42738117 14847939.42835936 14848230.42934432
 14848519.43032251 14848808.4313007  14849098.43228227 14849387.43326046
 14849677.43424203 14849967.43522361 14850257.43620519 14850546.43718338]"	0.0	0.0	0.0
1290.5550486575044	2.0	trials	2.0	1.0	1.0	0.0	10000.0	1.0	True	40.0	0.0	0.005	"[14945091.75719365 14945381.75817522 14945670.75915341 14945960.76013498
 14946249.76111317 14946539.76209475 14946828.76307294 14947118.76405451
 14947407.7650327  14947697.76601428 14947986.76699247 14948277.76797743
 14948566.76895562 14948855.7699338  14949145.77091538 14949435.77189695
 14949725.77287853 14950015.7738601  14950305.77484168 14950594.77581987]"	0.0	0.0	0.0
1299.4903077009903	2.0	trials	2.0	1.0	1.0	0.0	10000.0	1.0	True	40.0	0.0	0.005	"[15048509.10723333 15048798.10821152 15049087.10918971 15049377.11017128
 15049667.11115286 15049957.11213443 15050246.11311262 15050536.1140942
 15050825.11507238 15051115.11605396 15051405.11703554 15051694.11801372
 15051984.1189953  15052274.11997687 15052564.12095845 15052854.12194002
 15053143.12291821 15053433.12389979 15053722.12487798 15054012.12585955]"	0.0	0.0	0.0
1308.8807234850613	2.0	trials	2.0	1.0	1.0	0.0	10000.0	1.0	True	40.0	0.0	0.005	"[15157193.47510044 15157483.47608201 15157773.47706359 15158062.47804178
 15158351.47901997 15158642.48000493 15158932.4809865  15159220.4819613
 15159510.48294288 15159800.48392446 15160090.48490603 15160380.4858876
 15160668.48686241 15160959.48784737 15161249.48882894 15161538.48980713
 15161828.49078871 15162117.4917669  15162407.49274847 15162697.49373005]"	0.0	0.0	0.0
1316.62098008378	2.0	trials	2.0	1.0	1.0	0.0	10000.0	1.0	True	40.0	0.0	0.005	"[15246780.77832916 15247068.77930397 15247359.78028893 15247649.7812705
 15247939.78225208 15248227.78322688 15248517.78420846 15248807.78519003
 15249097.78617161 15249387.78715318 15249676.78813137 15249965.78910956
 15250255.79009113 15250545.79107271 15250834.7920509  15251125.79303586
 15251414.79401405 15251703.79499224 15251993.79597382 15252283.79695539]"	0.0	0.0	0.0
1324.4266417038777	2.0	trials	2.0	1.0	1.0	0.0	10000.0	1.0	True	40.0	0.0	0.005	"[15337123.08411337 15337413.08509494 15337703.08607652 15337993.08705809
 15338282.08803628 15338572.08901786 15338862.08999943 15339151.09097762
 15339440.09195581 15339730.09293739 15340020.09391896 15340310.09490053
 15340599.09587872 15340889.0968603  15341178.09783849 15341468.09882006
 15341758.09980164 15342047.10077983 15342337.1017614  15342627.10274298]"	0.0	0.0	0.0
1332.0648595572227	2.0	trials	2.0	1.0	1.0	0.0	10000.0	1.0	True	40.0	0.0	0.005	"[15425527.38333795 15425818.3843229  15426107.38530109 15426397.38628267
 15426687.38726425 15426977.38824582 15427266.38922401 15427556.39020558
 15427845.39118377 15428134.39216196 15428424.39314354 15428713.39412173
 15429004.39510669 15429294.39608826 15429583.39706645 15429873.39804803
 15430163.3990296  15430452.40000779 15430742.40098936 15431031.40196756]"	0.0	0.0	0.0
1341.2506794487904	2.0	trials	2.0	1.0	1.0	0.0	10000.0	1.0	True	40.0	0.0	0.005	"[15531846.74320014 15532135.74417833 15532425.74515991 15532715.74614148
 15533005.74712306 15533295.74810463 15533584.74908282 15533874.7500644
 15534163.75104259 15534453.75202416 15534743.75300574 15535032.75398393
 15535322.7549655  15535611.75594369 15535901.75692527 15536190.75790345
 15536481.75888841 15536770.7598666  15537060.76084818 15537349.76182637]"	0.0	0.0	0.0
1350.443238563169	2.0	trials	2.0	1.0	1.0	0.0	10000.0	1.0	True	40.0	0.0	0.005	"[15638241.1033162  15638531.10429777 15638821.10527935 15639111.10626092
 15639400.10723911 15639689.1082173  15639979.10919888 15640269.11018045
 15640559.11116203 15640848.11214022 15641138.11312179 15641427.11409998
 15641717.11508156 15642006.11605975 15642296.11704132 15642586.11802289
 15642875.11900108 15643166.11998605 15643455.12096423 15643744.12194242]"	0.0	0.0	0.0
1359.1547208492295	2.0	trials	2.0	1.0	1.0	0.0	10000.0	1.0	True	40.0	0.0	0.005	"[15739069.44459279 15739358.44557098 15739648.44655256 15739938.44753413
 15740227.44851232 15740517.44949389 15740807.45047547 15741096.45145366
 15741387.45243862 15741675.45341342 15741965.454395   15742255.45537657
 15742545.45635815 15742834.45733634 15743124.45831791 15743414.45929949
 15743703.46027767 15743993.46125925 15744282.46223744 15744572.46321901]"	0.0	0.0	0.0
1365.749050369289	2.0	trials	2.0	1.0	1.0	0.0	10000.0	1.0	True	40.0	0.0	0.005	"[15815391.70292294 15815679.70389774 15815970.7048827  15816260.70586427
 15816550.70684585 15816839.70782404 15817128.70880223 15817418.70978381
 15817708.71076538 15817998.71174695 15818287.71272514 15818577.71370672
 15818866.71468491 15819157.71566987 15819446.71664806 15819736.71762963
 15820025.71860782 15820315.7195894  15820605.72057097 15820895.72155255]"	0.0	0.0	0.0
1371.0049529591274	2.0	trials	2.0	1.0	1.0	0.0	10000.0	1.0	True	40.0	0.0	0.005	"[15876223.90882345 15876513.90980503 15876802.91078322 15877092.91176479
 15877383.91274975 15877672.91372794 15877960.91470275 15878251.91568771
 15878540.9166659  15878830.91764747 15879120.91862905 15879409.91960724
 15879699.92058881 15879988.921567   15880278.92254858 15880568.92353015
 15880857.92450834 15881148.9254933  15881437.92647149 15881726.92744968]"	0.0	0.0	0.0
1380.5717117400727	2.0	trials	2.0	1.0	1.0	0.0	10000.0	1.0	True	40.0	0.0	0.005	"[15986951.28360559 15987239.28458039 15987529.28556197 15987819.28654354
 15988109.28752512 15988398.28850331 15988688.28948488 15988978.29046646
 15989267.29144465 15989557.29242622 15989847.2934078  15990137.29438937
 15990426.29536756 15990716.29634914 15991005.29732733 15991295.2983089
 15991585.29929047 15991874.30026866 15992164.30125024 15992454.30223181]"	0.0	0.0	0.0
1387.6217164024717	2.0	trials	2.0	1.0	1.0	0.0	10000.0	1.0	True	40.0	0.0	0.005	"[16068548.55979024 16068838.56077181 16069127.56175001 16069417.56273158
 16069706.56370977 16069996.56469134 16070285.56566953 16070576.56665449
 16070865.56763268 16071155.56861426 16071443.56958906 16071734.57057402
 16072023.57155222 16072313.57253378 16072602.57351198 16072892.57449355
 16073181.57547174 16073472.5764567  16073761.57743489 16074050.57841308]"	0.0	0.0	0.0
1394.7111195982243	2.0	trials	2.0	1.0	1.0	0.0	10000.0	1.0	True	40.0	0.0	0.005	"[16150600.83751495 16150891.83849991 16151180.8394781  16151470.84045967
 16151760.84144124 16152049.84241944 16152340.8434044  16152628.8443792
 16152919.84536416 16153208.84634235 16153497.84732054 16153786.84829873
 16154077.84928369 16154366.85026188 16154656.85124345 16154947.85222841
 16155235.85320322 16155525.85418479 16155815.85516637 16156104.85614456]"	0.0	0.0	0.0
1405.0913371325119	2.0	trials	2.0	1.0	1.0	0.0	10000.0	1.0	True	40.0	0.0	0.005	"[16270743.24416441 16271033.24514599 16271322.24612418 16271612.24710575
 16271901.24808394 16272190.24906213 16272481.25004709 16272769.2510219
 16273059.25200347 16273350.25298843 16273639.25396662 16273929.25494819
 16274218.25592639 16274508.25690796 16274798.25788954 16275087.25886772
 16275377.2598493  16275666.26082749 16275957.26181245 16276245.26278725]"	0.0	0.0	0.0
1415.3335733997694	2.0	trials	2.0	1.0	1.0	0.0	10000.0	1.0	True	40.0	0.0	0.005	"[16389286.64540168 16389577.64638663 16389866.64736483 16390156.6483464
 16390446.64932798 16390735.65030616 16391024.65128435 16391314.65226593
 16391603.65324412 16391893.65422569 16392183.65520727 16392473.65618884
 16392762.65716703 16393051.65814522 16393341.6591268  16393632.66011176
 16393920.66108656 16394210.66206814 16394500.66304971 16394790.66403129]"	0.0	0.0	0.0
1420.8057359215907	2.0	trials	2.0	1.0	1.0	0.0	10000.0	1.0	True	40.0	0.0	0.005	"[16452622.85977758 16452911.86075578 16453201.86173735 16453490.86271554
 16453781.8637005  16454069.8646753  16454359.86565688 16454649.86663845
 16454940.86762341 16455228.86859822 16455518.86957979 16455807.87055798
 16456097.87153956 16456387.87252113 16456677.87350271 16456967.87448428
 16457256.87546247 16457545.87644066 16457835.87742224 16458125.87840381]"	0.0	0.0	0.0
1430.003565453808	2.0	trials	2.0	1.0	1.0	0.0	10000.0	1.0	True	40.0	0.0	0.005	"[16559078.22010011 16559368.22108168 16559658.22206326 16559947.22304145
 16560237.22402303 16560526.22500121 16560816.22598279 16561105.22696098
 16561395.22794255 16561684.22892074 16561974.22990232 16562265.23088728
 16562554.23186547 16562844.23284704 16563133.23382523 16563422.23480342
 16563713.23578838 16564003.23676995 16564291.23774476 16564582.23872972]"	0.0	0.0	0.0
1437.3354942704455	2.0	trials	2.0	1.0	1.0	0.0	10000.0	1.0	True	40.0	0.0	0.005	"[16643939.50733255 16644228.50831074 16644519.5092957  16644807.51027051
 16645098.51125547 16645386.51223027 16645676.51321185 16645966.51419342
 16646256.515175   16646546.51615657 16646836.51713814 16647124.51811295
 16647414.51909452 16647704.5200761  16647994.52105767 16648283.52203586
 16648572.52301406 16648863.52399901 16649152.5249772  16649442.52595878]"	0.0	0.0	0.0
1445.9217825327578	2.0	trials	2.0	1.0	1.0	0.0	10000.0	1.0	True	40.0	0.0	0.005	"[16743316.84369789 16743607.84468284 16743896.84566103 16744186.84664261
 16744475.8476208  16744764.84859899 16745054.84958056 16745344.85056214
 16745634.85154371 16745924.85252529 16746213.85350347 16746502.85448167
 16746793.85546663 16747082.85644481 16747372.85742639 16747663.85841135
 16747951.85938616 16748241.86036773 16748531.8613493  16748819.86232411]"	0.0	0.0	0.0
1456.3739715106497	2.0	trials	2.0	1.0	1.0	0.0	10000.0	1.0	True	40.0	0.0	0.005	"[16864291.25316345 16864581.25414503 16864871.2551266  16865161.25610818
 16865451.25708975 16865740.25806794 16866029.25904613 16866319.2600277
 16866608.2610059  16866898.26198747 16867187.26296566 16867477.26394723
 16867767.26492881 16868056.265907   16868346.26688857 16868636.26787015
 16868926.26885172 16869215.26982991 16869505.27081149 16869795.27179306]"	0.0	0.0	0.0
1462.315028419554	2.0	trials	2.0	1.0	1.0	0.0	10000.0	1.0	True	40.0	0.0	0.005	"[16933053.48590496 16933342.48688315 16933633.48786811 16933922.4888463
 16934212.48982788 16934502.49080945 16934791.49178764 16935080.49276583
 16935370.49374741 16935660.49472898 16935950.49571055 16936240.49669213
 16936529.49767032 16936818.49864851 16937108.49963009 16937397.50060827
 16937687.50158985 16937977.50257142 16938266.50354961 16938556.50453119]"	0.0	0.0	0.0
1470.34636760351	2.0	trials	2.0	1.0	1.0	0.0	10000.0	1.0	True	40.0	0.0	0.005	"[17026008.80053349 17026299.80151845 17026587.80249326 17026877.80347483
 17027167.80445641 17027456.8054346  17027746.80641617 17028036.80739775
 17028325.80837594 17028615.80935751 17028905.81033909 17029194.81131728
 17029484.81229885 17029773.81327704 17030063.81425862 17030353.81524019
 17030642.81621838 17030932.81719996 17031221.81817814 17031511.81915972]"	0.0	0.0	0.0
1475.994095519574	2.0	trials	2.0	1.0	1.0	0.0	10000.0	1.0	True	40.0	0.0	0.005	"[17091377.02178719 17091666.02276538 17091956.02374696 17092246.02472853
 17092536.02571011 17092825.0266883  17093115.02766987 17093404.02864806
 17093693.02962625 17093984.03061121 17094273.0315894  17094563.03257098
 17094853.03355255 17095141.03452735 17095433.0355157  17095722.03649389
 17096011.03747208 17096301.03845365 17096591.03943523 17096880.04041342]"	0.0	0.0	0.0
1485.601116836797	2.0	trials	2.0	1.0	1.0	0.0	10000.0	1.0	True	40.0	0.0	0.005	"[17202569.39814323 17202859.39912481 17203148.400103   17203438.40108457
 17203728.40206615 17204018.40304772 17204307.40402591 17204596.4050041
 17204886.40598568 17205175.40696387 17205465.40794544 17205754.40892363
 17206045.40990859 17206334.41088678 17206624.41186835 17206913.41284654
 17207203.41382812 17207493.41480969 17207782.41578789 17208072.41676946]"	0.0	0.0	0.0
1495.8542395409024	2.0	trials	2.0	1.0	1.0	0.0	10000.0	1.0	True	40.0	0.0	0.005	"[17321238.79980697 17321529.80079193 17321818.80177012 17322107.80274831
 17322396.8037265  17322687.80471146 17322977.80569304 17323266.80667123
 17323555.80764941 17323845.80863099 17324135.80961257 17324424.81059076
 17324714.81157233 17325003.81255052 17325293.8135321  17325583.81451367
 17325873.81549525 17326162.81647344 17326452.81745501 17326742.81843658]"	0.0	0.0	0.0
1505.010078530993	2.0	trials	2.0	1.0	1.0	0.0	10000.0	1.0	True	40.0	0.0	0.005	"[17427209.1584879  17427498.15946609 17427788.16044766 17428078.16142924
 17428368.16241081 17428657.163389   17428947.16437058 17429237.16535215
 17429527.16633372 17429817.1673153  17430105.1682901  17430396.16927507
 17430685.17025326 17430975.17123483 17431265.1722164  17431554.17319459
 17431843.17417279 17432133.17515436 17432423.17613593 17432713.17711751]"	0.0	0.0	0.0
1511.4246954427726	2.0	trials	2.0	1.0	1.0	0.0	10000.0	1.0	True	40.0	0.0	0.005	"[17501453.40978456 17501742.41076275 17502032.41174432 17502321.41272251
 17502610.4137007  17502901.41468566 17503190.41566385 17503480.41664542
 17503770.417627   17504058.4186018  17504349.41958676 17504638.42056495
 17504928.42154653 17505218.4225281  17505507.42350629 17505798.42449125
 17506086.42546606 17506377.42645102 17506666.4274292  17506955.4284074 ]"	0.0	0.0	0.0
1521.7563560127082	2.0	trials	2.0	1.0	1.0	0.0	10000.0	1.0	True	40.0	0.0	0.005	"[17621032.81452841 17621321.8155066  17621610.81648479 17621901.81746975
 17622190.81844794 17622479.81942613 17622769.8204077  17623059.82138928
 17623348.82236747 17623638.82334904 17623928.82433062 17624217.82530881
 17624507.82629038 17624797.82727196 17625087.82825353 17625376.82923172
 17625666.8302133  17625955.83119148 17626244.83216967 17626534.83315125]"	0.0	0.0	0.0
1527.972252251871	2.0	trials	2.0	1.0	1.0	0.0	10000.0	1.0	True	40.0	0.0	0.005	"[17692975.05803339 17693266.05901835 17693555.05999654 17693844.06097473
 17694135.06195969 17694424.06293789 17694713.06391607 17695004.06490103
 17695293.06587922 17695582.06685741 17695873.06784237 17696162.06882056
 17696451.06979875 17696741.07078033 17697031.0717619  17697320.07274009
 17697610.07372166 17697900.07470324 17698190.07568481 17698479.07666301]"	0.0	0.0	0.0
1538.2083540983651	2.0	trials	2.0	1.0	1.0	0.0	10000.0	1.0	True	40.0	0.0	0.005	"[17811448.45903373 17811739.46001868 17812027.46099349 17812318.46197845
 17812608.46296002 17812897.46393822 17813186.4649164  17813476.46589798
 17813766.46687955 17814055.46785774 17814345.46883932 17814635.46982089
 17814924.47079908 17815214.47178065 17815503.47275885 17815793.47374042
 17816082.47471861 17816373.47570357 17816662.47668176 17816952.47766334]"	0.0	0.0	0.0
1546.3564200774108	2.0	trials	2.0	1.0	1.0	0.0	10000.0	1.0	True	40.0	0.0	0.005	"[17905754.77823504 17906044.77921661 17906333.78019481 17906624.78117976
 17906912.78215457 17907202.78313614 17907492.78411772 17907782.78509929
 17908072.78608087 17908361.78705906 17908651.78804063 17908940.78901882
 17909230.7900004  17909519.79097859 17909809.79196016 17910099.79294174
 17910388.79391993 17910679.79490489 17910968.79588308 17911257.79686126]"	0.0	0.0	0.0
1553.3798134497374	2.0	trials	2.0	1.0	1.0	0.0	10000.0	1.0	True	40.0	0.0	0.005	"[17987044.05337719 17987334.05435877 17987623.05533696 17987913.05631853
 17988203.05730011 17988492.0582783  17988782.05925987 17989071.06023806
 17989362.06122302 17989651.06220121 17989940.0631794  17990231.06416436
 17990521.06514593 17990810.06612412 17991098.06709893 17991388.0680805
 17991678.06906208 17991968.07004365 17992258.07102523 17992548.0720068 ]"	0.0	0.0	0.0
1559.1307033149767	2.0	trials	2.0	1.0	1.0	0.0	10000.0	1.0	True	40.0	0.0	0.005	"[18053605.27866889 18053895.27965046 18054185.28063204 18054475.28161361
 18054765.28259519 18055053.28356999 18055343.28455157 18055633.28553314
 18055923.28651471 18056213.28749629 18056503.28847786 18056791.28945267
 18057081.29043425 18057371.29141582 18057661.29239739 18057950.29337559
 18058240.29435716 18058529.29533535 18058819.29631692 18059109.29729849]"	0.0	0.0	0.0
1565.322753073426	2.0	trials	2.0	1.0	1.0	0.0	10000.0	1.0	True	40.0	0.0	0.005	"[18125273.52124645 18125562.52222464 18125852.52320622 18126141.52418441
 18126431.52516598 18126721.52614756 18127011.52712913 18127300.52810732
 18127590.5290889  18127880.53007047 18128169.53104866 18128459.53203023
 18128747.53300504 18129038.53399    18129327.53496819 18129617.53594976
 18129906.53692795 18130197.53791291 18130485.53888772 18130775.53986929]"	0.0	0.0	0.0
1573.89072447374	2.0	trials	2.0	1.0	1.0	0.0	10000.0	1.0	True	40.0	0.0	0.005	"[18224439.85689761 18224728.85787579 18225018.85885737 18225307.85983556
 18225597.86081713 18225886.86179532 18226176.8627769  18226466.86375847
 18226755.86473666 18227045.86571824 18227335.86669981 18227625.86768139
 18227915.86866296 18228204.86964115 18228494.87062273 18228783.87160091
 18229073.87258249 18229363.87356407 18229653.87454564 18229942.87552383]"	0.0	0.0	0.0
1581.3731625998118	2.0	trials	2.0	1.0	1.0	0.0	10000.0	1.0	True	40.0	0.0	0.005	"[18311041.1500195  18311331.15100107 18311620.15197926 18311910.15296084
 18312200.15394241 18312489.1549206  18312780.15590556 18313069.15688375
 18313358.15786194 18313648.15884351 18313938.15982509 18314227.16080328
 18314517.16178485 18314806.16276304 18315096.16374462 18315385.16472281
 18315676.16570777 18315965.16668596 18316255.16766753 18316544.16864572]"	0.0	0.0	0.0
1588.548706887129	2.0	trials	2.0	1.0	1.0	0.0	10000.0	1.0	True	40.0	0.0	0.005	"[18394092.43112556 18394381.43210375 18394672.43308871 18394960.43406351
 18395251.43504847 18395540.43602666 18395829.43700485 18396120.43798981
 18396409.438968   18396698.43994619 18396988.44092777 18397278.44190934
 18397567.44288753 18397857.44386911 18398147.44485068 18398437.44583225
 18398726.44681045 18399015.44778864 18399306.44877359 18399595.44975178]"	0.0	0.0	0.0
1599.1567619925868	2.0	trials	2.0	1.0	1.0	0.0	10000.0	1.0	True	40.0	0.0	0.005	"[18516870.8466972  18517159.84767539 18517450.84866035 18517739.84963854
 18518028.85061673 18518319.85160169 18518608.85257988 18518897.85355807
 18519187.85453964 18519477.85552122 18519766.8564994  18520056.85748098
 18520346.85846256 18520634.85943736 18520925.86042232 18521215.86140389
 18521504.86238208 18521793.86336027 18522084.86434523 18522373.86532342]"	0.0	0.0	0.0
1607.1137105247506	2.0	trials	2.0	1.0	1.0	0.0	10000.0	1.0	True	40.0	0.0	0.005	"[18608964.15840808 18609254.15938966 18609543.16036785 18609833.16134942
 18610123.162331   18610412.16330919 18610703.16429415 18610992.16527234
 18611282.16625391 18611571.1672321  18611861.16821367 18612150.16919186
 18612439.17017006 18612730.17115501 18613020.17213659 18613308.17311139
 18613599.17409635 18613888.17507454 18614179.1760595  18614467.17703431]"	0.0	0.0	0.0
1616.1612899484107	2.0	trials	2.0	1.0	1.0	0.0	10000.0	1.0	True	40.0	0.0	0.005	"[18713681.51284793 18713970.51382612 18714260.51480769 18714550.51578927
 18714840.51677084 18715129.51774903 18715419.51873061 18715708.5197088
 18715999.52069376 18716288.52167194 18716577.52265013 18716867.52363171
 18717157.52461329 18717446.52559148 18717737.52657643 18718026.52755462
 18718315.52853281 18718606.52951777 18718894.53049258 18719184.53147415]"	0.0	0.0	0.0
1626.0492850166559	2.0	trials	2.0	1.0	1.0	0.0	10000.0	1.0	True	40.0	0.0	0.005	"[18828126.90021453 18828414.90118933 18828704.9021709  18828994.90315248
 18829283.90413067 18829574.90511563 18829862.90609044 18830153.90707539
 18830442.90805358 18830732.90903516 18831021.91001335 18831312.91099831
 18831601.9119765  18831891.91295807 18832180.91393626 18832469.91491445
 18832760.91589941 18833048.91687422 18833338.91785579 18833628.91883737]"	0.0	0.0	0.0
1673.3139601950656	2.0	trials	3.0	1.0	1.0	0.0	10000.0	1.0	False	0.0	0.0	0.0	"[nan nan nan nan nan nan nan nan nan nan nan nan nan nan nan nan nan nan
 nan nan]"	0.0	0.0	0.0
1679.512057973985	2.0	trials	3.0	1.0	1.0	0.0	10000.0	1.0	False	0.0	0.0	0.0	"[nan nan nan nan nan nan nan nan nan nan nan nan nan nan nan nan nan nan
 nan nan]"	0.0	0.0	0.0
1686.5324273360768	2.0	trials	3.0	1.0	1.0	0.0	10000.0	1.0	False	0.0	0.0	0.0	"[nan nan nan nan nan nan nan nan nan nan nan nan nan nan nan nan nan nan
 nan nan]"	0.0	0.0	0.0
1693.3840569270285	2.0	trials	3.0	1.0	1.0	0.0	10000.0	1.0	False	0.0	0.0	0.0	"[nan nan nan nan nan nan nan nan nan nan nan nan nan nan nan nan nan nan
 nan nan]"	0.0	0.0	0.0
1703.9508990929912	2.0	trials	3.0	1.0	1.0	0.0	10000.0	1.0	False	0.0	0.0	0.0	"[nan nan nan nan nan nan nan nan nan nan nan nan nan nan nan nan nan nan
 nan nan]"	0.0	0.0	0.0
1713.724327373458	2.0	trials	3.0	1.0	1.0	0.0	10000.0	1.0	False	0.0	0.0	0.0	"[nan nan nan nan nan nan nan nan nan nan nan nan nan nan nan nan nan nan
 nan nan]"	0.0	0.0	0.0
1719.5743183741283	2.0	trials	3.0	1.0	1.0	0.0	10000.0	1.0	False	0.0	0.0	0.0	"[nan nan nan nan nan nan nan nan nan nan nan nan nan nan nan nan nan nan
 nan nan]"	0.0	0.0	0.0
1727.9865100471695	2.0	trials	3.0	1.0	1.0	0.0	10000.0	1.0	False	0.0	0.0	0.0	"[nan nan nan nan nan nan nan nan nan nan nan nan nan nan nan nan nan nan
 nan nan]"	0.0	0.0	0.0
1733.1534203357928	2.0	trials	3.0	1.0	1.0	0.0	10000.0	1.0	False	0.0	0.0	0.0	"[nan nan nan nan nan nan nan nan nan nan nan nan nan nan nan nan nan nan
 nan nan]"	0.0	0.0	0.0
1743.5156666092523	2.0	trials	3.0	1.0	1.0	0.0	10000.0	1.0	False	0.0	0.0	0.0	"[nan nan nan nan nan nan nan nan nan nan nan nan nan nan nan nan nan nan
 nan nan]"	0.0	0.0	0.0
1751.782705790991	2.0	trials	3.0	1.0	1.0	0.0	10000.0	1.0	False	0.0	0.0	0.0	"[nan nan nan nan nan nan nan nan nan nan nan nan nan nan nan nan nan nan
 nan nan]"	0.0	0.0	0.0
1758.7604798089085	2.0	trials	3.0	1.0	1.0	0.0	10000.0	1.0	False	0.0	0.0	0.0	"[nan nan nan nan nan nan nan nan nan nan nan nan nan nan nan nan nan nan
 nan nan]"	0.0	0.0	0.0
1767.0731383450563	2.0	trials	3.0	1.0	1.0	0.0	10000.0	1.0	False	0.0	0.0	0.0	"[nan nan nan nan nan nan nan nan nan nan nan nan nan nan nan nan nan nan
 nan nan]"	0.0	0.0	0.0
1777.751004886807	2.0	trials	3.0	1.0	1.0	0.0	10000.0	1.0	False	0.0	0.0	0.0	"[nan nan nan nan nan nan nan nan nan nan nan nan nan nan nan nan nan nan
 nan nan]"	0.0	0.0	0.0
1784.8370384711543	2.0	trials	3.0	1.0	1.0	0.0	10000.0	1.0	False	0.0	0.0	0.0	"[nan nan nan nan nan nan nan nan nan nan nan nan nan nan nan nan nan nan
 nan nan]"	0.0	0.0	0.0
1790.4832975822465	2.0	trials	3.0	1.0	1.0	0.0	10000.0	1.0	False	0.0	0.0	0.0	"[nan nan nan nan nan nan nan nan nan nan nan nan nan nan nan nan nan nan
 nan nan]"	0.0	0.0	0.0
1799.0756338650297	2.0	trials	3.0	1.0	1.0	0.0	10000.0	1.0	False	0.0	0.0	0.0	"[nan nan nan nan nan nan nan nan nan nan nan nan nan nan nan nan nan nan
 nan nan]"	0.0	0.0	0.0
1804.8410389793992	2.0	trials	3.0	1.0	1.0	0.0	10000.0	1.0	False	0.0	0.0	0.0	"[nan nan nan nan nan nan nan nan nan nan nan nan nan nan nan nan nan nan
 nan nan]"	0.0	0.0	0.0
1810.9434052342929	2.0	trials	3.0	1.0	1.0	0.0	10000.0	1.0	False	0.0	0.0	0.0	"[nan nan nan nan nan nan nan nan nan nan nan nan nan nan nan nan nan nan
 nan nan]"	0.0	0.0	0.0
1821.0232089517594	2.0	trials	3.0	1.0	1.0	0.0	10000.0	1.0	False	0.0	0.0	0.0	"[nan nan nan nan nan nan nan nan nan nan nan nan nan nan nan nan nan nan
 nan nan]"	0.0	0.0	0.0
1828.7950016572197	2.0	trials	3.0	1.0	1.0	0.0	10000.0	1.0	False	0.0	0.0	0.0	"[nan nan nan nan nan nan nan nan nan nan nan nan nan nan nan nan nan nan
 nan nan]"	0.0	0.0	0.0
1839.1269214280323	2.0	trials	3.0	1.0	1.0	0.0	10000.0	1.0	False	0.0	0.0	0.0	"[nan nan nan nan nan nan nan nan nan nan nan nan nan nan nan nan nan nan
 nan nan]"	0.0	0.0	0.0
1845.2876942806172	2.0	trials	3.0	1.0	1.0	0.0	10000.0	1.0	False	0.0	0.0	0.0	"[nan nan nan nan nan nan nan nan nan nan nan nan nan nan nan nan nan nan
 nan nan]"	0.0	0.0	0.0
1852.481728230517	2.0	trials	3.0	1.0	1.0	0.0	10000.0	1.0	False	0.0	0.0	0.0	"[nan nan nan nan nan nan nan nan nan nan nan nan nan nan nan nan nan nan
 nan nan]"	0.0	0.0	0.0
1863.5454584783142	2.0	trials	3.0	1.0	1.0	0.0	10000.0	1.0	False	0.0	0.0	0.0	"[nan nan nan nan nan nan nan nan nan nan nan nan nan nan nan nan nan nan
 nan nan]"	0.0	0.0	0.0
1873.5174346308133	2.0	trials	3.0	1.0	1.0	0.0	10000.0	1.0	False	0.0	0.0	0.0	"[nan nan nan nan nan nan nan nan nan nan nan nan nan nan nan nan nan nan
 nan nan]"	0.0	0.0	0.0
1881.4258261986245	2.0	trials	3.0	1.0	1.0	0.0	10000.0	1.0	False	0.0	0.0	0.0	"[nan nan nan nan nan nan nan nan nan nan nan nan nan nan nan nan nan nan
 nan nan]"	0.0	0.0	0.0
1892.1846498143934	2.0	trials	3.0	1.0	1.0	0.0	10000.0	1.0	False	0.0	0.0	0.0	"[nan nan nan nan nan nan nan nan nan nan nan nan nan nan nan nan nan nan
 nan nan]"	0.0	0.0	0.0
1899.4560120260287	2.0	trials	3.0	1.0	1.0	0.0	10000.0	1.0	False	0.0	0.0	0.0	"[nan nan nan nan nan nan nan nan nan nan nan nan nan nan nan nan nan nan
 nan nan]"	0.0	0.0	0.0
1907.6104716267153	2.0	trials	3.0	1.0	1.0	0.0	10000.0	1.0	False	0.0	0.0	0.0	"[nan nan nan nan nan nan nan nan nan nan nan nan nan nan nan nan nan nan
 nan nan]"	0.0	0.0	0.0
1916.5247353991376	2.0	trials	3.0	1.0	1.0	0.0	10000.0	1.0	False	0.0	0.0	0.0	"[nan nan nan nan nan nan nan nan nan nan nan nan nan nan nan nan nan nan
 nan nan]"	0.0	0.0	0.0
1924.326595406368	2.0	trials	3.0	1.0	1.0	0.0	10000.0	1.0	False	0.0	0.0	0.0	"[nan nan nan nan nan nan nan nan nan nan nan nan nan nan nan nan nan nan
 nan nan]"	0.0	0.0	0.0
1929.5463826739656	2.0	trials	3.0	1.0	1.0	0.0	10000.0	1.0	False	0.0	0.0	0.0	"[nan nan nan nan nan nan nan nan nan nan nan nan nan nan nan nan nan nan
 nan nan]"	0.0	0.0	0.0
1937.3102265525213	2.0	trials	3.0	1.0	1.0	0.0	10000.0	1.0	False	0.0	0.0	0.0	"[nan nan nan nan nan nan nan nan nan nan nan nan nan nan nan nan nan nan
 nan nan]"	0.0	0.0	0.0
1944.456135539531	2.0	trials	3.0	1.0	1.0	0.0	10000.0	1.0	False	0.0	0.0	0.0	"[nan nan nan nan nan nan nan nan nan nan nan nan nan nan nan nan nan nan
 nan nan]"	0.0	0.0	0.0
1951.3842293892942	2.0	trials	3.0	1.0	1.0	0.0	10000.0	1.0	False	0.0	0.0	0.0	"[nan nan nan nan nan nan nan nan nan nan nan nan nan nan nan nan nan nan
 nan nan]"	0.0	0.0	0.0
1960.014581800752	2.0	trials	3.0	1.0	1.0	0.0	10000.0	1.0	False	0.0	0.0	0.0	"[nan nan nan nan nan nan nan nan nan nan nan nan nan nan nan nan nan nan
 nan nan]"	0.0	0.0	0.0
1965.246551509584	2.0	trials	3.0	1.0	1.0	0.0	10000.0	1.0	False	0.0	0.0	0.0	"[nan nan nan nan nan nan nan nan nan nan nan nan nan nan nan nan nan nan
 nan nan]"	0.0	0.0	0.0
1974.6005927705364	2.0	trials	3.0	1.0	1.0	0.0	10000.0	1.0	False	0.0	0.0	0.0	"[nan nan nan nan nan nan nan nan nan nan nan nan nan nan nan nan nan nan
 nan nan]"	0.0	0.0	0.0
1985.3101682196134	2.0	trials	3.0	1.0	1.0	0.0	10000.0	1.0	False	0.0	0.0	0.0	"[nan nan nan nan nan nan nan nan nan nan nan nan nan nan nan nan nan nan
 nan nan]"	0.0	0.0	0.0
1993.6207531487428	2.0	trials	3.0	1.0	1.0	0.0	10000.0	1.0	False	0.0	0.0	0.0	"[nan nan nan nan nan nan nan nan nan nan nan nan nan nan nan nan nan nan
 nan nan]"	0.0	0.0	0.0
2004.193038533129	2.0	trials	3.0	1.0	1.0	0.0	10000.0	1.0	False	0.0	0.0	0.0	"[nan nan nan nan nan nan nan nan nan nan nan nan nan nan nan nan nan nan
 nan nan]"	0.0	0.0	0.0
2009.7505645438832	2.0	trials	3.0	1.0	1.0	0.0	10000.0	1.0	False	0.0	0.0	0.0	"[nan nan nan nan nan nan nan nan nan nan nan nan nan nan nan nan nan nan
 nan nan]"	0.0	0.0	0.0
2019.9430342426942	2.0	trials	3.0	1.0	1.0	0.0	10000.0	1.0	False	0.0	0.0	0.0	"[nan nan nan nan nan nan nan nan nan nan nan nan nan nan nan nan nan nan
 nan nan]"	0.0	0.0	0.0
2029.9458552995948	2.0	trials	3.0	1.0	1.0	0.0	10000.0	1.0	False	0.0	0.0	0.0	"[nan nan nan nan nan nan nan nan nan nan nan nan nan nan nan nan nan nan
 nan nan]"	0.0	0.0	0.0
2039.0290316437415	2.0	trials	3.0	1.0	1.0	0.0	10000.0	1.0	False	0.0	0.0	0.0	"[nan nan nan nan nan nan nan nan nan nan nan nan nan nan nan nan nan nan
 nan nan]"	0.0	0.0	0.0
2048.707592403107	2.0	trials	3.0	1.0	1.0	0.0	10000.0	1.0	False	0.0	0.0	0.0	"[nan nan nan nan nan nan nan nan nan nan nan nan nan nan nan nan nan nan
 nan nan]"	0.0	0.0	0.0
2056.3047701175415	2.0	trials	3.0	1.0	1.0	0.0	10000.0	1.0	False	0.0	0.0	0.0	"[nan nan nan nan nan nan nan nan nan nan nan nan nan nan nan nan nan nan
 nan nan]"	0.0	0.0	0.0
2063.407392558038	2.0	trials	3.0	1.0	1.0	0.0	10000.0	1.0	False	0.0	0.0	0.0	"[nan nan nan nan nan nan nan nan nan nan nan nan nan nan nan nan nan nan
 nan nan]"	0.0	0.0	0.0
2074.208120315641	2.0	trials	3.0	1.0	1.0	0.0	10000.0	1.0	False	0.0	0.0	0.0	"[nan nan nan nan nan nan nan nan nan nan nan nan nan nan nan nan nan nan
 nan nan]"	0.0	0.0	0.0
2147.3920192237597	2.0	trials	4.0	1.0	1.0	1.0	0.0	1.0	False	0.0	0.0	0.0	"[nan nan nan nan nan nan nan nan nan nan nan nan nan nan nan nan nan nan
 nan nan]"	1.0	0.02	5.0
2155.287796348875	2.0	trials	4.0	1.0	1.0	1.0	0.0	1.0	False	0.0	0.0	0.0	"[nan nan nan nan nan nan nan nan nan nan nan nan nan nan nan nan nan nan
 nan nan]"	1.0	0.02	5.0
2162.109445038349	2.0	trials	4.0	1.0	1.0	1.0	0.0	1.0	False	0.0	0.0	0.0	"[nan nan nan nan nan nan nan nan nan nan nan nan nan nan nan nan nan nan
 nan nan]"	1.0	0.02	5.0
2172.6757688025573	2.0	trials	4.0	1.0	1.0	1.0	0.0	1.0	False	0.0	0.0	0.0	"[nan nan nan nan nan nan nan nan nan nan nan nan nan nan nan nan nan nan
 nan nan]"	1.0	0.02	5.0
2181.649303175595	2.0	trials	4.0	1.0	1.0	1.0	0.0	1.0	False	0.0	0.0	0.0	"[nan nan nan nan nan nan nan nan nan nan nan nan nan nan nan nan nan nan
 nan nan]"	1.0	0.02	5.0
2190.2751627718453	2.0	trials	4.0	1.0	1.0	1.0	0.0	1.0	False	0.0	0.0	0.0	"[nan nan nan nan nan nan nan nan nan nan nan nan nan nan nan nan nan nan
 nan nan]"	1.0	0.02	5.0
2195.7221828085662	2.0	trials	4.0	1.0	1.0	1.0	0.0	1.0	False	0.0	0.0	0.0	"[nan nan nan nan nan nan nan nan nan nan nan nan nan nan nan nan nan nan
 nan nan]"	1.0	0.02	5.0
2202.4841288959633	2.0	trials	4.0	1.0	1.0	1.0	0.0	1.0	False	0.0	0.0	0.0	"[nan nan nan nan nan nan nan nan nan nan nan nan nan nan nan nan nan nan
 nan nan]"	1.0	0.02	5.0
2207.80612770952	2.0	trials	4.0	1.0	1.0	1.0	0.0	1.0	False	0.0	0.0	0.0	"[nan nan nan nan nan nan nan nan nan nan nan nan nan nan nan nan nan nan
 nan nan]"	1.0	0.02	5.0
2216.884033635827	2.0	trials	4.0	1.0	1.0	1.0	0.0	1.0	False	0.0	0.0	0.0	"[nan nan nan nan nan nan nan nan nan nan nan nan nan nan nan nan nan nan
 nan nan]"	1.0	0.02	5.0
2226.8741538497393	2.0	trials	4.0	1.0	1.0	1.0	0.0	1.0	False	0.0	0.0	0.0	"[nan nan nan nan nan nan nan nan nan nan nan nan nan nan nan nan nan nan
 nan nan]"	1.0	0.02	5.0
2237.140322998003	2.0	trials	4.0	1.0	1.0	1.0	0.0	1.0	False	0.0	0.0	0.0	"[nan nan nan nan nan nan nan nan nan nan nan nan nan nan nan nan nan nan
 nan nan]"	1.0	0.02	5.0
2242.6692505119586	2.0	trials	4.0	1.0	1.0	1.0	0.0	1.0	False	0.0	0.0	0.0	"[nan nan nan nan nan nan nan nan nan nan nan nan nan nan nan nan nan nan
 nan nan]"	1.0	0.02	5.0
2248.9038956145814	2.0	trials	4.0	1.0	1.0	1.0	0.0	1.0	False	0.0	0.0	0.0	"[nan nan nan nan nan nan nan nan nan nan nan nan nan nan nan nan nan nan
 nan nan]"	1.0	0.02	5.0
2256.718542865093	2.0	trials	4.0	1.0	1.0	1.0	0.0	1.0	False	0.0	0.0	0.0	"[nan nan nan nan nan nan nan nan nan nan nan nan nan nan nan nan nan nan
 nan nan]"	1.0	0.02	5.0
2264.8485511830186	2.0	trials	4.0	1.0	1.0	1.0	0.0	1.0	False	0.0	0.0	0.0	"[nan nan nan nan nan nan nan nan nan nan nan nan nan nan nan nan nan nan
 nan nan]"	1.0	0.02	5.0
2273.6568881969065	2.0	trials	4.0	1.0	1.0	1.0	0.0	1.0	False	0.0	0.0	0.0	"[nan nan nan nan nan nan nan nan nan nan nan nan nan nan nan nan nan nan
 nan nan]"	1.0	0.02	5.0
2284.069246639983	2.0	trials	4.0	1.0	1.0	1.0	0.0	1.0	False	0.0	0.0	0.0	"[nan nan nan nan nan nan nan nan nan nan nan nan nan nan nan nan nan nan
 nan nan]"	1.0	0.02	5.0
2291.6988244640834	2.0	trials	4.0	1.0	1.0	1.0	0.0	1.0	False	0.0	0.0	0.0	"[nan nan nan nan nan nan nan nan nan nan nan nan nan nan nan nan nan nan
 nan nan]"	1.0	0.02	5.0
2302.1509270416827	2.0	trials	4.0	1.0	1.0	1.0	0.0	1.0	False	0.0	0.0	0.0	"[nan nan nan nan nan nan nan nan nan nan nan nan nan nan nan nan nan nan
 nan nan]"	1.0	0.02	5.0
2307.6890993869297	2.0	trials	4.0	1.0	1.0	1.0	0.0	1.0	False	0.0	0.0	0.0	"[nan nan nan nan nan nan nan nan nan nan nan nan nan nan nan nan nan nan
 nan nan]"	1.0	0.02	5.0
2313.903699621706	2.0	trials	4.0	1.0	1.0	1.0	0.0	1.0	False	0.0	0.0	0.0	"[nan nan nan nan nan nan nan nan nan nan nan nan nan nan nan nan nan nan
 nan nan]"	1.0	0.02	5.0
2322.041224765074	2.0	trials	4.0	1.0	1.0	1.0	0.0	1.0	False	0.0	0.0	0.0	"[nan nan nan nan nan nan nan nan nan nan nan nan nan nan nan nan nan nan
 nan nan]"	1.0	0.02	5.0
2331.210110199323	2.0	trials	4.0	1.0	1.0	1.0	0.0	1.0	False	0.0	0.0	0.0	"[nan nan nan nan nan nan nan nan nan nan nan nan nan nan nan nan nan nan
 nan nan]"	1.0	0.02	5.0
2338.3139422439135	2.0	trials	4.0	1.0	1.0	1.0	0.0	1.0	False	0.0	0.0	0.0	"[nan nan nan nan nan nan nan nan nan nan nan nan nan nan nan nan nan nan
 nan nan]"	1.0	0.02	5.0
2344.4395501774743	2.0	trials	4.0	1.0	1.0	1.0	0.0	1.0	False	0.0	0.0	0.0	"[nan nan nan nan nan nan nan nan nan nan nan nan nan nan nan nan nan nan
 nan nan]"	1.0	0.02	5.0
2351.25592844911	2.0	trials	4.0	1.0	1.0	1.0	0.0	1.0	False	0.0	0.0	0.0	"[nan nan nan nan nan nan nan nan nan nan nan nan nan nan nan nan nan nan
 nan nan]"	1.0	0.02	5.0
2361.5360944447493	2.0	trials	4.0	1.0	1.0	1.0	0.0	1.0	False	0.0	0.0	0.0	"[nan nan nan nan nan nan nan nan nan nan nan nan nan nan nan nan nan nan
 nan nan]"	1.0	0.02	5.0
2369.9033579657207	2.0	trials	4.0	1.0	1.0	1.0	0.0	1.0	False	0.0	0.0	0.0	"[nan nan nan nan nan nan nan nan nan nan nan nan nan nan nan nan nan nan
 nan nan]"	1.0	0.02	5.0
2376.737621097892	2.0	trials	4.0	1.0	1.0	1.0	0.0	1.0	False	0.0	0.0	0.0	"[nan nan nan nan nan nan nan nan nan nan nan nan nan nan nan nan nan nan
 nan nan]"	1.0	0.02	5.0
2386.710029251853	2.0	trials	4.0	1.0	1.0	1.0	0.0	1.0	False	0.0	0.0	0.0	"[nan nan nan nan nan nan nan nan nan nan nan nan nan nan nan nan nan nan
 nan nan]"	1.0	0.02	5.0
2397.491748945119	2.0	trials	4.0	1.0	1.0	1.0	0.0	1.0	False	0.0	0.0	0.0	"[nan nan nan nan nan nan nan nan nan nan nan nan nan nan nan nan nan nan
 nan nan]"	1.0	0.02	5.0
2405.9125806474044	2.0	trials	4.0	1.0	1.0	1.0	0.0	1.0	False	0.0	0.0	0.0	"[nan nan nan nan nan nan nan nan nan nan nan nan nan nan nan nan nan nan
 nan nan]"	1.0	0.02	5.0
2412.8519065351848	2.0	trials	4.0	1.0	1.0	1.0	0.0	1.0	False	0.0	0.0	0.0	"[nan nan nan nan nan nan nan nan nan nan nan nan nan nan nan nan nan nan
 nan nan]"	1.0	0.02	5.0
2422.0344432156403	2.0	trials	4.0	1.0	1.0	1.0	0.0	1.0	False	0.0	0.0	0.0	"[nan nan nan nan nan nan nan nan nan nan nan nan nan nan nan nan nan nan
 nan nan]"	1.0	0.02	5.0
2427.2510336724176	2.0	trials	4.0	1.0	1.0	1.0	0.0	1.0	False	0.0	0.0	0.0	"[nan nan nan nan nan nan nan nan nan nan nan nan nan nan nan nan nan nan
 nan nan]"	1.0	0.02	5.0
2437.4702010615933	2.0	trials	4.0	1.0	1.0	1.0	0.0	1.0	False	0.0	0.0	0.0	"[nan nan nan nan nan nan nan nan nan nan nan nan nan nan nan nan nan nan
 nan nan]"	1.0	0.02	5.0
2444.544657006753	2.0	trials	4.0	1.0	1.0	1.0	0.0	1.0	False	0.0	0.0	0.0	"[nan nan nan nan nan nan nan nan nan nan nan nan nan nan nan nan nan nan
 nan nan]"	1.0	0.02	5.0
2452.0382407705497	2.0	trials	4.0	1.0	1.0	1.0	0.0	1.0	False	0.0	0.0	0.0	"[nan nan nan nan nan nan nan nan nan nan nan nan nan nan nan nan nan nan
 nan nan]"	1.0	0.02	5.0
2459.430995393067	2.0	trials	4.0	1.0	1.0	1.0	0.0	1.0	False	0.0	0.0	0.0	"[nan nan nan nan nan nan nan nan nan nan nan nan nan nan nan nan nan nan
 nan nan]"	1.0	0.02	5.0
2464.5648143696844	2.0	trials	4.0	1.0	1.0	1.0	0.0	1.0	False	0.0	0.0	0.0	"[nan nan nan nan nan nan nan nan nan nan nan nan nan nan nan nan nan nan
 nan nan]"	1.0	0.02	5.0
2471.9650858176437	2.0	trials	4.0	1.0	1.0	1.0	0.0	1.0	False	0.0	0.0	0.0	"[nan nan nan nan nan nan nan nan nan nan nan nan nan nan nan nan nan nan
 nan nan]"	1.0	0.02	5.0
2477.5349670702167	2.0	trials	4.0	1.0	1.0	1.0	0.0	1.0	False	0.0	0.0	0.0	"[nan nan nan nan nan nan nan nan nan nan nan nan nan nan nan nan nan nan
 nan nan]"	1.0	0.02	5.0
2485.171629718298	2.0	trials	4.0	1.0	1.0	1.0	0.0	1.0	False	0.0	0.0	0.0	"[nan nan nan nan nan nan nan nan nan nan nan nan nan nan nan nan nan nan
 nan nan]"	1.0	0.02	5.0
2494.806385529395	2.0	trials	4.0	1.0	1.0	1.0	0.0	1.0	False	0.0	0.0	0.0	"[nan nan nan nan nan nan nan nan nan nan nan nan nan nan nan nan nan nan
 nan nan]"	1.0	0.02	5.0
2504.034887165429	2.0	trials	4.0	1.0	1.0	1.0	0.0	1.0	False	0.0	0.0	0.0	"[nan nan nan nan nan nan nan nan nan nan nan nan nan nan nan nan nan nan
 nan nan]"	1.0	0.02	5.0
2513.5084200308297	2.0	trials	4.0	1.0	1.0	1.0	0.0	1.0	False	0.0	0.0	0.0	"[nan nan nan nan nan nan nan nan nan nan nan nan nan nan nan nan nan nan
 nan nan]"	1.0	0.02	5.0
2523.6184638506506	2.0	trials	4.0	1.0	1.0	1.0	0.0	1.0	False	0.0	0.0	0.0	"[nan nan nan nan nan nan nan nan nan nan nan nan nan nan nan nan nan nan
 nan nan]"	1.0	0.02	5.0
2532.117401417304	2.0	trials	4.0	1.0	1.0	1.0	0.0	1.0	False	0.0	0.0	0.0	"[nan nan nan nan nan nan nan nan nan nan nan nan nan nan nan nan nan nan
 nan nan]"	1.0	0.02	5.0
2541.546956533851	2.0	trials	4.0	1.0	1.0	1.0	0.0	1.0	False	0.0	0.0	0.0	"[nan nan nan nan nan nan nan nan nan nan nan nan nan nan nan nan nan nan
 nan nan]"	1.0	0.02	5.0
2609.371704502663	2.0	trials	5.0	0.0	0.0	0.0	0.0	0.0	True	40.0	0.0	0.005	"[30209173.42197048 30209462.42294867 30209752.42393024 30210042.42491181
 30210331.42589    30210620.42686819 30210910.42784977 30211200.42883134
 30211491.4298163  30211779.43079111 30212069.43177268 30212359.43275426
 30212648.43373245 30212937.43471064 30213227.43569221 30213518.43667717
 30213806.43765197 30214097.43863693 30214386.43961512 30214675.44059331]"	0.0	0.0	0.0
2616.7044109219323	2.0	trials	5.0	0.0	0.0	0.0	0.0	0.0	True	40.0	0.0	0.005	"[30294041.7092266  30294331.71020818 30294621.71118976 30294910.71216795
 30295199.71314614 30295489.71412772 30295780.71511267 30296069.71609086
 30296358.71706905 30296648.71805063 30296938.7190322  30297227.72001039
 30297516.72098858 30297807.72197354 30298097.72295511 30298385.72392992
 30298676.72491488 30298965.72589307 30299255.72687465 30299544.72785284]"	0.0	0.0	0.0
2624.7142364330707	2.0	trials	5.0	0.0	0.0	0.0	0.0	0.0	True	40.0	0.0	0.005	"[30386748.02301234 30387038.02399391 30387327.0249721  30387618.02595706
 30387907.02693525 30388196.02791345 30388487.0288984  30388776.02987659
 30389065.03085478 30389356.03183974 30389645.03281793 30389934.03379612
 30390224.0347777  30390513.03575588 30390802.03673407 30391092.03771565
 30391383.03870061 30391672.0396788  30391961.04065699 30392252.04164195]"	0.0	0.0	0.0
2635.778225881745	2.0	trials	5.0	0.0	0.0	0.0	0.0	0.0	True	40.0	0.0	0.005	"[30514803.45644525 30515093.45742683 30515383.4584084  30515672.45938659
 30515961.46036478 30516252.46134974 30516540.46232455 30516831.4633095
 30517120.46428769 30517410.46526927 30517700.46625084 30517989.46722903
 30518279.46821061 30518568.4691888  30518859.47017376 30519148.47115195
 30519437.47213013 30519727.47311171 30520017.47409328 30520307.47507486]"	0.0	0.0	0.0
2643.495154401505	2.0	trials	5.0	0.0	0.0	0.0	0.0	0.0	True	40.0	0.0	0.005	"[30604120.7587601  30604409.75973829 30604698.76071648 30604988.76169805
 30605278.76267963 30605567.76365782 30605857.76463939 30606146.76561758
 30606436.76659916 30606725.76757735 30607016.76856231 30607305.76954049
 30607594.77051868 30607885.77150364 30608175.77248522 30608464.77346341
 30608754.77444498 30609044.77542656 30609334.77640814 30609623.77738632]"	0.0	0.0	0.0
2653.4003431279457	2.0	trials	5.0	0.0	0.0	0.0	0.0	0.0	True	40.0	0.0	0.005	"[30718764.14679687 30719054.14777845 30719342.14875326 30719632.14973483
 30719922.15071641 30720211.15169459 30720502.15267955 30720791.15365774
 30721080.15463593 30721370.15561751 30721660.15659908 30721950.15758066
 30722239.15855885 30722529.15954042 30722819.160522   30723108.16150019
 30723398.16248176 30723688.16346334 30723978.1644449  30724266.16541971]"	0.0	0.0	0.0
2660.4506933915145	2.0	trials	5.0	0.0	0.0	0.0	0.0	0.0	True	40.0	0.0	0.005	"[30800365.42299507 30800655.42397664 30800943.42495145 30801234.4259364
 30801523.42691459 30801813.42789617 30802103.42887774 30802392.42985593
 30802681.43083412 30802972.43181908 30803261.43279728 30803551.43377885
 30803841.43476043 30804130.43573861 30804419.4367168  30804710.43770176
 30804999.43867995 30805288.43965814 30805577.44063633 30805868.44162129]"	0.0	0.0	0.0
2666.192511226048	2.0	trials	5.0	0.0	0.0	0.0	0.0	0.0	True	40.0	0.0	0.005	"[30866820.64792798 30867110.64890955 30867399.64988774 30867689.65086932
 30867980.65185428 30868268.65282908 30868558.65381066 30868848.65479223
 30869139.65577719 30869428.65675538 30869716.65773018 30870007.65871514
 30870297.65969672 30870586.66067491 30870875.6616531  30871166.66263806
 30871455.66361625 30871744.66459444 30872034.66557602 30872324.66655759]"	0.0	0.0	0.0
2674.6763287415233	2.0	trials	5.0	0.0	0.0	0.0	0.0	0.0	True	40.0	0.0	0.005	"[30965012.98028239 30965303.98126736 30965593.98224893 30965882.98322712
 30966171.98420531 30966461.98518688 30966751.98616845 30967039.98714326
 30967330.98812822 30967619.98910641 30967909.99008799 30968199.99106956
 30968488.99204775 30968779.99303271 30969067.99400752 30969358.99499248
 30969646.99596728 30969937.99695224 30970226.99793043 30970516.998912  ]"	0.0	0.0	0.0
2685.800711994615	2.0	trials	5.0	0.0	0.0	0.0	0.0	0.0	True	40.0	0.0	0.005	"[31093767.41608124 31094056.41705943 31094347.41804439 31094636.41902258
 31094925.42000077 31095215.42098235 31095505.42196392 31095794.42294211
 31096084.42392368 31096373.42490187 31096664.42588683 31096954.42686841
 31097243.4278466  31097533.42882818 31097822.42980636 31098112.43078794
 31098402.43176951 31098690.43274432 31098981.43372928 31099271.43471085]"	0.0	0.0	0.0
2695.232772719643	2.0	trials	5.0	0.0	0.0	0.0	0.0	0.0	True	40.0	0.0	0.005	"[31202935.78558657 31203223.78656137 31203514.78754633 31203804.7885279
 31204093.7895061  31204383.79048767 31204672.79146586 31204962.79244744
 31205252.79342901 31205541.79440719 31205831.79538877 31206120.79636696
 31206411.79735192 31206700.79833011 31206990.79931169 31207280.80029326
 31207569.80127145 31207858.80224964 31208148.80323122 31208437.80420941]"	0.0	0.0	0.0
2706.027020455313	2.0	trials	5.0	0.0	0.0	0.0	0.0	0.0	True	40.0	0.0	0.005	"[31327869.20845232 31328159.20943389 31328447.2104087  31328738.21139366
 31329027.21237185 31329317.21335343 31329607.214335   31329896.21531319
 31330186.21629476 31330476.21727633 31330764.21825114 31331055.2192361
 31331343.22021091 31331634.22119587 31331924.22217744 31332213.22315563
 31332503.22413721 31332792.2251154  31333082.22609697 31333371.22707516]"	0.0	0.0	0.0
2715.3687064744468	2.0	trials	5.0	0.0	0.0	0.0	0.0	0.0	True	40.0	0.0	0.005	"[31435990.57441382 31436278.57538863 31436568.57637021 31436859.57735516
 31437146.57832658 31437436.57930815 31437727.58029312 31438017.58127469
 31438306.58225288 31438595.58323107 31438885.58421264 31439175.58519422
 31439465.58617579 31439755.58715737 31440043.58813218 31440335.58912052
 31440624.59009871 31440913.5910769  31441202.59205509 31441493.59304005]"	0.0	0.0	0.0
2723.6428304801652	2.0	trials	5.0	0.0	0.0	0.0	0.0	0.0	True	40.0	0.0	0.005	"[31531754.89855009 31532044.89953166 31532333.90050985 31532624.90149481
 31532912.90246962 31533202.90345119 31533491.90442938 31533781.90541096
 31534072.90639591 31534361.90737411 31534650.9083523  31534941.90933725
 31535229.91031206 31535520.91129702 31535809.91227521 31536099.91325678
 31536388.91423497 31536677.91521316 31536968.91619813 31537257.91717631]"	0.0	0.0	0.0
2730.016839254497	2.0	trials	5.0	0.0	0.0	0.0	0.0	0.0	True	40.0	0.0	0.005	"[31605529.14825591 31605818.1492341  31606109.15021906 31606397.15119387
 31606688.15217884 31606977.15315702 31607267.15413859 31607556.15511678
 31607845.15609498 31608135.15707655 31608424.15805474 31608715.1590397
 31609004.16001789 31609294.16099946 31609583.16197765 31609873.16295923
 31610164.16394419 31610452.16491899 31610742.16590056 31611032.16688214]"	0.0	0.0	0.0
2740.820936623506	2.0	trials	5.0	0.0	0.0	0.0	0.0	0.0	True	40.0	0.0	0.005	"[31730575.57150415 31730865.57248572 31731156.57347068 31731444.57444549
 31731734.57542706 31732024.57640864 31732313.57738683 31732603.5783684
 31732893.57934997 31733181.58032478 31733473.58131312 31733762.58229131
 31734052.58327289 31734341.58425108 31734631.58523266 31734920.58621084
 31735209.58718903 31735500.58817399 31735789.58915218 31736078.59013037]"	0.0	0.0	0.0
2750.78107593594	2.0	trials	5.0	0.0	0.0	0.0	0.0	0.0	True	40.0	0.0	0.005	"[31845853.96169023 31846143.96267181 31846434.96365676 31846722.96463157
 31847012.96561315 31847302.96659472 31847592.9675763  31847881.96855449
 31848171.96953606 31848460.97051425 31848751.97149921 31849041.97248079
 31849330.97345898 31849620.97444055 31849909.97541874 31850199.97640032
 31850489.97738189 31850778.97836008 31851068.97934165 31851358.98032323]"	0.0	0.0	0.0
2761.773266741595	2.0	trials	5.0	0.0	0.0	0.0	0.0	0.0	True	40.0	0.0	0.005	"[31973080.39231719 31973370.39329877 31973659.39427696 31973949.39525853
 31974239.39624012 31974528.39721831 31974817.39819649 31975108.39918145
 31975397.40015964 31975686.40113783 31975976.4021194  31976265.4030976
 31976555.40407917 31976846.40506413 31977134.40603893 31977425.4070239
 31977713.4079987  31978003.40898028 31978293.40996185 31978582.41094004]"	0.0	0.0	0.0
2768.0975953477728	2.0	trials	5.0	0.0	0.0	0.0	0.0	0.0	True	40.0	0.0	0.005	"[32046278.64007341 32046566.64104822 32046857.64203318 32047146.64301137
 32047436.64399294 32047726.64497452 32048015.64595271 32048304.6469309
 32048594.64791248 32048884.64889405 32049173.64987224 32049463.65085381
 32049753.65183539 32050042.65281358 32050332.65379515 32050621.65477334
 32050910.65575153 32051201.65673649 32051491.65771806 32051781.65869964]"	0.0	0.0	0.0
2778.2661321655773	2.0	trials	5.0	0.0	0.0	0.0	0.0	0.0	True	40.0	0.0	0.005	"[32163970.03842688 32164260.03940845 32164548.04038326 32164838.04136483
 32165128.04234641 32165419.04333137 32165708.04430956 32165998.04529113
 32166287.04626932 32166577.0472509  32166867.04823247 32167156.04921066
 32167446.05019224 32167735.05117042 32168024.05214861 32168315.05313358
 32168605.05411515 32168895.05509673 32169183.05607153 32169472.05704972]"	0.0	0.0	0.0
2783.7813220330345	2.0	trials	5.0	0.0	0.0	0.0	0.0	0.0	True	40.0	0.0	0.005	"[32227804.25448839 32228093.25546658 32228382.25644477 32228673.25742973
 32228962.25840792 32229251.25938611 32229540.2603643  32229830.26134587
 32230119.26232406 32230410.26330902 32230700.26429059 32230989.26526879
 32231279.26625036 32231569.26723194 32231857.26820674 32232148.2691917
 32232437.27016989 32232726.27114809 32233016.27212966 32233307.27311461]"	0.0	0.0	0.0
2791.653339077728	2.0	trials	5.0	0.0	0.0	0.0	0.0	0.0	True	40.0	0.0	0.005	"[32318913.56286868 32319203.56385026 32319493.56483184 32319783.56581341
 32320072.56679161 32320361.5677698  32320651.56875136 32320940.56972956
 32321230.57071113 32321520.57169271 32321810.57267428 32322099.57365247
 32322390.57463743 32322678.57561224 32322968.57659381 32323258.57757539
 32323547.57855358 32323838.57953854 32324127.58051673 32324415.58149153]"	0.0	0.0	0.0
2798.4504500841485	2.0	trials	5.0	0.0	0.0	0.0	0.0	0.0	True	40.0	0.0	0.005	"[32397584.82914959 32397874.83013116 32398163.83110935 32398453.83209093
 32398743.8330725  32399033.83405408 32399322.83503227 32399611.83601046
 32399902.83699542 32400190.83797022 32400480.8389518  32400769.83992999
 32401060.84091495 32401350.84189652 32401639.84287471 32401928.8438529
 32402218.84483448 32402508.84581605 32402797.84679424 32403086.84777243]"	0.0	0.0	0.0
2807.786692884858	2.0	trials	5.0	0.0	0.0	0.0	0.0	0.0	True	40.0	0.0	0.005	"[32505642.19489447 32505933.19587942 32506222.19685762 32506511.19783581
 32506801.19881738 32507091.19979896 32507380.20077714 32507670.20175872
 32507961.20274368 32508249.20371849 32508539.20470006 32508829.20568164
 32509118.20665982 32509409.20764478 32509698.20862297 32509987.20960116
 32510277.21058274 32510567.21156431 32510857.21254589 32511145.21352069]"	0.0	0.0	0.0
2814.0215971883586	2.0	trials	5.0	0.0	0.0	0.0	0.0	0.0	True	40.0	0.0	0.005	"[32577806.43915086 32578095.44012905 32578385.44111063 32578675.4420922
 32578965.44307378 32579254.44405197 32579544.44503354 32579833.44601173
 32580123.44699331 32580412.4479715  32580702.44895307 32580992.44993464
 32581281.45091283 32581571.45189441 32581861.45287598 32582150.45385418
 32582440.45483575 32582730.45581732 32583020.4567989  32583309.45777709]"	0.0	0.0	0.0
2824.1014873061176	2.0	trials	5.0	0.0	0.0	0.0	0.0	0.0	True	40.0	0.0	0.005	"[32694471.83403158 32694761.83501316 32695051.83599473 32695340.83697293
 32695630.8379545  32695919.83893269 32696209.83991427 32696498.84089245
 32696788.84187403 32697077.84285222 32697368.84383718 32697657.84481537
 32697947.84579695 32698236.84677513 32698526.84775671 32698816.84873828
 32699105.84971647 32699395.85069805 32699685.85167962 32699974.85265781]"	0.0	0.0	0.0
2833.94801023399	2.0	trials	5.0	0.0	0.0	0.0	0.0	0.0	True	40.0	0.0	0.005	"[32808436.21977012 32808726.2207517  32809016.22173328 32809305.22271147
 32809594.22368965 32809884.22467123 32810174.2256528  32810463.22663099
 32810753.22761257 32811043.22859414 32811333.22957572 32811621.23055052
 32811911.23153209 32812200.23251028 32812490.23349186 32812780.23447344
 32813069.23545163 32813359.2364332  32813650.23741816 32813939.23839635]"	0.0	0.0	0.0
2841.2738910301564	2.0	trials	5.0	0.0	0.0	0.0	0.0	0.0	True	40.0	0.0	0.005	"[32893226.50676225 32893517.50774721 32893805.50872202 32894095.50970359
 32894385.51068516 32894675.51166674 32894963.51264154 32895254.5136265
 32895543.5146047  32895833.51558627 32896122.51656446 32896412.51754603
 32896703.51853099 32896991.5195058  32897281.52048737 32897571.52146895
 32897860.52244714 32898149.52342533 32898440.52441029 32898728.52538509]"	0.0	0.0	0.0
2849.523822953992	2.0	trials	5.0	0.0	0.0	0.0	0.0	0.0	True	40.0	0.0	0.005	"[32988709.8299474  32989000.83093236 32989290.83191394 32989579.83289213
 32989868.83387032 32990158.83485189 32990447.83583008 32990737.83681166
 32991027.83779323 32991317.83877481 32991607.83975638 32991896.84073457
 32992186.84171615 32992476.84269772 32992765.84367591 32993054.8446541
 32993344.84563567 32993634.84661725 32993923.84759544 32994213.84857701]"	0.0	0.0	0.0
2858.145794537082	2.0	trials	5.0	0.0	0.0	0.0	0.0	0.0	True	40.0	0.0	0.005	"[33088503.16772079 33088792.16869898 33089083.16968394 33089372.17066213
 33089661.17164032 33089951.17262189 33090242.17360685 33090530.17458165
 33090820.17556323 33091109.17654142 33091400.17752638 33091690.17850796
 33091979.17948614 33092269.18046772 33092557.18144253 33092847.1824241
 33093137.18340568 33093427.18438725 33093716.18536543 33094007.1863504 ]"	0.0	0.0	0.0
2869.0360329976556	2.0	trials	5.0	0.0	0.0	0.0	0.0	0.0	True	40.0	0.0	0.005	"[33214546.59434361 33214836.59532518 33215125.59630337 33215416.59728833
 33215705.59826652 33215994.59924471 33216283.6002229  33216574.60120786
 33216863.60218605 33217153.60316762 33217443.6041492  33217733.60513078
 33218021.60610558 33218311.60708715 33218601.60806873 33218891.6090503
 33219180.61002849 33219470.61101007 33219759.61198825 33220050.61297322]"	0.0	0.0	0.0
2875.564871096044	2.0	trials	5.0	0.0	0.0	0.0	0.0	0.0	True	40.0	0.0	0.005	"[33290111.8501115  33290401.85109308 33290692.85207804 33290981.85305623
 33291270.85403442 33291560.85501599 33291849.85599418 33292139.85697576
 33292429.85795734 33292719.8589389  33293008.85991709 33293297.86089528
 33293587.86187686 33293876.86285505 33294166.86383662 33294455.86481481
 33294746.86579977 33295035.86677796 33295326.86776292 33295615.86874112]"	0.0	0.0	0.0
2882.3683757241056	2.0	trials	5.0	0.0	0.0	0.0	0.0	0.0	True	40.0	0.0	0.005	"[33368857.11664288 33369147.11762445 33369436.11860264 33369726.11958422
 33370015.1205624  33370306.12154736 33370594.12252217 33370885.12350713
 33371173.12448194 33371465.12547028 33371753.12644508 33372043.12742666
 33372334.12841161 33372623.1293898  33372912.130368   33373201.13134619
 33373492.13233115 33373781.13330933 33374071.13429091 33374360.1352691 ]"	0.0	0.0	0.0
2887.6962497575482	2.0	trials	5.0	0.0	0.0	0.0	0.0	0.0	True	40.0	0.0	0.005	"[33430521.3253595  33430810.32633769 33431101.32732265 33431391.32830422
 33431680.32928241 33431969.3302606  33432259.33124218 33432550.33222713
 33432838.33320194 33433128.33418352 33433418.33516509 33433708.33614666
 33433997.33712485 33434286.33810304 33434577.339088   33434865.34006281
 33435156.34104777 33435445.34202596 33435735.34300753 33436024.34398572]"	0.0	0.0	0.0
2897.494302121361	2.0	trials	5.0	0.0	0.0	0.0	0.0	0.0	True	40.0	0.0	0.005	"[33543925.70920258 33544215.71018416 33544504.71116234 33544794.71214392
 33545083.71312211 33545373.71410368 33545663.71508526 33545953.71606683
 33546242.71704502 33546531.71802321 33546821.71900479 33547110.71998298
 33547400.72096455 33547689.72194275 33547980.72292771 33548269.72390589
 33548559.72488746 33548849.72586904 33549139.72685062 33549427.72782542]"	0.0	0.0	0.0
2904.034285857474	2.0	trials	5.0	0.0	0.0	0.0	0.0	0.0	True	40.0	0.0	0.005	"[33619620.96541049 33619908.9663853  33620198.96736687 33620488.96834845
 33620778.96933003 33621067.97030821 33621356.9712864  33621647.97227136
 33621937.97325294 33622226.97423113 33622515.97520932 33622805.97619089
 33623095.97717246 33623384.97815065 33623674.97913224 33623963.98011042
 33624253.981092   33624543.98207358 33624832.98305176 33625121.98402995]"	0.0	0.0	0.0
2914.6607442252216	2.0	trials	5.0	0.0	0.0	0.0	0.0	0.0	True	40.0	0.0	0.005	"[33742611.3816997  33742899.38267451 33743189.38365608 33743478.38463427
 33743768.38561585 33744058.38659742 33744348.38757899 33744638.38856056
 33744928.38954214 33745216.39051695 33745507.39150191 33745795.39247671
 33746086.39346167 33746375.39443986 33746665.39542144 33746954.39639962
 33747244.39738121 33747534.39836278 33747823.39934096 33748114.40032592]"	0.0	0.0	0.0
2920.9108549801917	2.0	trials	5.0	0.0	0.0	0.0	0.0	0.0	True	40.0	0.0	0.005	"[33814950.62654842 33815240.62753    33815528.62850481 33815818.62948638
 33816107.63046457 33816397.63144615 33816688.6324311  33816976.63340591
 33817267.63439087 33817557.63537244 33817846.63635063 33818135.63732882
 33818425.6383104  33818715.63929197 33819004.64027017 33819293.64124835
 33819584.64223331 33819873.6432115  33820163.64419308 33820452.64517126]"	0.0	0.0	0.0
2928.1126649564117	2.0	trials	5.0	0.0	0.0	0.0	0.0	0.0	True	40.0	0.0	0.005	"[33898304.90868007 33898592.90965487 33898881.91063306 33899172.91161802
 33899463.91260298 33899751.91357778 33900041.91455936 33900331.91554093
 33900621.91652251 33900910.9175007  33901199.91847889 33901489.91946046
 33901780.92044542 33902068.92142023 33902358.9224018  33902648.92338338
 33902938.92436495 33903228.92534652 33903517.92632472 33903806.9273029 ]"	0.0	0.0	0.0
2936.1465961491413	2.0	trials	5.0	0.0	0.0	0.0	0.0	0.0	True	40.0	0.0	0.005	"[33991290.22341014 33991580.22439171 33991869.2253699  33992159.22635148
 33992448.22732966 33992738.22831124 33993028.22929282 33993317.230271
 33993607.23125258 33993897.23223415 33994186.23321234 33994475.23419054
 33994765.23517211 33995055.23615369 33995345.23713526 33995634.23811345
 33995924.23909502 33996214.24007659 33996503.24105479 33996793.24203636]"	0.0	0.0	0.0
2942.5846275401727	2.0	trials	5.0	0.0	0.0	0.0	0.0	0.0	True	40.0	0.0	0.005	"[34065804.47562067 34066094.47660225 34066383.47758044 34066673.47856201
 34066963.47954359 34067252.48052178 34067541.48149996 34067832.48248492
 34068121.48346312 34068411.48444469 34068701.48542626 34068990.48640446
 34069280.48738603 34069569.48836422 34069859.4893458  34070149.49032737
 34070438.49130556 34070727.49228375 34071018.49326871 34071307.49424689]"	0.0	0.0	0.0
2951.8248796159787	2.0	trials	5.0	0.0	0.0	0.0	0.0	0.0	True	40.0	0.0	0.005	"[34172751.83760849 34173040.83858668 34173330.83956826 34173619.84054644
 34173909.84152801 34174199.8425096  34174488.84348778 34174779.84447274
 34175068.84545094 34175357.84642912 34175647.84741069 34175937.84839227
 34176226.84937046 34176516.85035204 34176805.85133023 34177095.8523118
 34177384.85328998 34177675.85427495 34177964.85525314 34178254.85623471]"	0.0	0.0	0.0
2957.188955371955	2.0	trials	5.0	0.0	0.0	0.0	0.0	0.0	True	40.0	0.0	0.005	"[34234836.0477467  34235125.0487249  34235415.04970647 34235703.05068127
 34235994.05166623 34236284.05264781 34236573.053626   34236862.05460419
 34237153.05558915 34237443.05657072 34237732.05754891 34238021.0585271
 34238311.05950867 34238602.06049364 34238892.06147521 34239180.06245001
 34239470.06343159 34239760.06441316 34240049.06539135 34240339.06637293]"	0.0	0.0	0.0
2964.682884736922	2.0	trials	5.0	0.0	0.0	0.0	0.0	0.0	True	40.0	0.0	0.005	"[34321571.34132215 34321861.34230373 34322151.34328529 34322439.3442601
 34322729.34524168 34323019.34622325 34323309.34720483 34323599.3481864
 34323888.34916459 34324178.35014617 34324467.35112435 34324757.35210593
 34325047.35308751 34325337.35406908 34325625.35504388 34325915.35602546
 34326205.35700703 34326494.35798522 34326785.35897019 34327074.35994837]"	0.0	0.0	0.0
2973.0048745046533	2.0	trials	5.0	0.0	0.0	0.0	0.0	0.0	True	40.0	0.0	0.005	"[34417890.66733695 34418179.66831513 34418470.66930009 34418759.67027828
 34419049.67125986 34419338.67223805 34419627.67321624 34419918.67420121
 34420207.67517938 34420497.67616096 34420786.67713916 34421076.67812072
 34421366.67910231 34421655.6800805  34421945.68106207 34422235.68204364
 34422524.68302183 34422814.68400341 34423104.68498498 34423393.68596318]"	0.0	0.0	0.0
2983.481082763844	2.0	trials	5.0	0.0	0.0	0.0	0.0	0.0	True	40.0	0.0	0.005	"[34539144.07774686 34539432.07872166 34539722.07970323 34540012.08068481
 34540301.081663   34540591.08264458 34540880.08362277 34541171.08460773
 34541459.08558253 34541750.08656748 34542040.08754907 34542330.08853064
 34542619.08950883 34542908.09048702 34543198.09146859 34543487.09244678
 34543776.09342497 34544067.09440994 34544357.09539151 34544646.0963697 ]"	0.0	0.0	0.0
2992.037735725849	2.0	trials	5.0	0.0	0.0	0.0	0.0	0.0	True	40.0	0.0	0.005	"[34638178.41295122 34638467.41392941 34638758.41491437 34639047.41589256
 34639337.41687413 34639626.41785233 34639916.4188339  34640204.41980871
 34640494.42079028 34640785.42177524 34641074.42275343 34641364.42373501
 34641653.4247132  34641942.42569138 34642233.42667634 34642523.42765792
 34642812.42863611 34643102.42961769 34643392.43059926 34643681.43157745]"	0.0	0.0	0.0
2997.6350922714187	2.0	trials	5.0	0.0	0.0	0.0	0.0	0.0	True	40.0	0.0	0.005	"[34702961.63222485 34703252.63320981 34703541.634188   34703830.63516619
 34704120.63614777 34704409.63712595 34704699.63810753 34704988.63908572
 34705279.64007068 34705568.64104887 34705857.64202706 34706147.64300863
 34706438.64399359 34706727.64497178 34707016.64594997 34707306.64693155
 34707596.64791313 34707885.64889131 34708175.64987288 34708464.65085108]"	0.0	0.0	0.0
3003.2694281421536	2.0	trials	5.0	0.0	0.0	0.0	0.0	0.0	True	40.0	0.0	0.005	"[34768174.85295392 34768464.85393549 34768753.85491368 34769043.85589526
 34769332.85687345 34769622.85785502 34769911.85883322 34770201.85981479
 34770492.86079974 34770781.86177793 34771071.86275952 34771361.86374108
 34771650.86471927 34771940.86570086 34772229.86667904 34772518.86765723
 34772809.86864219 34773098.86962038 34773387.87059857 34773677.87158015]"	0.0	0.0	0.0
3011.7300039789625	2.0	trials	5.0	0.0	0.0	0.0	0.0	0.0	True	40.0	0.0	0.005	"[34866097.18439446 34866387.18537603 34866677.1863576  34866966.1873358
 34867256.18831737 34867546.18929894 34867836.19028052 34868124.19125532
 34868416.19224367 34868703.19321509 34868994.19420005 34869283.19517823
 34869573.19615981 34869863.19714139 34870153.19812296 34870442.19910116
 34870732.20008273 34871021.20106091 34871312.20204587 34871600.20302068]"	0.0	0.0	0.0
3052.275242013857	2.0	trials	6.0	0.0	0.0	0.0	0.0	0.0	True	40.0	0.0	0.005	"[35335371.77276167 35335661.77374324 35335950.77472144 35336239.77569962
 35336529.7766812  35336819.77766278 35337109.77864435 35337398.77962254
 35337687.78060072 35337977.7815823  35338268.78256726 35338557.78354545
 35338846.78452364 35339135.78550183 35339425.78648341 35339715.78746498
 35340004.78844317 35340294.78942475 35340584.79040632 35340873.79138451]"	0.0	0.0	0.0
3062.6662595846997	2.0	trials	6.0	0.0	0.0	0.0	0.0	0.0	True	40.0	0.0	0.005	"[35455637.17982745 35455927.18080903 35456217.18179061 35456507.18277218
 35456796.18375037 35457086.18473194 35457375.18571013 35457665.18669171
 35457954.1876699  35458245.18865486 35458533.18962966 35458823.19061124
 35459113.19159281 35459403.19257438 35459692.19355258 35459982.19453415
 35460272.19551573 35460561.19649392 35460850.19747211 35461140.19845368]"	0.0	0.0	0.0
3068.5524523079034	2.0	trials	6.0	0.0	0.0	0.0	0.0	0.0	True	40.0	0.0	0.005	"[35523764.41041965 35524054.41140123 35524344.4123828  35524634.41336438
 35524923.41434257 35525213.41532414 35525502.41630233 35525791.41728052
 35526082.41826548 35526372.41924705 35526662.42022863 35526951.42120682
 35527241.4221884  35527530.42316659 35527819.42414477 35528109.42512635
 35528399.42610793 35528688.42708611 35528978.42806769 35529268.42904927]"	0.0	0.0	0.0
3078.884112877839	2.0	trials	6.0	0.0	0.0	0.0	0.0	0.0	True	40.0	0.0	0.005	"[35643344.8151669  35643634.81614847 35643923.81712666 35644212.81810485
 35644503.81908981 35644792.820068   35645083.82105295 35645372.82203115
 35645661.82300934 35645951.82399091 35646240.8249691  35646529.82594729
 35646820.82693225 35647109.82791045 35647399.82889201 35647689.82987359
 35647978.83085178 35648268.83183336 35648558.83281493 35648847.83379312]"	0.0	0.0	0.0
3087.8787289222328	2.0	trials	6.0	0.0	0.0	0.0	0.0	0.0	True	40.0	0.0	0.005	"[35747449.1675319  35747738.16851008 35748028.16949166 35748318.17047323
 35748607.17145143 35748896.17242961 35749186.17341119 35749476.17439277
 35749766.17537434 35750055.17635253 35750345.1773341  35750634.17831229
 35750925.17929725 35751214.18027544 35751504.18125702 35751793.1822352
 35752082.1832134  35752373.18419836 35752662.18517654 35752952.18615812]"	0.0	0.0	0.0
3098.1146579681413	2.0	trials	6.0	0.0	0.0	0.0	0.0	0.0	True	40.0	0.0	0.005	"[35865920.56852546 35866210.56950703 35866499.57048523 35866789.5714668
 35867078.57244499 35867368.57342656 35867658.57440814 35867948.57538971
 35868237.5763679  35868527.57734948 35868816.57832766 35869106.57930924
 35869396.58029082 35869685.581269   35869975.58225058 35870264.58322877
 35870554.58421034 35870843.58518853 35871134.58617349 35871423.58715168]"	0.0	0.0	0.0
3104.854831181842	2.0	trials	6.0	0.0	0.0	0.0	0.0	0.0	True	40.0	0.0	0.005	"[35943931.83257243 35944221.83355401 35944510.83453219 35944799.83551039
 35945091.83649873 35945379.83747353 35945669.8384551  35945958.8394333
 35946248.84041487 35946538.84139645 35946827.84237464 35947117.84335621
 35947407.84433779 35947696.84531598 35947986.84629755 35948275.84727574
 35948565.84825732 35948854.8492355  35949144.85021709 35949434.85119865]"	0.0	0.0	0.0
3113.900596199362	2.0	trials	6.0	0.0	0.0	0.0	0.0	0.0	True	40.0	0.0	0.005	"[36048628.18694119 36048918.18792278 36049207.18890096 36049497.18988253
 36049786.19086073 36050076.1918423  36050366.19282387 36050655.19380207
 36050945.19478364 36051234.19576182 36051524.19674341 36051814.19772498
 36052103.19870316 36052393.19968475 36052683.20066632 36052973.20164789
 36053263.20262947 36053552.20360766 36053841.20458585 36054132.2055708 ]"	0.0	0.0	0.0
3120.921138362039	2.0	trials	6.0	0.0	0.0	0.0	0.0	0.0	True	40.0	0.0	0.005	"[36129884.46197166 36130173.46294983 36130463.46393141 36130752.46490961
 36131042.46589118 36131331.46686937 36131621.46785095 36131911.46883252
 36132201.46981409 36132490.47079229 36132780.47177386 36133069.47275205
 36133359.47373363 36133649.4747152  36133937.47569    36134228.47667496
 36134518.47765654 36134807.47863473 36135097.4796163  36135386.48059449]"	0.0	0.0	0.0
3128.8099170634655	2.0	trials	6.0	0.0	0.0	0.0	0.0	0.0	True	40.0	0.0	0.005	"[36221189.77101535 36221478.77199355 36221768.77297512 36222058.77395669
 36222347.77493489 36222637.77591646 36222927.77689804 36223216.77787623
 36223505.77885441 36223796.77983937 36224085.78081757 36224374.78179576
 36224664.78277733 36224954.78375891 36225244.78474048 36225533.78571866
 36225822.78669687 36226113.78768182 36226402.78866001 36226692.78964159]"	0.0	0.0	0.0
3136.472931800741	2.0	trials	6.0	0.0	0.0	0.0	0.0	0.0	True	40.0	0.0	0.005	"[36309881.07121135 36310171.07219294 36310461.07317451 36310750.0741527
 36311040.07513427 36311329.07611246 36311619.07709403 36311909.07807561
 36312198.0790538  36312488.08003538 36312777.08101357 36313067.08199514
 36313357.08297671 36313647.08395829 36313936.08493648 36314226.08591805
 36314516.08689963 36314804.08787443 36315095.08885939 36315384.08983758]"	0.0	0.0	0.0
3142.046701066474	2.0	trials	6.0	0.0	0.0	0.0	0.0	0.0	True	40.0	0.0	0.005	"[36374393.28956772 36374683.29054929 36374972.29152749 36375262.29250906
 36375551.29348725 36375841.29446883 36376131.2954504  36376419.2964252
 36376710.29741016 36377000.29839174 36377289.29936993 36377578.30034812
 36377868.30132969 36378158.30231126 36378448.30329284 36378737.30427103
 36379027.30525261 36379316.3062308  36379606.30721238 36379895.30819056]"	0.0	0.0	0.0
3149.6428419774	2.0	trials	6.0	0.0	0.0	0.0	0.0	0.0	True	40.0	0.0	0.005	"[36462311.58714732 36462601.58812889 36462889.58910369 36463180.59008865
 36463470.59107023 36463759.59204842 36464049.59302999 36464338.59400818
 36464627.59498637 36464917.59596795 36465207.59694953 36465496.59792771
 36465787.59891268 36466076.59989087 36466366.60087243 36466656.60185401
 36466945.6028322  36467235.60381377 36467525.60479535 36467814.60577355]"	0.0	0.0	0.0
3156.4653546697987	2.0	trials	6.0	0.0	0.0	0.0	0.0	0.0	True	40.0	0.0	0.005	"[36541275.85441995 36541564.85539813 36541854.8563797  36542142.85735451
 36542433.85833947 36542723.85932105 36543012.86029924 36543302.86128081
 36543591.862259   36543880.86323719 36544171.86422215 36544460.86520034
 36544750.86618192 36545040.86716349 36545330.86814507 36545618.86911987
 36545908.87010144 36546198.87108302 36546488.8720646  36546777.87304278]"	0.0	0.0	0.0
3161.9068450878035	2.0	trials	6.0	0.0	0.0	0.0	0.0	0.0	True	40.0	0.0	0.005	"[36604256.06759088 36604546.06857246 36604835.06955065 36605125.07053223
 36605415.0715138  36605704.07249199 36605994.07347357 36606284.07445514
 36606573.07543333 36606862.07641152 36607152.07739309 36607442.07837467
 36607731.07935286 36608021.08033443 36608311.08131601 36608600.0822942
 36608890.08327577 36609180.08425735 36609470.08523892 36609759.08621711]"	0.0	0.0	0.0
3173.031314741186	2.0	trials	6.0	0.0	0.0	0.0	0.0	0.0	True	40.0	0.0	0.005	"[36733011.50339312 36733301.50437469 36733590.50535288 36733879.50633108
 36734169.50731265 36734459.50829422 36734748.50927241 36735038.51025398
 36735328.51123556 36735618.51221713 36735908.51319871 36736197.51417691
 36736487.51515847 36736777.51614005 36737066.51711824 36737355.51809643
 36737645.51907801 36737935.52005958 36738224.52103776 36738514.52201934]"	0.0	0.0	0.0
3180.1651276872544	2.0	trials	6.0	0.0	0.0	0.0	0.0	0.0	True	40.0	0.0	0.005	"[36815578.78286096 36815867.78383916 36816157.78482073 36816447.7858023
 36816737.78678388 36817026.78776207 36817315.78874026 36817606.78972521
 36817894.79070003 36818185.79168499 36818474.79266317 36818764.79364476
 36819053.79462294 36819343.79560451 36819633.79658609 36819923.79756766
 36820212.79854585 36820501.79952405 36820790.80050223 36821081.80148719]"	0.0	0.0	0.0
3188.7759536326203	2.0	trials	6.0	0.0	0.0	0.0	0.0	0.0	True	40.0	0.0	0.005	"[36915241.12019095 36915530.12116914 36915820.12215071 36916110.1231323
 36916399.12411048 36916689.12509205 36916979.12607363 36917268.12705182
 36917558.12803339 36917847.12901159 36918137.12999316 36918427.13097473
 36918716.13195292 36919007.13293788 36919296.13391607 36919585.13489427
 36919875.13587584 36920165.13685741 36920454.1378356  36920743.13881379]"	0.0	0.0	0.0
3198.9219399740973	2.0	trials	6.0	0.0	0.0	0.0	0.0	0.0	True	40.0	0.0	0.005	"[37032671.517661   37032960.51863919 37033250.51962076 37033539.52059896
 37033829.52158053 37034119.5225621  37034409.52354368 37034698.52452186
 37034988.52550344 37035277.52648164 37035566.52745982 37035857.52844478
 37036147.52942635 37036436.53040455 37036725.53138273 37037015.53236431
 37037304.5333425  37037594.53432407 37037885.53530903 37038174.53628723]"	0.0	0.0	0.0
3209.014012533091	2.0	trials	6.0	0.0	0.0	0.0	0.0	0.0	True	40.0	0.0	0.005	"[37149477.91301897 37149766.91399716 37150055.91497535 37150345.91595692
 37150635.9169385  37150924.91791669 37151214.91889826 37151504.91987984
 37151794.92086141 37152082.92183621 37152372.9228178  37152661.92379598
 37152951.92477755 37153241.92575914 37153531.9267407  37153822.92772567
 37154110.92870047 37154400.92968205 37154689.93066024 37154979.93164181]"	0.0	0.0	0.0
3216.191716827719	2.0	trials	6.0	0.0	0.0	0.0	0.0	0.0	True	40.0	0.0	0.005	"[37232553.19420626 37232842.19518445 37233132.19616603 37233421.19714423
 37233711.19812579 37234001.19910737 37234290.20008556 37234580.20106713
 37234870.20204871 37235159.2030269  37235449.20400847 37235738.20498667
 37236028.20596824 37236318.20694982 37236607.207928   37236897.20890958
 37237187.20989116 37237476.21086934 37237766.21185092 37238055.21282911]"	0.0	0.0	0.0
3223.9000917185267	2.0	trials	6.0	0.0	0.0	0.0	0.0	0.0	True	40.0	0.0	0.005	"[37321770.49618264 37322059.49716083 37322349.4981424  37322638.49912059
 37322928.50010216 37323216.50107697 37323507.50206193 37323797.5030435
 37324087.50402508 37324376.50500327 37324665.50598146 37324955.50696304
 37325244.50794122 37325535.50892618 37325825.50990776 37326113.51088256
 37326404.51186753 37326693.51284571 37326983.51382729 37327273.51480886]"	0.0	0.0	0.0
3231.9998599340975	2.0	trials	6.0	0.0	0.0	0.0	0.0	0.0	True	40.0	0.0	0.005	"[37415517.81349188 37415806.81447007 37416096.81545164 37416386.81643322
 37416675.81741141 37416965.81839298 37417255.81937456 37417545.82035613
 37417833.82133094 37418123.82231251 37418413.8232941  37418703.82427566
 37418993.82525724 37419282.82623543 37419572.827217   37419862.82819858
 37420150.82917339 37420440.83015496 37420730.83113654 37421020.83211811]"	0.0	0.0	0.0
3238.8363694738723	2.0	trials	6.0	0.0	0.0	0.0	0.0	0.0	True	40.0	0.0	0.005	"[37494644.08131284 37494933.08229103 37495222.08326922 37495513.08425418
 37495802.08523237 37496092.08621395 37496381.08719213 37496671.08817371
 37496961.08915528 37497250.09013347 37497540.09111505 37497830.09209662
 37498119.09307481 37498408.094053   37498699.09503796 37498988.09601615
 37499278.09699772 37499568.09797931 37499857.09895749 37500146.09993568]"	0.0	0.0	0.0
3245.15292205373	2.0	trials	6.0	0.0	0.0	0.0	0.0	0.0	True	40.0	0.0	0.005	"[37567751.32876105 37568041.32974262 37568331.33072419 37568620.33170239
 37568910.33268396 37569200.33366553 37569489.33464372 37569779.3356253
 37570069.33660688 37570358.33758506 37570647.33856326 37570937.33954483
 37571227.3405264  37571517.34150798 37571806.34248617 37572096.34346774
 37572385.34444594 37572675.34542751 37572965.34640907 37573255.34739065]"	0.0	0.0	0.0
3251.4113272367736	2.0	trials	6.0	0.0	0.0	0.0	0.0	0.0	True	40.0	0.0	0.005	"[37640187.57393809 37640476.57491628 37640767.57590124 37641055.57687605
 37641345.57785762 37641635.57883919 37641924.57981738 37642215.58080234
 37642504.58178054 37642793.58275872 37643083.5837403  37643372.58471848
 37643663.58570345 37643952.58668163 37644241.58765983 37644531.58864141
 37644821.58962297 37645111.59060455 37645400.59158274 37645690.59256431]"	0.0	0.0	0.0
3258.408109319029	2.0	trials	6.0	0.0	0.0	0.0	0.0	0.0	True	40.0	0.0	0.005	"[37721168.84803774 37721458.84901931 37721748.85000089 37722037.85097908
 37722327.85196066 37722617.85294223 37722906.85392042 37723195.85489861
 37723485.85588019 37723774.85685837 37724065.85784334 37724354.85882153
 37724643.85979971 37724933.86078129 37725223.86176286 37725513.86274444
 37725801.86371924 37726092.86470421 37726382.86568578 37726671.86666396]"	0.0	0.0	0.0
3268.296190787566	2.0	trials	6.0	0.0	0.0	0.0	0.0	0.0	True	40.0	0.0	0.005	"[37835614.23540434 37835902.23637915 37836193.23736411 37836482.23834229
 37836772.23932387 37837061.24030206 37837351.24128363 37837641.24226521
 37837931.24324678 37838219.24422159 37838510.24520655 37838799.24618474
 37839090.2471697  37839379.24814788 37839668.24912608 37839958.25010765
 37840248.25108922 37840538.25207081 37840826.2530456  37841116.25402718]"	0.0	0.0	0.0
3276.394144596995	2.0	trials	6.0	0.0	0.0	0.0	0.0	0.0	True	40.0	0.0	0.005	"[37929339.55263913 37929629.5536207  37929918.55459888 37930209.55558384
 37930499.55656542 37930788.55754361 37931078.55852518 37931368.55950676
 37931658.56048834 37931946.56146314 37932236.56244472 37932525.5634229
 37932816.56440786 37933105.56538606 37933395.56636763 37933685.56734921
 37933974.56832739 37934263.56930558 37934553.57028715 37934844.57127211]"	0.0	0.0	0.0
3282.736185263124	2.0	trials	6.0	0.0	0.0	0.0	0.0	0.0	True	40.0	0.0	0.005	"[38002742.80108921 38003031.8020674  38003321.80304898 38003611.80403055
 38003900.80500874 38004190.80599032 38004479.8069685  38004770.80795346
 38005059.80893166 38005349.80991323 38005639.8108948  38005928.81187299
 38006217.81285118 38006507.81383276 38006797.81481433 38007086.81579252
 38007376.81677409 38007666.81775567 38007955.81873386 38008245.81971543]"	0.0	0.0	0.0
3293.4478343192195	2.0	trials	6.0	0.0	0.0	0.0	0.0	0.0	True	40.0	0.0	0.005	"[38126721.22072254 38127010.22170073 38127300.2226823  38127590.22366387
 38127879.22464207 38128169.22562364 38128459.22660522 38128749.22758679
 38129038.22856498 38129327.22954317 38129617.23052474 38129906.23150294
 38130197.23248789 38130486.23346608 38130776.23444766 38131066.23542923
 38131356.23641081 38131645.237389   38131935.23837058 38132224.23934877]"	0.0	0.0	0.0
3303.6280351765035	2.0	trials	6.0	0.0	0.0	0.0	0.0	0.0	True	40.0	0.0	0.005	"[38244546.61952956 38244837.62051452 38245126.62149271 38245416.62247428
 38245705.62345247 38245995.62443405 38246284.62541224 38246574.62639381
 38246864.62737539 38247153.62835357 38247443.62933515 38247733.63031673
 38248022.63129491 38248311.6322731  38248602.63325806 38248891.63423625
 38249181.63521783 38249471.6361994  38249760.6371776  38250050.63815917]"	0.0	0.0	0.0
3309.696705317345	2.0	trials	6.0	0.0	0.0	0.0	0.0	0.0	True	40.0	0.0	0.005	"[38314786.85727371 38315075.85825191 38315364.85923009 38315654.86021167
 38315943.86118986 38316233.86217143 38316524.86315639 38316812.8641312
 38317103.86511616 38317392.86609435 38317681.86707254 38317971.86805411
 38318262.86903907 38318550.87001388 38318840.87099545 38319129.87197364
 38319420.8729586  38319709.87393679 38319999.87491836 38320288.87589655]"	0.0	0.0	0.0
3318.2746991515824	2.0	trials	6.0	0.0	0.0	0.0	0.0	0.0	True	40.0	0.0	0.005	"[38414068.19331411 38414358.19429568 38414648.19527727 38414937.19625545
 38415227.19723702 38415516.19821522 38415807.19920017 38416096.20017836
 38416385.20115656 38416674.20213474 38416964.20311632 38417253.20409451
 38417544.20507947 38417834.20606104 38418123.20703924 38418413.20802081
 38418703.20900238 38418992.20998058 38419281.21095876 38419571.21194034]"	0.0	0.0	0.0
3326.572583237723	2.0	trials	6.0	0.0	0.0	0.0	0.0	0.0	True	40.0	0.0	0.005	"[38510108.51838456 38510397.51936276 38510688.52034771 38510977.5213259
 38511266.5223041  38511557.52328905 38511846.52426725 38512135.52524544
 38512426.52623039 38512714.5272052  38513005.52819016 38513294.52916835
 38513584.53014992 38513874.5311315  38514163.53210969 38514452.53308788
 38514742.53406946 38515032.53505103 38515322.5360326  38515610.53700741]"	0.0	0.0	0.0
3332.8245083988345	2.0	trials	6.0	0.0	0.0	0.0	0.0	0.0	True	40.0	0.0	0.005	"[38582469.76330776 38582758.76428594 38583048.76526752 38583338.76624909
 38583627.76722728 38583917.76820886 38584207.76919043 38584496.77016862
 38584786.7711502  38585076.77213177 38585365.77310997 38585655.77409153
 38585945.77507311 38586234.77605131 38586524.77703287 38586813.77801107
 38587103.77899264 38587392.77997083 38587682.78095241 38587972.78193398]"	0.0	0.0	0.0
3338.3926616455587	2.0	trials	6.0	0.0	0.0	0.0	0.0	0.0	True	40.0	0.0	0.005	"[38646914.98143734 38647204.98241892 38647494.98340049 38647784.98438206
 38648073.98536026 38648363.98634183 38648653.98732341 38648942.98830159
 38649232.98928317 38649521.99026136 38649811.99124293 38650100.99222112
 38650390.9932027  38650681.99418766 38650969.99516246 38651259.99614403
 38651549.99712561 38651839.99810719 38652127.999082   38652419.00006695]"	0.0	0.0	0.0
3344.242739046521	2.0	trials	6.0	0.0	0.0	0.0	0.0	0.0	True	40.0	0.0	0.005	"[38714624.21061472 38714914.2115963  38715203.21257449 38715493.21355606
 38715783.21453763 38716073.2155192  38716363.21650078 38716652.21747898
 38716942.21846054 38717231.21943874 38717520.22041693 38717811.22140189
 38718100.22238008 38718389.22335827 38718680.22434323 38718970.2253248
 38719259.22630299 38719548.22728118 38719839.22826613 38720128.22924433]"	0.0	0.0	0.0
3351.9350434829344	2.0	trials	6.0	0.0	0.0	0.0	0.0	0.0	True	40.0	0.0	0.005	"[38803655.51196153 38803945.5129431  38804234.51392129 38804524.51490287
 38804814.51588444 38805103.51686264 38805393.51784421 38805682.51882239
 38805973.51980736 38806261.52078216 38806551.52176373 38806841.52274531
 38807131.52372689 38807421.52470846 38807710.52568665 38808000.52666823
 38808289.52764641 38808579.52862799 38808868.52960618 38809159.53059114]"	0.0	0.0	0.0
3357.8671147614255	2.0	trials	6.0	0.0	0.0	0.0	0.0	0.0	True	40.0	0.0	0.005	"[38872313.74435103 38872603.7453326  38872893.74631418 38873182.74729236
 38873472.74827394 38873761.74925213 38874051.75023371 38874341.75121528
 38874630.75219347 38874920.75317504 38875210.75415661 38875499.75513481
 38875789.75611638 38876079.75709796 38876368.75807615 38876659.75906111
 38876947.76003591 38877238.76102087 38877527.76199906 38877817.76298064]"	0.0	0.0	0.0
3367.4870961225147	2.0	trials	6.0	0.0	0.0	0.0	0.0	0.0	True	40.0	0.0	0.005	"[38983657.12121817 38983946.12219635 38984237.12318131 38984526.1241595
 38984816.12514107 38985105.12611927 38985395.12710084 38985684.12807903
 38985974.1290606  38986265.13004556 38986553.13102037 38986843.13200194
 38987133.13298352 38987423.1339651  38987712.13494328 38988001.13592147
 38988291.13690305 38988581.13788462 38988871.13886619 38989160.13984439]"	0.0	0.0	0.0
3372.9170953016237	2.0	trials	6.0	0.0	0.0	0.0	0.0	0.0	True	40.0	0.0	0.005	"[39046503.33393555 39046793.33491712 39047083.3358987  39047372.33687689
 39047662.33785845 39047952.33884004 39048241.33981822 39048530.34079641
 39048820.341778   39049109.34275618 39049400.34374114 39049688.34471594
 39049980.34570429 39050269.34668248 39050558.34766067 39050848.34864224
 39051138.34962382 39051428.35060539 39051717.35158358 39052007.35256515]"	0.0	0.0	0.0
3378.2090268134116	2.0	trials	6.0	0.0	0.0	0.0	0.0	0.0	True	40.0	0.0	0.005	"[39107753.54125088 39108042.54222908 39108332.54321065 39108621.54418884
 39108911.54517042 39109201.54615199 39109491.54713357 39109780.54811175
 39110070.54909333 39110360.55007491 39110650.55105648 39110938.55203129
 39111228.55301286 39111518.55399443 39111808.55497601 39112097.5559542
 39112387.55693577 39112677.55791735 39112966.55889554 39113256.55987711]"	0.0	0.0	0.0
3387.274663898192	2.0	trials	6.0	0.0	0.0	0.0	0.0	0.0	True	40.0	0.0	0.005	"[39212679.89639814 39212967.89737295 39213257.89835452 39213548.89933948
 39213837.90031767 39214126.90129586 39214416.90227744 39214705.90325563
 39214996.90424059 39215286.90522216 39215575.90620035 39215864.90717854
 39216154.90816011 39216444.9091417  39216733.91011988 39217023.91110145
 39217313.91208303 39217602.91306122 39217891.91403941 39218182.91502437]"	0.0	0.0	0.0
3395.4902085056356	2.0	trials	6.0	0.0	0.0	0.0	0.0	0.0	True	40.0	0.0	0.005	"[39307766.21823956 39308056.21922113 39308346.22020271 39308635.2211809
 39308924.22215908 39309214.22314066 39309505.22412562 39309793.22510043
 39310084.22608539 39310373.22706357 39310663.22804515 39310952.22902334
 39311242.23000491 39311532.23098648 39311821.23196468 39312111.23294625
 39312400.23392444 39312690.23490602 39312979.2358842  39313269.23686578]"	0.0	0.0	0.0
3401.0689025880374	2.0	trials	6.0	0.0	0.0	0.0	0.0	0.0	True	40.0	0.0	0.005	"[39372334.43678546 39372623.43776365 39372914.43874861 39373203.43972681
 39373493.44070838 39373783.44168995 39374072.44266815 39374362.44364972
 39374651.44462791 39374941.44560949 39375230.44658767 39375520.44756924
 39375809.44854743 39376100.4495324  39376389.45051058 39376679.45149216
 39376968.45247035 39377258.45345192 39377547.45443012 39377838.45541507]"	0.0	0.0	0.0
3411.442985701562	2.0	trials	6.0	0.0	0.0	0.0	0.0	0.0	True	40.0	0.0	0.005	"[39492404.84319123 39492694.84417281 39492984.84515437 39493274.84613595
 39493563.84711415 39493853.84809572 39494143.84907729 39494432.85005549
 39494721.85103367 39495012.85201863 39495301.85299682 39495591.8539784
 39495880.85495658 39496171.85594154 39496460.85691974 39496749.85789792
 39497039.8588795  39497328.85985769 39497618.86083926 39497907.86181746]"	0.0	0.0	0.0
3421.0436133971443	2.0	trials	6.0	0.0	0.0	0.0	0.0	0.0	True	40.0	0.0	0.005	"[39603524.21930018 39603813.22027837 39604103.22125994 39604393.22224152
 39604683.2232231  39604972.22420128 39605262.22518286 39605552.22616443
 39605841.22714262 39606131.2281242  39606419.22909901 39606710.23008396
 39606999.23106215 39607289.23204373 39607579.2330253  39607869.23400687
 39608158.23498507 39608448.23596665 39608738.23694822 39609028.23792978]"	0.0	0.0	0.0
3427.1813173716464	2.0	trials	6.0	0.0	0.0	0.0	0.0	0.0	True	40.0	0.0	0.005	"[39674562.45974536 39674851.46072355 39675142.4617085  39675431.4626867
 39675720.46366489 39676011.46464985 39676300.46562804 39676590.46660961
 39676879.4675878  39677169.46856938 39677458.46954757 39677748.47052914
 39678038.47151072 39678328.47249229 39678617.47347048 39678906.47444867
 39679196.47543024 39679486.47641182 39679776.4773934  39680065.47837158]"	0.0	0.0	0.0
3438.114496777564	2.0	trials	6.0	0.0	0.0	0.0	0.0	0.0	True	40.0	0.0	0.005	"[39801103.88805377 39801392.88903197 39801682.89001355 39801972.89099512
 39802261.8919733  39802551.89295488 39802841.89393646 39803130.89491464
 39803420.89589622 39803711.89688118 39803999.89785597 39804289.89883756
 39804578.89981575 39804868.90079732 39805157.90177552 39805448.90276048
 39805737.90373866 39806026.90471685 39806317.90570181 39806606.90668   ]"	0.0	0.0	0.0
3480.1967960150037	2.0	trials	7.0	0.0	0.0	0.0	0.0	0.0	True	40.0	0.0	0.005	"[40288167.53663214 40288457.5376137  40288746.5385919  40289035.53957009
 40289325.54055166 40289615.54153324 40289904.54251143 40290194.543493
 40290484.54447458 40290773.54545277 40291063.54643434 40291352.54741254
 40291643.54839749 40291932.54937568 40292221.55035388 40292511.55133544
 40292801.55231702 40293091.55329859 40293380.55427679 40293670.55525836]"	0.0	0.0	0.0
3489.574770156962	2.0	trials	7.0	0.0	0.0	0.0	0.0	0.0	True	40.0	0.0	0.005	"[40396708.90401523 40396997.90499341 40397287.90597499 40397576.90695319
 40397866.90793476 40398157.90891971 40398446.9098979  40398736.91087948
 40399026.91186105 40399315.91283924 40399604.91381744 40399894.91479901
 40400184.91578058 40400473.91675878 40400763.91774035 40401052.91871854
 40401342.91970012 40401632.92068169 40401922.92166327 40402212.92264483]"	0.0	0.0	0.0
3498.114834262819	2.0	trials	7.0	0.0	0.0	0.0	0.0	0.0	True	40.0	0.0	0.005	"[40495552.23857311 40495841.2395513  40496131.24053288 40496420.24151106
 40496710.24249264 40496999.24347083 40497290.24445578 40497579.24543398
 40497869.24641556 40498158.24739374 40498447.24837193 40498737.24935351
 40499027.25033508 40499317.25131666 40499607.25229823 40499895.25327303
 40500186.25425799 40500475.25523619 40500765.25621776 40501054.25719595]"	0.0	0.0	0.0
3504.0950305041997	2.0	trials	7.0	0.0	0.0	0.0	0.0	0.0	True	40.0	0.0	0.005	"[40564766.47284452 40565057.47382948 40565346.47480767 40565636.47578924
 40565925.47676744 40566215.47774901 40566505.47873058 40566794.47970877
 40567084.48069035 40567374.48167192 40567663.48265012 40567953.48363169
 40568242.48460988 40568532.48559146 40568822.48657303 40569111.48755121
 40569400.48852941 40569691.48951437 40569981.49049594 40570270.49147414]"	0.0	0.0	0.0
3513.2998584601046	2.0	trials	7.0	0.0	0.0	0.0	0.0	0.0	True	40.0	0.0	0.005	"[40671303.8334446  40671594.83442955 40671883.83540774 40672173.83638932
 40672462.8373675  40672752.83834908 40673041.83932727 40673332.84031223
 40673621.84129042 40673910.84226861 40674200.84325019 40674490.84423175
 40674779.84520995 40675069.84619153 40675359.84717309 40675649.84815468
 40675937.84912948 40676228.85011443 40676517.85109263 40676807.8520742 ]"	0.0	0.0	0.0
3524.2853964432416	2.0	trials	7.0	0.0	0.0	0.0	0.0	0.0	True	40.0	0.0	0.005	"[40798451.26380417 40798741.26478574 40799032.2657707  40799320.2667455
 40799610.26772708 40799900.26870865 40800189.26968684 40800480.27067181
 40800769.27164999 40801059.27263156 40801349.27361314 40801638.27459133
 40801927.27556952 40802218.27655448 40802507.27753267 40802796.27851085
 40803086.27949243 40803376.28047401 40803665.28145219 40803956.28243716]"	0.0	0.0	0.0
3532.0491539215045	2.0	trials	7.0	0.0	0.0	0.0	0.0	0.0	True	40.0	0.0	0.005	"[40888309.56795015 40888599.56893173 40888889.5699133  40889178.57089149
 40889468.57187307 40889757.57285126 40890047.57383283 40890337.5748144
 40890627.57579598 40890916.57677417 40891205.57775236 40891496.57873732
 40891785.57971551 40892074.5806937  40892364.58167528 40892653.58265346
 40892944.58363843 40893234.58462    40893522.5855948  40893812.58657637]"	0.0	0.0	0.0
3539.633371592073	2.0	trials	7.0	0.0	0.0	0.0	0.0	0.0	True	40.0	0.0	0.005	"[40976089.86506265 40976379.86604423 40976669.8670258  40976958.86800399
 40977248.86898556 40977538.86996714 40977827.87094533 40978117.8719269
 40978407.87290848 40978696.87388667 40978986.87486824 40979276.87584982
 40979565.87682801 40979855.87780958 40980145.87879116 40980434.87976935
 40980723.88074753 40981013.88172911 40981303.88271069 40981593.88369226]"	0.0	0.0	0.0
3547.9375628995617	2.0	trials	7.0	0.0	0.0	0.0	0.0	0.0	True	40.0	0.0	0.005	"[41072203.19038019 41072493.19136177 41072783.19234335 41073073.19332492
 41073363.19430649 41073652.19528468 41073942.19626626 41074231.19724444
 41074521.19822602 41074811.1992076  41075100.20018579 41075390.20116736
 41075679.20214555 41075970.20313051 41076259.2041087  41076549.20509028
 41076839.20607185 41077128.20705003 41077418.20803161 41077707.2090098 ]"	0.0	0.0	0.0
3558.4498000807016	2.0	trials	7.0	0.0	0.0	0.0	0.0	0.0	True	40.0	0.0	0.005	"[41193872.60219816 41194161.60317634 41194452.60416131 41194741.60513949
 41195031.60612107 41195321.60710265 41195610.60808083 41195899.60905903
 41196189.61004059 41196479.61102217 41196769.61200374 41197059.61298532
 41197347.61396013 41197637.6149417  41197926.61591989 41198217.61690485
 41198507.61788642 41198796.61886462 41199086.61984619 41199375.62082438]"	0.0	0.0	0.0
3563.87340563817	2.0	trials	7.0	0.0	0.0	0.0	0.0	0.0	True	40.0	0.0	0.005	"[41256645.81466845 41256935.81565003 41257224.81662822 41257514.81760979
 41257803.81858798 41258094.81957294 41258384.82055452 41258673.82153271
 41258963.82251428 41259252.82349247 41259542.82447404 41259832.82545562
 41260121.82643382 41260410.827412   41260700.82839358 41260990.82937516
 41261280.83035672 41261570.8313383  41261859.83231649 41262148.83329468]"	0.0	0.0	0.0
3573.4676397121116	2.0	trials	7.0	0.0	0.0	0.0	0.0	0.0	True	40.0	0.0	0.005	"[41367691.19052694 41367980.19150513 41368270.1924867  41368560.19346828
 41368850.19444985 41369139.19542804 41369428.19640623 41369717.19738442
 41370008.19836938 41370298.19935095 41370587.20032915 41370877.20131072
 41371167.20229229 41371456.20327048 41371746.20425206 41372036.20523363
 41372325.20621182 41372614.20719001 41372904.20817158 41373194.20915316]"	0.0	0.0	0.0
3579.9239015648486	2.0	trials	7.0	0.0	0.0	0.0	0.0	0.0	True	40.0	0.0	0.005	"[41442415.44344827 41442705.44442984 41442994.44540803 41443284.44638961
 41443574.44737118 41443863.44834937 41444152.44932756 41444443.45031252
 41444733.45129409 41445021.4522689  41445312.45325386 41445601.45423205
 41445890.45521024 41446181.4561952  41446470.45717338 41446759.45815158
 41447050.45913654 41447340.46011811 41447628.46109292 41447918.4620745 ]"	0.0	0.0	0.0
3586.133490582663	2.0	trials	7.0	0.0	0.0	0.0	0.0	0.0	True	40.0	0.0	0.005	"[41514286.68671294 41514575.68769113 41514866.68867608 41515155.68965428
 41515444.69063246 41515733.69161066 41516024.69259562 41516314.69357719
 41516603.69455538 41516893.69553696 41517182.69651514 41517472.69749671
 41517762.69847829 41518051.69945648 41518340.70043467 41518631.70141963
 41518920.70239782 41519209.70337601 41519500.70436097 41519790.70534255]"	0.0	0.0	0.0
3591.642027627602	2.0	trials	7.0	0.0	0.0	0.0	0.0	0.0	True	40.0	0.0	0.005	"[41578042.90251043 41578331.90348862 41578621.9044702  41578910.90544839
 41579200.90642996 41579490.90741154 41579780.90839311 41580069.9093713
 41580359.91035288 41580649.91133445 41580938.91231264 41581228.91329422
 41581517.91427241 41581806.91525059 41582097.91623555 41582387.91721714
 41582675.91819193 41582965.91917351 41583255.92015509 41583545.92113666]"	0.0	0.0	0.0
3602.4149344910393	2.0	trials	7.0	0.0	0.0	0.0	0.0	0.0	True	40.0	0.0	0.005	"[41702728.32453677 41703017.32551496 41703307.32649654 41703597.32747811
 41703886.3284563  41704176.32943787 41704467.33042284 41704755.33139765
 41705045.33237922 41705335.33336079 41705625.33434236 41705914.33532055
 41706204.33630213 41706494.33728371 41706784.33826528 41707073.33924347
 41707363.34022505 41707652.34120323 41707942.34218481 41708231.343163  ]"	0.0	0.0	0.0
3610.6137174417486	2.0	trials	7.0	0.0	0.0	0.0	0.0	0.0	True	40.0	0.0	0.005	"[41797621.64572493 41797911.64670651 41798201.64768808 41798490.64866627
 41798780.64964785 41799070.65062942 41799359.65160761 41799649.65258919
 41799939.65357076 41800228.65454895 41800518.65553052 41800808.6565121
 41801097.65749029 41801386.65846848 41801677.65945344 41801966.66043162
 41802255.66140982 41802546.66239478 41802835.66337296 41803124.66435116]"	0.0	0.0	0.0
3618.954024071478	2.0	trials	7.0	0.0	0.0	0.0	0.0	0.0	True	40.0	0.0	0.005	"[41894153.97246068 41894442.97343887 41894732.97442044 41895021.97539863
 41895310.97637682 41895600.9773584  41895890.97833997 41896180.97932155
 41896470.98030312 41896759.98128131 41897049.98226289 41897338.98324107
 41897628.98422265 41897918.98520423 41898207.98618241 41898497.98716398
 41898786.98814218 41899077.98912714 41899366.99010532 41899656.9910869 ]"	0.0	0.0	0.0
3628.5445429328443	2.0	trials	7.0	0.0	0.0	0.0	0.0	0.0	True	40.0	0.0	0.005	"[42005154.34816685 42005444.34914842 42005734.35013    42006024.35111157
 42006312.35208637 42006603.35307134 42006892.35404952 42007181.35502771
 42007472.35601267 42007761.35699087 42008051.35797244 42008341.35895401
 42008630.3599322  42008919.36091039 42009210.36189535 42009499.36287355
 42009788.36385173 42010078.36483331 42010368.36581488 42010657.36679307]"	0.0	0.0	0.0
3639.306131357972	2.0	trials	7.0	0.0	0.0	0.0	0.0	0.0	True	40.0	0.0	0.005	"[42129710.76975656 42129999.77073474 42130289.77171632 42130578.77269451
 42130868.77367608 42131158.77465766 42131447.77563585 42131738.77662081
 42132027.777599   42132316.77857719 42132607.77956215 42132895.78053696
 42133186.78152191 42133475.7825001  42133765.78348167 42134054.78445987
 42134343.78543805 42134633.78641963 42134923.78740121 42135213.78838278]"	0.0	0.0	0.0
3648.0666026098475	2.0	trials	7.0	0.0	0.0	0.0	0.0	0.0	True	40.0	0.0	0.005	"[42231105.11294891 42231395.11393049 42231685.11491206 42231974.11589024
 42232263.11686844 42232554.1178534  42232843.11883159 42233133.11981316
 42233421.12078797 42233712.12177293 42234001.12275112 42234291.12373269
 42234581.12471426 42234870.12569246 42235160.12667403 42235450.1276556
 42235739.12863379 42236029.12961537 42236319.13059694 42236608.13157513]"	0.0	0.0	0.0
3658.1522815472	2.0	trials	7.0	0.0	0.0	0.0	0.0	0.0	True	40.0	0.0	0.005	"[42347837.5080564  42348126.5090346  42348416.51001617 42348705.51099436
 42348995.51197594 42349285.51295751 42349576.51394247 42349864.51491728
 42350154.51589885 42350444.51688043 42350734.517862   42351023.51884019
 42351313.51982176 42351602.52079996 42351892.52178153 42352182.5227631
 42352471.5237413  42352760.52471948 42353051.52570444 42353340.52668263]"	0.0	0.0	0.0
3669.2820216184227	2.0	trials	7.0	0.0	0.0	0.0	0.0	0.0	True	40.0	0.0	0.005	"[42476652.94406173 42476942.9450433  42477232.94602487 42477521.94700306
 42477812.94798802 42478101.94896621 42478391.94994779 42478680.95092598
 42478970.95190755 42479260.95288912 42479549.95386731 42479839.95484889
 42480128.95582708 42480418.95680866 42480708.95779023 42480997.95876841
 42481287.95975    42481577.96073157 42481866.96170976 42482155.96268795]"	0.0	0.0	0.0
3675.4291432248015	2.0	trials	7.0	0.0	0.0	0.0	0.0	0.0	True	40.0	0.0	0.005	"[42547800.18487583 42548090.18585742 42548379.1868356  42548669.18781718
 42548959.18879876 42549249.18978032 42549538.19075852 42549827.19173671
 42550117.19271828 42550407.19369986 42550696.19467805 42550986.19565962
 42551276.19664119 42551566.19762277 42551855.19860096 42552145.19958253
 42552435.20056411 42552724.2015423  42553014.20252387 42553303.20350206]"	0.0	0.0	0.0
3683.148577353042	2.0	trials	7.0	0.0	0.0	0.0	0.0	0.0	True	40.0	0.0	0.005	"[42637146.48728884 42637435.48826703 42637724.48924522 42638014.49022679
 42638304.49120837 42638594.49218994 42638884.49317152 42639173.49414971
 42639463.49513128 42639752.49610948 42640041.49708766 42640332.49807262
 42640621.49905082 42640910.50002901 42641200.50101057 42641490.50199216
 42641780.50297373 42642069.50395191 42642358.50493011 42642649.50591507]"	0.0	0.0	0.0
3692.2431585357913	2.0	trials	7.0	0.0	0.0	0.0	0.0	0.0	True	40.0	0.0	0.005	"[42742406.8435666  42742696.84454817 42742987.84553313 42743275.84650794
 42743565.84748951 42743855.84847109 42744145.84945266 42744434.85043085
 42744724.85141243 42745013.85239062 42745303.85337219 42745592.85435038
 42745883.85533534 42746172.85631353 42746461.85729172 42746751.8582733
 42747041.85925487 42747330.86023306 42747620.86121464 42747910.86219621]"	0.0	0.0	0.0
3697.9689923162223	2.0	trials	7.0	0.0	0.0	0.0	0.0	0.0	True	40.0	0.0	0.005	"[42808678.06787672 42808968.0688583  42809257.06983649 42809548.07082144
 42809836.07179625 42810126.07277782 42810416.0737594  42810706.07474098
 42810995.07571916 42811285.07670074 42811575.07768232 42811865.07866389
 42812154.07964208 42812444.08062365 42812733.08160184 42813023.08258342
 42813312.08356161 42813602.08454318 42813892.08552476 42814182.08650633]"	0.0	0.0	0.0
3705.150843824888	2.0	trials	7.0	0.0	0.0	0.0	0.0	0.0	True	40.0	0.0	0.005	"[42891802.34922987 42892091.35020807 42892381.35118964 42892671.35217121
 42892960.35314941 42893249.35412759 42893540.35511255 42893829.35609074
 42894118.35706893 42894408.3580505  42894698.35903208 42894987.36001027
 42895277.36099184 42895567.36197342 42895857.36295499 42896146.36393318
 42896435.36491138 42896725.36589295 42897015.36687452 42897305.36785609]"	0.0	0.0	0.0
3711.894645850872	2.0	trials	7.0	0.0	0.0	0.0	0.0	0.0	True	40.0	0.0	0.005	"[42969855.613419   42970144.61439719 42970434.61537877 42970724.61636034
 42971013.61733853 42971303.61832011 42971593.61930168 42971883.62028325
 42972172.62126145 42972461.62223963 42972751.62322121 42973041.62420278
 42973331.62518436 42973620.62616255 42973911.6271475  42974199.62812231
 42974489.62910389 42974779.63008546 42975068.63106365 42975358.63204522]"	0.0	0.0	0.0
3719.437045779898	2.0	trials	7.0	0.0	0.0	0.0	0.0	0.0	True	40.0	0.0	0.005	"[43057152.90889668 43057441.90987486 43057731.91085644 43058020.91183463
 43058309.91281281 43058599.91379439 43058888.91477258 43059179.91575754
 43059468.91673573 43059757.91771392 43060047.91869549 43060337.91967706
 43060626.92065526 43060916.92163683 43061206.92261841 43061496.92359999
 43061785.92457817 43062075.92555975 43062364.92653794 43062654.92751952]"	0.0	0.0	0.0
3724.8908914397216	2.0	trials	7.0	0.0	0.0	0.0	0.0	0.0	True	40.0	0.0	0.005	"[43120274.12254486 43120563.12352306 43120853.12450463 43121143.1254862
 43121432.12646439 43121722.12744597 43122011.12842416 43122302.12940912
 43122591.13038731 43122881.13136888 43123170.13234707 43123460.13332865
 43123750.13431022 43124039.13528841 43124329.13626999 43124619.13725156
 43124908.13822975 43125198.13921133 43125488.1401929  43125777.14117109]"	0.0	0.0	0.0
3731.214874444729	2.0	trials	7.0	0.0	0.0	0.0	0.0	0.0	True	40.0	0.0	0.005	"[43193469.37029093 43193757.37126573 43194047.3722473  43194338.37323227
 43194627.37421045 43194916.37518864 43195206.37617022 43195496.37715179
 43195786.37813337 43196076.37911494 43196365.38009313 43196655.38107471
 43196944.3820529  43197234.38303448 43197523.38401266 43197813.38499424
 43198103.38597582 43198392.386954   43198682.38793558 43198972.38891715]"	0.0	0.0	0.0
3739.4412190887274	2.0	trials	7.0	0.0	0.0	0.0	0.0	0.0	True	40.0	0.0	0.005	"[43288681.69255882 43288970.693537   43289260.69451858 43289549.69549678
 43289839.69647834 43290128.69745653 43290418.69843811 43290708.69941968
 43290997.70039787 43291287.70137945 43291576.70235764 43291866.70333922
 43292156.70432079 43292446.70530236 43292735.70628055 43293025.70726213
 43293314.70824032 43293604.70922189 43293894.71020347 43294183.71118166]"	0.0	0.0	0.0
3748.7488633926396	2.0	trials	7.0	0.0	0.0	0.0	0.0	0.0	True	40.0	0.0	0.005	"[43396408.05718335 43396698.05816492 43396988.05914649 43397278.06012806
 43397567.06110626 43397857.06208783 43398146.06306602 43398436.0640476
 43398726.06502917 43399016.06601075 43399305.06698894 43399596.0679739
 43399884.0689487  43400174.06993028 43400464.07091185 43400753.07189004
 43401043.07287161 43401333.07385319 43401622.07483138 43401912.07581295]"	0.0	0.0	0.0
3754.2627572557108	2.0	trials	7.0	0.0	0.0	0.0	0.0	0.0	True	40.0	0.0	0.005	"[43460227.27319408 43460516.27417228 43460806.27515385 43461095.27613203
 43461385.27711362 43461674.2780918  43461964.27907337 43462253.28005157
 43462543.28103314 43462832.28201133 43463123.28299629 43463412.28397448
 43463701.28495267 43463991.28593425 43464281.28691582 43464571.28789739
 43464861.28887897 43465150.28985716 43465439.29083535 43465729.29181693]"	0.0	0.0	0.0
3760.3130241342615	2.0	trials	7.0	0.0	0.0	0.0	0.0	0.0	True	40.0	0.0	0.005	"[43530253.5102139  43530542.51119209 43530833.51217705 43531122.51315524
 43531411.51413343 43531700.51511163 43531991.51609658 43532280.51707477
 43532569.51805297 43532859.51903453 43533149.52001612 43533439.52099768
 43533729.52197926 43534017.52295407 43534307.52393564 43534597.52491722
 43534887.52589879 43535177.52688036 43535466.52785856 43535756.52884012]"	0.0	0.0	0.0
3770.365784560194	2.0	trials	7.0	0.0	0.0	0.0	0.0	0.0	True	40.0	0.0	0.005	"[43646604.90403182 43646893.90501    43647183.90599158 43647473.90697315
 43647762.90795135 43648052.90893292 43648342.9099145  43648631.91089269
 43648921.91187426 43649210.91285245 43649500.91383403 43649790.9148156
 43650080.91579717 43650368.91677198 43650658.91775355 43650948.91873513
 43651238.9197167  43651528.92069828 43651817.92167647 43652107.92265804]"	0.0	0.0	0.0
3779.374051850793	2.0	trials	7.0	0.0	0.0	0.0	0.0	0.0	True	40.0	0.0	0.005	"[43750867.2569316  43751155.25790641 43751446.25889137 43751736.25987294
 43752025.26085114 43752314.26182932 43752605.26281428 43752894.26379248
 43753184.26477405 43753473.26575223 43753763.26673381 43754052.267712
 43754342.26869358 43754631.26967177 43754921.27065334 43755212.2716383
 43755501.27261649 43755790.27359468 43756080.27457625 43756370.27555783]"	0.0	0.0	0.0
3787.546309911723	2.0	trials	7.0	0.0	0.0	0.0	0.0	0.0	True	40.0	0.0	0.005	"[43845452.57707726 43845742.57805884 43846031.57903703 43846321.5800186
 43846611.58100018 43846901.58198175 43847190.58295994 43847479.58393814
 43847769.58491971 43848059.58590128 43848348.58687948 43848638.58786105
 43848928.58884262 43849218.58982419 43849508.59080577 43849797.59178396
 43850087.59276553 43850376.59374373 43850665.59472191 43850956.59570687]"	0.0	0.0	0.0
3793.495574848409	2.0	trials	7.0	0.0	0.0	0.0	0.0	0.0	True	40.0	0.0	0.005	"[43914310.81014371 43914599.8111219  43914889.81210347 43915179.81308505
 43915468.81406324 43915758.81504481 43916047.816023   43916337.81700458
 43916627.81798615 43916917.81896772 43917207.81994931 43917496.82092749
 43917786.82190906 43918075.82288726 43918365.82386883 43918654.82484702
 43918944.8258286  43919233.82680678 43919524.82779175 43919813.82876993]"	0.0	0.0	0.0
3799.862066797298	2.0	trials	7.0	0.0	0.0	0.0	0.0	0.0	True	40.0	0.0	0.005	"[43987997.05955168 43988287.06053325 43988576.06151144 43988866.06249302
 43989155.06347121 43989445.06445278 43989734.06543098 43990025.06641594
 43990315.06739751 43990603.06837231 43990893.06935389 43991183.07033546
 43991473.07131703 43991762.07229523 43992052.0732768  43992342.07425837
 43992631.07523657 43992921.07621814 43993210.07719633 43993500.07817791]"	0.0	0.0	0.0
3807.211707673887	2.0	trials	7.0	0.0	0.0	0.0	0.0	0.0	True	40.0	0.0	0.005	"[44073062.34747461 44073351.3484528  44073640.34943099 44073930.35041256
 44074220.35139414 44074509.35237233 44074800.35335729 44075089.35433548
 44075379.35531705 44075668.35629524 44075958.35727682 44076247.35825501
 44076537.35923658 44076826.36021477 44077117.36119973 44077407.36218131
 44077695.36315611 44077986.36414108 44078275.36511926 44078564.36609745]"	0.0	0.0	0.0
3815.203993925659	2.0	trials	7.0	0.0	0.0	0.0	0.0	0.0	True	40.0	0.0	0.005	"[44165564.66056985 44165854.66155142 44166145.66253638 44166434.66351458
 44166723.66449276 44167013.66547434 44167303.66645592 44167592.66743411
 44167881.66841229 44168171.66939387 44168461.67037544 44168750.67135363
 44169040.67233521 44169330.67331678 44169620.67429836 44169909.67527655
 44170199.67625812 44170488.67723631 44170778.67821789 44171067.67919608]"	0.0	0.0	0.0
3823.3219062026424	2.0	trials	7.0	0.0	0.0	0.0	0.0	0.0	True	40.0	0.0	0.005	"[44259522.97859327 44259811.97957147 44260100.98054966 44260390.98153123
 44260680.9825128  44260970.98349438 44261259.98447257 44261549.98545414
 44261839.98643573 44262128.98741391 44262418.98839548 44262708.98937706
 44262997.99035525 44263286.99133344 44263576.99231502 44263866.99329659
 44264156.99427816 44264445.99525635 44264735.99623793 44265025.9972195 ]"	0.0	0.0	0.0
3831.079615660435	2.0	trials	7.0	0.0	0.0	0.0	0.0	0.0	True	40.0	0.0	0.005	"[44349310.28249896 44349599.28347714 44349889.28445871 44350179.28544029
 44350469.28642187 44350759.28740344 44351048.28838163 44351337.28935982
 44351627.29034139 44351917.29132297 44352206.29230116 44352497.29328611
 44352786.29426431 44353076.29524589 44353365.29622407 44353655.29720564
 44353944.29818384 44354234.29916541 44354524.30014698 44354813.30112518]"	0.0	0.0	0.0
3839.8159812307185	2.0	trials	7.0	0.0	0.0	0.0	0.0	0.0	True	40.0	0.0	0.005	"[44450425.62474696 44450715.62572853 44451004.62670673 44451294.6276883
 44451584.62866987 44451874.62965145 44452164.63063302 44452452.63160783
 44452742.63258941 44453032.63357098 44453321.63454916 44453612.63553412
 44453901.63651232 44454191.63749389 44454481.63847547 44454770.63945366
 44455059.64043185 44455349.64141342 44455639.64239499 44455929.64337657]"	0.0	0.0	0.0
3848.83383895378	2.0	trials	7.0	0.0	0.0	0.0	0.0	0.0	True	40.0	0.0	0.005	"[44554798.97802246 44555088.97900403 44555377.97998223 44555667.98096379
 44555956.98194198 44556247.98292694 44556536.98390514 44556826.98488671
 44557116.98586828 44557404.98684309 44557694.98782466 44557985.98880962
 44558274.98978782 44558563.990766   44558853.99174758 44559143.99272916
 44559433.99371073 44559722.99468891 44560012.99567049 44560301.99664868]"	0.0	0.0	0.0
3859.015940617497	2.0	trials	7.0	0.0	0.0	0.0	0.0	0.0	True	40.0	0.0	0.005	"[44672647.37690733 44672936.37788552 44673227.37887048 44673517.37985205
 44673806.38083024 44674095.38180843 44674385.38279001 44674675.38377158
 44674964.38474978 44675254.38573134 44675543.38670953 44675833.38769111
 44676123.38867268 44676413.38965426 44676702.39063245 44676992.39161403
 44677281.39259221 44677572.39357717 44677861.39455536 44678151.39553694]"	0.0	0.0	0.0
3869.036214533471	2.0	trials	7.0	0.0	0.0	0.0	0.0	0.0	True	40.0	0.0	0.005	"[44788623.76945596 44788911.77043077 44789201.77141234 44789492.7723973
 44789782.77337887 44790070.77435368 44790360.77533525 44790650.77631683
 44790939.77729502 44791229.77827659 44791519.77925817 44791809.78023974
 44792098.78121793 44792388.78219951 44792677.7831777  44792967.78415928
 44793257.78514085 44793546.78611904 44793836.78710061 44794126.78808219]"	0.0	0.0	0.0
3875.5043132262726	2.0	trials	7.0	0.0	0.0	0.0	0.0	0.0	True	40.0	0.0	0.005	"[44863486.02284439 44863775.02382258 44864065.02480415 44864355.02578573
 44864644.02676392 44864934.02774549 44865223.02872368 44865513.02970526
 44865802.03068344 44866093.0316684  44866381.03264321 44866671.03362478
 44866961.03460636 44867251.03558793 44867541.03656951 44867830.0375477
 44868120.03852927 44868410.03951085 44868699.04048903 44868988.04146723]"	0.0	0.0	0.0
4009.2181834123157	2.0	trials	8.0	0.0	0.0	0.0	0.0	0.0	True	40.0	0.0	0.005	"[46411100.26109888 46411389.26207706 46411679.26305863 46411969.26404021
 46412258.2650184  46412547.26599659 46412837.26697817 46413127.26795974
 46413416.26893793 46413706.26991951 46413996.27090108 46414285.27187927
 46414575.27286085 46414864.27383903 46415155.274824   46415444.27580218
 46415733.27678037 46416023.27776195 46416313.27874352 46416602.27972171]"	0.0	0.0	0.0
4016.411266958998	2.0	trials	8.0	0.0	0.0	0.0	0.0	0.0	True	40.0	0.0	0.005	"[46494353.54288866 46494642.54386684 46494931.54484504 46495221.54582661
 46495510.54680479 46495800.54778638 46496090.54876795 46496380.54974952
 46496670.55073109 46496958.5517059  46497248.55268747 46497538.55366905
 46497828.55465063 46498117.55562881 46498406.55660701 46498697.55759196
 46498986.55857015 46499276.55955173 46499566.56053331 46499855.56151149]"	0.0	0.0	0.0
4024.6256019623474	2.0	trials	8.0	0.0	0.0	0.0	0.0	0.0	True	40.0	0.0	0.005	"[46589425.86468268 46589715.86566425 46590005.86664583 46590295.8676274
 46590584.86860559 46590874.86958717 46591163.87056535 46591453.87154693
 46591744.87253189 46592032.8735067  46592322.87448826 46592611.87546647
 46592901.87644804 46593190.87742622 46593480.87840781 46593771.87939277
 46594060.88037095 46594350.88135252 46594639.88233072 46594929.88331229]"	0.0	0.0	0.0
4030.784733209376	2.0	trials	8.0	0.0	0.0	0.0	0.0	0.0	True	40.0	0.0	0.005	"[46660713.10597066 46661002.10694885 46661292.10793042 46661582.108912
 46661871.10989019 46662160.11086837 46662450.11184995 46662740.11283153
 46663029.11380971 46663319.11479129 46663609.11577287 46663899.11675444
 46664188.11773263 46664478.1187142  46664767.11969239 46665057.12067397
 46665347.12165555 46665636.12263374 46665926.1236153  46666216.12459689]"	0.0	0.0	0.0
4037.1866492781664	2.0	trials	8.0	0.0	0.0	0.0	0.0	0.0	True	40.0	0.0	0.005	"[46734809.35676637 46735098.35774456 46735387.35872275 46735678.35970771
 46735967.3606859  46736257.36166748 46736546.36264566 46736836.36362724
 46737125.36460543 46737415.365587   46737705.36656858 46737995.36755015
 46738284.36852834 46738573.36950653 46738863.37048811 46739153.37146968
 46739442.37244788 46739732.37342945 46740022.37441102 46740312.3753926 ]"	0.0	0.0	0.0
4042.5424306060686	2.0	trials	8.0	0.0	0.0	0.0	0.0	0.0	True	40.0	0.0	0.005	"[46796796.56657626 46797086.56755783 46797375.56853603 46797665.56951761
 46797955.57049918 46798244.57147738 46798534.57245895 46798824.57344051
 46799114.57442209 46799403.57540029 46799692.57637847 46799982.57736005
 46800272.57834163 46800562.5793232  46800851.58030139 46801140.58127958
 46801431.58226454 46801721.58324611 46802010.5842243  46802299.58520249]"	0.0	0.0	0.0
4052.7017225925815	2.0	trials	8.0	0.0	0.0	0.0	0.0	0.0	True	40.0	0.0	0.005	"[46914380.96456756 46914670.96554914 46914961.9665341  46915249.9675089
 46915540.96849386 46915829.96947205 46916118.97045024 46916408.97143182
 46916698.97241339 46916987.97339158 46917277.97437315 46917566.97535135
 46917856.97633293 46918146.97731449 46918436.97829607 46918725.97927426
 46919015.98025583 46919304.98123402 46919594.9822156  46919884.98319717]"	0.0	0.0	0.0
4062.1686026354637	2.0	trials	8.0	0.0	0.0	0.0	0.0	0.0	True	40.0	0.0	0.005	"[47023951.33543355 47024241.33641513 47024530.33739332 47024819.33837151
 47025110.33935647 47025399.34033466 47025689.34131623 47025979.34229781
 47026268.34327599 47026558.34425757 47026848.34523915 47027137.34621733
 47027427.34719891 47027716.3481771  47028006.34915867 47028296.35014025
 47028586.35112182 47028875.35210002 47029165.35308159 47029455.35406316]"	0.0	0.0	0.0
4069.400566313745	2.0	trials	8.0	0.0	0.0	0.0	0.0	0.0	True	40.0	0.0	0.005	"[47107654.61874647 47107945.61973143 47108234.62070962 47108523.62168781
 47108813.62266938 47109103.62365095 47109392.62462914 47109682.62561072
 47109972.62659229 47110261.62757049 47110552.62855545 47110840.62953024
 47111130.63051183 47111420.6314934  47111710.63247497 47111999.63345317
 47112288.63443135 47112579.63541631 47112868.6363945  47113158.63737608]"	0.0	0.0	0.0
4074.870655228548	2.0	trials	8.0	0.0	0.0	0.0	0.0	0.0	True	40.0	0.0	0.005	"[47170967.83304453 47171255.83401933 47171545.83500091 47171835.83598248
 47172125.83696406 47172413.83793887 47172704.83892382 47172994.8399054
 47173283.84088358 47173573.84186516 47173862.84284335 47174152.84382492
 47174441.84480312 47174731.84578469 47175021.84676626 47175311.84774784
 47175600.84872603 47175890.8497076  47176180.85068918 47176470.85167076]"	0.0	0.0	0.0
4083.9236778706327	2.0	trials	8.0	0.0	0.0	0.0	0.0	0.0	True	40.0	0.0	0.005	"[47275746.18769084 47276037.1886758  47276326.18965399 47276616.19063557
 47276905.19161376 47277195.19259533 47277485.1935769  47277775.19455848
 47278064.19553667 47278353.19651486 47278643.19749644 47278933.19847801
 47279223.19945958 47279511.20043439 47279801.20141596 47280092.20240092
 47280381.20337911 47280670.20435731 47280961.20534226 47281249.20631707]"	0.0	0.0	0.0
4092.1947778661156	2.0	trials	8.0	0.0	0.0	0.0	0.0	0.0	True	40.0	0.0	0.005	"[47371477.51171541 47371767.51269699 47372056.51367518 47372346.51465675
 47372635.51563494 47372925.51661652 47373214.51759471 47373505.51857967
 47373795.51956124 47374084.52053943 47374374.521521   47374663.5224992
 47374953.52348077 47375242.52445896 47375532.52544054 47375822.52642211
 47376111.5274003  47376401.52838187 47376690.52936006 47376980.53034164]"	0.0	0.0	0.0
4099.068439531639	2.0	trials	8.0	0.0	0.0	0.0	0.0	0.0	True	40.0	0.0	0.005	"[47451033.78099181 47451323.78197338 47451613.78295495 47451902.78393314
 47452191.78491133 47452481.7858929  47452771.78687449 47453060.78785267
 47453350.78883424 47453640.78981582 47453930.7907974  47454219.79177558
 47454508.79275378 47454798.79373535 47455087.79471353 47455378.79569849
 47455668.79668008 47455957.79765826 47456247.79863984 47456536.79961803]"	0.0	0.0	0.0
4107.403648544115	2.0	trials	8.0	0.0	0.0	0.0	0.0	0.0	True	40.0	0.0	0.005	"[47547506.10752445 47547796.10850604 47548085.10948423 47548375.1104658
 47548664.11144399 47548954.11242557 47549244.11340715 47549533.11438534
 47549824.1153703  47550112.11634509 47550402.11732668 47550692.11830825
 47550982.11928982 47551272.12027139 47551561.12124959 47551850.12222778
 47552141.12321274 47552430.12419093 47552719.12516911 47553009.12615069]"	0.0	0.0	0.0
4113.048957251991	2.0	trials	8.0	0.0	0.0	0.0	0.0	0.0	True	40.0	0.0	0.005	"[47612844.32867662 47613134.3296582  47613423.33063638 47613714.33162135
 47614003.33259954 47614292.33357773 47614582.3345593  47614872.33554088
 47615162.33652245 47615452.33750403 47615741.33848222 47616030.33946041
 47616320.34044199 47616610.34142355 47616900.34240513 47617189.34338332
 47617479.34436489 47617769.34534647 47618058.34632467 47618348.34730624]"	0.0	0.0	0.0
4119.3370841356345	2.0	trials	8.0	0.0	0.0	0.0	0.0	0.0	True	40.0	0.0	0.005	"[47685624.57501803 47685914.57599959 47686203.57697779 47686493.57795935
 47686783.57894094 47687072.57991912 47687362.5809007  47687651.58187889
 47687941.58286047 47688231.58384203 47688521.58482361 47688810.5858018
 47689099.58677998 47689389.58776157 47689678.58873976 47689968.58972133
 47690258.59070291 47690548.59168448 47690838.59266605 47691127.59364424]"	0.0	0.0	0.0
4126.458973841345	2.0	trials	8.0	0.0	0.0	0.0	0.0	0.0	True	40.0	0.0	0.005	"[47768052.85401539 47768342.85499696 47768631.85597516 47768921.85695673
 47769211.8579383  47769501.85891987 47769790.85989807 47770080.86087964
 47770369.86185783 47770659.86283942 47770949.86382098 47771238.86479918
 47771527.86577737 47771817.86675893 47772107.86774051 47772397.86872208
 47772686.86970028 47772976.87068186 47773266.87166342 47773556.87264499]"	0.0	0.0	0.0
4133.804726704774	2.0	trials	8.0	0.0	0.0	0.0	0.0	0.0	True	40.0	0.0	0.005	"[47853073.14178601 47853363.14276758 47853652.14374577 47853942.14472734
 47854232.14570892 47854522.1466905  47854811.14766869 47855101.14865025
 47855390.14962845 47855679.15060665 47855970.1515916  47856259.15256979
 47856549.15355136 47856839.15453295 47857128.15551113 47857418.1564927
 47857708.15747427 47857998.15845586 47858287.15943404 47858577.16041562]"	0.0	0.0	0.0
4143.876927196505	2.0	trials	8.0	0.0	0.0	0.0	0.0	0.0	True	40.0	0.0	0.005	"[47969649.53636549 47969939.53734706 47970228.53832525 47970519.53931021
 47970808.5402884  47971098.54126997 47971387.54224816 47971677.54322974
 47971967.54421132 47972256.54518951 47972546.54617108 47972836.54715265
 47973125.54813084 47973414.54910903 47973704.5500906  47973994.55107218
 47974283.55205037 47974573.55303195 47974863.55401351 47975152.55499171]"	0.0	0.0	0.0
4151.0249097905335	2.0	trials	8.0	0.0	0.0	0.0	0.0	0.0	True	40.0	0.0	0.005	"[48052380.81638844 48052671.81737339 48052960.81835159 48053249.81932977
 48053539.82031135 48053828.82128954 48054119.82227449 48054407.8232493
 48054698.82423425 48054987.82521245 48055277.82619402 48055567.8271756
 48055856.8281538  48056145.82913198 48056436.83011694 48056725.83109513
 48057015.83207671 48057305.83305828 48057594.83403646 48057884.83501805]"	0.0	0.0	0.0
4160.005269786674	2.0	trials	8.0	0.0	0.0	0.0	0.0	0.0	True	40.0	0.0	0.005	"[48156321.16819833 48156611.16917992 48156900.1701581  48157190.17113967
 48157480.17212125 48157769.17309944 48158059.17408102 48158348.17505921
 48158638.17604078 48158928.17702235 48159218.17800393 48159507.17898212
 48159796.17996031 48160086.18094189 48160376.18192346 48160666.18290503
 48160955.18388322 48161245.18486479 48161534.18584298 48161824.18682457]"	0.0	0.0	0.0
4169.088964532575	2.0	trials	8.0	0.0	0.0	0.0	0.0	0.0	True	40.0	0.0	0.005	"[48261456.52405301 48261745.52503119 48262035.52601276 48262325.52699434
 48262615.52797591 48262904.5289541  48263194.52993569 48263483.53091387
 48263773.53189545 48264063.53287702 48264352.5338552  48264642.53483678
 48264932.53581836 48265220.53679316 48265510.53777473 48265800.53875632
 48266090.53973788 48266380.54071946 48266670.54170104 48266959.54267923]"	0.0	0.0	0.0
4177.39868545878	2.0	trials	8.0	0.0	0.0	0.0	0.0	0.0	True	40.0	0.0	0.005	"[48357633.84958717 48357923.85056874 48358212.85154692 48358503.85253189
 48358791.85350669 48359081.85448827 48359370.85546646 48359660.85644804
 48359950.85742962 48360240.85841118 48360530.85939276 48360819.86037095
 48361109.86135253 48361399.8623341  48361688.8633123  48361978.86429386
 48362267.86527205 48362556.86625025 48362847.86723521 48363136.86821339]"	0.0	0.0	0.0
4184.557208888487	2.0	trials	8.0	0.0	0.0	0.0	0.0	0.0	True	40.0	0.0	0.005	"[48440486.13001967 48440777.13100462 48441065.13197942 48441355.132961
 48441645.13394258 48441935.13492417 48442225.13590573 48442514.13688391
 48442803.13786211 48443094.13884708 48443382.13982187 48443672.14080345
 48443962.14178503 48444252.14276659 48444542.14374817 48444831.14472636
 48445121.14570794 48445410.14668612 48445700.14766771 48445990.14864928]"	0.0	0.0	0.0
4190.739841015059	2.0	trials	8.0	0.0	0.0	0.0	0.0	0.0	True	40.0	0.0	0.005	"[48512044.3722249  48512334.37320649 48512624.37418806 48512914.37516963
 48513202.37614444 48513492.37712602 48513782.37810759 48514072.37908916
 48514362.38007075 48514652.38105231 48514941.3820305  48515230.3830087
 48515520.38399026 48515810.38497184 48516099.38595003 48516390.386935
 48516678.38790979 48516968.38889138 48517257.38986956 48517548.39085452]"	0.0	0.0	0.0
4198.513102525491	2.0	trials	8.0	0.0	0.0	0.0	0.0	0.0	True	40.0	0.0	0.005	"[48602013.67674661 48602302.67772479 48602592.67870637 48602881.67968456
 48603171.68066614 48603461.68164771 48603750.6826259  48604041.68361086
 48604329.68458565 48604620.68557062 48604909.68654881 48605198.687527
 48605488.68850858 48605777.68948676 48606068.69047172 48606357.69144991
 48606647.69243149 48606936.69340968 48607226.69439126 48607515.69536944]"	0.0	0.0	0.0
4208.4495681577955	2.0	trials	8.0	0.0	0.0	0.0	0.0	0.0	True	40.0	0.0	0.005	"[48717018.06600527 48717308.06698684 48717597.06796504 48717887.06894662
 48718176.06992481 48718467.07090977 48718756.07188795 48719045.07286613
 48719336.0738511  48719625.0748293  48719914.07580748 48720204.07678906
 48720494.07777063 48720784.0787522  48721073.07973039 48721362.08070858
 48721652.08169016 48721942.08267174 48722232.08365331 48722521.08463149]"	0.0	0.0	0.0
4218.919037194177	2.0	trials	8.0	0.0	0.0	0.0	0.0	0.0	True	40.0	0.0	0.005	"[48838192.47614778 48838482.47712936 48838772.47811094 48839061.47908913
 48839351.48007071 48839640.4810489  48839930.48203047 48840220.48301204
 48840509.48399022 48840799.48497181 48841089.48595338 48841378.48693157
 48841667.48790976 48841957.48889133 48842248.48987629 48842537.49085448
 48842826.49183267 48843116.49281425 48843406.49379583 48843695.49477401]"	0.0	0.0	0.0
4226.084127046109	2.0	trials	8.0	0.0	0.0	0.0	0.0	0.0	True	40.0	0.0	0.005	"[48921122.7568443  48921411.75782249 48921701.75880406 48921991.75978564
 48922280.76076382 48922569.76174202 48922859.7627236  48923149.76370516
 48923438.76468336 48923728.76566493 48924017.76664311 48924307.7676247
 48924597.76860627 48924886.76958446 48925176.77056605 48925466.77154761
 48925756.77252918 48926045.77350737 48926335.77448896 48926624.77546714]"	0.0	0.0	0.0
4235.965901293298	2.0	trials	8.0	0.0	0.0	0.0	0.0	0.0	True	40.0	0.0	0.005	"[49035494.14396043 49035785.14494538 49036074.14592358 49036364.14690515
 49036654.14788673 49036943.14886492 49037232.1498431  49037522.15082469
 49037811.15180288 49038101.15278444 49038391.15376602 49038681.15474759
 49038970.15572578 49039260.15670735 49039550.15768893 49039839.15866712
 49040129.15964869 49040418.16062688 49040708.16160847 49040998.16259004]"	0.0	0.0	0.0
4245.811560218245	2.0	trials	8.0	0.0	0.0	0.0	0.0	0.0	True	40.0	0.0	0.005	"[49149448.52966512 49149738.53064669 49150027.53162488 49150317.53260647
 49150607.53358803 49150896.53456622 49151186.53554779 49151476.53652938
 49151765.53750756 49152055.53848914 49152345.53947071 49152635.54045228
 49152924.54143047 49153214.54241204 49153503.54339024 49153793.54437182
 49154082.54535001 49154372.54633158 49154661.54730977 49154952.54829473]"	0.0	0.0	0.0
4256.324834202894	2.0	trials	8.0	0.0	0.0	0.0	0.0	0.0	True	40.0	0.0	0.005	"[49271130.94152708 49271419.94250527 49271708.94348346 49271998.94446503
 49272288.94544661 49272577.9464248  49272867.94740637 49273157.94838795
 49273446.94936614 49273736.95034771 49274025.95132591 49274315.95230748
 49274606.95329244 49274895.95427062 49275184.95524882 49275474.9562304
 49275763.95720858 49276054.95819353 49276343.95917173 49276633.9601533 ]"	0.0	0.0	0.0
4262.5816841806745	2.0	trials	8.0	0.0	0.0	0.0	0.0	0.0	True	40.0	0.0	0.005	"[49343547.18663643 49343838.18762138 49344127.18859957 49344416.18957777
 49344706.19055935 49344996.19154092 49345285.19251911 49345575.19350068
 49345866.19448564 49346155.19546383 49346444.19644202 49346734.1974236
 49347023.19840179 49347313.19938336 49347602.20036156 49347892.20134313
 49348182.2023247  49348472.20330627 49348762.20428786 49349051.20526605]"	0.0	0.0	0.0
4270.244180516196	2.0	trials	8.0	0.0	0.0	0.0	0.0	0.0	True	40.0	0.0	0.005	"[49432234.48681889 49432523.48779708 49432813.48877866 49433102.48975684
 49433391.49073503 49433682.49171999 49433971.49269818 49434261.49367975
 49434550.49465794 49434840.49563953 49435130.4966211  49435419.49759929
 49435709.49858087 49435999.49956243 49436288.50054063 49436578.5015222
 49436868.50250378 49437157.50348197 49437447.50446355 49437736.50544173]"	0.0	0.0	0.0
4276.651799004288	2.0	trials	8.0	0.0	0.0	0.0	0.0	0.0	True	40.0	0.0	0.005	"[49506395.73783462 49506685.73881619 49506974.73979437 49507264.74077595
 49507554.74175753 49507843.74273572 49508133.74371729 49508422.74469548
 49508713.74568044 49509002.74665863 49509292.7476402  49509581.74861839
 49509871.74959998 49510161.75058155 49510450.75155974 49510740.7525413
 49511029.7535195  49511320.75450446 49511609.75548264 49511899.75646423]"	0.0	0.0	0.0
4285.873820618388	2.0	trials	8.0	0.0	0.0	0.0	0.0	0.0	True	40.0	0.0	0.005	"[49613133.09911163 49613422.10008982 49613711.10106801 49614002.10205296
 49614291.10303117 49614580.10400936 49614870.10499092 49615161.10597589
 49615449.10695069 49615739.10793227 49616029.10891385 49616319.10989542
 49616609.11087699 49616897.1118518  49617187.11283337 49617477.11381495
 49617767.11479652 49618056.11577471 49618346.1167563  49618635.11773448]"	0.0	0.0	0.0
4296.379836978473	2.0	trials	8.0	0.0	0.0	0.0	0.0	0.0	True	40.0	0.0	0.005	"[49734729.51068252 49735019.51166409 49735308.51264226 49735599.51362723
 49735889.51460881 49736177.51558361 49736467.5165652  49736757.51754676
 49737047.51852834 49737337.51950991 49737626.52048811 49737915.52146629
 49738205.52244787 49738495.52342944 49738785.52441102 49739075.5253926
 49739363.5263674  49739654.52735236 49739943.52833055 49740233.52931213]"	0.0	0.0	0.0
4302.542424237198	2.0	trials	8.0	0.0	0.0	0.0	0.0	0.0	True	40.0	0.0	0.005	"[49806055.7521025  49806344.75308068 49806635.75406564 49806924.75504383
 49807214.75602541 49807504.75700699 49807793.75798517 49808082.75896336
 49808372.75994494 49808662.76092651 49808952.76190808 49809241.76288627
 49809531.76386786 49809820.76484605 49810110.76582762 49810400.76680918
 49810690.76779076 49810980.76877234 49811269.76975053 49811559.77073211]"	0.0	0.0	0.0
4308.614031987983	2.0	trials	8.0	0.0	0.0	0.0	0.0	0.0	True	40.0	0.0	0.005	"[49876329.98996174 49876619.99094331 49876908.9919215  49877197.99289969
 49877487.99388127 49877776.99485945 49878066.99584102 49878357.99682599
 49878646.99780418 49878935.99878237 49879225.99976394 49879516.00074551
 49879805.00172369 49880095.00270528 49880385.00368685 49880675.00466844
 49880964.00564662 49881254.00662819 49881543.00760639 49881833.00858795]"	0.0	0.0	0.0
4319.731762418556	2.0	trials	8.0	0.0	0.0	0.0	0.0	0.0	True	40.0	0.0	0.005	"[50005007.42549996 50005297.42648152 50005586.42745971 50005875.42843791
 50006165.42941947 50006455.43040106 50006744.43137925 50007034.43236082
 50007324.4333424  50007613.43432059 50007904.43530555 50008193.43628373
 50008483.43726531 50008772.4382435  50009061.4392217  50009351.44020326
 50009641.44118485 50009931.44216641 50010221.44314799 50010510.44412617]"	0.0	0.0	0.0
4330.394249708252	2.0	trials	8.0	0.0	0.0	0.0	0.0	0.0	True	40.0	0.0	0.005	"[50128415.84320398 50128705.84418556 50128994.84516376 50129284.84614532
 50129573.8471235  50129862.84810171 50130152.84908327 50130442.85006485
 50130732.85104642 50131022.852028   50131312.85300957 50131600.85398438
 50131891.85496933 50132180.85594752 50132469.85692571 50132759.8579073
 50133049.85888887 50133338.85986706 50133629.86085201 50133918.8618302 ]"	0.0	0.0	0.0
4341.305224239012	2.0	trials	8.0	0.0	0.0	0.0	0.0	0.0	True	40.0	0.0	0.005	"[50254699.27063912 50254989.27162071 50255279.27260228 50255569.27358387
 50255858.27456205 50256148.27554362 50256438.2765252  50256726.2775
 50257017.27848496 50257306.27946315 50257595.28044134 50257885.28142291
 50258175.2824045  50258465.28338606 50258754.28436425 50259044.28534582
 50259333.28632402 50259624.28730898 50259912.28828379 50260202.28926536]"	0.0	0.0	0.0
4352.018514900664	2.0	trials	8.0	0.0	0.0	0.0	0.0	0.0	True	40.0	0.0	0.005	"[50378696.69033678 50378985.69131497 50379274.69229314 50379564.69327473
 50379854.69425629 50380144.69523787 50380433.69621606 50380723.69719764
 50381012.69817583 50381302.6991574  50381592.70013899 50381882.70112055
 50382171.70209873 50382461.70308032 50382751.7040619  50383040.70504008
 50383329.70601828 50383619.70699985 50383909.70798142 50384198.70895962]"	0.0	0.0	0.0
4360.742611629421	2.0	trials	8.0	0.0	0.0	0.0	0.0	0.0	True	40.0	0.0	0.005	"[50479670.03210414 50479959.03308233 50480249.03406391 50480539.03504549
 50480828.03602368 50481118.03700525 50481408.03798682 50481697.03896502
 50481987.03994659 50482276.04092478 50482567.04190975 50482856.04288793
 50483145.04386612 50483435.0448477  50483725.04582927 50484014.04680746
 50484304.04778903 50484594.04877061 50484883.04974879 50485173.05073038]"	0.0	0.0	0.0
4370.607278618707	2.0	trials	8.0	0.0	0.0	0.0	0.0	0.0	True	40.0	0.0	0.005	"[50593843.4185501  50594133.41953168 50594423.42051324 50594713.42149482
 50595002.42247301 50595292.42345459 50595582.42443616 50595871.42541435
 50596161.42639594 50596450.42737412 50596739.4283523  50597030.42933726
 50597319.43031545 50597609.43129703 50597899.43227861 50598188.4332568
 50598478.43423836 50598767.43521656 50599057.43619813 50599347.43717971]"	0.0	0.0	0.0
4375.802441802958	2.0	trials	8.0	0.0	0.0	0.0	0.0	0.0	True	40.0	0.0	0.005	"[50653973.62207452 50654261.62304934 50654552.62403429 50654841.62501249
 50655131.62599406 50655421.62697563 50655710.62795382 50655999.62893201
 50656289.62991359 50656579.63089516 50656869.63187674 50657158.63285492
 50657448.6338365  50657738.63481808 50658028.63579966 50658318.63678122
 50658606.63775604 50658896.6387376  50659185.63971581 50659475.64069737]"	0.0	0.0	0.0
4386.02325079769	2.0	trials	8.0	0.0	0.0	0.0	0.0	0.0	True	40.0	0.0	0.005	"[50772269.02247238 50772560.02345733 50772849.02443553 50773138.02541372
 50773427.02639192 50773717.02737348 50774007.02835505 50774297.02933663
 50774586.03031483 50774877.03129978 50775166.03227797 50775456.03325954
 50775745.03423773 50776035.0352193  50776324.0361975  50776614.03717908
 50776904.03816065 50777193.03913884 50777483.04012042 50777773.04110198]"	0.0	0.0	0.0
4395.017348440329	2.0	trials	8.0	0.0	0.0	0.0	0.0	0.0	True	40.0	0.0	0.005	"[50876367.37481707 50876657.37579864 50876947.37678023 50877236.37775841
 50877526.37873998 50877815.37971817 50878105.38069975 50878395.38168132
 50878684.38265952 50878974.38364109 50879264.38462266 50879553.38560086
 50879842.38657905 50880132.38756061 50880422.38854218 50880712.38952377
 50881001.39050196 50881291.39148353 50881581.39246511 50881871.39344668]"	0.0	0.0	0.0
4405.478436648344	2.0	trials	8.0	0.0	0.0	0.0	0.0	0.0	True	40.0	0.0	0.005	"[50997444.78463126 50997734.78561284 50998024.78659442 50998313.78757261
 50998602.7885508  50998892.78953237 50999182.79051395 50999471.79149213
 50999761.7924737  51000051.79345528 51000341.79443686 51000630.79541505
 51000920.79639663 51001209.79737481 51001499.79835638 51001789.79933796
 51002078.80031615 51002368.80129772 51002657.80227592 51002948.80326087]"	0.0	0.0	0.0
4410.887699757267	2.0	trials	8.0	0.0	0.0	0.0	0.0	0.0	True	40.0	0.0	0.005	"[51060051.9965397  51060341.99752127 51060631.99850285 51060921.99948441
 51061212.000466   51061501.00144419 51061791.00242576 51062081.00340734
 51062370.00438552 51062660.00536711 51062949.0063453  51063239.00732686
 51063529.00830844 51063818.00928663 51064108.0102682  51064397.0112464
 51064688.01223135 51064977.01320955 51065266.01418775 51065557.0151727 ]"	0.0	0.0	0.0
4440.11648668897	2.0	trials	9.0	0.0	0.0	0.0	0.0	0.0	True	5.0	0.0	0.01	"[51398396.14174288 51400713.14958531 51403030.15742775               nan
               nan               nan               nan               nan
               nan               nan               nan               nan
               nan               nan               nan               nan
               nan               nan               nan               nan]"	0.0	0.0	0.0
4445.9663912893475	2.0	trials	9.0	0.0	0.0	0.0	0.0	0.0	True	5.0	0.0	0.01	"[51466103.37091348 51468420.37875593 51470737.38659837               nan
               nan               nan               nan               nan
               nan               nan               nan               nan
               nan               nan               nan               nan
               nan               nan               nan               nan]"	0.0	0.0	0.0
4454.426794325572	2.0	trials	9.0	0.0	0.0	0.0	0.0	0.0	True	5.0	0.0	0.01	"[51564024.70235064 51566341.71019308 51568658.71803552               nan
               nan               nan               nan               nan
               nan               nan               nan               nan
               nan               nan               nan               nan
               nan               nan               nan               nan]"	0.0	0.0	0.0
4459.7430043195345	2.0	trials	9.0	0.0	0.0	0.0	0.0	0.0	True	5.0	0.0	0.01	"[51625554.9106137  51627871.91845614 51630188.92629859               nan
               nan               nan               nan               nan
               nan               nan               nan               nan
               nan               nan               nan               nan
               nan               nan               nan               nan]"	0.0	0.0	0.0
4465.418812330642	2.0	trials	9.0	0.0	0.0	0.0	0.0	0.0	True	5.0	0.0	0.01	"[51691247.13296407 51693564.14080651 51695881.14864893               nan
               nan               nan               nan               nan
               nan               nan               nan               nan
               nan               nan               nan               nan
               nan               nan               nan               nan]"	0.0	0.0	0.0
4471.167023786817	2.0	trials	9.0	0.0	0.0	0.0	0.0	0.0	True	5.0	0.0	0.01	"[51757777.35815082 51760094.36599327 51762411.37383571               nan
               nan               nan               nan               nan
               nan               nan               nan               nan
               nan               nan               nan               nan
               nan               nan               nan               nan]"	0.0	0.0	0.0
4477.44841144765	2.0	trials	9.0	0.0	0.0	0.0	0.0	0.0	True	5.0	0.0	0.01	"[51830478.60422482 51832795.61206727 51835113.6199131                nan
               nan               nan               nan               nan
               nan               nan               nan               nan
               nan               nan               nan               nan
               nan               nan               nan               nan]"	0.0	0.0	0.0
4486.1245560141015	2.0	trials	9.0	0.0	0.0	0.0	0.0	0.0	True	5.0	0.0	0.01	"[51930896.94411368 51933213.95195612 51935530.95979856               nan
               nan               nan               nan               nan
               nan               nan               nan               nan
               nan               nan               nan               nan
               nan               nan               nan               nan]"	0.0	0.0	0.0
4491.968930995764	2.0	trials	9.0	0.0	0.0	0.0	0.0	0.0	True	5.0	0.0	0.01	"[51998540.17306767 52000857.1809101  52003174.18875254               nan
               nan               nan               nan               nan
               nan               nan               nan               nan
               nan               nan               nan               nan
               nan               nan               nan               nan]"	0.0	0.0	0.0
4499.336715933764	2.0	trials	9.0	0.0	0.0	0.0	0.0	0.0	True	5.0	0.0	0.01	"[52083815.46170139 52086132.46954384 52088449.47738628               nan
               nan               nan               nan               nan
               nan               nan               nan               nan
               nan               nan               nan               nan
               nan               nan               nan               nan]"	0.0	0.0	0.0
4506.188950326764	2.0	trials	9.0	0.0	0.0	0.0	0.0	0.0	True	5.0	0.0	0.01	"[52163123.73013837 52165440.73798081 52167757.74582325               nan
               nan               nan               nan               nan
               nan               nan               nan               nan
               nan               nan               nan               nan
               nan               nan               nan               nan]"	0.0	0.0	0.0
4512.040410132406	2.0	trials	9.0	0.0	0.0	0.0	0.0	0.0	True	5.0	0.0	0.01	"[52230848.9593699  52233165.96721234 52235482.97505479               nan
               nan               nan               nan               nan
               nan               nan               nan               nan
               nan               nan               nan               nan
               nan               nan               nan               nan]"	0.0	0.0	0.0
4519.059224289233	2.0	trials	9.0	0.0	0.0	0.0	0.0	0.0	True	5.0	0.0	0.01	"[52312085.23433267 52314402.2421751  52316719.25001755               nan
               nan               nan               nan               nan
               nan               nan               nan               nan
               nan               nan               nan               nan
               nan               nan               nan               nan]"	0.0	0.0	0.0
4525.122364811358	2.0	trials	9.0	0.0	0.0	0.0	0.0	0.0	True	5.0	0.0	0.01	"[52382260.47185681 52384577.47969925 52386894.48754169               nan
               nan               nan               nan               nan
               nan               nan               nan               nan
               nan               nan               nan               nan
               nan               nan               nan               nan]"	0.0	0.0	0.0
4533.460425033484	2.0	trials	9.0	0.0	0.0	0.0	0.0	0.0	True	5.0	0.0	0.01	"[52478765.79850116 52481082.80634362 52483399.81418606               nan
               nan               nan               nan               nan
               nan               nan               nan               nan
               nan               nan               nan               nan
               nan               nan               nan               nan]"	0.0	0.0	0.0
4539.687466910372	2.0	trials	9.0	0.0	0.0	0.0	0.0	0.0	True	5.0	0.0	0.01	"[52550838.04244617 52553155.0502886  52555472.05813105               nan
               nan               nan               nan               nan
               nan               nan               nan               nan
               nan               nan               nan               nan
               nan               nan               nan               nan]"	0.0	0.0	0.0
4547.82957126924	2.0	trials	9.0	0.0	0.0	0.0	0.0	0.0	True	5.0	0.0	0.01	"[52645074.36141054 52647392.36925638 52649709.37709882               nan
               nan               nan               nan               nan
               nan               nan               nan               nan
               nan               nan               nan               nan
               nan               nan               nan               nan]"	0.0	0.0	0.0
4553.265359267942	2.0	trials	9.0	0.0	0.0	0.0	0.0	0.0	True	5.0	0.0	0.01	"[52707989.57436149 52710306.58220392 52712623.59004637               nan
               nan               nan               nan               nan
               nan               nan               nan               nan
               nan               nan               nan               nan
               nan               nan               nan               nan]"	0.0	0.0	0.0
4559.859429587124	2.0	trials	9.0	0.0	0.0	0.0	0.0	0.0	True	5.0	0.0	0.01	"[52784308.83268147 52786625.84052391 52788943.84836974               nan
               nan               nan               nan               nan
               nan               nan               nan               nan
               nan               nan               nan               nan
               nan               nan               nan               nan]"	0.0	0.0	0.0
4566.039296904339	2.0	trials	9.0	0.0	0.0	0.0	0.0	0.0	True	5.0	0.0	0.01	"[52855836.07478179 52858153.08262423 52860470.09046667               nan
               nan               nan               nan               nan
               nan               nan               nan               nan
               nan               nan               nan               nan
               nan               nan               nan               nan]"	0.0	0.0	0.0
4573.701793239859	2.0	trials	9.0	0.0	0.0	0.0	0.0	0.0	True	5.0	0.0	0.01	"[52944522.37496087 52946839.3828033  52949156.39064574               nan
               nan               nan               nan               nan
               nan               nan               nan               nan
               nan               nan               nan               nan
               nan               nan               nan               nan]"	0.0	0.0	0.0
4579.65969820579	2.0	trials	9.0	0.0	0.0	0.0	0.0	0.0	True	5.0	0.0	0.01	"[53013479.60836239 53015796.61620484 53018113.62404729               nan
               nan               nan               nan               nan
               nan               nan               nan               nan
               nan               nan               nan               nan
               nan               nan               nan               nan]"	0.0	0.0	0.0
4585.419746502029	2.0	trials	9.0	0.0	0.0	0.0	0.0	0.0	True	5.0	0.0	0.01	"[53080146.83401287 53082463.84185532 53084780.84969776               nan
               nan               nan               nan               nan
               nan               nan               nan               nan
               nan               nan               nan               nan
               nan               nan               nan               nan]"	0.0	0.0	0.0
4593.394061492973	2.0	trials	9.0	0.0	0.0	0.0	0.0	0.0	True	5.0	0.0	0.01	"[53172441.1464041  53174758.15424655 53177076.16209236               nan
               nan               nan               nan               nan
               nan               nan               nan               nan
               nan               nan               nan               nan
               nan               nan               nan               nan]"	0.0	0.0	0.0
4599.600453699968	2.0	trials	9.0	0.0	0.0	0.0	0.0	0.0	True	5.0	0.0	0.01	"[53244274.38954014 53246592.39738597 53248909.40522841               nan
               nan               nan               nan               nan
               nan               nan               nan               nan
               nan               nan               nan               nan
               nan               nan               nan               nan]"	0.0	0.0	0.0
4606.215692090797	2.0	trials	9.0	0.0	0.0	0.0	0.0	0.0	True	5.0	0.0	0.01	"[53320840.64869616 53323157.65653861 53325474.66438104               nan
               nan               nan               nan               nan
               nan               nan               nan               nan
               nan               nan               nan               nan
               nan               nan               nan               nan]"	0.0	0.0	0.0
4612.781509514351	2.0	trials	9.0	0.0	0.0	0.0	0.0	0.0	True	5.0	0.0	0.01	"[53396833.90591273 53399150.91375517 53401467.92159761               nan
               nan               nan               nan               nan
               nan               nan               nan               nan
               nan               nan               nan               nan
               nan               nan               nan               nan]"	0.0	0.0	0.0
4620.628038472773	2.0	trials	9.0	0.0	0.0	0.0	0.0	0.0	True	5.0	0.0	0.01	"[53487650.2133013  53489967.22114374 53492284.22898619               nan
               nan               nan               nan               nan
               nan               nan               nan               nan
               nan               nan               nan               nan
               nan               nan               nan               nan]"	0.0	0.0	0.0
4629.423847444258	2.0	trials	9.0	0.0	0.0	0.0	0.0	0.0	True	5.0	0.0	0.01	"[53589452.55787462 53591770.56572045 53594087.5735629                nan
               nan               nan               nan               nan
               nan               nan               nan               nan
               nan               nan               nan               nan
               nan               nan               nan               nan]"	0.0	0.0	0.0
4637.338200632248	2.0	trials	9.0	0.0	0.0	0.0	0.0	0.0	True	5.0	0.0	0.01	"[53681054.8679236  53683371.87576605 53685689.88361187               nan
               nan               nan               nan               nan
               nan               nan               nan               nan
               nan               nan               nan               nan
               nan               nan               nan               nan]"	0.0	0.0	0.0
4657.704995968457	2.0	trials	10.0	0.0	0.0	0.0	0.0	0.0	True	10.0	0.0	0.005	"[53916733.66563241 53917891.66955195 53919051.67347825 53920209.67739778
 53921367.6813173                nan               nan               nan
               nan               nan               nan               nan
               nan               nan               nan               nan
               nan               nan               nan               nan]"	0.0	0.0	0.0
4662.854366997714	2.0	trials	10.0	0.0	0.0	0.0	0.0	0.0	True	10.0	0.0	0.005	"[53976333.86736294 53977491.87128247 53978650.87520538 53979807.87912153
 53980967.88304782               nan               nan               nan
               nan               nan               nan               nan
               nan               nan               nan               nan
               nan               nan               nan               nan]"	0.0	0.0	0.0
4669.2815983521905	2.0	trials	10.0	0.0	0.0	0.0	0.0	0.0	True	10.0	0.0	0.005	"[54050722.119147   54051881.12306991 54053039.12698944 54054198.13091236
 54055356.13483188               nan               nan               nan
               nan               nan               nan               nan
               nan               nan               nan               nan
               nan               nan               nan               nan]"	0.0	0.0	0.0
4675.297305113765	2.0	trials	10.0	0.0	0.0	0.0	0.0	0.0	True	10.0	0.0	0.005	"[54120349.35481631 54121507.35873583 54122666.36265874 54123824.36657828
 54124983.37050118               nan               nan               nan
               nan               nan               nan               nan
               nan               nan               nan               nan
               nan               nan               nan               nan]"	0.0	0.0	0.0
4684.321988459928	2.0	trials	10.0	0.0	0.0	0.0	0.0	0.0	True	10.0	0.0	0.005	"[54224800.70835581 54225959.71227873 54227118.71620164 54228276.72012117
 54229435.72404408               nan               nan               nan
               nan               nan               nan               nan
               nan               nan               nan               nan
               nan               nan               nan               nan]"	0.0	0.0	0.0
4691.917956570269	2.0	trials	10.0	0.0	0.0	0.0	0.0	0.0	True	10.0	0.0	0.005	"[54312717.00592864 54313876.00985155 54315034.01377108 54316192.01769061
 54317352.02161691               nan               nan               nan
               nan               nan               nan               nan
               nan               nan               nan               nan
               nan               nan               nan               nan]"	0.0	0.0	0.0
4698.037862084529	2.0	trials	10.0	0.0	0.0	0.0	0.0	0.0	True	10.0	0.0	0.005	"[54383550.24567994 54384708.24959948 54385868.25352578 54387026.25744529
 54388184.26136483               nan               nan               nan
               nan               nan               nan               nan
               nan               nan               nan               nan
               nan               nan               nan               nan]"	0.0	0.0	0.0
4703.251687731948	2.0	trials	10.0	0.0	0.0	0.0	0.0	0.0	True	10.0	0.0	0.005	"[54443893.44992533 54445053.45385163 54446211.45777115 54447369.46169068
 54448529.46561698               nan               nan               nan
               nan               nan               nan               nan
               nan               nan               nan               nan
               nan               nan               nan               nan]"	0.0	0.0	0.0
4708.6217251081025	2.0	trials	10.0	0.0	0.0	0.0	0.0	0.0	True	10.0	0.0	0.005	"[54506047.66030047 54507206.66422338 54508365.66814629 54509523.67206582
 54510681.67598536               nan               nan               nan
               nan               nan               nan               nan
               nan               nan               nan               nan
               nan               nan               nan               nan]"	0.0	0.0	0.0
4713.829761935927	2.0	trials	10.0	0.0	0.0	0.0	0.0	0.0	True	10.0	0.0	0.005	"[54566325.86432584 54567484.86824875 54568643.87217168 54569801.8760912
 54570960.88001412               nan               nan               nan
               nan               nan               nan               nan
               nan               nan               nan               nan
               nan               nan               nan               nan]"	0.0	0.0	0.0
4722.09766512059	2.0	trials	10.0	0.0	0.0	0.0	0.0	0.0	True	10.0	0.0	0.005	"[54662020.18822518 54663178.1921447  54664336.19606424 54665495.19998715
 54666654.20391007               nan               nan               nan
               nan               nan               nan               nan
               nan               nan               nan               nan
               nan               nan               nan               nan]"	0.0	0.0	0.0
4728.650090498815	2.0	trials	10.0	0.0	0.0	0.0	0.0	0.0	True	10.0	0.0	0.005	"[54737857.44491373 54739016.44883664 54740175.45275955 54741333.45667908
 54742493.46060538               nan               nan               nan
               nan               nan               nan               nan
               nan               nan               nan               nan
               nan               nan               nan               nan]"	0.0	0.0	0.0
4735.161994139886	2.0	trials	10.0	0.0	0.0	0.0	0.0	0.0	True	10.0	0.0	0.005	"[54813227.7000216  54814385.70394113 54815544.70786404 54816702.71178357
 54817861.71570648               nan               nan               nan
               nan               nan               nan               nan
               nan               nan               nan               nan
               nan               nan               nan               nan]"	0.0	0.0	0.0
4740.494274588243	2.0	trials	10.0	0.0	0.0	0.0	0.0	0.0	True	10.0	0.0	0.005	"[54874943.90891422 54876101.91283375 54877260.91675667 54878418.92067619
 54879578.9246025                nan               nan               nan
               nan               nan               nan               nan
               nan               nan               nan               nan
               nan               nan               nan               nan]"	0.0	0.0	0.0
4746.440169913524	2.0	trials	10.0	0.0	0.0	0.0	0.0	0.0	True	10.0	0.0	0.005	"[54943762.14184529 54944920.14576481 54946078.14968434 54947236.15360387
 54948395.15752678               nan               nan               nan
               nan               nan               nan               nan
               nan               nan               nan               nan
               nan               nan               nan               nan]"	0.0	0.0	0.0
4754.504168408023	2.0	trials	10.0	0.0	0.0	0.0	0.0	0.0	True	10.0	0.0	0.005	"[55037094.45774986 55038253.46167277 55039412.46559568 55040570.46951521
 55041729.47343812               nan               nan               nan
               nan               nan               nan               nan
               nan               nan               nan               nan
               nan               nan               nan               nan]"	0.0	0.0	0.0
4759.675139510391	2.0	trials	10.0	0.0	0.0	0.0	0.0	0.0	True	10.0	0.0	0.005	"[55096944.66032656 55098102.6642461  55099260.66816562 55100419.67208854
 55101578.67601145               nan               nan               nan
               nan               nan               nan               nan
               nan               nan               nan               nan
               nan               nan               nan               nan]"	0.0	0.0	0.0
4767.692395446679	2.0	trials	10.0	0.0	0.0	0.0	0.0	0.0	True	10.0	0.0	0.005	"[55189736.97440337 55190894.97832292 55192053.98224582 55193211.98616536
 55194369.99008489               nan               nan               nan
               nan               nan               nan               nan
               nan               nan               nan               nan
               nan               nan               nan               nan]"	0.0	0.0	0.0
4774.412523792535	2.0	trials	10.0	0.0	0.0	0.0	0.0	0.0	True	10.0	0.0	0.005	"[55267515.23766171 55268675.241588   55269833.24550754 55270992.24943045
 55272150.25334998               nan               nan               nan
               nan               nan               nan               nan
               nan               nan               nan               nan
               nan               nan               nan               nan]"	0.0	0.0	0.0
4781.546336738602	2.0	trials	10.0	0.0	0.0	0.0	0.0	0.0	True	10.0	0.0	0.005	"[55350082.51712956 55351241.52105247 55352400.52497538 55353558.52889492
 55354717.53281783               nan               nan               nan
               nan               nan               nan               nan
               nan               nan               nan               nan
               nan               nan               nan               nan]"	0.0	0.0	0.0
4786.73674790677	2.0	trials	10.0	0.0	0.0	0.0	0.0	0.0	True	10.0	0.0	0.005	"[55410156.72046444 55411315.72438736 55412474.72831027 55413632.73222981
 55414790.73614933               nan               nan               nan
               nan               nan               nan               nan
               nan               nan               nan               nan
               nan               nan               nan               nan]"	0.0	0.0	0.0
4792.766019514258	2.0	trials	10.0	0.0	0.0	0.0	0.0	0.0	True	10.0	0.0	0.005	"[55479940.95666516 55481098.96058469 55482257.96450761 55483416.96843052
 55484573.97234666               nan               nan               nan
               nan               nan               nan               nan
               nan               nan               nan               nan
               nan               nan               nan               nan]"	0.0	0.0	0.0
4800.854382891226	2.0	trials	10.0	0.0	0.0	0.0	0.0	0.0	True	10.0	0.0	0.005	"[55573555.27352422 55574715.27745053 55575873.28137007 55577031.28528959
 55578190.28921251               nan               nan               nan
               nan               nan               nan               nan
               nan               nan               nan               nan
               nan               nan               nan               nan]"	0.0	0.0	0.0
4809.605004509763	2.0	trials	10.0	0.0	0.0	0.0	0.0	0.0	True	10.0	0.0	0.005	"[55674836.61633411 55675995.62025703 55677153.62417655 55678312.62809947
 55679470.632019                 nan               nan               nan
               nan               nan               nan               nan
               nan               nan               nan               nan
               nan               nan               nan               nan]"	0.0	0.0	0.0
4817.043292086396	2.0	trials	10.0	0.0	0.0	0.0	0.0	0.0	True	10.0	0.0	0.005	"[55760927.90772978 55762086.91165269 55763245.91557562 55764403.91949514
 55765561.92341468               nan               nan               nan
               nan               nan               nan               nan
               nan               nan               nan               nan
               nan               nan               nan               nan]"	0.0	0.0	0.0
4825.142714700797	2.0	trials	10.0	0.0	0.0	0.0	0.0	0.0	True	10.0	0.0	0.005	"[55854671.2250255  55855829.22894501 55856988.23286794 55858145.23678409
 55859304.240707                 nan               nan               nan
               nan               nan               nan               nan
               nan               nan               nan               nan
               nan               nan               nan               nan]"	0.0	0.0	0.0
4830.41114533304	2.0	trials	10.0	0.0	0.0	0.0	0.0	0.0	True	10.0	0.0	0.005	"[55915647.4314134  55916806.43533631 55917964.43925586 55919123.44317877
 55920281.4470983                nan               nan               nan
               nan               nan               nan               nan
               nan               nan               nan               nan
               nan               nan               nan               nan]"	0.0	0.0	0.0
4837.017052492287	2.0	trials	10.0	0.0	0.0	0.0	0.0	0.0	True	10.0	0.0	0.005	"[55992105.69020388 55993263.69412341 55994422.69804633 55995580.70196585
 55996739.70588878               nan               nan               nan
               nan               nan               nan               nan
               nan               nan               nan               nan
               nan               nan               nan               nan]"	0.0	0.0	0.0
4845.30906135854	2.0	trials	10.0	0.0	0.0	0.0	0.0	0.0	True	10.0	0.0	0.005	"[56088078.01504418 56089235.01896033 56090394.02288324 56091553.02680615
 56092711.03072568               nan               nan               nan
               nan               nan               nan               nan
               nan               nan               nan               nan
               nan               nan               nan               nan]"	0.0	0.0	0.0
4852.06081221143	2.0	trials	10.0	0.0	0.0	0.0	0.0	0.0	True	10.0	0.0	0.005	"[56166221.27953794 56167382.28346761 56168539.28738376 56169698.29130667
 56170856.2952262                nan               nan               nan
               nan               nan               nan               nan
               nan               nan               nan               nan
               nan               nan               nan               nan]"	0.0	0.0	0.0
4874.188963909363	2.0	trials	11.0	0.0	0.0	0.0	0.0	0.0	True	20.0	0.0	0.005	"[56422335.14641391 56422915.14837707 56423493.15033345 56424073.1522966
 56424653.15425974 56425231.15621612 56425811.15817928 56426390.16013902
 56426969.1620988  56427549.16406196               nan               nan
               nan               nan               nan               nan
               nan               nan               nan               nan]"	0.0	0.0	0.0
4882.132865997369	2.0	trials	11.0	0.0	0.0	0.0	0.0	0.0	True	20.0	0.0	0.005	"[56514279.45762047 56514858.45958024 56515437.46154    56516016.46349977
 56516596.46546292 56517176.46742606 56517755.46938584 56518334.47134559
 56518914.47330874 56519493.47526851               nan               nan
               nan               nan               nan               nan
               nan               nan               nan               nan]"	0.0	0.0	0.0
4887.725124925684	2.0	trials	11.0	0.0	0.0	0.0	0.0	0.0	True	20.0	0.0	0.005	"[56579004.67669779 56579583.67865755 56580162.68061731 56580741.68257708
 56581320.68453684 56581899.68649661 56582478.68845638 56583058.69041952
 56583637.69237929 56584216.69433905               nan               nan
               nan               nan               nan               nan
               nan               nan               nan               nan]"	0.0	0.0	0.0
4895.981536871452	2.0	trials	11.0	0.0	0.0	0.0	0.0	0.0	True	20.0	0.0	0.005	"[56674565.00014357 56675143.00209995 56675723.00406309 56676302.00602286
 56676882.00798601 56677461.00994577 56678040.01190554 56678619.0138653
 56679199.01582845 56679777.01778483               nan               nan
               nan               nan               nan               nan
               nan               nan               nan               nan]"	0.0	0.0	0.0
4904.999221793928	2.0	trials	11.0	0.0	0.0	0.0	0.0	0.0	True	20.0	0.0	0.005	"[56778935.3534089  56779515.35537205 56780094.35733181 56780674.35929497
 56781252.36125135 56781832.36321449 56782411.36517426 56782990.36713403
 56783570.36909718 56784149.37105694               nan               nan
               nan               nan               nan               nan
               nan               nan               nan               nan]"	0.0	0.0	0.0
4912.727036750535	2.0	trials	11.0	0.0	0.0	0.0	0.0	0.0	True	20.0	0.0	0.005	"[56868378.65615022 56868958.65811337 56869537.66007313 56870116.66203291
 56870695.66399267 56871274.66595244 56871854.66791558 56872434.66987874
 56873013.6718385  56873592.67379826               nan               nan
               nan               nan               nan               nan
               nan               nan               nan               nan]"	0.0	0.0	0.0
4919.299938998069	2.0	trials	11.0	0.0	0.0	0.0	0.0	0.0	True	20.0	0.0	0.005	"[56944453.91364435 56945032.9156041  56945612.91756726 56946190.91952364
 56946770.92148678 56947349.92344654 56947928.92540631 56948507.92736609
 56949087.92932923 56949665.93128561               nan               nan
               nan               nan               nan               nan
               nan               nan               nan               nan]"	0.0	0.0	0.0
4926.851238157216	2.0	trials	11.0	0.0	0.0	0.0	0.0	0.0	True	20.0	0.0	0.005	"[57031852.20946387 57032432.21142702 57033010.2133834  57033590.21534654
 57034169.21730632 57034749.21926947 57035328.22122923 57035908.22319239
 57036486.22514877 57037066.2271119                nan               nan
               nan               nan               nan               nan
               nan               nan               nan               nan]"	0.0	0.0	0.0
4934.399686106714	2.0	trials	11.0	0.0	0.0	0.0	0.0	0.0	True	20.0	0.0	0.005	"[57119218.50517509 57119797.50713486 57120376.50909463 57120956.51105777
 57121536.51302092 57122114.5149773  57122694.51694044 57123273.51890022
 57123852.52085998 57124432.52282313               nan               nan
               nan               nan               nan               nan
               nan               nan               nan               nan]"	0.0	0.0	0.0
4941.155843374518	2.0	trials	11.0	0.0	0.0	0.0	0.0	0.0	True	20.0	0.0	0.005	"[57197415.76985163 57197994.77181138 57198574.77377454 57199152.77573092
 57199732.77769406 57200312.77965722 57200890.78161359 57201470.78357675
 57202049.78553651 57202629.78749967               nan               nan
               nan               nan               nan               nan
               nan               nan               nan               nan]"	0.0	0.0	0.0
4947.779721794593	2.0	trials	11.0	0.0	0.0	0.0	0.0	0.0	True	20.0	0.0	0.005	"[57274081.02934274 57274660.0313025  57275239.03326226 57275819.03522541
 57276398.03718518 57276977.03914495 57277557.04110809 57278135.04306448
 57278715.04502763 57279294.04698739               nan               nan
               nan               nan               nan               nan
               nan               nan               nan               nan]"	0.0	0.0	0.0
4955.993624796479	2.0	trials	11.0	0.0	0.0	0.0	0.0	0.0	True	20.0	0.0	0.005	"[57369148.35111984 57369727.3530796  57370306.35503937 57370886.35700252
 57371465.35896228 57372045.36092543 57372623.36288182 57373203.36484496
 57373783.36680811 57374361.36876449               nan               nan
               nan               nan               nan               nan
               nan               nan               nan               nan]"	0.0	0.0	0.0
4963.693014056873	2.0	trials	11.0	0.0	0.0	0.0	0.0	0.0	True	20.0	0.0	0.005	"[57458261.6527442  57458840.65470396 57459420.65666711 57459999.65862688
 57460579.66059002 57461157.6625464  57461737.66450955 57462316.66646931
 57462894.66842569 57463475.67039223               nan               nan
               nan               nan               nan               nan
               nan               nan               nan               nan]"	0.0	0.0	0.0
4972.357753784722	2.0	trials	11.0	0.0	0.0	0.0	0.0	0.0	True	20.0	0.0	0.005	"[57558548.99218964 57559127.9941494  57559706.99610917 57560285.99806894
 57560866.00003208 57561444.00198846 57562024.00395162 57562603.00591137
 57563183.00787453 57563762.00983429               nan               nan
               nan               nan               nan               nan
               nan               nan               nan               nan]"	0.0	0.0	0.0
4980.281956606051	2.0	trials	11.0	0.0	0.0	0.0	0.0	0.0	True	20.0	0.0	0.005	"[57650263.30261771 57650842.30457748 57651422.30654062 57652001.30850039
 57652580.31046016 57653159.31241991 57653738.31437968 57654319.31634621
 57654898.31830598 57655476.32026236               nan               nan
               nan               nan               nan               nan
               nan               nan               nan               nan]"	0.0	0.0	0.0
4989.042082256757	2.0	trials	11.0	0.0	0.0	0.0	0.0	0.0	True	20.0	0.0	0.005	"[57751653.64579652 57752232.64775629 57752812.64971944 57753391.6516792
 57753970.65363897 57754550.65560212 57755129.65756188 57755708.65952165
 57756288.66148479 57756867.66344456               nan               nan
               nan               nan               nan               nan
               nan               nan               nan               nan]"	0.0	0.0	0.0
4998.101757721359	2.0	trials	11.0	0.0	0.0	0.0	0.0	0.0	True	20.0	0.0	0.005	"[57856512.00071362 57857091.00267338 57857671.00463653 57858249.00659291
 57858830.00855944 57859409.01051922 57859988.01247897 57860566.01443537
 57861146.01639851 57861725.01835828               nan               nan
               nan               nan               nan               nan
               nan               nan               nan               nan]"	0.0	0.0	0.0
5006.927806795197	2.0	trials	11.0	0.0	0.0	0.0	0.0	0.0	True	20.0	0.0	0.005	"[57958664.34647162 57959244.34843475 57959823.35039452 57960402.35235428
 57960982.35431743 57961560.35627382 57962140.35823697 57962719.36019673
 57963299.36215987 57963877.36411627               nan               nan
               nan               nan               nan               nan
               nan               nan               nan               nan]"	0.0	0.0	0.0
5013.615103029925	2.0	trials	11.0	0.0	0.0	0.0	0.0	0.0	True	20.0	0.0	0.005	"[58036064.60845049 58036643.61041027 58037223.61237341 58037802.61433318
 58038381.61629294 58038960.61825272 58039539.62021248 58040119.62217563
 58040698.62413538 58041277.62609516               nan               nan
               nan               nan               nan               nan
               nan               nan               nan               nan]"	0.0	0.0	0.0
5022.016667466995	2.0	trials	11.0	0.0	0.0	0.0	0.0	0.0	True	20.0	0.0	0.005	"[58133304.93758264 58133883.93954241 58134462.94150217 58135042.94346532
 58135620.9454217  58136201.94738823 58136779.94934461 58137359.95130777
 58137938.95326753 58138517.95522729               nan               nan
               nan               nan               nan               nan
               nan               nan               nan               nan]"	0.0	0.0	0.0
5029.134669159546	2.0	trials	11.0	0.0	0.0	0.0	0.0	0.0	True	20.0	0.0	0.005	"[58215688.2164277  58216267.21838746 58216847.22035062 58217426.22231037
 58218006.22427353 58218585.22623329 58219165.22819643 58219744.23015621
 58220323.23211597 58220903.23407912               nan               nan
               nan               nan               nan               nan
               nan               nan               nan               nan]"	0.0	0.0	0.0
5034.270302542305	2.0	trials	11.0	0.0	0.0	0.0	0.0	0.0	True	20.0	0.0	0.005	"[58275128.41761666 58275708.4195798  58276287.42153957 58276867.42350272
 58277445.4254591  58278025.42742225 58278603.42937864 58279183.43134178
 58279762.43330155 58280341.43526131               nan               nan
               nan               nan               nan               nan
               nan               nan               nan               nan]"	0.0	0.0	0.0
5040.7092843365535	2.0	trials	11.0	0.0	0.0	0.0	0.0	0.0	True	20.0	0.0	0.005	"[58349654.66986781 58350232.6718242  58350812.67378735 58351391.67574711
 58351970.67770687 58352550.67967001 58353130.68163317 58353709.68359294
 58354287.68554932 58354866.68750909               nan               nan
               nan               nan               nan               nan
               nan               nan               nan               nan]"	0.0	0.0	0.0
5046.176867642875	2.0	trials	11.0	0.0	0.0	0.0	0.0	0.0	True	20.0	0.0	0.005	"[58412936.88406095 58413515.88602072 58414094.88798047 58414674.88994363
 58415253.89190339 58415832.89386316 58416411.89582292 58416990.89778268
 58417569.89974245 58418149.90170559               nan               nan
               nan               nan               nan               nan
               nan               nan               nan               nan]"	0.0	0.0	0.0
5053.479074758913	2.0	trials	11.0	0.0	0.0	0.0	0.0	0.0	True	20.0	0.0	0.005	"[58497453.17012566 58498032.17208542 58498611.17404518 58499190.17600495
 58499769.17796472 58500349.17992786 58500928.18188763 58501508.18385077
 58502087.18581054 58502665.18776692               nan               nan
               nan               nan               nan               nan
               nan               nan               nan               nan]"	0.0	0.0	0.0
5060.808411566777	2.0	trials	11.0	0.0	0.0	0.0	0.0	0.0	True	20.0	0.0	0.005	"[58582283.45725317 58582863.45921632 58583442.46117608 58584021.46313585
 58584600.46509561 58585179.46705537 58585758.46901515 58586338.4709783
 58586917.47293805 58587496.47489782               nan               nan
               nan               nan               nan               nan
               nan               nan               nan               nan]"	0.0	0.0	0.0
5067.288779101105	2.0	trials	11.0	0.0	0.0	0.0	0.0	0.0	True	20.0	0.0	0.005	"[58657286.71111885 58657866.713082   58658446.71504515 58659025.71700491
 58659604.71896467 58660183.72092444 58660763.72288759 58661342.72484735
 58661921.72680712 58662500.72876688               nan               nan
               nan               nan               nan               nan
               nan               nan               nan               nan]"	0.0	0.0	0.0
5072.452406178615	2.0	trials	11.0	0.0	0.0	0.0	0.0	0.0	True	20.0	0.0	0.005	"[58717050.91340446 58717630.91536761 58718209.91732737 58718789.91929053
 58719367.9212469  58719947.92321005 58720527.9251732  58721106.92713296
 58721684.92908935 58722265.93105588               nan               nan
               nan               nan               nan               nan
               nan               nan               nan               nan]"	0.0	0.0	0.0
5079.2286947145585	2.0	trials	11.0	0.0	0.0	0.0	0.0	0.0	True	20.0	0.0	0.005	"[58795481.17886964 58796060.18082941 58796639.18278917 58797219.18475232
 58797798.18671208 58798376.18866846 58798956.19063161 58799535.19259137
 58800115.19455452 58800694.19651429               nan               nan
               nan               nan               nan               nan
               nan               nan               nan               nan]"	0.0	0.0	0.0
5085.782156896292	2.0	trials	11.0	0.0	0.0	0.0	0.0	0.0	True	20.0	0.0	0.005	"[58871331.43560219 58871911.43756533 58872489.43952172 58873068.44148148
 58873648.44344462 58874227.44540439 58874806.44736417 58875385.44932392
 58875964.45128369 58876544.45324683               nan               nan
               nan               nan               nan               nan
               nan               nan               nan               nan]"	0.0	0.0	0.0
5109.572304619643	2.0	trials	12.0	0.0	0.0	0.0	0.0	0.0	True	1.0	0.0	1.0	"[59147631.37080253               nan               nan               nan
               nan               nan               nan               nan
               nan               nan               nan               nan
               nan               nan               nan               nan
               nan               nan               nan               nan]"	0.0	0.0	0.0
5116.7961466704355	2.0	trials	12.0	0.0	0.0	0.0	0.0	0.0	True	1.0	0.0	1.0	"[59157248.40335359               nan               nan               nan
               nan               nan               nan               nan
               nan               nan               nan               nan
               nan               nan               nan               nan
               nan               nan               nan               nan]"	0.0	0.0	0.0
5125.766484232652	2.0	trials	12.0	0.0	0.0	0.0	0.0	0.0	True	1.0	0.0	1.0	"[59157251.40336374               nan               nan               nan
               nan               nan               nan               nan
               nan               nan               nan               nan
               nan               nan               nan               nan
               nan               nan               nan               nan]"	0.0	0.0	0.0
5133.986435255009	2.0	trials	12.0	0.0	0.0	0.0	0.0	0.0	True	1.0	0.0	1.0	"[59157255.40337727               nan               nan               nan
               nan               nan               nan               nan
               nan               nan               nan               nan
               nan               nan               nan               nan
               nan               nan               nan               nan]"	0.0	0.0	0.0
5139.416175233242	2.0	trials	12.0	0.0	0.0	0.0	0.0	0.0	True	1.0	0.0	1.0	"[59231240.65379728               nan               nan               nan
               nan               nan               nan               nan
               nan               nan               nan               nan
               nan               nan               nan               nan
               nan               nan               nan               nan]"	0.0	0.0	0.0
5146.682699028501	2.0	trials	12.0	0.0	0.0	0.0	0.0	0.0	True	1.0	0.0	1.0	"[59240853.6863348              nan              nan              nan
              nan              nan              nan              nan
              nan              nan              nan              nan
              nan              nan              nan              nan
              nan              nan              nan              nan]"	0.0	0.0	0.0
5154.426411638917	2.0	trials	12.0	0.0	0.0	0.0	0.0	0.0	True	1.0	0.0	1.0	"[59240857.68634833               nan               nan               nan
               nan               nan               nan               nan
               nan               nan               nan               nan
               nan               nan               nan               nan
               nan               nan               nan               nan]"	0.0	0.0	0.0
5162.450406798016	2.0	trials	12.0	0.0	0.0	0.0	0.0	0.0	True	1.0	0.0	1.0	"[59240860.68635847               nan               nan               nan
               nan               nan               nan               nan
               nan               nan               nan               nan
               nan               nan               nan               nan
               nan               nan               nan               nan]"	0.0	0.0	0.0
5170.340654304415	2.0	trials	12.0	0.0	0.0	0.0	0.0	0.0	True	1.0	0.0	1.0	"[59240863.68636864               nan               nan               nan
               nan               nan               nan               nan
               nan               nan               nan               nan
               nan               nan               nan               nan
               nan               nan               nan               nan]"	0.0	0.0	0.0
5178.0686420616075	2.0	trials	12.0	0.0	0.0	0.0	0.0	0.0	True	1.0	0.0	1.0	"[59335070.00523148               nan               nan               nan
               nan               nan               nan               nan
               nan               nan               nan               nan
               nan               nan               nan               nan
               nan               nan               nan               nan]"	0.0	0.0	0.0
5187.13471114785	2.0	trials	12.0	0.0	0.0	0.0	0.0	0.0	True	0.0	0.0	0.0	"[nan nan nan nan nan nan nan nan nan nan nan nan nan nan nan nan nan nan
 nan nan]"	0.0	0.0	0.0
5193.621040302357	2.0	trials	12.0	0.0	0.0	0.0	0.0	0.0	True	1.0	0.0	1.0	"[59335075.00524841               nan               nan               nan
               nan               nan               nan               nan
               nan               nan               nan               nan
               nan               nan               nan               nan
               nan               nan               nan               nan]"	0.0	0.0	0.0
5201.5050669877	2.0	trials	12.0	0.0	0.0	0.0	0.0	0.0	True	1.0	0.0	1.0	"[59344683.037769             nan             nan             nan
             nan             nan             nan             nan
             nan             nan             nan             nan
             nan             nan             nan             nan
             nan             nan             nan             nan]"	0.0	0.0	0.0
5207.492693654231	2.0	trials	12.0	0.0	0.0	0.0	0.0	0.0	True	1.0	0.0	1.0	"[59344688.03778592               nan               nan               nan
               nan               nan               nan               nan
               nan               nan               nan               nan
               nan               nan               nan               nan
               nan               nan               nan               nan]"	0.0	0.0	0.0
5215.518589619763	2.0	trials	12.0	0.0	0.0	0.0	0.0	0.0	True	1.0	0.0	1.0	"[59430206.32724213               nan               nan               nan
               nan               nan               nan               nan
               nan               nan               nan               nan
               nan               nan               nan               nan
               nan               nan               nan               nan]"	0.0	0.0	0.0
5224.419720547734	2.0	trials	12.0	0.0	0.0	0.0	0.0	0.0	True	1.0	0.0	1.0	"[59430209.32725228               nan               nan               nan
               nan               nan               nan               nan
               nan               nan               nan               nan
               nan               nan               nan               nan
               nan               nan               nan               nan]"	0.0	0.0	0.0
5229.987009791534	2.0	trials	12.0	0.0	0.0	0.0	0.0	0.0	True	1.0	0.0	1.0	"[59439820.35978302               nan               nan               nan
               nan               nan               nan               nan
               nan               nan               nan               nan
               nan               nan               nan               nan
               nan               nan               nan               nan]"	0.0	0.0	0.0
5236.1550402686835	2.0	trials	12.0	0.0	0.0	0.0	0.0	0.0	True	1.0	0.0	1.0	"[59439826.35980333               nan               nan               nan
               nan               nan               nan               nan
               nan               nan               nan               nan
               nan               nan               nan               nan
               nan               nan               nan               nan]"	0.0	0.0	0.0
5243.751181179609	2.0	trials	12.0	0.0	0.0	0.0	0.0	0.0	True	1.0	0.0	1.0	"[59493038.53991213               nan               nan               nan
               nan               nan               nan               nan
               nan               nan               nan               nan
               nan               nan               nan               nan
               nan               nan               nan               nan]"	0.0	0.0	0.0
5250.2615296154145	2.0	trials	12.0	0.0	0.0	0.0	0.0	0.0	True	0.0	0.0	0.0	"[nan nan nan nan nan nan nan nan nan nan nan nan nan nan nan nan nan nan
 nan nan]"	0.0	0.0	0.0
5258.303841636512	2.0	trials	12.0	0.0	0.0	0.0	0.0	0.0	True	1.0	0.0	1.0	"[59493048.53994597               nan               nan               nan
               nan               nan               nan               nan
               nan               nan               nan               nan
               nan               nan               nan               nan
               nan               nan               nan               nan]"	0.0	0.0	0.0
5266.085570375602	2.0	trials	12.0	0.0	0.0	0.0	0.0	0.0	True	1.0	0.0	1.0	"[59502668.57250718               nan               nan               nan
               nan               nan               nan               nan
               nan               nan               nan               nan
               nan               nan               nan               nan
               nan               nan               nan               nan]"	0.0	0.0	0.0
5274.843622419289	2.0	trials	12.0	0.0	0.0	0.0	0.0	0.0	True	1.0	0.0	1.0	"[59502697.57260533               nan               nan               nan
               nan               nan               nan               nan
               nan               nan               nan               nan
               nan               nan               nan               nan
               nan               nan               nan               nan]"	0.0	0.0	0.0
5281.74614178249	2.0	trials	12.0	0.0	0.0	0.0	0.0	0.0	True	0.0	0.0	0.0	"[nan nan nan nan nan nan nan nan nan nan nan nan nan nan nan nan nan nan
 nan nan]"	0.0	0.0	0.0
5290.110294892933	2.0	trials	12.0	0.0	0.0	0.0	0.0	0.0	True	1.0	0.0	1.0	"[59577153.82461955               nan               nan               nan
               nan               nan               nan               nan
               nan               nan               nan               nan
               nan               nan               nan               nan
               nan               nan               nan               nan]"	0.0	0.0	0.0
5297.367746657485	2.0	trials	12.0	0.0	0.0	0.0	0.0	0.0	True	1.0	0.0	1.0	"[59586750.8571029              nan              nan              nan
              nan              nan              nan              nan
              nan              nan              nan              nan
              nan              nan              nan              nan
              nan              nan              nan              nan]"	0.0	0.0	0.0
5305.371696948739	2.0	trials	12.0	0.0	0.0	0.0	0.0	0.0	True	1.0	0.0	1.0	"[59586767.85716045               nan               nan               nan
               nan               nan               nan               nan
               nan               nan               nan               nan
               nan               nan               nan               nan
               nan               nan               nan               nan]"	0.0	0.0	0.0
5310.927840554812	2.0	trials	12.0	0.0	0.0	0.0	0.0	0.0	True	1.0	0.0	1.0	"[59586769.85716722               nan               nan               nan
               nan               nan               nan               nan
               nan               nan               nan               nan
               nan               nan               nan               nan
               nan               nan               nan               nan]"	0.0	0.0	0.0
5319.052837655777	2.0	trials	12.0	0.0	0.0	0.0	0.0	0.0	True	1.0	0.0	1.0	"[59666779.1279769              nan              nan              nan
              nan              nan              nan              nan
              nan              nan              nan              nan
              nan              nan              nan              nan
              nan              nan              nan              nan]"	0.0	0.0	0.0
5326.593941580417	2.0	trials	12.0	0.0	0.0	0.0	0.0	0.0	True	1.0	0.0	1.0	"[59676396.16052794               nan               nan               nan
               nan               nan               nan               nan
               nan               nan               nan               nan
               nan               nan               nan               nan
               nan               nan               nan               nan]"	0.0	0.0	0.0
