onset	duration	nwb_table	Block	sound	sound_puretone	sound_freq	sound_amp	optogenetics	opto_freq	opto_power	opto_pulse_duration	opto_pulse_ts
133.22521615000588	2.0	trials	1.0	1.0	1.0	10000.0	0.5	False	0.0	0.0	0.0	[NaN, NaN, NaN, NaN, NaN, NaN, NaN, NaN, NaN, NaN, NaN, NaN, NaN, NaN, NaN, NaN, NaN, NaN, NaN, NaN]
142.6981430134938	2.0	trials	1.0	1.0	1.0	10000.0	3.0	False	0.0	0.0	0.0	[NaN, NaN, NaN, NaN, NaN, NaN, NaN, NaN, NaN, NaN, NaN, NaN, NaN, NaN, NaN, NaN, NaN, NaN, NaN, NaN]
150.40496172287232	2.0	trials	1.0	1.0	1.0	10000.0	3.0	False	0.0	0.0	0.0	[NaN, NaN, NaN, NaN, NaN, NaN, NaN, NaN, NaN, NaN, NaN, NaN, NaN, NaN, NaN, NaN, NaN, NaN, NaN, NaN]
156.94330302526603	2.0	trials	1.0	1.0	1.0	10000.0	0.3	False	0.0	0.0	0.0	[NaN, NaN, NaN, NaN, NaN, NaN, NaN, NaN, NaN, NaN, NaN, NaN, NaN, NaN, NaN, NaN, NaN, NaN, NaN, NaN]
161.68944328853783	2.0	trials	1.0	1.0	1.0	10000.0	0.3	False	0.0	0.0	0.0	[NaN, NaN, NaN, NaN, NaN, NaN, NaN, NaN, NaN, NaN, NaN, NaN, NaN, NaN, NaN, NaN, NaN, NaN, NaN, NaN]
168.48136941712949	2.0	trials	1.0	1.0	1.0	10000.0	0.3	False	0.0	0.0	0.0	[NaN, NaN, NaN, NaN, NaN, NaN, NaN, NaN, NaN, NaN, NaN, NaN, NaN, NaN, NaN, NaN, NaN, NaN, NaN, NaN]
175.42959365495176	2.0	trials	1.0	1.0	1.0	10000.0	0.3	False	0.0	0.0	0.0	[NaN, NaN, NaN, NaN, NaN, NaN, NaN, NaN, NaN, NaN, NaN, NaN, NaN, NaN, NaN, NaN, NaN, NaN, NaN, NaN]
184.26782405055226	2.0	trials	1.0	1.0	1.0	10000.0	0.5	False	0.0	0.0	0.0	[NaN, NaN, NaN, NaN, NaN, NaN, NaN, NaN, NaN, NaN, NaN, NaN, NaN, NaN, NaN, NaN, NaN, NaN, NaN, NaN]
192.79587743557332	2.0	trials	1.0	1.0	1.0	10000.0	1.0	False	0.0	0.0	0.0	[NaN, NaN, NaN, NaN, NaN, NaN, NaN, NaN, NaN, NaN, NaN, NaN, NaN, NaN, NaN, NaN, NaN, NaN, NaN, NaN]
198.17006134505723	2.0	trials	1.0	1.0	1.0	10000.0	1.0	False	0.0	0.0	0.0	[NaN, NaN, NaN, NaN, NaN, NaN, NaN, NaN, NaN, NaN, NaN, NaN, NaN, NaN, NaN, NaN, NaN, NaN, NaN, NaN]
206.53663260395774	2.0	trials	1.0	1.0	1.0	10000.0	0.5	False	0.0	0.0	0.0	[NaN, NaN, NaN, NaN, NaN, NaN, NaN, NaN, NaN, NaN, NaN, NaN, NaN, NaN, NaN, NaN, NaN, NaN, NaN, NaN]
213.6562750002729	2.0	trials	1.0	1.0	1.0	10000.0	3.0	False	0.0	0.0	0.0	[NaN, NaN, NaN, NaN, NaN, NaN, NaN, NaN, NaN, NaN, NaN, NaN, NaN, NaN, NaN, NaN, NaN, NaN, NaN, NaN]
220.8742409169333	2.0	trials	1.0	1.0	1.0	10000.0	0.3	False	0.0	0.0	0.0	[NaN, NaN, NaN, NaN, NaN, NaN, NaN, NaN, NaN, NaN, NaN, NaN, NaN, NaN, NaN, NaN, NaN, NaN, NaN, NaN]
230.7562731133163	2.0	trials	1.0	1.0	1.0	10000.0	2.0	False	0.0	0.0	0.0	[NaN, NaN, NaN, NaN, NaN, NaN, NaN, NaN, NaN, NaN, NaN, NaN, NaN, NaN, NaN, NaN, NaN, NaN, NaN, NaN]
239.99877042604788	2.0	trials	1.0	1.0	1.0	10000.0	0.3	False	0.0	0.0	0.0	[NaN, NaN, NaN, NaN, NaN, NaN, NaN, NaN, NaN, NaN, NaN, NaN, NaN, NaN, NaN, NaN, NaN, NaN, NaN, NaN]
246.81886304640804	2.0	trials	1.0	1.0	1.0	10000.0	3.0	False	0.0	0.0	0.0	[NaN, NaN, NaN, NaN, NaN, NaN, NaN, NaN, NaN, NaN, NaN, NaN, NaN, NaN, NaN, NaN, NaN, NaN, NaN, NaN]
251.84614982567572	2.0	trials	1.0	1.0	1.0	10000.0	1.0	False	0.0	0.0	0.0	[NaN, NaN, NaN, NaN, NaN, NaN, NaN, NaN, NaN, NaN, NaN, NaN, NaN, NaN, NaN, NaN, NaN, NaN, NaN, NaN]
257.3796558542427	2.0	trials	1.0	1.0	1.0	10000.0	0.5	False	0.0	0.0	0.0	[NaN, NaN, NaN, NaN, NaN, NaN, NaN, NaN, NaN, NaN, NaN, NaN, NaN, NaN, NaN, NaN, NaN, NaN, NaN, NaN]
265.0343751938777	2.0	trials	1.0	1.0	1.0	10000.0	1.0	False	0.0	0.0	0.0	[NaN, NaN, NaN, NaN, NaN, NaN, NaN, NaN, NaN, NaN, NaN, NaN, NaN, NaN, NaN, NaN, NaN, NaN, NaN, NaN]
274.5263965195768	2.0	trials	1.0	1.0	1.0	10000.0	3.0	False	0.0	0.0	0.0	[NaN, NaN, NaN, NaN, NaN, NaN, NaN, NaN, NaN, NaN, NaN, NaN, NaN, NaN, NaN, NaN, NaN, NaN, NaN, NaN]
280.97064791541874	2.0	trials	1.0	1.0	1.0	10000.0	2.0	False	0.0	0.0	0.0	[NaN, NaN, NaN, NaN, NaN, NaN, NaN, NaN, NaN, NaN, NaN, NaN, NaN, NaN, NaN, NaN, NaN, NaN, NaN, NaN]
288.1228632178588	2.0	trials	1.0	1.0	1.0	10000.0	3.0	False	0.0	0.0	0.0	[NaN, NaN, NaN, NaN, NaN, NaN, NaN, NaN, NaN, NaN, NaN, NaN, NaN, NaN, NaN, NaN, NaN, NaN, NaN, NaN]
295.2747329191729	2.0	trials	1.0	1.0	1.0	10000.0	0.3	False	0.0	0.0	0.0	[NaN, NaN, NaN, NaN, NaN, NaN, NaN, NaN, NaN, NaN, NaN, NaN, NaN, NaN, NaN, NaN, NaN, NaN, NaN, NaN]
303.4707500223955	2.0	trials	1.0	1.0	1.0	10000.0	1.0	False	0.0	0.0	0.0	[NaN, NaN, NaN, NaN, NaN, NaN, NaN, NaN, NaN, NaN, NaN, NaN, NaN, NaN, NaN, NaN, NaN, NaN, NaN, NaN]
310.00122889917293	2.0	trials	1.0	1.0	1.0	10000.0	0.3	False	0.0	0.0	0.0	[NaN, NaN, NaN, NaN, NaN, NaN, NaN, NaN, NaN, NaN, NaN, NaN, NaN, NaN, NaN, NaN, NaN, NaN, NaN, NaN]
315.10774473657466	2.0	trials	1.0	1.0	1.0	10000.0	2.0	False	0.0	0.0	0.0	[NaN, NaN, NaN, NaN, NaN, NaN, NaN, NaN, NaN, NaN, NaN, NaN, NaN, NaN, NaN, NaN, NaN, NaN, NaN, NaN]
322.3168978245222	2.0	trials	1.0	1.0	1.0	10000.0	3.0	False	0.0	0.0	0.0	[NaN, NaN, NaN, NaN, NaN, NaN, NaN, NaN, NaN, NaN, NaN, NaN, NaN, NaN, NaN, NaN, NaN, NaN, NaN, NaN]
327.0390188095374	2.0	trials	1.0	1.0	1.0	10000.0	0.3	False	0.0	0.0	0.0	[NaN, NaN, NaN, NaN, NaN, NaN, NaN, NaN, NaN, NaN, NaN, NaN, NaN, NaN, NaN, NaN, NaN, NaN, NaN, NaN]
331.5866976262073	2.0	trials	1.0	1.0	1.0	10000.0	3.0	False	0.0	0.0	0.0	[NaN, NaN, NaN, NaN, NaN, NaN, NaN, NaN, NaN, NaN, NaN, NaN, NaN, NaN, NaN, NaN, NaN, NaN, NaN, NaN]
337.1430997293714	2.0	trials	1.0	1.0	1.0	10000.0	0.3	False	0.0	0.0	0.0	[NaN, NaN, NaN, NaN, NaN, NaN, NaN, NaN, NaN, NaN, NaN, NaN, NaN, NaN, NaN, NaN, NaN, NaN, NaN, NaN]
347.0839705174548	2.0	trials	1.0	1.0	1.0	10000.0	1.0	False	0.0	0.0	0.0	[NaN, NaN, NaN, NaN, NaN, NaN, NaN, NaN, NaN, NaN, NaN, NaN, NaN, NaN, NaN, NaN, NaN, NaN, NaN, NaN]
357.0603518212341	2.0	trials	1.0	1.0	1.0	10000.0	0.3	False	0.0	0.0	0.0	[NaN, NaN, NaN, NaN, NaN, NaN, NaN, NaN, NaN, NaN, NaN, NaN, NaN, NaN, NaN, NaN, NaN, NaN, NaN, NaN]
365.26518175316954	2.0	trials	1.0	1.0	1.0	10000.0	3.0	False	0.0	0.0	0.0	[NaN, NaN, NaN, NaN, NaN, NaN, NaN, NaN, NaN, NaN, NaN, NaN, NaN, NaN, NaN, NaN, NaN, NaN, NaN, NaN]
370.80940141664234	2.0	trials	1.0	1.0	1.0	10000.0	0.3	False	0.0	0.0	0.0	[NaN, NaN, NaN, NaN, NaN, NaN, NaN, NaN, NaN, NaN, NaN, NaN, NaN, NaN, NaN, NaN, NaN, NaN, NaN, NaN]
379.75787857143484	2.0	trials	1.0	1.0	1.0	10000.0	0.5	False	0.0	0.0	0.0	[NaN, NaN, NaN, NaN, NaN, NaN, NaN, NaN, NaN, NaN, NaN, NaN, NaN, NaN, NaN, NaN, NaN, NaN, NaN, NaN]
385.6470081586493	2.0	trials	1.0	1.0	1.0	10000.0	3.0	False	0.0	0.0	0.0	[NaN, NaN, NaN, NaN, NaN, NaN, NaN, NaN, NaN, NaN, NaN, NaN, NaN, NaN, NaN, NaN, NaN, NaN, NaN, NaN]
393.00718893865616	2.0	trials	1.0	1.0	1.0	10000.0	2.0	False	0.0	0.0	0.0	[NaN, NaN, NaN, NaN, NaN, NaN, NaN, NaN, NaN, NaN, NaN, NaN, NaN, NaN, NaN, NaN, NaN, NaN, NaN, NaN]
401.4576548708917	2.0	trials	1.0	1.0	1.0	10000.0	1.0	False	0.0	0.0	0.0	[NaN, NaN, NaN, NaN, NaN, NaN, NaN, NaN, NaN, NaN, NaN, NaN, NaN, NaN, NaN, NaN, NaN, NaN, NaN, NaN]
409.9896826688617	2.0	trials	1.0	1.0	1.0	10000.0	2.0	False	0.0	0.0	0.0	[NaN, NaN, NaN, NaN, NaN, NaN, NaN, NaN, NaN, NaN, NaN, NaN, NaN, NaN, NaN, NaN, NaN, NaN, NaN, NaN]
419.7247479864158	2.0	trials	1.0	1.0	1.0	10000.0	0.5	False	0.0	0.0	0.0	[NaN, NaN, NaN, NaN, NaN, NaN, NaN, NaN, NaN, NaN, NaN, NaN, NaN, NaN, NaN, NaN, NaN, NaN, NaN, NaN]
428.9200707454493	2.0	trials	1.0	1.0	1.0	10000.0	0.3	False	0.0	0.0	0.0	[NaN, NaN, NaN, NaN, NaN, NaN, NaN, NaN, NaN, NaN, NaN, NaN, NaN, NaN, NaN, NaN, NaN, NaN, NaN, NaN]
436.92989524204285	2.0	trials	1.0	1.0	1.0	10000.0	1.0	False	0.0	0.0	0.0	[NaN, NaN, NaN, NaN, NaN, NaN, NaN, NaN, NaN, NaN, NaN, NaN, NaN, NaN, NaN, NaN, NaN, NaN, NaN, NaN]
444.9458541586227	2.0	trials	1.0	1.0	1.0	10000.0	1.0	False	0.0	0.0	0.0	[NaN, NaN, NaN, NaN, NaN, NaN, NaN, NaN, NaN, NaN, NaN, NaN, NaN, NaN, NaN, NaN, NaN, NaN, NaN, NaN]
450.47167056213635	2.0	trials	1.0	1.0	1.0	10000.0	2.0	False	0.0	0.0	0.0	[NaN, NaN, NaN, NaN, NaN, NaN, NaN, NaN, NaN, NaN, NaN, NaN, NaN, NaN, NaN, NaN, NaN, NaN, NaN, NaN]
459.329859422763	2.0	trials	1.0	1.0	1.0	10000.0	3.0	False	0.0	0.0	0.0	[NaN, NaN, NaN, NaN, NaN, NaN, NaN, NaN, NaN, NaN, NaN, NaN, NaN, NaN, NaN, NaN, NaN, NaN, NaN, NaN]
466.05663973910475	2.0	trials	1.0	1.0	1.0	10000.0	1.0	False	0.0	0.0	0.0	[NaN, NaN, NaN, NaN, NaN, NaN, NaN, NaN, NaN, NaN, NaN, NaN, NaN, NaN, NaN, NaN, NaN, NaN, NaN, NaN]
473.38588921833514	2.0	trials	1.0	1.0	1.0	10000.0	1.0	False	0.0	0.0	0.0	[NaN, NaN, NaN, NaN, NaN, NaN, NaN, NaN, NaN, NaN, NaN, NaN, NaN, NaN, NaN, NaN, NaN, NaN, NaN, NaN]
481.7500412693537	2.0	trials	1.0	1.0	1.0	10000.0	0.3	False	0.0	0.0	0.0	[NaN, NaN, NaN, NaN, NaN, NaN, NaN, NaN, NaN, NaN, NaN, NaN, NaN, NaN, NaN, NaN, NaN, NaN, NaN, NaN]
491.42091117775465	2.0	trials	1.0	1.0	1.0	10000.0	0.5	False	0.0	0.0	0.0	[NaN, NaN, NaN, NaN, NaN, NaN, NaN, NaN, NaN, NaN, NaN, NaN, NaN, NaN, NaN, NaN, NaN, NaN, NaN, NaN]
500.71006464249535	2.0	trials	1.0	1.0	1.0	10000.0	1.0	False	0.0	0.0	0.0	[NaN, NaN, NaN, NaN, NaN, NaN, NaN, NaN, NaN, NaN, NaN, NaN, NaN, NaN, NaN, NaN, NaN, NaN, NaN, NaN]
507.17237369717037	2.0	trials	1.0	1.0	1.0	10000.0	1.0	False	0.0	0.0	0.0	[NaN, NaN, NaN, NaN, NaN, NaN, NaN, NaN, NaN, NaN, NaN, NaN, NaN, NaN, NaN, NaN, NaN, NaN, NaN, NaN]
516.8502420283727	2.0	trials	1.0	1.0	1.0	10000.0	1.0	False	0.0	0.0	0.0	[NaN, NaN, NaN, NaN, NaN, NaN, NaN, NaN, NaN, NaN, NaN, NaN, NaN, NaN, NaN, NaN, NaN, NaN, NaN, NaN]
522.586270316772	2.0	trials	1.0	1.0	1.0	10000.0	3.0	False	0.0	0.0	0.0	[NaN, NaN, NaN, NaN, NaN, NaN, NaN, NaN, NaN, NaN, NaN, NaN, NaN, NaN, NaN, NaN, NaN, NaN, NaN, NaN]
529.9664959620865	2.0	trials	1.0	1.0	1.0	10000.0	3.0	False	0.0	0.0	0.0	[NaN, NaN, NaN, NaN, NaN, NaN, NaN, NaN, NaN, NaN, NaN, NaN, NaN, NaN, NaN, NaN, NaN, NaN, NaN, NaN]
535.2283595056224	2.0	trials	1.0	1.0	1.0	10000.0	1.0	False	0.0	0.0	0.0	[NaN, NaN, NaN, NaN, NaN, NaN, NaN, NaN, NaN, NaN, NaN, NaN, NaN, NaN, NaN, NaN, NaN, NaN, NaN, NaN]
542.5905274921037	2.0	trials	1.0	1.0	1.0	10000.0	0.5	False	0.0	0.0	0.0	[NaN, NaN, NaN, NaN, NaN, NaN, NaN, NaN, NaN, NaN, NaN, NaN, NaN, NaN, NaN, NaN, NaN, NaN, NaN, NaN]
549.7306467551339	2.0	trials	1.0	1.0	1.0	10000.0	3.0	False	0.0	0.0	0.0	[NaN, NaN, NaN, NaN, NaN, NaN, NaN, NaN, NaN, NaN, NaN, NaN, NaN, NaN, NaN, NaN, NaN, NaN, NaN, NaN]
556.5198080747176	2.0	trials	1.0	1.0	1.0	10000.0	1.0	False	0.0	0.0	0.0	[NaN, NaN, NaN, NaN, NaN, NaN, NaN, NaN, NaN, NaN, NaN, NaN, NaN, NaN, NaN, NaN, NaN, NaN, NaN, NaN]
564.7070987495089	2.0	trials	1.0	1.0	1.0	10000.0	0.5	False	0.0	0.0	0.0	[NaN, NaN, NaN, NaN, NaN, NaN, NaN, NaN, NaN, NaN, NaN, NaN, NaN, NaN, NaN, NaN, NaN, NaN, NaN, NaN]
570.1905790150884	2.0	trials	1.0	1.0	1.0	10000.0	1.0	False	0.0	0.0	0.0	[NaN, NaN, NaN, NaN, NaN, NaN, NaN, NaN, NaN, NaN, NaN, NaN, NaN, NaN, NaN, NaN, NaN, NaN, NaN, NaN]
578.0927487609348	2.0	trials	1.0	1.0	1.0	10000.0	2.0	False	0.0	0.0	0.0	[NaN, NaN, NaN, NaN, NaN, NaN, NaN, NaN, NaN, NaN, NaN, NaN, NaN, NaN, NaN, NaN, NaN, NaN, NaN, NaN]
586.229063269642	2.0	trials	1.0	1.0	1.0	10000.0	2.0	False	0.0	0.0	0.0	[NaN, NaN, NaN, NaN, NaN, NaN, NaN, NaN, NaN, NaN, NaN, NaN, NaN, NaN, NaN, NaN, NaN, NaN, NaN, NaN]
595.2795791568841	2.0	trials	1.0	1.0	1.0	10000.0	3.0	False	0.0	0.0	0.0	[NaN, NaN, NaN, NaN, NaN, NaN, NaN, NaN, NaN, NaN, NaN, NaN, NaN, NaN, NaN, NaN, NaN, NaN, NaN, NaN]
604.9612491004723	2.0	trials	1.0	1.0	1.0	10000.0	1.0	False	0.0	0.0	0.0	[NaN, NaN, NaN, NaN, NaN, NaN, NaN, NaN, NaN, NaN, NaN, NaN, NaN, NaN, NaN, NaN, NaN, NaN, NaN, NaN]
613.613027688599	2.0	trials	1.0	1.0	1.0	10000.0	1.0	False	0.0	0.0	0.0	[NaN, NaN, NaN, NaN, NaN, NaN, NaN, NaN, NaN, NaN, NaN, NaN, NaN, NaN, NaN, NaN, NaN, NaN, NaN, NaN]
622.1694203659516	2.0	trials	1.0	1.0	1.0	10000.0	0.3	False	0.0	0.0	0.0	[NaN, NaN, NaN, NaN, NaN, NaN, NaN, NaN, NaN, NaN, NaN, NaN, NaN, NaN, NaN, NaN, NaN, NaN, NaN, NaN]
628.1033916992639	2.0	trials	1.0	1.0	1.0	10000.0	0.5	False	0.0	0.0	0.0	[NaN, NaN, NaN, NaN, NaN, NaN, NaN, NaN, NaN, NaN, NaN, NaN, NaN, NaN, NaN, NaN, NaN, NaN, NaN, NaN]
633.1516737469357	2.0	trials	1.0	1.0	1.0	10000.0	0.5	False	0.0	0.0	0.0	[NaN, NaN, NaN, NaN, NaN, NaN, NaN, NaN, NaN, NaN, NaN, NaN, NaN, NaN, NaN, NaN, NaN, NaN, NaN, NaN]
638.0998178683508	2.0	trials	1.0	1.0	1.0	10000.0	1.0	False	0.0	0.0	0.0	[NaN, NaN, NaN, NaN, NaN, NaN, NaN, NaN, NaN, NaN, NaN, NaN, NaN, NaN, NaN, NaN, NaN, NaN, NaN, NaN]
647.0698086932363	2.0	trials	1.0	1.0	1.0	10000.0	3.0	False	0.0	0.0	0.0	[NaN, NaN, NaN, NaN, NaN, NaN, NaN, NaN, NaN, NaN, NaN, NaN, NaN, NaN, NaN, NaN, NaN, NaN, NaN, NaN]
654.8755557249306	2.0	trials	1.0	1.0	1.0	10000.0	0.5	False	0.0	0.0	0.0	[NaN, NaN, NaN, NaN, NaN, NaN, NaN, NaN, NaN, NaN, NaN, NaN, NaN, NaN, NaN, NaN, NaN, NaN, NaN, NaN]
662.8733705823959	2.0	trials	1.0	1.0	1.0	10000.0	3.0	False	0.0	0.0	0.0	[NaN, NaN, NaN, NaN, NaN, NaN, NaN, NaN, NaN, NaN, NaN, NaN, NaN, NaN, NaN, NaN, NaN, NaN, NaN, NaN]
667.8959053461812	2.0	trials	1.0	1.0	1.0	10000.0	1.0	False	0.0	0.0	0.0	[NaN, NaN, NaN, NaN, NaN, NaN, NaN, NaN, NaN, NaN, NaN, NaN, NaN, NaN, NaN, NaN, NaN, NaN, NaN, NaN]
675.3203679356227	2.0	trials	1.0	1.0	1.0	10000.0	0.3	False	0.0	0.0	0.0	[NaN, NaN, NaN, NaN, NaN, NaN, NaN, NaN, NaN, NaN, NaN, NaN, NaN, NaN, NaN, NaN, NaN, NaN, NaN, NaN]
681.2939969981428	2.0	trials	1.0	1.0	1.0	10000.0	3.0	False	0.0	0.0	0.0	[NaN, NaN, NaN, NaN, NaN, NaN, NaN, NaN, NaN, NaN, NaN, NaN, NaN, NaN, NaN, NaN, NaN, NaN, NaN, NaN]
685.8657814933507	2.0	trials	1.0	1.0	1.0	10000.0	3.0	False	0.0	0.0	0.0	[NaN, NaN, NaN, NaN, NaN, NaN, NaN, NaN, NaN, NaN, NaN, NaN, NaN, NaN, NaN, NaN, NaN, NaN, NaN, NaN]
694.4004877000472	2.0	trials	1.0	1.0	1.0	10000.0	2.0	False	0.0	0.0	0.0	[NaN, NaN, NaN, NaN, NaN, NaN, NaN, NaN, NaN, NaN, NaN, NaN, NaN, NaN, NaN, NaN, NaN, NaN, NaN, NaN]
699.5015603197145	2.0	trials	1.0	1.0	1.0	10000.0	2.0	False	0.0	0.0	0.0	[NaN, NaN, NaN, NaN, NaN, NaN, NaN, NaN, NaN, NaN, NaN, NaN, NaN, NaN, NaN, NaN, NaN, NaN, NaN, NaN]
704.2680910494199	2.0	trials	1.0	1.0	1.0	10000.0	3.0	False	0.0	0.0	0.0	[NaN, NaN, NaN, NaN, NaN, NaN, NaN, NaN, NaN, NaN, NaN, NaN, NaN, NaN, NaN, NaN, NaN, NaN, NaN, NaN]
711.3306228596647	2.0	trials	1.0	1.0	1.0	10000.0	3.0	False	0.0	0.0	0.0	[NaN, NaN, NaN, NaN, NaN, NaN, NaN, NaN, NaN, NaN, NaN, NaN, NaN, NaN, NaN, NaN, NaN, NaN, NaN, NaN]
715.6381952940504	2.0	trials	1.0	1.0	1.0	10000.0	0.3	False	0.0	0.0	0.0	[NaN, NaN, NaN, NaN, NaN, NaN, NaN, NaN, NaN, NaN, NaN, NaN, NaN, NaN, NaN, NaN, NaN, NaN, NaN, NaN]
720.9899151303447	2.0	trials	1.0	1.0	1.0	10000.0	2.0	False	0.0	0.0	0.0	[NaN, NaN, NaN, NaN, NaN, NaN, NaN, NaN, NaN, NaN, NaN, NaN, NaN, NaN, NaN, NaN, NaN, NaN, NaN, NaN]
728.629773621562	2.0	trials	1.0	1.0	1.0	10000.0	3.0	False	0.0	0.0	0.0	[NaN, NaN, NaN, NaN, NaN, NaN, NaN, NaN, NaN, NaN, NaN, NaN, NaN, NaN, NaN, NaN, NaN, NaN, NaN, NaN]
735.3123169937766	2.0	trials	1.0	1.0	1.0	10000.0	0.5	False	0.0	0.0	0.0	[NaN, NaN, NaN, NaN, NaN, NaN, NaN, NaN, NaN, NaN, NaN, NaN, NaN, NaN, NaN, NaN, NaN, NaN, NaN, NaN]
742.8064182101059	2.0	trials	1.0	1.0	1.0	10000.0	0.5	False	0.0	0.0	0.0	[NaN, NaN, NaN, NaN, NaN, NaN, NaN, NaN, NaN, NaN, NaN, NaN, NaN, NaN, NaN, NaN, NaN, NaN, NaN, NaN]
748.0215392013512	2.0	trials	1.0	1.0	1.0	10000.0	0.3	False	0.0	0.0	0.0	[NaN, NaN, NaN, NaN, NaN, NaN, NaN, NaN, NaN, NaN, NaN, NaN, NaN, NaN, NaN, NaN, NaN, NaN, NaN, NaN]
756.7865885585226	2.0	trials	1.0	1.0	1.0	10000.0	3.0	False	0.0	0.0	0.0	[NaN, NaN, NaN, NaN, NaN, NaN, NaN, NaN, NaN, NaN, NaN, NaN, NaN, NaN, NaN, NaN, NaN, NaN, NaN, NaN]
761.7428543063986	2.0	trials	1.0	1.0	1.0	10000.0	2.0	False	0.0	0.0	0.0	[NaN, NaN, NaN, NaN, NaN, NaN, NaN, NaN, NaN, NaN, NaN, NaN, NaN, NaN, NaN, NaN, NaN, NaN, NaN, NaN]
766.890583078075	2.0	trials	1.0	1.0	1.0	10000.0	1.0	False	0.0	0.0	0.0	[NaN, NaN, NaN, NaN, NaN, NaN, NaN, NaN, NaN, NaN, NaN, NaN, NaN, NaN, NaN, NaN, NaN, NaN, NaN, NaN]
775.5130719707738	2.0	trials	1.0	1.0	1.0	10000.0	1.0	False	0.0	0.0	0.0	[NaN, NaN, NaN, NaN, NaN, NaN, NaN, NaN, NaN, NaN, NaN, NaN, NaN, NaN, NaN, NaN, NaN, NaN, NaN, NaN]
784.3447359449805	2.0	trials	1.0	1.0	1.0	10000.0	2.0	False	0.0	0.0	0.0	[NaN, NaN, NaN, NaN, NaN, NaN, NaN, NaN, NaN, NaN, NaN, NaN, NaN, NaN, NaN, NaN, NaN, NaN, NaN, NaN]
792.1210204806836	2.0	trials	1.0	1.0	1.0	10000.0	1.0	False	0.0	0.0	0.0	[NaN, NaN, NaN, NaN, NaN, NaN, NaN, NaN, NaN, NaN, NaN, NaN, NaN, NaN, NaN, NaN, NaN, NaN, NaN, NaN]
798.6807026526076	2.0	trials	1.0	1.0	1.0	10000.0	2.0	False	0.0	0.0	0.0	[NaN, NaN, NaN, NaN, NaN, NaN, NaN, NaN, NaN, NaN, NaN, NaN, NaN, NaN, NaN, NaN, NaN, NaN, NaN, NaN]
803.9470590107812	2.0	trials	1.0	1.0	1.0	10000.0	0.5	False	0.0	0.0	0.0	[NaN, NaN, NaN, NaN, NaN, NaN, NaN, NaN, NaN, NaN, NaN, NaN, NaN, NaN, NaN, NaN, NaN, NaN, NaN, NaN]
810.2889260730477	2.0	trials	1.0	1.0	1.0	10000.0	1.0	False	0.0	0.0	0.0	[NaN, NaN, NaN, NaN, NaN, NaN, NaN, NaN, NaN, NaN, NaN, NaN, NaN, NaN, NaN, NaN, NaN, NaN, NaN, NaN]
818.9231654040303	2.0	trials	1.0	1.0	1.0	10000.0	3.0	False	0.0	0.0	0.0	[NaN, NaN, NaN, NaN, NaN, NaN, NaN, NaN, NaN, NaN, NaN, NaN, NaN, NaN, NaN, NaN, NaN, NaN, NaN, NaN]
824.7363491438077	2.0	trials	1.0	1.0	1.0	10000.0	2.0	False	0.0	0.0	0.0	[NaN, NaN, NaN, NaN, NaN, NaN, NaN, NaN, NaN, NaN, NaN, NaN, NaN, NaN, NaN, NaN, NaN, NaN, NaN, NaN]
832.9270094295773	2.0	trials	1.0	1.0	1.0	10000.0	0.5	False	0.0	0.0	0.0	[NaN, NaN, NaN, NaN, NaN, NaN, NaN, NaN, NaN, NaN, NaN, NaN, NaN, NaN, NaN, NaN, NaN, NaN, NaN, NaN]
837.4996579276002	2.0	trials	1.0	1.0	1.0	10000.0	0.5	False	0.0	0.0	0.0	[NaN, NaN, NaN, NaN, NaN, NaN, NaN, NaN, NaN, NaN, NaN, NaN, NaN, NaN, NaN, NaN, NaN, NaN, NaN, NaN]
841.8231280137819	2.0	trials	1.0	1.0	1.0	10000.0	2.0	False	0.0	0.0	0.0	[NaN, NaN, NaN, NaN, NaN, NaN, NaN, NaN, NaN, NaN, NaN, NaN, NaN, NaN, NaN, NaN, NaN, NaN, NaN, NaN]
846.4680071471375	2.0	trials	1.0	1.0	1.0	10000.0	3.0	False	0.0	0.0	0.0	[NaN, NaN, NaN, NaN, NaN, NaN, NaN, NaN, NaN, NaN, NaN, NaN, NaN, NaN, NaN, NaN, NaN, NaN, NaN, NaN]
855.3490056820797	2.0	trials	1.0	1.0	1.0	10000.0	3.0	False	0.0	0.0	0.0	[NaN, NaN, NaN, NaN, NaN, NaN, NaN, NaN, NaN, NaN, NaN, NaN, NaN, NaN, NaN, NaN, NaN, NaN, NaN, NaN]
863.197952854523	2.0	trials	1.0	1.0	1.0	10000.0	2.0	False	0.0	0.0	0.0	[NaN, NaN, NaN, NaN, NaN, NaN, NaN, NaN, NaN, NaN, NaN, NaN, NaN, NaN, NaN, NaN, NaN, NaN, NaN, NaN]
867.7332764309388	2.0	trials	1.0	1.0	1.0	10000.0	1.0	False	0.0	0.0	0.0	[NaN, NaN, NaN, NaN, NaN, NaN, NaN, NaN, NaN, NaN, NaN, NaN, NaN, NaN, NaN, NaN, NaN, NaN, NaN, NaN]
877.6998081026273	2.0	trials	1.0	1.0	1.0	10000.0	1.0	False	0.0	0.0	0.0	[NaN, NaN, NaN, NaN, NaN, NaN, NaN, NaN, NaN, NaN, NaN, NaN, NaN, NaN, NaN, NaN, NaN, NaN, NaN, NaN]
885.5596417105394	2.0	trials	1.0	1.0	1.0	10000.0	0.5	False	0.0	0.0	0.0	[NaN, NaN, NaN, NaN, NaN, NaN, NaN, NaN, NaN, NaN, NaN, NaN, NaN, NaN, NaN, NaN, NaN, NaN, NaN, NaN]
891.1182902210224	2.0	trials	1.0	1.0	1.0	10000.0	3.0	False	0.0	0.0	0.0	[NaN, NaN, NaN, NaN, NaN, NaN, NaN, NaN, NaN, NaN, NaN, NaN, NaN, NaN, NaN, NaN, NaN, NaN, NaN, NaN]
895.7173772051839	2.0	trials	1.0	1.0	1.0	10000.0	0.3	False	0.0	0.0	0.0	[NaN, NaN, NaN, NaN, NaN, NaN, NaN, NaN, NaN, NaN, NaN, NaN, NaN, NaN, NaN, NaN, NaN, NaN, NaN, NaN]
902.6955823406862	2.0	trials	1.0	1.0	1.0	10000.0	0.3	False	0.0	0.0	0.0	[NaN, NaN, NaN, NaN, NaN, NaN, NaN, NaN, NaN, NaN, NaN, NaN, NaN, NaN, NaN, NaN, NaN, NaN, NaN, NaN]
907.6459728694202	2.0	trials	1.0	1.0	1.0	10000.0	0.3	False	0.0	0.0	0.0	[NaN, NaN, NaN, NaN, NaN, NaN, NaN, NaN, NaN, NaN, NaN, NaN, NaN, NaN, NaN, NaN, NaN, NaN, NaN, NaN]
913.4958767288347	2.0	trials	1.0	1.0	1.0	10000.0	0.5	False	0.0	0.0	0.0	[NaN, NaN, NaN, NaN, NaN, NaN, NaN, NaN, NaN, NaN, NaN, NaN, NaN, NaN, NaN, NaN, NaN, NaN, NaN, NaN]
922.9516963365857	2.0	trials	1.0	1.0	1.0	10000.0	0.3	False	0.0	0.0	0.0	[NaN, NaN, NaN, NaN, NaN, NaN, NaN, NaN, NaN, NaN, NaN, NaN, NaN, NaN, NaN, NaN, NaN, NaN, NaN, NaN]
929.4197942101213	2.0	trials	1.0	1.0	1.0	10000.0	0.5	False	0.0	0.0	0.0	[NaN, NaN, NaN, NaN, NaN, NaN, NaN, NaN, NaN, NaN, NaN, NaN, NaN, NaN, NaN, NaN, NaN, NaN, NaN, NaN]
937.0220685788868	2.0	trials	1.0	1.0	1.0	10000.0	0.5	False	0.0	0.0	0.0	[NaN, NaN, NaN, NaN, NaN, NaN, NaN, NaN, NaN, NaN, NaN, NaN, NaN, NaN, NaN, NaN, NaN, NaN, NaN, NaN]
943.3615164332712	2.0	trials	1.0	1.0	1.0	10000.0	2.0	False	0.0	0.0	0.0	[NaN, NaN, NaN, NaN, NaN, NaN, NaN, NaN, NaN, NaN, NaN, NaN, NaN, NaN, NaN, NaN, NaN, NaN, NaN, NaN]
947.9063440406517	2.0	trials	1.0	1.0	1.0	10000.0	0.5	False	0.0	0.0	0.0	[NaN, NaN, NaN, NaN, NaN, NaN, NaN, NaN, NaN, NaN, NaN, NaN, NaN, NaN, NaN, NaN, NaN, NaN, NaN, NaN]
953.0421495734811	2.0	trials	1.0	1.0	1.0	10000.0	3.0	False	0.0	0.0	0.0	[NaN, NaN, NaN, NaN, NaN, NaN, NaN, NaN, NaN, NaN, NaN, NaN, NaN, NaN, NaN, NaN, NaN, NaN, NaN, NaN]
958.1422717900521	2.0	trials	1.0	1.0	1.0	10000.0	1.0	False	0.0	0.0	0.0	[NaN, NaN, NaN, NaN, NaN, NaN, NaN, NaN, NaN, NaN, NaN, NaN, NaN, NaN, NaN, NaN, NaN, NaN, NaN, NaN]
964.1903778952236	2.0	trials	1.0	1.0	1.0	10000.0	0.5	False	0.0	0.0	0.0	[NaN, NaN, NaN, NaN, NaN, NaN, NaN, NaN, NaN, NaN, NaN, NaN, NaN, NaN, NaN, NaN, NaN, NaN, NaN, NaN]
969.273911257747	2.0	trials	1.0	1.0	1.0	10000.0	0.3	False	0.0	0.0	0.0	[NaN, NaN, NaN, NaN, NaN, NaN, NaN, NaN, NaN, NaN, NaN, NaN, NaN, NaN, NaN, NaN, NaN, NaN, NaN, NaN]
977.5825943280433	2.0	trials	1.0	1.0	1.0	10000.0	0.3	False	0.0	0.0	0.0	[NaN, NaN, NaN, NaN, NaN, NaN, NaN, NaN, NaN, NaN, NaN, NaN, NaN, NaN, NaN, NaN, NaN, NaN, NaN, NaN]
984.5146617132256	2.0	trials	1.0	1.0	1.0	10000.0	3.0	False	0.0	0.0	0.0	[NaN, NaN, NaN, NaN, NaN, NaN, NaN, NaN, NaN, NaN, NaN, NaN, NaN, NaN, NaN, NaN, NaN, NaN, NaN, NaN]
992.9795564924713	2.0	trials	1.0	1.0	1.0	10000.0	0.3	False	0.0	0.0	0.0	[NaN, NaN, NaN, NaN, NaN, NaN, NaN, NaN, NaN, NaN, NaN, NaN, NaN, NaN, NaN, NaN, NaN, NaN, NaN, NaN]
1000.9226799717482	2.0	trials	1.0	1.0	1.0	10000.0	1.0	False	0.0	0.0	0.0	[NaN, NaN, NaN, NaN, NaN, NaN, NaN, NaN, NaN, NaN, NaN, NaN, NaN, NaN, NaN, NaN, NaN, NaN, NaN, NaN]
1005.905297805481	2.0	trials	1.0	1.0	1.0	10000.0	0.5	False	0.0	0.0	0.0	[NaN, NaN, NaN, NaN, NaN, NaN, NaN, NaN, NaN, NaN, NaN, NaN, NaN, NaN, NaN, NaN, NaN, NaN, NaN, NaN]
1012.7486321015642	2.0	trials	1.0	1.0	1.0	10000.0	0.5	False	0.0	0.0	0.0	[NaN, NaN, NaN, NaN, NaN, NaN, NaN, NaN, NaN, NaN, NaN, NaN, NaN, NaN, NaN, NaN, NaN, NaN, NaN, NaN]
1020.1037152649626	2.0	trials	1.0	1.0	1.0	10000.0	0.3	False	0.0	0.0	0.0	[NaN, NaN, NaN, NaN, NaN, NaN, NaN, NaN, NaN, NaN, NaN, NaN, NaN, NaN, NaN, NaN, NaN, NaN, NaN, NaN]
1028.1686631411521	2.0	trials	1.0	1.0	1.0	10000.0	0.3	False	0.0	0.0	0.0	[NaN, NaN, NaN, NaN, NaN, NaN, NaN, NaN, NaN, NaN, NaN, NaN, NaN, NaN, NaN, NaN, NaN, NaN, NaN, NaN]
1035.5367927470568	2.0	trials	1.0	1.0	1.0	10000.0	3.0	False	0.0	0.0	0.0	[NaN, NaN, NaN, NaN, NaN, NaN, NaN, NaN, NaN, NaN, NaN, NaN, NaN, NaN, NaN, NaN, NaN, NaN, NaN, NaN]
1043.8707910998323	2.0	trials	1.0	1.0	1.0	10000.0	0.3	False	0.0	0.0	0.0	[NaN, NaN, NaN, NaN, NaN, NaN, NaN, NaN, NaN, NaN, NaN, NaN, NaN, NaN, NaN, NaN, NaN, NaN, NaN, NaN]
1052.948782276591	2.0	trials	1.0	1.0	1.0	10000.0	0.5	False	0.0	0.0	0.0	[NaN, NaN, NaN, NaN, NaN, NaN, NaN, NaN, NaN, NaN, NaN, NaN, NaN, NaN, NaN, NaN, NaN, NaN, NaN, NaN]
1058.1688280838816	2.0	trials	1.0	1.0	1.0	10000.0	0.3	False	0.0	0.0	0.0	[NaN, NaN, NaN, NaN, NaN, NaN, NaN, NaN, NaN, NaN, NaN, NaN, NaN, NaN, NaN, NaN, NaN, NaN, NaN, NaN]
1062.9814101636257	2.0	trials	1.0	1.0	1.0	10000.0	0.5	False	0.0	0.0	0.0	[NaN, NaN, NaN, NaN, NaN, NaN, NaN, NaN, NaN, NaN, NaN, NaN, NaN, NaN, NaN, NaN, NaN, NaN, NaN, NaN]
1070.175443202311	2.0	trials	1.0	1.0	1.0	10000.0	0.5	False	0.0	0.0	0.0	[NaN, NaN, NaN, NaN, NaN, NaN, NaN, NaN, NaN, NaN, NaN, NaN, NaN, NaN, NaN, NaN, NaN, NaN, NaN, NaN]
1077.7619063195623	2.0	trials	1.0	1.0	1.0	10000.0	2.0	False	0.0	0.0	0.0	[NaN, NaN, NaN, NaN, NaN, NaN, NaN, NaN, NaN, NaN, NaN, NaN, NaN, NaN, NaN, NaN, NaN, NaN, NaN, NaN]
1082.9672640789981	2.0	trials	1.0	1.0	1.0	10000.0	3.0	False	0.0	0.0	0.0	[NaN, NaN, NaN, NaN, NaN, NaN, NaN, NaN, NaN, NaN, NaN, NaN, NaN, NaN, NaN, NaN, NaN, NaN, NaN, NaN]
1087.533086954783	2.0	trials	1.0	1.0	1.0	10000.0	0.5	False	0.0	0.0	0.0	[NaN, NaN, NaN, NaN, NaN, NaN, NaN, NaN, NaN, NaN, NaN, NaN, NaN, NaN, NaN, NaN, NaN, NaN, NaN, NaN]
1092.4290453061728	2.0	trials	1.0	1.0	1.0	10000.0	0.3	False	0.0	0.0	0.0	[NaN, NaN, NaN, NaN, NaN, NaN, NaN, NaN, NaN, NaN, NaN, NaN, NaN, NaN, NaN, NaN, NaN, NaN, NaN, NaN]
1100.091454270861	2.0	trials	1.0	1.0	1.0	10000.0	0.3	False	0.0	0.0	0.0	[NaN, NaN, NaN, NaN, NaN, NaN, NaN, NaN, NaN, NaN, NaN, NaN, NaN, NaN, NaN, NaN, NaN, NaN, NaN, NaN]
1106.355388279216	2.0	trials	1.0	1.0	1.0	10000.0	3.0	False	0.0	0.0	0.0	[NaN, NaN, NaN, NaN, NaN, NaN, NaN, NaN, NaN, NaN, NaN, NaN, NaN, NaN, NaN, NaN, NaN, NaN, NaN, NaN]
1115.1756474162646	2.0	trials	1.0	1.0	1.0	10000.0	2.0	False	0.0	0.0	0.0	[NaN, NaN, NaN, NaN, NaN, NaN, NaN, NaN, NaN, NaN, NaN, NaN, NaN, NaN, NaN, NaN, NaN, NaN, NaN, NaN]
1119.9875382937569	2.0	trials	1.0	1.0	1.0	10000.0	0.5	False	0.0	0.0	0.0	[NaN, NaN, NaN, NaN, NaN, NaN, NaN, NaN, NaN, NaN, NaN, NaN, NaN, NaN, NaN, NaN, NaN, NaN, NaN, NaN]
1124.1634366991389	2.0	trials	1.0	1.0	1.0	10000.0	3.0	False	0.0	0.0	0.0	[NaN, NaN, NaN, NaN, NaN, NaN, NaN, NaN, NaN, NaN, NaN, NaN, NaN, NaN, NaN, NaN, NaN, NaN, NaN, NaN]
1128.3276710665186	2.0	trials	1.0	1.0	1.0	10000.0	0.5	False	0.0	0.0	0.0	[NaN, NaN, NaN, NaN, NaN, NaN, NaN, NaN, NaN, NaN, NaN, NaN, NaN, NaN, NaN, NaN, NaN, NaN, NaN, NaN]
1135.6735958000784	2.0	trials	1.0	1.0	1.0	10000.0	3.0	False	0.0	0.0	0.0	[NaN, NaN, NaN, NaN, NaN, NaN, NaN, NaN, NaN, NaN, NaN, NaN, NaN, NaN, NaN, NaN, NaN, NaN, NaN, NaN]
1141.300846134071	2.0	trials	1.0	1.0	1.0	10000.0	0.3	False	0.0	0.0	0.0	[NaN, NaN, NaN, NaN, NaN, NaN, NaN, NaN, NaN, NaN, NaN, NaN, NaN, NaN, NaN, NaN, NaN, NaN, NaN, NaN]
1147.6442684014044	2.0	trials	1.0	1.0	1.0	10000.0	3.0	False	0.0	0.0	0.0	[NaN, NaN, NaN, NaN, NaN, NaN, NaN, NaN, NaN, NaN, NaN, NaN, NaN, NaN, NaN, NaN, NaN, NaN, NaN, NaN]
1154.0871373927423	2.0	trials	1.0	1.0	1.0	10000.0	1.0	False	0.0	0.0	0.0	[NaN, NaN, NaN, NaN, NaN, NaN, NaN, NaN, NaN, NaN, NaN, NaN, NaN, NaN, NaN, NaN, NaN, NaN, NaN, NaN]
1163.0740626728018	2.0	trials	1.0	1.0	1.0	10000.0	1.0	False	0.0	0.0	0.0	[NaN, NaN, NaN, NaN, NaN, NaN, NaN, NaN, NaN, NaN, NaN, NaN, NaN, NaN, NaN, NaN, NaN, NaN, NaN, NaN]
1169.8056814049073	2.0	trials	1.0	1.0	1.0	10000.0	3.0	False	0.0	0.0	0.0	[NaN, NaN, NaN, NaN, NaN, NaN, NaN, NaN, NaN, NaN, NaN, NaN, NaN, NaN, NaN, NaN, NaN, NaN, NaN, NaN]
1174.5846537751486	2.0	trials	1.0	1.0	1.0	10000.0	2.0	False	0.0	0.0	0.0	[NaN, NaN, NaN, NaN, NaN, NaN, NaN, NaN, NaN, NaN, NaN, NaN, NaN, NaN, NaN, NaN, NaN, NaN, NaN, NaN]
1179.3104899722682	2.0	trials	1.0	1.0	1.0	10000.0	3.0	False	0.0	0.0	0.0	[NaN, NaN, NaN, NaN, NaN, NaN, NaN, NaN, NaN, NaN, NaN, NaN, NaN, NaN, NaN, NaN, NaN, NaN, NaN, NaN]
1183.4911403931328	2.0	trials	1.0	1.0	1.0	10000.0	0.5	False	0.0	0.0	0.0	[NaN, NaN, NaN, NaN, NaN, NaN, NaN, NaN, NaN, NaN, NaN, NaN, NaN, NaN, NaN, NaN, NaN, NaN, NaN, NaN]
1190.278487306805	2.0	trials	1.0	1.0	1.0	10000.0	0.3	False	0.0	0.0	0.0	[NaN, NaN, NaN, NaN, NaN, NaN, NaN, NaN, NaN, NaN, NaN, NaN, NaN, NaN, NaN, NaN, NaN, NaN, NaN, NaN]
1199.3232143751868	2.0	trials	1.0	1.0	1.0	10000.0	1.0	False	0.0	0.0	0.0	[NaN, NaN, NaN, NaN, NaN, NaN, NaN, NaN, NaN, NaN, NaN, NaN, NaN, NaN, NaN, NaN, NaN, NaN, NaN, NaN]
1208.2784307519362	2.0	trials	1.0	1.0	1.0	10000.0	1.0	False	0.0	0.0	0.0	[NaN, NaN, NaN, NaN, NaN, NaN, NaN, NaN, NaN, NaN, NaN, NaN, NaN, NaN, NaN, NaN, NaN, NaN, NaN, NaN]
1214.5182590817526	2.0	trials	1.0	1.0	1.0	10000.0	2.0	False	0.0	0.0	0.0	[NaN, NaN, NaN, NaN, NaN, NaN, NaN, NaN, NaN, NaN, NaN, NaN, NaN, NaN, NaN, NaN, NaN, NaN, NaN, NaN]
1222.618199071949	2.0	trials	1.0	1.0	1.0	10000.0	0.3	False	0.0	0.0	0.0	[NaN, NaN, NaN, NaN, NaN, NaN, NaN, NaN, NaN, NaN, NaN, NaN, NaN, NaN, NaN, NaN, NaN, NaN, NaN, NaN]
1231.2284191246752	2.0	trials	1.0	1.0	1.0	10000.0	0.5	False	0.0	0.0	0.0	[NaN, NaN, NaN, NaN, NaN, NaN, NaN, NaN, NaN, NaN, NaN, NaN, NaN, NaN, NaN, NaN, NaN, NaN, NaN, NaN]
1238.320413430911	2.0	trials	1.0	1.0	1.0	10000.0	1.0	False	0.0	0.0	0.0	[NaN, NaN, NaN, NaN, NaN, NaN, NaN, NaN, NaN, NaN, NaN, NaN, NaN, NaN, NaN, NaN, NaN, NaN, NaN, NaN]
1246.5344881929668	2.0	trials	1.0	1.0	1.0	10000.0	0.3	False	0.0	0.0	0.0	[NaN, NaN, NaN, NaN, NaN, NaN, NaN, NaN, NaN, NaN, NaN, NaN, NaN, NaN, NaN, NaN, NaN, NaN, NaN, NaN]
1253.1228552583482	2.0	trials	1.0	1.0	1.0	10000.0	2.0	False	0.0	0.0	0.0	[NaN, NaN, NaN, NaN, NaN, NaN, NaN, NaN, NaN, NaN, NaN, NaN, NaN, NaN, NaN, NaN, NaN, NaN, NaN, NaN]
1260.8688132952454	2.0	trials	1.0	1.0	1.0	10000.0	1.0	False	0.0	0.0	0.0	[NaN, NaN, NaN, NaN, NaN, NaN, NaN, NaN, NaN, NaN, NaN, NaN, NaN, NaN, NaN, NaN, NaN, NaN, NaN, NaN]
1267.865162489862	2.0	trials	1.0	1.0	1.0	10000.0	3.0	False	0.0	0.0	0.0	[NaN, NaN, NaN, NaN, NaN, NaN, NaN, NaN, NaN, NaN, NaN, NaN, NaN, NaN, NaN, NaN, NaN, NaN, NaN, NaN]
1276.6191526110017	2.0	trials	1.0	1.0	1.0	10000.0	3.0	False	0.0	0.0	0.0	[NaN, NaN, NaN, NaN, NaN, NaN, NaN, NaN, NaN, NaN, NaN, NaN, NaN, NaN, NaN, NaN, NaN, NaN, NaN, NaN]
1283.5277191196162	2.0	trials	1.0	1.0	1.0	10000.0	2.0	False	0.0	0.0	0.0	[NaN, NaN, NaN, NaN, NaN, NaN, NaN, NaN, NaN, NaN, NaN, NaN, NaN, NaN, NaN, NaN, NaN, NaN, NaN, NaN]
1291.5054027114923	2.0	trials	1.0	1.0	1.0	10000.0	3.0	False	0.0	0.0	0.0	[NaN, NaN, NaN, NaN, NaN, NaN, NaN, NaN, NaN, NaN, NaN, NaN, NaN, NaN, NaN, NaN, NaN, NaN, NaN, NaN]
1300.3417323008998	2.0	trials	1.0	1.0	1.0	10000.0	0.5	False	0.0	0.0	0.0	[NaN, NaN, NaN, NaN, NaN, NaN, NaN, NaN, NaN, NaN, NaN, NaN, NaN, NaN, NaN, NaN, NaN, NaN, NaN, NaN]
1306.6958682031388	2.0	trials	1.0	1.0	1.0	10000.0	3.0	False	0.0	0.0	0.0	[NaN, NaN, NaN, NaN, NaN, NaN, NaN, NaN, NaN, NaN, NaN, NaN, NaN, NaN, NaN, NaN, NaN, NaN, NaN, NaN]
1315.1154892348793	2.0	trials	1.0	1.0	1.0	10000.0	3.0	False	0.0	0.0	0.0	[NaN, NaN, NaN, NaN, NaN, NaN, NaN, NaN, NaN, NaN, NaN, NaN, NaN, NaN, NaN, NaN, NaN, NaN, NaN, NaN]
1322.2254547996667	2.0	trials	1.0	1.0	1.0	10000.0	3.0	False	0.0	0.0	0.0	[NaN, NaN, NaN, NaN, NaN, NaN, NaN, NaN, NaN, NaN, NaN, NaN, NaN, NaN, NaN, NaN, NaN, NaN, NaN, NaN]
1326.6361027698802	2.0	trials	1.0	1.0	1.0	10000.0	0.5	False	0.0	0.0	0.0	[NaN, NaN, NaN, NaN, NaN, NaN, NaN, NaN, NaN, NaN, NaN, NaN, NaN, NaN, NaN, NaN, NaN, NaN, NaN, NaN]
1331.57932207525	2.0	trials	1.0	1.0	1.0	10000.0	0.5	False	0.0	0.0	0.0	[NaN, NaN, NaN, NaN, NaN, NaN, NaN, NaN, NaN, NaN, NaN, NaN, NaN, NaN, NaN, NaN, NaN, NaN, NaN, NaN]
1337.9697460957184	2.0	trials	1.0	1.0	1.0	10000.0	2.0	False	0.0	0.0	0.0	[NaN, NaN, NaN, NaN, NaN, NaN, NaN, NaN, NaN, NaN, NaN, NaN, NaN, NaN, NaN, NaN, NaN, NaN, NaN, NaN]
1343.0124121250926	2.0	trials	1.0	1.0	1.0	10000.0	1.0	False	0.0	0.0	0.0	[NaN, NaN, NaN, NaN, NaN, NaN, NaN, NaN, NaN, NaN, NaN, NaN, NaN, NaN, NaN, NaN, NaN, NaN, NaN, NaN]
1349.5493710229825	2.0	trials	1.0	1.0	1.0	10000.0	2.0	False	0.0	0.0	0.0	[NaN, NaN, NaN, NaN, NaN, NaN, NaN, NaN, NaN, NaN, NaN, NaN, NaN, NaN, NaN, NaN, NaN, NaN, NaN, NaN]
1358.2554089878904	2.0	trials	1.0	1.0	1.0	10000.0	2.0	False	0.0	0.0	0.0	[NaN, NaN, NaN, NaN, NaN, NaN, NaN, NaN, NaN, NaN, NaN, NaN, NaN, NaN, NaN, NaN, NaN, NaN, NaN, NaN]
1364.387755367523	2.0	trials	1.0	1.0	1.0	10000.0	0.5	False	0.0	0.0	0.0	[NaN, NaN, NaN, NaN, NaN, NaN, NaN, NaN, NaN, NaN, NaN, NaN, NaN, NaN, NaN, NaN, NaN, NaN, NaN, NaN]
1369.278184100897	2.0	trials	1.0	1.0	1.0	10000.0	0.3	False	0.0	0.0	0.0	[NaN, NaN, NaN, NaN, NaN, NaN, NaN, NaN, NaN, NaN, NaN, NaN, NaN, NaN, NaN, NaN, NaN, NaN, NaN, NaN]
1374.9777514705042	2.0	trials	1.0	1.0	1.0	10000.0	1.0	False	0.0	0.0	0.0	[NaN, NaN, NaN, NaN, NaN, NaN, NaN, NaN, NaN, NaN, NaN, NaN, NaN, NaN, NaN, NaN, NaN, NaN, NaN, NaN]
1381.4817054608616	2.0	trials	1.0	1.0	1.0	10000.0	1.0	False	0.0	0.0	0.0	[NaN, NaN, NaN, NaN, NaN, NaN, NaN, NaN, NaN, NaN, NaN, NaN, NaN, NaN, NaN, NaN, NaN, NaN, NaN, NaN]
1390.301705397066	2.0	trials	1.0	1.0	1.0	10000.0	1.0	False	0.0	0.0	0.0	[NaN, NaN, NaN, NaN, NaN, NaN, NaN, NaN, NaN, NaN, NaN, NaN, NaN, NaN, NaN, NaN, NaN, NaN, NaN, NaN]
1396.841688304808	2.0	trials	1.0	1.0	1.0	10000.0	0.3	False	0.0	0.0	0.0	[NaN, NaN, NaN, NaN, NaN, NaN, NaN, NaN, NaN, NaN, NaN, NaN, NaN, NaN, NaN, NaN, NaN, NaN, NaN, NaN]
1404.858165623077	2.0	trials	1.0	1.0	1.0	10000.0	0.5	False	0.0	0.0	0.0	[NaN, NaN, NaN, NaN, NaN, NaN, NaN, NaN, NaN, NaN, NaN, NaN, NaN, NaN, NaN, NaN, NaN, NaN, NaN, NaN]
1409.8141721701083	2.0	trials	1.0	1.0	1.0	10000.0	0.3	False	0.0	0.0	0.0	[NaN, NaN, NaN, NaN, NaN, NaN, NaN, NaN, NaN, NaN, NaN, NaN, NaN, NaN, NaN, NaN, NaN, NaN, NaN, NaN]
1417.980035575088	2.0	trials	1.0	1.0	1.0	10000.0	3.0	False	0.0	0.0	0.0	[NaN, NaN, NaN, NaN, NaN, NaN, NaN, NaN, NaN, NaN, NaN, NaN, NaN, NaN, NaN, NaN, NaN, NaN, NaN, NaN]
1422.4077908010381	2.0	trials	1.0	1.0	1.0	10000.0	3.0	False	0.0	0.0	0.0	[NaN, NaN, NaN, NaN, NaN, NaN, NaN, NaN, NaN, NaN, NaN, NaN, NaN, NaN, NaN, NaN, NaN, NaN, NaN, NaN]
1430.728656311026	2.0	trials	1.0	1.0	1.0	10000.0	0.5	False	0.0	0.0	0.0	[NaN, NaN, NaN, NaN, NaN, NaN, NaN, NaN, NaN, NaN, NaN, NaN, NaN, NaN, NaN, NaN, NaN, NaN, NaN, NaN]
1438.4486942634737	2.0	trials	1.0	1.0	1.0	10000.0	0.3	False	0.0	0.0	0.0	[NaN, NaN, NaN, NaN, NaN, NaN, NaN, NaN, NaN, NaN, NaN, NaN, NaN, NaN, NaN, NaN, NaN, NaN, NaN, NaN]
1445.9496211020414	2.0	trials	1.0	1.0	1.0	10000.0	0.5	False	0.0	0.0	0.0	[NaN, NaN, NaN, NaN, NaN, NaN, NaN, NaN, NaN, NaN, NaN, NaN, NaN, NaN, NaN, NaN, NaN, NaN, NaN, NaN]
1454.8866070193944	2.0	trials	1.0	1.0	1.0	10000.0	0.3	False	0.0	0.0	0.0	[NaN, NaN, NaN, NaN, NaN, NaN, NaN, NaN, NaN, NaN, NaN, NaN, NaN, NaN, NaN, NaN, NaN, NaN, NaN, NaN]
1460.0438398220358	2.0	trials	1.0	1.0	1.0	10000.0	0.5	False	0.0	0.0	0.0	[NaN, NaN, NaN, NaN, NaN, NaN, NaN, NaN, NaN, NaN, NaN, NaN, NaN, NaN, NaN, NaN, NaN, NaN, NaN, NaN]
1469.0944421095596	2.0	trials	1.0	1.0	1.0	10000.0	0.5	False	0.0	0.0	0.0	[NaN, NaN, NaN, NaN, NaN, NaN, NaN, NaN, NaN, NaN, NaN, NaN, NaN, NaN, NaN, NaN, NaN, NaN, NaN, NaN]
1473.7576381025929	2.0	trials	1.0	1.0	1.0	10000.0	0.5	False	0.0	0.0	0.0	[NaN, NaN, NaN, NaN, NaN, NaN, NaN, NaN, NaN, NaN, NaN, NaN, NaN, NaN, NaN, NaN, NaN, NaN, NaN, NaN]
1478.5572601401122	2.0	trials	1.0	1.0	1.0	10000.0	0.3	False	0.0	0.0	0.0	[NaN, NaN, NaN, NaN, NaN, NaN, NaN, NaN, NaN, NaN, NaN, NaN, NaN, NaN, NaN, NaN, NaN, NaN, NaN, NaN]
1485.0667437484854	2.0	trials	1.0	1.0	1.0	10000.0	1.0	False	0.0	0.0	0.0	[NaN, NaN, NaN, NaN, NaN, NaN, NaN, NaN, NaN, NaN, NaN, NaN, NaN, NaN, NaN, NaN, NaN, NaN, NaN, NaN]
1491.5528128805727	2.0	trials	1.0	1.0	1.0	10000.0	0.3	False	0.0	0.0	0.0	[NaN, NaN, NaN, NaN, NaN, NaN, NaN, NaN, NaN, NaN, NaN, NaN, NaN, NaN, NaN, NaN, NaN, NaN, NaN, NaN]
1499.8877616364448	2.0	trials	1.0	1.0	1.0	10000.0	0.5	False	0.0	0.0	0.0	[NaN, NaN, NaN, NaN, NaN, NaN, NaN, NaN, NaN, NaN, NaN, NaN, NaN, NaN, NaN, NaN, NaN, NaN, NaN, NaN]
1504.8728850783411	2.0	trials	1.0	1.0	1.0	10000.0	0.5	False	0.0	0.0	0.0	[NaN, NaN, NaN, NaN, NaN, NaN, NaN, NaN, NaN, NaN, NaN, NaN, NaN, NaN, NaN, NaN, NaN, NaN, NaN, NaN]
1509.6277517700444	2.0	trials	1.0	1.0	1.0	10000.0	0.5	False	0.0	0.0	0.0	[NaN, NaN, NaN, NaN, NaN, NaN, NaN, NaN, NaN, NaN, NaN, NaN, NaN, NaN, NaN, NaN, NaN, NaN, NaN, NaN]
1515.8521144494725	2.0	trials	1.0	1.0	1.0	10000.0	1.0	False	0.0	0.0	0.0	[NaN, NaN, NaN, NaN, NaN, NaN, NaN, NaN, NaN, NaN, NaN, NaN, NaN, NaN, NaN, NaN, NaN, NaN, NaN, NaN]
1521.1749765917466	2.0	trials	1.0	1.0	1.0	10000.0	0.5	False	0.0	0.0	0.0	[NaN, NaN, NaN, NaN, NaN, NaN, NaN, NaN, NaN, NaN, NaN, NaN, NaN, NaN, NaN, NaN, NaN, NaN, NaN, NaN]
1528.9116897985236	2.0	trials	1.0	1.0	1.0	10000.0	3.0	False	0.0	0.0	0.0	[NaN, NaN, NaN, NaN, NaN, NaN, NaN, NaN, NaN, NaN, NaN, NaN, NaN, NaN, NaN, NaN, NaN, NaN, NaN, NaN]
1535.0474921894163	2.0	trials	1.0	1.0	1.0	10000.0	2.0	False	0.0	0.0	0.0	[NaN, NaN, NaN, NaN, NaN, NaN, NaN, NaN, NaN, NaN, NaN, NaN, NaN, NaN, NaN, NaN, NaN, NaN, NaN, NaN]
1543.3452888242439	2.0	trials	1.0	1.0	1.0	10000.0	3.0	False	0.0	0.0	0.0	[NaN, NaN, NaN, NaN, NaN, NaN, NaN, NaN, NaN, NaN, NaN, NaN, NaN, NaN, NaN, NaN, NaN, NaN, NaN, NaN]
1549.421561421184	2.0	trials	1.0	1.0	1.0	10000.0	0.5	False	0.0	0.0	0.0	[NaN, NaN, NaN, NaN, NaN, NaN, NaN, NaN, NaN, NaN, NaN, NaN, NaN, NaN, NaN, NaN, NaN, NaN, NaN, NaN]
1558.0151926198623	2.0	trials	1.0	1.0	1.0	10000.0	2.0	False	0.0	0.0	0.0	[NaN, NaN, NaN, NaN, NaN, NaN, NaN, NaN, NaN, NaN, NaN, NaN, NaN, NaN, NaN, NaN, NaN, NaN, NaN, NaN]
1564.567357967296	2.0	trials	1.0	1.0	1.0	10000.0	3.0	False	0.0	0.0	0.0	[NaN, NaN, NaN, NaN, NaN, NaN, NaN, NaN, NaN, NaN, NaN, NaN, NaN, NaN, NaN, NaN, NaN, NaN, NaN, NaN]
1568.8723383932368	2.0	trials	1.0	1.0	1.0	10000.0	2.0	False	0.0	0.0	0.0	[NaN, NaN, NaN, NaN, NaN, NaN, NaN, NaN, NaN, NaN, NaN, NaN, NaN, NaN, NaN, NaN, NaN, NaN, NaN, NaN]
1577.0682690961783	2.0	trials	1.0	1.0	1.0	10000.0	1.0	False	0.0	0.0	0.0	[NaN, NaN, NaN, NaN, NaN, NaN, NaN, NaN, NaN, NaN, NaN, NaN, NaN, NaN, NaN, NaN, NaN, NaN, NaN, NaN]
1584.0795655394938	2.0	trials	1.0	1.0	1.0	10000.0	3.0	False	0.0	0.0	0.0	[NaN, NaN, NaN, NaN, NaN, NaN, NaN, NaN, NaN, NaN, NaN, NaN, NaN, NaN, NaN, NaN, NaN, NaN, NaN, NaN]
1592.0629515499488	2.0	trials	1.0	1.0	1.0	10000.0	0.3	False	0.0	0.0	0.0	[NaN, NaN, NaN, NaN, NaN, NaN, NaN, NaN, NaN, NaN, NaN, NaN, NaN, NaN, NaN, NaN, NaN, NaN, NaN, NaN]
1599.51160621821	2.0	trials	1.0	1.0	1.0	10000.0	1.0	False	0.0	0.0	0.0	[NaN, NaN, NaN, NaN, NaN, NaN, NaN, NaN, NaN, NaN, NaN, NaN, NaN, NaN, NaN, NaN, NaN, NaN, NaN, NaN]
1604.8285067410604	2.0	trials	1.0	1.0	1.0	10000.0	0.3	False	0.0	0.0	0.0	[NaN, NaN, NaN, NaN, NaN, NaN, NaN, NaN, NaN, NaN, NaN, NaN, NaN, NaN, NaN, NaN, NaN, NaN, NaN, NaN]
1613.4317283709854	2.0	trials	1.0	1.0	1.0	10000.0	1.0	False	0.0	0.0	0.0	[NaN, NaN, NaN, NaN, NaN, NaN, NaN, NaN, NaN, NaN, NaN, NaN, NaN, NaN, NaN, NaN, NaN, NaN, NaN, NaN]
1620.3917030470914	2.0	trials	1.0	1.0	1.0	10000.0	0.3	False	0.0	0.0	0.0	[NaN, NaN, NaN, NaN, NaN, NaN, NaN, NaN, NaN, NaN, NaN, NaN, NaN, NaN, NaN, NaN, NaN, NaN, NaN, NaN]
1627.3936682600056	2.0	trials	1.0	1.0	1.0	10000.0	2.0	False	0.0	0.0	0.0	[NaN, NaN, NaN, NaN, NaN, NaN, NaN, NaN, NaN, NaN, NaN, NaN, NaN, NaN, NaN, NaN, NaN, NaN, NaN, NaN]
1632.5087377252758	2.0	trials	1.0	1.0	1.0	10000.0	0.3	False	0.0	0.0	0.0	[NaN, NaN, NaN, NaN, NaN, NaN, NaN, NaN, NaN, NaN, NaN, NaN, NaN, NaN, NaN, NaN, NaN, NaN, NaN, NaN]
1636.9036608442566	2.0	trials	1.0	1.0	1.0	10000.0	0.5	False	0.0	0.0	0.0	[NaN, NaN, NaN, NaN, NaN, NaN, NaN, NaN, NaN, NaN, NaN, NaN, NaN, NaN, NaN, NaN, NaN, NaN, NaN, NaN]
1641.530136717653	2.0	trials	1.0	1.0	1.0	10000.0	1.0	False	0.0	0.0	0.0	[NaN, NaN, NaN, NaN, NaN, NaN, NaN, NaN, NaN, NaN, NaN, NaN, NaN, NaN, NaN, NaN, NaN, NaN, NaN, NaN]
1649.4683353808844	2.0	trials	1.0	1.0	1.0	10000.0	1.0	False	0.0	0.0	0.0	[NaN, NaN, NaN, NaN, NaN, NaN, NaN, NaN, NaN, NaN, NaN, NaN, NaN, NaN, NaN, NaN, NaN, NaN, NaN, NaN]
1655.0088398322528	2.0	trials	1.0	1.0	1.0	10000.0	0.5	False	0.0	0.0	0.0	[NaN, NaN, NaN, NaN, NaN, NaN, NaN, NaN, NaN, NaN, NaN, NaN, NaN, NaN, NaN, NaN, NaN, NaN, NaN, NaN]
1660.168664643339	2.0	trials	1.0	1.0	1.0	10000.0	2.0	False	0.0	0.0	0.0	[NaN, NaN, NaN, NaN, NaN, NaN, NaN, NaN, NaN, NaN, NaN, NaN, NaN, NaN, NaN, NaN, NaN, NaN, NaN, NaN]
1666.0494998035297	2.0	trials	1.0	1.0	1.0	10000.0	1.0	False	0.0	0.0	0.0	[NaN, NaN, NaN, NaN, NaN, NaN, NaN, NaN, NaN, NaN, NaN, NaN, NaN, NaN, NaN, NaN, NaN, NaN, NaN, NaN]
1671.7760240609637	2.0	trials	1.0	1.0	1.0	10000.0	1.0	False	0.0	0.0	0.0	[NaN, NaN, NaN, NaN, NaN, NaN, NaN, NaN, NaN, NaN, NaN, NaN, NaN, NaN, NaN, NaN, NaN, NaN, NaN, NaN]
1680.8064086826168	2.0	trials	1.0	1.0	1.0	10000.0	1.0	False	0.0	0.0	0.0	[NaN, NaN, NaN, NaN, NaN, NaN, NaN, NaN, NaN, NaN, NaN, NaN, NaN, NaN, NaN, NaN, NaN, NaN, NaN, NaN]
1687.829282763654	2.0	trials	1.0	1.0	1.0	10000.0	3.0	False	0.0	0.0	0.0	[NaN, NaN, NaN, NaN, NaN, NaN, NaN, NaN, NaN, NaN, NaN, NaN, NaN, NaN, NaN, NaN, NaN, NaN, NaN, NaN]
1692.9234433608012	2.0	trials	1.0	1.0	1.0	10000.0	3.0	False	0.0	0.0	0.0	[NaN, NaN, NaN, NaN, NaN, NaN, NaN, NaN, NaN, NaN, NaN, NaN, NaN, NaN, NaN, NaN, NaN, NaN, NaN, NaN]
1701.338571577904	2.0	trials	1.0	1.0	1.0	10000.0	0.3	False	0.0	0.0	0.0	[NaN, NaN, NaN, NaN, NaN, NaN, NaN, NaN, NaN, NaN, NaN, NaN, NaN, NaN, NaN, NaN, NaN, NaN, NaN, NaN]
1705.5087675647071	2.0	trials	1.0	1.0	1.0	10000.0	1.0	False	0.0	0.0	0.0	[NaN, NaN, NaN, NaN, NaN, NaN, NaN, NaN, NaN, NaN, NaN, NaN, NaN, NaN, NaN, NaN, NaN, NaN, NaN, NaN]
1711.0497904177646	2.0	trials	1.0	1.0	1.0	10000.0	0.5	False	0.0	0.0	0.0	[NaN, NaN, NaN, NaN, NaN, NaN, NaN, NaN, NaN, NaN, NaN, NaN, NaN, NaN, NaN, NaN, NaN, NaN, NaN, NaN]
1716.8846606281982	2.0	trials	1.0	1.0	1.0	10000.0	2.0	False	0.0	0.0	0.0	[NaN, NaN, NaN, NaN, NaN, NaN, NaN, NaN, NaN, NaN, NaN, NaN, NaN, NaN, NaN, NaN, NaN, NaN, NaN, NaN]
1723.9355284004403	2.0	trials	1.0	1.0	1.0	10000.0	0.3	False	0.0	0.0	0.0	[NaN, NaN, NaN, NaN, NaN, NaN, NaN, NaN, NaN, NaN, NaN, NaN, NaN, NaN, NaN, NaN, NaN, NaN, NaN, NaN]
1728.3274275095691	2.0	trials	1.0	1.0	1.0	10000.0	0.5	False	0.0	0.0	0.0	[NaN, NaN, NaN, NaN, NaN, NaN, NaN, NaN, NaN, NaN, NaN, NaN, NaN, NaN, NaN, NaN, NaN, NaN, NaN, NaN]
1733.1296415555328	2.0	trials	1.0	1.0	1.0	10000.0	0.3	False	0.0	0.0	0.0	[NaN, NaN, NaN, NaN, NaN, NaN, NaN, NaN, NaN, NaN, NaN, NaN, NaN, NaN, NaN, NaN, NaN, NaN, NaN, NaN]
1741.940742262743	2.0	trials	1.0	1.0	1.0	10000.0	3.0	False	0.0	0.0	0.0	[NaN, NaN, NaN, NaN, NaN, NaN, NaN, NaN, NaN, NaN, NaN, NaN, NaN, NaN, NaN, NaN, NaN, NaN, NaN, NaN]
1746.15266958551	2.0	trials	1.0	1.0	1.0	10000.0	0.5	False	0.0	0.0	0.0	[NaN, NaN, NaN, NaN, NaN, NaN, NaN, NaN, NaN, NaN, NaN, NaN, NaN, NaN, NaN, NaN, NaN, NaN, NaN, NaN]
1753.2281614379797	2.0	trials	1.0	1.0	1.0	10000.0	0.5	False	0.0	0.0	0.0	[NaN, NaN, NaN, NaN, NaN, NaN, NaN, NaN, NaN, NaN, NaN, NaN, NaN, NaN, NaN, NaN, NaN, NaN, NaN, NaN]
1759.2569138800957	2.0	trials	1.0	1.0	1.0	10000.0	0.3	False	0.0	0.0	0.0	[NaN, NaN, NaN, NaN, NaN, NaN, NaN, NaN, NaN, NaN, NaN, NaN, NaN, NaN, NaN, NaN, NaN, NaN, NaN, NaN]
1765.7912807695402	2.0	trials	1.0	1.0	1.0	10000.0	1.0	False	0.0	0.0	0.0	[NaN, NaN, NaN, NaN, NaN, NaN, NaN, NaN, NaN, NaN, NaN, NaN, NaN, NaN, NaN, NaN, NaN, NaN, NaN, NaN]
1772.6664967694965	2.0	trials	1.0	1.0	1.0	10000.0	3.0	False	0.0	0.0	0.0	[NaN, NaN, NaN, NaN, NaN, NaN, NaN, NaN, NaN, NaN, NaN, NaN, NaN, NaN, NaN, NaN, NaN, NaN, NaN, NaN]
1778.7150348760756	2.0	trials	1.0	1.0	1.0	10000.0	1.0	False	0.0	0.0	0.0	[NaN, NaN, NaN, NaN, NaN, NaN, NaN, NaN, NaN, NaN, NaN, NaN, NaN, NaN, NaN, NaN, NaN, NaN, NaN, NaN]
1786.6095149968687	2.0	trials	1.0	1.0	1.0	10000.0	2.0	False	0.0	0.0	0.0	[NaN, NaN, NaN, NaN, NaN, NaN, NaN, NaN, NaN, NaN, NaN, NaN, NaN, NaN, NaN, NaN, NaN, NaN, NaN, NaN]
1792.8333592746083	2.0	trials	1.0	1.0	1.0	10000.0	2.0	False	0.0	0.0	0.0	[NaN, NaN, NaN, NaN, NaN, NaN, NaN, NaN, NaN, NaN, NaN, NaN, NaN, NaN, NaN, NaN, NaN, NaN, NaN, NaN]
1798.2096167908478	2.0	trials	1.0	1.0	1.0	10000.0	1.0	False	0.0	0.0	0.0	[NaN, NaN, NaN, NaN, NaN, NaN, NaN, NaN, NaN, NaN, NaN, NaN, NaN, NaN, NaN, NaN, NaN, NaN, NaN, NaN]
1803.9096161618625	2.0	trials	1.0	1.0	1.0	10000.0	0.5	False	0.0	0.0	0.0	[NaN, NaN, NaN, NaN, NaN, NaN, NaN, NaN, NaN, NaN, NaN, NaN, NaN, NaN, NaN, NaN, NaN, NaN, NaN, NaN]
1808.6791709014203	2.0	trials	1.0	1.0	1.0	10000.0	1.0	False	0.0	0.0	0.0	[NaN, NaN, NaN, NaN, NaN, NaN, NaN, NaN, NaN, NaN, NaN, NaN, NaN, NaN, NaN, NaN, NaN, NaN, NaN, NaN]
1816.8093509901412	2.0	trials	1.0	1.0	1.0	10000.0	0.5	False	0.0	0.0	0.0	[NaN, NaN, NaN, NaN, NaN, NaN, NaN, NaN, NaN, NaN, NaN, NaN, NaN, NaN, NaN, NaN, NaN, NaN, NaN, NaN]
1824.5917699458307	2.0	trials	1.0	1.0	1.0	10000.0	0.5	False	0.0	0.0	0.0	[NaN, NaN, NaN, NaN, NaN, NaN, NaN, NaN, NaN, NaN, NaN, NaN, NaN, NaN, NaN, NaN, NaN, NaN, NaN, NaN]
1832.4634403923083	2.0	trials	1.0	1.0	1.0	10000.0	3.0	False	0.0	0.0	0.0	[NaN, NaN, NaN, NaN, NaN, NaN, NaN, NaN, NaN, NaN, NaN, NaN, NaN, NaN, NaN, NaN, NaN, NaN, NaN, NaN]
1864.1640492752085	2.0	trials	2.0	0.0	0.0	0.0	0.0	False	40.0	1.86	0.005	[21575972.79239905, 21575972.79239905, 21575972.79239905, 21575972.79239905, 21575972.79239905, 21575972.79239905, 21575972.79239905, 21575972.79239905, 21575972.79239905, 21575972.79239905, 21575972.79239905, 21575972.79239905, 21575972.79239905, 21575972.79239905, 21575972.79239905, 21575972.79239905, 21575972.79239905, 21575972.79239905, 21575972.79239905, 21575972.79239905]
1868.8059907989932	2.0	trials	2.0	0.0	0.0	0.0	0.0	False	40.0	1.86	0.005	[21629698.96744251, 21629698.96744251, 21629698.96744251, 21629698.96744251, 21629698.96744251, 21629698.96744251, 21629698.96744251, 21629698.96744251, 21629698.96744251, 21629698.96744251, 21629698.96744251, 21629698.96744251, 21629698.96744251, 21629698.96744251, 21629698.96744251, 21629698.96744251, 21629698.96744251, 21629698.96744251, 21629698.96744251, 21629698.96744251]
1877.7580103653272	2.0	trials	2.0	0.0	0.0	0.0	0.0	False	40.0	1.86	0.005	[21733310.305015158, 21733310.305015158, 21733310.305015158, 21733310.305015158, 21733310.305015158, 21733310.305015158, 21733310.305015158, 21733310.305015158, 21733310.305015158, 21733310.305015158, 21733310.305015158, 21733310.305015158, 21733310.305015158, 21733310.305015158, 21733310.305015158, 21733310.305015158, 21733310.305015158, 21733310.305015158, 21733310.305015158, 21733310.305015158]
1885.0481205170388	2.0	trials	2.0	0.0	0.0	0.0	0.0	False	40.0	1.86	0.005	[21817686.579918686, 21817686.579918686, 21817686.579918686, 21817686.579918686, 21817686.579918686, 21817686.579918686, 21817686.579918686, 21817686.579918686, 21817686.579918686, 21817686.579918686, 21817686.579918686, 21817686.579918686, 21817686.579918686, 21817686.579918686, 21817686.579918686, 21817686.579918686, 21817686.579918686, 21817686.579918686, 21817686.579918686, 21817686.579918686]
1891.386358767482	2.0	trials	2.0	0.0	0.0	0.0	0.0	False	40.0	1.86	0.005	[21891045.818927977, 21891045.818927977, 21891045.818927977, 21891045.818927977, 21891045.818927977, 21891045.818927977, 21891045.818927977, 21891045.818927977, 21891045.818927977, 21891045.818927977, 21891045.818927977, 21891045.818927977, 21891045.818927977, 21891045.818927977, 21891045.818927977, 21891045.818927977, 21891045.818927977, 21891045.818927977, 21891045.818927977, 21891045.818927977]
1898.9078488730463	2.0	trials	2.0	0.0	0.0	0.0	0.0	False	40.0	1.86	0.005	[21978100.102556635, 21978100.102556635, 21978100.102556635, 21978100.102556635, 21978100.102556635, 21978100.102556635, 21978100.102556635, 21978100.102556635, 21978100.102556635, 21978100.102556635, 21978100.102556635, 21978100.102556635, 21978100.102556635, 21978100.102556635, 21978100.102556635, 21978100.102556635, 21978100.102556635, 21978100.102556635, 21978100.102556635, 21978100.102556635]
1904.1481123462077	2.0	trials	2.0	0.0	0.0	0.0	0.0	False	40.0	1.86	0.005	[22038751.30016228, 22038751.30016228, 22038751.30016228, 22038751.30016228, 22038751.30016228, 22038751.30016228, 22038751.30016228, 22038751.30016228, 22038751.30016228, 22038751.30016228, 22038751.30016228, 22038751.30016228, 22038751.30016228, 22038751.30016228, 22038751.30016228, 22038751.30016228, 22038751.30016228, 22038751.30016228, 22038751.30016228, 22038751.30016228]
1911.47805302769	2.0	trials	2.0	0.0	0.0	0.0	0.0	False	40.0	1.86	0.005	[22123588.576567784, 22123588.576567784, 22123588.576567784, 22123588.576567784, 22123588.576567784, 22123588.576567784, 22123588.576567784, 22123588.576567784, 22123588.576567784, 22123588.576567784, 22123588.576567784, 22123588.576567784, 22123588.576567784, 22123588.576567784, 22123588.576567784, 22123588.576567784, 22123588.576567784, 22123588.576567784, 22123588.576567784, 22123588.576567784]
1917.4300820198357	2.0	trials	2.0	0.0	0.0	0.0	0.0	False	40.0	1.86	0.005	[22192477.801013473, 22192477.801013473, 22192477.801013473, 22192477.801013473, 22192477.801013473, 22192477.801013473, 22192477.801013473, 22192477.801013473, 22192477.801013473, 22192477.801013473, 22192477.801013473, 22192477.801013473, 22192477.801013473, 22192477.801013473, 22192477.801013473, 22192477.801013473, 22192477.801013473, 22192477.801013473, 22192477.801013473, 22192477.801013473]
1922.340382817954	2.0	trials	2.0	0.0	0.0	0.0	0.0	False	40.0	1.86	0.005	[22249309.986176517, 22249309.986176517, 22249309.986176517, 22249309.986176517, 22249309.986176517, 22249309.986176517, 22249309.986176517, 22249309.986176517, 22249309.986176517, 22249309.986176517, 22249309.986176517, 22249309.986176517, 22249309.986176517, 22249309.986176517, 22249309.986176517, 22249309.986176517, 22249309.986176517, 22249309.986176517, 22249309.986176517, 22249309.986176517]
1930.317980009549	2.0	trials	2.0	0.0	0.0	0.0	0.0	False	40.0	1.86	0.005	[22341643.28700457, 22341643.28700457, 22341643.28700457, 22341643.28700457, 22341643.28700457, 22341643.28700457, 22341643.28700457, 22341643.28700457, 22341643.28700457, 22341643.28700457, 22341643.28700457, 22341643.28700457, 22341643.28700457, 22341643.28700457, 22341643.28700457, 22341643.28700457, 22341643.28700457, 22341643.28700457, 22341643.28700457, 22341643.28700457]
1935.1000627899239	2.0	trials	2.0	0.0	0.0	0.0	0.0	False	40.0	1.86	0.005	[22396991.46733263, 22396991.46733263, 22396991.46733263, 22396991.46733263, 22396991.46733263, 22396991.46733263, 22396991.46733263, 22396991.46733263, 22396991.46733263, 22396991.46733263, 22396991.46733263, 22396991.46733263, 22396991.46733263, 22396991.46733263, 22396991.46733263, 22396991.46733263, 22396991.46733263, 22396991.46733263, 22396991.46733263, 22396991.46733263]
1941.016322065529	2.0	trials	2.0	0.0	0.0	0.0	0.0	False	40.0	1.86	0.005	[22465466.690429475, 22465466.690429475, 22465466.690429475, 22465466.690429475, 22465466.690429475, 22465466.690429475, 22465466.690429475, 22465466.690429475, 22465466.690429475, 22465466.690429475, 22465466.690429475, 22465466.690429475, 22465466.690429475, 22465466.690429475, 22465466.690429475, 22465466.690429475, 22465466.690429475, 22465466.690429475, 22465466.690429475, 22465466.690429475]
1948.6312108753932	2.0	trials	2.0	0.0	0.0	0.0	0.0	False	40.0	1.86	0.005	[22553601.977580115, 22553601.977580115, 22553601.977580115, 22553601.977580115, 22553601.977580115, 22553601.977580115, 22553601.977580115, 22553601.977580115, 22553601.977580115, 22553601.977580115, 22553601.977580115, 22553601.977580115, 22553601.977580115, 22553601.977580115, 22553601.977580115, 22553601.977580115, 22553601.977580115, 22553601.977580115, 22553601.977580115, 22553601.977580115]
1953.4965835271328	2.0	trials	2.0	0.0	0.0	0.0	0.0	False	40.0	1.86	0.005	[22609914.161048964, 22609914.161048964, 22609914.161048964, 22609914.161048964, 22609914.161048964, 22609914.161048964, 22609914.161048964, 22609914.161048964, 22609914.161048964, 22609914.161048964, 22609914.161048964, 22609914.161048964, 22609914.161048964, 22609914.161048964, 22609914.161048964, 22609914.161048964, 22609914.161048964, 22609914.161048964, 22609914.161048964, 22609914.161048964]
1961.1078435251743	2.0	trials	2.0	0.0	0.0	0.0	0.0	False	40.0	1.86	0.005	[22698007.44806277, 22698007.44806277, 22698007.44806277, 22698007.44806277, 22698007.44806277, 22698007.44806277, 22698007.44806277, 22698007.44806277, 22698007.44806277, 22698007.44806277, 22698007.44806277, 22698007.44806277, 22698007.44806277, 22698007.44806277, 22698007.44806277, 22698007.44806277, 22698007.44806277, 22698007.44806277, 22698007.44806277, 22698007.44806277]
1965.463972917762	2.0	trials	2.0	0.0	0.0	0.0	0.0	False	40.0	1.86	0.005	[22748425.612328507, 22748425.612328507, 22748425.612328507, 22748425.612328507, 22748425.612328507, 22748425.612328507, 22748425.612328507, 22748425.612328507, 22748425.612328507, 22748425.612328507, 22748425.612328507, 22748425.612328507, 22748425.612328507, 22748425.612328507, 22748425.612328507, 22748425.612328507, 22748425.612328507, 22748425.612328507, 22748425.612328507, 22748425.612328507]
1970.6561978344105	2.0	trials	2.0	0.0	0.0	0.0	0.0	False	40.0	1.86	0.005	[22808520.808122665, 22808520.808122665, 22808520.808122665, 22808520.808122665, 22808520.808122665, 22808520.808122665, 22808520.808122665, 22808520.808122665, 22808520.808122665, 22808520.808122665, 22808520.808122665, 22808520.808122665, 22808520.808122665, 22808520.808122665, 22808520.808122665, 22808520.808122665, 22808520.808122665, 22808520.808122665, 22808520.808122665, 22808520.808122665]
1975.894474101097	2.0	trials	2.0	0.0	0.0	0.0	0.0	False	40.0	1.86	0.005	[22869149.005653374, 22869149.005653374, 22869149.005653374, 22869149.005653374, 22869149.005653374, 22869149.005653374, 22869149.005653374, 22869149.005653374, 22869149.005653374, 22869149.005653374, 22869149.005653374, 22869149.005653374, 22869149.005653374, 22869149.005653374, 22869149.005653374, 22869149.005653374, 22869149.005653374, 22869149.005653374, 22869149.005653374, 22869149.005653374]
1980.9527785814225	2.0	trials	2.0	0.0	0.0	0.0	0.0	False	40.0	1.86	0.005	[22927694.196397506, 22927694.196397506, 22927694.196397506, 22927694.196397506, 22927694.196397506, 22927694.196397506, 22927694.196397506, 22927694.196397506, 22927694.196397506, 22927694.196397506, 22927694.196397506, 22927694.196397506, 22927694.196397506, 22927694.196397506, 22927694.196397506, 22927694.196397506, 22927694.196397506, 22927694.196397506, 22927694.196397506, 22927694.196397506]
1987.3184921213826	2.0	trials	2.0	0.0	0.0	0.0	0.0	False	40.0	1.86	0.005	[23001371.436442867, 23001371.436442867, 23001371.436442867, 23001371.436442867, 23001371.436442867, 23001371.436442867, 23001371.436442867, 23001371.436442867, 23001371.436442867, 23001371.436442867, 23001371.436442867, 23001371.436442867, 23001371.436442867, 23001371.436442867, 23001371.436442867, 23001371.436442867, 23001371.436442867, 23001371.436442867, 23001371.436442867, 23001371.436442867]
1993.9184368244844	2.0	trials	2.0	0.0	0.0	0.0	0.0	False	40.0	1.86	0.005	[23077759.685320873, 23077759.685320873, 23077759.685320873, 23077759.685320873, 23077759.685320873, 23077759.685320873, 23077759.685320873, 23077759.685320873, 23077759.685320873, 23077759.685320873, 23077759.685320873, 23077759.685320873, 23077759.685320873, 23077759.685320873, 23077759.685320873, 23077759.685320873, 23077759.685320873, 23077759.685320873, 23077759.685320873, 23077759.685320873]
1998.9893557459093	2.0	trials	2.0	0.0	0.0	0.0	0.0	False	40.0	1.86	0.005	[23136450.87654069, 23136450.87654069, 23136450.87654069, 23136450.87654069, 23136450.87654069, 23136450.87654069, 23136450.87654069, 23136450.87654069, 23136450.87654069, 23136450.87654069, 23136450.87654069, 23136450.87654069, 23136450.87654069, 23136450.87654069, 23136450.87654069, 23136450.87654069, 23136450.87654069, 23136450.87654069, 23136450.87654069, 23136450.87654069]
2004.5384138251459	2.0	trials	2.0	0.0	0.0	0.0	0.0	False	40.0	1.86	0.005	[23200676.085790705, 23200676.085790705, 23200676.085790705, 23200676.085790705, 23200676.085790705, 23200676.085790705, 23200676.085790705, 23200676.085790705, 23200676.085790705, 23200676.085790705, 23200676.085790705, 23200676.085790705, 23200676.085790705, 23200676.085790705, 23200676.085790705, 23200676.085790705, 23200676.085790705, 23200676.085790705, 23200676.085790705, 23200676.085790705]
2010.8148758743175	2.0	trials	2.0	0.0	0.0	0.0	0.0	False	40.0	1.86	0.005	[23273320.322470468, 23273320.322470468, 23273320.322470468, 23273320.322470468, 23273320.322470468, 23273320.322470468, 23273320.322470468, 23273320.322470468, 23273320.322470468, 23273320.322470468, 23273320.322470468, 23273320.322470468, 23273320.322470468, 23273320.322470468, 23273320.322470468, 23273320.322470468, 23273320.322470468, 23273320.322470468, 23273320.322470468, 23273320.322470468]
2017.5834739269048	2.0	trials	2.0	0.0	0.0	0.0	0.0	False	40.0	1.86	0.005	[23351660.577708244, 23351660.577708244, 23351660.577708244, 23351660.577708244, 23351660.577708244, 23351660.577708244, 23351660.577708244, 23351660.577708244, 23351660.577708244, 23351660.577708244, 23351660.577708244, 23351660.577708244, 23351660.577708244, 23351660.577708244, 23351660.577708244, 23351660.577708244, 23351660.577708244, 23351660.577708244, 23351660.577708244, 23351660.577708244]
2024.4078865613396	2.0	trials	2.0	0.0	0.0	0.0	0.0	False	40.0	1.86	0.005	[23430646.835050736, 23430646.835050736, 23430646.835050736, 23430646.835050736, 23430646.835050736, 23430646.835050736, 23430646.835050736, 23430646.835050736, 23430646.835050736, 23430646.835050736, 23430646.835050736, 23430646.835050736, 23430646.835050736, 23430646.835050736, 23430646.835050736, 23430646.835050736, 23430646.835050736, 23430646.835050736, 23430646.835050736, 23430646.835050736]
2029.9910727517686	2.0	trials	2.0	0.0	0.0	0.0	0.0	False	40.0	1.86	0.005	[23495267.045587692, 23495267.045587692, 23495267.045587692, 23495267.045587692, 23495267.045587692, 23495267.045587692, 23495267.045587692, 23495267.045587692, 23495267.045587692, 23495267.045587692, 23495267.045587692, 23495267.045587692, 23495267.045587692, 23495267.045587692, 23495267.045587692, 23495267.045587692, 23495267.045587692, 23495267.045587692, 23495267.045587692, 23495267.045587692]
2034.2808467281654	2.0	trials	2.0	0.0	0.0	0.0	0.0	False	40.0	1.86	0.005	[23544917.207351226, 23544917.207351226, 23544917.207351226, 23544917.207351226, 23544917.207351226, 23544917.207351226, 23544917.207351226, 23544917.207351226, 23544917.207351226, 23544917.207351226, 23544917.207351226, 23544917.207351226, 23544917.207351226, 23544917.207351226, 23544917.207351226, 23544917.207351226, 23544917.207351226, 23544917.207351226, 23544917.207351226, 23544917.207351226]
2042.255333509626	2.0	trials	2.0	0.0	0.0	0.0	0.0	False	40.0	1.86	0.005	[23637214.508061986, 23637214.508061986, 23637214.508061986, 23637214.508061986, 23637214.508061986, 23637214.508061986, 23637214.508061986, 23637214.508061986, 23637214.508061986, 23637214.508061986, 23637214.508061986, 23637214.508061986, 23637214.508061986, 23637214.508061986, 23637214.508061986, 23637214.508061986, 23637214.508061986, 23637214.508061986, 23637214.508061986, 23637214.508061986]
2048.0356851424344	2.0	trials	2.0	0.0	0.0	0.0	0.0	False	40.0	1.86	0.005	[23704116.726033878, 23704116.726033878, 23704116.726033878, 23704116.726033878, 23704116.726033878, 23704116.726033878, 23704116.726033878, 23704116.726033878, 23704116.726033878, 23704116.726033878, 23704116.726033878, 23704116.726033878, 23704116.726033878, 23704116.726033878, 23704116.726033878, 23704116.726033878, 23704116.726033878, 23704116.726033878, 23704116.726033878, 23704116.726033878]
2053.1483353998224	2.0	trials	2.0	0.0	0.0	0.0	0.0	False	40.0	1.86	0.005	[23763290.91882734, 23763290.91882734, 23763290.91882734, 23763290.91882734, 23763290.91882734, 23763290.91882734, 23763290.91882734, 23763290.91882734, 23763290.91882734, 23763290.91882734, 23763290.91882734, 23763290.91882734, 23763290.91882734, 23763290.91882734, 23763290.91882734, 23763290.91882734, 23763290.91882734, 23763290.91882734, 23763290.91882734, 23763290.91882734]
2058.9112341757677	2.0	trials	2.0	0.0	0.0	0.0	0.0	False	40.0	1.86	0.005	[23829991.136141095, 23829991.136141095, 23829991.136141095, 23829991.136141095, 23829991.136141095, 23829991.136141095, 23829991.136141095, 23829991.136141095, 23829991.136141095, 23829991.136141095, 23829991.136141095, 23829991.136141095, 23829991.136141095, 23829991.136141095, 23829991.136141095, 23829991.136141095, 23829991.136141095, 23829991.136141095, 23829991.136141095, 23829991.136141095]
2063.597153442835	2.0	trials	2.0	0.0	0.0	0.0	0.0	False	40.0	1.86	0.005	[23884226.312842917, 23884226.312842917, 23884226.312842917, 23884226.312842917, 23884226.312842917, 23884226.312842917, 23884226.312842917, 23884226.312842917, 23884226.312842917, 23884226.312842917, 23884226.312842917, 23884226.312842917, 23884226.312842917, 23884226.312842917, 23884226.312842917, 23884226.312842917, 23884226.312842917, 23884226.312842917, 23884226.312842917, 23884226.312842917]
2070.7937784899655	2.0	trials	2.0	0.0	0.0	0.0	0.0	False	40.0	1.86	0.005	[23967520.584221207, 23967520.584221207, 23967520.584221207, 23967520.584221207, 23967520.584221207, 23967520.584221207, 23967520.584221207, 23967520.584221207, 23967520.584221207, 23967520.584221207, 23967520.584221207, 23967520.584221207, 23967520.584221207, 23967520.584221207, 23967520.584221207, 23967520.584221207, 23967520.584221207, 23967520.584221207, 23967520.584221207, 23967520.584221207]
2078.5704086267947	2.0	trials	2.0	0.0	0.0	0.0	0.0	False	40.0	1.86	0.005	[24057527.87747097, 24057527.87747097, 24057527.87747097, 24057527.87747097, 24057527.87747097, 24057527.87747097, 24057527.87747097, 24057527.87747097, 24057527.87747097, 24057527.87747097, 24057527.87747097, 24057527.87747097, 24057527.87747097, 24057527.87747097, 24057527.87747097, 24057527.87747097, 24057527.87747097, 24057527.87747097, 24057527.87747097, 24057527.87747097]
2083.577650540755	2.0	trials	2.0	0.0	0.0	0.0	0.0	False	40.0	1.86	0.005	[24115482.06628958, 24115482.06628958, 24115482.06628958, 24115482.06628958, 24115482.06628958, 24115482.06628958, 24115482.06628958, 24115482.06628958, 24115482.06628958, 24115482.06628958, 24115482.06628958, 24115482.06628958, 24115482.06628958, 24115482.06628958, 24115482.06628958, 24115482.06628958, 24115482.06628958, 24115482.06628958, 24115482.06628958, 24115482.06628958]
2091.4016280318447	2.0	trials	2.0	0.0	0.0	0.0	0.0	False	40.0	1.86	0.005	[24206037.361324765, 24206037.361324765, 24206037.361324765, 24206037.361324765, 24206037.361324765, 24206037.361324765, 24206037.361324765, 24206037.361324765, 24206037.361324765, 24206037.361324765, 24206037.361324765, 24206037.361324765, 24206037.361324765, 24206037.361324765, 24206037.361324765, 24206037.361324765, 24206037.361324765, 24206037.361324765, 24206037.361324765, 24206037.361324765]
2096.674118810005	2.0	trials	2.0	0.0	0.0	0.0	0.0	False	40.0	1.86	0.005	[24267061.560145676, 24267061.560145676, 24267061.560145676, 24267061.560145676, 24267061.560145676, 24267061.560145676, 24267061.560145676, 24267061.560145676, 24267061.560145676, 24267061.560145676, 24267061.560145676, 24267061.560145676, 24267061.560145676, 24267061.560145676, 24267061.560145676, 24267061.560145676, 24267061.560145676, 24267061.560145676, 24267061.560145676, 24267061.560145676]
2102.791517940939	2.0	trials	2.0	0.0	0.0	0.0	0.0	False	40.0	1.86	0.005	[24337864.790827326, 24337864.790827326, 24337864.790827326, 24337864.790827326, 24337864.790827326, 24337864.790827326, 24337864.790827326, 24337864.790827326, 24337864.790827326, 24337864.790827326, 24337864.790827326, 24337864.790827326, 24337864.790827326, 24337864.790827326, 24337864.790827326, 24337864.790827326, 24337864.790827326, 24337864.790827326, 24337864.790827326, 24337864.790827326]
2109.468790895982	2.0	trials	2.0	0.0	0.0	0.0	0.0	False	40.0	1.86	0.005	[24415148.04262131, 24415148.04262131, 24415148.04262131, 24415148.04262131, 24415148.04262131, 24415148.04262131, 24415148.04262131, 24415148.04262131, 24415148.04262131, 24415148.04262131, 24415148.04262131, 24415148.04262131, 24415148.04262131, 24415148.04262131, 24415148.04262131, 24415148.04262131, 24415148.04262131, 24415148.04262131, 24415148.04262131, 24415148.04262131]
2115.908376676623	2.0	trials	2.0	0.0	0.0	0.0	0.0	False	40.0	1.86	0.005	[24489680.28545233, 24489680.28545233, 24489680.28545233, 24489680.28545233, 24489680.28545233, 24489680.28545233, 24489680.28545233, 24489680.28545233, 24489680.28545233, 24489680.28545233, 24489680.28545233, 24489680.28545233, 24489680.28545233, 24489680.28545233, 24489680.28545233, 24489680.28545233, 24489680.28545233, 24489680.28545233, 24489680.28545233, 24489680.28545233]
2122.907836281374	2.0	trials	2.0	0.0	0.0	0.0	0.0	False	40.0	1.86	0.005	[24570692.549395688, 24570692.549395688, 24570692.549395688, 24570692.549395688, 24570692.549395688, 24570692.549395688, 24570692.549395688, 24570692.549395688, 24570692.549395688, 24570692.549395688, 24570692.549395688, 24570692.549395688, 24570692.549395688, 24570692.549395688, 24570692.549395688, 24570692.549395688, 24570692.549395688, 24570692.549395688, 24570692.549395688, 24570692.549395688]
2129.03404824102	2.0	trials	2.0	0.0	0.0	0.0	0.0	False	40.0	1.86	0.005	[24641597.780409656, 24641597.780409656, 24641597.780409656, 24641597.780409656, 24641597.780409656, 24641597.780409656, 24641597.780409656, 24641597.780409656, 24641597.780409656, 24641597.780409656, 24641597.780409656, 24641597.780409656, 24641597.780409656, 24641597.780409656, 24641597.780409656, 24641597.780409656, 24641597.780409656, 24641597.780409656, 24641597.780409656, 24641597.780409656]
2135.622760907527	2.0	trials	2.0	0.0	0.0	0.0	0.0	False	40.0	1.86	0.005	[24717856.02886411, 24717856.02886411, 24717856.02886411, 24717856.02886411, 24717856.02886411, 24717856.02886411, 24717856.02886411, 24717856.02886411, 24717856.02886411, 24717856.02886411, 24717856.02886411, 24717856.02886411, 24717856.02886411, 24717856.02886411, 24717856.02886411, 24717856.02886411, 24717856.02886411, 24717856.02886411, 24717856.02886411, 24717856.02886411]
2142.0056681035053	2.0	trials	2.0	0.0	0.0	0.0	0.0	False	40.0	1.86	0.005	[24791732.26955783, 24791732.26955783, 24791732.26955783, 24791732.26955783, 24791732.26955783, 24791732.26955783, 24791732.26955783, 24791732.26955783, 24791732.26955783, 24791732.26955783, 24791732.26955783, 24791732.26955783, 24791732.26955783, 24791732.26955783, 24791732.26955783, 24791732.26955783, 24791732.26955783, 24791732.26955783, 24791732.26955783, 24791732.26955783]
2146.2538835445016	2.0	trials	2.0	0.0	0.0	0.0	0.0	False	40.0	1.86	0.005	[24840901.42975423, 24840901.42975423, 24840901.42975423, 24840901.42975423, 24840901.42975423, 24840901.42975423, 24840901.42975423, 24840901.42975423, 24840901.42975423, 24840901.42975423, 24840901.42975423, 24840901.42975423, 24840901.42975423, 24840901.42975423, 24840901.42975423, 24840901.42975423, 24840901.42975423, 24840901.42975423, 24840901.42975423, 24840901.42975423]
2152.99777111658	2.0	trials	2.0	0.0	0.0	0.0	0.0	False	40.0	1.86	0.005	[24918955.684060197, 24918955.684060197, 24918955.684060197, 24918955.684060197, 24918955.684060197, 24918955.684060197, 24918955.684060197, 24918955.684060197, 24918955.684060197, 24918955.684060197, 24918955.684060197, 24918955.684060197, 24918955.684060197, 24918955.684060197, 24918955.684060197, 24918955.684060197, 24918955.684060197, 24918955.684060197, 24918955.684060197, 24918955.684060197]
2158.8087084490385	2.0	trials	2.0	0.0	0.0	0.0	0.0	False	40.0	1.86	0.005	[24986211.903185442, 24986211.903185442, 24986211.903185442, 24986211.903185442, 24986211.903185442, 24986211.903185442, 24986211.903185442, 24986211.903185442, 24986211.903185442, 24986211.903185442, 24986211.903185442, 24986211.903185442, 24986211.903185442, 24986211.903185442, 24986211.903185442, 24986211.903185442, 24986211.903185442, 24986211.903185442, 24986211.903185442, 24986211.903185442]
2164.3068767624727	2.0	trials	2.0	0.0	0.0	0.0	0.0	False	40.0	1.86	0.005	[25049848.110516448, 25049848.110516448, 25049848.110516448, 25049848.110516448, 25049848.110516448, 25049848.110516448, 25049848.110516448, 25049848.110516448, 25049848.110516448, 25049848.110516448, 25049848.110516448, 25049848.110516448, 25049848.110516448, 25049848.110516448, 25049848.110516448, 25049848.110516448, 25049848.110516448, 25049848.110516448, 25049848.110516448, 25049848.110516448]
2251.931191048892	2.0	trials	3.0	0.0	0.0	0.0	0.0	False	40.0	1.86	0.005	[26064018.41475092, 26064018.41475092, 26064018.41475092, 26064018.41475092, 26064018.41475092, 26064018.41475092, 26064018.41475092, 26064018.41475092, 26064018.41475092, 26064018.41475092, 26064018.41475092, 26064018.41475092, 26064018.41475092, 26064018.41475092, 26064018.41475092, 26064018.41475092, 26064018.41475092, 26064018.41475092, 26064018.41475092, 26064018.41475092]
2258.800963831113	2.0	trials	3.0	0.0	0.0	0.0	0.0	False	40.0	1.86	0.005	[26143529.6738039, 26143529.6738039, 26143529.6738039, 26143529.6738039, 26143529.6738039, 26143529.6738039, 26143529.6738039, 26143529.6738039, 26143529.6738039, 26143529.6738039, 26143529.6738039, 26143529.6738039, 26143529.6738039, 26143529.6738039, 26143529.6738039, 26143529.6738039, 26143529.6738039, 26143529.6738039, 26143529.6738039, 26143529.6738039]
2265.6472357367675	2.0	trials	3.0	0.0	0.0	0.0	0.0	False	40.0	1.86	0.005	[26222768.931970686, 26222768.931970686, 26222768.931970686, 26222768.931970686, 26222768.931970686, 26222768.931970686, 26222768.931970686, 26222768.931970686, 26222768.931970686, 26222768.931970686, 26222768.931970686, 26222768.931970686, 26222768.931970686, 26222768.931970686, 26222768.931970686, 26222768.931970686, 26222768.931970686, 26222768.931970686, 26222768.931970686, 26222768.931970686]
2270.201048973424	2.0	trials	3.0	0.0	0.0	0.0	0.0	False	40.0	1.86	0.005	[26275475.10369091, 26275475.10369091, 26275475.10369091, 26275475.10369091, 26275475.10369091, 26275475.10369091, 26275475.10369091, 26275475.10369091, 26275475.10369091, 26275475.10369091, 26275475.10369091, 26275475.10369091, 26275475.10369091, 26275475.10369091, 26275475.10369091, 26275475.10369091, 26275475.10369091, 26275475.10369091, 26275475.10369091, 26275475.10369091]
2275.3318432899264	2.0	trials	3.0	0.0	0.0	0.0	0.0	False	40.0	1.86	0.005	[26334859.297168568, 26334859.297168568, 26334859.297168568, 26334859.297168568, 26334859.297168568, 26334859.297168568, 26334859.297168568, 26334859.297168568, 26334859.297168568, 26334859.297168568, 26334859.297168568, 26334859.297168568, 26334859.297168568, 26334859.297168568, 26334859.297168568, 26334859.297168568, 26334859.297168568, 26334859.297168568, 26334859.297168568, 26334859.297168568]
2279.8796949071593	2.0	trials	3.0	0.0	0.0	0.0	0.0	False	40.0	1.86	0.005	[26387496.468663983, 26387496.468663983, 26387496.468663983, 26387496.468663983, 26387496.468663983, 26387496.468663983, 26387496.468663983, 26387496.468663983, 26387496.468663983, 26387496.468663983, 26387496.468663983, 26387496.468663983, 26387496.468663983, 26387496.468663983, 26387496.468663983, 26387496.468663983, 26387496.468663983, 26387496.468663983, 26387496.468663983, 26387496.468663983]
2285.6995314686123	2.0	trials	3.0	0.0	0.0	0.0	0.0	False	40.0	1.86	0.005	[26454855.688124813, 26454855.688124813, 26454855.688124813, 26454855.688124813, 26454855.688124813, 26454855.688124813, 26454855.688124813, 26454855.688124813, 26454855.688124813, 26454855.688124813, 26454855.688124813, 26454855.688124813, 26454855.688124813, 26454855.688124813, 26454855.688124813, 26454855.688124813, 26454855.688124813, 26454855.688124813, 26454855.688124813, 26454855.688124813]
2293.2542856825535	2.0	trials	3.0	0.0	0.0	0.0	0.0	False	40.0	1.86	0.005	[26542294.97300783, 26542294.97300783, 26542294.97300783, 26542294.97300783, 26542294.97300783, 26542294.97300783, 26542294.97300783, 26542294.97300783, 26542294.97300783, 26542294.97300783, 26542294.97300783, 26542294.97300783, 26542294.97300783, 26542294.97300783, 26542294.97300783, 26542294.97300783, 26542294.97300783, 26542294.97300783, 26542294.97300783, 26542294.97300783]
2300.389393729257	2.0	trials	3.0	0.0	0.0	0.0	0.0	False	40.0	1.86	0.005	[26624877.242066372, 26624877.242066372, 26624877.242066372, 26624877.242066372, 26624877.242066372, 26624877.242066372, 26624877.242066372, 26624877.242066372, 26624877.242066372, 26624877.242066372, 26624877.242066372, 26624877.242066372, 26624877.242066372, 26624877.242066372, 26624877.242066372, 26624877.242066372, 26624877.242066372, 26624877.242066372, 26624877.242066372, 26624877.242066372]
2305.2717872364515	2.0	trials	3.0	0.0	0.0	0.0	0.0	False	40.0	1.86	0.005	[26681386.42617706, 26681386.42617706, 26681386.42617706, 26681386.42617706, 26681386.42617706, 26681386.42617706, 26681386.42617706, 26681386.42617706, 26681386.42617706, 26681386.42617706, 26681386.42617706, 26681386.42617706, 26681386.42617706, 26681386.42617706, 26681386.42617706, 26681386.42617706, 26681386.42617706, 26681386.42617706, 26681386.42617706, 26681386.42617706]
2311.4521721725973	2.0	trials	3.0	0.0	0.0	0.0	0.0	False	40.0	1.86	0.005	[26752918.659233842, 26752918.659233842, 26752918.659233842, 26752918.659233842, 26752918.659233842, 26752918.659233842, 26752918.659233842, 26752918.659233842, 26752918.659233842, 26752918.659233842, 26752918.659233842, 26752918.659233842, 26752918.659233842, 26752918.659233842, 26752918.659233842, 26752918.659233842, 26752918.659233842, 26752918.659233842, 26752918.659233842, 26752918.659233842]
2317.788336816285	2.0	trials	3.0	0.0	0.0	0.0	0.0	False	40.0	1.86	0.005	[26826253.898164947, 26826253.898164947, 26826253.898164947, 26826253.898164947, 26826253.898164947, 26826253.898164947, 26826253.898164947, 26826253.898164947, 26826253.898164947, 26826253.898164947, 26826253.898164947, 26826253.898164947, 26826253.898164947, 26826253.898164947, 26826253.898164947, 26826253.898164947, 26826253.898164947, 26826253.898164947, 26826253.898164947, 26826253.898164947]
2322.110338097681	2.0	trials	3.0	0.0	0.0	0.0	0.0	False	40.0	1.86	0.005	[26876277.061143745, 26876277.061143745, 26876277.061143745, 26876277.061143745, 26876277.061143745, 26876277.061143745, 26876277.061143745, 26876277.061143745, 26876277.061143745, 26876277.061143745, 26876277.061143745, 26876277.061143745, 26876277.061143745, 26876277.061143745, 26876277.061143745, 26876277.061143745, 26876277.061143745, 26876277.061143745, 26876277.061143745, 26876277.061143745]
2327.441494666978	2.0	trials	3.0	0.0	0.0	0.0	0.0	False	40.0	1.86	0.005	[26937980.26217688, 26937980.26217688, 26937980.26217688, 26937980.26217688, 26937980.26217688, 26937980.26217688, 26937980.26217688, 26937980.26217688, 26937980.26217688, 26937980.26217688, 26937980.26217688, 26937980.26217688, 26937980.26217688, 26937980.26217688, 26937980.26217688, 26937980.26217688, 26937980.26217688, 26937980.26217688, 26937980.26217688, 26937980.26217688]
2333.5565609903115	2.0	trials	3.0	0.0	0.0	0.0	0.0	False	40.0	1.86	0.005	[27008756.492770564, 27008756.492770564, 27008756.492770564, 27008756.492770564, 27008756.492770564, 27008756.492770564, 27008756.492770564, 27008756.492770564, 27008756.492770564, 27008756.492770564, 27008756.492770564, 27008756.492770564, 27008756.492770564, 27008756.492770564, 27008756.492770564, 27008756.492770564, 27008756.492770564, 27008756.492770564, 27008756.492770564, 27008756.492770564]
2340.6724017742404	2.0	trials	3.0	0.0	0.0	0.0	0.0	False	40.0	1.86	0.005	[27091115.761102546, 27091115.761102546, 27091115.761102546, 27091115.761102546, 27091115.761102546, 27091115.761102546, 27091115.761102546, 27091115.761102546, 27091115.761102546, 27091115.761102546, 27091115.761102546, 27091115.761102546, 27091115.761102546, 27091115.761102546, 27091115.761102546, 27091115.761102546, 27091115.761102546, 27091115.761102546, 27091115.761102546, 27091115.761102546]
2345.879573939588	2.0	trials	3.0	0.0	0.0	0.0	0.0	False	40.0	1.86	0.005	[27151383.957460355, 27151383.957460355, 27151383.957460355, 27151383.957460355, 27151383.957460355, 27151383.957460355, 27151383.957460355, 27151383.957460355, 27151383.957460355, 27151383.957460355, 27151383.957460355, 27151383.957460355, 27151383.957460355, 27151383.957460355, 27151383.957460355, 27151383.957460355, 27151383.957460355, 27151383.957460355, 27151383.957460355, 27151383.957460355]
2351.028080313798	2.0	trials	3.0	0.0	0.0	0.0	0.0	False	40.0	1.86	0.005	[27210973.15160592, 27210973.15160592, 27210973.15160592, 27210973.15160592, 27210973.15160592, 27210973.15160592, 27210973.15160592, 27210973.15160592, 27210973.15160592, 27210973.15160592, 27210973.15160592, 27210973.15160592, 27210973.15160592, 27210973.15160592, 27210973.15160592, 27210973.15160592, 27210973.15160592, 27210973.15160592, 27210973.15160592, 27210973.15160592]
2358.218570940942	2.0	trials	3.0	0.0	0.0	0.0	0.0	False	40.0	1.86	0.005	[27294196.422752883, 27294196.422752883, 27294196.422752883, 27294196.422752883, 27294196.422752883, 27294196.422752883, 27294196.422752883, 27294196.422752883, 27294196.422752883, 27294196.422752883, 27294196.422752883, 27294196.422752883, 27294196.422752883, 27294196.422752883, 27294196.422752883, 27294196.422752883, 27294196.422752883, 27294196.422752883, 27294196.422752883, 27294196.422752883]
2363.3999094221213	2.0	trials	3.0	0.0	0.0	0.0	0.0	False	40.0	1.86	0.005	[27354165.61813652, 27354165.61813652, 27354165.61813652, 27354165.61813652, 27354165.61813652, 27354165.61813652, 27354165.61813652, 27354165.61813652, 27354165.61813652, 27354165.61813652, 27354165.61813652, 27354165.61813652, 27354165.61813652, 27354165.61813652, 27354165.61813652, 27354165.61813652, 27354165.61813652, 27354165.61813652, 27354165.61813652, 27354165.61813652]
2367.7505955969746	2.0	trials	3.0	0.0	0.0	0.0	0.0	False	40.0	1.86	0.005	[27404520.782197002, 27404520.782197002, 27404520.782197002, 27404520.782197002, 27404520.782197002, 27404520.782197002, 27404520.782197002, 27404520.782197002, 27404520.782197002, 27404520.782197002, 27404520.782197002, 27404520.782197002, 27404520.782197002, 27404520.782197002, 27404520.782197002, 27404520.782197002, 27404520.782197002, 27404520.782197002, 27404520.782197002, 27404520.782197002]
2374.728109530225	2.0	trials	3.0	0.0	0.0	0.0	0.0	False	40.0	1.86	0.005	[27485279.04531281, 27485279.04531281, 27485279.04531281, 27485279.04531281, 27485279.04531281, 27485279.04531281, 27485279.04531281, 27485279.04531281, 27485279.04531281, 27485279.04531281, 27485279.04531281, 27485279.04531281, 27485279.04531281, 27485279.04531281, 27485279.04531281, 27485279.04531281, 27485279.04531281, 27485279.04531281, 27485279.04531281, 27485279.04531281]
2381.8512079378	2.0	trials	3.0	0.0	0.0	0.0	0.0	False	40.0	1.86	0.005	[27567722.313918475, 27567722.313918475, 27567722.313918475, 27567722.313918475, 27567722.313918475, 27567722.313918475, 27567722.313918475, 27567722.313918475, 27567722.313918475, 27567722.313918475, 27567722.313918475, 27567722.313918475, 27567722.313918475, 27567722.313918475, 27567722.313918475, 27567722.313918475, 27567722.313918475, 27567722.313918475, 27567722.313918475, 27567722.313918475]
2389.6202348498578	2.0	trials	3.0	0.0	0.0	0.0	0.0	False	40.0	1.86	0.005	[27657641.60688153, 27657641.60688153, 27657641.60688153, 27657641.60688153, 27657641.60688153, 27657641.60688153, 27657641.60688153, 27657641.60688153, 27657641.60688153, 27657641.60688153, 27657641.60688153, 27657641.60688153, 27657641.60688153, 27657641.60688153, 27657641.60688153, 27657641.60688153, 27657641.60688153, 27657641.60688153, 27657641.60688153, 27657641.60688153]
2396.103020771248	2.0	trials	3.0	0.0	0.0	0.0	0.0	False	40.0	1.86	0.005	[27732673.851341583, 27732673.851341583, 27732673.851341583, 27732673.851341583, 27732673.851341583, 27732673.851341583, 27732673.851341583, 27732673.851341583, 27732673.851341583, 27732673.851341583, 27732673.851341583, 27732673.851341583, 27732673.851341583, 27732673.851341583, 27732673.851341583, 27732673.851341583, 27732673.851341583, 27732673.851341583, 27732673.851341583, 27732673.851341583]
2402.922422189356	2.0	trials	3.0	0.0	0.0	0.0	0.0	False	40.0	1.86	0.005	[27811602.10849511, 27811602.10849511, 27811602.10849511, 27811602.10849511, 27811602.10849511, 27811602.10849511, 27811602.10849511, 27811602.10849511, 27811602.10849511, 27811602.10849511, 27811602.10849511, 27811602.10849511, 27811602.10849511, 27811602.10849511, 27811602.10849511, 27811602.10849511, 27811602.10849511, 27811602.10849511, 27811602.10849511, 27811602.10849511]
2410.2842445747115	2.0	trials	3.0	0.0	0.0	0.0	0.0	False	40.0	1.86	0.005	[27896808.386102844, 27896808.386102844, 27896808.386102844, 27896808.386102844, 27896808.386102844, 27896808.386102844, 27896808.386102844, 27896808.386102844, 27896808.386102844, 27896808.386102844, 27896808.386102844, 27896808.386102844, 27896808.386102844, 27896808.386102844, 27896808.386102844, 27896808.386102844, 27896808.386102844, 27896808.386102844, 27896808.386102844, 27896808.386102844]
2418.3070291135296	2.0	trials	3.0	0.0	0.0	0.0	0.0	False	40.0	1.86	0.005	[27989664.688634865, 27989664.688634865, 27989664.688634865, 27989664.688634865, 27989664.688634865, 27989664.688634865, 27989664.688634865, 27989664.688634865, 27989664.688634865, 27989664.688634865, 27989664.688634865, 27989664.688634865, 27989664.688634865, 27989664.688634865, 27989664.688634865, 27989664.688634865, 27989664.688634865, 27989664.688634865, 27989664.688634865, 27989664.688634865]
2424.510828525961	2.0	trials	3.0	0.0	0.0	0.0	0.0	False	40.0	1.86	0.005	[28061467.922574587, 28061467.922574587, 28061467.922574587, 28061467.922574587, 28061467.922574587, 28061467.922574587, 28061467.922574587, 28061467.922574587, 28061467.922574587, 28061467.922574587, 28061467.922574587, 28061467.922574587, 28061467.922574587, 28061467.922574587, 28061467.922574587, 28061467.922574587, 28061467.922574587, 28061467.922574587, 28061467.922574587, 28061467.922574587]
2431.194581502117	2.0	trials	3.0	0.0	0.0	0.0	0.0	False	40.0	1.86	0.005	[28138826.174612936, 28138826.174612936, 28138826.174612936, 28138826.174612936, 28138826.174612936, 28138826.174612936, 28138826.174612936, 28138826.174612936, 28138826.174612936, 28138826.174612936, 28138826.174612936, 28138826.174612936, 28138826.174612936, 28138826.174612936, 28138826.174612936, 28138826.174612936, 28138826.174612936, 28138826.174612936, 28138826.174612936, 28138826.174612936]
2436.1330487920045	2.0	trials	3.0	0.0	0.0	0.0	0.0	False	40.0	1.86	0.005	[28195984.360838115, 28195984.360838115, 28195984.360838115, 28195984.360838115, 28195984.360838115, 28195984.360838115, 28195984.360838115, 28195984.360838115, 28195984.360838115, 28195984.360838115, 28195984.360838115, 28195984.360838115, 28195984.360838115, 28195984.360838115, 28195984.360838115, 28195984.360838115, 28195984.360838115, 28195984.360838115, 28195984.360838115, 28195984.360838115]
2440.942174860488	2.0	trials	3.0	0.0	0.0	0.0	0.0	False	40.0	1.86	0.005	[28251645.54218595, 28251645.54218595, 28251645.54218595, 28251645.54218595, 28251645.54218595, 28251645.54218595, 28251645.54218595, 28251645.54218595, 28251645.54218595, 28251645.54218595, 28251645.54218595, 28251645.54218595, 28251645.54218595, 28251645.54218595, 28251645.54218595, 28251645.54218595, 28251645.54218595, 28251645.54218595, 28251645.54218595, 28251645.54218595]
2448.085145332808	2.0	trials	3.0	0.0	0.0	0.0	0.0	False	40.0	1.86	0.005	[28334318.81154098, 28334318.81154098, 28334318.81154098, 28334318.81154098, 28334318.81154098, 28334318.81154098, 28334318.81154098, 28334318.81154098, 28334318.81154098, 28334318.81154098, 28334318.81154098, 28334318.81154098, 28334318.81154098, 28334318.81154098, 28334318.81154098, 28334318.81154098, 28334318.81154098, 28334318.81154098, 28334318.81154098, 28334318.81154098]
2453.0847840219963	2.0	trials	3.0	0.0	0.0	0.0	0.0	False	40.0	1.86	0.005	[28392185.000072878, 28392185.000072878, 28392185.000072878, 28392185.000072878, 28392185.000072878, 28392185.000072878, 28392185.000072878, 28392185.000072878, 28392185.000072878, 28392185.000072878, 28392185.000072878, 28392185.000072878, 28392185.000072878, 28392185.000072878, 28392185.000072878, 28392185.000072878, 28392185.000072878, 28392185.000072878, 28392185.000072878, 28392185.000072878]
2457.432705387842	2.0	trials	3.0	0.0	0.0	0.0	0.0	False	40.0	1.86	0.005	[28442508.164029103, 28442508.164029103, 28442508.164029103, 28442508.164029103, 28442508.164029103, 28442508.164029103, 28442508.164029103, 28442508.164029103, 28442508.164029103, 28442508.164029103, 28442508.164029103, 28442508.164029103, 28442508.164029103, 28442508.164029103, 28442508.164029103, 28442508.164029103, 28442508.164029103, 28442508.164029103, 28442508.164029103, 28442508.164029103]
2463.6118807200464	2.0	trials	3.0	0.0	0.0	0.0	0.0	False	40.0	1.86	0.005	[28514026.39704027, 28514026.39704027, 28514026.39704027, 28514026.39704027, 28514026.39704027, 28514026.39704027, 28514026.39704027, 28514026.39704027, 28514026.39704027, 28514026.39704027, 28514026.39704027, 28514026.39704027, 28514026.39704027, 28514026.39704027, 28514026.39704027, 28514026.39704027, 28514026.39704027, 28514026.39704027, 28514026.39704027, 28514026.39704027]
2467.830979266178	2.0	trials	3.0	0.0	0.0	0.0	0.0	False	40.0	1.86	0.005	[28562858.5561387, 28562858.5561387, 28562858.5561387, 28562858.5561387, 28562858.5561387, 28562858.5561387, 28562858.5561387, 28562858.5561387, 28562858.5561387, 28562858.5561387, 28562858.5561387, 28562858.5561387, 28562858.5561387, 28562858.5561387, 28562858.5561387, 28562858.5561387, 28562858.5561387, 28562858.5561387, 28562858.5561387, 28562858.5561387]
2473.5011705400757	2.0	trials	3.0	0.0	0.0	0.0	0.0	False	40.0	1.86	0.005	[28628485.769956544, 28628485.769956544, 28628485.769956544, 28628485.769956544, 28628485.769956544, 28628485.769956544, 28628485.769956544, 28628485.769956544, 28628485.769956544, 28628485.769956544, 28628485.769956544, 28628485.769956544, 28628485.769956544, 28628485.769956544, 28628485.769956544, 28628485.769956544, 28628485.769956544, 28628485.769956544, 28628485.769956544, 28628485.769956544]
2481.2531765966773	2.0	trials	3.0	0.0	0.0	0.0	0.0	False	40.0	1.86	0.005	[28718208.062277745, 28718208.062277745, 28718208.062277745, 28718208.062277745, 28718208.062277745, 28718208.062277745, 28718208.062277745, 28718208.062277745, 28718208.062277745, 28718208.062277745, 28718208.062277745, 28718208.062277745, 28718208.062277745, 28718208.062277745, 28718208.062277745, 28718208.062277745, 28718208.062277745, 28718208.062277745, 28718208.062277745, 28718208.062277745]
2488.4259551661144	2.0	trials	3.0	0.0	0.0	0.0	0.0	False	40.0	1.86	0.005	[28801226.33275681, 28801226.33275681, 28801226.33275681, 28801226.33275681, 28801226.33275681, 28801226.33275681, 28801226.33275681, 28801226.33275681, 28801226.33275681, 28801226.33275681, 28801226.33275681, 28801226.33275681, 28801226.33275681, 28801226.33275681, 28801226.33275681, 28801226.33275681, 28801226.33275681, 28801226.33275681, 28801226.33275681, 28801226.33275681]
2493.344895992383	2.0	trials	3.0	0.0	0.0	0.0	0.0	False	40.0	1.86	0.005	[28858158.518245667, 28858158.518245667, 28858158.518245667, 28858158.518245667, 28858158.518245667, 28858158.518245667, 28858158.518245667, 28858158.518245667, 28858158.518245667, 28858158.518245667, 28858158.518245667, 28858158.518245667, 28858158.518245667, 28858158.518245667, 28858158.518245667, 28858158.518245667, 28858158.518245667, 28858158.518245667, 28858158.518245667, 28858158.518245667]
2500.543249045143	2.0	trials	3.0	0.0	0.0	0.0	0.0	False	40.0	1.86	0.005	[28941472.789689116, 28941472.789689116, 28941472.789689116, 28941472.789689116, 28941472.789689116, 28941472.789689116, 28941472.789689116, 28941472.789689116, 28941472.789689116, 28941472.789689116, 28941472.789689116, 28941472.789689116, 28941472.789689116, 28941472.789689116, 28941472.789689116, 28941472.789689116, 28941472.789689116, 28941472.789689116, 28941472.789689116, 28941472.789689116]
2506.567163071495	2.0	trials	3.0	0.0	0.0	0.0	0.0	False	40.0	1.86	0.005	[29011194.01684552, 29011194.01684552, 29011194.01684552, 29011194.01684552, 29011194.01684552, 29011194.01684552, 29011194.01684552, 29011194.01684552, 29011194.01684552, 29011194.01684552, 29011194.01684552, 29011194.01684552, 29011194.01684552, 29011194.01684552, 29011194.01684552, 29011194.01684552, 29011194.01684552, 29011194.01684552, 29011194.01684552, 29011194.01684552]
2513.089865922938	2.0	trials	3.0	0.0	0.0	0.0	0.0	False	40.0	1.86	0.005	[29086688.26281081, 29086688.26281081, 29086688.26281081, 29086688.26281081, 29086688.26281081, 29086688.26281081, 29086688.26281081, 29086688.26281081, 29086688.26281081, 29086688.26281081, 29086688.26281081, 29086688.26281081, 29086688.26281081, 29086688.26281081, 29086688.26281081, 29086688.26281081, 29086688.26281081, 29086688.26281081, 29086688.26281081, 29086688.26281081]
2518.32727818681	2.0	trials	3.0	0.0	0.0	0.0	0.0	False	40.0	1.86	0.005	[29147306.460308943, 29147306.460308943, 29147306.460308943, 29147306.460308943, 29147306.460308943, 29147306.460308943, 29147306.460308943, 29147306.460308943, 29147306.460308943, 29147306.460308943, 29147306.460308943, 29147306.460308943, 29147306.460308943, 29147306.460308943, 29147306.460308943, 29147306.460308943, 29147306.460308943, 29147306.460308943, 29147306.460308943, 29147306.460308943]
2525.648146838735	2.0	trials	3.0	0.0	0.0	0.0	0.0	False	40.0	1.86	0.005	[29232038.736372348, 29232038.736372348, 29232038.736372348, 29232038.736372348, 29232038.736372348, 29232038.736372348, 29232038.736372348, 29232038.736372348, 29232038.736372348, 29232038.736372348, 29232038.736372348, 29232038.736372348, 29232038.736372348, 29232038.736372348, 29232038.736372348, 29232038.736372348, 29232038.736372348, 29232038.736372348, 29232038.736372348, 29232038.736372348]
2530.66031356874	2.0	trials	3.0	0.0	0.0	0.0	0.0	False	40.0	1.86	0.005	[29290049.925376665, 29290049.925376665, 29290049.925376665, 29290049.925376665, 29290049.925376665, 29290049.925376665, 29290049.925376665, 29290049.925376665, 29290049.925376665, 29290049.925376665, 29290049.925376665, 29290049.925376665, 29290049.925376665, 29290049.925376665, 29290049.925376665, 29290049.925376665, 29290049.925376665, 29290049.925376665, 29290049.925376665, 29290049.925376665]
2536.2854038956957	2.0	trials	3.0	0.0	0.0	0.0	0.0	False	40.0	1.86	0.005	[29355155.13749379, 29355155.13749379, 29355155.13749379, 29355155.13749379, 29355155.13749379, 29355155.13749379, 29355155.13749379, 29355155.13749379, 29355155.13749379, 29355155.13749379, 29355155.13749379, 29355155.13749379, 29355155.13749379, 29355155.13749379, 29355155.13749379, 29355155.13749379, 29355155.13749379, 29355155.13749379, 29355155.13749379, 29355155.13749379]
2542.8494924819756	2.0	trials	3.0	0.0	0.0	0.0	0.0	False	40.0	1.86	0.005	[29431128.385019694, 29431128.385019694, 29431128.385019694, 29431128.385019694, 29431128.385019694, 29431128.385019694, 29431128.385019694, 29431128.385019694, 29431128.385019694, 29431128.385019694, 29431128.385019694, 29431128.385019694, 29431128.385019694, 29431128.385019694, 29431128.385019694, 29431128.385019694, 29431128.385019694, 29431128.385019694, 29431128.385019694, 29431128.385019694]
2550.2238429081485	2.0	trials	3.0	0.0	0.0	0.0	0.0	False	40.0	1.86	0.005	[29516479.66309985, 29516479.66309985, 29516479.66309985, 29516479.66309985, 29516479.66309985, 29516479.66309985, 29516479.66309985, 29516479.66309985, 29516479.66309985, 29516479.66309985, 29516479.66309985, 29516479.66309985, 29516479.66309985, 29516479.66309985, 29516479.66309985, 29516479.66309985, 29516479.66309985, 29516479.66309985, 29516479.66309985, 29516479.66309985]
2573.6867033518624	2.0	trials	4.0	0.0	0.0	0.0	0.0	False	40.0	1.86	0.2	[29788040.54786332, 29788040.54786332, 29788040.54786332, 29788040.54786332, 29788040.54786332, 29788040.54786332, 29788040.54786332, 29788040.54786332, 29788040.54786332, 29788040.54786332, 29788040.54786332, 29788040.54786332, 29788040.54786332, 29788040.54786332, 29788040.54786332, 29788040.54786332, 29788040.54786332, 29788040.54786332, 29788040.54786332, 29788040.54786332]
2581.4806135449912	2.0	trials	4.0	0.0	0.0	0.0	0.0	False	40.0	1.86	0.2	[29878247.841764696, 29878247.841764696, 29878247.841764696, 29878247.841764696, 29878247.841764696, 29878247.841764696, 29878247.841764696, 29878247.841764696, 29878247.841764696, 29878247.841764696, 29878247.841764696, 29878247.841764696, 29878247.841764696, 29878247.841764696, 29878247.841764696, 29878247.841764696, 29878247.841764696, 29878247.841764696, 29878247.841764696, 29878247.841764696]
2587.8692231595483	2.0	trials	4.0	0.0	0.0	0.0	0.0	False	40.0	1.86	0.2	[29952190.08267345, 29952190.08267345, 29952190.08267345, 29952190.08267345, 29952190.08267345, 29952190.08267345, 29952190.08267345, 29952190.08267345, 29952190.08267345, 29952190.08267345, 29952190.08267345, 29952190.08267345, 29952190.08267345, 29952190.08267345, 29952190.08267345, 29952190.08267345, 29952190.08267345, 29952190.08267345, 29952190.08267345, 29952190.08267345]
2592.293176773112	2.0	trials	4.0	0.0	0.0	0.0	0.0	False	40.0	1.86	0.2	[30003393.249496777, 30003393.249496777, 30003393.249496777, 30003393.249496777, 30003393.249496777, 30003393.249496777, 30003393.249496777, 30003393.249496777, 30003393.249496777, 30003393.249496777, 30003393.249496777, 30003393.249496777, 30003393.249496777, 30003393.249496777, 30003393.249496777, 30003393.249496777, 30003393.249496777, 30003393.249496777, 30003393.249496777, 30003393.249496777]
2599.3347133149528	2.0	trials	4.0	0.0	0.0	0.0	0.0	False	40.0	1.86	0.2	[30084892.51502682, 30084892.51502682, 30084892.51502682, 30084892.51502682, 30084892.51502682, 30084892.51502682, 30084892.51502682, 30084892.51502682, 30084892.51502682, 30084892.51502682, 30084892.51502682, 30084892.51502682, 30084892.51502682, 30084892.51502682, 30084892.51502682, 30084892.51502682, 30084892.51502682, 30084892.51502682, 30084892.51502682, 30084892.51502682]
2605.3470497035837	2.0	trials	4.0	0.0	0.0	0.0	0.0	False	40.0	1.86	0.2	[30154479.741746638, 30154479.741746638, 30154479.741746638, 30154479.741746638, 30154479.741746638, 30154479.741746638, 30154479.741746638, 30154479.741746638, 30154479.741746638, 30154479.741746638, 30154479.741746638, 30154479.741746638, 30154479.741746638, 30154479.741746638, 30154479.741746638, 30154479.741746638, 30154479.741746638, 30154479.741746638, 30154479.741746638, 30154479.741746638]
2610.098546784309	2.0	trials	4.0	0.0	0.0	0.0	0.0	False	40.0	1.86	0.2	[30209473.920921344, 30209473.920921344, 30209473.920921344, 30209473.920921344, 30209473.920921344, 30209473.920921344, 30209473.920921344, 30209473.920921344, 30209473.920921344, 30209473.920921344, 30209473.920921344, 30209473.920921344, 30209473.920921344, 30209473.920921344, 30209473.920921344, 30209473.920921344, 30209473.920921344, 30209473.920921344, 30209473.920921344, 30209473.920921344]
2617.358762438622	2.0	trials	4.0	0.0	0.0	0.0	0.0	False	40.0	1.86	0.2	[30293504.194697578, 30293504.194697578, 30293504.194697578, 30293504.194697578, 30293504.194697578, 30293504.194697578, 30293504.194697578, 30293504.194697578, 30293504.194697578, 30293504.194697578, 30293504.194697578, 30293504.194697578, 30293504.194697578, 30293504.194697578, 30293504.194697578, 30293504.194697578, 30293504.194697578, 30293504.194697578, 30293504.194697578, 30293504.194697578]
2623.0951363281474	2.0	trials	4.0	0.0	0.0	0.0	0.0	False	40.0	1.86	0.2	[30359897.411011107, 30359897.411011107, 30359897.411011107, 30359897.411011107, 30359897.411011107, 30359897.411011107, 30359897.411011107, 30359897.411011107, 30359897.411011107, 30359897.411011107, 30359897.411011107, 30359897.411011107, 30359897.411011107, 30359897.411011107, 30359897.411011107, 30359897.411011107, 30359897.411011107, 30359897.411011107, 30359897.411011107, 30359897.411011107]
2627.6188822668423	2.0	trials	4.0	0.0	0.0	0.0	0.0	False	40.0	1.86	0.2	[30412255.58159752, 30412255.58159752, 30412255.58159752, 30412255.58159752, 30412255.58159752, 30412255.58159752, 30412255.58159752, 30412255.58159752, 30412255.58159752, 30412255.58159752, 30412255.58159752, 30412255.58159752, 30412255.58159752, 30412255.58159752, 30412255.58159752, 30412255.58159752, 30412255.58159752, 30412255.58159752, 30412255.58159752, 30412255.58159752]
2632.091652039453	2.0	trials	4.0	0.0	0.0	0.0	0.0	False	40.0	1.86	0.2	[30464023.750261664, 30464023.750261664, 30464023.750261664, 30464023.750261664, 30464023.750261664, 30464023.750261664, 30464023.750261664, 30464023.750261664, 30464023.750261664, 30464023.750261664, 30464023.750261664, 30464023.750261664, 30464023.750261664, 30464023.750261664, 30464023.750261664, 30464023.750261664, 30464023.750261664, 30464023.750261664, 30464023.750261664, 30464023.750261664]
2638.031498591907	2.0	trials	4.0	0.0	0.0	0.0	0.0	False	40.0	1.86	0.2	[30532771.974247962, 30532771.974247962, 30532771.974247962, 30532771.974247962, 30532771.974247962, 30532771.974247962, 30532771.974247962, 30532771.974247962, 30532771.974247962, 30532771.974247962, 30532771.974247962, 30532771.974247962, 30532771.974247962, 30532771.974247962, 30532771.974247962, 30532771.974247962, 30532771.974247962, 30532771.974247962, 30532771.974247962, 30532771.974247962]
2645.937210749295	2.0	trials	4.0	0.0	0.0	0.0	0.0	False	40.0	1.86	0.2	[30624273.27236529, 30624273.27236529, 30624273.27236529, 30624273.27236529, 30624273.27236529, 30624273.27236529, 30624273.27236529, 30624273.27236529, 30624273.27236529, 30624273.27236529, 30624273.27236529, 30624273.27236529, 30624273.27236529, 30624273.27236529, 30624273.27236529, 30624273.27236529, 30624273.27236529, 30624273.27236529, 30624273.27236529, 30624273.27236529]
2650.521004883631	2.0	trials	4.0	0.0	0.0	0.0	0.0	False	40.0	1.86	0.2	[30677326.445216063, 30677326.445216063, 30677326.445216063, 30677326.445216063, 30677326.445216063, 30677326.445216063, 30677326.445216063, 30677326.445216063, 30677326.445216063, 30677326.445216063, 30677326.445216063, 30677326.445216063, 30677326.445216063, 30677326.445216063, 30677326.445216063, 30677326.445216063, 30677326.445216063, 30677326.445216063, 30677326.445216063, 30677326.445216063]
2657.205189861194	2.0	trials	4.0	0.0	0.0	0.0	0.0	False	40.0	1.86	0.2	[30754689.69727069, 30754689.69727069, 30754689.69727069, 30754689.69727069, 30754689.69727069, 30754689.69727069, 30754689.69727069, 30754689.69727069, 30754689.69727069, 30754689.69727069, 30754689.69727069, 30754689.69727069, 30754689.69727069, 30754689.69727069, 30754689.69727069, 30754689.69727069, 30754689.69727069, 30754689.69727069, 30754689.69727069, 30754689.69727069]
2664.380992440483	2.0	trials	4.0	0.0	0.0	0.0	0.0	False	40.0	1.86	0.2	[30837742.967863787, 30837742.967863787, 30837742.967863787, 30837742.967863787, 30837742.967863787, 30837742.967863787, 30837742.967863787, 30837742.967863787, 30837742.967863787, 30837742.967863787, 30837742.967863787, 30837742.967863787, 30837742.967863787, 30837742.967863787, 30837742.967863787, 30837742.967863787, 30837742.967863787, 30837742.967863787, 30837742.967863787, 30837742.967863787]
2670.0873854323286	2.0	trials	4.0	0.0	0.0	0.0	0.0	False	40.0	1.86	0.2	[30903789.18304676, 30903789.18304676, 30903789.18304676, 30903789.18304676, 30903789.18304676, 30903789.18304676, 30903789.18304676, 30903789.18304676, 30903789.18304676, 30903789.18304676, 30903789.18304676, 30903789.18304676, 30903789.18304676, 30903789.18304676, 30903789.18304676, 30903789.18304676, 30903789.18304676, 30903789.18304676, 30903789.18304676, 30903789.18304676]
2677.0716385875357	2.0	trials	4.0	0.0	0.0	0.0	0.0	False	40.0	1.86	0.2	[30984625.446416695, 30984625.446416695, 30984625.446416695, 30984625.446416695, 30984625.446416695, 30984625.446416695, 30984625.446416695, 30984625.446416695, 30984625.446416695, 30984625.446416695, 30984625.446416695, 30984625.446416695, 30984625.446416695, 30984625.446416695, 30984625.446416695, 30984625.446416695, 30984625.446416695, 30984625.446416695, 30984625.446416695, 30984625.446416695]
2684.8714239998067	2.0	trials	4.0	0.0	0.0	0.0	0.0	False	40.0	1.86	0.2	[31074900.740539625, 31074900.740539625, 31074900.740539625, 31074900.740539625, 31074900.740539625, 31074900.740539625, 31074900.740539625, 31074900.740539625, 31074900.740539625, 31074900.740539625, 31074900.740539625, 31074900.740539625, 31074900.740539625, 31074900.740539625, 31074900.740539625, 31074900.740539625, 31074900.740539625, 31074900.740539625, 31074900.740539625, 31074900.740539625]
2689.7973632488765	2.0	trials	4.0	0.0	0.0	0.0	0.0	False	40.0	1.86	0.2	[31131913.926292382, 31131913.926292382, 31131913.926292382, 31131913.926292382, 31131913.926292382, 31131913.926292382, 31131913.926292382, 31131913.926292382, 31131913.926292382, 31131913.926292382, 31131913.926292382, 31131913.926292382, 31131913.926292382, 31131913.926292382, 31131913.926292382, 31131913.926292382, 31131913.926292382, 31131913.926292382, 31131913.926292382, 31131913.926292382]
2694.717340878523	2.0	trials	4.0	0.0	0.0	0.0	0.0	False	40.0	1.86	0.2	[31188858.111820333, 31188858.111820333, 31188858.111820333, 31188858.111820333, 31188858.111820333, 31188858.111820333, 31188858.111820333, 31188858.111820333, 31188858.111820333, 31188858.111820333, 31188858.111820333, 31188858.111820333, 31188858.111820333, 31188858.111820333, 31188858.111820333, 31188858.111820333, 31188858.111820333, 31188858.111820333, 31188858.111820333, 31188858.111820333]
2700.263893349597	2.0	trials	4.0	0.0	0.0	0.0	0.0	False	40.0	1.86	0.2	[31253054.32097587, 31253054.32097587, 31253054.32097587, 31253054.32097587, 31253054.32097587, 31253054.32097587, 31253054.32097587, 31253054.32097587, 31253054.32097587, 31253054.32097587, 31253054.32097587, 31253054.32097587, 31253054.32097587, 31253054.32097587, 31253054.32097587, 31253054.32097587, 31253054.32097587, 31253054.32097587, 31253054.32097587, 31253054.32097587]
2707.2756217943206	2.0	trials	4.0	0.0	0.0	0.0	0.0	False	40.0	1.86	0.2	[31334208.585381877, 31334208.585381877, 31334208.585381877, 31334208.585381877, 31334208.585381877, 31334208.585381877, 31334208.585381877, 31334208.585381877, 31334208.585381877, 31334208.585381877, 31334208.585381877, 31334208.585381877, 31334208.585381877, 31334208.585381877, 31334208.585381877, 31334208.585381877, 31334208.585381877, 31334208.585381877, 31334208.585381877, 31334208.585381877]
2714.4753572515847	2.0	trials	4.0	0.0	0.0	0.0	0.0	False	40.0	1.86	0.2	[31417538.856877454, 31417538.856877454, 31417538.856877454, 31417538.856877454, 31417538.856877454, 31417538.856877454, 31417538.856877454, 31417538.856877454, 31417538.856877454, 31417538.856877454, 31417538.856877454, 31417538.856877454, 31417538.856877454, 31417538.856877454, 31417538.856877454, 31417538.856877454, 31417538.856877454, 31417538.856877454, 31417538.856877454, 31417538.856877454]
2720.919349446582	2.0	trials	4.0	0.0	0.0	0.0	0.0	False	40.0	1.86	0.2	[31492122.099874634, 31492122.099874634, 31492122.099874634, 31492122.099874634, 31492122.099874634, 31492122.099874634, 31492122.099874634, 31492122.099874634, 31492122.099874634, 31492122.099874634, 31492122.099874634, 31492122.099874634, 31492122.099874634, 31492122.099874634, 31492122.099874634, 31492122.099874634, 31492122.099874634, 31492122.099874634, 31492122.099874634, 31492122.099874634]
2728.467710039692	2.0	trials	4.0	0.0	0.0	0.0	0.0	False	40.0	1.86	0.2	[31579487.38451655, 31579487.38451655, 31579487.38451655, 31579487.38451655, 31579487.38451655, 31579487.38451655, 31579487.38451655, 31579487.38451655, 31579487.38451655, 31579487.38451655, 31579487.38451655, 31579487.38451655, 31579487.38451655, 31579487.38451655, 31579487.38451655, 31579487.38451655, 31579487.38451655, 31579487.38451655, 31579487.38451655, 31579487.38451655]
2732.867989976126	2.0	trials	4.0	0.0	0.0	0.0	0.0	False	40.0	1.86	0.2	[31630416.550447173, 31630416.550447173, 31630416.550447173, 31630416.550447173, 31630416.550447173, 31630416.550447173, 31630416.550447173, 31630416.550447173, 31630416.550447173, 31630416.550447173, 31630416.550447173, 31630416.550447173, 31630416.550447173, 31630416.550447173, 31630416.550447173, 31630416.550447173, 31630416.550447173, 31630416.550447173, 31630416.550447173, 31630416.550447173]
2739.6503256734713	2.0	trials	4.0	0.0	0.0	0.0	0.0	False	40.0	1.86	0.2	[31708915.80620298, 31708915.80620298, 31708915.80620298, 31708915.80620298, 31708915.80620298, 31708915.80620298, 31708915.80620298, 31708915.80620298, 31708915.80620298, 31708915.80620298, 31708915.80620298, 31708915.80620298, 31708915.80620298, 31708915.80620298, 31708915.80620298, 31708915.80620298, 31708915.80620298, 31708915.80620298, 31708915.80620298, 31708915.80620298]
2745.10607144869	2.0	trials	4.0	0.0	0.0	0.0	0.0	False	40.0	1.86	0.2	[31772061.011934273, 31772061.011934273, 31772061.011934273, 31772061.011934273, 31772061.011934273, 31772061.011934273, 31772061.011934273, 31772061.011934273, 31772061.011934273, 31772061.011934273, 31772061.011934273, 31772061.011934273, 31772061.011934273, 31772061.011934273, 31772061.011934273, 31772061.011934273, 31772061.011934273, 31772061.011934273, 31772061.011934273, 31772061.011934273]
2749.4086326667484	2.0	trials	4.0	0.0	0.0	0.0	0.0	False	40.0	1.86	0.2	[31821859.17418, 31821859.17418, 31821859.17418, 31821859.17418, 31821859.17418, 31821859.17418, 31821859.17418, 31821859.17418, 31821859.17418, 31821859.17418, 31821859.17418, 31821859.17418, 31821859.17418, 31821859.17418, 31821859.17418, 31821859.17418, 31821859.17418, 31821859.17418, 31821859.17418, 31821859.17418]
2755.342171998653	2.0	trials	4.0	0.0	0.0	0.0	0.0	False	40.0	1.86	0.2	[31890534.39792846, 31890534.39792846, 31890534.39792846, 31890534.39792846, 31890534.39792846, 31890534.39792846, 31890534.39792846, 31890534.39792846, 31890534.39792846, 31890534.39792846, 31890534.39792846, 31890534.39792846, 31890534.39792846, 31890534.39792846, 31890534.39792846, 31890534.39792846, 31890534.39792846, 31890534.39792846, 31890534.39792846, 31890534.39792846]
2761.1321140627074	2.0	trials	4.0	0.0	0.0	0.0	0.0	False	40.0	1.86	0.2	[31957547.616261993, 31957547.616261993, 31957547.616261993, 31957547.616261993, 31957547.616261993, 31957547.616261993, 31957547.616261993, 31957547.616261993, 31957547.616261993, 31957547.616261993, 31957547.616261993, 31957547.616261993, 31957547.616261993, 31957547.616261993, 31957547.616261993, 31957547.616261993, 31957547.616261993, 31957547.616261993, 31957547.616261993, 31957547.616261993]
2773.3258721908624	2.0	trials	4.0	0.0	0.0	0.0	0.0	False	40.0	1.86	0.2	[32098679.0760777, 32098679.0760777, 32098679.0760777, 32098679.0760777, 32098679.0760777, 32098679.0760777, 32098679.0760777, 32098679.0760777, 32098679.0760777, 32098679.0760777, 32098679.0760777, 32098679.0760777, 32098679.0760777, 32098679.0760777, 32098679.0760777, 32098679.0760777, 32098679.0760777, 32098679.0760777, 32098679.0760777, 32098679.0760777]
2778.4619369245365	2.0	trials	4.0	0.0	0.0	0.0	0.0	False	40.0	1.86	0.2	[32158124.2697541, 32158124.2697541, 32158124.2697541, 32158124.2697541, 32158124.2697541, 32158124.2697541, 32158124.2697541, 32158124.2697541, 32158124.2697541, 32158124.2697541, 32158124.2697541, 32158124.2697541, 32158124.2697541, 32158124.2697541, 32158124.2697541, 32158124.2697541, 32158124.2697541, 32158124.2697541, 32158124.2697541, 32158124.2697541]
2783.656062647378	2.0	trials	4.0	0.0	0.0	0.0	0.0	False	40.0	1.86	0.2	[32218241.465619937, 32218241.465619937, 32218241.465619937, 32218241.465619937, 32218241.465619937, 32218241.465619937, 32218241.465619937, 32218241.465619937, 32218241.465619937, 32218241.465619937, 32218241.465619937, 32218241.465619937, 32218241.465619937, 32218241.465619937, 32218241.465619937, 32218241.465619937, 32218241.465619937, 32218241.465619937, 32218241.465619937, 32218241.465619937]
2788.385095654913	2.0	trials	4.0	0.0	0.0	0.0	0.0	False	40.0	1.86	0.2	[32272975.64394754, 32272975.64394754, 32272975.64394754, 32272975.64394754, 32272975.64394754, 32272975.64394754, 32272975.64394754, 32272975.64394754, 32272975.64394754, 32272975.64394754, 32272975.64394754, 32272975.64394754, 32272975.64394754, 32272975.64394754, 32272975.64394754, 32272975.64394754, 32272975.64394754, 32272975.64394754, 32272975.64394754, 32272975.64394754]
2796.3882673298313	2.0	trials	4.0	0.0	0.0	0.0	0.0	False	40.0	1.86	0.2	[32365604.94573998, 32365604.94573998, 32365604.94573998, 32365604.94573998, 32365604.94573998, 32365604.94573998, 32365604.94573998, 32365604.94573998, 32365604.94573998, 32365604.94573998, 32365604.94573998, 32365604.94573998, 32365604.94573998, 32365604.94573998, 32365604.94573998, 32365604.94573998, 32365604.94573998, 32365604.94573998, 32365604.94573998, 32365604.94573998]
2801.308417760041	2.0	trials	4.0	0.0	0.0	0.0	0.0	False	40.0	1.86	0.2	[32422551.13127445, 32422551.13127445, 32422551.13127445, 32422551.13127445, 32422551.13127445, 32422551.13127445, 32422551.13127445, 32422551.13127445, 32422551.13127445, 32422551.13127445, 32422551.13127445, 32422551.13127445, 32422551.13127445, 32422551.13127445, 32422551.13127445, 32422551.13127445, 32422551.13127445, 32422551.13127445, 32422551.13127445, 32422551.13127445]
2806.438261673447	2.0	trials	4.0	0.0	0.0	0.0	0.0	False	40.0	1.86	0.2	[32481924.32471627, 32481924.32471627, 32481924.32471627, 32481924.32471627, 32481924.32471627, 32481924.32471627, 32481924.32471627, 32481924.32471627, 32481924.32471627, 32481924.32471627, 32481924.32471627, 32481924.32471627, 32481924.32471627, 32481924.32471627, 32481924.32471627, 32481924.32471627, 32481924.32471627, 32481924.32471627, 32481924.32471627, 32481924.32471627]
2814.028699203647	2.0	trials	4.0	0.0	0.0	0.0	0.0	False	40.0	1.86	0.2	[32569776.61094488, 32569776.61094488, 32569776.61094488, 32569776.61094488, 32569776.61094488, 32569776.61094488, 32569776.61094488, 32569776.61094488, 32569776.61094488, 32569776.61094488, 32569776.61094488, 32569776.61094488, 32569776.61094488, 32569776.61094488, 32569776.61094488, 32569776.61094488, 32569776.61094488, 32569776.61094488, 32569776.61094488, 32569776.61094488]
2819.428543996736	2.0	trials	4.0	0.0	0.0	0.0	0.0	False	40.0	1.86	0.2	[32632274.81456819, 32632274.81456819, 32632274.81456819, 32632274.81456819, 32632274.81456819, 32632274.81456819, 32632274.81456819, 32632274.81456819, 32632274.81456819, 32632274.81456819, 32632274.81456819, 32632274.81456819, 32632274.81456819, 32632274.81456819, 32632274.81456819, 32632274.81456819, 32632274.81456819, 32632274.81456819, 32632274.81456819, 32632274.81456819]
2826.996690254309	2.0	trials	4.0	0.0	0.0	0.0	0.0	False	40.0	1.86	0.2	[32719869.09995621, 32719869.09995621, 32719869.09995621, 32719869.09995621, 32719869.09995621, 32719869.09995621, 32719869.09995621, 32719869.09995621, 32719869.09995621, 32719869.09995621, 32719869.09995621, 32719869.09995621, 32719869.09995621, 32719869.09995621, 32719869.09995621, 32719869.09995621, 32719869.09995621, 32719869.09995621, 32719869.09995621, 32719869.09995621]
2833.1804448014336	2.0	trials	4.0	0.0	0.0	0.0	0.0	False	40.0	1.86	0.2	[32791440.33314006, 32791440.33314006, 32791440.33314006, 32791440.33314006, 32791440.33314006, 32791440.33314006, 32791440.33314006, 32791440.33314006, 32791440.33314006, 32791440.33314006, 32791440.33314006, 32791440.33314006, 32791440.33314006, 32791440.33314006, 32791440.33314006, 32791440.33314006, 32791440.33314006, 32791440.33314006, 32791440.33314006, 32791440.33314006]
2837.6748146444193	2.0	trials	4.0	0.0	0.0	0.0	0.0	False	40.0	1.86	0.2	[32843458.50261873, 32843458.50261873, 32843458.50261873, 32843458.50261873, 32843458.50261873, 32843458.50261873, 32843458.50261873, 32843458.50261873, 32843458.50261873, 32843458.50261873, 32843458.50261873, 32843458.50261873, 32843458.50261873, 32843458.50261873, 32843458.50261873, 32843458.50261873, 32843458.50261873, 32843458.50261873, 32843458.50261873, 32843458.50261873]
2844.7366552524118	2.0	trials	4.0	0.0	0.0	0.0	0.0	False	40.0	1.86	0.2	[32925192.768914416, 32925192.768914416, 32925192.768914416, 32925192.768914416, 32925192.768914416, 32925192.768914416, 32925192.768914416, 32925192.768914416, 32925192.768914416, 32925192.768914416, 32925192.768914416, 32925192.768914416, 32925192.768914416, 32925192.768914416, 32925192.768914416, 32925192.768914416, 32925192.768914416, 32925192.768914416, 32925192.768914416, 32925192.768914416]
2850.035152515303	2.0	trials	4.0	0.0	0.0	0.0	0.0	False	40.0	1.86	0.2	[32986517.968716003, 32986517.968716003, 32986517.968716003, 32986517.968716003, 32986517.968716003, 32986517.968716003, 32986517.968716003, 32986517.968716003, 32986517.968716003, 32986517.968716003, 32986517.968716003, 32986517.968716003, 32986517.968716003, 32986517.968716003, 32986517.968716003, 32986517.968716003, 32986517.968716003, 32986517.968716003, 32986517.968716003, 32986517.968716003]
2858.123428467497	2.0	trials	4.0	0.0	0.0	0.0	0.0	False	40.0	1.86	0.2	[33080132.27371765, 33080132.27371765, 33080132.27371765, 33080132.27371765, 33080132.27371765, 33080132.27371765, 33080132.27371765, 33080132.27371765, 33080132.27371765, 33080132.27371765, 33080132.27371765, 33080132.27371765, 33080132.27371765, 33080132.27371765, 33080132.27371765, 33080132.27371765, 33080132.27371765, 33080132.27371765, 33080132.27371765, 33080132.27371765]
2865.4094778059784	2.0	trials	4.0	0.0	0.0	0.0	0.0	False	40.0	1.86	0.2	[33164461.548468053, 33164461.548468053, 33164461.548468053, 33164461.548468053, 33164461.548468053, 33164461.548468053, 33164461.548468053, 33164461.548468053, 33164461.548468053, 33164461.548468053, 33164461.548468053, 33164461.548468053, 33164461.548468053, 33164461.548468053, 33164461.548468053, 33164461.548468053, 33164461.548468053, 33164461.548468053, 33164461.548468053, 33164461.548468053]
2871.9948208615074	2.0	trials	4.0	0.0	0.0	0.0	0.0	False	40.0	1.86	0.2	[33240680.796795446, 33240680.796795446, 33240680.796795446, 33240680.796795446, 33240680.796795446, 33240680.796795446, 33240680.796795446, 33240680.796795446, 33240680.796795446, 33240680.796795446, 33240680.796795446, 33240680.796795446, 33240680.796795446, 33240680.796795446, 33240680.796795446, 33240680.796795446, 33240680.796795446, 33240680.796795446, 33240680.796795446, 33240680.796795446]
2887.9734297209825	2.0	trials	4.0	0.0	0.0	0.0	0.0	False	40.0	1.86	0.2	[33425618.399334487, 33425618.399334487, 33425618.399334487, 33425618.399334487, 33425618.399334487, 33425618.399334487, 33425618.399334487, 33425618.399334487, 33425618.399334487, 33425618.399334487, 33425618.399334487, 33425618.399334487, 33425618.399334487, 33425618.399334487, 33425618.399334487, 33425618.399334487, 33425618.399334487, 33425618.399334487, 33425618.399334487, 33425618.399334487]
2892.7136947651125	2.0	trials	5.0	0.0	0.0	0.0	0.0	False	40.0	1.86	0.2	[33480482.57808564, 33480482.57808564, 33480482.57808564, 33480482.57808564, 33480482.57808564, 33480482.57808564, 33480482.57808564, 33480482.57808564, 33480482.57808564, 33480482.57808564, 33480482.57808564, 33480482.57808564, 33480482.57808564, 33480482.57808564, 33480482.57808564, 33480482.57808564, 33480482.57808564, 33480482.57808564, 33480482.57808564, 33480482.57808564]
2900.3843117565434	2.0	trials	5.0	0.0	0.0	0.0	0.0	False	40.0	1.86	0.2	[33569262.86733774, 33569262.86733774, 33569262.86733774, 33569262.86733774, 33569262.86733774, 33569262.86733774, 33569262.86733774, 33569262.86733774, 33569262.86733774, 33569262.86733774, 33569262.86733774, 33569262.86733774, 33569262.86733774, 33569262.86733774, 33569262.86733774, 33569262.86733774, 33569262.86733774, 33569262.86733774, 33569262.86733774, 33569262.86733774]
2907.3114543256797	2.0	trials	5.0	0.0	0.0	0.0	0.0	False	40.0	1.86	0.2	[33649438.12855408, 33649438.12855408, 33649438.12855408, 33649438.12855408, 33649438.12855408, 33649438.12855408, 33649438.12855408, 33649438.12855408, 33649438.12855408, 33649438.12855408, 33649438.12855408, 33649438.12855408, 33649438.12855408, 33649438.12855408, 33649438.12855408, 33649438.12855408, 33649438.12855408, 33649438.12855408, 33649438.12855408, 33649438.12855408]
2915.1896047932705	2.0	trials	5.0	0.0	0.0	0.0	0.0	False	40.0	1.86	0.2	[33740620.4256321, 33740620.4256321, 33740620.4256321, 33740620.4256321, 33740620.4256321, 33740620.4256321, 33740620.4256321, 33740620.4256321, 33740620.4256321, 33740620.4256321, 33740620.4256321, 33740620.4256321, 33740620.4256321, 33740620.4256321, 33740620.4256321, 33740620.4256321, 33740620.4256321, 33740620.4256321, 33740620.4256321, 33740620.4256321]
2920.2176691750715	2.0	trials	5.0	0.0	0.0	0.0	0.0	False	40.0	1.86	0.2	[33798815.6152359, 33798815.6152359, 33798815.6152359, 33798815.6152359, 33798815.6152359, 33798815.6152359, 33798815.6152359, 33798815.6152359, 33798815.6152359, 33798815.6152359, 33798815.6152359, 33798815.6152359, 33798815.6152359, 33798815.6152359, 33798815.6152359, 33798815.6152359, 33798815.6152359, 33798815.6152359, 33798815.6152359, 33798815.6152359]
2926.458102306858	2.0	trials	5.0	0.0	0.0	0.0	0.0	False	40.0	1.86	0.2	[33871042.850557044, 33871042.850557044, 33871042.850557044, 33871042.850557044, 33871042.850557044, 33871042.850557044, 33871042.850557044, 33871042.850557044, 33871042.850557044, 33871042.850557044, 33871042.850557044, 33871042.850557044, 33871042.850557044, 33871042.850557044, 33871042.850557044, 33871042.850557044, 33871042.850557044, 33871042.850557044, 33871042.850557044, 33871042.850557044]
2932.9828787650563	2.0	trials	5.0	0.0	0.0	0.0	0.0	False	40.0	1.86	0.2	[33946561.096600525, 33946561.096600525, 33946561.096600525, 33946561.096600525, 33946561.096600525, 33946561.096600525, 33946561.096600525, 33946561.096600525, 33946561.096600525, 33946561.096600525, 33946561.096600525, 33946561.096600525, 33946561.096600525, 33946561.096600525, 33946561.096600525, 33946561.096600525, 33946561.096600525, 33946561.096600525, 33946561.096600525, 33946561.096600525]
2939.522602471954	2.0	trials	5.0	0.0	0.0	0.0	0.0	False	40.0	1.86	0.2	[34022252.34320765, 34022252.34320765, 34022252.34320765, 34022252.34320765, 34022252.34320765, 34022252.34320765, 34022252.34320765, 34022252.34320765, 34022252.34320765, 34022252.34320765, 34022252.34320765, 34022252.34320765, 34022252.34320765, 34022252.34320765, 34022252.34320765, 34022252.34320765, 34022252.34320765, 34022252.34320765, 34022252.34320765, 34022252.34320765]
2944.741957076993	2.0	trials	5.0	0.0	0.0	0.0	0.0	False	40.0	1.86	0.2	[34082661.54002485, 34082661.54002485, 34082661.54002485, 34082661.54002485, 34082661.54002485, 34082661.54002485, 34082661.54002485, 34082661.54002485, 34082661.54002485, 34082661.54002485, 34082661.54002485, 34082661.54002485, 34082661.54002485, 34082661.54002485, 34082661.54002485, 34082661.54002485, 34082661.54002485, 34082661.54002485, 34082661.54002485, 34082661.54002485]
2949.6119953439334	2.0	trials	5.0	0.0	0.0	0.0	0.0	False	40.0	1.86	0.2	[34139027.723669626, 34139027.723669626, 34139027.723669626, 34139027.723669626, 34139027.723669626, 34139027.723669626, 34139027.723669626, 34139027.723669626, 34139027.723669626, 34139027.723669626, 34139027.723669626, 34139027.723669626, 34139027.723669626, 34139027.723669626, 34139027.723669626, 34139027.723669626, 34139027.723669626, 34139027.723669626, 34139027.723669626, 34139027.723669626]
2954.2259431765124	2.0	trials	5.0	0.0	0.0	0.0	0.0	False	40.0	1.86	0.2	[34192429.89765747, 34192429.89765747, 34192429.89765747, 34192429.89765747, 34192429.89765747, 34192429.89765747, 34192429.89765747, 34192429.89765747, 34192429.89765747, 34192429.89765747, 34192429.89765747, 34192429.89765747, 34192429.89765747, 34192429.89765747, 34192429.89765747, 34192429.89765747, 34192429.89765747, 34192429.89765747, 34192429.89765747, 34192429.89765747]
2961.2583212885143	2.0	trials	5.0	0.0	0.0	0.0	0.0	False	40.0	1.86	0.2	[34273823.162842155, 34273823.162842155, 34273823.162842155, 34273823.162842155, 34273823.162842155, 34273823.162842155, 34273823.162842155, 34273823.162842155, 34273823.162842155, 34273823.162842155, 34273823.162842155, 34273823.162842155, 34273823.162842155, 34273823.162842155, 34273823.162842155, 34273823.162842155, 34273823.162842155, 34273823.162842155, 34273823.162842155, 34273823.162842155]
2967.984928804293	2.0	trials	5.0	0.0	0.0	0.0	0.0	False	40.0	1.86	0.2	[34351677.4164965, 34351677.4164965, 34351677.4164965, 34351677.4164965, 34351677.4164965, 34351677.4164965, 34351677.4164965, 34351677.4164965, 34351677.4164965, 34351677.4164965, 34351677.4164965, 34351677.4164965, 34351677.4164965, 34351677.4164965, 34351677.4164965, 34351677.4164965, 34351677.4164965, 34351677.4164965, 34351677.4164965, 34351677.4164965]
2972.8517702608183	2.0	trials	5.0	0.0	0.0	0.0	0.0	False	40.0	1.86	0.2	[34408006.600020744, 34408006.600020744, 34408006.600020744, 34408006.600020744, 34408006.600020744, 34408006.600020744, 34408006.600020744, 34408006.600020744, 34408006.600020744, 34408006.600020744, 34408006.600020744, 34408006.600020744, 34408006.600020744, 34408006.600020744, 34408006.600020744, 34408006.600020744, 34408006.600020744, 34408006.600020744, 34408006.600020744, 34408006.600020744]
2979.0966098069616	2.0	trials	5.0	0.0	0.0	0.0	0.0	False	40.0	1.86	0.2	[34480284.83550805, 34480284.83550805, 34480284.83550805, 34480284.83550805, 34480284.83550805, 34480284.83550805, 34480284.83550805, 34480284.83550805, 34480284.83550805, 34480284.83550805, 34480284.83550805, 34480284.83550805, 34480284.83550805, 34480284.83550805, 34480284.83550805, 34480284.83550805, 34480284.83550805, 34480284.83550805, 34480284.83550805, 34480284.83550805]
2985.4167039982904	2.0	trials	5.0	0.0	0.0	0.0	0.0	False	40.0	1.86	0.2	[34553434.073833145, 34553434.073833145, 34553434.073833145, 34553434.073833145, 34553434.073833145, 34553434.073833145, 34553434.073833145, 34553434.073833145, 34553434.073833145, 34553434.073833145, 34553434.073833145, 34553434.073833145, 34553434.073833145, 34553434.073833145, 34553434.073833145, 34553434.073833145, 34553434.073833145, 34553434.073833145, 34553434.073833145, 34553434.073833145]
2990.5322918652496	2.0	trials	5.0	0.0	0.0	0.0	0.0	False	40.0	1.86	0.2	[34612642.26673739, 34612642.26673739, 34612642.26673739, 34612642.26673739, 34612642.26673739, 34612642.26673739, 34612642.26673739, 34612642.26673739, 34612642.26673739, 34612642.26673739, 34612642.26673739, 34612642.26673739, 34612642.26673739, 34612642.26673739, 34612642.26673739, 34612642.26673739, 34612642.26673739, 34612642.26673739, 34612642.26673739, 34612642.26673739]
2998.310650007709	2.0	trials	5.0	0.0	0.0	0.0	0.0	False	40.0	1.86	0.2	[34702669.56005231, 34702669.56005231, 34702669.56005231, 34702669.56005231, 34702669.56005231, 34702669.56005231, 34702669.56005231, 34702669.56005231, 34702669.56005231, 34702669.56005231, 34702669.56005231, 34702669.56005231, 34702669.56005231, 34702669.56005231, 34702669.56005231, 34702669.56005231, 34702669.56005231, 34702669.56005231, 34702669.56005231, 34702669.56005231]
3002.863426440987	2.0	trials	5.0	0.0	0.0	0.0	0.0	False	40.0	1.86	0.2	[34755363.731733434, 34755363.731733434, 34755363.731733434, 34755363.731733434, 34755363.731733434, 34755363.731733434, 34755363.731733434, 34755363.731733434, 34755363.731733434, 34755363.731733434, 34755363.731733434, 34755363.731733434, 34755363.731733434, 34755363.731733434, 34755363.731733434, 34755363.731733434, 34755363.731733434, 34755363.731733434, 34755363.731733434, 34755363.731733434]
3008.463547086589	2.0	trials	5.0	0.0	0.0	0.0	0.0	False	40.0	1.86	0.2	[34820179.94290897, 34820179.94290897, 34820179.94290897, 34820179.94290897, 34820179.94290897, 34820179.94290897, 34820179.94290897, 34820179.94290897, 34820179.94290897, 34820179.94290897, 34820179.94290897, 34820179.94290897, 34820179.94290897, 34820179.94290897, 34820179.94290897, 34820179.94290897, 34820179.94290897, 34820179.94290897, 34820179.94290897, 34820179.94290897]
3013.044749212481	2.0	trials	5.0	0.0	0.0	0.0	0.0	False	40.0	1.86	0.2	[34873203.11566201, 34873203.11566201, 34873203.11566201, 34873203.11566201, 34873203.11566201, 34873203.11566201, 34873203.11566201, 34873203.11566201, 34873203.11566201, 34873203.11566201, 34873203.11566201, 34873203.11566201, 34873203.11566201, 34873203.11566201, 34873203.11566201, 34873203.11566201, 34873203.11566201, 34873203.11566201, 34873203.11566201, 34873203.11566201]
3018.9193635524034	2.0	trials	5.0	0.0	0.0	0.0	0.0	False	40.0	1.86	0.2	[34941196.33718845, 34941196.33718845, 34941196.33718845, 34941196.33718845, 34941196.33718845, 34941196.33718845, 34941196.33718845, 34941196.33718845, 34941196.33718845, 34941196.33718845, 34941196.33718845, 34941196.33718845, 34941196.33718845, 34941196.33718845, 34941196.33718845, 34941196.33718845, 34941196.33718845, 34941196.33718845, 34941196.33718845, 34941196.33718845]
3026.3092660292464	2.0	trials	5.0	0.0	0.0	0.0	0.0	False	40.0	1.86	0.2	[35026727.61585507, 35026727.61585507, 35026727.61585507, 35026727.61585507, 35026727.61585507, 35026727.61585507, 35026727.61585507, 35026727.61585507, 35026727.61585507, 35026727.61585507, 35026727.61585507, 35026727.61585507, 35026727.61585507, 35026727.61585507, 35026727.61585507, 35026727.61585507, 35026727.61585507, 35026727.61585507, 35026727.61585507, 35026727.61585507]
3032.7547270290293	2.0	trials	5.0	0.0	0.0	0.0	0.0	False	40.0	1.86	0.2	[35101327.85890763, 35101327.85890763, 35101327.85890763, 35101327.85890763, 35101327.85890763, 35101327.85890763, 35101327.85890763, 35101327.85890763, 35101327.85890763, 35101327.85890763, 35101327.85890763, 35101327.85890763, 35101327.85890763, 35101327.85890763, 35101327.85890763, 35101327.85890763, 35101327.85890763, 35101327.85890763, 35101327.85890763, 35101327.85890763]
3038.3886301846965	2.0	trials	5.0	0.0	0.0	0.0	0.0	False	40.0	1.86	0.2	[35166535.07135707, 35166535.07135707, 35166535.07135707, 35166535.07135707, 35166535.07135707, 35166535.07135707, 35166535.07135707, 35166535.07135707, 35166535.07135707, 35166535.07135707, 35166535.07135707, 35166535.07135707, 35166535.07135707, 35166535.07135707, 35166535.07135707, 35166535.07135707, 35166535.07135707, 35166535.07135707, 35166535.07135707, 35166535.07135707]
3045.243542118501	2.0	trials	5.0	0.0	0.0	0.0	0.0	False	40.0	1.86	0.2	[35245874.32984967, 35245874.32984967, 35245874.32984967, 35245874.32984967, 35245874.32984967, 35245874.32984967, 35245874.32984967, 35245874.32984967, 35245874.32984967, 35245874.32984967, 35245874.32984967, 35245874.32984967, 35245874.32984967, 35245874.32984967, 35245874.32984967, 35245874.32984967, 35245874.32984967, 35245874.32984967, 35245874.32984967, 35245874.32984967]
3051.3729508885617	2.0	trials	5.0	0.0	0.0	0.0	0.0	False	40.0	1.86	0.2	[35316816.56098418, 35316816.56098418, 35316816.56098418, 35316816.56098418, 35316816.56098418, 35316816.56098418, 35316816.56098418, 35316816.56098418, 35316816.56098418, 35316816.56098418, 35316816.56098418, 35316816.56098418, 35316816.56098418, 35316816.56098418, 35316816.56098418, 35316816.56098418, 35316816.56098418, 35316816.56098418, 35316816.56098418, 35316816.56098418]
3056.547377347222	2.0	trials	5.0	0.0	0.0	0.0	0.0	False	40.0	1.86	0.2	[35376705.75610718, 35376705.75610718, 35376705.75610718, 35376705.75610718, 35376705.75610718, 35376705.75610718, 35376705.75610718, 35376705.75610718, 35376705.75610718, 35376705.75610718, 35376705.75610718, 35376705.75610718, 35376705.75610718, 35376705.75610718, 35376705.75610718, 35376705.75610718, 35376705.75610718, 35376705.75610718, 35376705.75610718, 35376705.75610718]
3064.485835211298	2.0	trials	5.0	0.0	0.0	0.0	0.0	False	40.0	1.86	0.2	[35468586.05545932, 35468586.05545932, 35468586.05545932, 35468586.05545932, 35468586.05545932, 35468586.05545932, 35468586.05545932, 35468586.05545932, 35468586.05545932, 35468586.05545932, 35468586.05545932, 35468586.05545932, 35468586.05545932, 35468586.05545932, 35468586.05545932, 35468586.05545932, 35468586.05545932, 35468586.05545932, 35468586.05545932, 35468586.05545932]
3070.705186674399	2.0	trials	5.0	0.0	0.0	0.0	0.0	False	40.0	1.86	0.2	[35540569.28998549, 35540569.28998549, 35540569.28998549, 35540569.28998549, 35540569.28998549, 35540569.28998549, 35540569.28998549, 35540569.28998549, 35540569.28998549, 35540569.28998549, 35540569.28998549, 35540569.28998549, 35540569.28998549, 35540569.28998549, 35540569.28998549, 35540569.28998549, 35540569.28998549, 35540569.28998549, 35540569.28998549, 35540569.28998549]
3074.883936289071	2.0	trials	5.0	0.0	0.0	0.0	0.0	False	40.0	1.86	0.2	[35588934.447562404, 35588934.447562404, 35588934.447562404, 35588934.447562404, 35588934.447562404, 35588934.447562404, 35588934.447562404, 35588934.447562404, 35588934.447562404, 35588934.447562404, 35588934.447562404, 35588934.447562404, 35588934.447562404, 35588934.447562404, 35588934.447562404, 35588934.447562404, 35588934.447562404, 35588934.447562404, 35588934.447562404, 35588934.447562404]
3080.5575835742284	2.0	trials	5.0	0.0	0.0	0.0	0.0	False	40.0	1.86	0.2	[35654601.661510564, 35654601.661510564, 35654601.661510564, 35654601.661510564, 35654601.661510564, 35654601.661510564, 35654601.661510564, 35654601.661510564, 35654601.661510564, 35654601.661510564, 35654601.661510564, 35654601.661510564, 35654601.661510564, 35654601.661510564, 35654601.661510564, 35654601.661510564, 35654601.661510564, 35654601.661510564, 35654601.661510564, 35654601.661510564]
3087.937463618417	2.0	trials	5.0	0.0	0.0	0.0	0.0	False	40.0	1.86	0.2	[35740016.93979924, 35740016.93979924, 35740016.93979924, 35740016.93979924, 35740016.93979924, 35740016.93979924, 35740016.93979924, 35740016.93979924, 35740016.93979924, 35740016.93979924, 35740016.93979924, 35740016.93979924, 35740016.93979924, 35740016.93979924, 35740016.93979924, 35740016.93979924, 35740016.93979924, 35740016.93979924, 35740016.93979924, 35740016.93979924]
3094.879467035971	2.0	trials	5.0	0.0	0.0	0.0	0.0	False	40.0	1.86	0.2	[35820364.20157597, 35820364.20157597, 35820364.20157597, 35820364.20157597, 35820364.20157597, 35820364.20157597, 35820364.20157597, 35820364.20157597, 35820364.20157597, 35820364.20157597, 35820364.20157597, 35820364.20157597, 35820364.20157597, 35820364.20157597, 35820364.20157597, 35820364.20157597, 35820364.20157597, 35820364.20157597, 35820364.20157597, 35820364.20157597]
3100.110053677605	2.0	trials	5.0	0.0	0.0	0.0	0.0	False	40.0	1.86	0.2	[35880903.39881671, 35880903.39881671, 35880903.39881671, 35880903.39881671, 35880903.39881671, 35880903.39881671, 35880903.39881671, 35880903.39881671, 35880903.39881671, 35880903.39881671, 35880903.39881671, 35880903.39881671, 35880903.39881671, 35880903.39881671, 35880903.39881671, 35880903.39881671, 35880903.39881671, 35880903.39881671, 35880903.39881671, 35880903.39881671]
3105.1896126271786	2.0	trials	5.0	0.0	0.0	0.0	0.0	False	40.0	1.86	0.2	[35939694.59036233, 35939694.59036233, 35939694.59036233, 35939694.59036233, 35939694.59036233, 35939694.59036233, 35939694.59036233, 35939694.59036233, 35939694.59036233, 35939694.59036233, 35939694.59036233, 35939694.59036233, 35939694.59036233, 35939694.59036233, 35939694.59036233, 35939694.59036233, 35939694.59036233, 35939694.59036233, 35939694.59036233, 35939694.59036233]
3111.2894725009683	2.0	trials	5.0	0.0	0.0	0.0	0.0	False	40.0	1.86	0.2	[36010294.820382595, 36010294.820382595, 36010294.820382595, 36010294.820382595, 36010294.820382595, 36010294.820382595, 36010294.820382595, 36010294.820382595, 36010294.820382595, 36010294.820382595, 36010294.820382595, 36010294.820382595, 36010294.820382595, 36010294.820382595, 36010294.820382595, 36010294.820382595, 36010294.820382595, 36010294.820382595, 36010294.820382595, 36010294.820382595]
3118.864271580217	2.0	trials	5.0	0.0	0.0	0.0	0.0	False	40.0	1.86	0.2	[36097966.106021486, 36097966.106021486, 36097966.106021486, 36097966.106021486, 36097966.106021486, 36097966.106021486, 36097966.106021486, 36097966.106021486, 36097966.106021486, 36097966.106021486, 36097966.106021486, 36097966.106021486, 36097966.106021486, 36097966.106021486, 36097966.106021486, 36097966.106021486, 36097966.106021486, 36097966.106021486, 36097966.106021486, 36097966.106021486]
3125.3020429549465	2.0	trials	5.0	0.0	0.0	0.0	0.0	False	40.0	1.86	0.2	[36172477.34878408, 36172477.34878408, 36172477.34878408, 36172477.34878408, 36172477.34878408, 36172477.34878408, 36172477.34878408, 36172477.34878408, 36172477.34878408, 36172477.34878408, 36172477.34878408, 36172477.34878408, 36172477.34878408, 36172477.34878408, 36172477.34878408, 36172477.34878408, 36172477.34878408, 36172477.34878408, 36172477.34878408, 36172477.34878408]
3131.0837769922587	2.0	trials	5.0	0.0	0.0	0.0	0.0	False	40.0	1.86	0.2	[36239395.5668081, 36239395.5668081, 36239395.5668081, 36239395.5668081, 36239395.5668081, 36239395.5668081, 36239395.5668081, 36239395.5668081, 36239395.5668081, 36239395.5668081, 36239395.5668081, 36239395.5668081, 36239395.5668081, 36239395.5668081, 36239395.5668081, 36239395.5668081, 36239395.5668081, 36239395.5668081, 36239395.5668081, 36239395.5668081]
3139.202379443259	2.0	trials	5.0	0.0	0.0	0.0	0.0	False	40.0	1.86	0.2	[36333360.87295333, 36333360.87295333, 36333360.87295333, 36333360.87295333, 36333360.87295333, 36333360.87295333, 36333360.87295333, 36333360.87295333, 36333360.87295333, 36333360.87295333, 36333360.87295333, 36333360.87295333, 36333360.87295333, 36333360.87295333, 36333360.87295333, 36333360.87295333, 36333360.87295333, 36333360.87295333, 36333360.87295333, 36333360.87295333]
3144.0158255258175	2.0	trials	5.0	0.0	0.0	0.0	0.0	False	40.0	1.86	0.2	[36389072.05446407, 36389072.05446407, 36389072.05446407, 36389072.05446407, 36389072.05446407, 36389072.05446407, 36389072.05446407, 36389072.05446407, 36389072.05446407, 36389072.05446407, 36389072.05446407, 36389072.05446407, 36389072.05446407, 36389072.05446407, 36389072.05446407, 36389072.05446407, 36389072.05446407, 36389072.05446407, 36389072.05446407, 36389072.05446407]
3148.637117382324	2.0	trials	5.0	0.0	0.0	0.0	0.0	False	40.0	1.86	0.2	[36442559.22872885, 36442559.22872885, 36442559.22872885, 36442559.22872885, 36442559.22872885, 36442559.22872885, 36442559.22872885, 36442559.22872885, 36442559.22872885, 36442559.22872885, 36442559.22872885, 36442559.22872885, 36442559.22872885, 36442559.22872885, 36442559.22872885, 36442559.22872885, 36442559.22872885, 36442559.22872885, 36442559.22872885, 36442559.22872885]
3154.1122168205984	2.0	trials	5.0	0.0	0.0	0.0	0.0	False	40.0	1.86	0.2	[36505928.435189955, 36505928.435189955, 36505928.435189955, 36505928.435189955, 36505928.435189955, 36505928.435189955, 36505928.435189955, 36505928.435189955, 36505928.435189955, 36505928.435189955, 36505928.435189955, 36505928.435189955, 36505928.435189955, 36505928.435189955, 36505928.435189955, 36505928.435189955, 36505928.435189955, 36505928.435189955, 36505928.435189955, 36505928.435189955]
3161.0454938097214	2.0	trials	5.0	0.0	0.0	0.0	0.0	False	40.0	1.86	0.2	[36586174.69663762, 36586174.69663762, 36586174.69663762, 36586174.69663762, 36586174.69663762, 36586174.69663762, 36586174.69663762, 36586174.69663762, 36586174.69663762, 36586174.69663762, 36586174.69663762, 36586174.69663762, 36586174.69663762, 36586174.69663762, 36586174.69663762, 36586174.69663762, 36586174.69663762, 36586174.69663762, 36586174.69663762, 36586174.69663762]
3166.0339868625965	2.0	trials	5.0	0.0	0.0	0.0	0.0	False	40.0	1.86	0.2	[36643911.88474923, 36643911.88474923, 36643911.88474923, 36643911.88474923, 36643911.88474923, 36643911.88474923, 36643911.88474923, 36643911.88474923, 36643911.88474923, 36643911.88474923, 36643911.88474923, 36643911.88474923, 36643911.88474923, 36643911.88474923, 36643911.88474923, 36643911.88474923, 36643911.88474923, 36643911.88474923, 36643911.88474923, 36643911.88474923]
3174.134272453918	2.0	trials	5.0	0.0	0.0	0.0	0.0	False	40.0	1.86	0.2	[36737665.19020375, 36737665.19020375, 36737665.19020375, 36737665.19020375, 36737665.19020375, 36737665.19020375, 36737665.19020375, 36737665.19020375, 36737665.19020375, 36737665.19020375, 36737665.19020375, 36737665.19020375, 36737665.19020375, 36737665.19020375, 36737665.19020375, 36737665.19020375, 36737665.19020375, 36737665.19020375, 36737665.19020375, 36737665.19020375]
3181.2630732800726	2.0	trials	5.0	0.0	0.0	0.0	0.0	False	40.0	1.86	0.2	[36820174.45902445, 36820174.45902445, 36820174.45902445, 36820174.45902445, 36820174.45902445, 36820174.45902445, 36820174.45902445, 36820174.45902445, 36820174.45902445, 36820174.45902445, 36820174.45902445, 36820174.45902445, 36820174.45902445, 36820174.45902445, 36820174.45902445, 36820174.45902445, 36820174.45902445, 36820174.45902445, 36820174.45902445, 36820174.45902445]
3187.630601225944	2.0	trials	5.0	0.0	0.0	0.0	0.0	False	40.0	1.86	0.2	[36893872.69913823, 36893872.69913823, 36893872.69913823, 36893872.69913823, 36893872.69913823, 36893872.69913823, 36893872.69913823, 36893872.69913823, 36893872.69913823, 36893872.69913823, 36893872.69913823, 36893872.69913823, 36893872.69913823, 36893872.69913823, 36893872.69913823, 36893872.69913823, 36893872.69913823, 36893872.69913823, 36893872.69913823, 36893872.69913823]
3298.472399156621	2.0	trials	5.0	0.0	0.0	0.0	0.0	False	40.0	1.86	0.005	[38176763.87888323, 38176763.87888323, 38176763.87888323, 38176763.87888323, 38176763.87888323, 38176763.87888323, 38176763.87888323, 38176763.87888323, 38176763.87888323, 38176763.87888323, 38176763.87888323, 38176763.87888323, 38176763.87888323, 38176763.87888323, 38176763.87888323, 38176763.87888323, 38176763.87888323, 38176763.87888323, 38176763.87888323, 38176763.87888323]
3303.392117585423	2.0	trials	6.0	0.0	0.0	0.0	0.0	False	0.0	0.0	0.0	[NaN, NaN, NaN, NaN, NaN, NaN, NaN, NaN, NaN, NaN, NaN, NaN, NaN, NaN, NaN, NaN, NaN, NaN, NaN, NaN]
3309.1410195157655	2.0	trials	6.0	0.0	0.0	0.0	0.0	False	0.0	0.0	0.0	[NaN, NaN, NaN, NaN, NaN, NaN, NaN, NaN, NaN, NaN, NaN, NaN, NaN, NaN, NaN, NaN, NaN, NaN, NaN, NaN]
3316.39492794953	2.0	trials	6.0	0.0	0.0	0.0	0.0	False	0.0	0.0	0.0	[NaN, NaN, NaN, NaN, NaN, NaN, NaN, NaN, NaN, NaN, NaN, NaN, NaN, NaN, NaN, NaN, NaN, NaN, NaN, NaN]
3320.576355972928	2.0	trials	6.0	0.0	0.0	0.0	0.0	False	0.0	0.0	0.0	[NaN, NaN, NaN, NaN, NaN, NaN, NaN, NaN, NaN, NaN, NaN, NaN, NaN, NaN, NaN, NaN, NaN, NaN, NaN, NaN]
3325.7126799074463	2.0	trials	6.0	0.0	0.0	0.0	0.0	False	0.0	0.0	0.0	[NaN, NaN, NaN, NaN, NaN, NaN, NaN, NaN, NaN, NaN, NaN, NaN, NaN, NaN, NaN, NaN, NaN, NaN, NaN, NaN]
3332.1043999321373	2.0	trials	6.0	0.0	0.0	0.0	0.0	False	0.0	0.0	0.0	[NaN, NaN, NaN, NaN, NaN, NaN, NaN, NaN, NaN, NaN, NaN, NaN, NaN, NaN, NaN, NaN, NaN, NaN, NaN, NaN]
3338.9721855078847	2.0	trials	6.0	0.0	0.0	0.0	0.0	False	0.0	0.0	0.0	[NaN, NaN, NaN, NaN, NaN, NaN, NaN, NaN, NaN, NaN, NaN, NaN, NaN, NaN, NaN, NaN, NaN, NaN, NaN, NaN]
3346.9225666108073	2.0	trials	6.0	0.0	0.0	0.0	0.0	False	0.0	0.0	0.0	[NaN, NaN, NaN, NaN, NaN, NaN, NaN, NaN, NaN, NaN, NaN, NaN, NaN, NaN, NaN, NaN, NaN, NaN, NaN, NaN]
3351.434562111218	2.0	trials	6.0	0.0	0.0	0.0	0.0	False	0.0	0.0	0.0	[NaN, NaN, NaN, NaN, NaN, NaN, NaN, NaN, NaN, NaN, NaN, NaN, NaN, NaN, NaN, NaN, NaN, NaN, NaN, NaN]
3356.395925475703	2.0	trials	6.0	0.0	0.0	0.0	0.0	False	0.0	0.0	0.0	[NaN, NaN, NaN, NaN, NaN, NaN, NaN, NaN, NaN, NaN, NaN, NaN, NaN, NaN, NaN, NaN, NaN, NaN, NaN, NaN]
3362.062833538903	2.0	trials	6.0	0.0	0.0	0.0	0.0	False	0.0	0.0	0.0	[NaN, NaN, NaN, NaN, NaN, NaN, NaN, NaN, NaN, NaN, NaN, NaN, NaN, NaN, NaN, NaN, NaN, NaN, NaN, NaN]
3369.548985929335	2.0	trials	6.0	0.0	0.0	0.0	0.0	False	0.0	0.0	0.0	[NaN, NaN, NaN, NaN, NaN, NaN, NaN, NaN, NaN, NaN, NaN, NaN, NaN, NaN, NaN, NaN, NaN, NaN, NaN, NaN]
3376.784663903703	2.0	trials	6.0	0.0	0.0	0.0	0.0	False	0.0	0.0	0.0	[NaN, NaN, NaN, NaN, NaN, NaN, NaN, NaN, NaN, NaN, NaN, NaN, NaN, NaN, NaN, NaN, NaN, NaN, NaN, NaN]
3383.6367246282166	2.0	trials	6.0	0.0	0.0	0.0	0.0	False	0.0	0.0	0.0	[NaN, NaN, NaN, NaN, NaN, NaN, NaN, NaN, NaN, NaN, NaN, NaN, NaN, NaN, NaN, NaN, NaN, NaN, NaN, NaN]
3390.591083286026	2.0	trials	6.0	0.0	0.0	0.0	0.0	False	0.0	0.0	0.0	[NaN, NaN, NaN, NaN, NaN, NaN, NaN, NaN, NaN, NaN, NaN, NaN, NaN, NaN, NaN, NaN, NaN, NaN, NaN, NaN]
3398.4053839455873	2.0	trials	6.0	0.0	0.0	0.0	0.0	False	0.0	0.0	0.0	[NaN, NaN, NaN, NaN, NaN, NaN, NaN, NaN, NaN, NaN, NaN, NaN, NaN, NaN, NaN, NaN, NaN, NaN, NaN, NaN]
3406.1637836230207	2.0	trials	6.0	0.0	0.0	0.0	0.0	False	0.0	0.0	0.0	[NaN, NaN, NaN, NaN, NaN, NaN, NaN, NaN, NaN, NaN, NaN, NaN, NaN, NaN, NaN, NaN, NaN, NaN, NaN, NaN]
3411.3214484270698	2.0	trials	6.0	0.0	0.0	0.0	0.0	False	0.0	0.0	0.0	[NaN, NaN, NaN, NaN, NaN, NaN, NaN, NaN, NaN, NaN, NaN, NaN, NaN, NaN, NaN, NaN, NaN, NaN, NaN, NaN]
3417.333266414012	2.0	trials	6.0	0.0	0.0	0.0	0.0	False	0.0	0.0	0.0	[NaN, NaN, NaN, NaN, NaN, NaN, NaN, NaN, NaN, NaN, NaN, NaN, NaN, NaN, NaN, NaN, NaN, NaN, NaN, NaN]
3422.4636287291073	2.0	trials	6.0	0.0	0.0	0.0	0.0	False	0.0	0.0	0.0	[NaN, NaN, NaN, NaN, NaN, NaN, NaN, NaN, NaN, NaN, NaN, NaN, NaN, NaN, NaN, NaN, NaN, NaN, NaN, NaN]
3428.475187515205	2.0	trials	6.0	0.0	0.0	0.0	0.0	False	0.0	0.0	0.0	[NaN, NaN, NaN, NaN, NaN, NaN, NaN, NaN, NaN, NaN, NaN, NaN, NaN, NaN, NaN, NaN, NaN, NaN, NaN, NaN]
3435.3398626808184	2.0	trials	6.0	0.0	0.0	0.0	0.0	False	0.0	0.0	0.0	[NaN, NaN, NaN, NaN, NaN, NaN, NaN, NaN, NaN, NaN, NaN, NaN, NaN, NaN, NaN, NaN, NaN, NaN, NaN, NaN]
3442.029490876116	2.0	trials	6.0	0.0	0.0	0.0	0.0	False	0.0	0.0	0.0	[NaN, NaN, NaN, NaN, NaN, NaN, NaN, NaN, NaN, NaN, NaN, NaN, NaN, NaN, NaN, NaN, NaN, NaN, NaN, NaN]
3447.276925572642	2.0	trials	6.0	0.0	0.0	0.0	0.0	False	0.0	0.0	0.0	[NaN, NaN, NaN, NaN, NaN, NaN, NaN, NaN, NaN, NaN, NaN, NaN, NaN, NaN, NaN, NaN, NaN, NaN, NaN, NaN]
3452.1379782103063	2.0	trials	6.0	0.0	0.0	0.0	0.0	False	0.0	0.0	0.0	[NaN, NaN, NaN, NaN, NaN, NaN, NaN, NaN, NaN, NaN, NaN, NaN, NaN, NaN, NaN, NaN, NaN, NaN, NaN, NaN]
3456.585605501001	2.0	trials	6.0	0.0	0.0	0.0	0.0	False	0.0	0.0	0.0	[NaN, NaN, NaN, NaN, NaN, NaN, NaN, NaN, NaN, NaN, NaN, NaN, NaN, NaN, NaN, NaN, NaN, NaN, NaN, NaN]
3463.8692356316	2.0	trials	6.0	0.0	0.0	0.0	0.0	False	0.0	0.0	0.0	[NaN, NaN, NaN, NaN, NaN, NaN, NaN, NaN, NaN, NaN, NaN, NaN, NaN, NaN, NaN, NaN, NaN, NaN, NaN, NaN]
3468.6997889698964	2.0	trials	6.0	0.0	0.0	0.0	0.0	False	0.0	0.0	0.0	[NaN, NaN, NaN, NaN, NaN, NaN, NaN, NaN, NaN, NaN, NaN, NaN, NaN, NaN, NaN, NaN, NaN, NaN, NaN, NaN]
3474.7383046438213	2.0	trials	6.0	0.0	0.0	0.0	0.0	False	0.0	0.0	0.0	[NaN, NaN, NaN, NaN, NaN, NaN, NaN, NaN, NaN, NaN, NaN, NaN, NaN, NaN, NaN, NaN, NaN, NaN, NaN, NaN]
3480.387846250441	2.0	trials	6.0	0.0	0.0	0.0	0.0	False	0.0	0.0	0.0	[NaN, NaN, NaN, NaN, NaN, NaN, NaN, NaN, NaN, NaN, NaN, NaN, NaN, NaN, NaN, NaN, NaN, NaN, NaN, NaN]
3487.6543691253037	2.0	trials	6.0	0.0	0.0	0.0	0.0	False	0.0	0.0	0.0	[NaN, NaN, NaN, NaN, NaN, NaN, NaN, NaN, NaN, NaN, NaN, NaN, NaN, NaN, NaN, NaN, NaN, NaN, NaN, NaN]
3492.3300067588725	2.0	trials	6.0	0.0	0.0	0.0	0.0	False	0.0	0.0	0.0	[NaN, NaN, NaN, NaN, NaN, NaN, NaN, NaN, NaN, NaN, NaN, NaN, NaN, NaN, NaN, NaN, NaN, NaN, NaN, NaN]
3498.118307217578	2.0	trials	6.0	0.0	0.0	0.0	0.0	False	0.0	0.0	0.0	[NaN, NaN, NaN, NaN, NaN, NaN, NaN, NaN, NaN, NaN, NaN, NaN, NaN, NaN, NaN, NaN, NaN, NaN, NaN, NaN]
3505.440471873726	2.0	trials	6.0	0.0	0.0	0.0	0.0	False	0.0	0.0	0.0	[NaN, NaN, NaN, NaN, NaN, NaN, NaN, NaN, NaN, NaN, NaN, NaN, NaN, NaN, NaN, NaN, NaN, NaN, NaN, NaN]
3510.8399710656886	2.0	trials	6.0	0.0	0.0	0.0	0.0	False	0.0	0.0	0.0	[NaN, NaN, NaN, NaN, NaN, NaN, NaN, NaN, NaN, NaN, NaN, NaN, NaN, NaN, NaN, NaN, NaN, NaN, NaN, NaN]
3517.0264040215393	2.0	trials	6.0	0.0	0.0	0.0	0.0	False	0.0	0.0	0.0	[NaN, NaN, NaN, NaN, NaN, NaN, NaN, NaN, NaN, NaN, NaN, NaN, NaN, NaN, NaN, NaN, NaN, NaN, NaN, NaN]
3524.4580378343453	2.0	trials	6.0	0.0	0.0	0.0	0.0	False	0.0	0.0	0.0	[NaN, NaN, NaN, NaN, NaN, NaN, NaN, NaN, NaN, NaN, NaN, NaN, NaN, NaN, NaN, NaN, NaN, NaN, NaN, NaN]
3529.834727351993	2.0	trials	6.0	0.0	0.0	0.0	0.0	False	0.0	0.0	0.0	[NaN, NaN, NaN, NaN, NaN, NaN, NaN, NaN, NaN, NaN, NaN, NaN, NaN, NaN, NaN, NaN, NaN, NaN, NaN, NaN]
3536.386028696611	2.0	trials	6.0	0.0	0.0	0.0	0.0	False	0.0	0.0	0.0	[NaN, NaN, NaN, NaN, NaN, NaN, NaN, NaN, NaN, NaN, NaN, NaN, NaN, NaN, NaN, NaN, NaN, NaN, NaN, NaN]
3543.322416095868	2.0	trials	6.0	0.0	0.0	0.0	0.0	False	0.0	0.0	0.0	[NaN, NaN, NaN, NaN, NaN, NaN, NaN, NaN, NaN, NaN, NaN, NaN, NaN, NaN, NaN, NaN, NaN, NaN, NaN, NaN]
3550.6387055328732	2.0	trials	6.0	0.0	0.0	0.0	0.0	False	0.0	0.0	0.0	[NaN, NaN, NaN, NaN, NaN, NaN, NaN, NaN, NaN, NaN, NaN, NaN, NaN, NaN, NaN, NaN, NaN, NaN, NaN, NaN]
3558.589000235515	2.0	trials	6.0	0.0	0.0	0.0	0.0	False	0.0	0.0	0.0	[NaN, NaN, NaN, NaN, NaN, NaN, NaN, NaN, NaN, NaN, NaN, NaN, NaN, NaN, NaN, NaN, NaN, NaN, NaN, NaN]
3565.9182497147453	2.0	trials	6.0	0.0	0.0	0.0	0.0	False	0.0	0.0	0.0	[NaN, NaN, NaN, NaN, NaN, NaN, NaN, NaN, NaN, NaN, NaN, NaN, NaN, NaN, NaN, NaN, NaN, NaN, NaN, NaN]
3572.8034017470736	2.0	trials	6.0	0.0	0.0	0.0	0.0	False	0.0	0.0	0.0	[NaN, NaN, NaN, NaN, NaN, NaN, NaN, NaN, NaN, NaN, NaN, NaN, NaN, NaN, NaN, NaN, NaN, NaN, NaN, NaN]
3577.8297381232446	2.0	trials	6.0	0.0	0.0	0.0	0.0	False	0.0	0.0	0.0	[NaN, NaN, NaN, NaN, NaN, NaN, NaN, NaN, NaN, NaN, NaN, NaN, NaN, NaN, NaN, NaN, NaN, NaN, NaN, NaN]
3581.992762886683	2.0	trials	6.0	0.0	0.0	0.0	0.0	False	0.0	0.0	0.0	[NaN, NaN, NaN, NaN, NaN, NaN, NaN, NaN, NaN, NaN, NaN, NaN, NaN, NaN, NaN, NaN, NaN, NaN, NaN, NaN]
3586.2886712830673	2.0	trials	6.0	0.0	0.0	0.0	0.0	False	0.0	0.0	0.0	[NaN, NaN, NaN, NaN, NaN, NaN, NaN, NaN, NaN, NaN, NaN, NaN, NaN, NaN, NaN, NaN, NaN, NaN, NaN, NaN]
3593.779575688981	2.0	trials	6.0	0.0	0.0	0.0	0.0	False	0.0	0.0	0.0	[NaN, NaN, NaN, NaN, NaN, NaN, NaN, NaN, NaN, NaN, NaN, NaN, NaN, NaN, NaN, NaN, NaN, NaN, NaN, NaN]
3599.8065137251856	2.0	trials	6.0	0.0	0.0	0.0	0.0	False	0.0	0.0	0.0	[NaN, NaN, NaN, NaN, NaN, NaN, NaN, NaN, NaN, NaN, NaN, NaN, NaN, NaN, NaN, NaN, NaN, NaN, NaN, NaN]
3623.365537682207	2.0	trials	6.0	0.0	0.0	0.0	0.0	False	0.0	0.0	0.0	[NaN, NaN, NaN, NaN, NaN, NaN, NaN, NaN, NaN, NaN, NaN, NaN, NaN, NaN, NaN, NaN, NaN, NaN, NaN, NaN]
3630.8119459431496	2.0	trials	7.0	0.0	0.0	0.0	0.0	False	40.0	1.86	0.005	[38233705.0644014, 38233705.0644014, 38233705.0644014, 38233705.0644014, 38233705.0644014, 38233705.0644014, 38233705.0644014, 38233705.0644014, 38233705.0644014, 38233705.0644014, 38233705.0644014, 38233705.0644014, 38233705.0644014, 38233705.0644014, 38233705.0644014, 38233705.0644014, 38233705.0644014, 38233705.0644014, 38233705.0644014, 38233705.0644014]
3636.458636340479	2.0	trials	7.0	0.0	0.0	0.0	0.0	False	40.0	1.86	0.005	[38300243.28118735, 38300243.28118735, 38300243.28118735, 38300243.28118735, 38300243.28118735, 38300243.28118735, 38300243.28118735, 38300243.28118735, 38300243.28118735, 38300243.28118735, 38300243.28118735, 38300243.28118735, 38300243.28118735, 38300243.28118735, 38300243.28118735, 38300243.28118735, 38300243.28118735, 38300243.28118735, 38300243.28118735, 38300243.28118735]
3642.0613489945267	2.0	trials	7.0	0.0	0.0	0.0	0.0	False	40.0	1.86	0.005	[38384200.55472575, 38384200.55472575, 38384200.55472575, 38384200.55472575, 38384200.55472575, 38384200.55472575, 38384200.55472575, 38384200.55472575, 38384200.55472575, 38384200.55472575, 38384200.55472575, 38384200.55472575, 38384200.55472575, 38384200.55472575, 38384200.55472575, 38384200.55472575, 38384200.55472575, 38384200.55472575, 38384200.55472575, 38384200.55472575]
3647.397171179025	2.0	trials	7.0	0.0	0.0	0.0	0.0	False	40.0	1.86	0.005	[38432596.71240366, 38432596.71240366, 38432596.71240366, 38432596.71240366, 38432596.71240366, 38432596.71240366, 38432596.71240366, 38432596.71240366, 38432596.71240366, 38432596.71240366, 38432596.71240366, 38432596.71240366, 38432596.71240366, 38432596.71240366, 38432596.71240366, 38432596.71240366, 38432596.71240366, 38432596.71240366, 38432596.71240366, 38432596.71240366]
3655.080834612963	2.0	trials	7.0	0.0	0.0	0.0	0.0	False	40.0	1.86	0.005	[38492044.906089835, 38492044.906089835, 38492044.906089835, 38492044.906089835, 38492044.906089835, 38492044.906089835, 38492044.906089835, 38492044.906089835, 38492044.906089835, 38492044.906089835, 38492044.906089835, 38492044.906089835, 38492044.906089835, 38492044.906089835, 38492044.906089835, 38492044.906089835, 38492044.906089835, 38492044.906089835, 38492044.906089835, 38492044.906089835]
3660.7809203842576	2.0	trials	7.0	0.0	0.0	0.0	0.0	False	40.0	1.86	0.005	[38566023.14711588, 38566023.14711588, 38566023.14711588, 38566023.14711588, 38566023.14711588, 38566023.14711588, 38566023.14711588, 38566023.14711588, 38566023.14711588, 38566023.14711588, 38566023.14711588, 38566023.14711588, 38566023.14711588, 38566023.14711588, 38566023.14711588, 38566023.14711588, 38566023.14711588, 38566023.14711588, 38566023.14711588, 38566023.14711588]
3666.385101843091	2.0	trials	7.0	0.0	0.0	0.0	0.0	False	40.0	1.86	0.005	[38645511.406093925, 38645511.406093925, 38645511.406093925, 38645511.406093925, 38645511.406093925, 38645511.406093925, 38645511.406093925, 38645511.406093925, 38645511.406093925, 38645511.406093925, 38645511.406093925, 38645511.406093925, 38645511.406093925, 38645511.406093925, 38645511.406093925, 38645511.406093925, 38645511.406093925, 38645511.406093925, 38645511.406093925, 38645511.406093925]
3674.2453674524104	2.0	trials	7.0	0.0	0.0	0.0	0.0	False	40.0	1.86	0.005	[38737529.705895685, 38737529.705895685, 38737529.705895685, 38737529.705895685, 38737529.705895685, 38737529.705895685, 38737529.705895685, 38737529.705895685, 38737529.705895685, 38737529.705895685, 38737529.705895685, 38737529.705895685, 38737529.705895685, 38737529.705895685, 38737529.705895685, 38737529.705895685, 38737529.705895685, 38737529.705895685, 38737529.705895685, 38737529.705895685]
3680.9584965242752	2.0	trials	7.0	0.0	0.0	0.0	0.0	False	40.0	1.86	0.005	[38789751.87603899, 38789751.87603899, 38789751.87603899, 38789751.87603899, 38789751.87603899, 38789751.87603899, 38789751.87603899, 38789751.87603899, 38789751.87603899, 38789751.87603899, 38789751.87603899, 38789751.87603899, 38789751.87603899, 38789751.87603899, 38789751.87603899, 38789751.87603899, 38789751.87603899, 38789751.87603899, 38789751.87603899, 38789751.87603899]
3685.7535393468756	2.0	trials	7.0	0.0	0.0	0.0	0.0	False	40.0	1.86	0.005	[38847175.06312757, 38847175.06312757, 38847175.06312757, 38847175.06312757, 38847175.06312757, 38847175.06312757, 38847175.06312757, 38847175.06312757, 38847175.06312757, 38847175.06312757, 38847175.06312757, 38847175.06312757, 38847175.06312757, 38847175.06312757, 38847175.06312757, 38847175.06312757, 38847175.06312757, 38847175.06312757, 38847175.06312757, 38847175.06312757]
3690.3733623985963	2.0	trials	7.0	0.0	0.0	0.0	0.0	False	40.0	1.86	0.005	[38912764.27682159, 38912764.27682159, 38912764.27682159, 38912764.27682159, 38912764.27682159, 38912764.27682159, 38912764.27682159, 38912764.27682159, 38912764.27682159, 38912764.27682159, 38912764.27682159, 38912764.27682159, 38912764.27682159, 38912764.27682159, 38912764.27682159, 38912764.27682159, 38912764.27682159, 38912764.27682159, 38912764.27682159, 38912764.27682159]
3698.0413873815824	2.0	trials	7.0	0.0	0.0	0.0	0.0	False	40.0	1.86	0.005	[38999409.559117705, 38999409.559117705, 38999409.559117705, 38999409.559117705, 38999409.559117705, 38999409.559117705, 38999409.559117705, 38999409.559117705, 38999409.559117705, 38999409.559117705, 38999409.559117705, 38999409.559117705, 38999409.559117705, 38999409.559117705, 38999409.559117705, 38999409.559117705, 38999409.559117705, 38999409.559117705, 38999409.559117705, 38999409.559117705]
3704.6115239875676	2.0	trials	7.0	0.0	0.0	0.0	0.0	False	40.0	1.86	0.005	[39083155.83196865, 39083155.83196865, 39083155.83196865, 39083155.83196865, 39083155.83196865, 39083155.83196865, 39083155.83196865, 39083155.83196865, 39083155.83196865, 39083155.83196865, 39083155.83196865, 39083155.83196865, 39083155.83196865, 39083155.83196865, 39083155.83196865, 39083155.83196865, 39083155.83196865, 39083155.83196865, 39083155.83196865, 39083155.83196865]
3709.0156055363873	2.0	trials	7.0	0.0	0.0	0.0	0.0	False	40.0	1.86	0.005	[39162462.09035372, 39162462.09035372, 39162462.09035372, 39162462.09035372, 39162462.09035372, 39162462.09035372, 39162462.09035372, 39162462.09035372, 39162462.09035372, 39162462.09035372, 39162462.09035372, 39162462.09035372, 39162462.09035372, 39162462.09035372, 39162462.09035372, 39162462.09035372, 39162462.09035372, 39162462.09035372, 39162462.09035372, 39162462.09035372]
3716.3774279217423	2.0	trials	7.0	0.0	0.0	0.0	0.0	False	40.0	1.86	0.005	[39242952.352596365, 39242952.352596365, 39242952.352596365, 39242952.352596365, 39242952.352596365, 39242952.352596365, 39242952.352596365, 39242952.352596365, 39242952.352596365, 39242952.352596365, 39242952.352596365, 39242952.352596365, 39242952.352596365, 39242952.352596365, 39242952.352596365, 39242952.352596365, 39242952.352596365, 39242952.352596365, 39242952.352596365, 39242952.352596365]
3722.113715410986	2.0	trials	7.0	0.0	0.0	0.0	0.0	False	40.0	1.86	0.005	[39333395.64726664, 39333395.64726664, 39333395.64726664, 39333395.64726664, 39333395.64726664, 39333395.64726664, 39333395.64726664, 39333395.64726664, 39333395.64726664, 39333395.64726664, 39333395.64726664, 39333395.64726664, 39333395.64726664, 39333395.64726664, 39333395.64726664, 39333395.64726664, 39333395.64726664, 39333395.64726664, 39333395.64726664, 39333395.64726664]
3727.6336565953584	2.0	trials	7.0	0.0	0.0	0.0	0.0	False	40.0	1.86	0.005	[39423191.93982895, 39423191.93982895, 39423191.93982895, 39423191.93982895, 39423191.93982895, 39423191.93982895, 39423191.93982895, 39423191.93982895, 39423191.93982895, 39423191.93982895, 39423191.93982895, 39423191.93982895, 39423191.93982895, 39423191.93982895, 39423191.93982895, 39423191.93982895, 39423191.93982895, 39423191.93982895, 39423191.93982895, 39423191.93982895]
3734.3301104128936	2.0	trials	7.0	0.0	0.0	0.0	0.0	False	40.0	1.86	0.005	[39482887.13431988, 39482887.13431988, 39482887.13431988, 39482887.13431988, 39482887.13431988, 39482887.13431988, 39482887.13431988, 39482887.13431988, 39482887.13431988, 39482887.13431988, 39482887.13431988, 39482887.13431988, 39482887.13431988, 39482887.13431988, 39482887.13431988, 39482887.13431988, 39482887.13431988, 39482887.13431988, 39482887.13431988, 39482887.13431988]
3741.2664978121506	2.0	trials	7.0	0.0	0.0	0.0	0.0	False	40.0	1.86	0.005	[39552468.361020155, 39552468.361020155, 39552468.361020155, 39552468.361020155, 39552468.361020155, 39552468.361020155, 39552468.361020155, 39552468.361020155, 39552468.361020155, 39552468.361020155, 39552468.361020155, 39552468.361020155, 39552468.361020155, 39552468.361020155, 39552468.361020155, 39552468.361020155, 39552468.361020155, 39552468.361020155, 39552468.361020155, 39552468.361020155]
3746.5039100760227	2.0	trials	7.0	0.0	0.0	0.0	0.0	False	40.0	1.86	0.005	[39611847.55448152, 39611847.55448152, 39611847.55448152, 39611847.55448152, 39611847.55448152, 39611847.55448152, 39611847.55448152, 39611847.55448152, 39611847.55448152, 39611847.55448152, 39611847.55448152, 39611847.55448152, 39611847.55448152, 39611847.55448152, 39611847.55448152, 39611847.55448152, 39611847.55448152, 39611847.55448152, 39611847.55448152, 39611847.55448152]
3750.9978479176007	2.0	trials	7.0	0.0	0.0	0.0	0.0	False	40.0	1.86	0.005	[39681425.78117202, 39681425.78117202, 39681425.78117202, 39681425.78117202, 39681425.78117202, 39681425.78117202, 39681425.78117202, 39681425.78117202, 39681425.78117202, 39681425.78117202, 39681425.78117202, 39681425.78117202, 39681425.78117202, 39681425.78117202, 39681425.78117202, 39681425.78117202, 39681425.78117202, 39681425.78117202, 39681425.78117202, 39681425.78117202]
3756.1342582524003	2.0	trials	7.0	0.0	0.0	0.0	0.0	False	40.0	1.86	0.005	[39760878.04003278, 39760878.04003278, 39760878.04003278, 39760878.04003278, 39760878.04003278, 39760878.04003278, 39760878.04003278, 39760878.04003278, 39760878.04003278, 39760878.04003278, 39760878.04003278, 39760878.04003278, 39760878.04003278, 39760878.04003278, 39760878.04003278, 39760878.04003278, 39760878.04003278, 39760878.04003278, 39760878.04003278, 39760878.04003278]
3762.817752027712	2.0	trials	7.0	0.0	0.0	0.0	0.0	False	40.0	1.86	0.005	[39838304.29229268, 39838304.29229268, 39838304.29229268, 39838304.29229268, 39838304.29229268, 39838304.29229268, 39838304.29229268, 39838304.29229268, 39838304.29229268, 39838304.29229268, 39838304.29229268, 39838304.29229268, 39838304.29229268, 39838304.29229268, 39838304.29229268, 39838304.29229268, 39838304.29229268, 39838304.29229268, 39838304.29229268, 39838304.29229268]
3770.0781404825875	2.0	trials	7.0	0.0	0.0	0.0	0.0	False	40.0	1.86	0.005	[39899038.49016874, 39899038.49016874, 39899038.49016874, 39899038.49016874, 39899038.49016874, 39899038.49016874, 39899038.49016874, 39899038.49016874, 39899038.49016874, 39899038.49016874, 39899038.49016874, 39899038.49016874, 39899038.49016874, 39899038.49016874, 39899038.49016874, 39899038.49016874, 39899038.49016874, 39899038.49016874, 39899038.49016874, 39899038.49016874]
3777.2359718033254	2.0	trials	7.0	0.0	0.0	0.0	0.0	False	40.0	1.86	0.005	[39955300.673474684, 39955300.673474684, 39955300.673474684, 39955300.673474684, 39955300.673474684, 39955300.673474684, 39955300.673474684, 39955300.673474684, 39955300.673474684, 39955300.673474684, 39955300.673474684, 39955300.673474684, 39955300.673474684, 39955300.673474684, 39955300.673474684, 39955300.673474684, 39955300.673474684, 39955300.673474684, 39955300.673474684, 39955300.673474684]
3784.4769201948643	2.0	trials	7.0	0.0	0.0	0.0	0.0	False	40.0	1.86	0.005	[40006777.841190726, 40006777.841190726, 40006777.841190726, 40006777.841190726, 40006777.841190726, 40006777.841190726, 40006777.841190726, 40006777.841190726, 40006777.841190726, 40006777.841190726, 40006777.841190726, 40006777.841190726, 40006777.841190726, 40006777.841190726, 40006777.841190726, 40006777.841190726, 40006777.841190726, 40006777.841190726, 40006777.841190726, 40006777.841190726]
3789.9679172849346	2.0	trials	7.0	0.0	0.0	0.0	0.0	False	40.0	1.86	0.005	[40091079.1158499, 40091079.1158499, 40091079.1158499, 40091079.1158499, 40091079.1158499, 40091079.1158499, 40091079.1158499, 40091079.1158499, 40091079.1158499, 40091079.1158499, 40091079.1158499, 40091079.1158499, 40091079.1158499, 40091079.1158499, 40091079.1158499, 40091079.1158499, 40091079.1158499, 40091079.1158499, 40091079.1158499, 40091079.1158499]
3797.78645155829	2.0	trials	7.0	0.0	0.0	0.0	0.0	False	40.0	1.86	0.005	[40146988.29800575, 40146988.29800575, 40146988.29800575, 40146988.29800575, 40146988.29800575, 40146988.29800575, 40146988.29800575, 40146988.29800575, 40146988.29800575, 40146988.29800575, 40146988.29800575, 40146988.29800575, 40146988.29800575, 40146988.29800575, 40146988.29800575, 40146988.29800575, 40146988.29800575, 40146988.29800575, 40146988.29800575, 40146988.29800575]
3804.18845321648	2.0	trials	7.0	0.0	0.0	0.0	0.0	False	40.0	1.86	0.005	[40216878.525712766, 40216878.525712766, 40216878.525712766, 40216878.525712766, 40216878.525712766, 40216878.525712766, 40216878.525712766, 40216878.525712766, 40216878.525712766, 40216878.525712766, 40216878.525712766, 40216878.525712766, 40216878.525712766, 40216878.525712766, 40216878.525712766, 40216878.525712766, 40216878.525712766, 40216878.525712766, 40216878.525712766, 40216878.525712766]
3811.5383523629885	2.0	trials	7.0	0.0	0.0	0.0	0.0	False	40.0	1.86	0.005	[40282266.738751926, 40282266.738751926, 40282266.738751926, 40282266.738751926, 40282266.738751926, 40282266.738751926, 40282266.738751926, 40282266.738751926, 40282266.738751926, 40282266.738751926, 40282266.738751926, 40282266.738751926, 40282266.738751926, 40282266.738751926, 40282266.738751926, 40282266.738751926, 40282266.738751926, 40282266.738751926, 40282266.738751926, 40282266.738751926]
3818.9784534033806	2.0	trials	7.0	0.0	0.0	0.0	0.0	False	40.0	1.86	0.005	[40366370.012766, 40366370.012766, 40366370.012766, 40366370.012766, 40366370.012766, 40366370.012766, 40366370.012766, 40366370.012766, 40366370.012766, 40366370.012766, 40366370.012766, 40366370.012766, 40366370.012766, 40366370.012766, 40366370.012766, 40366370.012766, 40366370.012766, 40366370.012766, 40366370.012766, 40366370.012766]
3824.00064256604	2.0	trials	7.0	0.0	0.0	0.0	0.0	False	40.0	1.86	0.005	[40420486.18908011, 40420486.18908011, 40420486.18908011, 40420486.18908011, 40420486.18908011, 40420486.18908011, 40420486.18908011, 40420486.18908011, 40420486.18908011, 40420486.18908011, 40420486.18908011, 40420486.18908011, 40420486.18908011, 40420486.18908011, 40420486.18908011, 40420486.18908011, 40420486.18908011, 40420486.18908011, 40420486.18908011, 40420486.18908011]
3829.953103559593	2.0	trials	7.0	0.0	0.0	0.0	0.0	False	40.0	1.86	0.005	[40487480.40735174, 40487480.40735174, 40487480.40735174, 40487480.40735174, 40487480.40735174, 40487480.40735174, 40487480.40735174, 40487480.40735174, 40487480.40735174, 40487480.40735174, 40487480.40735174, 40487480.40735174, 40487480.40735174, 40487480.40735174, 40487480.40735174, 40487480.40735174, 40487480.40735174, 40487480.40735174, 40487480.40735174, 40487480.40735174]
3837.6802263351237	2.0	trials	7.0	0.0	0.0	0.0	0.0	False	40.0	1.86	0.005	[40572227.68346402, 40572227.68346402, 40572227.68346402, 40572227.68346402, 40572227.68346402, 40572227.68346402, 40572227.68346402, 40572227.68346402, 40572227.68346402, 40572227.68346402, 40572227.68346402, 40572227.68346402, 40572227.68346402, 40572227.68346402, 40572227.68346402, 40572227.68346402, 40572227.68346402, 40572227.68346402, 40572227.68346402, 40572227.68346402]
3844.4181522877784	2.0	trials	7.0	0.0	0.0	0.0	0.0	False	40.0	1.86	0.005	[40634721.8870743, 40634721.8870743, 40634721.8870743, 40634721.8870743, 40634721.8870743, 40634721.8870743, 40634721.8870743, 40634721.8870743, 40634721.8870743, 40634721.8870743, 40634721.8870743, 40634721.8870743, 40634721.8870743, 40634721.8870743, 40634721.8870743, 40634721.8870743, 40634721.8870743, 40634721.8870743, 40634721.8870743, 40634721.8870743]
3850.059053866248	2.0	trials	7.0	0.0	0.0	0.0	0.0	False	40.0	1.86	0.005	[40706324.120359145, 40706324.120359145, 40706324.120359145, 40706324.120359145, 40706324.120359145, 40706324.120359145, 40706324.120359145, 40706324.120359145, 40706324.120359145, 40706324.120359145, 40706324.120359145, 40706324.120359145, 40706324.120359145, 40706324.120359145, 40706324.120359145, 40706324.120359145, 40706324.120359145, 40706324.120359145, 40706324.120359145, 40706324.120359145]
3857.0130669229306	2.0	trials	7.0	0.0	0.0	0.0	0.0	False	40.0	1.86	0.005	[40792338.400599405, 40792338.400599405, 40792338.400599405, 40792338.400599405, 40792338.400599405, 40792338.400599405, 40792338.400599405, 40792338.400599405, 40792338.400599405, 40792338.400599405, 40792338.400599405, 40792338.400599405, 40792338.400599405, 40792338.400599405, 40792338.400599405, 40792338.400599405, 40792338.400599405, 40792338.400599405, 40792338.400599405, 40792338.400599405]
3864.8250347748926	2.0	trials	7.0	0.0	0.0	0.0	0.0	False	40.0	1.86	0.005	[40854568.60334956, 40854568.60334956, 40854568.60334956, 40854568.60334956, 40854568.60334956, 40854568.60334956, 40854568.60334956, 40854568.60334956, 40854568.60334956, 40854568.60334956, 40854568.60334956, 40854568.60334956, 40854568.60334956, 40854568.60334956, 40854568.60334956, 40854568.60334956, 40854568.60334956, 40854568.60334956, 40854568.60334956, 40854568.60334956]
3871.318534331189	2.0	trials	7.0	0.0	0.0	0.0	0.0	False	40.0	1.86	0.005	[40930393.850393265, 40930393.850393265, 40930393.850393265, 40930393.850393265, 40930393.850393265, 40930393.850393265, 40930393.850393265, 40930393.850393265, 40930393.850393265, 40930393.850393265, 40930393.850393265, 40930393.850393265, 40930393.850393265, 40930393.850393265, 40930393.850393265, 40930393.850393265, 40930393.850393265, 40930393.850393265, 40930393.850393265, 40930393.850393265]
3877.4393030731007	2.0	trials	7.0	0.0	0.0	0.0	0.0	False	40.0	1.86	0.005	[41010676.11195823, 41010676.11195823, 41010676.11195823, 41010676.11195823, 41010676.11195823, 41010676.11195823, 41010676.11195823, 41010676.11195823, 41010676.11195823, 41010676.11195823, 41010676.11195823, 41010676.11195823, 41010676.11195823, 41010676.11195823, 41010676.11195823, 41010676.11195823, 41010676.11195823, 41010676.11195823, 41010676.11195823, 41010676.11195823]
3884.4693483775027	2.0	trials	7.0	0.0	0.0	0.0	0.0	False	40.0	1.86	0.005	[41095355.38784895, 41095355.38784895, 41095355.38784895, 41095355.38784895, 41095355.38784895, 41095355.38784895, 41095355.38784895, 41095355.38784895, 41095355.38784895, 41095355.38784895, 41095355.38784895, 41095355.38784895, 41095355.38784895, 41095355.38784895, 41095355.38784895, 41095355.38784895, 41095355.38784895, 41095355.38784895, 41095355.38784895, 41095355.38784895]
3891.8011034648957	2.0	trials	7.0	0.0	0.0	0.0	0.0	False	40.0	1.86	0.005	[41187372.687647454, 41187372.687647454, 41187372.687647454, 41187372.687647454, 41187372.687647454, 41187372.687647454, 41187372.687647454, 41187372.687647454, 41187372.687647454, 41187372.687647454, 41187372.687647454, 41187372.687647454, 41187372.687647454, 41187372.687647454, 41187372.687647454, 41187372.687647454, 41187372.687647454, 41187372.687647454, 41187372.687647454, 41187372.687647454]
3897.9394114639517	2.0	trials	7.0	0.0	0.0	0.0	0.0	False	40.0	1.86	0.005	[41272201.96402689, 41272201.96402689, 41272201.96402689, 41272201.96402689, 41272201.96402689, 41272201.96402689, 41272201.96402689, 41272201.96402689, 41272201.96402689, 41272201.96402689, 41272201.96402689, 41272201.96402689, 41272201.96402689, 41272201.96402689, 41272201.96402689, 41272201.96402689, 41272201.96402689, 41272201.96402689, 41272201.96402689, 41272201.96402689]
3903.166542094325	2.0	trials	7.0	0.0	0.0	0.0	0.0	False	40.0	1.86	0.005	[41351891.22365981, 41351891.22365981, 41351891.22365981, 41351891.22365981, 41351891.22365981, 41351891.22365981, 41351891.22365981, 41351891.22365981, 41351891.22365981, 41351891.22365981, 41351891.22365981, 41351891.22365981, 41351891.22365981, 41351891.22365981, 41351891.22365981, 41351891.22365981, 41351891.22365981, 41351891.22365981, 41351891.22365981, 41351891.22365981]
3908.6024158047985	2.0	trials	7.0	0.0	0.0	0.0	0.0	False	40.0	1.86	0.005	[41410066.413198456, 41410066.413198456, 41410066.413198456, 41410066.413198456, 41410066.413198456, 41410066.413198456, 41410066.413198456, 41410066.413198456, 41410066.413198456, 41410066.413198456, 41410066.413198456, 41410066.413198456, 41410066.413198456, 41410066.413198456, 41410066.413198456, 41410066.413198456, 41410066.413198456, 41410066.413198456, 41410066.413198456, 41410066.413198456]
3913.833261647277	2.0	trials	7.0	0.0	0.0	0.0	0.0	False	40.0	1.86	0.005	[41458249.57018239, 41458249.57018239, 41458249.57018239, 41458249.57018239, 41458249.57018239, 41458249.57018239, 41458249.57018239, 41458249.57018239, 41458249.57018239, 41458249.57018239, 41458249.57018239, 41458249.57018239, 41458249.57018239, 41458249.57018239, 41458249.57018239, 41458249.57018239, 41458249.57018239, 41458249.57018239, 41458249.57018239, 41458249.57018239]
3919.196818322136	2.0	trials	7.0	0.0	0.0	0.0	0.0	False	40.0	1.86	0.005	[41507970.73217726, 41507970.73217726, 41507970.73217726, 41507970.73217726, 41507970.73217726, 41507970.73217726, 41507970.73217726, 41507970.73217726, 41507970.73217726, 41507970.73217726, 41507970.73217726, 41507970.73217726, 41507970.73217726, 41507970.73217726, 41507970.73217726, 41507970.73217726, 41507970.73217726, 41507970.73217726, 41507970.73217726, 41507970.73217726]
3924.2582332125967	2.0	trials	7.0	0.0	0.0	0.0	0.0	False	40.0	1.86	0.005	[41594671.01465256, 41594671.01465256, 41594671.01465256, 41594671.01465256, 41594671.01465256, 41594671.01465256, 41594671.01465256, 41594671.01465256, 41594671.01465256, 41594671.01465256, 41594671.01465256, 41594671.01465256, 41594671.01465256, 41594671.01465256, 41594671.01465256, 41594671.01465256, 41594671.01465256, 41594671.01465256, 41594671.01465256, 41594671.01465256]
3930.666369290772	2.0	trials	7.0	0.0	0.0	0.0	0.0	False	40.0	1.86	0.005	[41664427.241923, 41664427.241923, 41664427.241923, 41664427.241923, 41664427.241923, 41664427.241923, 41664427.241923, 41664427.241923, 41664427.241923, 41664427.241923, 41664427.241923, 41664427.241923, 41664427.241923, 41664427.241923, 41664427.241923, 41664427.241923, 41664427.241923, 41664427.241923, 41664427.241923, 41664427.241923]
3950.5875957955836	2.0	trials	7.0	0.0	0.0	0.0	0.0	False	40.0	1.86	0.2	[41937101.1303127, 41937101.1303127, 41937101.1303127, 41937101.1303127, 41937101.1303127, 41937101.1303127, 41937101.1303127, 41937101.1303127, 41937101.1303127, 41937101.1303127, 41937101.1303127, 41937101.1303127, 41937101.1303127, 41937101.1303127, 41937101.1303127, 41937101.1303127, 41937101.1303127, 41937101.1303127, 41937101.1303127, 41937101.1303127]
3956.9208228297	2.0	trials	8.0	0.0	0.0	0.0	0.0	False	40.0	1.86	0.2	[42023286.411110096, 42023286.411110096, 42023286.411110096, 42023286.411110096, 42023286.411110096, 42023286.411110096, 42023286.411110096, 42023286.411110096, 42023286.411110096, 42023286.411110096, 42023286.411110096, 42023286.411110096, 42023286.411110096, 42023286.411110096, 42023286.411110096, 42023286.411110096, 42023286.411110096, 42023286.411110096, 42023286.411110096, 42023286.411110096]
3963.7346082295107	2.0	trials	8.0	0.0	0.0	0.0	0.0	False	40.0	1.86	0.2	[42088641.624041736, 42088641.624041736, 42088641.624041736, 42088641.624041736, 42088641.624041736, 42088641.624041736, 42088641.624041736, 42088641.624041736, 42088641.624041736, 42088641.624041736, 42088641.624041736, 42088641.624041736, 42088641.624041736, 42088641.624041736, 42088641.624041736, 42088641.624041736, 42088641.624041736, 42088641.624041736, 42088641.624041736, 42088641.624041736]
3967.961050799569	2.0	trials	8.0	0.0	0.0	0.0	0.0	False	40.0	1.86	0.2	[42153487.83531502, 42153487.83531502, 42153487.83531502, 42153487.83531502, 42153487.83531502, 42153487.83531502, 42153487.83531502, 42153487.83531502, 42153487.83531502, 42153487.83531502, 42153487.83531502, 42153487.83531502, 42153487.83531502, 42153487.83531502, 42153487.83531502, 42153487.83531502, 42153487.83531502, 42153487.83531502, 42153487.83531502, 42153487.83531502]
3974.677635882694	2.0	trials	8.0	0.0	0.0	0.0	0.0	False	40.0	1.86	0.2	[42215245.036524095, 42215245.036524095, 42215245.036524095, 42215245.036524095, 42215245.036524095, 42215245.036524095, 42215245.036524095, 42215245.036524095, 42215245.036524095, 42215245.036524095, 42215245.036524095, 42215245.036524095, 42215245.036524095, 42215245.036524095, 42215245.036524095, 42215245.036524095, 42215245.036524095, 42215245.036524095, 42215245.036524095, 42215245.036524095]
3979.565040606216	2.0	trials	8.0	0.0	0.0	0.0	0.0	False	40.0	1.86	0.2	[42304176.326268174, 42304176.326268174, 42304176.326268174, 42304176.326268174, 42304176.326268174, 42304176.326268174, 42304176.326268174, 42304176.326268174, 42304176.326268174, 42304176.326268174, 42304176.326268174, 42304176.326268174, 42304176.326268174, 42304176.326268174, 42304176.326268174, 42304176.326268174, 42304176.326268174, 42304176.326268174, 42304176.326268174, 42304176.326268174]
3985.943022986149	2.0	trials	8.0	0.0	0.0	0.0	0.0	False	40.0	1.86	0.2	[42370149.5412133, 42370149.5412133, 42370149.5412133, 42370149.5412133, 42370149.5412133, 42370149.5412133, 42370149.5412133, 42370149.5412133, 42370149.5412133, 42370149.5412133, 42370149.5412133, 42370149.5412133, 42370149.5412133, 42370149.5412133, 42370149.5412133, 42370149.5412133, 42370149.5412133, 42370149.5412133, 42370149.5412133, 42370149.5412133]
3990.514807481357	2.0	trials	8.0	0.0	0.0	0.0	0.0	False	40.0	1.86	0.2	[42435012.75254197, 42435012.75254197, 42435012.75254197, 42435012.75254197, 42435012.75254197, 42435012.75254197, 42435012.75254197, 42435012.75254197, 42435012.75254197, 42435012.75254197, 42435012.75254197, 42435012.75254197, 42435012.75254197, 42435012.75254197, 42435012.75254197, 42435012.75254197, 42435012.75254197, 42435012.75254197, 42435012.75254197, 42435012.75254197]
3997.441258848242	2.0	trials	8.0	0.0	0.0	0.0	0.0	False	40.0	1.86	0.2	[42525988.048945546, 42525988.048945546, 42525988.048945546, 42525988.048945546, 42525988.048945546, 42525988.048945546, 42525988.048945546, 42525988.048945546, 42525988.048945546, 42525988.048945546, 42525988.048945546, 42525988.048945546, 42525988.048945546, 42525988.048945546, 42525988.048945546, 42525988.048945546, 42525988.048945546, 42525988.048945546, 42525988.048945546, 42525988.048945546]
4003.361406136514	2.0	trials	8.0	0.0	0.0	0.0	0.0	False	40.0	1.86	0.2	[42603686.302091636, 42603686.302091636, 42603686.302091636, 42603686.302091636, 42603686.302091636, 42603686.302091636, 42603686.302091636, 42603686.302091636, 42603686.302091636, 42603686.302091636, 42603686.302091636, 42603686.302091636, 42603686.302091636, 42603686.302091636, 42603686.302091636, 42603686.302091636, 42603686.302091636, 42603686.302091636, 42603686.302091636, 42603686.302091636]
4010.0271878541175	2.0	trials	8.0	0.0	0.0	0.0	0.0	False	40.0	1.86	0.2	[42659184.48290841, 42659184.48290841, 42659184.48290841, 42659184.48290841, 42659184.48290841, 42659184.48290841, 42659184.48290841, 42659184.48290841, 42659184.48290841, 42659184.48290841, 42659184.48290841, 42659184.48290841, 42659184.48290841, 42659184.48290841, 42659184.48290841, 42659184.48290841, 42659184.48290841, 42659184.48290841, 42659184.48290841, 42659184.48290841]
4014.6915934510926	2.0	trials	8.0	0.0	0.0	0.0	0.0	False	40.0	1.86	0.2	[42712654.6571178, 42712654.6571178, 42712654.6571178, 42712654.6571178, 42712654.6571178, 42712654.6571178, 42712654.6571178, 42712654.6571178, 42712654.6571178, 42712654.6571178, 42712654.6571178, 42712654.6571178, 42712654.6571178, 42712654.6571178, 42712654.6571178, 42712654.6571178, 42712654.6571178, 42712654.6571178, 42712654.6571178, 42712654.6571178]
4020.3596247179526	2.0	trials	8.0	0.0	0.0	0.0	0.0	False	40.0	1.86	0.2	[42801404.946272165, 42801404.946272165, 42801404.946272165, 42801404.946272165, 42801404.946272165, 42801404.946272165, 42801404.946272165, 42801404.946272165, 42801404.946272165, 42801404.946272165, 42801404.946272165, 42801404.946272165, 42801404.946272165, 42801404.946272165, 42801404.946272165, 42801404.946272165, 42801404.946272165, 42801404.946272165, 42801404.946272165, 42801404.946272165]
4027.715485483884	2.0	trials	8.0	0.0	0.0	0.0	0.0	False	40.0	1.86	0.2	[42877448.194026135, 42877448.194026135, 42877448.194026135, 42877448.194026135, 42877448.194026135, 42877448.194026135, 42877448.194026135, 42877448.194026135, 42877448.194026135, 42877448.194026135, 42877448.194026135, 42877448.194026135, 42877448.194026135, 42877448.194026135, 42877448.194026135, 42877448.194026135, 42877448.194026135, 42877448.194026135, 42877448.194026135, 42877448.194026135]
4032.138229493508	2.0	trials	8.0	0.0	0.0	0.0	0.0	False	40.0	1.86	0.2	[42928421.36010011, 42928421.36010011, 42928421.36010011, 42928421.36010011, 42928421.36010011, 42928421.36010011, 42928421.36010011, 42928421.36010011, 42928421.36010011, 42928421.36010011, 42928421.36010011, 42928421.36010011, 42928421.36010011, 42928421.36010011, 42928421.36010011, 42928421.36010011, 42928421.36010011, 42928421.36010011, 42928421.36010011, 42928421.36010011]
4038.293471947737	2.0	trials	8.0	0.0	0.0	0.0	0.0	False	40.0	1.86	0.2	[43013627.637707844, 43013627.637707844, 43013627.637707844, 43013627.637707844, 43013627.637707844, 43013627.637707844, 43013627.637707844, 43013627.637707844, 43013627.637707844, 43013627.637707844, 43013627.637707844, 43013627.637707844, 43013627.637707844, 43013627.637707844, 43013627.637707844, 43013627.637707844, 43013627.637707844, 43013627.637707844, 43013627.637707844, 43013627.637707844]
4044.2249376728864	2.0	trials	8.0	0.0	0.0	0.0	0.0	False	40.0	1.86	0.2	[43080019.85401811, 43080019.85401811, 43080019.85401811, 43080019.85401811, 43080019.85401811, 43080019.85401811, 43080019.85401811, 43080019.85401811, 43080019.85401811, 43080019.85401811, 43080019.85401811, 43080019.85401811, 43080019.85401811, 43080019.85401811, 43080019.85401811, 43080019.85401811, 43080019.85401811, 43080019.85401811, 43080019.85401811, 43080019.85401811]
4049.522052531273	2.0	trials	8.0	0.0	0.0	0.0	0.0	False	40.0	1.86	0.2	[43143908.062170155, 43143908.062170155, 43143908.062170155, 43143908.062170155, 43143908.062170155, 43143908.062170155, 43143908.062170155, 43143908.062170155, 43143908.062170155, 43143908.062170155, 43143908.062170155, 43143908.062170155, 43143908.062170155, 43143908.062170155, 43143908.062170155, 43143908.062170155, 43143908.062170155, 43143908.062170155, 43143908.062170155, 43143908.062170155]
4056.233367197227	2.0	trials	8.0	0.0	0.0	0.0	0.0	False	40.0	1.86	0.2	[43221413.31468743, 43221413.31468743, 43221413.31468743, 43221413.31468743, 43221413.31468743, 43221413.31468743, 43221413.31468743, 43221413.31468743, 43221413.31468743, 43221413.31468743, 43221413.31468743, 43221413.31468743, 43221413.31468743, 43221413.31468743, 43221413.31468743, 43221413.31468743, 43221413.31468743, 43221413.31468743, 43221413.31468743, 43221413.31468743]
4061.0277188175746	2.0	trials	8.0	0.0	0.0	0.0	0.0	False	40.0	1.86	0.2	[43301695.57625239, 43301695.57625239, 43301695.57625239, 43301695.57625239, 43301695.57625239, 43301695.57625239, 43301695.57625239, 43301695.57625239, 43301695.57625239, 43301695.57625239, 43301695.57625239, 43301695.57625239, 43301695.57625239, 43301695.57625239, 43301695.57625239, 43301695.57625239, 43301695.57625239, 43301695.57625239, 43301695.57625239, 43301695.57625239]
4066.7697087253973	2.0	trials	8.0	0.0	0.0	0.0	0.0	False	40.0	1.86	0.2	[43362313.77375052, 43362313.77375052, 43362313.77375052, 43362313.77375052, 43362313.77375052, 43362313.77375052, 43362313.77375052, 43362313.77375052, 43362313.77375052, 43362313.77375052, 43362313.77375052, 43362313.77375052, 43362313.77375052, 43362313.77375052, 43362313.77375052, 43362313.77375052, 43362313.77375052, 43362313.77375052, 43362313.77375052, 43362313.77375052]
4073.4862074082407	2.0	trials	8.0	0.0	0.0	0.0	0.0	False	40.0	1.86	0.2	[43414326.9432129, 43414326.9432129, 43414326.9432129, 43414326.9432129, 43414326.9432129, 43414326.9432129, 43414326.9432129, 43414326.9432129, 43414326.9432129, 43414326.9432129, 43414326.9432129, 43414326.9432129, 43414326.9432129, 43414326.9432129, 43414326.9432129, 43414326.9432129, 43414326.9432129, 43414326.9432129, 43414326.9432129, 43414326.9432129]
4077.9059274080114	2.0	trials	8.0	0.0	0.0	0.0	0.0	False	40.0	1.86	0.2	[43473776.136902325, 43473776.136902325, 43473776.136902325, 43473776.136902325, 43473776.136902325, 43473776.136902325, 43473776.136902325, 43473776.136902325, 43473776.136902325, 43473776.136902325, 43473776.136902325, 43473776.136902325, 43473776.136902325, 43473776.136902325, 43473776.136902325, 43473776.136902325, 43473776.136902325, 43473776.136902325, 43473776.136902325, 43473776.136902325]
4084.319765904766	2.0	trials	8.0	0.0	0.0	0.0	0.0	False	40.0	1.86	0.2	[43551131.3889309, 43551131.3889309, 43551131.3889309, 43551131.3889309, 43551131.3889309, 43551131.3889309, 43551131.3889309, 43551131.3889309, 43551131.3889309, 43551131.3889309, 43551131.3889309, 43551131.3889309, 43551131.3889309, 43551131.3889309, 43551131.3889309, 43551131.3889309, 43551131.3889309, 43551131.3889309, 43551131.3889309, 43551131.3889309]
4089.1318295828214	2.0	trials	8.0	0.0	0.0	0.0	0.0	False	40.0	1.86	0.2	[43635163.66271365, 43635163.66271365, 43635163.66271365, 43635163.66271365, 43635163.66271365, 43635163.66271365, 43635163.66271365, 43635163.66271365, 43635163.66271365, 43635163.66271365, 43635163.66271365, 43635163.66271365, 43635163.66271365, 43635163.66271365, 43635163.66271365, 43635163.66271365, 43635163.66271365, 43635163.66271365, 43635163.66271365, 43635163.66271365]
4094.088095330697	2.0	trials	8.0	0.0	0.0	0.0	0.0	False	40.0	1.86	0.2	[43718008.932629064, 43718008.932629064, 43718008.932629064, 43718008.932629064, 43718008.932629064, 43718008.932629064, 43718008.932629064, 43718008.932629064, 43718008.932629064, 43718008.932629064, 43718008.932629064, 43718008.932629064, 43718008.932629064, 43718008.932629064, 43718008.932629064, 43718008.932629064, 43718008.932629064, 43718008.932629064, 43718008.932629064, 43718008.932629064]
4101.28947239331	2.0	trials	8.0	0.0	0.0	0.0	0.0	False	40.0	1.86	0.2	[43801816.205678746, 43801816.205678746, 43801816.205678746, 43801816.205678746, 43801816.205678746, 43801816.205678746, 43801816.205678746, 43801816.205678746, 43801816.205678746, 43801816.205678746, 43801816.205678746, 43801816.205678746, 43801816.205678746, 43801816.205678746, 43801816.205678746, 43801816.205678746, 43801816.205678746, 43801816.205678746, 43801816.205678746, 43801816.205678746]
4107.494567809964	2.0	trials	8.0	0.0	0.0	0.0	0.0	False	40.0	1.86	0.2	[43865369.41273934, 43865369.41273934, 43865369.41273934, 43865369.41273934, 43865369.41273934, 43865369.41273934, 43865369.41273934, 43865369.41273934, 43865369.41273934, 43865369.41273934, 43865369.41273934, 43865369.41273934, 43865369.41273934, 43865369.41273934, 43865369.41273934, 43865369.41273934, 43865369.41273934, 43865369.41273934, 43865369.41273934, 43865369.41273934]
4113.144368617427	2.0	trials	8.0	0.0	0.0	0.0	0.0	False	40.0	1.86	0.2	[43955861.707569264, 43955861.707569264, 43955861.707569264, 43955861.707569264, 43955861.707569264, 43955861.707569264, 43955861.707569264, 43955861.707569264, 43955861.707569264, 43955861.707569264, 43955861.707569264, 43955861.707569264, 43955861.707569264, 43955861.707569264, 43955861.707569264, 43955861.707569264, 43955861.707569264, 43955861.707569264, 43955861.707569264, 43955861.707569264]
4117.466283498542	2.0	trials	8.0	0.0	0.0	0.0	0.0	False	40.0	1.86	0.2	[44029958.94898302, 44029958.94898302, 44029958.94898302, 44029958.94898302, 44029958.94898302, 44029958.94898302, 44029958.94898302, 44029958.94898302, 44029958.94898302, 44029958.94898302, 44029958.94898302, 44029958.94898302, 44029958.94898302, 44029958.94898302, 44029958.94898302, 44029958.94898302, 44029958.94898302, 44029958.94898302, 44029958.94898302, 44029958.94898302]
4122.635957941719	2.0	trials	8.0	0.0	0.0	0.0	0.0	False	40.0	1.86	0.2	[44115027.22614114, 44115027.22614114, 44115027.22614114, 44115027.22614114, 44115027.22614114, 44115027.22614114, 44115027.22614114, 44115027.22614114, 44115027.22614114, 44115027.22614114, 44115027.22614114, 44115027.22614114, 44115027.22614114, 44115027.22614114, 44115027.22614114, 44115027.22614114, 44115027.22614114, 44115027.22614114, 44115027.22614114, 44115027.22614114]
4129.4699610074	2.0	trials	8.0	0.0	0.0	0.0	0.0	False	40.0	1.86	0.2	[44201139.50670069, 44201139.50670069, 44201139.50670069, 44201139.50670069, 44201139.50670069, 44201139.50670069, 44201139.50670069, 44201139.50670069, 44201139.50670069, 44201139.50670069, 44201139.50670069, 44201139.50670069, 44201139.50670069, 44201139.50670069, 44201139.50670069, 44201139.50670069, 44201139.50670069, 44201139.50670069, 44201139.50670069, 44201139.50670069]
4136.598070631303	2.0	trials	8.0	0.0	0.0	0.0	0.0	False	40.0	1.86	0.2	[44259266.69608294, 44259266.69608294, 44259266.69608294, 44259266.69608294, 44259266.69608294, 44259266.69608294, 44259266.69608294, 44259266.69608294, 44259266.69608294, 44259266.69608294, 44259266.69608294, 44259266.69608294, 44259266.69608294, 44259266.69608294, 44259266.69608294, 44259266.69608294, 44259266.69608294, 44259266.69608294, 44259266.69608294, 44259266.69608294]
4144.320700592195	2.0	trials	8.0	0.0	0.0	0.0	0.0	False	40.0	1.86	0.2	[44328160.92054492, 44328160.92054492, 44328160.92054492, 44328160.92054492, 44328160.92054492, 44328160.92054492, 44328160.92054492, 44328160.92054492, 44328160.92054492, 44328160.92054492, 44328160.92054492, 44328160.92054492, 44328160.92054492, 44328160.92054492, 44328160.92054492, 44328160.92054492, 44328160.92054492, 44328160.92054492, 44328160.92054492, 44328160.92054492]
4150.260633544931	2.0	trials	8.0	0.0	0.0	0.0	0.0	False	40.0	1.86	0.2	[44417595.21192781, 44417595.21192781, 44417595.21192781, 44417595.21192781, 44417595.21192781, 44417595.21192781, 44417595.21192781, 44417595.21192781, 44417595.21192781, 44417595.21192781, 44417595.21192781, 44417595.21192781, 44417595.21192781, 44417595.21192781, 44417595.21192781, 44417595.21192781, 44417595.21192781, 44417595.21192781, 44417595.21192781, 44417595.21192781]
4155.40222789662	2.0	trials	8.0	0.0	0.0	0.0	0.0	False	40.0	1.86	0.2	[44495580.46600896, 44495580.46600896, 44495580.46600896, 44495580.46600896, 44495580.46600896, 44495580.46600896, 44495580.46600896, 44495580.46600896, 44495580.46600896, 44495580.46600896, 44495580.46600896, 44495580.46600896, 44495580.46600896, 44495580.46600896, 44495580.46600896, 44495580.46600896, 44495580.46600896, 44495580.46600896, 44495580.46600896, 44495580.46600896]
4160.0643006859955	2.0	trials	8.0	0.0	0.0	0.0	0.0	False	40.0	1.86	0.2	[44560868.678722315, 44560868.678722315, 44560868.678722315, 44560868.678722315, 44560868.678722315, 44560868.678722315, 44560868.678722315, 44560868.678722315, 44560868.678722315, 44560868.678722315, 44560868.678722315, 44560868.678722315, 44560868.678722315, 44560868.678722315, 44560868.678722315, 44560868.678722315, 44560868.678722315, 44560868.678722315, 44560868.678722315, 44560868.678722315]
4165.147315646828	2.0	trials	8.0	0.0	0.0	0.0	0.0	False	40.0	1.86	0.2	[44641354.94095192, 44641354.94095192, 44641354.94095192, 44641354.94095192, 44641354.94095192, 44641354.94095192, 44641354.94095192, 44641354.94095192, 44641354.94095192, 44641354.94095192, 44641354.94095192, 44641354.94095192, 44641354.94095192, 44641354.94095192, 44641354.94095192, 44641354.94095192, 44641354.94095192, 44641354.94095192, 44641354.94095192, 44641354.94095192]
4172.70664907569	2.0	trials	8.0	0.0	0.0	0.0	0.0	False	40.0	1.86	0.2	[44731771.235534236, 44731771.235534236, 44731771.235534236, 44731771.235534236, 44731771.235534236, 44731771.235534236, 44731771.235534236, 44731771.235534236, 44731771.235534236, 44731771.235534236, 44731771.235534236, 44731771.235534236, 44731771.235534236, 44731771.235534236, 44731771.235534236, 44731771.235534236, 44731771.235534236, 44731771.235534236, 44731771.235534236, 44731771.235534236]
4180.566482683602	2.0	trials	8.0	0.0	0.0	0.0	0.0	False	40.0	1.86	0.2	[44806927.48039829, 44806927.48039829, 44806927.48039829, 44806927.48039829, 44806927.48039829, 44806927.48039829, 44806927.48039829, 44806927.48039829, 44806927.48039829, 44806927.48039829, 44806927.48039829, 44806927.48039829, 44806927.48039829, 44806927.48039829, 44806927.48039829, 44806927.48039829, 44806927.48039829, 44806927.48039829, 44806927.48039829, 44806927.48039829]
4185.633427192077	2.0	trials	8.0	0.0	0.0	0.0	0.0	False	40.0	1.86	0.2	[44877769.711207, 44877769.711207, 44877769.711207, 44877769.711207, 44877769.711207, 44877769.711207, 44877769.711207, 44877769.711207, 44877769.711207, 44877769.711207, 44877769.711207, 44877769.711207, 44877769.711207, 44877769.711207, 44877769.711207, 44877769.711207, 44877769.711207, 44877769.711207, 44877769.711207, 44877769.711207]
4191.246507879904	2.0	trials	8.0	0.0	0.0	0.0	0.0	False	40.0	1.86	0.2	[44959135.97630373, 44959135.97630373, 44959135.97630373, 44959135.97630373, 44959135.97630373, 44959135.97630373, 44959135.97630373, 44959135.97630373, 44959135.97630373, 44959135.97630373, 44959135.97630373, 44959135.97630373, 44959135.97630373, 44959135.97630373, 44959135.97630373, 44959135.97630373, 44959135.97630373, 44959135.97630373, 44959135.97630373, 44959135.97630373]
4197.83971336105	2.0	trials	8.0	0.0	0.0	0.0	0.0	False	40.0	1.86	0.2	[45043994.25277764, 45043994.25277764, 45043994.25277764, 45043994.25277764, 45043994.25277764, 45043994.25277764, 45043994.25277764, 45043994.25277764, 45043994.25277764, 45043994.25277764, 45043994.25277764, 45043994.25277764, 45043994.25277764, 45043994.25277764, 45043994.25277764, 45043994.25277764, 45043994.25277764, 45043994.25277764, 45043994.25277764, 45043994.25277764]
4203.030728673756	2.0	trials	8.0	0.0	0.0	0.0	0.0	False	40.0	1.86	0.2	[45115039.484247744, 45115039.484247744, 45115039.484247744, 45115039.484247744, 45115039.484247744, 45115039.484247744, 45115039.484247744, 45115039.484247744, 45115039.484247744, 45115039.484247744, 45115039.484247744, 45115039.484247744, 45115039.484247744, 45115039.484247744, 45115039.484247744, 45115039.484247744, 45115039.484247744, 45115039.484247744, 45115039.484247744, 45115039.484247744]
4210.161516706385	2.0	trials	8.0	0.0	0.0	0.0	0.0	False	40.0	1.86	0.2	[45175538.68135816, 45175538.68135816, 45175538.68135816, 45175538.68135816, 45175538.68135816, 45175538.68135816, 45175538.68135816, 45175538.68135816, 45175538.68135816, 45175538.68135816, 45175538.68135816, 45175538.68135816, 45175538.68135816, 45175538.68135816, 45175538.68135816, 45175538.68135816, 45175538.68135816, 45175538.68135816, 45175538.68135816, 45175538.68135816]
4216.236666099666	2.0	trials	8.0	0.0	0.0	0.0	0.0	False	40.0	1.86	0.2	[45238453.88634009, 45238453.88634009, 45238453.88634009, 45238453.88634009, 45238453.88634009, 45238453.88634009, 45238453.88634009, 45238453.88634009, 45238453.88634009, 45238453.88634009, 45238453.88634009, 45238453.88634009, 45238453.88634009, 45238453.88634009, 45238453.88634009, 45238453.88634009, 45238453.88634009, 45238453.88634009, 45238453.88634009, 45238453.88634009]
4222.158714194131	2.0	trials	8.0	0.0	0.0	0.0	0.0	False	40.0	1.86	0.2	[45298996.08359061, 45298996.08359061, 45298996.08359061, 45298996.08359061, 45298996.08359061, 45298996.08359061, 45298996.08359061, 45298996.08359061, 45298996.08359061, 45298996.08359061, 45298996.08359061, 45298996.08359061, 45298996.08359061, 45298996.08359061, 45298996.08359061, 45298996.08359061, 45298996.08359061, 45298996.08359061, 45298996.08359061, 45298996.08359061]
4228.181850617951	2.0	trials	8.0	0.0	0.0	0.0	0.0	False	40.0	1.86	0.2	[45361074.285845526, 45361074.285845526, 45361074.285845526, 45361074.285845526, 45361074.285845526, 45361074.285845526, 45361074.285845526, 45361074.285845526, 45361074.285845526, 45361074.285845526, 45361074.285845526, 45361074.285845526, 45361074.285845526, 45361074.285845526, 45361074.285845526, 45361074.285845526, 45361074.285845526, 45361074.285845526, 45361074.285845526, 45361074.285845526]
4232.964711000858	2.0	trials	8.0	0.0	0.0	0.0	0.0	False	40.0	1.86	0.2	[45419655.47670696, 45419655.47670696, 45419655.47670696, 45419655.47670696, 45419655.47670696, 45419655.47670696, 45419655.47670696, 45419655.47670696, 45419655.47670696, 45419655.47670696, 45419655.47670696, 45419655.47670696, 45419655.47670696, 45419655.47670696, 45419655.47670696, 45419655.47670696, 45419655.47670696, 45419655.47670696, 45419655.47670696, 45419655.47670696]
4238.545305182842	2.0	trials	8.0	0.0	0.0	0.0	0.0	False	40.0	1.86	0.2	[45493823.718352035, 45493823.718352035, 45493823.718352035, 45493823.718352035, 45493823.718352035, 45493823.718352035, 45493823.718352035, 45493823.718352035, 45493823.718352035, 45493823.718352035, 45493823.718352035, 45493823.718352035, 45493823.718352035, 45493823.718352035, 45493823.718352035, 45493823.718352035, 45493823.718352035, 45493823.718352035, 45493823.718352035, 45493823.718352035]
