onset	duration	nwb_table	Block	sound	sound_puretone	sound_bluenoise	sound_freq	sound_amp	optogenetics	opto_freq	opto_power	opto_pulse_duration	opto_pulse_ts	airpuff	airpuff_duration	airpuff_amp
305.2433329112479	2.0	trials	1.0	1.0	1.0	0.0	10000.0	1.0	False	0.0	0.0	0.0	"[nan nan nan nan nan nan nan nan nan nan nan nan nan nan nan nan nan nan
 nan nan]"	0.0	0.0	0.0
312.9324394067319	2.0	trials	1.0	1.0	1.0	0.0	10000.0	1.0	False	0.0	0.0	0.0	"[nan nan nan nan nan nan nan nan nan nan nan nan nan nan nan nan nan nan
 nan nan]"	0.0	0.0	0.0
319.2506326635274	2.0	trials	1.0	1.0	1.0	0.0	10000.0	1.0	False	0.0	0.0	0.0	"[nan nan nan nan nan nan nan nan nan nan nan nan nan nan nan nan nan nan
 nan nan]"	0.0	0.0	0.0
326.2875034472286	2.0	trials	1.0	1.0	1.0	0.0	10000.0	1.0	False	0.0	0.0	0.0	"[nan nan nan nan nan nan nan nan nan nan nan nan nan nan nan nan nan nan
 nan nan]"	0.0	0.0	0.0
333.1615097036134	2.0	trials	1.0	1.0	1.0	0.0	10000.0	1.0	False	0.0	0.0	0.0	"[nan nan nan nan nan nan nan nan nan nan nan nan nan nan nan nan nan nan
 nan nan]"	0.0	0.0	0.0
341.21738538660816	2.0	trials	1.0	1.0	1.0	0.0	10000.0	1.0	False	0.0	0.0	0.0	"[nan nan nan nan nan nan nan nan nan nan nan nan nan nan nan nan nan nan
 nan nan]"	0.0	0.0	0.0
349.8027219838705	2.0	trials	1.0	1.0	1.0	0.0	10000.0	1.0	False	0.0	0.0	0.0	"[nan nan nan nan nan nan nan nan nan nan nan nan nan nan nan nan nan nan
 nan nan]"	0.0	0.0	0.0
360.8547865678069	2.0	trials	1.0	1.0	1.0	0.0	10000.0	1.0	False	0.0	0.0	0.0	"[nan nan nan nan nan nan nan nan nan nan nan nan nan nan nan nan nan nan
 nan nan]"	0.0	0.0	0.0
370.1907687954799	2.0	trials	1.0	1.0	1.0	0.0	10000.0	1.0	False	0.0	0.0	0.0	"[nan nan nan nan nan nan nan nan nan nan nan nan nan nan nan nan nan nan
 nan nan]"	0.0	0.0	0.0
377.6909178791651	2.0	trials	1.0	1.0	1.0	0.0	10000.0	1.0	False	0.0	0.0	0.0	"[nan nan nan nan nan nan nan nan nan nan nan nan nan nan nan nan nan nan
 nan nan]"	0.0	0.0	0.0
386.9372166164645	2.0	trials	1.0	1.0	1.0	0.0	10000.0	1.0	False	0.0	0.0	0.0	"[nan nan nan nan nan nan nan nan nan nan nan nan nan nan nan nan nan nan
 nan nan]"	0.0	0.0	0.0
396.90322968402626	2.0	trials	1.0	1.0	1.0	0.0	10000.0	1.0	False	0.0	0.0	0.0	"[nan nan nan nan nan nan nan nan nan nan nan nan nan nan nan nan nan nan
 nan nan]"	0.0	0.0	0.0
403.7073381140988	2.0	trials	1.0	1.0	1.0	0.0	10000.0	1.0	False	0.0	0.0	0.0	"[nan nan nan nan nan nan nan nan nan nan nan nan nan nan nan nan nan nan
 nan nan]"	0.0	0.0	0.0
414.6994409038932	2.0	trials	1.0	1.0	1.0	0.0	10000.0	1.0	False	0.0	0.0	0.0	"[nan nan nan nan nan nan nan nan nan nan nan nan nan nan nan nan nan nan
 nan nan]"	0.0	0.0	0.0
422.3673793308402	2.0	trials	1.0	1.0	1.0	0.0	10000.0	1.0	False	0.0	0.0	0.0	"[nan nan nan nan nan nan nan nan nan nan nan nan nan nan nan nan nan nan
 nan nan]"	0.0	0.0	0.0
432.25528654551397	2.0	trials	1.0	1.0	1.0	0.0	10000.0	1.0	False	0.0	0.0	0.0	"[nan nan nan nan nan nan nan nan nan nan nan nan nan nan nan nan nan nan
 nan nan]"	0.0	0.0	0.0
439.75526282863973	2.0	trials	1.0	1.0	1.0	0.0	10000.0	1.0	False	0.0	0.0	0.0	"[nan nan nan nan nan nan nan nan nan nan nan nan nan nan nan nan nan nan
 nan nan]"	0.0	0.0	0.0
450.18939261185136	2.0	trials	1.0	1.0	1.0	0.0	10000.0	1.0	False	0.0	0.0	0.0	"[nan nan nan nan nan nan nan nan nan nan nan nan nan nan nan nan nan nan
 nan nan]"	0.0	0.0	0.0
460.26936764839473	2.0	trials	1.0	1.0	1.0	0.0	10000.0	1.0	False	0.0	0.0	0.0	"[nan nan nan nan nan nan nan nan nan nan nan nan nan nan nan nan nan nan
 nan nan]"	0.0	0.0	0.0
466.4139827431858	2.0	trials	1.0	1.0	1.0	0.0	10000.0	1.0	False	0.0	0.0	0.0	"[nan nan nan nan nan nan nan nan nan nan nan nan nan nan nan nan nan nan
 nan nan]"	0.0	0.0	0.0
475.51556101191494	2.0	trials	1.0	1.0	1.0	0.0	10000.0	1.0	False	0.0	0.0	0.0	"[nan nan nan nan nan nan nan nan nan nan nan nan nan nan nan nan nan nan
 nan nan]"	0.0	0.0	0.0
481.6682113327221	2.0	trials	1.0	1.0	1.0	0.0	10000.0	1.0	False	0.0	0.0	0.0	"[nan nan nan nan nan nan nan nan nan nan nan nan nan nan nan nan nan nan
 nan nan]"	0.0	0.0	0.0
489.58014414966436	2.0	trials	1.0	1.0	1.0	0.0	10000.0	1.0	False	0.0	0.0	0.0	"[nan nan nan nan nan nan nan nan nan nan nan nan nan nan nan nan nan nan
 nan nan]"	0.0	0.0	0.0
500.6749768720737	2.0	trials	1.0	1.0	1.0	0.0	10000.0	1.0	False	0.0	0.0	0.0	"[nan nan nan nan nan nan nan nan nan nan nan nan nan nan nan nan nan nan
 nan nan]"	0.0	0.0	0.0
511.1865213059354	2.000000000000057	trials	1.0	1.0	1.0	0.0	10000.0	1.0	False	0.0	0.0	0.0	"[nan nan nan nan nan nan nan nan nan nan nan nan nan nan nan nan nan nan
 nan nan]"	0.0	0.0	0.0
518.169046313678	2.0	trials	1.0	1.0	1.0	0.0	10000.0	1.0	False	0.0	0.0	0.0	"[nan nan nan nan nan nan nan nan nan nan nan nan nan nan nan nan nan nan
 nan nan]"	0.0	0.0	0.0
528.5829584314296	2.0	trials	1.0	1.0	1.0	0.0	10000.0	1.0	False	0.0	0.0	0.0	"[nan nan nan nan nan nan nan nan nan nan nan nan nan nan nan nan nan nan
 nan nan]"	0.0	0.0	0.0
537.0429282227843	2.0	trials	1.0	1.0	1.0	0.0	10000.0	1.0	False	0.0	0.0	0.0	"[nan nan nan nan nan nan nan nan nan nan nan nan nan nan nan nan nan nan
 nan nan]"	0.0	0.0	0.0
548.0026309076749	2.0	trials	1.0	1.0	1.0	0.0	10000.0	1.0	False	0.0	0.0	0.0	"[nan nan nan nan nan nan nan nan nan nan nan nan nan nan nan nan nan nan
 nan nan]"	0.0	0.0	0.0
555.1962317988306	2.0	trials	1.0	1.0	1.0	0.0	10000.0	1.0	False	0.0	0.0	0.0	"[nan nan nan nan nan nan nan nan nan nan nan nan nan nan nan nan nan nan
 nan nan]"	0.0	0.0	0.0
565.9007080573593	2.0	trials	1.0	1.0	1.0	0.0	10000.0	1.0	False	0.0	0.0	0.0	"[nan nan nan nan nan nan nan nan nan nan nan nan nan nan nan nan nan nan
 nan nan]"	0.0	0.0	0.0
572.9628941230252	2.0	trials	1.0	1.0	1.0	0.0	10000.0	1.0	False	0.0	0.0	0.0	"[nan nan nan nan nan nan nan nan nan nan nan nan nan nan nan nan nan nan
 nan nan]"	0.0	0.0	0.0
581.3565084995369	2.0	trials	1.0	1.0	1.0	0.0	10000.0	1.0	False	0.0	0.0	0.0	"[nan nan nan nan nan nan nan nan nan nan nan nan nan nan nan nan nan nan
 nan nan]"	0.0	0.0	0.0
588.2086554851468	2.0	trials	1.0	1.0	1.0	0.0	10000.0	1.0	False	0.0	0.0	0.0	"[nan nan nan nan nan nan nan nan nan nan nan nan nan nan nan nan nan nan
 nan nan]"	0.0	0.0	0.0
598.5046312210486	2.0	trials	1.0	1.0	1.0	0.0	10000.0	1.0	False	0.0	0.0	0.0	"[nan nan nan nan nan nan nan nan nan nan nan nan nan nan nan nan nan nan
 nan nan]"	0.0	0.0	0.0
605.1165854289717	2.0	trials	1.0	1.0	1.0	0.0	10000.0	1.0	False	0.0	0.0	0.0	"[nan nan nan nan nan nan nan nan nan nan nan nan nan nan nan nan nan nan
 nan nan]"	0.0	0.0	0.0
613.8650457543896	2.0	trials	1.0	1.0	1.0	0.0	10000.0	1.0	False	0.0	0.0	0.0	"[nan nan nan nan nan nan nan nan nan nan nan nan nan nan nan nan nan nan
 nan nan]"	0.0	0.0	0.0
623.287082660687	2.0	trials	1.0	1.0	1.0	0.0	10000.0	1.0	False	0.0	0.0	0.0	"[nan nan nan nan nan nan nan nan nan nan nan nan nan nan nan nan nan nan
 nan nan]"	0.0	0.0	0.0
633.3591952717737	2.0	trials	1.0	1.0	1.0	0.0	10000.0	1.0	False	0.0	0.0	0.0	"[nan nan nan nan nan nan nan nan nan nan nan nan nan nan nan nan nan nan
 nan nan]"	0.0	0.0	0.0
640.2834000906895	2.0	trials	1.0	1.0	1.0	0.0	10000.0	1.0	False	0.0	0.0	0.0	"[nan nan nan nan nan nan nan nan nan nan nan nan nan nan nan nan nan nan
 nan nan]"	0.0	0.0	0.0
646.841008522654	2.0	trials	1.0	1.0	1.0	0.0	10000.0	1.0	False	0.0	0.0	0.0	"[nan nan nan nan nan nan nan nan nan nan nan nan nan nan nan nan nan nan
 nan nan]"	0.0	0.0	0.0
655.9552876325055	2.0	trials	1.0	1.0	1.0	0.0	10000.0	1.0	False	0.0	0.0	0.0	"[nan nan nan nan nan nan nan nan nan nan nan nan nan nan nan nan nan nan
 nan nan]"	0.0	0.0	0.0
662.3637691816327	2.0	trials	1.0	1.0	1.0	0.0	10000.0	1.0	False	0.0	0.0	0.0	"[nan nan nan nan nan nan nan nan nan nan nan nan nan nan nan nan nan nan
 nan nan]"	0.0	0.0	0.0
672.5043108142763	2.0	trials	1.0	1.0	1.0	0.0	10000.0	1.0	False	0.0	0.0	0.0	"[nan nan nan nan nan nan nan nan nan nan nan nan nan nan nan nan nan nan
 nan nan]"	0.0	0.0	0.0
682.685892579798	2.0	trials	1.0	1.0	1.0	0.0	10000.0	1.0	False	0.0	0.0	0.0	"[nan nan nan nan nan nan nan nan nan nan nan nan nan nan nan nan nan nan
 nan nan]"	0.0	0.0	0.0
691.9973371280239	2.0	trials	1.0	1.0	1.0	0.0	10000.0	1.0	False	0.0	0.0	0.0	"[nan nan nan nan nan nan nan nan nan nan nan nan nan nan nan nan nan nan
 nan nan]"	0.0	0.0	0.0
700.9254236350282	2.0	trials	1.0	1.0	1.0	0.0	10000.0	1.0	False	0.0	0.0	0.0	"[nan nan nan nan nan nan nan nan nan nan nan nan nan nan nan nan nan nan
 nan nan]"	0.0	0.0	0.0
708.635870999609	2.0	trials	1.0	1.0	1.0	0.0	10000.0	1.0	False	0.0	0.0	0.0	"[nan nan nan nan nan nan nan nan nan nan nan nan nan nan nan nan nan nan
 nan nan]"	0.0	0.0	0.0
719.1657322927762	2.0	trials	1.0	1.0	1.0	0.0	10000.0	1.0	False	0.0	0.0	0.0	"[nan nan nan nan nan nan nan nan nan nan nan nan nan nan nan nan nan nan
 nan nan]"	0.0	0.0	0.0
728.7091615921131	2.0	trials	1.0	1.0	1.0	0.0	10000.0	1.0	False	0.0	0.0	0.0	"[nan nan nan nan nan nan nan nan nan nan nan nan nan nan nan nan nan nan
 nan nan]"	0.0	0.0	0.0
776.4416873385919	2.0	trials	2.0	1.0	1.0	0.0	10000.0	1.0	True	40.0	0.0	0.005	"[8994705.62966316 8994994.63059887 8995284.63153782 8995573.63247354
 8995863.63341249 8996153.63435144 8996443.63529039 8996731.63622287
 8997021.63716182 8997311.63810077 8997601.63903972 8997891.63997867
 8998180.64091439 8998470.64185334 8998759.64278905 8999049.643728
 8999339.64466695 8999628.64560267 8999919.64654486 9000207.64747733]"	0.0	0.0	0.0
785.8701178655904	2.0	trials	2.0	1.0	1.0	0.0	10000.0	1.0	True	40.0	0.0	0.005	"[9103830.9829842  9104119.98391991 9104409.98485886 9104699.98579782
 9104988.98673353 9105277.98766924 9105567.98860819 9105857.98954715
 9106147.9904861  9106437.99142505 9106726.99236077 9107016.99329972
 9107305.99423543 9107595.99517438 9107885.99611333 9108174.99704905
 9108463.99798476 9108753.99892371 9109043.99986266 9109334.00080162]"	0.0	0.0	0.0
795.3116812351099	2.0	trials	2.0	1.0	1.0	0.0	10000.0	1.0	True	40.0	0.0	0.005	"[9213108.33679738 9213397.3377331  9213688.33867528 9213977.339611
 9214267.34054995 9214556.34148566 9214846.34242462 9215136.34336357
 9215425.34429928 9215715.34523823 9216004.34617395 9216294.3471129
 9216583.34804861 9216873.34898756 9217163.34992651 9217452.35086223
 9217742.35180118 9218031.35273689 9218321.35367585 9218611.3546148 ]"	0.0	0.0	0.0
805.2631790556746	2.0	trials	2.0	1.0	1.0	0.0	10000.0	1.0	True	40.0	0.0	0.005	"[9328287.70971985 9328576.71065556 9328865.71159128 9329155.71253023
 9329445.71346918 9329735.71440813 9330024.71534385 9330313.71627956
 9330604.71722175 9330894.7181607  9331182.71909318 9331473.72003537
 9331762.72097108 9332052.72191003 9332340.72284251 9332631.7237847
 9332920.72472041 9333210.72565936 9333500.72659832 9333789.72753403]"	0.0	0.0	0.0
811.8723684546459	2.0	trials	2.0	1.0	1.0	0.0	10000.0	1.0	True	40.0	0.0	0.005	"[9404782.95739264 9405071.95832835 9405361.9592673  9405651.96020626
 9405941.96114521 9406230.96208092 9406520.96301987 9406809.96395559
 9407098.9648913  9407388.96583025 9407678.9667692  9407968.96770816
 9408257.96864387 9408547.96958282 9408837.97052177 9409126.97145749
 9409416.97239644 9409705.97333215 9409995.9742711  9410284.97520682]"	0.0	0.0	0.0
819.8281926136979	2.0	trials	2.0	1.0	1.0	0.0	10000.0	1.0	True	40.0	0.0	0.005	"[9496864.25552922 9497153.25646494 9497444.25740713 9497733.25834284
 9498022.25927855 9498312.26021751 9498601.26115322 9498892.26209541
 9499181.26303113 9499470.26396684 9499761.26490903 9500050.26584474
 9500339.26678046 9500629.26771941 9500919.26865836 9501209.26959731
 9501498.27053303 9501788.27147198 9502078.27241093 9502367.27334664]"	0.0	0.0	0.0
827.8625546270366	2.0	trials	2.0	1.0	1.0	0.0	10000.0	1.0	True	40.0	0.0	0.005	"[9589853.5566057  9590143.55754465 9590433.5584836  9590722.55941932
 9591012.56035827 9591301.56129398 9591591.56223294 9591881.56317189
 9592170.5641076  9592460.56504655 9592750.5659855  9593040.56692446
 9593330.56786341 9593619.56879912 9593909.56973807 9594198.57067379
 9594487.5716095  9594777.57254845 9595068.57349064 9595356.57442312]"	0.0	0.0	0.0
837.0548531894964	2.0	trials	2.0	1.0	1.0	0.0	10000.0	1.0	True	40.0	0.0	0.005	"[9696245.90107793 9696535.90201688 9696825.90295584 9697114.90389155
 9697404.9048305  9697694.90576945 9697983.90670517 9698273.90764412
 9698563.90858307 9698853.90952202 9699142.91045774 9699431.91139345
 9699721.9123324  9700010.91326812 9700300.91420707 9700589.91514278
 9700879.91608173 9701169.91702068 9701459.91795964 9701748.91889535]"	0.0	0.0	0.0
847.1764731608758	2.0	trials	2.0	1.0	1.0	0.0	10000.0	1.0	True	40.0	0.0	0.005	"[9813395.2803788  9813683.28131127 9813974.28225346 9814263.28318918
 9814553.28412813 9814842.28506384 9815132.28600279 9815422.28694175
 9815711.28787746 9816001.28881641 9816290.28975213 9816580.29069108
 9816870.29163003 9817160.29256898 9817450.29350793 9817739.29444364
 9818028.29537936 9818318.29631831 9818609.2972605  9818898.29819622]"	0.0	0.0	0.0
858.0903836975027	2.0	trials	2.0	1.0	1.0	0.0	10000.0	1.0	True	40.0	0.0	0.005	"[9939712.68936349 9940002.69030244 9940292.69124139 9940581.6921771
 9940872.69311929 9941161.69405501 9941450.69499072 9941740.69592967
 9942030.69686862 9942320.69780757 9942609.69874329 9942898.699679
 9943189.70062119 9943478.70155691 9943768.70249586 9944058.70343481
 9944347.70437052 9944636.70530624 9944927.70624843 9945216.70718414]"	0.0	0.0	0.0
866.3826505458755	2.0	trials	2.0	1.0	1.0	0.0	10000.0	1.0	True	40.0	0.0	0.005	"[10035688.00010793 10035978.00104688 10036268.00198583 10036557.00292154
 10036847.0038605  10037136.00479621 10037426.00573516 10037715.00667087
 10038006.00761306 10038296.00855202 10038585.00948773 10038875.01042668
 10039164.0113624  10039454.01230135 10039744.0132403  10040033.01417601
 10040322.01511173 10040612.01605068 10040902.01698963 10041191.01792534]"	0.0	0.0	0.0
873.4683374876316	2.0	trials	2.0	1.0	1.0	0.0	10000.0	1.0	True	40.0	0.0	0.005	"[10117699.26564023 10117988.26657594 10118277.26751165 10118569.26845708
 10118858.26939279 10119147.27032851 10119437.27126746 10119726.27220317
 10120015.27313889 10120305.27407784 10120595.27501679 10120885.27595574
 10121174.27689146 10121464.27783041 10121754.27876936 10122044.27970831
 10122333.28064403 10122622.28157974 10122913.28252193 10123202.28345764]"	0.0	0.0	0.0
883.0924646482489	2.0	trials	2.0	1.0	1.0	0.0	10000.0	1.0	True	40.0	0.0	0.005	"[10229088.62629157 10229378.62723052 10229668.62816947 10229957.62910518
 10230246.6300409  10230537.63098309 10230826.6319188  10231116.63285775
 10231405.63379347 10231694.63472918 10231984.63566813 10232273.63660385
 10232564.63754603 10232853.63848175 10233143.6394207  10233433.64035965
 10233722.64129537 10234012.64223432 10234301.64317003 10234591.64410898]"	0.0	0.0	0.0
893.328737790848	2.0	trials	2.0	1.0	1.0	0.0	10000.0	1.0	True	40.0	0.0	0.005	"[10347565.00988894 10347854.01082466 10348143.01176037 10348433.01269932
 10348723.01363827 10349012.01457399 10349302.01551294 10349592.01645189
 10349881.0173876  10350171.01832656 10350461.01926551 10350750.02020122
 10351039.02113694 10351330.02207913 10351620.02301808 10351909.02395379
 10352198.02488951 10352488.02582846 10352777.02676417 10353068.02770636]"	0.0	0.0	0.0
904.1407823976573	2.0	trials	2.0	1.0	1.0	0.0	10000.0	1.0	True	40.0	0.0	0.005	"[10472704.41505955 10472993.41599526 10473284.41693745 10473572.41786993
 10473862.41880888 10474151.41974459 10474441.42068354 10474730.42161926
 10475021.42256144 10475311.4235004  10475600.42443611 10475890.42537506
 10476179.42631078 10476469.42724973 10476758.42818544 10477048.42912439
 10477338.43006335 10477628.4310023  10477917.43193801 10478207.43287696]"	0.0	0.0	0.0
912.9863566375067	2.0	trials	2.0	1.0	1.0	0.0	10000.0	1.0	True	40.0	0.0	0.005	"[10575082.74653539 10575372.74747434 10575662.74841329 10575952.74935225
 10576241.75028796 10576531.75122691 10576820.75216263 10577110.75310158
 10577399.75403729 10577689.75497624 10577980.75591843 10578269.75685415
 10578558.75778986 10578848.75872881 10579138.75966777 10579427.76060348
 10579717.76154243 10580007.76248138 10580296.76341709 10580586.76435605]"	0.0	0.0	0.0
919.1828983004235	2.0	trials	2.0	1.0	1.0	0.0	10000.0	1.0	True	40.0	0.0	0.005	"[10646801.97874462 10647092.97968681 10647380.98061928 10647671.98156147
 10647961.98250042 10648250.98343614 10648540.98437509 10648830.98531404
 10649119.98624976 10649409.98718871 10649698.98812442 10649988.98906337
 10650278.99000232 10650568.99094128 10650857.99187699 10651147.99281594
 10651436.99375166 10651725.99468737 10652016.99562956 10652305.99656527]"	0.0	0.0	0.0
929.184767484079	2.0	trials	2.0	1.0	1.0	0.0	10000.0	1.0	True	40.0	0.0	0.005	"[10762565.35355794 10762854.35449366 10763144.35543261 10763433.35636832
 10763723.35730727 10764013.35824622 10764302.35918194 10764591.36011765
 10764882.36105984 10765170.36199232 10765461.36293451 10765751.36387346
 10766040.36480917 10766329.36574489 10766620.36668708 10766909.36762279
 10767199.36856174 10767488.36949746 10767778.37043641 10768067.37137212]"	0.0	0.0	0.0
937.3451011052834	2.0	trials	2.0	1.0	1.0	0.0	10000.0	1.0	True	40.0	0.0	0.005	"[10857013.65935832 10857303.66029727 10857591.66122974 10857881.66216869
 10858171.66310765 10858461.6640466  10858750.66498231 10859040.66592126
 10859330.66686022 10859619.66779593 10859910.66873812 10860198.66967059
 10860488.67060955 10860778.6715485  10861067.67248421 10861357.67342316
 10861647.67436212 10861936.67529783 10862226.67623678 10862516.67717573]"	0.0	0.0	0.0
947.5988271043908	2.0	trials	2.0	1.0	1.0	0.0	10000.0	1.0	True	40.0	0.0	0.005	"[10975690.04360325 10975980.0445422  10976270.04548115 10976559.04641686
 10976848.04735258 10977138.04829153 10977428.04923048 10977718.05016943
 10978007.05110515 10978296.05204086 10978587.05298305 10978876.05391876
 10979166.05485771 10979456.05579667 10979745.05673238 10980034.05766809
 10980324.05860705 10980614.059546   10980903.06048171 10981192.06141743]"	0.0	0.0	0.0
954.422548397965	2.0	trials	2.0	1.0	1.0	0.0	10000.0	1.0	True	40.0	0.0	0.005	"[11054669.29931864 11054959.30025759 11055248.30119331 11055537.30212902
 11055827.30306797 11056117.30400692 11056406.30494264 11056696.30588159
 11056986.30682054 11057276.3077595  11057565.30869521 11057854.30963092
 11058144.31056987 11058434.31150883 11058724.31244778 11059014.31338673
 11059303.31432244 11059592.31525816 11059882.31619711 11060172.31713606]"	0.0	0.0	0.0
963.0399394990121	2.0	trials	2.0	1.0	1.0	0.0	10000.0	1.0	True	40.0	0.0	0.005	"[11154406.62224355 11154696.6231825  11154986.62412146 11155276.62506041
 11155565.62599612 11155855.62693507 11156144.62787079 11156435.62881298
 11156724.62974869 11157014.63068764 11157303.63162336 11157593.63256231
 11157883.63350126 11158172.63443697 11158461.63537269 11158752.63631488
 11159041.63725059 11159331.63818954 11159620.63912526 11159909.64006097]"	0.0	0.0	0.0
972.3795505384344	2.0	trials	2.0	1.0	1.0	0.0	10000.0	1.0	True	40.0	0.0	0.005	"[11262504.97223941 11262792.97317189 11263083.97411408 11263372.97504979
 11263662.97598874 11263951.97692445 11264241.97786341 11264530.97879912
 11264821.97974131 11265110.98067703 11265399.98161274 11265689.98255169
 11265979.98349064 11266268.98442636 11266559.98536855 11266848.98630426
 11267137.98723997 11267427.98817893 11267716.98911464 11268006.99005359]"	0.0	0.0	0.0
981.9137350078388	2.0	trials	2.0	1.0	1.0	0.0	10000.0	1.0	True	40.0	0.0	0.005	"[11372853.32952024 11373142.33045595 11373432.33139491 11373722.33233386
 11374012.33327281 11374301.33420852 11374591.33514747 11374880.33608319
 11375170.33702214 11375460.33796109 11375750.33890004 11376039.33983576
 11376328.34077147 11376618.34171042 11376909.34265261 11377198.34358833
 11377487.34452404 11377777.34546299 11378067.34640194 11378356.34733766]"	0.0	0.0	0.0
991.747296446554	2.0	trials	2.0	1.0	1.0	0.0	10000.0	1.0	True	40.0	0.0	0.005	"[11486668.6980264  11486957.69896211 11487248.6999043  11487536.70083678
 11487826.70177573 11488117.70271792 11488406.70365363 11488696.70459258
 11488986.70553154 11489274.70646401 11489564.70740296 11489854.70834192
 11490144.70928087 11490433.71021658 11490723.71115553 11491013.71209448
 11491302.7130302  11491591.71396591 11491882.7149081  11492171.71584381]"	0.0	0.0	0.0
999.142123589232	2.0	trials	2.0	1.0	1.0	0.0	10000.0	1.0	True	40.0	0.0	0.005	"[11572255.97513694 11572545.97607589 11572834.97701161 11573125.9779538
 11573414.97888951 11573704.97982846 11573994.98076741 11574283.98170313
 11574573.98264208 11574862.98357779 11575152.98451675 11575441.98545246
 11575731.98639141 11576020.98732712 11576311.98826931 11576601.98920826
 11576890.99014398 11577179.99107969 11577470.99202188 11577759.9929576 ]"	0.0	0.0	0.0
1009.1355255454724	2.0	trials	2.0	1.0	1.0	0.0	10000.0	1.0	True	40.0	0.0	0.005	"[11687921.34963296 11688210.35056868 11688500.35150763 11688790.35244658
 11689079.35338229 11689369.35432125 11689659.3552602  11689948.35619591
 11690237.35713162 11690528.35807382 11690817.35900953 11691106.35994524
 11691396.36088419 11691686.36182315 11691975.36275886 11692265.36369781
 11692555.36463676 11692844.36557248 11693134.36651143 11693423.36744714]"	0.0	0.0	0.0
1018.5566120486927	2.0	trials	2.0	1.0	1.0	0.0	10000.0	1.0	True	40.0	0.0	0.005	"[11796960.70267556 11797249.70361127 11797540.70455346 11797830.70549241
 11798120.70643136 11798408.70736384 11798699.70830603 11798987.70923851
 11799278.71018069 11799567.71111641 11799857.71205536 11800146.71299108
 11800436.71393003 11800725.71486574 11801016.71580793 11801304.71674041
 11801595.7176826  11801884.71861831 11802173.71955402 11802463.72049298]"	0.0	0.0	0.0
1027.6785807834412	2.0	trials	2.0	1.0	1.0	0.0	10000.0	1.0	True	40.0	0.0	0.005	"[11902539.04451225 11902829.0454512  11903119.04639015 11903408.04732587
 11903697.04826158 11903987.04920053 11904276.05013625 11904567.05107844
 11904856.05201415 11905146.0529531  11905436.05389205 11905725.05482777
 11906015.05576672 11906305.05670567 11906594.05764138 11906884.05858034
 11907174.05951929 11907464.06045824 11907752.06139072 11908043.06233291]"	0.0	0.0	0.0
1035.1695714374737	2.0	trials	2.0	1.0	1.0	0.0	10000.0	1.0	True	40.0	0.0	0.005	"[11989240.32522966 11989531.32617185 11989820.32710757 11990110.32804652
 11990399.32898223 11990689.32992118 11990979.33086013 11991268.33179585
 11991557.33273157 11991848.33367375 11992137.33460947 11992426.33554518
 11992716.33648413 11993006.33742308 11993296.33836204 11993585.33929775
 11993875.3402367  11994165.34117565 11994454.34211137 11994743.34304708]"	0.0	0.0	0.0
1043.6298868299473	2.0	trials	2.0	1.0	1.0	0.0	10000.0	1.0	True	40.0	0.0	0.005	"[12087160.64227155 12087450.64321051 12087739.64414622 12088030.64508841
 12088319.64602412 12088608.64695984 12088899.64790203 12089188.64883774
 12089478.6497767  12089768.65071564 12090056.65164812 12090347.65259031
 12090636.65352602 12090926.65446497 12091216.65540393 12091506.65634288
 12091795.65727859 12092085.65821754 12092374.65915326 12092664.66009221]"	0.0	0.0	0.0
1053.0085507958136	2.0	trials	2.0	1.0	1.0	0.0	10000.0	1.0	True	40.0	0.0	0.005	"[12195710.99373089 12195999.9946666  12196289.99560555 12196579.9965445
 12196868.99748022 12197158.99841917 12197448.99935812 12197739.00029707
 12198028.00123278 12198317.0021685  12198608.00311069 12198897.0040464
 12199187.00498535 12199477.0059243  12199766.00686002 12200056.00779897
 12200346.00873792 12200636.00967687 12200924.01060935 12201215.01155154]"	0.0	0.0	0.0
1063.5807482260552	2.0	trials	2.0	1.0	1.0	0.0	10000.0	1.0	True	40.0	0.0	0.005	"[12318073.38991021 12318363.39084917 12318653.39178812 12318943.39272707
 12319232.39366278 12319521.3945985  12319811.39553745 12320101.3964764
 12320391.39741535 12320680.39835107 12320969.39928678 12321259.40022573
 12321549.40116469 12321839.40210363 12322128.40303935 12322418.4039783
 12322708.40491725 12322997.40585297 12323287.40679192 12323577.40773087]"	0.0	0.0	0.0
1072.4121528200267	2.0	trials	2.0	1.0	1.0	0.0	10000.0	1.0	True	40.0	0.0	0.005	"[12420288.7208583  12420578.72179726 12420869.72273944 12421158.72367516
 12421447.72461087 12421737.72554982 12422027.72648878 12422315.72742125
 12422605.72836021 12422895.72929916 12423184.73023487 12423474.73117382
 12423764.73211277 12424053.73304849 12424344.73399068 12424633.73492639
 12424922.7358621  12425212.73680106 12425501.73773677 12425791.73867572]"	0.0	0.0	0.0
1083.0473360542012	2.0	trials	2.0	1.0	1.0	0.0	10000.0	1.0	True	40.0	0.0	0.005	"[12543381.1194012  12543671.12034015 12543961.12127911 12544251.12221806
 12544540.12315377 12544830.12409272 12545120.12503167 12545409.12596739
 12545699.12690634 12545988.12784206 12546278.12878101 12546568.12971996
 12546857.13065567 12547146.13159138 12547436.13253034 12547726.13346929
 12548016.13440824 12548305.13534395 12548595.13628291 12548885.13722186]"	0.0	0.0	0.0
1091.24663620157	2.0	trials	2.0	1.0	1.0	0.0	10000.0	1.0	True	40.0	0.0	0.005	"[12638280.42666181 12638569.42759752 12638860.42853971 12639149.42947543
 12639439.43041438 12639728.43135009 12640018.43228904 12640308.43322799
 12640597.43416371 12640887.43510266 12641177.43604161 12641467.43698056
 12641756.43791628 12642045.43885199 12642335.43979094 12642625.44072989
 12642915.44166885 12643204.44260456 12643493.44354028 12643784.44448246]"	0.0	0.0	0.0
1099.5504806874285	2.0	trials	2.0	1.0	1.0	0.0	10000.0	1.0	True	40.0	0.0	0.005	"[12734389.73784011 12734679.73877906 12734968.73971478 12735259.74065697
 12735548.74159268 12735838.74253163 12736127.74346734 12736416.74440306
 12736707.74534525 12736997.7462842  12737286.74721991 12737575.74815563
 12737865.74909458 12738155.75003353 12738445.75097248 12738734.7519082
 12739024.75284715 12739313.75378286 12739604.75472505 12739892.75565753]"	0.0	0.0	0.0
1108.2625664950742	2.0	trials	2.0	1.0	1.0	0.0	10000.0	1.0	True	40.0	0.0	0.005	"[12835224.06431685 12835514.0652558  12835803.06619151 12836093.06713046
 12836383.06806942 12836672.06900513 12836962.06994408 12837252.07088303
 12837541.07181875 12837831.0727577  12838121.07369665 12838410.07463237
 12838700.07557132 12838990.07651027 12839279.07744598 12839568.0783817
 12839858.07932065 12840148.0802596  12840437.08119531 12840728.0821375 ]"	0.0	0.0	0.0
1117.2205474988698	2.0	trials	2.0	1.0	1.0	0.0	10000.0	1.0	True	40.0	0.0	0.005	"[12938905.4000115  12939195.40095045 12939484.40188617 12939774.40282512
 12940063.40376083 12940354.40470302 12940643.40563873 12940932.40657445
 12941223.40751664 12941512.40845235 12941801.40938807 12942091.41032702
 12942381.41126597 12942670.41220168 12942960.41314063 12943250.41407959
 12943539.4150153  12943829.41595425 12944119.4168932  12944408.41782892]"	0.0	0.0	0.0
1125.3771659080455	2.0	trials	2.0	1.0	1.0	0.0	10000.0	1.0	True	40.0	0.0	0.005	"[13033310.70567265 13033599.70660837 13033889.70754732 13034178.70848303
 13034468.70942198 13034758.71036093 13035048.71129989 13035337.7122356
 13035627.71317455 13035916.71411026 13036206.71504922 13036496.71598817
 13036785.71692389 13037075.71786283 13037364.71879855 13037654.7197375
 13037944.72067645 13038233.72161216 13038523.72255112 13038813.72349007]"	0.0	0.0	0.0
1134.8066332384008	2.0	trials	2.0	1.0	1.0	0.0	10000.0	1.0	True	40.0	0.0	0.005	"[13142447.05902931 13142737.05996826 13143026.06090397 13143317.06184617
 13143606.06278188 13143895.06371759 13144186.06465978 13144476.06559873
 13144765.06653445 13145055.0674734  13145344.06840911 13145634.06934806
 13145924.07028702 13146213.07122273 13146503.07216168 13146792.0730974
 13147082.07403635 13147371.07497206 13147661.07591101 13147951.07684996]"	0.0	0.0	0.0
1145.28871517687	2.0	trials	2.0	1.0	1.0	0.0	10000.0	1.0	True	40.0	0.0	0.005	"[13263767.45183489 13264057.45277384 13264346.45370956 13264637.45465175
 13264926.45558746 13265215.45652317 13265505.45746212 13265795.45840108
 13266085.45934003 13266374.46027574 13266663.46121145 13266954.46215365
 13267244.4630926  13267533.46402831 13267822.46496402 13268112.46590298
 13268401.46683869 13268691.46777764 13268981.46871659 13269270.46965231]"	0.0	0.0	0.0
1156.0410571903767	2.0	trials	2.0	1.0	1.0	0.0	10000.0	1.0	True	40.0	0.0	0.005	"[13388216.85477143 13388506.85571038 13388795.8566461  13389085.85758505
 13389374.85852076 13389664.85945972 13389954.86039867 13390244.86133762
 13390533.86227333 13390822.86320905 13391112.864148   13391401.86508371
 13391692.8660259  13391981.86696162 13392271.86790057 13392560.86883628
 13392850.86977523 13393139.87071095 13393429.8716499  13393718.87258561]"	0.0	0.0	0.0
1165.7070020863894	2.0	trials	2.0	1.0	1.0	0.0	10000.0	1.0	True	40.0	0.0	0.005	"[13500090.21698985 13500379.21792557 13500669.21886452 13500959.21980347
 13501249.22074242 13501539.22168137 13501828.22261709 13502117.2235528
 13502408.22449499 13502697.2254307  13502987.22636966 13503277.22730861
 13503566.22824432 13503855.22918004 13504145.23011899 13504435.23105794
 13504724.23199365 13505014.2329326  13505305.23387479 13505594.23481051]"	0.0	0.0	0.0
1173.075045142347	2.0	trials	2.0	1.0	1.0	0.0	10000.0	1.0	True	40.0	0.0	0.005	"[13585368.49309993 13585658.49403888 13585947.49497459 13586238.49591678
 13586526.49684926 13586816.49778821 13587106.49872716 13587396.49966611
 13587685.50060183 13587975.50154078 13588264.50247649 13588554.50341544
 13588844.5043544  13589134.50529335 13589423.50622906 13589713.50716802
 13590002.50810373 13590292.50904268 13590581.50997839 13590871.51091735]"	0.0	0.0	0.0
1182.4016961398079	2.0	trials	2.0	1.0	1.0	0.0	10000.0	1.0	True	40.0	0.0	0.005	"[13693315.84260688 13693606.84354907 13693895.84448479 13694185.84542374
 13694475.84636269 13694764.8472984  13695053.84823412 13695343.84917307
 13695633.85011202 13695922.85104774 13696212.85198669 13696501.8529224
 13696791.85386135 13697081.8548003  13697370.85573602 13697660.85667497
 13697950.85761392 13698239.85854964 13698529.85948859 13698818.8604243 ]"	0.0	0.0	0.0
1188.7471918850022	2.0	trials	2.0	1.0	1.0	0.0	10000.0	1.0	True	40.0	0.0	0.005	"[13766759.08039802 13767050.0813402  13767339.08227592 13767629.08321487
 13767919.08415382 13768208.08508953 13768498.08602849 13768788.08696744
 13769077.08790315 13769366.08883887 13769656.08977782 13769946.09071677
 13770235.09165248 13770524.0925882  13770814.09352715 13771104.0944661
 13771394.09540505 13771685.09634724 13771973.09727972 13772264.09822191]"	0.0	0.0	0.0
1197.6992976697754	2.0	trials	2.0	1.0	1.0	0.0	10000.0	1.0	True	40.0	0.0	0.005	"[13870372.4158725  13870661.41680821 13870951.41774717 13871240.41868288
 13871530.41962183 13871820.42056078 13872110.42149974 13872399.42243545
 13872690.42337764 13872978.42431011 13873268.42524907 13873558.42618802
 13873847.42712373 13874137.42806268 13874427.42900164 13874716.42993735
 13875005.43087306 13875296.43181525 13875585.43275097 13875875.43368992]"	0.0	0.0	0.0
1207.5471151546483	2.0	trials	2.0	1.0	1.0	0.0	10000.0	1.0	True	40.0	0.0	0.005	"[13984351.78490965 13984640.78584537 13984929.78678108 13985219.78772003
 13985509.78865899 13985798.7895947  13986088.79053365 13986378.7914726
 13986666.79240508 13986956.79334403 13987247.79428622 13987536.79522193
 13987825.79615765 13988116.79709983 13988405.79803555 13988695.7989745
 13988984.79991022 13989274.80084917 13989564.80178812 13989853.80272383]"	0.0	0.0	0.0
1216.413857463035	2.0	trials	2.0	1.0	1.0	0.0	10000.0	1.0	True	40.0	0.0	0.005	"[14086975.11717875 14087265.1181177  14087555.11905665 14087844.11999237
 14088133.12092808 14088423.12186703 14088714.12280922 14089002.1237417
 14089293.12468389 14089582.1256196  14089871.12655531 14090160.12749103
 14090451.12843322 14090740.12936893 14091030.13030788 14091320.13124684
 14091609.13218255 14091899.1331215  14092189.13406046 14092478.13499617]"	0.0	0.0	0.0
1225.209665141752	2.0	trials	2.0	1.0	1.0	0.0	10000.0	1.0	True	40.0	0.0	0.005	"[14188779.44679612 14189067.4477286  14189357.44866754 14189648.44960974
 14189936.45054222 14190227.4514844  14190516.45242012 14190806.45335907
 14191095.45429478 14191385.45523373 14191674.45616945 14191964.4571084
 14192255.45805059 14192543.45898306 14192833.45992202 14193123.46086097
 14193412.46179668 14193701.4627324  14193991.46367135 14194282.46461353]"	0.0	0.0	0.0
1233.6818173725505	2.0	trials	2.0	1.0	1.0	0.0	10000.0	1.0	True	40.0	0.0	0.005	"[14286835.76427835 14287124.76521406 14287414.76615301 14287704.76709197
 14287993.76802768 14288283.76896663 14288573.76990558 14288863.77084453
 14289153.77178349 14289442.7727192  14289732.77365815 14290022.7745971
 14290310.77552958 14290600.77646853 14290890.77740748 14291180.77834643
 14291469.77928215 14291759.7802211  14292049.78116005 14292339.78209901]"	0.0	0.0	0.0
1241.8598630511026	2.0	trials	2.0	1.0	1.0	0.0	10000.0	1.0	True	40.0	0.0	0.005	"[14381490.0707457  14381779.07168142 14382069.07262037 14382358.07355608
 14382648.07449503 14382937.07543075 14383227.0763697  14383517.07730865
 14383806.07824436 14384097.07918655 14384386.08012227 14384675.08105798
 14384965.08199693 14385255.08293589 14385545.08387484 14385834.08481055
 14386123.08574626 14386414.08668845 14386703.08762417 14386993.08856312]"	0.0	0.0	0.0
1250.5536319994428	2.0	trials	2.0	1.0	1.0	0.0	10000.0	1.0	True	40.0	0.0	0.005	"[14482111.39653279 14482400.39746851 14482690.39840746 14482981.39934965
 14483270.40028536 14483559.40122108 14483850.40216327 14484139.40309898
 14484428.40403469 14484718.40497365 14485007.40590936 14485297.40684831
 14485587.40778726 14485876.40872298 14486167.40966517 14486456.41060088
 14486746.41153983 14487035.41247555 14487325.4134145  14487614.41435021]"	0.0	0.0	0.0
1257.0179281292844	2.0	trials	2.0	1.0	1.0	0.0	10000.0	1.0	True	40.0	0.0	0.005	"[14556929.63877585 14557219.6397148  14557508.64065052 14557799.64159271
 14558088.64252842 14558378.64346737 14558667.64440309 14558957.64534204
 14559247.64628099 14559537.64721994 14559826.64815566 14560116.64909461
 14560405.65003032 14560694.65096604 14560984.65190499 14561274.65284394
 14561564.65378289 14561853.65471861 14562143.65565756 14562433.65659651]"	0.0	0.0	0.0
1264.3006077088555	2.0	trials	2.0	1.0	1.0	0.0	10000.0	1.0	True	40.0	0.0	0.005	"[14641219.91168702 14641510.91262921 14641799.91356492 14642088.91450063
 14642378.91543959 14642667.9163753  14642957.91731425 14643247.9182532
 14643537.91919216 14643826.92012787 14644116.92106682 14644406.92200577
 14644696.92294472 14644986.92388368 14645275.92481939 14645565.92575834
 14645854.92669406 14646143.92762977 14646433.92856872 14646723.92950767]"	0.0	0.0	0.0
1274.140476367992	2.0	trials	2.0	1.0	1.0	0.0	10000.0	1.0	True	40.0	0.0	0.005	"[14755107.2804263  14755397.28136525 14755687.2823042  14755977.28324315
 14756266.28417886 14756555.28511458 14756845.28605353 14757135.28699248
 14757425.28793143 14757715.28887038 14758004.2898061  14758293.29074181
 14758584.291684   14758873.29261971 14759162.29355543 14759452.29449438
 14759742.29543333 14760032.29637229 14760322.29731123 14760610.29824371]"	0.0	0.0	0.0
1282.6001869585075	2.0	trials	2.0	1.0	1.0	0.0	10000.0	1.0	True	40.0	0.0	0.005	"[14853020.59744552 14853311.59838771 14853600.59932343 14853890.60026238
 14854179.60119809 14854468.6021338  14854758.60307276 14855048.60401171
 14855337.60494742 14855626.60588314 14855916.60682209 14856207.60776428
 14856497.60870323 14856786.60963894 14857075.61057466 14857366.61151685
 14857655.61245256 14857944.61338827 14858234.61432722 14858523.61526294]"	0.0	0.0	0.0
1290.795944694407	2.0	trials	2.0	1.0	1.0	0.0	10000.0	1.0	True	40.0	0.0	0.005	"[14947878.90457338 14948168.90551233 14948458.90645128 14948747.907387
 14949037.90832595 14949326.90926166 14949616.91020061 14949906.91113956
 14950196.91207852 14950485.91301423 14950775.91395318 14951064.9148889
 14951354.91582785 14951643.91676356 14951934.91770575 14952223.91864146
 14952513.91958042 14952802.92051613 14953092.92145508 14953382.92239404]"	0.0	0.0	0.0
1296.9578398451467	2.0	trials	2.0	1.0	1.0	0.0	10000.0	1.0	True	40.0	0.0	0.005	"[15019198.1354875  15019488.13642645 15019777.13736217 15020067.13830112
 15020356.13923683 15020646.14017579 15020935.1411115  15021225.14205045
 15021515.1429894  15021805.14392835 15022094.14486407 15022384.14580302
 15022674.14674197 15022964.14768092 15023253.14861663 15023542.14955235
 15023832.1504913  15024122.15143025 15024412.1523692  15024701.15330492]"	0.0	0.0	0.0
1307.1638728898356	2.0	trials	2.0	1.0	1.0	0.0	10000.0	1.0	True	40.0	0.0	0.005	"[15137323.51794842 15137613.51888738 15137902.51982309 15138192.52076204
 15138482.52170099 15138771.52263671 15139061.52357566 15139351.52451461
 15139641.52545356 15139929.52638604 15140219.52732499 15140508.5282607
 15140799.52920289 15141088.53013861 15141377.53107432 15141668.53201651
 15141957.53295222 15142247.53389117 15142536.53482689 15142826.53576584]"	0.0	0.0	0.0
1317.1546828376838	2.0	trials	2.0	1.0	1.0	0.0	10000.0	1.0	True	40.0	0.0	0.005	"[15252956.89234084 15253246.89327979 15253536.89421874 15253825.89515446
 15254115.8960934  15254405.89703236 15254695.89797131 15254984.89890702
 15255274.89984597 15255564.90078493 15255853.90172064 15256143.90265959
 15256432.9035953  15256722.90453426 15257011.90546997 15257301.90640892
 15257590.90734464 15257880.90828359 15258170.90922254 15258460.91016149]"	0.0	0.0	0.0
1326.2206641911587	2.0	trials	2.0	1.0	1.0	0.0	10000.0	1.0	True	40.0	0.0	0.005	"[15357887.23207946 15358177.23301841 15358468.2339606  15358757.23489631
 15359046.23583203 15359336.23677098 15359626.23770993 15359915.23864564
 15360204.23958136 15360494.24052031 15360784.24145926 15361073.24239497
 15361362.24333069 15361652.24426964 15361942.24520859 15362232.24614755
 15362521.24708326 15362811.24802221 15363101.24896116 15363390.24989688]"	0.0	0.0	0.0
1336.9183148275877	2.0	trials	2.0	1.0	1.0	0.0	10000.0	1.0	True	40.0	0.0	0.005	"[15481702.63296326 15481993.63390545 15482281.63483793 15482571.63577688
 15482861.63671583 15483151.63765478 15483441.63859373 15483730.63952945
 15484020.6404684  15484310.64140735 15484599.64234306 15484889.64328201
 15485178.64421773 15485468.64515668 15485758.64609563 15486047.64703134
 15486337.6479703  15486627.64890925 15486916.64984496 15487206.65078392]"	0.0	0.0	0.0
1346.9745297872016	2.0	trials	2.0	1.0	1.0	0.0	10000.0	1.0	True	40.0	0.0	0.005	"[15598094.0098099  15598384.01074885 15598674.0116878  15598963.01262351
 15599254.01356571 15599542.01449818 15599832.01543713 15600122.01637608
 15600411.0173118  15600700.01824751 15600990.01918647 15601280.02012542
 15601570.02106437 15601859.02200008 15602149.02293903 15602439.02387799
 15602728.0248137  15603018.02575265 15603308.0266916  15603597.02762731]"	0.0	0.0	0.0
1354.9970549622153	2.0	trials	2.0	1.0	1.0	0.0	10000.0	1.0	True	40.0	0.0	0.005	"[15690947.31044604 15691238.31138823 15691527.31232394 15691817.31326289
 15692105.31419537 15692395.31513432 15692686.31607651 15692974.31700899
 15693264.31794794 15693555.31889013 15693843.3198226  15694134.32076479
 15694423.32170051 15694712.32263622 15695002.32357517 15695292.32451412
 15695581.32544984 15695871.32638879 15696162.32733098 15696450.32826346]"	0.0	0.0	0.0
1364.021391380854	2.0	trials	2.0	1.0	1.0	0.0	10000.0	1.0	True	40.0	0.0	0.005	"[15795396.6486273  15795685.64956301 15795976.6505052  15796265.65144091
 15796554.65237663 15796845.65331882 15797133.65425129 15797423.65519024
 15797713.65612919 15798003.65706815 15798293.6580071  15798582.65894281
 15798872.65988176 15799161.66081748 15799451.66175643 15799740.66269214
 15800031.66363433 15800319.66456681 15800609.66550576 15800899.66644471]"	0.0	0.0	0.0
1371.3015653523125	2.0	trials	2.0	1.0	1.0	0.0	10000.0	1.0	True	40.0	0.0	0.005	"[15879656.92144132 15879946.92238028 15880235.92331599 15880526.92425818
 15880815.92519389 15881104.92612961 15881394.92706856 15881684.92800751
 15881974.92894646 15882264.92988542 15882553.93082113 15882843.93176008
 15883132.93269579 15883422.93363475 15883711.93457046 15884001.93550941
 15884290.93644512 15884580.93738408 15884870.93832303 15885160.93926198]"	0.0	0.0	0.0
1380.748831140295	2.0	trials	2.0	1.0	1.0	0.0	10000.0	1.0	True	40.0	0.0	0.005	"[15989000.2754682  15989291.27641039 15989580.2773461  15989870.27828506
 15990160.27922401 15990449.28015972 15990739.28109867 15991028.28203439
 15991318.28297334 15991607.28390905 15991896.28484477 15992187.28578696
 15992476.28672267 15992766.28766162 15993055.28859734 15993345.28953629
 15993634.290472   15993924.29141095 15994214.2923499  15994504.29328885]"	0.0	0.0	0.0
1388.5611444346932	2.0	trials	2.0	1.0	1.0	0.0	10000.0	1.0	True	40.0	0.0	0.005	"[16079421.5682301  16079709.56916257 16080000.57010476 16080289.57104048
 16080578.57197619 16080868.57291514 16081158.57385409 16081448.57479304
 16081737.57572876 16082027.57666771 16082317.57760666 16082607.57854562
 16082895.57947809 16083185.58041704 16083475.58135599 16083764.58229171
 16084054.58323066 16084345.58417285 16084634.58510856 16084923.58604427]"	0.0	0.0	0.0
1398.8812258486435	2.0	trials	2.0	1.0	1.0	0.0	10000.0	1.0	True	40.0	0.0	0.005	"[16198865.95496163 16199156.95590382 16199445.95683953 16199734.95777525
 16200024.9587142  16200314.95965315 16200603.96058886 16200893.96152782
 16201183.96246677 16201473.96340572 16201762.96434144 16202052.96528039
 16202341.9662161  16202631.96715505 16202920.96809077 16203209.96902648
 16203500.96996867 16203789.97090438 16204079.97184333 16204369.97278229]"	0.0	0.0	0.0
1409.536885949117	2.0	trials	2.0	1.0	1.0	0.0	10000.0	1.0	True	40.0	0.0	0.005	"[16322195.35427188 16322485.35521083 16322775.35614978 16323064.3570855
 16323354.35802445 16323643.35896016 16323933.35989911 16324223.36083806
 16324512.36177378 16324803.36271597 16325092.36365168 16325381.36458739
 16325671.36552635 16325961.3664653  16326251.36740425 16326541.3683432
 16326830.36927892 16327119.37021463 16327410.37115682 16327699.37209254]"	0.0	0.0	0.0
1419.8452169250222	2.0	trials	2.0	1.0	1.0	0.0	10000.0	1.0	True	40.0	0.0	0.005	"[16441505.74056955 16441795.7415085  16442084.74244422 16442374.74338317
 16442664.74432212 16442952.7452546  16443243.74619679 16443533.74713574
 16443822.74807145 16444112.7490104  16444401.74994612 16444691.75088507
 16444980.75182078 16445271.75276298 16445559.75369545 16445849.7546344
 16446139.75557335 16446429.7565123  16446718.75744802 16447008.75838697]"	0.0	0.0	0.0
1426.0551506312993	2.0	trials	2.0	1.0	1.0	0.0	10000.0	1.0	True	40.0	0.0	0.005	"[16513379.97328063 16513669.97421958 16513958.9751553  16514247.97609101
 16514537.97702996 16514827.97796891 16515117.97890786 16515406.97984358
 16515696.98078253 16515985.98171825 16516276.98266044 16516564.98359291
 16516854.98453186 16517144.98547081 16517434.98640977 16517723.98734548
 16518013.98828443 16518302.98922015 16518592.9901591  16518882.99109805]"	0.0	0.0	0.0
1434.9759795148054	2.0	trials	2.0	1.0	1.0	0.0	10000.0	1.0	True	40.0	0.0	0.005	"[16616629.30757657 16616919.30851552 16617209.30945448 16617498.31039019
 16617788.31132914 16618078.31226809 16618367.31320381 16618657.31414276
 16618947.31508171 16619236.31601742 16619526.31695638 16619815.31789209
 16620105.31883104 16620394.31976675 16620684.32070571 16620974.32164466
 16621263.32258037 16621553.32351932 16621843.32445827 16622132.32539399]"	0.0	0.0	0.0
1441.4210947825438	2.0	trials	2.0	1.0	1.0	0.0	10000.0	1.0	True	40.0	0.0	0.005	"[16691226.54910409 16691516.55004304 16691806.55098199 16692094.55191446
 16692384.55285341 16692674.55379237 16692964.55473132 16693253.55566704
 16693542.55660275 16693833.55754494 16694122.55848065 16694411.55941636
 16694702.56035855 16694992.56129751 16695280.56222998 16695571.56317217
 16695860.56410788 16696150.56504683 16696439.56598255 16696729.5669215 ]"	0.0	0.0	0.0
1451.3993766898295	2.0	trials	2.0	1.0	1.0	0.0	10000.0	1.0	True	40.0	0.0	0.005	"[16806714.92302702 16807004.92396598 16807293.92490169 16807583.92584064
 16807873.92677959 16808162.92771531 16808452.92865425 16808742.92959321
 16809031.93052892 16809321.93146788 16809611.93240682 16809900.93334254
 16810190.93428149 16810480.93522044 16810769.93615615 16811058.93709187
 16811349.93803406 16811638.93896977 16811928.93990872 16812217.94084444]"	0.0	0.0	0.0
1462.2293925548252	2.0	trials	2.0	1.0	1.0	0.0	10000.0	1.0	True	40.0	0.0	0.005	"[16932063.32887432 16932352.32981003 16932642.33074898 16932932.33168793
 16933221.33262365 16933510.33355936 16933800.33449832 16934091.3354405
 16934380.33637622 16934670.33731517 16934959.33825088 16935249.33918983
 16935539.34012879 16935828.3410645  16936117.34200021 16936408.34294241
 16936696.34387488 16936987.34481707 16937276.34575278 16937566.34669174]"	0.0	0.0	0.0
1473.0953509361943	2.0	trials	2.0	1.0	1.0	0.0	10000.0	1.0	True	40.0	0.0	0.005	"[17057826.73606528 17058115.737001   17058405.73793995 17058695.7388789
 17058984.73981461 17059274.74075357 17059564.74169252 17059854.74263147
 17060142.74356395 17060433.74450614 17060723.74544509 17061012.7463808
 17061301.74731651 17061591.74825547 17061881.74919442 17062170.75013013
 17062460.75106908 17062750.75200804 17063039.75294375 17063329.7538827 ]"	0.0	0.0	0.0
1483.3555569562823	2.0	trials	2.0	1.0	1.0	0.0	10000.0	1.0	True	40.0	0.0	0.005	"[17176579.12055628 17176868.121492   17177158.12243095 17177448.1233699
 17177737.12430561 17178027.12524457 17178316.12618028 17178606.12711923
 17178896.12805818 17179185.1289939  17179474.12992961 17179764.13086857
 17180053.13180428 17180343.13274323 17180633.13368218 17180923.13462113
 17181213.13556008 17181502.1364958  17181792.13743475 17182082.1383737 ]"	0.0	0.0	0.0
1492.6194813506495	2.0	trials	2.0	1.0	1.0	0.0	10000.0	1.0	True	40.0	0.0	0.005	"[17283800.46771263 17284089.46864834 17284379.46958729 17284669.47052624
 17284958.47146196 17285249.47240414 17285538.47333986 17285827.47427557
 17286117.47521453 17286407.47615347 17286696.47708919 17286986.47802814
 17287276.47896709 17287565.4799028  17287855.48084176 17288144.48177747
 17288435.48271966 17288723.48365214 17289014.48459433 17289303.48553004]"	0.0	0.0	0.0
1502.706109208733	2.0	trials	2.0	1.0	1.0	0.0	10000.0	1.0	True	40.0	0.0	0.005	"[17400543.84569896 17400832.84663467 17401122.84757362 17401411.84850933
 17401702.84945153 17401991.85038724 17402280.85132295 17402570.8522619
 17402860.85320086 17403150.85413981 17403439.85507552 17403729.85601447
 17404019.85695342 17404307.8578859  17404598.85882809 17404888.85976704
 17405177.86070276 17405466.86163847 17405756.86257742 17406045.86351313]"	0.0	0.0	0.0
1509.8966860900978	2.0	trials	2.0	1.0	1.0	0.0	10000.0	1.0	True	40.0	0.0	0.005	"[17483768.11515866 17484057.11609438 17484347.11703333 17484637.11797228
 17484926.118908   17485216.11984695 17485506.1207859  17485795.12172161
 17486084.12265733 17486374.12359628 17486664.12453523 17486953.12547094
 17487244.12641313 17487533.12734884 17487822.12828456 17488112.12922351
 17488402.13016246 17488691.13109818 17488981.13203713 17489271.13297608]"	0.0	0.0	0.0
1518.5097571771576	2.0	trials	2.0	1.0	1.0	0.0	10000.0	1.0	True	40.0	0.0	0.005	"[17583455.43792168 17583745.43886064 17584035.43979959 17584324.4407353
 17584614.44167425 17584904.4426132  17585194.44355216 17585483.44448787
 17585773.44542682 17586061.4463593  17586352.44730149 17586641.4482372
 17586930.44917291 17587220.45011187 17587510.45105082 17587800.45198977
 17588089.45292548 17588380.45386767 17588668.45480015 17588959.45574234]"	0.0	0.0	0.0
1526.1668091688568	2.0	trials	2.0	1.0	1.0	0.0	10000.0	1.0	True	40.0	0.0	0.005	"[17672078.72486208 17672368.72580103 17672658.72673998 17672948.72767894
 17673237.72861465 17673527.7295536  17673816.73048931 17674107.7314315
 17674395.73236398 17674685.73330293 17674975.73424189 17675265.73518084
 17675554.73611655 17675844.7370555  17676133.73799122 17676423.73893017
 17676713.73986912 17677003.74080807 17677292.74174378 17677581.7426795 ]"	0.0	0.0	0.0
1535.6342926222994	2.0	trials	2.0	1.0	1.0	0.0	10000.0	1.0	True	40.0	0.0	0.005	"[17781657.07964983 17781946.08058554 17782236.0815245  17782526.08246345
 17782815.08339916 17783104.08433488 17783394.08527383 17783684.08621278
 17783974.08715173 17784263.08808744 17784553.0890264  17784843.08996535
 17785132.09090106 17785422.09184001 17785711.09277573 17786001.09371468
 17786290.09465039 17786580.09558934 17786870.0965283  17787159.09746401]"	0.0	0.0	0.0
1543.6767762619338	2.0	trials	2.0	1.0	1.0	0.0	10000.0	1.0	True	40.0	0.0	0.005	"[17874740.38103066 17875030.38196961 17875320.38290856 17875610.38384751
 17875899.38478323 17876189.38572218 17876479.38666113 17876768.38759684
 17877058.38853579 17877347.38947151 17877637.39041046 17877926.39134617
 17878217.39228836 17878506.39322408 17878796.39416303 17879085.39509875
 17879375.39603769 17879664.39697341 17879955.3979156  17880244.39885131]"	0.0	0.0	0.0
1551.8747804051065	2.0	trials	2.0	1.0	1.0	0.0	10000.0	1.0	True	40.0	0.0	0.005	"[17969625.68824593 17969915.68918489 17970204.6901206  17970493.69105631
 17970783.69199526 17971073.69293422 17971363.69387317 17971652.69480888
 17971942.69574783 17972232.69668678 17972522.69762574 17972811.69856145
 17973100.69949716 17973390.70043612 17973680.70137507 17973970.70231402
 17974259.70324973 17974549.70418869 17974839.70512764 17975128.70606335]"	0.0	0.0	0.0
1561.627039180583	2.0	trials	2.0	1.0	1.0	0.0	10000.0	1.0	True	40.0	0.0	0.005	"[18082499.05370212 18082787.05463459 18083078.05557678 18083368.05651573
 18083656.05744821 18083947.0583904  18084236.05932611 18084526.06026506
 18084815.06120078 18085106.06214297 18085395.06307868 18085685.06401763
 18085974.06495335 18086264.0658923  18086553.06682801 18086843.06776696
 18087132.06870268 18087423.06964487 18087711.07057735 18088002.07151954]"	0.0	0.0	0.0
1569.7158333701602	2.0	trials	2.0	1.0	1.0	0.0	10000.0	1.0	True	40.0	0.0	0.005	"[18176118.35681838 18176408.35775734 18176698.35869629 18176986.35962876
 18177277.36057096 18177567.3615099  18177855.36244238 18178146.36338457
 18178435.36432028 18178725.36525924 18179014.36619495 18179304.3671339
 18179594.36807285 18179884.3690118  18180173.36994752 18180463.37088647
 18180752.37182219 18181042.37276114 18181332.37370009 18181621.3746358 ]"	0.0	0.0	0.0
1579.7827619644627	2.0	trials	2.0	1.0	1.0	0.0	10000.0	1.0	True	40.0	0.0	0.005	"[18292634.73406974 18292924.73500869 18293214.73594765 18293503.73688336
 18293793.73782231 18294083.73876126 18294372.73969698 18294662.74063593
 18294950.74156841 18295240.74250736 18295531.74344955 18295820.74438526
 18296110.74532421 18296400.74626317 18296689.74719888 18296978.74813459
 18297268.74907354 18297557.75000926 18297847.75094821 18298138.7518904 ]"	0.0	0.0	0.0
1586.9764492558982	2.0	trials	2.0	1.0	1.0	0.0	10000.0	1.0	True	40.0	0.0	0.005	"[18375894.00364277 18376184.00458172 18376473.00551744 18376763.00645639
 18377052.0073921  18377343.00833429 18377633.00927325 18377922.01020896
 18378213.01115115 18378501.01208362 18378791.01302258 18379081.01396153
 18379370.01489724 18379659.01583296 18379949.01677191 18380239.01771086
 18380529.01864981 18380818.01958552 18381108.02052448 18381397.02146019]"	0.0	0.0	0.0
1597.9981009413646	2.0	trials	2.0	1.0	1.0	0.0	10000.0	1.0	True	40.0	0.0	0.005	"[18503460.41667143 18503749.41760714 18504039.4185461  18504329.41948505
 18504617.42041752 18504908.42135971 18505197.42229543 18505487.42323438
 18505777.42417333 18506066.42510904 18506355.42604475 18506646.42698694
 18506935.42792266 18507224.42885837 18507514.42979733 18507803.43073304
 18508094.43167523 18508382.43260771 18508673.4335499  18508962.43448561]"	0.0	0.0	0.0
1608.069349549654	2.0	trials	2.0	1.0	1.0	0.0	10000.0	1.0	True	40.0	0.0	0.005	"[18620024.7940782  18620313.79501391 18620603.79595287 18620893.79689182
 18621182.79782753 18621472.79876648 18621762.79970543 18622051.80064115
 18622341.8015801  18622631.80251905 18622921.80345801 18623210.80439372
 18623499.80532943 18623789.80626838 18624079.80720733 18624369.80814629
 18624658.809082   18624948.81002095 18625238.8109599  18625528.81189886]"	0.0	0.0	0.0
1615.7019502621856	2.0	trials	2.0	1.0	1.0	0.0	10000.0	1.0	True	40.0	0.0	0.005	"[18708366.08010555 18708656.0810445  18708946.08198345 18709235.08291917
 18709524.08385488 18709814.08479383 18710104.08573278 18710394.08667173
 18710683.08760745 18710973.0885464  18711262.08948211 18711552.09042107
 18711841.09135678 18712131.09229573 18712421.09323468 18712710.0941704
 18713000.09510935 18713290.0960483  18713580.09698725 18713869.09792296]"	0.0	0.0	0.0
1622.6409295289377	2.0	trials	2.0	1.0	1.0	0.0	10000.0	1.0	True	40.0	0.0	0.005	"[18788677.34013364 18788967.3410726  18789256.34200831 18789546.34294726
 18789836.34388622 18790125.34482193 18790415.34576088 18790704.34669659
 18790994.34763554 18791283.34857126 18791574.34951345 18791863.35044916
 18792153.35138812 18792443.35232706 18792732.35326278 18793021.35419849
 18793311.35513745 18793601.3560764  18793890.35701211 18794180.35795106]"	0.0	0.0	0.0
1629.2365540839894	2.0	trials	2.0	1.0	1.0	0.0	10000.0	1.0	True	40.0	0.0	0.005	"[18865015.58729811 18865305.58823706 18865595.58917601 18865885.59011496
 18866174.59105068 18866464.59198963 18866754.59292858 18867043.59386429
 18867332.59480001 18867623.5957422  18867912.59667791 18868202.59761686
 18868492.59855581 18868781.59949153 18869071.60043048 18869361.60136943
 18869649.60230191 18869939.60324086 18870229.60417981 18870519.60511876]"	0.0	0.0	0.0
1637.8211994790136	2.0	trials	2.0	1.0	1.0	0.0	10000.0	1.0	True	40.0	0.0	0.005	"[18964374.90899914 18964664.90993809 18964953.91087381 18965243.91181276
 18965533.91275171 18965822.91368743 18966113.91462961 18966402.91556533
 18966692.91650428 18966981.91743999 18967271.91837895 18967561.9193179
 18967850.92025361 18968140.92119256 18968429.92212828 18968719.92306723
 18969009.92400618 18969299.92494513 18969588.92588085 18969877.92681656]"	0.0	0.0	0.0
1648.453099502558	2.0	trials	2.0	1.0	1.0	0.0	10000.0	1.0	True	40.0	0.0	0.005	"[19087428.30741577 19087718.30835472 19088008.30929367 19088298.31023262
 19088588.31117157 19088877.31210729 19089167.31304624 19089457.3139852
 19089746.31492091 19090035.31585662 19090325.31679557 19090615.31773452
 19090905.31867347 19091195.31961242 19091484.32054814 19091774.32148709
 19092063.32242281 19092353.32336176 19092643.32430071 19092932.32523642]"	0.0	0.0	0.0
1657.629500413545	2.0	trials	2.0	1.0	1.0	0.0	10000.0	1.0	True	40.0	0.0	0.005	"[19193638.65129872 19193927.65223444 19194217.65317339 19194506.65410911
 19194796.65504806 19195085.65598377 19195376.65692596 19195665.65786168
 19195955.65880063 19196245.65973958 19196534.66067529 19196823.66161101
 19197114.66255319 19197403.66348891 19197692.66442462 19197982.66536358
 19198271.66629929 19198561.66723824 19198851.66817719 19199141.66911614]"	0.0	0.0	0.0
1687.7581419628655	2.0	trials	3.0	1.0	1.0	0.0	10000.0	1.0	False	0.0	0.0	0.0	"[nan nan nan nan nan nan nan nan nan nan nan nan nan nan nan nan nan nan
 nan nan]"	0.0	0.0	0.0
1695.4850917808774	2.0	trials	3.0	1.0	1.0	0.0	10000.0	1.0	False	0.0	0.0	0.0	"[nan nan nan nan nan nan nan nan nan nan nan nan nan nan nan nan nan nan
 nan nan]"	0.0	0.0	0.0
1705.5185834669185	2.0	trials	3.0	1.0	1.0	0.0	10000.0	1.0	False	0.0	0.0	0.0	"[nan nan nan nan nan nan nan nan nan nan nan nan nan nan nan nan nan nan
 nan nan]"	0.0	0.0	0.0
1715.1910947841923	2.0	trials	3.0	1.0	1.0	0.0	10000.0	1.0	False	0.0	0.0	0.0	"[nan nan nan nan nan nan nan nan nan nan nan nan nan nan nan nan nan nan
 nan nan]"	0.0	0.0	0.0
1721.5566353942872	2.0	trials	3.0	1.0	1.0	0.0	10000.0	1.0	False	0.0	0.0	0.0	"[nan nan nan nan nan nan nan nan nan nan nan nan nan nan nan nan nan nan
 nan nan]"	0.0	0.0	0.0
1728.1929544810976	2.0	trials	3.0	1.0	1.0	0.0	10000.0	1.0	False	0.0	0.0	0.0	"[nan nan nan nan nan nan nan nan nan nan nan nan nan nan nan nan nan nan
 nan nan]"	0.0	0.0	0.0
1735.6148249113355	2.0	trials	3.0	1.0	1.0	0.0	10000.0	1.0	False	0.0	0.0	0.0	"[nan nan nan nan nan nan nan nan nan nan nan nan nan nan nan nan nan nan
 nan nan]"	0.0	0.0	0.0
1743.321643464167	2.0	trials	3.0	1.0	1.0	0.0	10000.0	1.0	False	0.0	0.0	0.0	"[nan nan nan nan nan nan nan nan nan nan nan nan nan nan nan nan nan nan
 nan nan]"	0.0	0.0	0.0
1750.1533999837573	2.0	trials	3.0	1.0	1.0	0.0	10000.0	1.0	False	0.0	0.0	0.0	"[nan nan nan nan nan nan nan nan nan nan nan nan nan nan nan nan nan nan
 nan nan]"	0.0	0.0	0.0
1760.3772314860732	2.0	trials	3.0	1.0	1.0	0.0	10000.0	1.0	False	0.0	0.0	0.0	"[nan nan nan nan nan nan nan nan nan nan nan nan nan nan nan nan nan nan
 nan nan]"	0.0	0.0	0.0
1767.9854673197174	2.0	trials	3.0	1.0	1.0	0.0	10000.0	1.0	False	0.0	0.0	0.0	"[nan nan nan nan nan nan nan nan nan nan nan nan nan nan nan nan nan nan
 nan nan]"	0.0	0.0	0.0
1777.8370864168992	2.0	trials	3.0	1.0	1.0	0.0	10000.0	1.0	False	0.0	0.0	0.0	"[nan nan nan nan nan nan nan nan nan nan nan nan nan nan nan nan nan nan
 nan nan]"	0.0	0.0	0.0
1788.1469725978397	2.0	trials	3.0	1.0	1.0	0.0	10000.0	1.0	False	0.0	0.0	0.0	"[nan nan nan nan nan nan nan nan nan nan nan nan nan nan nan nan nan nan
 nan nan]"	0.0	0.0	0.0
1794.6013326955112	2.0	trials	3.0	1.0	1.0	0.0	10000.0	1.0	False	0.0	0.0	0.0	"[nan nan nan nan nan nan nan nan nan nan nan nan nan nan nan nan nan nan
 nan nan]"	0.0	0.0	0.0
1801.1559171176846	2.0	trials	3.0	1.0	1.0	0.0	10000.0	1.0	False	0.0	0.0	0.0	"[nan nan nan nan nan nan nan nan nan nan nan nan nan nan nan nan nan nan
 nan nan]"	0.0	0.0	0.0
1809.2588809531394	2.0	trials	3.0	1.0	1.0	0.0	10000.0	1.0	False	0.0	0.0	0.0	"[nan nan nan nan nan nan nan nan nan nan nan nan nan nan nan nan nan nan
 nan nan]"	0.0	0.0	0.0
1819.0992680139545	2.0	trials	3.0	1.0	1.0	0.0	10000.0	1.0	False	0.0	0.0	0.0	"[nan nan nan nan nan nan nan nan nan nan nan nan nan nan nan nan nan nan
 nan nan]"	0.0	0.0	0.0
1829.881504524252	2.0	trials	3.0	1.0	1.0	0.0	10000.0	1.0	False	0.0	0.0	0.0	"[nan nan nan nan nan nan nan nan nan nan nan nan nan nan nan nan nan nan
 nan nan]"	0.0	0.0	0.0
1840.7539429266021	2.0	trials	3.0	1.0	1.0	0.0	10000.0	1.0	False	0.0	0.0	0.0	"[nan nan nan nan nan nan nan nan nan nan nan nan nan nan nan nan nan nan
 nan nan]"	0.0	0.0	0.0
1851.6319109468554	2.0	trials	3.0	1.0	1.0	0.0	10000.0	1.0	False	0.0	0.0	0.0	"[nan nan nan nan nan nan nan nan nan nan nan nan nan nan nan nan nan nan
 nan nan]"	0.0	0.0	0.0
1858.1778553410547	2.0	trials	3.0	1.0	1.0	0.0	10000.0	1.0	False	0.0	0.0	0.0	"[nan nan nan nan nan nan nan nan nan nan nan nan nan nan nan nan nan nan
 nan nan]"	0.0	0.0	0.0
1869.2479775834572	2.0	trials	3.0	1.0	1.0	0.0	10000.0	1.0	False	0.0	0.0	0.0	"[nan nan nan nan nan nan nan nan nan nan nan nan nan nan nan nan nan nan
 nan nan]"	0.0	0.0	0.0
1880.2702340708822	2.0	trials	3.0	1.0	1.0	0.0	10000.0	1.0	False	0.0	0.0	0.0	"[nan nan nan nan nan nan nan nan nan nan nan nan nan nan nan nan nan nan
 nan nan]"	0.0	0.0	0.0
1889.5523025239954	2.0	trials	3.0	1.0	1.0	0.0	10000.0	1.0	False	0.0	0.0	0.0	"[nan nan nan nan nan nan nan nan nan nan nan nan nan nan nan nan nan nan
 nan nan]"	0.0	0.0	0.0
1896.824009268039	2.0	trials	3.0	1.0	1.0	0.0	10000.0	1.0	False	0.0	0.0	0.0	"[nan nan nan nan nan nan nan nan nan nan nan nan nan nan nan nan nan nan
 nan nan]"	0.0	0.0	0.0
1904.654293820624	2.0	trials	3.0	1.0	1.0	0.0	10000.0	1.0	False	0.0	0.0	0.0	"[nan nan nan nan nan nan nan nan nan nan nan nan nan nan nan nan nan nan
 nan nan]"	0.0	0.0	0.0
1913.741097641517	2.0	trials	3.0	1.0	1.0	0.0	10000.0	1.0	False	0.0	0.0	0.0	"[nan nan nan nan nan nan nan nan nan nan nan nan nan nan nan nan nan nan
 nan nan]"	0.0	0.0	0.0
1922.7204195144093	2.0	trials	3.0	1.0	1.0	0.0	10000.0	1.0	False	0.0	0.0	0.0	"[nan nan nan nan nan nan nan nan nan nan nan nan nan nan nan nan nan nan
 nan nan]"	0.0	0.0	0.0
1929.3832634871012	2.0	trials	3.0	1.0	1.0	0.0	10000.0	1.0	False	0.0	0.0	0.0	"[nan nan nan nan nan nan nan nan nan nan nan nan nan nan nan nan nan nan
 nan nan]"	0.0	0.0	0.0
1936.8925710004394	2.0	trials	3.0	1.0	1.0	0.0	10000.0	1.0	False	0.0	0.0	0.0	"[nan nan nan nan nan nan nan nan nan nan nan nan nan nan nan nan nan nan
 nan nan]"	0.0	0.0	0.0
1946.8156431289685	2.0	trials	3.0	1.0	1.0	0.0	10000.0	1.0	False	0.0	0.0	0.0	"[nan nan nan nan nan nan nan nan nan nan nan nan nan nan nan nan nan nan
 nan nan]"	0.0	0.0	0.0
1955.6844590440687	2.0	trials	3.0	1.0	1.0	0.0	10000.0	1.0	False	0.0	0.0	0.0	"[nan nan nan nan nan nan nan nan nan nan nan nan nan nan nan nan nan nan
 nan nan]"	0.0	0.0	0.0
1961.8286421374614	2.0	trials	3.0	1.0	1.0	0.0	10000.0	1.0	False	0.0	0.0	0.0	"[nan nan nan nan nan nan nan nan nan nan nan nan nan nan nan nan nan nan
 nan nan]"	0.0	0.0	0.0
1972.77892719186	2.0	trials	3.0	1.0	1.0	0.0	10000.0	1.0	False	0.0	0.0	0.0	"[nan nan nan nan nan nan nan nan nan nan nan nan nan nan nan nan nan nan
 nan nan]"	0.0	0.0	0.0
1982.324948499589	2.0	trials	3.0	1.0	1.0	0.0	10000.0	1.0	False	0.0	0.0	0.0	"[nan nan nan nan nan nan nan nan nan nan nan nan nan nan nan nan nan nan
 nan nan]"	0.0	0.0	0.0
1992.6930684690772	2.0	trials	3.0	1.0	1.0	0.0	10000.0	1.0	False	0.0	0.0	0.0	"[nan nan nan nan nan nan nan nan nan nan nan nan nan nan nan nan nan nan
 nan nan]"	0.0	0.0	0.0
2001.525250665566	2.0	trials	3.0	1.0	1.0	0.0	10000.0	1.0	False	0.0	0.0	0.0	"[nan nan nan nan nan nan nan nan nan nan nan nan nan nan nan nan nan nan
 nan nan]"	0.0	0.0	0.0
2009.6937923133462	2.0	trials	3.0	1.0	1.0	0.0	10000.0	1.0	False	0.0	0.0	0.0	"[nan nan nan nan nan nan nan nan nan nan nan nan nan nan nan nan nan nan
 nan nan]"	0.0	0.0	0.0
2018.576950674884	2.0	trials	3.0	1.0	1.0	0.0	10000.0	1.0	False	0.0	0.0	0.0	"[nan nan nan nan nan nan nan nan nan nan nan nan nan nan nan nan nan nan
 nan nan]"	0.0	0.0	0.0
2025.657280799296	2.0	trials	3.0	1.0	1.0	0.0	10000.0	1.0	False	0.0	0.0	0.0	"[nan nan nan nan nan nan nan nan nan nan nan nan nan nan nan nan nan nan
 nan nan]"	0.0	0.0	0.0
2033.1094777277235	2.0	trials	3.0	1.0	1.0	0.0	10000.0	1.0	False	0.0	0.0	0.0	"[nan nan nan nan nan nan nan nan nan nan nan nan nan nan nan nan nan nan
 nan nan]"	0.0	0.0	0.0
2041.46118796856	2.0	trials	3.0	1.0	1.0	0.0	10000.0	1.0	False	0.0	0.0	0.0	"[nan nan nan nan nan nan nan nan nan nan nan nan nan nan nan nan nan nan
 nan nan]"	0.0	0.0	0.0
2048.3372678316587	2.0	trials	3.0	1.0	1.0	0.0	10000.0	1.0	False	0.0	0.0	0.0	"[nan nan nan nan nan nan nan nan nan nan nan nan nan nan nan nan nan nan
 nan nan]"	0.0	0.0	0.0
2056.0536768155416	2.0	trials	3.0	1.0	1.0	0.0	10000.0	1.0	False	0.0	0.0	0.0	"[nan nan nan nan nan nan nan nan nan nan nan nan nan nan nan nan nan nan
 nan nan]"	0.0	0.0	0.0
2065.01744663808	2.0	trials	3.0	1.0	1.0	0.0	10000.0	1.0	False	0.0	0.0	0.0	"[nan nan nan nan nan nan nan nan nan nan nan nan nan nan nan nan nan nan
 nan nan]"	0.0	0.0	0.0
2071.6179096087976	2.0	trials	3.0	1.0	1.0	0.0	10000.0	1.0	False	0.0	0.0	0.0	"[nan nan nan nan nan nan nan nan nan nan nan nan nan nan nan nan nan nan
 nan nan]"	0.0	0.0	0.0
2078.1756908413213	2.0	trials	3.0	1.0	1.0	0.0	10000.0	1.0	False	0.0	0.0	0.0	"[nan nan nan nan nan nan nan nan nan nan nan nan nan nan nan nan nan nan
 nan nan]"	0.0	0.0	0.0
2086.1136301424663	2.0	trials	3.0	1.0	1.0	0.0	10000.0	1.0	False	0.0	0.0	0.0	"[nan nan nan nan nan nan nan nan nan nan nan nan nan nan nan nan nan nan
 nan nan]"	0.0	0.0	0.0
2094.723936420575	2.0	trials	3.0	1.0	1.0	0.0	10000.0	1.0	False	0.0	0.0	0.0	"[nan nan nan nan nan nan nan nan nan nan nan nan nan nan nan nan nan nan
 nan nan]"	0.0	0.0	0.0
2105.2122391791854	2.0	trials	3.0	1.0	1.0	0.0	10000.0	1.0	False	0.0	0.0	0.0	"[nan nan nan nan nan nan nan nan nan nan nan nan nan nan nan nan nan nan
 nan nan]"	0.0	0.0	0.0
2181.822071223461	2.0	trials	4.0	1.0	1.0	1.0	0.0	1.0	False	0.0	0.0	0.0	"[nan nan nan nan nan nan nan nan nan nan nan nan nan nan nan nan nan nan
 nan nan]"	1.0	0.02	5.0
2192.2473017778593	2.0	trials	4.0	1.0	1.0	1.0	0.0	1.0	False	0.0	0.0	0.0	"[nan nan nan nan nan nan nan nan nan nan nan nan nan nan nan nan nan nan
 nan nan]"	1.0	0.02	5.0
2199.394073717394	2.0	trials	4.0	1.0	1.0	1.0	0.0	1.0	False	0.0	0.0	0.0	"[nan nan nan nan nan nan nan nan nan nan nan nan nan nan nan nan nan nan
 nan nan]"	1.0	0.02	5.0
2206.0680633261727	2.0	trials	4.0	1.0	1.0	1.0	0.0	1.0	False	0.0	0.0	0.0	"[nan nan nan nan nan nan nan nan nan nan nan nan nan nan nan nan nan nan
 nan nan]"	1.0	0.02	5.0
2215.899291957335	2.0	trials	4.0	1.0	1.0	1.0	0.0	1.0	False	0.0	0.0	0.0	"[nan nan nan nan nan nan nan nan nan nan nan nan nan nan nan nan nan nan
 nan nan]"	1.0	0.02	5.0
2222.9803996842647	2.0	trials	4.0	1.0	1.0	1.0	0.0	1.0	False	0.0	0.0	0.0	"[nan nan nan nan nan nan nan nan nan nan nan nan nan nan nan nan nan nan
 nan nan]"	1.0	0.02	5.0
2229.7476151948867	2.0	trials	4.0	1.0	1.0	1.0	0.0	1.0	False	0.0	0.0	0.0	"[nan nan nan nan nan nan nan nan nan nan nan nan nan nan nan nan nan nan
 nan nan]"	1.0	0.02	5.0
2239.983801937206	2.0	trials	4.0	1.0	1.0	1.0	0.0	1.0	False	0.0	0.0	0.0	"[nan nan nan nan nan nan nan nan nan nan nan nan nan nan nan nan nan nan
 nan nan]"	1.0	0.02	5.0
2249.9800551026783	2.0	trials	4.0	1.0	1.0	1.0	0.0	1.0	False	0.0	0.0	0.0	"[nan nan nan nan nan nan nan nan nan nan nan nan nan nan nan nan nan nan
 nan nan]"	1.0	0.02	5.0
2257.6502399368983	2.0	trials	4.0	1.0	1.0	1.0	0.0	1.0	False	0.0	0.0	0.0	"[nan nan nan nan nan nan nan nan nan nan nan nan nan nan nan nan nan nan
 nan nan]"	1.0	0.02	5.0
2266.133105802385	2.0	trials	4.0	1.0	1.0	1.0	0.0	1.0	False	0.0	0.0	0.0	"[nan nan nan nan nan nan nan nan nan nan nan nan nan nan nan nan nan nan
 nan nan]"	1.0	0.02	5.0
2277.214373680875	2.0	trials	4.0	1.0	1.0	1.0	0.0	1.0	False	0.0	0.0	0.0	"[nan nan nan nan nan nan nan nan nan nan nan nan nan nan nan nan nan nan
 nan nan]"	1.0	0.02	5.0
2284.162424977	2.0	trials	4.0	1.0	1.0	1.0	0.0	1.0	False	0.0	0.0	0.0	"[nan nan nan nan nan nan nan nan nan nan nan nan nan nan nan nan nan nan
 nan nan]"	1.0	0.02	5.0
2294.074869871121	2.0	trials	4.0	1.0	1.0	1.0	0.0	1.0	False	0.0	0.0	0.0	"[nan nan nan nan nan nan nan nan nan nan nan nan nan nan nan nan nan nan
 nan nan]"	1.0	0.02	5.0
2303.2490243748343	2.0	trials	4.0	1.0	1.0	1.0	0.0	1.0	False	0.0	0.0	0.0	"[nan nan nan nan nan nan nan nan nan nan nan nan nan nan nan nan nan nan
 nan nan]"	1.0	0.02	5.0
2310.5209039194374	2.0	trials	4.0	1.0	1.0	1.0	0.0	1.0	False	0.0	0.0	0.0	"[nan nan nan nan nan nan nan nan nan nan nan nan nan nan nan nan nan nan
 nan nan]"	1.0	0.02	5.0
2320.9373216453014	2.0	trials	4.0	1.0	1.0	1.0	0.0	1.0	False	0.0	0.0	0.0	"[nan nan nan nan nan nan nan nan nan nan nan nan nan nan nan nan nan nan
 nan nan]"	1.0	0.02	5.0
2328.750671743057	2.0	trials	4.0	1.0	1.0	1.0	0.0	1.0	False	0.0	0.0	0.0	"[nan nan nan nan nan nan nan nan nan nan nan nan nan nan nan nan nan nan
 nan nan]"	1.0	0.02	5.0
2336.580437893963	2.0	trials	4.0	1.0	1.0	1.0	0.0	1.0	False	0.0	0.0	0.0	"[nan nan nan nan nan nan nan nan nan nan nan nan nan nan nan nan nan nan
 nan nan]"	1.0	0.02	5.0
2346.5931071125865	2.0	trials	4.0	1.0	1.0	1.0	0.0	1.0	False	0.0	0.0	0.0	"[nan nan nan nan nan nan nan nan nan nan nan nan nan nan nan nan nan nan
 nan nan]"	1.0	0.02	5.0
2355.1552020345976	2.0	trials	4.0	1.0	1.0	1.0	0.0	1.0	False	0.0	0.0	0.0	"[nan nan nan nan nan nan nan nan nan nan nan nan nan nan nan nan nan nan
 nan nan]"	1.0	0.02	5.0
2362.949544070809	2.0	trials	4.0	1.0	1.0	1.0	0.0	1.0	False	0.0	0.0	0.0	"[nan nan nan nan nan nan nan nan nan nan nan nan nan nan nan nan nan nan
 nan nan]"	1.0	0.02	5.0
2370.149106581267	2.0	trials	4.0	1.0	1.0	1.0	0.0	1.0	False	0.0	0.0	0.0	"[nan nan nan nan nan nan nan nan nan nan nan nan nan nan nan nan nan nan
 nan nan]"	1.0	0.02	5.0
2380.7950898504096	2.0	trials	4.0	1.0	1.0	1.0	0.0	1.0	False	0.0	0.0	0.0	"[nan nan nan nan nan nan nan nan nan nan nan nan nan nan nan nan nan nan
 nan nan]"	1.0	0.02	5.0
2389.288842151144	2.0	trials	4.0	1.0	1.0	1.0	0.0	1.0	False	0.0	0.0	0.0	"[nan nan nan nan nan nan nan nan nan nan nan nan nan nan nan nan nan nan
 nan nan]"	1.0	0.02	5.0
2395.6914484812487	2.0	trials	4.0	1.0	1.0	1.0	0.0	1.0	False	0.0	0.0	0.0	"[nan nan nan nan nan nan nan nan nan nan nan nan nan nan nan nan nan nan
 nan nan]"	1.0	0.02	5.0
2403.001516949498	2.0	trials	4.0	1.0	1.0	1.0	0.0	1.0	False	0.0	0.0	0.0	"[nan nan nan nan nan nan nan nan nan nan nan nan nan nan nan nan nan nan
 nan nan]"	1.0	0.02	5.0
2412.9352163124363	2.0	trials	4.0	1.0	1.0	1.0	0.0	1.0	False	0.0	0.0	0.0	"[nan nan nan nan nan nan nan nan nan nan nan nan nan nan nan nan nan nan
 nan nan]"	1.0	0.02	5.0
2422.5654778929156	2.0	trials	4.0	1.0	1.0	1.0	0.0	1.0	False	0.0	0.0	0.0	"[nan nan nan nan nan nan nan nan nan nan nan nan nan nan nan nan nan nan
 nan nan]"	1.0	0.02	5.0
2429.9698954666446	2.0	trials	4.0	1.0	1.0	1.0	0.0	1.0	False	0.0	0.0	0.0	"[nan nan nan nan nan nan nan nan nan nan nan nan nan nan nan nan nan nan
 nan nan]"	1.0	0.02	5.0
2437.565689660006	2.0	trials	4.0	1.0	1.0	1.0	0.0	1.0	False	0.0	0.0	0.0	"[nan nan nan nan nan nan nan nan nan nan nan nan nan nan nan nan nan nan
 nan nan]"	1.0	0.02	5.0
2444.159931810582	2.0	trials	4.0	1.0	1.0	1.0	0.0	1.0	False	0.0	0.0	0.0	"[nan nan nan nan nan nan nan nan nan nan nan nan nan nan nan nan nan nan
 nan nan]"	1.0	0.02	5.0
2452.6735561756573	2.0	trials	4.0	1.0	1.0	1.0	0.0	1.0	False	0.0	0.0	0.0	"[nan nan nan nan nan nan nan nan nan nan nan nan nan nan nan nan nan nan
 nan nan]"	1.0	0.02	5.0
2462.807876988159	2.0	trials	4.0	1.0	1.0	1.0	0.0	1.0	False	0.0	0.0	0.0	"[nan nan nan nan nan nan nan nan nan nan nan nan nan nan nan nan nan nan
 nan nan]"	1.0	0.02	5.0
2473.841970313909	2.0	trials	4.0	1.0	1.0	1.0	0.0	1.0	False	0.0	0.0	0.0	"[nan nan nan nan nan nan nan nan nan nan nan nan nan nan nan nan nan nan
 nan nan]"	1.0	0.02	5.0
2482.752690364685	2.0	trials	4.0	1.0	1.0	1.0	0.0	1.0	False	0.0	0.0	0.0	"[nan nan nan nan nan nan nan nan nan nan nan nan nan nan nan nan nan nan
 nan nan]"	1.0	0.02	5.0
2492.5409780568148	2.0	trials	4.0	1.0	1.0	1.0	0.0	1.0	False	0.0	0.0	0.0	"[nan nan nan nan nan nan nan nan nan nan nan nan nan nan nan nan nan nan
 nan nan]"	1.0	0.02	5.0
2501.5315319660735	2.0	trials	4.0	1.0	1.0	1.0	0.0	1.0	False	0.0	0.0	0.0	"[nan nan nan nan nan nan nan nan nan nan nan nan nan nan nan nan nan nan
 nan nan]"	1.0	0.02	5.0
2508.795203484101	2.0	trials	4.0	1.0	1.0	1.0	0.0	1.0	False	0.0	0.0	0.0	"[nan nan nan nan nan nan nan nan nan nan nan nan nan nan nan nan nan nan
 nan nan]"	1.0	0.02	5.0
2516.1265264211675	2.0	trials	4.0	1.0	1.0	1.0	0.0	1.0	False	0.0	0.0	0.0	"[nan nan nan nan nan nan nan nan nan nan nan nan nan nan nan nan nan nan
 nan nan]"	1.0	0.02	5.0
2526.840506710468	2.0	trials	4.0	1.0	1.0	1.0	0.0	1.0	False	0.0	0.0	0.0	"[nan nan nan nan nan nan nan nan nan nan nan nan nan nan nan nan nan nan
 nan nan]"	1.0	0.02	5.0
2535.3554270797395	2.0	trials	4.0	1.0	1.0	1.0	0.0	1.0	False	0.0	0.0	0.0	"[nan nan nan nan nan nan nan nan nan nan nan nan nan nan nan nan nan nan
 nan nan]"	1.0	0.02	5.0
2545.3984227965525	2.0	trials	4.0	1.0	1.0	1.0	0.0	1.0	False	0.0	0.0	0.0	"[nan nan nan nan nan nan nan nan nan nan nan nan nan nan nan nan nan nan
 nan nan]"	1.0	0.02	5.0
2554.557111650192	2.0	trials	4.0	1.0	1.0	1.0	0.0	1.0	False	0.0	0.0	0.0	"[nan nan nan nan nan nan nan nan nan nan nan nan nan nan nan nan nan nan
 nan nan]"	1.0	0.02	5.0
2565.63898433064	2.0	trials	4.0	1.0	1.0	1.0	0.0	1.0	False	0.0	0.0	0.0	"[nan nan nan nan nan nan nan nan nan nan nan nan nan nan nan nan nan nan
 nan nan]"	1.0	0.02	5.0
2575.452760105294	2.0	trials	4.0	1.0	1.0	1.0	0.0	1.0	False	0.0	0.0	0.0	"[nan nan nan nan nan nan nan nan nan nan nan nan nan nan nan nan nan nan
 nan nan]"	1.0	0.02	5.0
2585.8506017710133	2.0	trials	4.0	1.0	1.0	1.0	0.0	1.0	False	0.0	0.0	0.0	"[nan nan nan nan nan nan nan nan nan nan nan nan nan nan nan nan nan nan
 nan nan]"	1.0	0.02	5.0
2596.0745196736093	2.0	trials	4.0	1.0	1.0	1.0	0.0	1.0	False	0.0	0.0	0.0	"[nan nan nan nan nan nan nan nan nan nan nan nan nan nan nan nan nan nan
 nan nan]"	1.0	0.02	5.0
2606.557120013757	2.0	trials	4.0	1.0	1.0	1.0	0.0	1.0	False	0.0	0.0	0.0	"[nan nan nan nan nan nan nan nan nan nan nan nan nan nan nan nan nan nan
 nan nan]"	1.0	0.02	5.0
2615.1251765550705	2.0	trials	4.0	1.0	1.0	1.0	0.0	1.0	False	0.0	0.0	0.0	"[nan nan nan nan nan nan nan nan nan nan nan nan nan nan nan nan nan nan
 nan nan]"	1.0	0.02	5.0
2698.6250853077636	2.0	trials	5.0	0.0	0.0	0.0	0.0	0.0	True	40.0	0.0	0.005	"[31242198.66157137 31242487.66250709 31242777.66344604 31243067.66438499
 31243356.6653207  31243646.66625965 31243935.66719537 31244226.66813756
 31244514.66907003 31244803.67000575 31245094.67094793 31245384.67188689
 31245672.67281937 31245963.67376155 31246251.67469403 31246542.67563622
 31246831.67657193 31247121.67751089 31247412.67845308 31247700.67938555]"	0.0	0.0	0.0
2708.4409346891316	2.0	trials	5.0	0.0	0.0	0.0	0.0	0.0	True	40.0	0.0	0.005	"[31355807.02940731 31356098.0303495  31356387.03128521 31356676.03222093
 31356965.03315664 31357256.03409883 31357546.03503779 31357835.0359735
 31358125.03691245 31358414.03784817 31358703.03878388 31358994.03972607
 31359283.04066178 31359573.04160073 31359863.04253969 31360152.0434754
 31360442.04441435 31360732.0453533  31361021.04628901 31361311.04722796]"	0.0	0.0	0.0
2718.0533114117034	2.0	trials	5.0	0.0	0.0	0.0	0.0	0.0	True	40.0	0.0	0.005	"[31467061.38962156 31467351.3905605  31467641.39149946 31467931.39243841
 31468221.39337736 31468510.39431308 31468800.39525202 31469088.3961845
 31469379.3971267  31469668.3980624  31469958.39900136 31470248.39994031
 31470537.40087602 31470828.40181822 31471117.40275393 31471406.40368964
 31471696.4046286  31471985.4055643  31472276.4065065  31472565.40744221]"	0.0	0.0	0.0
2724.683323278093	2.0	trials	5.0	0.0	0.0	0.0	0.0	0.0	True	40.0	0.0	0.005	"[31543798.63807788 31544088.63901684 31544377.63995254 31544667.6408915
 31544957.64183045 31545247.6427694  31545534.64369864 31545825.64464083
 31546115.64557979 31546404.6465155  31546695.64745768 31546983.64839016
 31547274.64933235 31547564.6502713  31547852.65120378 31548142.65214273
 31548433.65308492 31548722.65402064 31549012.65495958 31549301.6558953 ]"	0.0	0.0	0.0
2734.5237967391877	2.0	trials	5.0	0.0	0.0	0.0	0.0	0.0	True	40.0	0.0	0.005	"[31657693.00683983 31657983.00777877 31658271.00871125 31658561.0096502
 31658852.01059239 31659140.01152487 31659431.01246706 31659720.01340277
 31660011.01434496 31660299.01527744 31660589.01621639 31660879.01715534
 31661169.01809429 31661459.01903324 31661747.01996572 31662038.02090791
 31662327.02184362 31662616.02277933 31662907.02372153 31663197.02466048]"	0.0	0.0	0.0
2741.057299493104	2.0	trials	5.0	0.0	0.0	0.0	0.0	0.0	True	40.0	0.0	0.005	"[31733312.25167633 31733601.25261205 31733891.253551   31734180.25448671
 31734470.25542567 31734760.25636461 31735051.2573068  31735339.25823928
 31735630.25918147 31735919.26011718 31736208.2610529  31736498.26199185
 31736787.26292757 31737077.26386651 31737366.26480223 31737656.26574118
 31737947.26668337 31738235.26761584 31738525.2685548  31738815.26949375]"	0.0	0.0	0.0
2748.28105408189	2.0	trials	5.0	0.0	0.0	0.0	0.0	0.0	True	40.0	0.0	0.005	"[31816919.5223761  31817210.52331829 31817499.524254   31817789.52519296
 31818079.52613191 31818368.52706762 31818657.52800334 31818947.52894228
 31819236.529878   31819527.53082019 31819816.5317559  31820106.53269486
 31820395.53363057 31820685.53456952 31820974.53550524 31821264.53644419
 31821554.53738314 31821843.53831886 31822134.53926104 31822422.54019352]"	0.0	0.0	0.0
2756.1841740702985	2.0	trials	5.0	0.0	0.0	0.0	0.0	0.0	True	40.0	0.0	0.005	"[31908391.81854089 31908681.81947984 31908968.82040908 31909258.82134803
 31909549.82229022 31909838.82322593 31910128.82416489 31910417.8251006
 31910707.82603955 31910997.8269785  31911286.82791422 31911577.82885641
 31911867.82979536 31912155.83072783 31912445.83166679 31912735.83260574
 31913024.83354145 31913313.83447716 31913604.83541935 31913893.83635507]"	0.0	0.0	0.0
2765.826013288263	2.0	trials	5.0	0.0	0.0	0.0	0.0	0.0	True	40.0	0.0	0.005	"[32019987.17985921 32020276.18079492 32020566.18173387 32020855.18266959
 32021145.18360854 32021435.1845475  32021724.18548321 32022014.18642216
 32022304.18736111 32022593.18829682 32022883.18923577 32023173.19017473
 32023462.19111044 32023751.19204616 32024041.19298511 32024331.19392406
 32024620.19485977 32024910.19579872 32025199.19673444 32025490.19767663]"	0.0	0.0	0.0
2775.1977652317496	2.0	trials	5.0	0.0	0.0	0.0	0.0	0.0	True	40.0	0.0	0.005	"[32128456.53105628 32128745.53199199 32129036.53293419 32129324.53386666
 32129616.53481209 32129904.53574456 32130194.53668351 32130484.53762246
 32130773.53855818 32131063.53949713 32131352.54043284 32131642.5413718
 32131932.54231074 32132221.54324646 32132510.54418217 32132801.54512436
 32133091.54606332 32133380.54699903 32133670.54793798 32133958.54887046]"	0.0	0.0	0.0
2782.0206225225265	2.0	trials	5.0	0.0	0.0	0.0	0.0	0.0	True	40.0	0.0	0.005	"[32207424.78673606 32207713.78767177 32208003.78861073 32208292.78954644
 32208582.79048539 32208871.7914211  32209161.79236005 32209451.79329901
 32209741.79423796 32210031.79517691 32210319.79610939 32210610.79705157
 32210900.79799053 32211188.79892301 32211477.79985872 32211768.80080091
 32212058.80173986 32212347.80267557 32212637.80361453 32212927.80455348]"	0.0	0.0	0.0
2791.331289468235	2.0	trials	5.0	0.0	0.0	0.0	0.0	0.0	True	40.0	0.0	0.005	"[32315186.13564079 32315476.13657974 32315765.13751546 32316054.13845117
 32316345.13939336 32316634.14032907 32316924.14126803 32317214.14220698
 32317503.14314269 32317794.14408488 32318083.14502059 32318373.14595955
 32318661.14689203 32318951.14783097 32319241.14876993 32319531.14970888
 32319819.15064136 32320110.15158354 32320400.15252249 32320689.15345821]"	0.0	0.0	0.0
2800.1399707886335	2.0	trials	5.0	0.0	0.0	0.0	0.0	0.0	True	40.0	0.0	0.005	"[32417138.46573735 32417429.46667954 32417717.46761202 32418007.46855097
 32418297.46948992 32418587.47042887 32418876.47136458 32419165.4723003
 32419456.47324249 32419745.4741782  32420034.47511392 32420325.4760561
 32420614.47699182 32420903.47792754 32421193.47886648 32421482.4798022
 32421772.48074115 32422063.48168334 32422353.48262229 32422641.48355477]"	0.0	0.0	0.0
2807.1116093611286	2.0	trials	5.0	0.0	0.0	0.0	0.0	0.0	True	40.0	0.0	0.005	"[32497829.7269958  32498118.72793151 32498408.72887047 32498697.72980618
 32498987.73074513 32499277.73168408 32499567.73262303 32499856.73355875
 32500146.7344977  32500435.73543341 32500726.7363756  32501015.73731132
 32501304.73824703 32501594.73918598 32501884.74012493 32502173.74106065
 32502463.7419996  32502753.74293855 32503043.7438775  32503331.74480998]"	0.0	0.0	0.0
2815.133875335303	2.0	trials	5.0	0.0	0.0	0.0	0.0	0.0	True	40.0	0.0	0.005	"[32590679.02761899 32590970.02856117 32591259.02949689 32591548.0304326
 32591837.03136832 32592127.03230727 32592417.03324622 32592706.03418194
 32592996.03512089 32593286.03605984 32593576.03699879 32593865.0379345
 32594155.03887346 32594445.03981241 32594734.04074812 32595024.04168708
 32595313.04262279 32595603.04356174 32595893.04450069 32596182.0454364 ]"	0.0	0.0	0.0
2822.567841804705	2.0	trials	5.0	0.0	0.0	0.0	0.0	0.0	True	40.0	0.0	0.005	"[32676721.30620272 32677010.30713843 32677300.30807738 32677590.30901633
 32677879.30995205 32678169.31089099 32678460.31183318 32678749.3127689
 32679038.31370461 32679328.31464357 32679616.31557604 32679907.31651823
 32680197.31745718 32680486.3183929  32680777.31933508 32681065.32026757
 32681355.32120651 32681645.32214547 32681934.32308118 32682223.32401689]"	0.0	0.0	0.0
2829.8406717523853	2.0	trials	5.0	0.0	0.0	0.0	0.0	0.0	True	40.0	0.0	0.005	"[32760896.57874154 32761185.57967725 32761475.5806162  32761766.58155839
 32762055.58249411 32762344.58342982 32762634.58436877 32762924.58530772
 32763213.58624344 32763504.58718562 32763792.5881181  32764082.58905705
 32764372.589996   32764662.59093495 32764951.59187067 32765241.59280962
 32765531.59374857 32765820.59468428 32766110.59562324 32766400.59656219]"	0.0	0.0	0.0
2836.0203653607523	2.0	trials	5.0	0.0	0.0	0.0	0.0	0.0	True	40.0	0.0	0.005	"[32832420.8103194  32832711.81126159 32833000.8121973  32833289.81313302
 32833580.81407521 32833869.81501092 32834159.81594987 32834449.81688882
 32834738.81782454 32835027.81876025 32835318.81970244 32835607.82063815
 32835897.8215771  32836187.82251605 32836476.82345177 32836765.82438748
 32837055.82532644 32837346.82626863 32837634.8272011  32837923.82813682]"	0.0	0.0	0.0
2842.3213649618788	2.0	trials	5.0	0.0	0.0	0.0	0.0	0.0	True	40.0	0.0	0.005	"[32905350.04644632 32905638.04737879 32905929.04832099 32906219.04925993
 32906508.05019565 32906797.05113137 32907086.05206707 32907376.05300603
 32907666.05394498 32907955.05488069 32908246.05582289 32908535.0567586
 32908824.05769431 32909115.0586365  32909404.05957222 32909692.06050469
 32909983.06144688 32910274.06238907 32910562.06332155 32910853.06426373]"	0.0	0.0	0.0
2850.300171595343	2.0	trials	5.0	0.0	0.0	0.0	0.0	0.0	True	40.0	0.0	0.005	"[32997698.34544739 32997987.34638311 32998276.34731881 32998565.34825453
 32998856.34919672 32999146.35013567 32999435.35107138 32999724.3520071
 33000014.35294605 33000304.35388501 33000593.35482072 33000883.35575967
 33001173.35669862 33001463.35763757 33001752.35857328 33002042.35951224
 33002332.36045118 33002620.36138367 33002910.36232262 33003199.36325833]"	0.0	0.0	0.0
2859.389999426027	2.0	trials	5.0	0.0	0.0	0.0	0.0	0.0	True	40.0	0.0	0.005	"[33102903.6860764  33103192.68701211 33103481.68794782 33103772.68889001
 33104062.68982896 33104351.69076468 33104641.69170363 33104930.69263934
 33105219.69357506 33105509.69451401 33105799.69545296 33106089.69639191
 33106378.69732763 33106668.69826658 33106959.69920877 33107248.70014448
 33107537.70108019 33107826.7020159  33108116.70295486 33108405.70389057]"	0.0	0.0	0.0
2867.586707565003	2.0	trials	5.0	0.0	0.0	0.0	0.0	0.0	True	40.0	0.0	0.005	"[33197772.99323987 33198061.99417558 33198350.99511129 33198640.99605025
 33198929.99698596 33199219.99792492 33199509.99886386 33199799.99980281
 33200089.00073853 33200380.00168072 33200668.00261319 33200958.00355215
 33201249.00449434 33201538.00543005 33201828.006369   33202117.00730471
 33202407.00824367 33202696.00917938 33202985.01011509 33203275.01105405]"	0.0	0.0	0.0
2874.354527877583	2.0	trials	5.0	0.0	0.0	0.0	0.0	0.0	True	40.0	0.0	0.005	"[33276103.24685396 33276393.24779291 33276682.24872862 33276973.24967081
 33277263.25060977 33277553.25154871 33277842.25248443 33278132.25342338
 33278422.25436233 33278711.25529804 33279000.25623375 33279290.25717271
 33279580.25811166 33279870.25905062 33280159.25998633 33280448.26092204
 33280738.26186099 33281029.26280318 33281318.2637389  33281607.26467461]"	0.0	0.0	0.0
2883.006651891087	2.0	trials	5.0	0.0	0.0	0.0	0.0	0.0	True	40.0	0.0	0.005	"[33376244.57108692 33376533.57202264 33376822.57295835 33377113.57390054
 33377402.57483625 33377692.5757752  33377982.57671415 33378271.57764988
 33378560.57858558 33378850.57952454 33379140.58046349 33379429.5813992
 33379719.58233815 33380008.58327386 33380299.58421605 33380589.58515501
 33380878.58609072 33381168.58702967 33381457.58796539 33381747.58890434]"	0.0	0.0	0.0
2888.6192140632184	2.0	trials	5.0	0.0	0.0	0.0	0.0	0.0	True	40.0	0.0	0.005	"[33441203.78140886 33441493.78234781 33441782.78328352 33442072.78422248
 33442362.78516143 33442652.78610038 33442940.78703286 33443230.78797181
 33443520.78891076 33443811.78985295 33444098.79078219 33444389.79172438
 33444679.79266333 33444969.79360229 33445259.79454123 33445547.79547371
 33445837.79641266 33446127.79735161 33446417.79829057 33446706.79922628]"	0.0	0.0	0.0
2895.1745760879094	2.0	trials	5.0	0.0	0.0	0.0	0.0	0.0	True	40.0	0.0	0.005	"[33517077.02706776 33517365.02800024 33517655.02893919 33517946.02988137
 33518235.03081709 33518524.03175281 33518814.03269176 33519103.03362747
 33519393.03456642 33519683.03550537 33519973.03644433 33520262.03738004
 33520552.03831899 33520841.03925471 33521132.04019689 33521421.04113261
 33521712.0420748  33521999.04300404 33522289.04394299 33522580.04488518]"	0.0	0.0	0.0
2903.580632104705	2.0	trials	5.0	0.0	0.0	0.0	0.0	0.0	True	40.0	0.0	0.005	"[33614369.34207634 33614658.34301205 33614947.34394777 33615237.34488672
 33615526.34582243 33615817.34676462 33616106.34770034 33616396.34863929
 33616686.34957824 33616975.35051395 33617264.35144966 33617555.35239185
 33617845.35333081 33618133.35426328 33618423.35520224 33618714.35614443
 33619003.35708014 33619292.35801585 33619583.35895804 33619872.35989375]"	0.0	0.0	0.0
2909.737861640338	2.0	trials	5.0	0.0	0.0	0.0	0.0	0.0	True	40.0	0.0	0.005	"[33685633.57281238 33685923.57375133 33686212.57468705 33686502.575626
 33686791.57656171 33687080.57749742 33687371.57843962 33687660.57937533
 33687950.58031428 33688239.58125    33688528.58218571 33688818.58312466
 33689108.58406361 33689398.58500256 33689687.58593828 33689977.58687723
 33690267.58781618 33690556.5887519  33690846.58969085 33691135.59062656]"	0.0	0.0	0.0
2915.424900853608	2.0	trials	5.0	0.0	0.0	0.0	0.0	0.0	True	40.0	0.0	0.005	"[33751455.78592851 33751744.78686423 33752034.78780318 33752324.78874213
 33752614.78968108 33752903.7906168  33753192.79155251 33753483.7924947
 33753772.79343041 33754062.79436936 33754352.79530832 33754641.79624403
 33754931.79718298 33755220.7981187  33755510.79905765 33755800.7999966
 33756090.80093554 33756379.80187126 33756669.80281022 33756957.80374268]"	0.0	0.0	0.0
2923.7464573968145	2.0	trials	5.0	0.0	0.0	0.0	0.0	0.0	True	40.0	0.0	0.005	"[33847770.09777055 33848059.09870627 33848349.09964522 33848637.1005777
 33848928.10151988 33849218.10245883 33849507.10339455 33849798.10433674
 33850087.10527245 33850376.10620817 33850666.10714712 33850955.10808283
 33851245.10902178 33851535.10996073 33851824.11089645 33852114.11183541
 33852404.11277435 33852694.11371331 33852983.11464902 33853273.11558797]"	0.0	0.0	0.0
2932.5511643043446	2.0	trials	5.0	0.0	0.0	0.0	0.0	0.0	True	40.0	0.0	0.005	"[33949676.42771818 33949965.42865389 33950255.42959283 33950546.43053503
 33950834.43146751 33951124.43240646 33951413.43334217 33951704.43428436
 33951992.43521684 33952283.43615903 33952572.43709474 33952862.43803369
 33953151.43896941 33953441.43990836 33953731.44084731 33954021.44178626
 33954310.44272197 33954600.44366093 33954890.44459987 33955180.44553883]"	0.0	0.0	0.0
2938.268616416084	2.0	trials	5.0	0.0	0.0	0.0	0.0	0.0	True	40.0	0.0	0.005	"[34015850.641974   34016139.64290971 34016428.64384542 34016719.64478762
 34017008.64572333 34017298.64666228 34017588.64760123 34017877.64853694
 34018166.64947266 34018456.65041161 34018746.65135057 34019035.65228628
 34019325.65322523 34019615.65416418 34019904.65509989 34020193.65603561
 34020484.6569778  34020774.65791675 34021063.65885247 34021353.65979141]"	0.0	0.0	0.0
2945.580844891328	2.0	trials	5.0	0.0	0.0	0.0	0.0	0.0	True	40.0	0.0	0.005	"[34100481.91598924 34100772.91693143 34101060.91786391 34101350.91880285
 34101641.91974504 34101930.92068076 34102219.92161647 34102509.92255542
 34102799.92349438 34103089.92443333 34103379.92537228 34103668.92630799
 34103958.92724694 34104247.92818266 34104536.92911837 34104827.93006056
 34105116.93099628 34105404.93192875 34105695.93287094 34105985.93380989]"	0.0	0.0	0.0
2954.41855670572	2.0	trials	5.0	0.0	0.0	0.0	0.0	0.0	True	40.0	0.0	0.005	"[34202771.24717692 34203060.24811263 34203349.24904835 34203639.2499873
 34203929.25092626 34204219.25186521 34204508.25280092 34204799.25374311
 34205087.25467558 34205377.25561453 34205667.25655349 34205957.25749245
 34206247.25843139 34206535.25936387 34206826.26030605 34207115.26124177
 34207405.26218072 34207694.26311643 34207984.26405539 34208273.2649911 ]"	0.0	0.0	0.0
2963.3469024135643	2.0	trials	5.0	0.0	0.0	0.0	0.0	0.0	True	40.0	0.0	0.005	"[34306107.58175455 34306395.58268702 34306686.58362921 34306976.58456817
 34307266.58550712 34307556.58644607 34307844.58737855 34308134.58831749
 34308423.58925321 34308713.59019216 34309003.59113111 34309294.5920733
 34309583.59300902 34309872.59394473 34310163.59488691 34310452.59582264
 34310741.59675835 34311030.59769406 34311321.59863625 34311610.59957197]"	0.0	0.0	0.0
2971.9453718533473	2.0	trials	5.0	0.0	0.0	0.0	0.0	0.0	True	40.0	0.0	0.005	"[34405626.90397362 34405916.90491258 34406206.90585153 34406495.90678725
 34406785.90772619 34407075.90866514 34407365.90960409 34407653.91053657
 34407943.91147552 34408234.91241771 34408523.91335344 34408813.91429238
 34409103.91523133 34409391.9161638  34409683.91710923 34409971.91804171
 34410261.91898067 34410550.91991638 34410840.92085533 34411130.92179428]"	0.0	0.0	0.0
2979.396877579537	2.0	trials	5.0	0.0	0.0	0.0	0.0	0.0	True	40.0	0.0	0.005	"[34491872.18321462 34492161.18415033 34492451.18508928 34492741.18602824
 34493030.18696395 34493320.1879029  34493609.18883862 34493898.18977433
 34494189.19071652 34494477.19164899 34494768.19259118 34495057.19352689
 34495347.19446585 34495638.19540804 34495927.19634376 34496216.19727947
 34496505.19821518 34496795.19915413 34497085.20009308 34497374.2010288 ]"	0.0	0.0	0.0
2988.4162027819507	2.0	trials	5.0	0.0	0.0	0.0	0.0	0.0	True	40.0	0.0	0.005	"[34596262.52120484 34596552.5221438  34596841.52307951 34597130.52401523
 34597420.52495418 34597710.52589313 34598001.52683531 34598290.52777103
 34598578.52870351 34598868.52964246 34599159.53058465 34599449.5315236
 34599738.53245932 34600027.53339503 34600317.53433398 34600606.53526969
 34600895.53620541 34601185.53714436 34601476.53808655 34601765.53902227]"	0.0	0.0	0.0
2996.2753450279693	2.0	trials	5.0	0.0	0.0	0.0	0.0	0.0	True	40.0	0.0	0.005	"[34687223.81571514 34687513.81665409 34687802.8175898  34688092.81852876
 34688383.81947094 34688672.82040666 34688960.82133913 34689252.82228456
 34689541.82322028 34689830.82415599 34690120.82509494 34690409.82603065
 34690699.82696961 34690988.82790532 34691277.82884103 34691568.82978322
 34691858.83072218 34692147.83165789 34692438.83260008 34692727.83353579]"	0.0	0.0	0.0
3002.52804687272	2.0	trials	5.0	0.0	0.0	0.0	0.0	0.0	True	40.0	0.0	0.005	"[34759595.05003538 34759883.05096786 34760173.05190682 34760462.05284253
 34760752.05378148 34761043.05472367 34761331.05565614 34761622.05659834
 34761911.05753405 34762200.05846976 34762491.05941195 34762781.0603509
 34763070.06128661 34763359.06222233 34763649.06316128 34763939.06410024
 34764228.06503595 34764519.06597813 34764808.06691386 34765098.0678528 ]"	0.0	0.0	0.0
3010.5799481428458	2.0	trials	5.0	0.0	0.0	0.0	0.0	0.0	True	40.0	0.0	0.005	"[34852786.35176589 34853077.35270808 34853366.35364379 34853656.35458274
 34853945.35551846 34854235.35645741 34854525.35739636 34854814.35833208
 34855103.35926779 34855393.36020675 34855683.36114569 34855972.3620814
 34856262.36302036 34856552.36395931 34856841.36489502 34857131.36583398
 34857421.36677293 34857710.36770865 34858001.36865083 34858289.3695833 ]"	0.0	0.0	0.0
3016.795411467027	2.0	trials	5.0	0.0	0.0	0.0	0.0	0.0	True	40.0	0.0	0.005	"[34924724.58468419 34925014.58562314 34925303.58655885 34925593.5874978
 34925883.58843676 34926173.5893757  34926463.59031466 34926752.59125037
 34927041.59218609 34927331.59312504 34927620.59406075 34927911.59500294
 34928201.59594189 34928489.59687437 34928780.59781656 34929069.59875228
 34929359.59969122 34929648.60062694 34929938.60156589 34930227.6025016 ]"	0.0	0.0	0.0
3022.8496518692064	2.0	trials	5.0	0.0	0.0	0.0	0.0	0.0	True	40.0	0.0	0.005	"[34994796.81156081 34995086.81249977 34995376.81343872 34995666.81437767
 34995955.81531338 34996245.81625234 34996535.81719129 34996824.818127
 34997113.81906271 34997403.82000167 34997692.82093738 34997982.82187633
 34998273.82281852 34998561.823751   34998850.82468671 34999142.82563214
 34999430.82656462 34999720.82750356 35000009.82843928 35000299.82937823]"	0.0	0.0	0.0
3031.1899572731163	2.0	trials	5.0	0.0	0.0	0.0	0.0	0.0	True	40.0	0.0	0.005	"[35091328.12410545 35091619.12504764 35091908.12598336 35092197.12691907
 35092487.12785802 35092777.12879698 35093066.12973269 35093356.13067164
 35093645.13160735 35093936.13254954 35094225.13348526 35094515.13442421
 35094804.13535992 35095093.13629563 35095383.13723459 35095673.13817354
 35095962.13910925 35096252.14004821 35096543.1409904  35096832.14192611]"	0.0	0.0	0.0
3038.0055569403944	2.0	trials	5.0	0.0	0.0	0.0	0.0	0.0	True	40.0	0.0	0.005	"[35170213.3795165  35170502.38045221 35170792.38139117 35171081.38232688
 35171371.38326583 35171660.38420155 35171951.38514373 35172240.38607945
 35172530.3870184  35172820.38795735 35173109.38889307 35173398.38982878
 35173689.39077097 35173979.39170992 35174269.39264887 35174558.39358459
 35174848.39452354 35175137.39545925 35175427.3963982  35175716.39733392]"	0.0	0.0	0.0
3046.987989223358	2.0	trials	5.0	0.0	0.0	0.0	0.0	0.0	True	40.0	0.0	0.005	"[35274176.7161242  35274465.71705992 35274754.71799563 35275044.71893458
 35275334.71987353 35275624.72081248 35275912.72174496 35276203.72268716
 35276493.7236261  35276781.72455858 35277071.72549753 35277362.72643971
 35277651.72737543 35277940.72831115 35278230.7292501  35278520.73018905
 35278809.73112477 35279099.73206372 35279388.73299943 35279679.73394161]"	0.0	0.0	0.0
3055.3461794851746	2.0	trials	5.0	0.0	0.0	0.0	0.0	0.0	True	40.0	0.0	0.005	"[35370915.02933905 35371204.03027477 35371494.03121372 35371782.03214619
 35372073.03308839 35372362.0340241  35372652.03496306 35372942.03590201
 35373231.03683771 35373521.03777667 35373810.03871238 35374100.03965133
 35374390.04059029 35374680.04152924 35374970.04246819 35375259.04340391
 35375548.04433961 35375838.04527857 35376127.04621429 35376417.04715323]"	0.0	0.0	0.0
3064.30407408869	2.0	trials	5.0	0.0	0.0	0.0	0.0	0.0	True	40.0	0.0	0.005	"[35474594.36502723 35474884.36596619 35475173.3669019  35475463.36784085
 35475752.36877657 35476042.36971552 35476331.37065123 35476622.37159342
 35476912.37253237 35477200.37346485 35477490.3744038  35477781.37534598
 35478070.37628171 35478359.37721742 35478649.37815636 35478938.37909208
 35479229.38003428 35479518.38096999 35479807.3819057  35480097.38284465]"	0.0	0.0	0.0
3072.0761248527283	2.0	trials	5.0	0.0	0.0	0.0	0.0	0.0	True	40.0	0.0	0.005	"[35564548.6562771  35564837.65721281 35565127.65815176 35565417.65909071
 35565705.66002319 35565996.66096538 35566286.66190433 35566575.66284004
 35566863.66377252 35567154.66471471 35567444.66565365 35567733.66658938
 35568023.66752832 35568312.66846403 35568602.66940299 35568892.67034194
 35569181.67127766 35569470.67221337 35569760.67315232 35570051.67409451]"	0.0	0.0	0.0
3080.5702227545817	2.0	trials	5.0	0.0	0.0	0.0	0.0	0.0	True	40.0	0.0	0.005	"[35662859.97458495 35663147.97551743 35663438.97645962 35663728.97739857
 35664017.97833429 35664307.97927324 35664597.98021219 35664887.98115114
 35665175.98208361 35665465.98302256 35665756.98396476 35666044.98489723
 35666334.98583619 35666624.98677514 35666914.98771408 35667203.9886498
 35667493.98958875 35667782.99052446 35668073.99146666 35668362.99240237]"	0.0	0.0	0.0
3113.7965735335424	2.0	trials	6.0	0.0	0.0	0.0	0.0	0.0	True	40.0	0.0	0.005	"[36047424.21970935 36047713.22064507 36048004.22158726 36048292.22251973
 36048582.22345868 36048872.22439764 36049161.22533335 36049452.22627554
 36049741.22721125 36050030.22814697 36050320.22908592 36050609.23002163
 36050900.23096382 36051189.23189954 36051478.23283525 36051768.2337742
 36052058.23471315 36052348.2356521  36052638.23659106 36052927.23752677]"	0.0	0.0	0.0
3120.870855638372	2.0	trials	6.0	0.0	0.0	0.0	0.0	0.0	True	40.0	0.0	0.005	"[36129301.48480779 36129591.48574674 36129881.48668569 36130171.48762465
 36130460.48856036 36130750.48949932 36131039.49043503 36131329.49137398
 36131619.49231293 36131909.49325188 36132198.49418759 36132487.4951233
 36132777.49606226 36133067.49700121 36133356.49793693 36133647.49887911
 36133936.49981482 36134226.50075378 36134515.50168949 36134805.50262845]"	0.0	0.0	0.0
3126.973134596089	2.0	trials	6.0	0.0	0.0	0.0	0.0	0.0	True	40.0	0.0	0.005	"[36199930.71348785 36200220.7144268  36200509.71536252 36200798.71629824
 36201087.71723395 36201377.71817289 36201667.71911185 36201957.7200508
 36202246.72098652 36202535.72192223 36202825.72286119 36203114.7237969
 36203406.72474232 36203694.7256748  36203985.72661699 36204273.72754946
 36204564.72849166 36204853.72942737 36205142.73036309 36205432.73130203]"	0.0	0.0	0.0
3133.6209449201056	2.0	trials	6.0	0.0	0.0	0.0	0.0	0.0	True	40.0	0.0	0.005	"[36276873.96261116 36277161.96354364 36277451.96448259 36277740.9654183
 36278031.96636049 36278319.96729297 36278609.96823192 36278899.96917087
 36279189.97010982 36279478.97104554 36279768.97198449 36280057.9729202
 36280347.97385916 36280636.97479487 36280926.97573382 36281216.97667278
 36281506.97761172 36281795.97854744 36282085.97948639 36282375.98042534]"	0.0	0.0	0.0
3139.3388290332446	2.0	trials	6.0	0.0	0.0	0.0	0.0	0.0	True	40.0	0.0	0.005	"[36343052.17687993 36343342.17781889 36343631.1787546  36343921.17969355
 36344210.18062927 36344499.18156498 36344790.18250717 36345079.18344288
 36345369.18438184 36345658.18531755 36345948.1862565  36346238.18719545
 36346528.1881344  36346817.18907012 36347107.19000907 36347396.19094478
 36347686.19188374 36347975.19281945 36348266.19376164 36348554.19469411]"	0.0	0.0	0.0
3148.0815005399195	2.0	trials	6.0	0.0	0.0	0.0	0.0	0.0	True	40.0	0.0	0.005	"[36444239.50449961 36444529.50543856 36444819.5063775  36445108.50731322
 36445397.50824893 36445687.50918788 36445978.51013008 36446267.5110658
 36446556.51200151 36446845.51293722 36447136.5138794  36447426.51481836
 36447714.51575084 36448004.51668978 36448294.51762874 36448584.5185677
 36448874.51950664 36449162.52043912 36449453.52138131 36449742.52231702]"	0.0	0.0	0.0
3155.022812614224	2.0	trials	6.0	0.0	0.0	0.0	0.0	0.0	True	40.0	0.0	0.005	"[36524579.7646216  36524869.76556055 36525158.76649626 36525448.76743522
 36525738.76837417 36526027.76930988 36526318.77025207 36526606.77118455
 36526897.77212673 36527185.77305921 36527475.77399816 36527766.77494036
 36528055.77587607 36528343.77680854 36528634.77775073 36528923.77868645
 36529213.7796254  36529504.78056759 36529792.78150006 36530082.78243902]"	0.0	0.0	0.0
3160.423521300425	2.0	trials	6.0	0.0	0.0	0.0	0.0	0.0	True	40.0	0.0	0.005	"[36587087.96700778 36587376.96794349 36587666.96888244 36587956.96982139
 36588245.9707571  36588535.97169606 36588825.97263502 36589114.97357073
 36589404.97450968 36589694.97544863 36589984.97638758 36590273.97732329
 36590562.978259   36590853.9792012  36591143.98014015 36591432.98107587
 36591721.98201158 36592010.98294729 36592300.98388624 36592591.98482843]"	0.0	0.0	0.0
3165.9794048890444	2.0	trials	6.0	0.0	0.0	0.0	0.0	0.0	True	40.0	0.0	0.005	"[36651391.17520574 36651681.1761447  36651970.17708041 36652260.17801936
 36652549.17895508 36652839.17989402 36653129.18083297 36653419.18177193
 36653708.18270764 36653998.1836466  36654288.18458554 36654578.1855245
 36654867.18646021 36655156.18739592 36655446.18833487 36655736.18927383
 36656026.19021279 36656315.1911485  36656604.19208421 36656895.1930264 ]"	0.0	0.0	0.0
3172.928147387407	2.0	trials	6.0	0.0	0.0	0.0	0.0	0.0	True	40.0	0.0	0.005	"[36731817.43560618 36732106.43654189 36732395.43747761 36732686.4384198
 36732975.43935551 36733265.44029447 36733554.44123019 36733843.4421659
 36734133.44310485 36734423.44404379 36734712.44497951 36735002.44591846
 36735292.44685742 36735582.44779637 36735873.44873855 36736161.44967103
 36736451.45060998 36736741.45154893 36737029.45248141 36737320.4534236 ]"	0.0	0.0	0.0
3180.5365560216105	2.0	trials	6.0	0.0	0.0	0.0	0.0	0.0	True	40.0	0.0	0.005	"[36819877.72072372 36820166.72165943 36820456.72259838 36820747.72354057
 36821036.72447629 36821325.725412   36821614.72634771 36821904.72728667
 36822194.72822562 36822483.72916133 36822773.73010028 36823063.73103924
 36823352.73197495 36823643.73291714 36823932.73385286 36824222.7347918
 36824512.73573076 36824801.73666647 36825091.73760542 36825381.73854437]"	0.0	0.0	0.0
3186.4573079915867	2.0	trials	6.0	0.0	0.0	0.0	0.0	0.0	True	40.0	0.0	0.005	"[36888404.942598   36888693.94353372 36888983.94447266 36889274.94541486
 36889563.94635057 36889852.94728628 36890141.948222   36890431.94916095
 36890721.9500999  36891010.95103562 36891301.9519778  36891590.95291352
 36891879.95384923 36892169.95478818 36892459.95572714 36892748.95666286
 36893039.95760504 36893328.95854075 36893617.95947647 36893907.96041542]"	0.0	0.0	0.0
3193.561830194327	2.0	trials	6.0	0.0	0.0	0.0	0.0	0.0	True	40.0	0.0	0.005	"[36970632.20882966 36970922.2097686  36971212.21070756 36971501.21164328
 36971791.21258222 36972080.21351794 36972370.21445689 36972659.2153926
 36972949.21633156 36973239.2172705  36973529.21820946 36973819.21914841
 36974107.22008089 36974398.22102308 36974687.22195879 36974976.2228945
 36975267.2238367  36975556.22477241 36975846.22571136 36976136.22665031]"	0.0	0.0	0.0
3202.5611969321203	2.0	trials	6.0	0.0	0.0	0.0	0.0	0.0	True	40.0	0.0	0.005	"[37074791.54607196 37075081.54701092 37075371.54794987 37075661.54888882
 37075950.54982453 37076239.55076025 37076530.55170244 37076819.55263814
 37077109.5535771  37077399.55451605 37077688.55545177 37077978.55639072
 37078267.55732644 37078557.55826538 37078847.55920433 37079137.56014328
 37079426.561079   37079716.56201795 37080005.56295367 37080294.56388938]"	0.0	0.0	0.0
3211.099358976642	2.0	trials	6.0	0.0	0.0	0.0	0.0	0.0	True	40.0	0.0	0.005	"[37173612.86603108 37173901.86696679 37174191.86790574 37174481.8688447
 37174770.86978041 37175060.87071937 37175350.87165831 37175640.87259726
 37175930.87353622 37176219.87447193 37176508.87540764 37176799.87634984
 37177088.87728555 37177377.87822126 37177667.87916021 37177956.88009593
 37178246.88103488 37178536.88197383 37178826.88291278 37179115.8838485 ]"	0.0	0.0	0.0
3218.6953259705633	2.0	trials	6.0	0.0	0.0	0.0	0.0	0.0	True	40.0	0.0	0.005	"[37261529.15068237 37261819.15162133 37262109.15256028 37262398.15349599
 37262688.15443495 37262978.15537389 37263267.15630961 37263557.15724856
 37263848.15819075 37264137.15912647 37264426.16006218 37264716.16100113
 37265005.16193685 37265295.16287579 37265584.16381151 37265875.1647537
 37266164.16568941 37266454.16662837 37266744.16756732 37267032.16849979]"	0.0	0.0	0.0
3225.938002220612	2.0	trials	6.0	0.0	0.0	0.0	0.0	0.0	True	40.0	0.0	0.005	"[37345356.42209446 37345645.42303017 37345935.42396912 37346225.42490807
 37346515.42584702 37346805.42678598 37347093.42771845 37347384.42866065
 37347674.42959959 37347963.43053531 37348252.43147102 37348542.43240997
 37348831.43334569 37349121.43428463 37349412.43522682 37349701.43616254
 37349990.43709826 37350280.43803721 37350570.43897616 37350859.43991187]"	0.0	0.0	0.0
3232.2618114955917	2.0	trials	6.0	0.0	0.0	0.0	0.0	0.0	True	40.0	0.0	0.005	"[37418548.65907291 37418837.66000862 37419127.66094758 37419418.66188977
 37419707.66282547 37419996.66376119 37420286.66470014 37420575.66563585
 37420865.66657481 37421156.667517   37421444.66844948 37421734.66938843
 37422023.67032413 37422313.67126309 37422603.67220204 37422892.67313775
 37423182.67407671 37423473.6750189  37423762.67595461 37424052.67689356]"	0.0	0.0	0.0
3238.357264831209	2.0	trials	6.0	0.0	0.0	0.0	0.0	0.0	True	40.0	0.0	0.005	"[37489098.88749719 37489388.88843614 37489676.88936862 37489966.89030757
 37490256.89124653 37490546.89218547 37490835.89312118 37491125.89406014
 37491414.89499585 37491704.89593481 37491994.89687375 37492283.89780947
 37492573.89874842 37492862.89968413 37493153.90062632 37493443.90156528
 37493732.90250099 37494021.90343671 37494311.90437566 37494600.90531137]"	0.0	0.0	0.0
3244.4973007111735	2.0	trials	6.0	0.0	0.0	0.0	0.0	0.0	True	40.0	0.0	0.005	"[37560163.11758568 37560453.11852463 37560743.11946359 37561032.1203993
 37561322.12133825 37561612.1222772  37561901.12321291 37562190.12414863
 37562480.12508758 37562769.12602329 37563060.12696549 37563349.1279012
 37563638.12883691 37563928.12977586 37564217.13071158 37564508.13165376
 37564797.13258947 37565087.13352843 37565377.13446738 37565666.1354031 ]"	0.0	0.0	0.0
3251.858172543912	2.0	trials	6.0	0.0	0.0	0.0	0.0	0.0	True	40.0	0.0	0.005	"[37645358.39342702 37645648.39436597 37645938.39530493 37646227.39624064
 37646518.39718282 37646807.39811854 37647096.39905425 37647386.3999932
 37647675.40092892 37647965.40186787 37648255.40280683 37648545.40374578
 37648834.40468149 37649124.40562044 37649414.40655939 37649703.4074951
 37649992.40843082 37650283.40937301 37650572.41030872 37650861.41124444]"	0.0	0.0	0.0
3258.3019918074547	2.0	trials	6.0	0.0	0.0	0.0	0.0	0.0	True	40.0	0.0	0.005	"[37719939.63490272 37720229.63584168 37720520.63678387 37720809.63771959
 37721099.63865854 37721388.63959424 37721677.64052996 37721967.64146892
 37722258.64241111 37722546.64334358 37722836.64428253 37723126.64522148
 37723415.6461572  37723705.64709614 37723994.64803186 37724284.64897082
 37724574.64990976 37724864.65084872 37725153.65178443 37725443.65272338]"	0.0	0.0	0.0
3264.4038387637725	2.0	trials	6.0	0.0	0.0	0.0	0.0	0.0	True	40.0	0.0	0.005	"[37790563.8635666  37790853.86450556 37791143.86544451 37791432.86638021
 37791721.86731593 37792010.86825165 37792300.8691906  37792590.87012956
 37792881.87107173 37793170.87200745 37793460.87294641 37793750.87388536
 37794038.87481783 37794328.87575679 37794618.87669574 37794908.87763469
 37795197.8785704  37795486.87950612 37795776.88044507 37796067.88138726]"	0.0	0.0	0.0
3272.476389700758	2.0	trials	6.0	0.0	0.0	0.0	0.0	0.0	True	40.0	0.0	0.005	"[37883996.16607741 37884286.16701636 37884574.16794883 37884865.16889103
 37885154.16982674 37885443.17076245 37885733.17170141 37886024.17264359
 37886312.17357607 37886602.17451502 37886892.17545398 37887181.17638969
 37887471.17732864 37887762.17827082 37888050.17920331 37888341.1801455
 37888630.18108121 37888919.18201692 37889210.18295912 37889498.18389159]"	0.0	0.0	0.0
3277.6767361382335	2.0	trials	6.0	0.0	0.0	0.0	0.0	0.0	True	40.0	0.0	0.005	"[37944184.36095197 37944474.36189093 37944763.36282664 37945053.36376559
 37945343.36470454 37945633.36564349 37945922.36657921 37946212.36751816
 37946502.36845711 37946791.36939283 37947081.37033177 37947370.37126749
 37947661.37220968 37947949.37314215 37948239.3740811  37948529.37502006
 37948819.37595901 37949107.37689149 37949399.37783691 37949688.37877262]"	0.0	0.0	0.0
3283.0222350456775	2.0	trials	6.0	0.0	0.0	0.0	0.0	0.0	True	40.0	0.0	0.005	"[38006054.56127246 38006344.56221141 38006633.56314712 38006922.56408284
 38007212.56502179 38007502.56596074 38007791.56689645 38008082.56783865
 38008371.56877436 38008661.56971331 38008951.57065226 38009240.57158797
 38009530.57252693 38009820.57346588 38010109.57440159 38010398.57533731
 38010688.57627626 38010977.57721197 38011267.57815093 38011557.57908987]"	0.0	0.0	0.0
3289.868593212545	2.0	trials	6.0	0.0	0.0	0.0	0.0	0.0	True	40.0	0.0	0.005	"[38085293.81782968 38085583.81876863 38085872.81970434 38086162.82064329
 38086451.821579   38086742.82252119 38087031.82345691 38087320.82439262
 38087609.82532834 38087900.82627052 38088190.82720947 38088478.82814195
 38088768.8290809  38089058.83001985 38089348.83095881 38089638.83189776
 38089928.83283671 38090216.83376919 38090507.83471137 38090796.83564709]"	0.0	0.0	0.0
3295.1847160248763	2.0	trials	6.0	0.0	0.0	0.0	0.0	0.0	True	40.0	0.0	0.005	"[38146823.01704608 38147113.01798503 38147402.01892075 38147692.01985969
 38147981.02079541 38148272.0217376  38148560.02267008 38148850.02360903
 38149141.02455122 38149430.02548693 38149720.02642588 38150009.02736159
 38150298.02829731 38150588.02923626 38150879.03017845 38151168.03111417
 38151458.03205312 38151747.03298883 38152036.03392455 38152326.03486349]"	0.0	0.0	0.0
3303.536253465153	2.0	trials	6.0	0.0	0.0	0.0	0.0	0.0	True	40.0	0.0	0.005	"[38243484.33001163 38243774.33095058 38244064.33188953 38244354.33282848
 38244643.3337642  38244933.33470315 38245223.3356421  38245512.33657782
 38245802.33751676 38246090.33844924 38246382.33939467 38246670.34032714
 38246961.34126934 38247251.34220829 38247540.343144   38247829.34407972
 38248119.34501866 38248409.34595762 38248698.34689333 38248988.34783228]"	0.0	0.0	0.0
3312.09290516954	2.0	trials	6.0	0.0	0.0	0.0	0.0	0.0	True	40.0	0.0	0.005	"[38342520.65066686 38342809.65160257 38343098.65253828 38343388.65347724
 38343678.6544162  38343968.65535515 38344257.65629086 38344547.65722982
 38344837.65816876 38345126.65910448 38345416.66004343 38345706.66098238
 38345996.66192134 38346285.66285705 38346575.66379599 38346863.66472848
 38347154.66567066 38347442.66660314 38347733.66754533 38348023.66848428]"	0.0	0.0	0.0
3320.7082226638736	2.0	trials	6.0	0.0	0.0	0.0	0.0	0.0	True	40.0	0.0	0.005	"[38442233.97351407 38442523.97445302 38442813.97539197 38443102.97632768
 38443392.97726664 38443681.97820235 38443972.97914454 38444261.98008025
 38444551.98101921 38444840.98195492 38445130.98289387 38445419.98382958
 38445709.98476854 38445999.98570748 38446288.9866432  38446578.98758215
 38446867.98851787 38447157.98945682 38447447.99039577 38447738.99133796]"	0.0	0.0	0.0
3329.2355846734285	2.0	trials	6.0	0.0	0.0	0.0	0.0	0.0	True	40.0	0.0	0.005	"[38540931.2930717  38541221.29401065 38541510.29494637 38541800.29588532
 38542089.29682104 38542379.29775999 38542669.29869893 38542959.29963789
 38543249.30057684 38543537.30150932 38543828.30245151 38544117.30338722
 38544407.30432618 38544697.30526512 38544986.30620084 38545276.30713979
 38545566.30807874 38545855.30901445 38546144.30995017 38546434.31088912]"	0.0	0.0	0.0
3336.3531533184096	2.0	trials	6.0	0.0	0.0	0.0	0.0	0.0	True	40.0	0.0	0.005	"[38623310.5597955  38623599.56073121 38623888.56166693 38624179.56260911
 38624468.56354483 38624758.56448378 38625048.56542273 38625337.56635845
 38625626.56729416 38625916.56823311 38626205.56916882 38626496.57011101
 38626785.57104673 38627074.57198244 38627364.5729214  38627653.57385711
 38627944.5747993  38628233.57573501 38628523.57667396 38628812.57760968]"	0.0	0.0	0.0
3345.022989389261	2.0	trials	6.0	0.0	0.0	0.0	0.0	0.0	True	40.0	0.0	0.005	"[38723654.88468573 38723943.88562144 38724233.8865604  38724523.88749935
 38724812.88843506 38725103.88937725 38725393.8903162  38725681.89124868
 38725971.89218763 38726260.89312335 38726550.8940623  38726840.89500125
 38727130.8959402  38727419.89687591 38727709.89781487 38727999.89875382
 38728288.89968953 38728578.90062848 38728868.90156743 38729158.90250639]"	0.0	0.0	0.0
3353.468616734178	2.0	trials	6.0	0.0	0.0	0.0	0.0	0.0	True	40.0	0.0	0.005	"[38821406.20118044 38821695.20211615 38821984.20305187 38822275.20399406
 38822564.20492978 38822853.20586549 38823143.20680444 38823433.20774339
 38823723.20868234 38824012.20961805 38824301.21055377 38824591.21149272
 38824881.21243168 38825171.21337062 38825460.21430634 38825750.21524529
 38826039.216181   38826330.2171232  38826619.21805891 38826908.21899462]"	0.0	0.0	0.0
3361.3644790990884	2.0	trials	6.0	0.0	0.0	0.0	0.0	0.0	True	40.0	0.0	0.005	"[38912793.49707002 38913083.49800897 38913372.49894468 38913661.4998804
 38913952.50082259 38914240.50175507 38914531.50269725 38914820.50363297
 38915109.50456868 38915399.50550763 38915688.50644334 38915979.50738554
 38916268.50832125 38916558.5092602  38916848.51019915 38917137.51113487
 38917427.51207382 38917717.51301277 38918007.51395172 38918297.51489067]"	0.0	0.0	0.0
3369.238654993783	2.0	trials	6.0	0.0	0.0	0.0	0.0	0.0	True	40.0	0.0	0.005	"[39003928.79214368 39004218.79308262 39004507.79401835 39004797.7949573
 39005087.79589625 39005376.79683197 39005666.79777091 39005956.79870987
 39006245.79964558 39006534.80058129 39006825.80152348 39007115.80246244
 39007404.80339815 39007693.80433387 39007984.80527605 39008273.80621176
 39008562.80714748 39008852.80808643 39009142.80902538 39009431.8099611 ]"	0.0	0.0	0.0
3376.557277089727	2.0	trials	6.0	0.0	0.0	0.0	0.0	0.0	True	40.0	0.0	0.005	"[39088635.06640175 39088925.0673407  39089215.06827965 39089505.06921861
 39089794.07015432 39090084.07109328 39090373.07202899 39090663.07296794
 39090952.07390365 39091243.07484584 39091532.07578155 39091821.07671727
 39092112.07765946 39092401.07859518 39092690.07953089 39092979.08046661
 39093270.0814088  39093559.0823445  39093849.08328345 39094137.08421593]"	0.0	0.0	0.0
3385.4188353813292	2.0	trials	6.0	0.0	0.0	0.0	0.0	0.0	True	40.0	0.0	0.005	"[39191199.39847983 39191489.39941877 39191779.40035773 39192068.40129344
 39192358.40223239 39192648.40317135 39192937.40410706 39193226.40504277
 39193516.40598173 39193806.40692067 39194095.40785639 39194385.40879534
 39194674.40973105 39194965.41067325 39195255.4116122  39195544.41254791
 39195834.41348686 39196124.41442581 39196412.41535829 39196703.41630048]"	0.0	0.0	0.0
3393.957256626691	2.0	trials	6.0	0.0	0.0	0.0	0.0	0.0	True	40.0	0.0	0.005	"[39290023.71844865 39290314.71939085 39290603.72032656 39290893.72126551
 39291181.72219798 39291472.72314017 39291760.72407265 39292051.72501484
 39292341.72595379 39292630.72688951 39292920.72782846 39293210.72876741
 39293499.72970312 39293788.73063884 39294078.73157779 39294368.73251674
 39294657.73345245 39294947.73439141 39295236.73532712 39295527.73626931]"	0.0	0.0	0.0
3401.0492507888684	2.0	trials	6.0	0.0	0.0	0.0	0.0	0.0	True	40.0	0.0	0.005	"[39372107.98421731 39372396.98515302 39372685.98608874 39372975.98702769
 39373265.98796664 39373555.98890559 39373845.98984455 39374134.99078026
 39374424.99171921 39374714.99265816 39375004.99359711 39375292.99452959
 39375582.99546854 39375872.99640749 39376162.99734644 39376451.99828216
 39376740.99921788 39377031.00015682 39377321.00109578 39377610.00203149]"	0.0	0.0	0.0
3408.9561723895854	2.0	trials	6.0	0.0	0.0	0.0	0.0	0.0	True	40.0	0.0	0.005	"[39463623.28052132 39463913.28146027 39464202.28239599 39464491.2833317
 39464781.28427065 39465072.28521284 39465360.28614532 39465650.28708427
 39465939.28801998 39466230.28896217 39466519.28989789 39466809.29083684
 39467098.29177255 39467389.29271474 39467677.29364721 39467968.29458941
 39468257.29552512 39468546.29646084 39468836.29739979 39469127.29834198]"	0.0	0.0	0.0
3417.596977966443	2.0	trials	6.0	0.0	0.0	0.0	0.0	0.0	True	40.0	0.0	0.005	"[39563631.60432366 39563922.60526586 39564210.60619833 39564501.60714052
 39564789.608073   39565079.60901195 39565369.6099509  39565659.61088985
 39565948.61182556 39566238.61276451 39566528.61370347 39566817.61463919
 39567107.61557814 39567397.61651708 39567686.6174528  39567976.61839175
 39568265.61932746 39568555.62026642 39568845.62120537 39569135.62214432]"	0.0	0.0	0.0
3426.559624585345	2.0	trials	6.0	0.0	0.0	0.0	0.0	0.0	True	40.0	0.0	0.005	"[39667365.94018992 39667655.94112887 39667945.94206782 39668234.94300354
 39668525.94394573 39668814.94488144 39669103.94581716 39669393.9467561
 39669683.94769506 39669972.94863077 39670262.94956972 39670552.95050868
 39670842.95144763 39671132.95238658 39671420.95331906 39671711.95426124
 39672000.95519696 39672289.95613267 39672579.95707162 39672869.95801058]"	0.0	0.0	0.0
3433.035930354071	2.0	trials	6.0	0.0	0.0	0.0	0.0	0.0	True	40.0	0.0	0.005	"[39742323.18288303 39742613.18382198 39742902.18475769 39743192.18569665
 39743482.18663559 39743771.18757131 39744060.18850703 39744350.18944597
 39744640.19038493 39744930.19132388 39745220.19226283 39745509.19319855
 39745799.19413749 39746089.19507645 39746378.19601217 39746669.19695435
 39746957.19788682 39747247.19882578 39747537.19976473 39747827.20070369]"	0.0	0.0	0.0
3439.731692833345	2.0	trials	6.0	0.0	0.0	0.0	0.0	0.0	True	40.0	0.0	0.005	"[39819820.43380006 39820111.43474224 39820399.43567473 39820690.43661691
 39820979.43755262 39821269.43849158 39821559.43943053 39821849.44036948
 39822138.44130519 39822427.44224091 39822717.44317986 39823006.44411558
 39823296.44505452 39823586.44599348 39823875.44692919 39824165.44786815
 39824454.44880386 39824744.4497428  39825034.45068176 39825324.45162071]"	0.0	0.0	0.0
3447.171880122889	2.0	trials	6.0	0.0	0.0	0.0	0.0	0.0	True	40.0	0.0	0.005	"[39905934.7126169  39906223.71355262 39906513.71449157 39906803.71543052
 39907092.71636623 39907382.71730518 39907671.7182409  39907960.71917661
 39908250.72011556 39908540.72105452 39908830.72199347 39909119.72292918
 39909409.72386814 39909699.72480708 39909988.7257428  39910278.72668175
 39910567.72761746 39910857.72855642 39911147.72949537 39911436.73043108]"	0.0	0.0	0.0
3454.3957211119537	2.0	trials	6.0	0.0	0.0	0.0	0.0	0.0	True	40.0	0.0	0.005	"[39989543.98332315 39989832.98425886 39990121.98519457 39990411.98613353
 39990701.98707248 39990991.98801143 39991280.98894715 39991570.98988609
 39991860.99082505 39992150.991764   39992438.99269647 39992728.99363543
 39993018.99457438 39993308.99551333 39993597.99644905 39993887.997388
 39994176.99832371 39994467.9992659  39994757.00020161 39995046.00113732]"	0.0	0.0	0.0
3461.813444328764	2.0	trials	6.0	0.0	0.0	0.0	0.0	0.0	True	40.0	0.0	0.005	"[40075396.2612917  40075686.26223065 40075975.26316637 40076265.26410532
 40076554.26504103 40076845.26598322 40077133.26691569 40077424.26785789
 40077713.2687936  40078002.26972932 40078292.27066827 40078582.27160721
 40078872.27254617 40079161.27348188 40079450.27441759 40079741.27535979
 40080030.2762955  40080320.27723445 40080610.2781734  40080900.27911236]"	0.0	0.0	0.0
3468.255621986991	2.0	trials	6.0	0.0	0.0	0.0	0.0	0.0	True	40.0	0.0	0.005	"[40149958.50270589 40150248.50364484 40150538.5045838  40150828.50552275
 40151117.50645845 40151407.50739741 40151696.50833312 40151986.50927208
 40152276.51021103 40152565.51114674 40152855.51208569 40153145.51302465
 40153435.5139636  40153724.51489931 40154013.51583503 40154303.51677398
 40154594.51771617 40154883.51865188 40155172.51958759 40155462.52052655]"	0.0	0.0	0.0
3543.5712642409912	2.0	trials	7.0	0.0	0.0	0.0	0.0	0.0	True	40.0	0.0	0.005	"[41021668.32508781 41021957.32602352 41022247.32696246 41022537.32790142
 41022826.32883713 41023116.32977609 41023406.33071504 41023696.33165398
 41023985.33258971 41024275.33352865 41024565.3344676  41024854.33540332
 41025144.33634227 41025433.33727799 41025723.33821694 41026013.33915588
 41026302.34009161 41026592.34103055 41026882.3419695  41027172.34290846]"	0.0	0.0	0.0
3552.574259790533	2.0	trials	7.0	0.0	0.0	0.0	0.0	0.0	True	40.0	0.0	0.005	"[41125869.66246609 41126158.6634018  41126448.66434076 41126738.66527971
 41127027.66621543 41127316.66715113 41127607.66809332 41127897.66903228
 41128185.66996475 41128475.67090371 41128765.67184266 41129055.67278161
 41129345.67372056 41129634.67465627 41129923.67559199 41130213.67653094
 41130503.67746989 41130792.67840561 41131082.67934456 41131372.68028352]"	0.0	0.0	0.0
3560.5718152847003	2.0	trials	7.0	0.0	0.0	0.0	0.0	0.0	True	40.0	0.0	0.005	"[41218432.96216328 41218722.96310224 41219011.96403795 41219301.9649769
 41219591.96591585 41219880.96685156 41220170.96779051 41220460.96872947
 41220750.96966843 41221038.9706009  41221328.97153985 41221618.97247879
 41221907.97341452 41222198.9743567  41222487.97529241 41222776.97622813
 41223066.97716708 41223355.9781028  41223645.97904175 41223935.97998069]"	0.0	0.0	0.0
3568.629937374969	2.0	trials	7.0	0.0	0.0	0.0	0.0	0.0	True	40.0	0.0	0.005	"[41311699.26413662 41311988.26507233 41312277.26600804 41312568.26695023
 41312857.26788595 41313147.26882491 41313437.26976385 41313726.27069957
 41314016.27163852 41314306.27257746 41314595.27351318 41314885.27445213
 41315174.27538785 41315464.2763268  41315754.27726575 41316043.27820147
 41316332.27913718 41316622.28007613 41316912.28101508 41317201.28195079]"	0.0	0.0	0.0
3575.0078332250673	2.0	trials	7.0	0.0	0.0	0.0	0.0	0.0	True	40.0	0.0	0.005	"[41385517.50314191 41385807.50408086 41386095.50501334 41386385.50595229
 41386675.50689124 41386965.5078302  41387255.50876915 41387544.50970486
 41387834.51064381 41388124.51158276 41388413.51251847 41388703.51345743
 41388993.51439638 41389282.51533209 41389572.51627105 41389861.51720676
 41390150.51814248 41390441.51908466 41390730.52002037 41391020.52095933]"	0.0	0.0	0.0
3583.1928773262784	2.0	trials	7.0	0.0	0.0	0.0	0.0	0.0	True	40.0	0.0	0.005	"[41480250.80986505 41480540.810804   41480830.81174295 41481118.81267543
 41481409.81361762 41481698.81455333 41481988.81549228 41482279.81643447
 41482568.81737018 41482857.8183059  41483147.81924485 41483436.82018057
 41483726.82111952 41484015.82205523 41484305.82299418 41484595.82393314
 41484885.82487208 41485174.82580779 41485463.82674352 41485753.82768247]"	0.0	0.0	0.0
3588.946185554112	2.0	trials	7.0	0.0	0.0	0.0	0.0	0.0	True	40.0	0.0	0.005	"[41546840.02546455 41547129.02640026 41547420.02734245 41547709.02827816
 41547999.02921711 41548288.03015283 41548578.03109178 41548868.03203072
 41549157.03296644 41549447.03390539 41549737.03484435 41550026.03578006
 41550316.03671901 41550605.03765473 41550895.03859368 41551185.03953262
 41551475.04047158 41551764.04140729 41552053.04234301 41552343.04328196]"	0.0	0.0	0.0
3595.257985190206	2.0	trials	7.0	0.0	0.0	0.0	0.0	0.0	True	40.0	0.0	0.005	"[41619893.26199295 41620183.2629319  41620472.26386762 41620762.26480657
 41621051.26574228 41621341.26668123 41621631.26762018 41621921.26855914
 41622210.26949485 41622500.2704338  41622789.27136951 41623079.27230847
 41623369.27324742 41623658.27418312 41623948.27512208 41624238.27606104
 41624527.27699675 41624817.2779357  41625107.27887465 41625396.27981037]"	0.0	0.0	0.0
3600.682367553056	2.0	trials	7.0	0.0	0.0	0.0	0.0	0.0	True	40.0	0.0	0.005	"[41682676.46526951 41682965.46620522 41683255.46714418 41683545.46808313
 41683833.46901561 41684123.46995456 41684413.47089351 41684703.47183246
 41684992.47276817 41685283.47371036 41685572.47464608 41685862.47558503
 41686151.47652074 41686441.4774597  41686731.47839864 41687020.47933436
 41687310.48027331 41687599.48120902 41687889.48214798 41688178.48308369]"	0.0	0.0	0.0
3609.202558339392	2.0	trials	7.0	0.0	0.0	0.0	0.0	0.0	True	40.0	0.0	0.005	"[41781289.78455517 41781578.78549089 41781868.78642984 41782157.78736555
 41782447.78830451 41782736.78924023 41783026.79017917 41783316.79111812
 41783605.79205383 41783895.79299279 41784184.7939285  41784474.79486745
 41784764.79580641 41785053.79674213 41785343.79768107 41785632.79861678
 41785922.79955574 41786212.80049469 41786502.80143365 41786792.80237259]"	0.0	0.0	0.0
3616.6868097716047	2.0	trials	7.0	0.0	0.0	0.0	0.0	0.0	True	40.0	0.0	0.005	"[41867912.06501681 41868202.06595576 41868492.0668947  41868781.06783042
 41869071.06876937 41869360.06970508 41869650.07064404 41869940.07158299
 41870230.07252194 41870519.07345766 41870809.0743966  41871098.07533232
 41871388.07627128 41871678.07721023 41871968.07814918 41872257.07908489
 41872547.08002384 41872837.0809628  41873126.0818985  41873416.08283745]"	0.0	0.0	0.0
3625.0903601802866	2.0	trials	7.0	0.0	0.0	0.0	0.0	0.0	True	40.0	0.0	0.005	"[41965175.37993148 41965466.38087367 41965754.38180615 41966045.38274834
 41966335.38368729 41966624.38462301 41966913.38555872 41967204.38650091
 41967493.38743662 41967782.38837234 41968072.38931129 41968362.39025024
 41968651.39118595 41968942.39212815 41969230.39306062 41969520.39399957
 41969809.39493529 41970099.39587424 41970390.39681643 41970679.39775214]"	0.0	0.0	0.0
3630.5563874779727	2.0	trials	7.0	0.0	0.0	0.0	0.0	0.0	True	40.0	0.0	0.005	"[42028439.58476542 42028728.58570113 42029019.58664332 42029309.58758227
 42029597.58851475 42029888.58945694 42030177.59039265 42030466.59132836
 42030756.59226732 42031046.59320626 42031336.59414522 42031626.59508417
 42031914.59601665 42032205.59695884 42032495.59789779 42032783.59883026
 42033073.59976921 42033363.60070816 42033652.60164388 42033942.60258283]"	0.0	0.0	0.0
3639.581155898011	2.0	trials	7.0	0.0	0.0	0.0	0.0	0.0	True	40.0	0.0	0.005	"[42132892.92295962 42133182.92389858 42133472.92483752 42133761.92577324
 42134051.92671219 42134341.92765114 42134630.92858686 42134920.92952581
 42135209.93046152 42135499.93140048 42135789.93233942 42136078.93327513
 42136369.93421733 42136658.93515304 42136948.936092   42137237.93702771
 42137527.93796666 42137816.93890238 42138105.93983809 42138395.94077703]"	0.0	0.0	0.0
3648.658455688132	2.0	trials	7.0	0.0	0.0	0.0	0.0	0.0	True	40.0	0.0	0.005	"[42237955.26312563 42238244.26406135 42238534.26500029 42238824.26593924
 42239114.2668782  42239403.26781391 42239693.26875287 42239982.26968858
 42240272.27062753 42240561.27156324 42240851.27250219 42241141.27344114
 42241430.27437685 42241720.27531581 42242010.27625476 42242300.27719371
 42242589.27812943 42242878.27906514 42243169.28000733 42243458.28094304]"	0.0	0.0	0.0
3657.0406652277165	2.0	trials	7.0	0.0	0.0	0.0	0.0	0.0	True	40.0	0.0	0.005	"[42334970.57723735 42335260.5781763  42335549.57911201 42335839.58005096
 42336128.58098668 42336419.58192886 42336708.58286458 42336997.58380029
 42337287.58473925 42337576.58567496 42337867.58661714 42338156.58755286
 42338445.58848858 42338736.58943076 42339025.59036648 42339314.59130219
 42339604.59224114 42339894.5931801  42340183.59411581 42340473.59505476]"	0.0	0.0	0.0
3663.136550564733	2.0	trials	7.0	0.0	0.0	0.0	0.0	0.0	True	40.0	0.0	0.005	"[42405524.80567458 42405814.80661353 42406104.80755248 42406393.80848819
 42406683.80942715 42406972.81036285 42407263.81130505 42407551.81223752
 42407842.81317971 42408132.81411867 42408421.81505438 42408710.81599009
 42409000.81692904 42409291.81787124 42409579.81880371 42409869.81974266
 42410158.82067838 42410448.82161733 42410738.82255628 42411027.82349199]"	0.0	0.0	0.0
3668.494750313299	2.0	trials	7.0	0.0	0.0	0.0	0.0	0.0	True	40.0	0.0	0.005	"[42467541.00646777 42467831.00740673 42468120.00834243 42468410.00928139
 42468699.01021711 42468989.01115605 42469279.012095   42469568.01303072
 42469858.01396967 42470147.01490539 42470437.01584434 42470728.01678652
 42471016.01771901 42471306.01865795 42471596.0195969  42471885.02053262
 42472175.02147157 42472465.02241053 42472754.02334624 42473044.02428519]"	0.0	0.0	0.0
3674.705288821535	2.0	trials	7.0	0.0	0.0	0.0	0.0	0.0	True	40.0	0.0	0.005	"[42539423.23920476 42539713.24014371 42540001.24107618 42540292.24201837
 42540582.24295732 42540871.24389303 42541160.24482875 42541450.2457677
 42541740.24670666 42542029.24764237 42542319.24858132 42542609.24952027
 42542898.25045599 42543188.25139493 42543477.25233065 42543767.2532696
 42544057.25420856 42544347.25514751 42544636.25608321 42544925.25701894]"	0.0	0.0	0.0
3681.1368392453537	2.0	trials	7.0	0.0	0.0	0.0	0.0	0.0	True	40.0	0.0	0.005	"[42613862.4802207  42614151.48115642 42614440.48209213 42614730.48303108
 42615020.48397003 42615309.48490574 42615600.48584794 42615889.48678365
 42616179.4877226  42616468.48865832 42616757.48959403 42617047.49053298
 42617337.49147193 42617627.49241088 42617917.49334984 42618206.49428555
 42618496.4952245  42618784.49615698 42619074.49709593 42619365.49803812]"	0.0	0.0	0.0
3690.26312799409	2.0	trials	7.0	0.0	0.0	0.0	0.0	0.0	True	40.0	0.0	0.005	"[42719490.82221927 42719779.823155   42720068.82409071 42720358.82502966
 42720647.82596537 42720938.82690756 42721228.82784652 42721517.82878223
 42721807.82972118 42722097.83066013 42722387.83159909 42722675.83253156
 42722965.83347052 42723255.83440946 42723544.83534518 42723835.83628737
 42724124.83722308 42724414.83816203 42724704.83910099 42724992.84003346]"	0.0	0.0	0.0
3698.6657279996953	2.0	trials	7.0	0.0	0.0	0.0	0.0	0.0	True	40.0	0.0	0.005	"[42816743.13709834 42817032.13803407 42817322.13897301 42817611.13990872
 42817901.14084768 42818191.14178663 42818481.14272559 42818771.14366453
 42819060.14460024 42819349.14553596 42819639.14647491 42819930.14741711
 42820219.14835282 42820509.14929177 42820798.15022748 42821087.1511632
 42821377.15210214 42821667.1530411  42821956.15397681 42822246.15491576]"	0.0	0.0	0.0
3705.0591759001463	2.0	trials	7.0	0.0	0.0	0.0	0.0	0.0	True	40.0	0.0	0.005	"[42890741.37668644 42891031.37762539 42891320.37856111 42891609.37949681
 42891900.38043901 42892188.38137149 42892478.38231044 42892769.38325263
 42893058.38418834 42893347.38512405 42893637.38606301 42893926.38699872
 42894216.38793766 42894506.38887662 42894796.38981558 42895086.39075453
 42895375.39169024 42895664.39262595 42895955.39356814 42896244.39450386]"	0.0	0.0	0.0
3713.3748572243303	2.0	trials	7.0	0.0	0.0	0.0	0.0	0.0	True	40.0	0.0	0.005	"[42986986.68830507 42987276.68924403 42987566.69018298 42987856.69112193
 42988146.69206088 42988434.69299336 42988724.69393231 42989014.69487126
 42989303.69580697 42989592.69674269 42989883.69768488 42990173.69862383
 42990462.69955955 42990751.70049526 42991042.70143745 42991331.70237316
 42991620.70330888 42991910.70424782 42992200.70518678 42992490.70612573]"	0.0	0.0	0.0
3721.529142825952	2.0	trials	7.0	0.0	0.0	0.0	0.0	0.0	True	40.0	0.0	0.005	"[43081364.9938788  43081653.99481452 43081944.99575671 43082233.99669242
 43082523.99763137 43082812.99856709 43083102.99950604 43083393.00044499
 43083683.00138395 43083972.00231966 43084262.00325861 43084551.00419432
 43084841.00513327 43085131.00607223 43085420.00700794 43085710.00794689
 43085999.0088826  43086289.00982156 43086579.01076051 43086868.01169623]"	0.0	0.0	0.0
3728.785815921321	2.0	trials	7.0	0.0	0.0	0.0	0.0	0.0	True	40.0	0.0	0.005	"[43165355.26581864 43165644.26675435 43165933.26769007 43166224.26863226
 43166514.26957121 43166802.27050368 43167093.27144588 43167382.27238159
 43167671.27331731 43167961.27425625 43168251.2751952  43168541.27613416
 43168831.27707312 43169120.27800883 43169409.27894454 43169699.27988349
 43169989.28082244 43170279.28176139 43170568.2826971  43170858.28363606]"	0.0	0.0	0.0
3736.0602874743163	2.0	trials	7.0	0.0	0.0	0.0	0.0	0.0	True	40.0	0.0	0.005	"[43249550.53842221 43249839.53935793 43250129.54029688 43250418.54123259
 43250708.54217155 43250998.5431105  43251288.54404945 43251576.54498193
 43251867.54592411 43252157.54686306 43252446.54779878 43252736.54873773
 43253025.54967345 43253315.5506124  43253604.55154811 43253894.55248707
 43254183.55342278 43254474.55436497 43254763.55530068 43255053.55623963]"	0.0	0.0	0.0
3744.821880642255	2.0	trials	7.0	0.0	0.0	0.0	0.0	0.0	True	40.0	0.0	0.005	"[43350957.8667542  43351245.86768667 43351535.86862562 43351825.86956457
 43352114.87050029 43352404.87143923 43352694.87237819 43352984.87331714
 43353273.87425286 43353563.87519181 43353852.87612752 43354143.8770697
 43354432.87800542 43354722.87894437 43355012.87988333 43355301.88081905
 43355590.88175476 43355880.8826937  43356170.88363266 43356459.88456837]"	0.0	0.0	0.0
3752.555396881527	2.0	trials	7.0	0.0	0.0	0.0	0.0	0.0	True	40.0	0.0	0.005	"[43440466.15656001 43440755.15749572 43441045.15843468 43441335.15937363
 43441624.16030934 43441914.16124829 43442204.16218724 43442494.1631262
 43442782.16405867 43443074.1650041  43443362.16593658 43443652.16687553
 43443941.16781124 43444231.1687502  43444520.16968591 43444811.1706281
 43445100.17156381 43445390.17250276 43445679.17343847 43445969.17437743]"	0.0	0.0	0.0
3758.9454751710687	2.0	trials	7.0	0.0	0.0	0.0	0.0	0.0	True	40.0	0.0	0.005	"[43514424.39601859 43514714.39695755 43515003.39789326 43515293.39883221
 43515582.39976793 43515873.40071011 43516163.40164906 43516451.40258154
 43516742.40352374 43517031.40445945 43517320.40539516 43517611.40633734
 43517900.40727306 43518189.40820877 43518479.40914772 43518769.41008668
 43519058.41102239 43519349.41196458 43519637.41289706 43519928.41383925]"	0.0	0.0	0.0
3764.6033974900656	2.0	trials	7.0	0.0	0.0	0.0	0.0	0.0	True	40.0	0.0	0.005	"[43579910.60804683 43580199.60898255 43580489.6099215  43580779.61086044
 43581068.61179616 43581358.61273511 43581647.61367083 43581937.61460979
 43582227.61554873 43582517.61648768 43582806.6174234  43583095.61835911
 43583386.6193013  43583675.62023702 43583964.62117273 43584255.62211492
 43584544.62305063 43584834.62398958 43585124.62492854 43585413.62586424]"	0.0	0.0	0.0
3772.463835740281	2.0	trials	7.0	0.0	0.0	0.0	0.0	0.0	True	40.0	0.0	0.005	"[43670886.90260568 43671176.90354464 43671465.90448036 43671756.90542255
 43672045.90635826 43672334.90729398 43672625.90823616 43672914.90917188
 43673203.91010759 43673493.91104653 43673782.91198226 43674072.91292121
 43674362.91386016 43674652.91479911 43674941.91573482 43675231.91667378
 43675520.91760949 43675810.91854843 43676100.91948739 43676389.92042311]"	0.0	0.0	0.0
3779.608879674221	2.0	trials	7.0	0.0	0.0	0.0	0.0	0.0	True	40.0	0.0	0.005	"[43753585.17036233 43753874.17129804 43754163.17223376 43754453.17317271
 43754743.17411166 43755032.17504738 43755323.17598957 43755612.17692528
 43755902.17786423 43756191.17879994 43756481.17973889 43756771.18067785
 43757060.18161356 43757349.18254928 43757639.18348823 43757929.18442718
 43758218.18536289 43758508.18630185 43758798.18724079 43759087.18817651]"	0.0	0.0	0.0
3787.655942528682	2.0	trials	7.0	0.0	0.0	0.0	0.0	0.0	True	40.0	0.0	0.005	"[43846722.47191799 43847012.47285695 43847302.47379591 43847591.47473162
 43847881.47567056 43848169.47660304 43848460.47754523 43848749.47848094
 43849039.47941989 43849328.48035561 43849618.48129456 43849908.48223352
 43850197.48316923 43850487.48410817 43850777.48504713 43851067.48598608
 43851355.48691855 43851646.48786075 43851935.48879647 43852225.48973542]"	0.0	0.0	0.0
3795.264091962046	2.0	trials	7.0	0.0	0.0	0.0	0.0	0.0	True	40.0	0.0	0.005	"[43934778.75702257 43935068.75796153 43935358.75890049 43935647.7598362
 43935937.76077515 43936227.7617141  43936516.76264981 43936806.76358876
 43937096.76452772 43937385.76546343 43937675.76640239 43937964.76733809
 43938253.76827382 43938544.769216   43938833.77015171 43939123.77109066
 43939413.77202962 43939702.77296533 43939992.77390429 43940282.77484324]"	0.0	0.0	0.0
3803.3640317877102	2.0	trials	7.0	0.0	0.0	0.0	0.0	0.0	True	40.0	0.0	0.005	"[44028529.060563   44028819.06150194 44029107.06243442 44029397.06337337
 44029688.06431556 44029977.06525128 44030266.06618699 44030557.06712918
 44030846.06806489 44031135.06900061 44031425.06993956 44031715.07087851
 44032004.07181422 44032293.07274994 44032584.07369213 44032873.07462785
 44033163.0755668  44033452.07650251 44033742.07744146 44034032.07838041]"	0.0	0.0	0.0
3808.8181358467923	2.0	trials	7.0	0.0	0.0	0.0	0.0	0.0	True	40.0	0.0	0.005	"[44091654.26494687 44091944.26588582 44092234.26682477 44092524.26776373
 44092814.26870269 44093102.26963516 44093392.27057411 44093681.27150982
 44093971.27244877 44094261.27338772 44094551.27432667 44094840.27526239
 44095130.27620135 44095420.27714029 44095709.27807601 44095999.27901497
 44096288.27995067 44096579.28089286 44096868.28182858 44097157.28276429]"	0.0	0.0	0.0
3816.5940746234187	2.0	trials	7.0	0.0	0.0	0.0	0.0	0.0	True	40.0	0.0	0.005	"[44181654.55634567 44181944.55728462 44182232.5582171  44182523.55915929
 44182812.560095   44183101.56103072 44183391.56196967 44183681.56290862
 44183971.56384757 44184261.56478652 44184550.56572223 44184839.56665795
 44185129.5675969  44185419.56853585 44185709.56947481 44185998.57041052
 44186288.57134946 44186577.57228519 44186867.57322414 44187157.57416309]"	0.0	0.0	0.0
3825.4081127611616	2.0	trials	7.0	0.0	0.0	0.0	0.0	0.0	True	40.0	0.0	0.005	"[44283668.88664297 44283957.88757869 44284247.88851763 44284537.88945659
 44284827.89039554 44285116.89133126 44285407.89227345 44285695.89320592
 44285985.89414487 44286275.89508383 44286564.89601953 44286853.89695525
 44287144.89789744 44287434.89883639 44287723.89977211 44288013.90071106
 44288303.90165    44288592.90258573 44288882.90352467 44289172.90446363]"	0.0	0.0	0.0
3831.673256246194	2.0	trials	7.0	0.0	0.0	0.0	0.0	0.0	True	40.0	0.0	0.005	"[44356182.12142298 44356471.12235869 44356761.12329765 44357051.1242366
 44357341.12517555 44357630.12611127 44357920.12705021 44358209.12798593
 44358499.12892488 44358788.12986059 44359078.13079955 44359367.13173527
 44359657.13267422 44359947.13361317 44360236.13454888 44360527.13549107
 44360816.13642678 44361105.1373625  44361395.13830145 44361685.1392404 ]"	0.0	0.0	0.0
3838.2300006753617	2.0	trials	7.0	0.0	0.0	0.0	0.0	0.0	True	40.0	0.0	0.005	"[44432070.36713045 44432359.36806617 44432650.36900835 44432939.36994407
 44433229.37088302 44433518.37181873 44433807.37275445 44434098.37369664
 44434387.37463234 44434676.37556807 44434966.37650701 44435256.37744597
 44435545.37838168 44435836.37932386 44436125.38025959 44436414.3811953
 44436704.38213424 44436994.3830732  44437284.38401216 44437574.38495111]"	0.0	0.0	0.0
3847.188327280276	2.0	trials	7.0	0.0	0.0	0.0	0.0	0.0	True	40.0	0.0	0.005	"[44535754.70283481 44536043.70377053 44536333.70470949 44536622.7056452
 44536912.70658415 44537201.70751987 44537492.70846205 44537781.70939776
 44538071.71033671 44538359.71126919 44538650.71221139 44538940.71315033
 44539229.71408604 44539519.715025   44539808.71596071 44540098.71689966
 44540388.71783862 44540677.71877433 44540967.71971329 44541256.720649  ]"	0.0	0.0	0.0
3854.2749646251095	2.0	trials	7.0	0.0	0.0	0.0	0.0	0.0	True	40.0	0.0	0.005	"[44617775.96839949 44618064.96933521 44618354.97027415 44618644.97121311
 44618933.97214883 44619222.97308454 44619513.97402672 44619802.97496244
 44620091.97589815 44620381.97683711 44620671.97777606 44620961.97871501
 44621250.97965073 44621540.98058967 44621830.98152862 44622120.98246758
 44622408.98340005 44622699.98434225 44622988.98527796 44623277.98621367]"	0.0	0.0	0.0
3860.35236030226	2.0	trials	7.0	0.0	0.0	0.0	0.0	0.0	True	40.0	0.0	0.005	"[44688116.19614384 44688405.19707955 44688695.19801851 44688985.19895746
 44689274.19989317 44689564.20083213 44689853.20176784 44690143.20270679
 44690433.20364574 44690722.20458145 44691012.20552041 44691302.20645937
 44691591.20739507 44691881.20833402 44692171.20927297 44692460.21020869
 44692750.21114764 44693039.21208335 44693329.21302231 44693618.21395802]"	0.0	0.0	0.0
3868.0798285219503	2.0	trials	7.0	0.0	0.0	0.0	0.0	0.0	True	40.0	0.0	0.005	"[44777554.48572302 44777842.4866555  44778133.48759767 44778423.48853663
 44778713.48947559 44779002.4904113  44779291.49134701 44779581.49228597
 44779871.49322492 44780160.49416063 44780450.49509957 44780739.49603529
 44781029.49697425 44781319.4979132  44781609.49885215 44781898.49978787
 44782188.50072681 44782477.50166253 44782768.50260472 44783056.50353719]"	0.0	0.0	0.0
3874.326827948237	2.0	trials	7.0	0.0	0.0	0.0	0.0	0.0	True	40.0	0.0	0.005	"[44849856.71981986 44850146.7207588  44850436.72169776 44850726.72263671
 44851015.72357243 44851305.72451138 44851594.72544709 44851884.72638605
 44852174.727325   44852463.72826071 44852753.72919966 44853042.73013538
 44853332.73107433 44853621.73201004 44853911.73294899 44854201.73388795
 44854490.73482366 44854780.73576261 44855070.73670156 44855359.73763728]"	0.0	0.0	0.0
3879.828452161178	2.0	trials	7.0	0.0	0.0	0.0	0.0	0.0	True	40.0	0.0	0.005	"[44913532.92598774 44913823.92692994 44914113.92786888 44914401.92880137
 44914692.92974356 44914981.93067926 44915271.93161822 44915560.93255393
 44915851.93349613 44916140.93443184 44916429.93536755 44916719.9363065
 44917009.93724546 44917297.93817793 44917587.93911688 44917878.94005907
 44918167.94099478 44918456.9419305  44918747.94287269 44919036.9438084 ]"	0.0	0.0	0.0
3886.4404063691013	2.0	trials	7.0	0.0	0.0	0.0	0.0	0.0	True	40.0	0.0	0.005	"[44990060.17376415 44990351.17470633 44990640.17564204 44990929.17657776
 44991219.17751671 44991509.17845567 44991798.17939138 44992088.18033033
 44992378.18126928 44992667.182205   44992957.18314394 44993246.18407966
 44993537.18502185 44993825.18595432 44994116.18689652 44994405.18783223
 44994695.18877118 44994984.1897069  44995275.19064908 44995564.1915848 ]"	0.0	0.0	0.0
3895.1885210933997	2.0	trials	7.0	0.0	0.0	0.0	0.0	0.0	True	40.0	0.0	0.005	"[45091311.50159103 45091601.50252998 45091891.50346893 45092181.50440789
 45092470.5053436  45092760.50628255 45093050.50722151 45093339.50815722
 45093629.50909617 45093919.51003512 45094208.51097083 45094497.51190655
 45094788.51284873 45095076.51378121 45095366.51472016 45095656.51565912
 45095946.51659807 45096236.51753702 45096525.51847273 45096815.51941169]"	0.0	0.0	0.0
3903.141839644339	2.0	trials	7.0	0.0	0.0	0.0	0.0	0.0	True	40.0	0.0	0.005	"[45183363.79963372 45183653.80057267 45183943.80151162 45184232.80244734
 45184521.80338305 45184812.80432524 45185101.80526096 45185391.80619991
 45185680.80713562 45185970.80807457 45186259.80901028 45186550.80995248
 45186839.81088819 45187128.8118239  45187418.81276286 45187708.81370181
 45187997.81463752 45188287.81557647 45188578.81651866 45188867.81745438]"	0.0	0.0	0.0
3930.868726217353	2.0	trials	8.0	0.0	0.0	0.0	0.0	0.0	True	40.0	0.0	0.005	"[45504277.83867442 45504566.83961012 45504855.84054584 45505145.8414848
 45505434.8424205  45505725.8433627  45506014.84429841 45506303.84523413
 45506594.84617632 45506884.84711526 45507173.84805098 45507463.84898993
 45507752.84992564 45508041.85086136 45508331.85180032 45508621.85273926
 45508911.85367822 45509200.85461393 45509490.85555287 45509780.85649183]"	0.0	0.0	0.0
3938.8362144141706	2.0	trials	8.0	0.0	0.0	0.0	0.0	0.0	True	40.0	0.0	0.005	"[45596493.13724487 45596782.13818057 45597072.13911953 45597362.14005848
 45597652.14099743 45597942.14193638 45598231.1428721  45598521.14381105
 45598810.14474677 45599100.14568571 45599390.14662466 45599679.14756038
 45599969.14849932 45600259.14943828 45600548.150374   45600838.15131295
 45601127.15224867 45601418.15319085 45601707.15412656 45601996.15506228]"	0.0	0.0	0.0
3945.9882567707696	2.0	trials	8.0	0.0	0.0	0.0	0.0	0.0	True	40.0	0.0	0.005	"[45679271.40526053 45679561.40619948 45679851.40713842 45680140.40807414
 45680430.4090131  45680719.40994881 45681009.41088776 45681298.41182347
 45681588.41276243 45681877.41369814 45682167.41463709 45682457.41557604
 45682746.41651176 45683036.41745071 45683326.41838966 45683616.41932862
 45683905.42026433 45684195.42120328 45684485.42214223 45684774.42307794]"	0.0	0.0	0.0
3952.0627148384087	2.0	trials	8.0	0.0	0.0	0.0	0.0	0.0	True	40.0	0.0	0.005	"[45749578.63289803 45749867.63383374 45750157.6347727  45750447.63571165
 45750736.63664736 45751026.63758631 45751315.63852203 45751605.63946097
 45751895.64039993 45752185.64133888 45752474.64227459 45752764.64321355
 45753053.64414926 45753343.64508821 45753633.64602716 45753923.64696611
 45754212.64790183 45754502.64884078 45754791.6497765  45755082.65071868]"	0.0	0.0	0.0
3959.8262983750324	2.0	trials	8.0	0.0	0.0	0.0	0.0	0.0	True	40.0	0.0	0.005	"[45839433.92382735 45839723.9247663  45840012.92570201 45840301.92663773
 45840591.92757668 45840882.92851887 45841170.92945135 45841461.93039353
 45841750.93132925 45842039.93226497 45842329.93320391 45842619.93414287
 45842909.93508182 45843199.93602077 45843488.93695649 45843777.93789219
 45844068.93883438 45844357.9397701  45844646.94070581 45844937.94164801]"	0.0	0.0	0.0
3968.6685894042507	2.0	trials	8.0	0.0	0.0	0.0	0.0	0.0	True	40.0	0.0	0.005	"[45941776.25518663 45942066.25612558 45942356.25706454 45942644.25799701
 45942934.25893597 45943224.25987493 45943514.26081387 45943803.26174959
 45944093.26268854 45944383.26362748 45944672.2645632  45944962.26550215
 45945252.26644111 45945541.26737682 45945830.26831254 45946120.26925149
 45946410.27019043 45946700.27112938 45946989.2720651  45947279.27300406]"	0.0	0.0	0.0
3974.2607611103626	2.0	trials	8.0	0.0	0.0	0.0	0.0	0.0	True	40.0	0.0	0.005	"[46006499.46474446 46006788.46568017 46007078.46661913 46007368.46755808
 46007657.46849379 46007947.46943275 46008236.47036846 46008526.47130741
 46008816.47224636 46009106.47318531 46009395.47412103 46009686.47506322
 46009975.47599893 46010265.47693788 46010554.47787359 46010843.47880931
 46011133.47974826 46011423.48068721 46011712.48162293 46012003.48256512]"	0.0	0.0	0.0
3982.48079732487	2.0	trials	8.0	0.0	0.0	0.0	0.0	0.0	True	40.0	0.0	0.005	"[46101639.77278537 46101928.77372108 46102217.77465679 46102508.77559899
 46102797.77653471 46103087.77747365 46103376.77840937 46103666.77934832
 46103955.78028403 46104244.78121974 46104534.7821587  46104824.78309765
 46105113.78403337 46105404.78497555 46105693.78591126 46105983.78685022
 46106273.78778917 46106562.78872488 46106852.78966384 46107141.79059955]"	0.0	0.0	0.0
3987.9574518569643	2.0	trials	8.0	0.0	0.0	0.0	0.0	0.0	True	40.0	0.0	0.005	"[46165026.97801755 46165316.9789565  46165605.97989221 46165895.98083116
 46166184.98176688 46166474.98270582 46166764.98364478 46167053.98458049
 46167342.98551621 46167632.98645516 46167922.98739411 46168211.98832982
 46168502.98927201 46168791.99020772 46169080.99114344 46169371.99208563
 46169660.99302134 46169950.9939603  46170239.99489601 46170529.99583495]"	0.0	0.0	0.0
3996.714465810077	2.0	trials	8.0	0.0	0.0	0.0	0.0	0.0	True	40.0	0.0	0.005	"[46266380.30617468 46266670.30711363 46266959.30804935 46267249.3089883
 46267538.30992401 46267830.31086944 46268119.31180515 46268408.31274087
 46268698.31367982 46268987.31461553 46269276.31555125 46269566.3164902
 46269856.31742915 46270145.31836487 46270436.31930706 46270725.32024277
 46271015.32118172 46271305.32212067 46271594.32305638 46271883.3239921 ]"	0.0	0.0	0.0
4002.8929498145276	2.0	trials	8.0	0.0	0.0	0.0	0.0	0.0	True	40.0	0.0	0.005	"[46337891.53771045 46338180.53864617 46338470.53958512 46338760.54052407
 46339049.54145978 46339339.54239874 46339628.54333445 46339918.5442734
 46340207.54520911 46340497.54614807 46340787.54708702 46341077.54802597
 46341366.54896168 46341656.54990064 46341945.55083635 46342235.5517753
 46342524.55271101 46342815.5536532  46343104.55458892 46343394.55552787]"	0.0	0.0	0.0
4008.2388807233706	2.0	trials	8.0	0.0	0.0	0.0	0.0	0.0	True	40.0	0.0	0.005	"[46399765.73804389 46400055.73898284 46400344.73991855 46400634.74085751
 46400924.74179646 46401213.74273217 46401503.74367112 46401792.74460684
 46402082.74554579 46402372.74648474 46402662.74742369 46402950.74835616
 46403241.74929836 46403530.75023407 46403820.75117303 46404109.75210874
 46404400.75305093 46404688.7539834  46404979.75492559 46405268.7558613 ]"	0.0	0.0	0.0
4016.920812833386	2.0	trials	8.0	0.0	0.0	0.0	0.0	0.0	True	40.0	0.0	0.005	"[46500251.06339065 46500540.06432636 46500830.06526531 46501120.06620426
 46501410.06714322 46501699.06807893 46501989.06901788 46502278.0699536
 46502568.07089255 46502857.07182826 46503147.07276721 46503436.07370292
 46503727.07464512 46504016.07558083 46504306.07651978 46504595.0774555
 46504885.07839444 46505175.0793334  46505465.08027235 46505755.0812113 ]"	0.0	0.0	0.0
4022.5487542553124	2.0	trials	8.0	0.0	0.0	0.0	0.0	0.0	True	40.0	0.0	0.005	"[46565388.27428891 46565678.27522786 46565968.27616681 46566257.27710252
 46566546.27803824 46566837.27898043 46567127.27991939 46567416.28085509
 46567706.28179404 46567995.28272977 46568285.28366871 46568575.28460766
 46568864.28554337 46569154.28648233 46569444.28742129 46569733.28835699
 46570023.28929594 46570312.29023166 46570601.29116737 46570892.29210956]"	0.0	0.0	0.0
4029.0554729225073	2.0	trials	8.0	0.0	0.0	0.0	0.0	0.0	True	40.0	0.0	0.005	"[46640698.51812495 46640987.51906066 46641278.52000285 46641567.52093856
 46641856.52187428 46642146.52281323 46642436.52375218 46642726.52469113
 46643015.52562685 46643304.52656256 46643595.52750475 46643885.5284437
 46644174.52937941 46644463.53031513 46644752.53125084 46645042.53218979
 46645332.53312875 46645622.5340677  46645911.53500342 46646202.5359456 ]"	0.0	0.0	0.0
4035.0713516004803	2.0	trials	8.0	0.0	0.0	0.0	0.0	0.0	True	40.0	0.0	0.005	"[46710325.74356077 46710615.74449972 46710904.74543543 46711194.74637438
 46711484.74731334 46711773.74824905 46712063.74918801 46712353.75012696
 46712643.75106591 46712932.75200162 46713221.75293733 46713511.75387628
 46713800.754812   46714091.7557542  46714380.7566899  46714669.75762562
 46714959.75856457 46715249.75950352 46715540.76044571 46715828.76137818]"	0.0	0.0	0.0
4041.281198906478	2.0	trials	8.0	0.0	0.0	0.0	0.0	0.0	True	40.0	0.0	0.005	"[46782199.97627185 46782488.97720756 46782777.97814328 46783068.97908548
 46783357.98002119 46783646.9809569  46783936.98189584 46784226.9828348
 46784515.98377051 46784805.98470946 46785095.98564842 46785385.98658737
 46785674.98752309 46785963.9884588  46786253.98939774 46786543.9903367
 46786833.99127565 46787122.99221136 46787412.99315032 46787702.99408927]"	0.0	0.0	0.0
4047.7250181700206	2.0	trials	8.0	0.0	0.0	0.0	0.0	0.0	True	40.0	0.0	0.005	"[46856781.21774756 46857071.21868651 46857360.21962222 46857650.22056118
 46857940.22150013 46858229.22243584 46858519.22337479 46858809.22431375
 46859098.22524946 46859387.22618517 46859678.22712736 46859966.22805984
 46860256.2289988  46860546.22993774 46860836.23087669 46861126.23181564
 46861415.23275136 46861705.23369031 46861995.23462927 46862284.23556498]"	0.0	0.0	0.0
4052.987140807513	2.0	trials	8.0	0.0	0.0	0.0	0.0	0.0	True	40.0	0.0	0.005	"[46917684.41493712 46917974.41587608 46918264.41681503 46918553.41775075
 46918843.41868969 46919132.41962541 46919422.42056436 46919712.42150331
 46920002.42244226 46920291.42337798 46920581.42431693 46920871.42525588
 46921160.42619159 46921450.42713054 46921740.42806949 46922029.42900521
 46922319.42994417 46922608.43087988 46922898.43181883 46923188.43275778]"	0.0	0.0	0.0
4059.551661261856	2.0	trials	8.0	0.0	0.0	0.0	0.0	0.0	True	40.0	0.0	0.005	"[46993663.66093922 46993952.66187494 46994242.66281389 46994531.66374961
 46994821.66468856 46995110.66562428 46995400.66656323 46995689.66749893
 46995979.66843789 46996269.66937684 46996559.67031579 46996848.67125151
 46997138.67219046 46997427.67312618 46997717.67406513 46998006.67500084
 46998297.67594302 46998586.67687874 46998876.67781769 46999165.67875341]"	0.0	0.0	0.0
4064.711917969531	2.0	trials	8.0	0.0	0.0	0.0	0.0	0.0	True	40.0	0.0	0.005	"[47053387.85431147 47053677.85525043 47053967.85618938 47054256.85712509
 47054546.85806404 47054835.85899975 47055125.8599387  47055415.86087766
 47055705.86181661 47055994.86275233 47056284.86369128 47056573.86462699
 47056863.86556594 47057152.86650166 47057442.8674406  47057731.86837631
 47058022.86931851 47058312.87025746 47058601.87119318 47058891.87213213]"	0.0	0.0	0.0
4073.209212681735	2.0	trials	8.0	0.0	0.0	0.0	0.0	0.0	True	40.0	0.0	0.005	"[47151736.17273913 47152027.17368132 47152316.17461703 47152605.17555275
 47152895.17649169 47153184.17742741 47153474.17836636 47153764.17930532
 47154054.18024427 47154344.18118322 47154633.18211893 47154923.18305788
 47155212.18399359 47155502.18493254 47155791.18586826 47156081.18680722
 47156371.18774617 47156660.18868188 47156950.18962083 47157240.19055978]"	0.0	0.0	0.0
4078.564906822189	2.0	trials	8.0	0.0	0.0	0.0	0.0	0.0	True	40.0	0.0	0.005	"[47213723.37343843 47214013.37437738 47214302.37531309 47214592.37625205
 47214883.37719424 47215171.37812671 47215461.37906566 47215751.38000461
 47216040.38094033 47216330.38187928 47216620.38281824 47216909.38375395
 47217199.3846929  47217488.38562861 47217778.38656756 47218068.38750651
 47218358.38844547 47218648.38938442 47218937.39032013 47219226.39125585]"	0.0	0.0	0.0
4084.8655608221966	2.0	trials	8.0	0.0	0.0	0.0	0.0	0.0	True	40.0	0.0	0.005	"[47286647.60954916 47286937.61048811 47287226.61142383 47287516.61236278
 47287806.61330173 47288096.61424068 47288385.61517639 47288674.61611211
 47288964.61705106 47289254.61799001 47289544.61892896 47289833.61986468
 47290123.62080363 47290413.62174258 47290703.62268154 47290992.62361725
 47291282.6245562  47291572.62549515 47291861.62643086 47292151.62736982]"	0.0	0.0	0.0
4093.796239337593	2.0	trials	8.0	0.0	0.0	0.0	0.0	0.0	True	40.0	0.0	0.005	"[47390012.94422068 47390301.9451564  47390590.94609211 47390880.94703107
 47391170.94797001 47391460.94890897 47391749.94984468 47392039.95078363
 47392328.95171934 47392619.95266154 47392908.95359725 47393197.95453297
 47393487.95547191 47393777.95641086 47394067.95734981 47394356.95828553
 47394645.95922124 47394936.96016344 47395225.96109915 47395515.9620381 ]"	0.0	0.0	0.0
4100.715000938884	2.0	trials	8.0	0.0	0.0	0.0	0.0	0.0	True	40.0	0.0	0.005	"[47470091.20349438 47470381.20443333 47470670.20536904 47470960.20630799
 47471249.2072437  47471539.20818266 47471829.20912161 47472118.21005733
 47472409.21099951 47472698.21193523 47472987.21287093 47473277.21380989
 47473567.21474884 47473856.21568456 47474146.21662351 47474436.21756246
 47474725.21849818 47475015.21943713 47475305.22037608 47475594.22131179]"	0.0	0.0	0.0
4107.974352442925	2.0	trials	8.0	0.0	0.0	0.0	0.0	0.0	True	40.0	0.0	0.005	"[47554110.4755281  47554400.47646707 47554690.47740602 47554980.47834495
 47555269.47928067 47555558.48021638 47555848.48115534 47556138.4820943
 47556427.48303    47556717.48396897 47557007.4849079  47557296.48584363
 47557587.48678581 47557876.48772152 47558166.48866048 47558455.4895962
 47558745.49053515 47559034.49147087 47559323.49240657 47559614.49334875]"	0.0	0.0	0.0
4115.2015630429005	2.0	trials	8.0	0.0	0.0	0.0	0.0	0.0	True	40.0	0.0	0.005	"[47637758.74636063 47638048.74729957 47638338.74823853 47638628.74917748
 47638917.7501132  47639206.7510489  47639497.75199109 47639785.75292358
 47640076.75386576 47640364.75479824 47640654.75573719 47640945.75667938
 47641234.7576151  47641524.75855405 47641813.75948976 47642103.76042871
 47642393.76136766 47642682.76230337 47642971.76323909 47643262.76418128]"	0.0	0.0	0.0
4122.821981315989	2.0	trials	8.0	0.0	0.0	0.0	0.0	0.0	True	40.0	0.0	0.005	"[47725958.03192821 47726248.03286716 47726538.03380612 47726827.03474183
 47727117.03568078 47727407.03661973 47727696.03755543 47727985.03849115
 47728275.03943011 47728565.04036906 47728854.04130477 47729144.04224373
 47729434.04318267 47729724.04412163 47730013.04505733 47730303.04599629
 47730592.04693201 47730881.04786772 47731172.04880992 47731461.04974563]"	0.0	0.0	0.0
4131.635760252893	2.0	trials	8.0	0.0	0.0	0.0	0.0	0.0	True	40.0	0.0	0.005	"[47827970.36221904 47828259.36315474 47828549.3640937  47828839.36503265
 47829129.36597161 47829418.36690731 47829707.36784303 47829997.36878197
 47830287.36972094 47830576.37065665 47830866.3715956  47831157.37253778
 47831445.37347026 47831736.37441245 47832025.37534817 47832314.37628387
 47832604.37722284 47832893.37815855 47833183.3790975  47833473.38003645]"	0.0	0.0	0.0
4138.841802784332	2.0	trials	8.0	0.0	0.0	0.0	0.0	0.0	True	40.0	0.0	0.005	"[47911373.6322583  47911662.63319401 47911952.63413296 47912242.63507193
 47912531.63600763 47912820.63694334 47913110.63788231 47913400.63882124
 47913689.63975696 47913979.64069591 47914269.64163486 47914559.64257383
 47914848.64350953 47915137.64444524 47915428.64538743 47915718.64632638
 47916007.6472621  47916297.64820106 47916586.64913676 47916876.65007571]"	0.0	0.0	0.0
4146.46204825686	2.0	trials	8.0	0.0	0.0	0.0	0.0	0.0	True	40.0	0.0	0.005	"[47999569.91781618 47999859.91875511 48000149.91969407 48000438.92062978
 48000728.92156874 48001018.9225077  48001307.92344341 48001597.92438235
 48001887.92532131 48002176.92625701 48002466.92719597 48002756.92813493
 48003046.92907387 48003335.9300096  48003625.93094854 48003915.93188749
 48004204.93282321 48004493.93375891 48004783.93469787 48005072.93563359]"	0.0	0.0	0.0
4154.069852089106	2.0	trials	8.0	0.0	0.0	0.0	0.0	0.0	True	40.0	0.0	0.005	"[48087624.20291428 48087913.20384999 48088204.20479219 48088493.2057279
 48088782.20666362 48089072.20760257 48089361.20853828 48089652.20948046
 48089941.21041618 48090231.21135513 48090521.21229409 48090811.21323304
 48091099.21416552 48091390.2151077  48091678.21604018 48091968.21697912
 48092258.21791808 48092548.21885704 48092837.21979275 48093127.2207317 ]"	0.0	0.0	0.0
4162.998543398068	2.0	trials	8.0	0.0	0.0	0.0	0.0	0.0	True	40.0	0.0	0.005	"[48190965.53750809 48191253.53844056 48191543.53937953 48191833.54031847
 48192123.54125742 48192412.54219314 48192702.54313208 48192992.54407105
 48193282.54500999 48193571.5459457  48193861.54688466 48194150.54782037
 48194440.54875932 48194730.54969828 48195019.550634   48195308.5515697
 48195599.55251189 48195888.5534476  48196177.55438332 48196468.55532552]"	0.0	0.0	0.0
4171.188512315224	2.0	trials	8.0	0.0	0.0	0.0	0.0	0.0	True	40.0	0.0	0.005	"[48285755.84441578 48286045.84535474 48286335.84629368 48286624.8472294
 48286914.84816835 48287204.8491073  48287493.85004301 48287783.85098197
 48288072.85191768 48288362.85285664 48288651.85379235 48288941.8547313
 48289231.85567025 48289521.8566092  48289810.85754491 48290100.85848387
 48290390.85942283 48290679.86035854 48290968.86129425 48291258.86223319]"	0.0	0.0	0.0
4178.490718358018	2.0	trials	8.0	0.0	0.0	0.0	0.0	0.0	True	40.0	0.0	0.005	"[48370272.11805867 48370562.11899763 48370851.11993334 48371141.1208723
 48371431.12181125 48371720.12274696 48372010.12368591 48372299.12462163
 48372590.12556382 48372879.12649953 48373169.12743848 48373459.12837744
 48373748.12931315 48374037.13024886 48374327.13118781 48374618.13213
 48374906.13306249 48375196.13400143 48375485.13493714 48375776.13587934]"	0.0	0.0	0.0
4186.584437363541	2.0	trials	8.0	0.0	0.0	0.0	0.0	0.0	True	40.0	0.0	0.005	"[48463949.42136274 48464240.42230493 48464529.42324064 48464819.42417959
 48465109.42511854 48465397.42605102 48465687.42698997 48465977.42792892
 48466267.42886788 48466557.42980683 48466846.43074254 48467136.43168149
 48467425.43261721 48467715.43355615 48468005.43449511 48468295.43543406
 48468584.43636978 48468874.43730873 48469163.43824444 48469453.43918339]"	0.0	0.0	0.0
4192.566360731575	2.0	trials	8.0	0.0	0.0	0.0	0.0	0.0	True	40.0	0.0	0.005	"[48533185.64553259 48533474.6464683  48533764.64740726 48534053.64834297
 48534343.64928193 48534633.65022087 48534923.65115982 48535213.65209878
 48535502.65303449 48535791.6539702  48536081.65490916 48536370.65584487
 48536660.65678383 48536950.65772277 48537239.65865849 48537530.65960068
 48537820.66053963 48538109.66147535 48538398.66241106 48538688.66335001]"	0.0	0.0	0.0
4198.579215399757	2.0	trials	8.0	0.0	0.0	0.0	0.0	0.0	True	40.0	0.0	0.005	"[48602778.87085833 48603068.87179729 48603357.872733   48603647.87367195
 48603937.8746109  48604226.87554663 48604516.87648556 48604805.87742128
 48605095.87836023 48605385.87929919 48605674.8802349  48605964.88117385
 48606253.88210957 48606543.88304852 48606833.88398746 48607123.88492642
 48607412.88586213 48607701.88679785 48607992.88774003 48608281.88867576]"	0.0	0.0	0.0
4204.849542901574	2.0	trials	8.0	0.0	0.0	0.0	0.0	0.0	True	40.0	0.0	0.005	"[48675351.10582937 48675641.10676832 48675931.10770728 48676221.10864622
 48676510.10958195 48676799.11051766 48677089.1114566  48677379.11239555
 48677668.11333127 48677958.11427023 48678248.11520918 48678538.11614812
 48678827.11708384 48679116.11801957 48679407.11896174 48679695.11989422
 48679986.12083642 48680275.12177213 48680565.12271108 48680855.12365002]"	0.0	0.0	0.0
4212.150452940172	2.0	trials	8.0	0.0	0.0	0.0	0.0	0.0	True	40.0	0.0	0.005	"[48759852.37942371 48760142.38036265 48760432.3813016  48760722.38224056
 48761011.38317628 48761301.38411523 48761590.38505094 48761880.38598989
 48762169.38692561 48762459.38786455 48762749.3888035  48763039.38974246
 48763328.39067817 48763618.39161713 48763908.39255607 48764197.39349179
 48764487.39443074 48764777.39536969 48765066.39630542 48765356.39724436]"	0.0	0.0	0.0
4219.789015272006	2.0	trials	8.0	0.0	0.0	0.0	0.0	0.0	True	40.0	0.0	0.005	"[48848261.66567121 48848551.66661017 48848841.66754913 48849131.66848807
 48849420.66942378 48849710.67036273 48850000.67130169 48850289.67223741
 48850578.67317311 48850868.67411207 48851158.67505103 48851447.67598674
 48851737.67692568 48852027.67786463 48852316.67880035 48852606.67973931
 48852896.68067826 48853186.6816172  48853476.68255616 48853764.68348864]"	0.0	0.0	0.0
4226.0107858166075	2.0	trials	8.0	0.0	0.0	0.0	0.0	0.0	True	40.0	0.0	0.005	"[48920273.89882912 48920562.89976483 48920852.90070377 48921141.90163948
 48921431.90257844 48921721.9035174  48922011.90445635 48922301.90539529
 48922589.90632778 48922880.90726995 48923169.90820567 48923458.90914138
 48923748.91008034 48924038.9110193  48924327.91195501 48924617.91289397
 48924907.9138329  48925196.91476863 48925486.91570757 48925775.91664328]"	0.0	0.0	0.0
4231.8073805845925	2.0	trials	8.0	0.0	0.0	0.0	0.0	0.0	True	40.0	0.0	0.005	"[48987363.11604749 48987653.11698644 48987942.11792216 48988232.11886112
 48988521.11979682 48988812.12073901 48989101.12167472 48989390.12261043
 48989680.12354939 48989971.12449157 48990260.12542729 48990549.12636302
 48990839.12730195 48991129.12824091 48991418.12917662 48991708.13011558
 48991998.13105454 48992287.13199024 48992577.13292919 48992867.13386814]"	0.0	0.0	0.0
4240.886926781987	2.0	trials	8.0	0.0	0.0	0.0	0.0	0.0	True	40.0	0.0	0.005	"[49092450.45629443 49092740.45723339 49093030.45817234 49093319.45910805
 49093609.46004701 49093899.46098595 49094189.46192491 49094478.46286063
 49094767.46379633 49095057.46473529 49095347.46567424 49095636.46660995
 49095926.46754891 49096215.46848463 49096505.46942358 49096796.47036576
 49097084.47129823 49097375.47224043 49097664.47317614 49097954.4741151 ]"	0.0	0.0	0.0
4249.0933117522945	2.0	trials	8.0	0.0	0.0	0.0	0.0	0.0	True	40.0	0.0	0.005	"[49187431.76382054 49187721.76475949 49188010.7656952  49188300.76663415
 49188589.76756987 49188880.76851206 49189169.76944778 49189458.7703835
 49189749.77132569 49190038.77226139 49190328.77320035 49190617.77413605
 49190907.77507502 49191197.77601396 49191486.77694967 49191776.77788862
 49192066.77882759 49192355.77976329 49192645.78070225 49192934.78163797]"	0.0	0.0	0.0
4256.838924030731	2.0	trials	8.0	0.0	0.0	0.0	0.0	0.0	True	40.0	0.0	0.005	"[49277080.05407965 49277370.0550186  49277660.05595754 49277950.0568965
 49278239.05783222 49278528.05876792 49278818.05970688 49279108.06064583
 49279397.06158155 49279687.0625205  49279976.06345621 49280266.06439516
 49280556.06533412 49280846.06627307 49281135.06720878 49281424.06814449
 49281715.06908668 49282003.07001916 49282293.07095812 49282584.0719003 ]"	0.0	0.0	0.0
4264.993900834591	2.0	trials	8.0	0.0	0.0	0.0	0.0	0.0	True	40.0	0.0	0.005	"[49371467.35968251 49371756.36061823 49372047.36156042 49372336.36249613
 49372625.36343185 49372915.3643708  49373205.36530975 49373495.3662487
 49373784.36718442 49374074.36812337 49374363.36905909 49374653.36999804
 49374943.37093698 49375232.3718727  49375522.37281165 49375811.37374736
 49376101.37468632 49376391.37562527 49376681.37656422 49376970.37749994]"	0.0	0.0	0.0
4274.041046927082	2.0	trials	8.0	0.0	0.0	0.0	0.0	0.0	True	40.0	0.0	0.005	"[49476179.69871531 49476469.69965424 49476757.70058674 49477047.70152569
 49477338.70246787 49477627.70340359 49477917.70434254 49478207.70528149
 49478497.70622044 49478785.70715293 49479075.70809186 49479364.70902759
 49479654.70996653 49479944.71090549 49480234.71184444 49480524.71278339
 49480813.71371911 49481103.71465806 49481393.71559701 49481682.71653272]"	0.0	0.0	0.0
4280.977606986002	2.0	trials	8.0	0.0	0.0	0.0	0.0	0.0	True	40.0	0.0	0.005	"[49556462.95865274 49556752.9595917  49557042.96053065 49557332.96146961
 49557621.96240532 49557910.96334103 49558200.96427997 49558490.96521893
 49558779.96615464 49559069.9670936  49559359.96803255 49559649.96897149
 49559938.96990722 49560228.97084617 49560518.97178512 49560807.97272083
 49561097.97365978 49561387.97459874 49561676.97553445 49561966.97647339]"	0.0	0.0	0.0
4308.060206672968	2.0	trials	9.0	0.0	0.0	0.0	0.0	0.0	True	5.0	0.0	0.01	"[49869967.97370484 49872283.98120351 49874601.98870864               nan
               nan               nan               nan               nan
               nan               nan               nan               nan
               nan               nan               nan               nan
               nan               nan               nan               nan]"	0.0	0.0	0.0
4314.972142652161	2.0	trials	9.0	0.0	0.0	0.0	0.0	0.0	True	5.0	0.0	0.01	"[49949967.23272277 49952284.24022467 49954601.24772657               nan
               nan               nan               nan               nan
               nan               nan               nan               nan
               nan               nan               nan               nan
               nan               nan               nan               nan]"	0.0	0.0	0.0
4321.121941763736	2.0	trials	9.0	0.0	0.0	0.0	0.0	0.0	True	5.0	0.0	0.01	"[50021145.46318035 50023462.47068225 50025779.47818415               nan
               nan               nan               nan               nan
               nan               nan               nan               nan
               nan               nan               nan               nan
               nan               nan               nan               nan]"	0.0	0.0	0.0
4328.658033363795	2.0	trials	9.0	0.0	0.0	0.0	0.0	0.0	True	5.0	0.0	0.01	"[50108368.74558789 50110685.75308979 50113002.76059169               nan
               nan               nan               nan               nan
               nan               nan               nan               nan
               nan               nan               nan               nan
               nan               nan               nan               nan]"	0.0	0.0	0.0
4335.528238007871	2.0	trials	9.0	0.0	0.0	0.0	0.0	0.0	True	5.0	0.0	0.01	"[50187885.00304195 50190202.01054385 50192519.01804575               nan
               nan               nan               nan               nan
               nan               nan               nan               nan
               nan               nan               nan               nan
               nan               nan               nan               nan]"	0.0	0.0	0.0
4342.487262139523	2.0	trials	9.0	0.0	0.0	0.0	0.0	0.0	True	5.0	0.0	0.01	"[50268429.26382446 50270746.27132636 50273063.27882826               nan
               nan               nan               nan               nan
               nan               nan               nan               nan
               nan               nan               nan               nan
               nan               nan               nan               nan]"	0.0	0.0	0.0
4350.342257172115	2.0	trials	9.0	0.0	0.0	0.0	0.0	0.0	True	5.0	0.0	0.01	"[50359343.55818257 50361660.56568448 50363977.57318638               nan
               nan               nan               nan               nan
               nan               nan               nan               nan
               nan               nan               nan               nan
               nan               nan               nan               nan]"	0.0	0.0	0.0
4355.856236625058	2.0	trials	9.0	0.0	0.0	0.0	0.0	0.0	True	5.0	0.0	0.01	"[50423162.76481345 50425479.77231535 50427796.77981726               nan
               nan               nan               nan               nan
               nan               nan               nan               nan
               nan               nan               nan               nan
               nan               nan               nan               nan]"	0.0	0.0	0.0
4361.140909735564	2.0	trials	9.0	0.0	0.0	0.0	0.0	0.0	True	5.0	0.0	0.01	"[50484327.96285132 50486644.97035323 50488961.97785512               nan
               nan               nan               nan               nan
               nan               nan               nan               nan
               nan               nan               nan               nan
               nan               nan               nan               nan]"	0.0	0.0	0.0
4367.148493986682	2.0	trials	9.0	0.0	0.0	0.0	0.0	0.0	True	5.0	0.0	0.01	"[50553859.18797632 50556177.19548146 50558494.20298336               nan
               nan               nan               nan               nan
               nan               nan               nan               nan
               nan               nan               nan               nan
               nan               nan               nan               nan]"	0.0	0.0	0.0
4373.178455910253	2.0	trials	9.0	0.0	0.0	0.0	0.0	0.0	True	5.0	0.0	0.01	"[50623651.41394638 50625968.42144828 50628285.42895018               nan
               nan               nan               nan               nan
               nan               nan               nan               nan
               nan               nan               nan               nan
               nan               nan               nan               nan]"	0.0	0.0	0.0
4378.896512823951	2.0	trials	9.0	0.0	0.0	0.0	0.0	0.0	True	5.0	0.0	0.01	"[50689832.62822486 50692149.63572675 50694467.6432319                nan
               nan               nan               nan               nan
               nan               nan               nan               nan
               nan               nan               nan               nan
               nan               nan               nan               nan]"	0.0	0.0	0.0
4385.944961245138	2.0	trials	9.0	0.0	0.0	0.0	0.0	0.0	True	5.0	0.0	0.01	"[50771410.89235521 50773728.89986034 50776045.90736225               nan
               nan               nan               nan               nan
               nan               nan               nan               nan
               nan               nan               nan               nan
               nan               nan               nan               nan]"	0.0	0.0	0.0
4392.62465327238	2.0	trials	9.0	0.0	0.0	0.0	0.0	0.0	True	5.0	0.0	0.01	"[50848723.14267325 50851040.15017515 50853358.15768029               nan
               nan               nan               nan               nan
               nan               nan               nan               nan
               nan               nan               nan               nan
               nan               nan               nan               nan]"	0.0	0.0	0.0
4400.454937824964	2.0	trials	9.0	0.0	0.0	0.0	0.0	0.0	True	5.0	0.0	0.01	"[50939351.43610536 50941668.44360726 50943985.45110916               nan
               nan               nan               nan               nan
               nan               nan               nan               nan
               nan               nan               nan               nan
               nan               nan               nan               nan]"	0.0	0.0	0.0
4407.234854176709	2.0	trials	9.0	0.0	0.0	0.0	0.0	0.0	True	5.0	0.0	0.01	"[51017821.69017274 51020139.69767787 51022456.70517977               nan
               nan               nan               nan               nan
               nan               nan               nan               nan
               nan               nan               nan               nan
               nan               nan               nan               nan]"	0.0	0.0	0.0
4415.010879353615	2.0	trials	9.0	0.0	0.0	0.0	0.0	0.0	True	5.0	0.0	0.01	"[51107822.98157477 51110139.98907667 51112456.99657857               nan
               nan               nan               nan               nan
               nan               nan               nan               nan
               nan               nan               nan               nan
               nan               nan               nan               nan]"	0.0	0.0	0.0
4420.873051933925	2.0	trials	9.0	0.0	0.0	0.0	0.0	0.0	True	5.0	0.0	0.01	"[51175672.20125385 51177989.20875575 51180306.21625765               nan
               nan               nan               nan               nan
               nan               nan               nan               nan
               nan               nan               nan               nan
               nan               nan               nan               nan]"	0.0	0.0	0.0
4429.362829821791	2.0	trials	9.0	0.0	0.0	0.0	0.0	0.0	True	5.0	0.0	0.01	"[51273933.51939982 51276250.52690172 51278568.53440686               nan
               nan               nan               nan               nan
               nan               nan               nan               nan
               nan               nan               nan               nan
               nan               nan               nan               nan]"	0.0	0.0	0.0
4436.857103686454	2.0	trials	9.0	0.0	0.0	0.0	0.0	0.0	True	5.0	0.0	0.01	"[51360672.80024028 51362989.80774218 51365307.8152473                nan
               nan               nan               nan               nan
               nan               nan               nan               nan
               nan               nan               nan               nan
               nan               nan               nan               nan]"	0.0	0.0	0.0
4443.72696272941	2.0	trials	9.0	0.0	0.0	0.0	0.0	0.0	True	5.0	0.0	0.01	"[51440185.0576814  51442502.06518328 51444819.07268519               nan
               nan               nan               nan               nan
               nan               nan               nan               nan
               nan               nan               nan               nan
               nan               nan               nan               nan]"	0.0	0.0	0.0
4451.876669116206	2.0	trials	9.0	0.0	0.0	0.0	0.0	0.0	True	5.0	0.0	0.01	"[51534509.36308029 51536827.37058542 51539144.37808732               nan
               nan               nan               nan               nan
               nan               nan               nan               nan
               nan               nan               nan               nan
               nan               nan               nan               nan]"	0.0	0.0	0.0
4457.859802088157	2.0	trials	9.0	0.0	0.0	0.0	0.0	0.0	True	5.0	0.0	0.01	"[51603759.58729547 51606076.59479737 51608393.60229927               nan
               nan               nan               nan               nan
               nan               nan               nan               nan
               nan               nan               nan               nan
               nan               nan               nan               nan]"	0.0	0.0	0.0
4466.029553339854	2.0	trials	9.0	0.0	0.0	0.0	0.0	0.0	True	5.0	0.0	0.01	"[51698316.89344876 51700633.90095067 51702950.90845257               nan
               nan               nan               nan               nan
               nan               nan               nan               nan
               nan               nan               nan               nan
               nan               nan               nan               nan]"	0.0	0.0	0.0
4473.583270596981	2.0	trials	9.0	0.0	0.0	0.0	0.0	0.0	True	5.0	0.0	0.01	"[51785744.17651679 51788061.18401869 51790378.19152059               nan
               nan               nan               nan               nan
               nan               nan               nan               nan
               nan               nan               nan               nan
               nan               nan               nan               nan]"	0.0	0.0	0.0
4479.493481732828	2.0	trials	9.0	0.0	0.0	0.0	0.0	0.0	True	5.0	0.0	0.01	"[51854149.39799607 51856466.40549797 51858783.41299987               nan
               nan               nan               nan               nan
               nan               nan               nan               nan
               nan               nan               nan               nan
               nan               nan               nan               nan]"	0.0	0.0	0.0
4485.548154136405	2.0	trials	9.0	0.0	0.0	0.0	0.0	0.0	True	5.0	0.0	0.01	"[51924226.62488888 51926543.63239078 51928860.63989268               nan
               nan               nan               nan               nan
               nan               nan               nan               nan
               nan               nan               nan               nan
               nan               nan               nan               nan]"	0.0	0.0	0.0
4490.677306743372	2.0	trials	9.0	0.0	0.0	0.0	0.0	0.0	True	5.0	0.0	0.01	"[51983591.81709877 51985908.82460068 51988225.83210257               nan
               nan               nan               nan               nan
               nan               nan               nan               nan
               nan               nan               nan               nan
               nan               nan               nan               nan]"	0.0	0.0	0.0
4497.026258499756	2.0	trials	9.0	0.0	0.0	0.0	0.0	0.0	True	5.0	0.0	0.01	"[52057075.05501941 52059392.06252131 52061709.07002321               nan
               nan               nan               nan               nan
               nan               nan               nan               nan
               nan               nan               nan               nan
               nan               nan               nan               nan]"	0.0	0.0	0.0
4503.770837137085	2.0	trials	9.0	0.0	0.0	0.0	0.0	0.0	True	5.0	0.0	0.01	"[52135137.30776577 52137454.31526767 52139771.32276957               nan
               nan               nan               nan               nan
               nan               nan               nan               nan
               nan               nan               nan               nan
               nan               nan               nan               nan]"	0.0	0.0	0.0
4523.8168252411915	2.0	trials	10.0	0.0	0.0	0.0	0.0	0.0	True	10.0	0.0	0.005	"[52367102.05881057 52368261.06256314 52369420.0663157  52370578.07006504
 52371737.0738176                nan               nan               nan
               nan               nan               nan               nan
               nan               nan               nan               nan
               nan               nan               nan               nan]"	0.0	0.0	0.0
4529.983126806198	2.0	trials	10.0	0.0	0.0	0.0	0.0	0.0	True	10.0	0.0	0.005	"[52438471.28988658 52439630.29363915 52440788.29738848 52441947.30114105
 52443104.30488713               nan               nan               nan
               nan               nan               nan               nan
               nan               nan               nan               nan
               nan               nan               nan               nan]"	0.0	0.0	0.0
4537.03304403214	2.0	trials	10.0	0.0	0.0	0.0	0.0	0.0	True	10.0	0.0	0.005	"[52520068.55407844 52521226.55782777 52522385.56158034 52523543.56532967
 52524702.56908224               nan               nan               nan
               nan               nan               nan               nan
               nan               nan               nan               nan
               nan               nan               nan               nan]"	0.0	0.0	0.0
4545.606025389398	2.0	trials	10.0	0.0	0.0	0.0	0.0	0.0	True	10.0	0.0	0.005	"[52619291.87533914 52620450.8790917  52621609.88284427 52622767.8865936
 52623926.89034618               nan               nan               nan
               nan               nan               nan               nan
               nan               nan               nan               nan
               nan               nan               nan               nan]"	0.0	0.0	0.0
4550.970791559226	2.0	trials	10.0	0.0	0.0	0.0	0.0	0.0	True	10.0	0.0	0.005	"[52681384.07637841 52682542.08012774 52683701.08388031 52684860.08763288
 52686019.09138545               nan               nan               nan
               nan               nan               nan               nan
               nan               nan               nan               nan
               nan               nan               nan               nan]"	0.0	0.0	0.0
4558.0990738388955	2.0	trials	10.0	0.0	0.0	0.0	0.0	0.0	True	10.0	0.0	0.005	"[52763887.34350368 52765046.34725626 52766205.35100883 52767363.35475816
 52768522.35851073               nan               nan               nan
               nan               nan               nan               nan
               nan               nan               nan               nan
               nan               nan               nan               nan]"	0.0	0.0	0.0
4564.110373302044	2.0	trials	10.0	0.0	0.0	0.0	0.0	0.0	True	10.0	0.0	0.005	"[52833463.56877439 52834621.57252372 52835779.57627304 52836937.58002237
 52838097.58377819               nan               nan               nan
               nan               nan               nan               nan
               nan               nan               nan               nan
               nan               nan               nan               nan]"	0.0	0.0	0.0
4572.012888488493	2.0	trials	10.0	0.0	0.0	0.0	0.0	0.0	True	10.0	0.0	0.005	"[52924927.86491326 52926086.86866584 52927244.87241516 52928402.8761645
 52929561.87991706               nan               nan               nan
               nan               nan               nan               nan
               nan               nan               nan               nan
               nan               nan               nan               nan]"	0.0	0.0	0.0
4578.792977640796	2.0	trials	10.0	0.0	0.0	0.0	0.0	0.0	True	10.0	0.0	0.005	"[53003400.11898712 53004559.12273967 53005718.12649225 53006876.13024157
 53008035.13399415               nan               nan               nan
               nan               nan               nan               nan
               nan               nan               nan               nan
               nan               nan               nan               nan]"	0.0	0.0	0.0
4587.336928504063	2.0	trials	10.0	0.0	0.0	0.0	0.0	0.0	True	10.0	0.0	0.005	"[53102288.43916316 53103447.44291574 53104606.4466683  53105764.45041764
 53106923.4541702                nan               nan               nan
               nan               nan               nan               nan
               nan               nan               nan               nan
               nan               nan               nan               nan]"	0.0	0.0	0.0
4592.922965790312	2.0	trials	10.0	0.0	0.0	0.0	0.0	0.0	True	10.0	0.0	0.005	"[53166942.64849758 53168101.65225016 53169259.65599948 53170418.65975206
 53171576.66350138               nan               nan               nan
               nan               nan               nan               nan
               nan               nan               nan               nan
               nan               nan               nan               nan]"	0.0	0.0	0.0
4601.256963973801	2.0	trials	10.0	0.0	0.0	0.0	0.0	0.0	True	10.0	0.0	0.005	"[53263399.96080263 53264558.9645552  53265716.96830453 53266875.9720571
 53268034.97580966               nan               nan               nan
               nan               nan               nan               nan
               nan               nan               nan               nan
               nan               nan               nan               nan]"	0.0	0.0	0.0
4608.492814601751	2.0	trials	10.0	0.0	0.0	0.0	0.0	0.0	True	10.0	0.0	0.005	"[53347149.23196215 53348307.2357115  53349466.23946407 53350624.2432134
 53351783.24696597               nan               nan               nan
               nan               nan               nan               nan
               nan               nan               nan               nan
               nan               nan               nan               nan]"	0.0	0.0	0.0
4616.988986110318	2.0	trials	10.0	0.0	0.0	0.0	0.0	0.0	True	10.0	0.0	0.005	"[53445484.55034772 53446643.55410029 53447802.55785287 53448959.56159896
 53450119.56535477               nan               nan               nan
               nan               nan               nan               nan
               nan               nan               nan               nan
               nan               nan               nan               nan]"	0.0	0.0	0.0
4625.977034411465	2.0	trials	10.0	0.0	0.0	0.0	0.0	0.0	True	10.0	0.0	0.005	"[53549511.88716265 53550670.89091522 53551829.89466778 53552987.89841712
 53554145.90216645               nan               nan               nan
               nan               nan               nan               nan
               nan               nan               nan               nan
               nan               nan               nan               nan]"	0.0	0.0	0.0
4631.898304783119	2.0	trials	10.0	0.0	0.0	0.0	0.0	0.0	True	10.0	0.0	0.005	"[53618045.10905635 53619203.11280569 53620363.11656149 53621521.12031082
 53622679.12406015               nan               nan               nan
               nan               nan               nan               nan
               nan               nan               nan               nan
               nan               nan               nan               nan]"	0.0	0.0	0.0
4638.607113704634	2.0	trials	10.0	0.0	0.0	0.0	0.0	0.0	True	10.0	0.0	0.005	"[53695693.36046229 53696852.36421485 53698011.36796743 53699169.37171675
 53700327.37546609               nan               nan               nan
               nan               nan               nan               nan
               nan               nan               nan               nan
               nan               nan               nan               nan]"	0.0	0.0	0.0
4645.891348489241	2.0	trials	10.0	0.0	0.0	0.0	0.0	0.0	True	10.0	0.0	0.005	"[53780001.63343173 53781161.63718753 53782319.64093687 53783477.64468621
 53784636.64843877               nan               nan               nan
               nan               nan               nan               nan
               nan               nan               nan               nan
               nan               nan               nan               nan]"	0.0	0.0	0.0
4654.687242568239	2.0	trials	10.0	0.0	0.0	0.0	0.0	0.0	True	10.0	0.0	0.005	"[53881806.96305234 53882964.96680167 53884123.97055424 53885283.97431004
 53886441.97805937               nan               nan               nan
               nan               nan               nan               nan
               nan               nan               nan               nan
               nan               nan               nan               nan]"	0.0	0.0	0.0
4662.571354495103	2.0	trials	10.0	0.0	0.0	0.0	0.0	0.0	True	10.0	0.0	0.005	"[53973058.25850157 53974217.26225415 53975375.26600347 53976534.26975605
 53977692.27350537               nan               nan               nan
               nan               nan               nan               nan
               nan               nan               nan               nan
               nan               nan               nan               nan]"	0.0	0.0	0.0
4668.175535840099	2.0	trials	10.0	0.0	0.0	0.0	0.0	0.0	True	10.0	0.0	0.005	"[54037921.4685127  54039078.47225878 54040237.47601135 54041396.47976392
 54042555.4835165                nan               nan               nan
               nan               nan               nan               nan
               nan               nan               nan               nan
               nan               nan               nan               nan]"	0.0	0.0	0.0
4673.461418554521	2.0	trials	10.0	0.0	0.0	0.0	0.0	0.0	True	10.0	0.0	0.005	"[54099100.66659588 54100258.67034521 54101416.67409454 54102576.67785035
 54103734.68159968               nan               nan               nan
               nan               nan               nan               nan
               nan               nan               nan               nan
               nan               nan               nan               nan]"	0.0	0.0	0.0
4679.623745706659	2.0	trials	10.0	0.0	0.0	0.0	0.0	0.0	True	10.0	0.0	0.005	"[54170422.89751972 54171580.90126905 54172739.90502162 54173898.90877418
 54175057.91252675               nan               nan               nan
               nan               nan               nan               nan
               nan               nan               nan               nan
               nan               nan               nan               nan]"	0.0	0.0	0.0
4688.534292956876	2.0	trials	10.0	0.0	0.0	0.0	0.0	0.0	True	10.0	0.0	0.005	"[54273555.23143684 54274713.23518617 54275871.23893549 54277029.24268483
 54278188.24643739               nan               nan               nan
               nan               nan               nan               nan
               nan               nan               nan               nan
               nan               nan               nan               nan]"	0.0	0.0	0.0
4694.93007366488	2.0	trials	10.0	0.0	0.0	0.0	0.0	0.0	True	10.0	0.0	0.005	"[54347580.47111235 54348738.47486167 54349897.47861425 54351055.48236357
 54352213.48611291               nan               nan               nan
               nan               nan               nan               nan
               nan               nan               nan               nan
               nan               nan               nan               nan]"	0.0	0.0	0.0
4703.554463188587	2.0	trials	10.0	0.0	0.0	0.0	0.0	0.0	True	10.0	0.0	0.005	"[54447398.79429951 54448556.79804885 54449715.80180141 54450874.80555398
 54452032.80930331               nan               nan               nan
               nan               nan               nan               nan
               nan               nan               nan               nan
               nan               nan               nan               nan]"	0.0	0.0	0.0
4709.0319817234795	2.0	trials	10.0	0.0	0.0	0.0	0.0	0.0	True	10.0	0.0	0.005	"[54510796.99956731 54511956.00331987 54513114.00706921 54514272.01081854
 54515431.01457111               nan               nan               nan
               nan               nan               nan               nan
               nan               nan               nan               nan
               nan               nan               nan               nan]"	0.0	0.0	0.0
4717.472079450493	2.0	trials	10.0	0.0	0.0	0.0	0.0	0.0	True	10.0	0.0	0.005	"[54608483.31585155 54609641.31960089 54610800.32335346 54611958.32710279
 54613117.33085536               nan               nan               nan
               nan               nan               nan               nan
               nan               nan               nan               nan
               nan               nan               nan               nan]"	0.0	0.0	0.0
4724.612025767928	2.0	trials	10.0	0.0	0.0	0.0	0.0	0.0	True	10.0	0.0	0.005	"[54691120.58341071 54692279.58716326 54693438.59091583 54694596.59466516
 54695755.59841773               nan               nan               nan
               nan               nan               nan               nan
               nan               nan               nan               nan
               nan               nan               nan               nan]"	0.0	0.0	0.0
4733.654419845033	2.0	trials	10.0	0.0	0.0	0.0	0.0	0.0	True	10.0	0.0	0.005	"[54795778.92226864 54796936.92601798 54798094.92976731 54799253.93351988
 54800411.93726921               nan               nan               nan
               nan               nan               nan               nan
               nan               nan               nan               nan
               nan               nan               nan               nan]"	0.0	0.0	0.0
4754.386944571979	2.0	trials	11.0	0.0	0.0	0.0	0.0	0.0	True	20.0	0.0	0.005	"[55035737.69919612 55036316.70107078 55036896.70294869 55037475.70482336
 55038054.70669802 55038633.70857269 55039212.71044736 55039792.71232526
 55040372.71420316 55040951.71607783               nan               nan
               nan               nan               nan               nan
               nan               nan               nan               nan]"	0.0	0.0	0.0
4760.537089284674	2.0	trials	11.0	0.0	0.0	0.0	0.0	0.0	True	20.0	0.0	0.005	"[55106919.92966666 55107499.93154457 55108079.93342248 55108658.93529715
 55109237.93717181 55109817.93904971 55110396.94092438 55110975.94279905
 55111554.94467371 55112133.94654838               nan               nan
               nan               nan               nan               nan
               nan               nan               nan               nan]"	0.0	0.0	0.0
4766.219290082278	2.0	trials	11.0	0.0	0.0	0.0	0.0	0.0	True	20.0	0.0	0.005	"[55172687.14260472 55173265.14447615 55173845.14635406 55174425.14823196
 55175003.15010338 55175583.15198129 55176162.15385596 55176741.15573061
 55177320.15760528 55177900.15948319               nan               nan
               nan               nan               nan               nan
               nan               nan               nan               nan]"	0.0	0.0	0.0
4773.85880281719	2.0	trials	11.0	0.0	0.0	0.0	0.0	0.0	True	20.0	0.0	0.005	"[55261106.42888461 55261686.43076252 55262264.43263394 55262844.43451186
 55263424.43638976 55264002.43826117 55264582.44013909 55265161.44201374
 55265740.44388841 55266319.44576307               nan               nan
               nan               nan               nan               nan
               nan               nan               nan               nan]"	0.0	0.0	0.0
4779.9773250274975	2.0	trials	11.0	0.0	0.0	0.0	0.0	0.0	True	20.0	0.0	0.005	"[55331923.65817337 55332502.66004804 55333080.66191947 55333660.66379738
 55334240.66567527 55334818.66754671 55335398.66942462 55335977.67129928
 55336557.67317717 55337135.67504861               nan               nan
               nan               nan               nan               nan
               nan               nan               nan               nan]"	0.0	0.0	0.0
4785.4658163979175	2.0	trials	11.0	0.0	0.0	0.0	0.0	0.0	True	20.0	0.0	0.005	"[55395446.86384588 55396026.8657238  55396605.86759845 55397184.86947312
 55397763.87134778 55398343.87322569 55398922.87510035 55399501.87697502
 55400081.87885293 55400659.88072436               nan               nan
               nan               nan               nan               nan
               nan               nan               nan               nan]"	0.0	0.0	0.0
4794.173495791296	2.0	trials	11.0	0.0	0.0	0.0	0.0	0.0	True	20.0	0.0	0.005	"[55496231.19016074 55496810.1920354  55497390.1939133  55497969.19578797
 55498548.19766264 55499128.19954054 55499707.2014152  55500286.20328988
 55500865.20516454 55501444.20703921               nan               nan
               nan               nan               nan               nan
               nan               nan               nan               nan]"	0.0	0.0	0.0
4801.663363241692	2.0	trials	11.0	0.0	0.0	0.0	0.0	0.0	True	20.0	0.0	0.005	"[55582919.47083606 55583499.47271397 55584077.47458539 55584657.47646329
 55585236.47833796 55585816.48021587 55586394.48208729 55586974.48396519
 55587554.48584311 55588132.48771452               nan               nan
               nan               nan               nan               nan
               nan               nan               nan               nan]"	0.0	0.0	0.0
4809.150206682297	2.0	trials	11.0	0.0	0.0	0.0	0.0	0.0	True	20.0	0.0	0.005	"[55669572.75139806 55670150.75326949 55670730.75514738 55671310.7570253
 55671888.75889673 55672468.76077462 55673047.76264928 55673626.76452395
 55674206.76640186 55674785.76827652               nan               nan
               nan               nan               nan               nan
               nan               nan               nan               nan]"	0.0	0.0	0.0
4816.4035965670355	2.0	trials	11.0	0.0	0.0	0.0	0.0	0.0	True	20.0	0.0	0.005	"[55753524.02321162 55754103.02508629 55754682.02696095 55755261.02883562
 55755840.03071029 55756420.03258819 55756999.03446285 55757579.03634076
 55758158.03821542 55758738.04009333               nan               nan
               nan               nan               nan               nan
               nan               nan               nan               nan]"	0.0	0.0	0.0
4822.663037633605	2.0	trials	11.0	0.0	0.0	0.0	0.0	0.0	True	20.0	0.0	0.005	"[55825970.2577747  55826550.2596526  55827129.26152727 55827709.26340518
 55828288.26527984 55828867.2671545  55829447.26903242 55830026.27090707
 55830605.27278174 55831185.27465965               nan               nan
               nan               nan               nan               nan
               nan               nan               nan               nan]"	0.0	0.0	0.0
4831.123698627198	2.0	trials	11.0	0.0	0.0	0.0	0.0	0.0	True	20.0	0.0	0.005	"[55923894.57482956 55924474.57670745 55925053.57858212 55925632.58045678
 55926211.58233146 55926790.58420611 55927370.58608402 55927949.58795868
 55928529.58983658 55929108.59171125               nan               nan
               nan               nan               nan               nan
               nan               nan               nan               nan]"	0.0	0.0	0.0
4838.021551360792	2.0	trials	11.0	0.0	0.0	0.0	0.0	0.0	True	20.0	0.0	0.005	"[56003731.83332295 56004310.83519761 56004889.83707228 56005469.83895019
 56006048.84082485 56006627.84269951 56007205.84457095 56007785.84644884
 56008365.84832674 56008944.85020141               nan               nan
               nan               nan               nan               nan
               nan               nan               nan               nan]"	0.0	0.0	0.0
4843.519978763382	2.0	trials	11.0	0.0	0.0	0.0	0.0	0.0	True	20.0	0.0	0.005	"[56067371.03937103 56067949.04124247 56068529.04312036 56069108.04499502
 56069688.04687293 56070266.04874437 56070846.05062226 56071425.05249693
 56072004.0543716  56072584.0562495                nan               nan
               nan               nan               nan               nan
               nan               nan               nan               nan]"	0.0	0.0	0.0
4850.118454527665	2.0	trials	11.0	0.0	0.0	0.0	0.0	0.0	True	20.0	0.0	0.005	"[56143741.28663911 56144320.28851377 56144899.29038844 56145479.29226634
 56146058.29414101 56146637.29601567 56147217.29789358 56147796.29976824
 56148376.30164614 56148954.30351757               nan               nan
               nan               nan               nan               nan
               nan               nan               nan               nan]"	0.0	0.0	0.0
4858.808421863697	2.0	trials	11.0	0.0	0.0	0.0	0.0	0.0	True	20.0	0.0	0.005	"[56244319.61228698 56244899.61416487 56245477.6160363  56246057.61791421
 56246636.61978889 56247215.62166354 56247795.62354144 56248374.62541611
 56248954.62729401 56249532.62916544               nan               nan
               nan               nan               nan               nan
               nan               nan               nan               nan]"	0.0	0.0	0.0
4866.61226793068	2.0	trials	11.0	0.0	0.0	0.0	0.0	0.0	True	20.0	0.0	0.005	"[56334641.90472834 56335221.90660623 56335799.90847766 56336379.91035556
 56336959.91223346 56337538.91410813 56338117.9159828  56338696.91785748
 56339276.91973536 56339856.92161328               nan               nan
               nan               nan               nan               nan
               nan               nan               nan               nan]"	0.0	0.0	0.0
4872.370673775018	2.0	trials	11.0	0.0	0.0	0.0	0.0	0.0	True	20.0	0.0	0.005	"[56401290.12051886 56401869.12239353 56402449.12427142 56403029.12614933
 56403607.12802076 56404186.12989542 56404766.13177332 56405346.13365123
 56405924.13552266 56406503.13739732               nan               nan
               nan               nan               nan               nan
               nan               nan               nan               nan]"	0.0	0.0	0.0
4878.108343552218	2.0	trials	11.0	0.0	0.0	0.0	0.0	0.0	True	20.0	0.0	0.005	"[56467699.33553556 56468279.33741345 56468857.33928488 56469437.34116279
 56470017.34304068 56470596.34491535 56471174.34678678 56471753.34866145
 56472333.35053936 56472912.35241402               nan               nan
               nan               nan               nan               nan
               nan               nan               nan               nan]"	0.0	0.0	0.0
4883.549833170457	2.0	trials	11.0	0.0	0.0	0.0	0.0	0.0	True	20.0	0.0	0.005	"[56530679.53944995 56531258.54132462 56531838.54320253 56532416.54507396
 56532996.54695185 56533575.54882652 56534154.55070119 56534733.55257586
 56535313.55445375 56535892.55632842               nan               nan
               nan               nan               nan               nan
               nan               nan               nan               nan]"	0.0	0.0	0.0
4892.20230278508	2.0	trials	11.0	0.0	0.0	0.0	0.0	0.0	True	20.0	0.0	0.005	"[56630823.86369263 56631402.8655673  56631981.86744197 56632560.86931664
 56633140.87119453 56633719.8730692  56634297.87494063 56634877.87681855
 56635457.87869643 56636036.8805711                nan               nan
               nan               nan               nan               nan
               nan               nan               nan               nan]"	0.0	0.0	0.0
4897.84882026715	2.0	trials	11.0	0.0	0.0	0.0	0.0	0.0	True	20.0	0.0	0.005	"[56696176.07528702 56696756.07716493 56697335.07903959 56697914.08091425
 56698494.08279216 56699073.08466683 56699652.08654149 56700231.08841615
 56700811.09029406 56701390.09216872               nan               nan
               nan               nan               nan               nan
               nan               nan               nan               nan]"	0.0	0.0	0.0
4904.153794281146	2.0	trials	11.0	0.0	0.0	0.0	0.0	0.0	True	20.0	0.0	0.005	"[56769150.31155964 56769730.31343754 56770309.31531221 56770888.31718688
 56771468.31906477 56772047.32093944 56772626.32281411 56773206.32469201
 56773785.32656668 56774364.32844134               nan               nan
               nan               nan               nan               nan
               nan               nan               nan               nan]"	0.0	0.0	0.0
4909.848350318754	2.0	trials	11.0	0.0	0.0	0.0	0.0	0.0	True	20.0	0.0	0.005	"[56835059.52495745 56835639.52683536 56836217.52870678 56836797.53058469
 56837376.53245935 56837955.53433402 56838535.53621193 56839114.53808659
 56839694.5399645  56840272.54183592               nan               nan
               nan               nan               nan               nan
               nan               nan               nan               nan]"	0.0	0.0	0.0
4917.1024314057295	2.0	trials	11.0	0.0	0.0	0.0	0.0	0.0	True	20.0	0.0	0.005	"[56919018.79679691 56919599.79867806 56920178.80055273 56920757.80242739
 56921337.80430529 56921915.80617672 56922495.80805463 56923074.80992929
 56923654.81180719 56924233.81368186               nan               nan
               nan               nan               nan               nan
               nan               nan               nan               nan]"	0.0	0.0	0.0
4923.138354948603	2.0	trials	11.0	0.0	0.0	0.0	0.0	0.0	True	20.0	0.0	0.005	"[56988879.02298713 56989458.02486181 56990038.02673972 56990617.02861437
 56991197.03049228 56991775.03236371 56992355.03424162 56992934.03611627
 56993514.03799418 56994093.03986885               nan               nan
               nan               nan               nan               nan
               nan               nan               nan               nan]"	0.0	0.0	0.0
4930.482465127071	2.0	trials	11.0	0.0	0.0	0.0	0.0	0.0	True	20.0	0.0	0.005	"[57073881.29820359 57074460.30007826 57075038.30194968 57075618.30382759
 57076198.3057055  57076777.30758016 57077355.30945158 57077935.31132949
 57078514.31320415 57079094.31508206               nan               nan
               nan               nan               nan               nan
               nan               nan               nan               nan]"	0.0	0.0	0.0
4936.716850112515	2.0	trials	11.0	0.0	0.0	0.0	0.0	0.0	True	20.0	0.0	0.005	"[57146037.53182773 57146617.53370562 57147196.53558029 57147775.53745496
 57148355.53933286 57148934.54120752 57149513.54308219 57150093.5449601
 57150671.54683153 57151251.54870942               nan               nan
               nan               nan               nan               nan
               nan               nan               nan               nan]"	0.0	0.0	0.0
4945.6271381618935	2.0	trials	11.0	0.0	0.0	0.0	0.0	0.0	True	20.0	0.0	0.005	"[57249165.86573189 57249745.86760979 57250324.86948446 57250903.87135912
 57251483.87323703 57252062.87511169 57252642.87698961 57253221.87886427
 57253799.8807357  57254379.88261359               nan               nan
               nan               nan               nan               nan
               nan               nan               nan               nan]"	0.0	0.0	0.0
4953.864972834027	2.0	trials	11.0	0.0	0.0	0.0	0.0	0.0	True	20.0	0.0	0.005	"[57344511.17443654 57345090.17631121 57345670.17818911 57346249.18006378
 57346828.18193844 57347408.18381634 57347987.18569101 57348566.18756568
 57349145.18944034 57349724.19131501               nan               nan
               nan               nan               nan               nan
               nan               nan               nan               nan]"	0.0	0.0	0.0
4976.68985313552	2.0	trials	12.0	0.0	0.0	0.0	0.0	0.0	True	1.0	0.0	1.0	"[57609552.03257363               nan               nan               nan
               nan               nan               nan               nan
               nan               nan               nan               nan
               nan               nan               nan               nan
               nan               nan               nan               nan]"	0.0	0.0	0.0
4984.075608248825	2.0	trials	12.0	0.0	0.0	0.0	0.0	0.0	True	1.0	0.0	1.0	"[57619347.06428752               nan               nan               nan
               nan               nan               nan               nan
               nan               nan               nan               nan
               nan               nan               nan               nan
               nan               nan               nan               nan]"	0.0	0.0	0.0
4992.794001276891	2.0	trials	12.0	0.0	0.0	0.0	0.0	0.0	True	1.0	0.0	1.0	"[57619350.06429724               nan               nan               nan
               nan               nan               nan               nan
               nan               nan               nan               nan
               nan               nan               nan               nan
               nan               nan               nan               nan]"	0.0	0.0	0.0
4998.241884515832	2.0	trials	12.0	0.0	0.0	0.0	0.0	0.0	True	1.0	0.0	1.0	"[57695032.30933773               nan               nan               nan
               nan               nan               nan               nan
               nan               nan               nan               nan
               nan               nan               nan               nan
               nan               nan               nan               nan]"	0.0	0.0	0.0
5003.413546060433	2.0	trials	12.0	0.0	0.0	0.0	0.0	0.0	True	0.0	0.0	0.0	"[nan nan nan nan nan nan nan nan nan nan nan nan nan nan nan nan nan nan
 nan nan]"	0.0	0.0	0.0
5009.530253864867	2.0	trials	12.0	0.0	0.0	0.0	0.0	0.0	True	1.0	0.0	1.0	"[57695034.30934419               nan               nan               nan
               nan               nan               nan               nan
               nan               nan               nan               nan
               nan               nan               nan               nan
               nan               nan               nan               nan]"	0.0	0.0	0.0
5017.162681776838	2.0	trials	12.0	0.0	0.0	0.0	0.0	0.0	True	1.0	0.0	1.0	"[57704824.34104191               nan               nan               nan
               nan               nan               nan               nan
               nan               nan               nan               nan
               nan               nan               nan               nan
               nan               nan               nan               nan]"	0.0	0.0	0.0
5024.125853121919	2.0	trials	12.0	0.0	0.0	0.0	0.0	0.0	True	1.0	0.0	1.0	"[57704833.34107105               nan               nan               nan
               nan               nan               nan               nan
               nan               nan               nan               nan
               nan               nan               nan               nan
               nan               nan               nan               nan]"	0.0	0.0	0.0
5032.2826443316535	2.0	trials	12.0	0.0	0.0	0.0	0.0	0.0	True	1.0	0.0	1.0	"[57795935.63603788               nan               nan               nan
               nan               nan               nan               nan
               nan               nan               nan               nan
               nan               nan               nan               nan
               nan               nan               nan               nan]"	0.0	0.0	0.0
5037.842329532582	2.0	trials	12.0	0.0	0.0	0.0	0.0	0.0	True	1.0	0.0	1.0	"[57795939.63605082               nan               nan               nan
               nan               nan               nan               nan
               nan               nan               nan               nan
               nan               nan               nan               nan
               nan               nan               nan               nan]"	0.0	0.0	0.0
5045.522363998693	2.0	trials	12.0	0.0	0.0	0.0	0.0	0.0	True	1.0	0.0	1.0	"[57795942.63606054               nan               nan               nan
               nan               nan               nan               nan
               nan               nan               nan               nan
               nan               nan               nan               nan
               nan               nan               nan               nan]"	0.0	0.0	0.0
5053.274024296712	2.0	trials	12.0	0.0	0.0	0.0	0.0	0.0	True	0.0	0.0	0.0	"[nan nan nan nan nan nan nan nan nan nan nan nan nan nan nan nan nan nan
 nan nan]"	0.0	0.0	0.0
5062.334303231723	2.0	trials	12.0	0.0	0.0	0.0	0.0	0.0	True	1.0	0.0	1.0	"[57795944.636067             nan             nan             nan
             nan             nan             nan             nan
             nan             nan             nan             nan
             nan             nan             nan             nan
             nan             nan             nan             nan]"	0.0	0.0	0.0
5069.545184178828	2.0	trials	12.0	0.0	0.0	0.0	0.0	0.0	True	1.0	0.0	1.0	"[57805738.66777767               nan               nan               nan
               nan               nan               nan               nan
               nan               nan               nan               nan
               nan               nan               nan               nan
               nan               nan               nan               nan]"	0.0	0.0	0.0
5077.562611737337	2.0	trials	12.0	0.0	0.0	0.0	0.0	0.0	True	1.0	0.0	1.0	"[57858997.84021777               nan               nan               nan
               nan               nan               nan               nan
               nan               nan               nan               nan
               nan               nan               nan               nan
               nan               nan               nan               nan]"	0.0	0.0	0.0
5085.110799376559	2.0	trials	12.0	0.0	0.0	0.0	0.0	0.0	True	1.0	0.0	1.0	"[57858999.84022424               nan               nan               nan
               nan               nan               nan               nan
               nan               nan               nan               nan
               nan               nan               nan               nan
               nan               nan               nan               nan]"	0.0	0.0	0.0
5093.828501202389	2.0	trials	12.0	0.0	0.0	0.0	0.0	0.0	True	1.0	0.0	1.0	"[57868792.87193167               nan               nan               nan
               nan               nan               nan               nan
               nan               nan               nan               nan
               nan               nan               nan               nan
               nan               nan               nan               nan]"	0.0	0.0	0.0
5100.96291790192	2.0	trials	12.0	0.0	0.0	0.0	0.0	0.0	True	1.0	0.0	1.0	"[57868795.87194139               nan               nan               nan
               nan               nan               nan               nan
               nan               nan               nan               nan
               nan               nan               nan               nan
               nan               nan               nan               nan]"	0.0	0.0	0.0
5108.80460729143	2.0	trials	12.0	0.0	0.0	0.0	0.0	0.0	True	1.0	0.0	1.0	"[57868798.8719511              nan              nan              nan
              nan              nan              nan              nan
              nan              nan              nan              nan
              nan              nan              nan              nan
              nan              nan              nan              nan]"	0.0	0.0	0.0
5116.712911296624	2.0	trials	12.0	0.0	0.0	0.0	0.0	0.0	True	1.0	0.0	1.0	"[57928647.06572483               nan               nan               nan
               nan               nan               nan               nan
               nan               nan               nan               nan
               nan               nan               nan               nan
               nan               nan               nan               nan]"	0.0	0.0	0.0
5121.885091242903	2.0	trials	12.0	0.0	0.0	0.0	0.0	0.0	True	1.0	0.0	1.0	"[57928651.06573778               nan               nan               nan
               nan               nan               nan               nan
               nan               nan               nan               nan
               nan               nan               nan               nan
               nan               nan               nan               nan]"	0.0	0.0	0.0
5129.432674080168	2.0	trials	12.0	0.0	0.0	0.0	0.0	0.0	True	1.0	0.0	1.0	"[57928653.06574425               nan               nan               nan
               nan               nan               nan               nan
               nan               nan               nan               nan
               nan               nan               nan               nan
               nan               nan               nan               nan]"	0.0	0.0	0.0
5137.900419896699	2.0	trials	12.0	0.0	0.0	0.0	0.0	0.0	True	1.0	0.0	1.0	"[57989648.26323169               nan               nan               nan
               nan               nan               nan               nan
               nan               nan               nan               nan
               nan               nan               nan               nan
               nan               nan               nan               nan]"	0.0	0.0	0.0
5143.065169418921	2.0	trials	12.0	0.0	0.0	0.0	0.0	0.0	True	1.0	0.0	1.0	"[57989652.26324464               nan               nan               nan
               nan               nan               nan               nan
               nan               nan               nan               nan
               nan               nan               nan               nan
               nan               nan               nan               nan]"	0.0	0.0	0.0
5151.0837201810655	2.0	trials	12.0	0.0	0.0	0.0	0.0	0.0	True	1.0	0.0	1.0	"[57999445.29495207               nan               nan               nan
               nan               nan               nan               nan
               nan               nan               nan               nan
               nan               nan               nan               nan
               nan               nan               nan               nan]"	0.0	0.0	0.0
5157.977684902072	2.0	trials	12.0	0.0	0.0	0.0	0.0	0.0	True	1.0	0.0	1.0	"[57999448.29496179               nan               nan               nan
               nan               nan               nan               nan
               nan               nan               nan               nan
               nan               nan               nan               nan
               nan               nan               nan               nan]"	0.0	0.0	0.0
5164.875969637064	2.0	trials	12.0	0.0	0.0	0.0	0.0	0.0	True	1.0	0.0	1.0	"[58077975.54921371               nan               nan               nan
               nan               nan               nan               nan
               nan               nan               nan               nan
               nan               nan               nan               nan
               nan               nan               nan               nan]"	0.0	0.0	0.0
5173.667889303193	2.0	trials	12.0	0.0	0.0	0.0	0.0	0.0	True	0.0	0.0	0.0	"[nan nan nan nan nan nan nan nan nan nan nan nan nan nan nan nan nan nan
 nan nan]"	0.0	0.0	0.0
5181.987285839405	2.0	trials	12.0	0.0	0.0	0.0	0.0	0.0	True	0.0	0.0	0.0	"[nan nan nan nan nan nan nan nan nan nan nan nan nan nan nan nan nan nan
 nan nan]"	0.0	0.0	0.0
5187.239904446125	2.0	trials	12.0	0.0	0.0	0.0	0.0	0.0	True	1.0	0.0	1.0	"[58077985.54924608               nan               nan               nan
               nan               nan               nan               nan
               nan               nan               nan               nan
               nan               nan               nan               nan
               nan               nan               nan               nan]"	0.0	0.0	0.0
