onset	duration	nwb_table	Block	sound	sound_puretone	sound_bluenoise	sound_freq	sound_amp	optogenetics	opto_freq	opto_power	opto_pulse_duration	opto_pulse_ts	airpuff	airpuff_duration	airpuff_amp
308.22798421678783	2.0	trials	1.0	1.0	1.0	0.0	10000.0	1.0	False	0.0	0.0	0.0	[NaN, NaN, NaN, NaN, NaN, NaN, NaN, NaN, NaN, NaN, NaN, NaN, NaN, NaN, NaN, NaN, NaN, NaN, NaN, NaN]	0.0	0.0	0.0
315.88633082124966	2.0	trials	1.0	1.0	1.0	0.0	10000.0	1.0	False	0.0	0.0	0.0	[NaN, NaN, NaN, NaN, NaN, NaN, NaN, NaN, NaN, NaN, NaN, NaN, NaN, NaN, NaN, NaN, NaN, NaN, NaN, NaN]	0.0	0.0	0.0
322.30647524167597	2.0	trials	1.0	1.0	1.0	0.0	10000.0	1.0	False	0.0	0.0	0.0	[NaN, NaN, NaN, NaN, NaN, NaN, NaN, NaN, NaN, NaN, NaN, NaN, NaN, NaN, NaN, NaN, NaN, NaN, NaN, NaN]	0.0	0.0	0.0
328.7928022643611	2.0	trials	1.0	1.0	1.0	0.0	10000.0	1.0	False	0.0	0.0	0.0	[NaN, NaN, NaN, NaN, NaN, NaN, NaN, NaN, NaN, NaN, NaN, NaN, NaN, NaN, NaN, NaN, NaN, NaN, NaN, NaN]	0.0	0.0	0.0
336.31653725744013	2.0	trials	1.0	1.0	1.0	0.0	10000.0	1.0	False	0.0	0.0	0.0	[NaN, NaN, NaN, NaN, NaN, NaN, NaN, NaN, NaN, NaN, NaN, NaN, NaN, NaN, NaN, NaN, NaN, NaN, NaN, NaN]	0.0	0.0	0.0
344.3388881743255	2.0	trials	1.0	1.0	1.0	0.0	10000.0	1.0	False	0.0	0.0	0.0	[NaN, NaN, NaN, NaN, NaN, NaN, NaN, NaN, NaN, NaN, NaN, NaN, NaN, NaN, NaN, NaN, NaN, NaN, NaN, NaN]	0.0	0.0	0.0
354.85751552001244	2.0	trials	1.0	1.0	1.0	0.0	10000.0	1.0	False	0.0	0.0	0.0	[NaN, NaN, NaN, NaN, NaN, NaN, NaN, NaN, NaN, NaN, NaN, NaN, NaN, NaN, NaN, NaN, NaN, NaN, NaN, NaN]	0.0	0.0	0.0
362.15298101548336	2.0	trials	1.0	1.0	1.0	0.0	10000.0	1.0	False	0.0	0.0	0.0	[NaN, NaN, NaN, NaN, NaN, NaN, NaN, NaN, NaN, NaN, NaN, NaN, NaN, NaN, NaN, NaN, NaN, NaN, NaN, NaN]	0.0	0.0	0.0
370.8227291108615	2.0	trials	1.0	1.0	1.0	0.0	10000.0	1.0	False	0.0	0.0	0.0	[NaN, NaN, NaN, NaN, NaN, NaN, NaN, NaN, NaN, NaN, NaN, NaN, NaN, NaN, NaN, NaN, NaN, NaN, NaN, NaN]	0.0	0.0	0.0
377.9301876317694	2.0	trials	1.0	1.0	1.0	0.0	10000.0	1.0	False	0.0	0.0	0.0	[NaN, NaN, NaN, NaN, NaN, NaN, NaN, NaN, NaN, NaN, NaN, NaN, NaN, NaN, NaN, NaN, NaN, NaN, NaN, NaN]	0.0	0.0	0.0
386.908903071374	2.0	trials	1.0	1.0	1.0	0.0	10000.0	1.0	False	0.0	0.0	0.0	[NaN, NaN, NaN, NaN, NaN, NaN, NaN, NaN, NaN, NaN, NaN, NaN, NaN, NaN, NaN, NaN, NaN, NaN, NaN, NaN]	0.0	0.0	0.0
395.52499660277977	2.0	trials	1.0	1.0	1.0	0.0	10000.0	1.0	False	0.0	0.0	0.0	[NaN, NaN, NaN, NaN, NaN, NaN, NaN, NaN, NaN, NaN, NaN, NaN, NaN, NaN, NaN, NaN, NaN, NaN, NaN, NaN]	0.0	0.0	0.0
403.66113666741313	2.0	trials	1.0	1.0	1.0	0.0	10000.0	1.0	False	0.0	0.0	0.0	[NaN, NaN, NaN, NaN, NaN, NaN, NaN, NaN, NaN, NaN, NaN, NaN, NaN, NaN, NaN, NaN, NaN, NaN, NaN, NaN]	0.0	0.0	0.0
413.1051175289026	2.0	trials	1.0	1.0	1.0	0.0	10000.0	1.0	False	0.0	0.0	0.0	[NaN, NaN, NaN, NaN, NaN, NaN, NaN, NaN, NaN, NaN, NaN, NaN, NaN, NaN, NaN, NaN, NaN, NaN, NaN, NaN]	0.0	0.0	0.0
420.68924630654936	2.0	trials	1.0	1.0	1.0	0.0	10000.0	1.0	False	0.0	0.0	0.0	[NaN, NaN, NaN, NaN, NaN, NaN, NaN, NaN, NaN, NaN, NaN, NaN, NaN, NaN, NaN, NaN, NaN, NaN, NaN, NaN]	0.0	0.0	0.0
429.0772431408752	2.0	trials	1.0	1.0	1.0	0.0	10000.0	1.0	False	0.0	0.0	0.0	[NaN, NaN, NaN, NaN, NaN, NaN, NaN, NaN, NaN, NaN, NaN, NaN, NaN, NaN, NaN, NaN, NaN, NaN, NaN, NaN]	0.0	0.0	0.0
438.37157874503794	2.0	trials	1.0	1.0	1.0	0.0	10000.0	1.0	False	0.0	0.0	0.0	[NaN, NaN, NaN, NaN, NaN, NaN, NaN, NaN, NaN, NaN, NaN, NaN, NaN, NaN, NaN, NaN, NaN, NaN, NaN, NaN]	0.0	0.0	0.0
445.7573325164363	2.0	trials	1.0	1.0	1.0	0.0	10000.0	1.0	False	0.0	0.0	0.0	[NaN, NaN, NaN, NaN, NaN, NaN, NaN, NaN, NaN, NaN, NaN, NaN, NaN, NaN, NaN, NaN, NaN, NaN, NaN, NaN]	0.0	0.0	0.0
452.45940099844296	2.0	trials	1.0	1.0	1.0	0.0	10000.0	1.0	False	0.0	0.0	0.0	[NaN, NaN, NaN, NaN, NaN, NaN, NaN, NaN, NaN, NaN, NaN, NaN, NaN, NaN, NaN, NaN, NaN, NaN, NaN, NaN]	0.0	0.0	0.0
462.60071839104336	2.0	trials	1.0	1.0	1.0	0.0	10000.0	1.0	False	0.0	0.0	0.0	[NaN, NaN, NaN, NaN, NaN, NaN, NaN, NaN, NaN, NaN, NaN, NaN, NaN, NaN, NaN, NaN, NaN, NaN, NaN, NaN]	0.0	0.0	0.0
470.4775712632762	2.0	trials	1.0	1.0	1.0	0.0	10000.0	1.0	False	0.0	0.0	0.0	[NaN, NaN, NaN, NaN, NaN, NaN, NaN, NaN, NaN, NaN, NaN, NaN, NaN, NaN, NaN, NaN, NaN, NaN, NaN, NaN]	0.0	0.0	0.0
476.6576957501842	2.0	trials	1.0	1.0	1.0	0.0	10000.0	1.0	False	0.0	0.0	0.0	[NaN, NaN, NaN, NaN, NaN, NaN, NaN, NaN, NaN, NaN, NaN, NaN, NaN, NaN, NaN, NaN, NaN, NaN, NaN, NaN]	0.0	0.0	0.0
485.9035608062174	2.0	trials	1.0	1.0	1.0	0.0	10000.0	1.0	False	0.0	0.0	0.0	[NaN, NaN, NaN, NaN, NaN, NaN, NaN, NaN, NaN, NaN, NaN, NaN, NaN, NaN, NaN, NaN, NaN, NaN, NaN, NaN]	0.0	0.0	0.0
493.36163159862184	2.0	trials	1.0	1.0	1.0	0.0	10000.0	1.0	False	0.0	0.0	0.0	[NaN, NaN, NaN, NaN, NaN, NaN, NaN, NaN, NaN, NaN, NaN, NaN, NaN, NaN, NaN, NaN, NaN, NaN, NaN, NaN]	0.0	0.0	0.0
502.75204429640314	2.0	trials	1.0	1.0	1.0	0.0	10000.0	1.0	False	0.0	0.0	0.0	[NaN, NaN, NaN, NaN, NaN, NaN, NaN, NaN, NaN, NaN, NaN, NaN, NaN, NaN, NaN, NaN, NaN, NaN, NaN, NaN]	0.0	0.0	0.0
510.1921438338862	1.9999999999999432	trials	1.0	1.0	1.0	0.0	10000.0	1.0	False	0.0	0.0	0.0	[NaN, NaN, NaN, NaN, NaN, NaN, NaN, NaN, NaN, NaN, NaN, NaN, NaN, NaN, NaN, NaN, NaN, NaN, NaN, NaN]	0.0	0.0	0.0
516.3361530104231	2.0	trials	1.0	1.0	1.0	0.0	10000.0	1.0	False	0.0	0.0	0.0	[NaN, NaN, NaN, NaN, NaN, NaN, NaN, NaN, NaN, NaN, NaN, NaN, NaN, NaN, NaN, NaN, NaN, NaN, NaN, NaN]	0.0	0.0	0.0
522.8400192867095	2.0	trials	1.0	1.0	1.0	0.0	10000.0	1.0	False	0.0	0.0	0.0	[NaN, NaN, NaN, NaN, NaN, NaN, NaN, NaN, NaN, NaN, NaN, NaN, NaN, NaN, NaN, NaN, NaN, NaN, NaN, NaN]	0.0	0.0	0.0
533.3343681581996	2.0	trials	1.0	1.0	1.0	0.0	10000.0	1.0	False	0.0	0.0	0.0	[NaN, NaN, NaN, NaN, NaN, NaN, NaN, NaN, NaN, NaN, NaN, NaN, NaN, NaN, NaN, NaN, NaN, NaN, NaN, NaN]	0.0	0.0	0.0
544.1584204372873	2.0	trials	1.0	1.0	1.0	0.0	10000.0	1.0	False	0.0	0.0	0.0	[NaN, NaN, NaN, NaN, NaN, NaN, NaN, NaN, NaN, NaN, NaN, NaN, NaN, NaN, NaN, NaN, NaN, NaN, NaN, NaN]	0.0	0.0	0.0
554.7421935820645	2.0	trials	1.0	1.0	1.0	0.0	10000.0	1.0	False	0.0	0.0	0.0	[NaN, NaN, NaN, NaN, NaN, NaN, NaN, NaN, NaN, NaN, NaN, NaN, NaN, NaN, NaN, NaN, NaN, NaN, NaN, NaN]	0.0	0.0	0.0
564.7681666221642	2.0	trials	1.0	1.0	1.0	0.0	10000.0	1.0	False	0.0	0.0	0.0	[NaN, NaN, NaN, NaN, NaN, NaN, NaN, NaN, NaN, NaN, NaN, NaN, NaN, NaN, NaN, NaN, NaN, NaN, NaN, NaN]	0.0	0.0	0.0
572.994594962725	2.0	trials	1.0	1.0	1.0	0.0	10000.0	1.0	False	0.0	0.0	0.0	[NaN, NaN, NaN, NaN, NaN, NaN, NaN, NaN, NaN, NaN, NaN, NaN, NaN, NaN, NaN, NaN, NaN, NaN, NaN, NaN]	0.0	0.0	0.0
579.6664233523157	2.0	trials	1.0	1.0	1.0	0.0	10000.0	1.0	False	0.0	0.0	0.0	[NaN, NaN, NaN, NaN, NaN, NaN, NaN, NaN, NaN, NaN, NaN, NaN, NaN, NaN, NaN, NaN, NaN, NaN, NaN, NaN]	0.0	0.0	0.0
586.7528002087967	2.0	trials	1.0	1.0	1.0	0.0	10000.0	1.0	False	0.0	0.0	0.0	[NaN, NaN, NaN, NaN, NaN, NaN, NaN, NaN, NaN, NaN, NaN, NaN, NaN, NaN, NaN, NaN, NaN, NaN, NaN, NaN]	0.0	0.0	0.0
596.8509174693743	2.0	trials	1.0	1.0	1.0	0.0	10000.0	1.0	False	0.0	0.0	0.0	[NaN, NaN, NaN, NaN, NaN, NaN, NaN, NaN, NaN, NaN, NaN, NaN, NaN, NaN, NaN, NaN, NaN, NaN, NaN, NaN]	0.0	0.0	0.0
604.6557989216572	2.0	trials	1.0	1.0	1.0	0.0	10000.0	1.0	False	0.0	0.0	0.0	[NaN, NaN, NaN, NaN, NaN, NaN, NaN, NaN, NaN, NaN, NaN, NaN, NaN, NaN, NaN, NaN, NaN, NaN, NaN, NaN]	0.0	0.0	0.0
613.3866320037155	2.0	trials	1.0	1.0	1.0	0.0	10000.0	1.0	False	0.0	0.0	0.0	[NaN, NaN, NaN, NaN, NaN, NaN, NaN, NaN, NaN, NaN, NaN, NaN, NaN, NaN, NaN, NaN, NaN, NaN, NaN, NaN]	0.0	0.0	0.0
620.4067398576734	2.0	trials	1.0	1.0	1.0	0.0	10000.0	1.0	False	0.0	0.0	0.0	[NaN, NaN, NaN, NaN, NaN, NaN, NaN, NaN, NaN, NaN, NaN, NaN, NaN, NaN, NaN, NaN, NaN, NaN, NaN, NaN]	0.0	0.0	0.0
631.2066000628283	2.0	trials	1.0	1.0	1.0	0.0	10000.0	1.0	False	0.0	0.0	0.0	[NaN, NaN, NaN, NaN, NaN, NaN, NaN, NaN, NaN, NaN, NaN, NaN, NaN, NaN, NaN, NaN, NaN, NaN, NaN, NaN]	0.0	0.0	0.0
637.8189850707557	2.0	trials	1.0	1.0	1.0	0.0	10000.0	1.0	False	0.0	0.0	0.0	[NaN, NaN, NaN, NaN, NaN, NaN, NaN, NaN, NaN, NaN, NaN, NaN, NaN, NaN, NaN, NaN, NaN, NaN, NaN, NaN]	0.0	0.0	0.0
646.7352331194555	2.0	trials	1.0	1.0	1.0	0.0	10000.0	1.0	False	0.0	0.0	0.0	[NaN, NaN, NaN, NaN, NaN, NaN, NaN, NaN, NaN, NaN, NaN, NaN, NaN, NaN, NaN, NaN, NaN, NaN, NaN, NaN]	0.0	0.0	0.0
655.5371736188232	2.0	trials	1.0	1.0	1.0	0.0	10000.0	1.0	False	0.0	0.0	0.0	[NaN, NaN, NaN, NaN, NaN, NaN, NaN, NaN, NaN, NaN, NaN, NaN, NaN, NaN, NaN, NaN, NaN, NaN, NaN, NaN]	0.0	0.0	0.0
664.339373318983	2.0	trials	1.0	1.0	1.0	0.0	10000.0	1.0	False	0.0	0.0	0.0	[NaN, NaN, NaN, NaN, NaN, NaN, NaN, NaN, NaN, NaN, NaN, NaN, NaN, NaN, NaN, NaN, NaN, NaN, NaN, NaN]	0.0	0.0	0.0
672.9925325636642	2.0	trials	1.0	1.0	1.0	0.0	10000.0	1.0	False	0.0	0.0	0.0	[NaN, NaN, NaN, NaN, NaN, NaN, NaN, NaN, NaN, NaN, NaN, NaN, NaN, NaN, NaN, NaN, NaN, NaN, NaN, NaN]	0.0	0.0	0.0
683.6894036540771	2.0	trials	1.0	1.0	1.0	0.0	10000.0	1.0	False	0.0	0.0	0.0	[NaN, NaN, NaN, NaN, NaN, NaN, NaN, NaN, NaN, NaN, NaN, NaN, NaN, NaN, NaN, NaN, NaN, NaN, NaN, NaN]	0.0	0.0	0.0
691.1774553381052	2.0	trials	1.0	1.0	1.0	0.0	10000.0	1.0	False	0.0	0.0	0.0	[NaN, NaN, NaN, NaN, NaN, NaN, NaN, NaN, NaN, NaN, NaN, NaN, NaN, NaN, NaN, NaN, NaN, NaN, NaN, NaN]	0.0	0.0	0.0
699.7635679778874	2.0	trials	1.0	1.0	1.0	0.0	10000.0	1.0	False	0.0	0.0	0.0	[NaN, NaN, NaN, NaN, NaN, NaN, NaN, NaN, NaN, NaN, NaN, NaN, NaN, NaN, NaN, NaN, NaN, NaN, NaN, NaN]	0.0	0.0	0.0
708.379488708765	2.0	trials	1.0	1.0	1.0	0.0	10000.0	1.0	False	0.0	0.0	0.0	[NaN, NaN, NaN, NaN, NaN, NaN, NaN, NaN, NaN, NaN, NaN, NaN, NaN, NaN, NaN, NaN, NaN, NaN, NaN, NaN]	0.0	0.0	0.0
715.2918554334584	2.0	trials	1.0	1.0	1.0	0.0	10000.0	1.0	False	0.0	0.0	0.0	[NaN, NaN, NaN, NaN, NaN, NaN, NaN, NaN, NaN, NaN, NaN, NaN, NaN, NaN, NaN, NaN, NaN, NaN, NaN, NaN]	0.0	0.0	0.0
779.3053790634226	2.0	trials	2.0	1.0	1.0	0.0	10000.0	1.0	True	40.0	0.0	0.005	[9027850.208337585, 9028140.209223846, 9028429.210107053, 9028718.210990258, 9029009.211879576, 9029298.21276278, 9029588.213649042, 9029877.214532249, 9030167.215418512, 9030457.216304773, 9030747.217191035, 9031036.21807424, 9031325.218957447, 9031615.219843708, 9031905.22072997, 9032194.221613174, 9032484.222499436, 9032773.223382642, 9033063.224268906, 9033353.225155167]	0.0	0.0	0.0
785.8510630675069	2.0	trials	2.0	1.0	1.0	0.0	10000.0	1.0	True	40.0	0.0	0.005	[9103609.439862799, 9103899.44074906, 9104189.441635322, 9104479.442521583, 9104768.44340479, 9105058.444291051, 9105348.445177313, 9105637.44606052, 9105927.44694678, 9106216.447829986, 9106506.448716247, 9106796.44960251, 9107086.450488772, 9107374.451368922, 9107665.45225824, 9107954.453141445, 9108243.45402465, 9108534.454913968, 9108823.455797173, 9109112.45668038]	0.0	0.0	0.0
793.6273460323907	2.0	trials	2.0	1.0	1.0	0.0	10000.0	1.0	True	40.0	0.0	0.005	[9193614.71492486, 9193902.71580501, 9194192.716691272, 9194482.717577534, 9194771.71846074, 9195061.719347002, 9195351.720233262, 9195640.721116468, 9195929.721999675, 9196220.722888993, 9196509.7237722, 9196799.724658461, 9197089.725544723, 9197378.726427928, 9197667.727311134, 9197958.728200452, 9198247.729083657, 9198537.729969919, 9198826.730853125, 9199116.731739387]	0.0	0.0	0.0
804.2294360331457	2.0	trials	2.0	1.0	1.0	0.0	10000.0	1.0	True	40.0	0.0	0.005	[9316323.089929756, 9316613.090816017, 9316901.091696167, 9317192.092585485, 9317482.093471747, 9317770.094351897, 9318061.095241215, 9318350.09612442, 9318640.097010683, 9318929.09789389, 9319219.098780151, 9319508.099663356, 9319799.100552674, 9320087.101432823, 9320377.102319086, 9320668.103208404, 9320957.10409161, 9321246.104974814, 9321536.105861077, 9321825.106744284]	0.0	0.0	0.0
814.8554589070411	2.0	trials	2.0	1.0	1.0	0.0	10000.0	1.0	True	40.0	0.0	0.005	[9439309.46578424, 9439598.466667447, 9439888.467553709, 9440177.468436914, 9440467.469323175, 9440757.470209438, 9441046.471092643, 9441337.471981961, 9441626.472865166, 9441916.473751428, 9442205.474634634, 9442495.475520896, 9442785.47640716, 9443073.477287307, 9443364.478176625, 9443653.479059832, 9443943.479946094, 9444233.480832355, 9444522.481715562, 9444811.482598767]	0.0	0.0	0.0
824.0894871269002	2.0	trials	2.0	1.0	1.0	0.0	10000.0	1.0	True	40.0	0.0	0.005	[9546183.792399237, 9546472.793282444, 9546763.794171762, 9547052.795054968, 9547341.795938175, 9547631.796824435, 9547921.797710698, 9548211.79859696, 9548500.799480164, 9548790.800366426, 9549080.80125269, 9549370.802138949, 9549659.803022156, 9549950.803911474, 9550239.80479468, 9550528.805677887, 9550818.806564147, 9551108.80745041, 9551397.808333615, 9551686.809216822]	0.0	0.0	0.0
833.6714492100701	2.0	trials	2.0	1.0	1.0	0.0	10000.0	1.0	True	40.0	0.0	0.005	[9657087.131327163, 9657377.132213427, 9657666.13309663, 9657956.133982893, 9658246.134869155, 9658535.135752361, 9658824.136635568, 9659114.13752183, 9659403.138405034, 9659693.139291296, 9659983.140177557, 9660272.141060764, 9660563.141950082, 9660852.142833287, 9661142.14371955, 9661431.144602755, 9661721.145489018, 9662010.146372223, 9662301.147261541, 9662590.148144746]	0.0	0.0	0.0
840.806901416529	2.0	trials	2.0	1.0	1.0	0.0	10000.0	1.0	True	40.0	0.0	0.005	[9739672.383713147, 9739961.384596353, 9740251.385482615, 9740540.386365822, 9740831.38725514, 9741120.388138345, 9741410.389024608, 9741699.389907813, 9741989.390794074, 9742279.391680336, 9742568.39256354, 9742858.393449804, 9743148.394336065, 9743438.395222329, 9743728.39610859, 9744017.396991797, 9744306.397875002, 9744596.398761263, 9744886.399647525, 9745175.400530731]	0.0	0.0	0.0
848.4559167924739	2.0	trials	2.0	1.0	1.0	0.0	10000.0	1.0	True	40.0	0.0	0.005	[9828202.654267501, 9828492.655153763, 9828781.656036967, 9829071.656923229, 9829361.65780949, 9829650.658692697, 9829940.659578959, 9830230.66046522, 9830520.661351481, 9830809.662234688, 9831098.663117895, 9831389.664007213, 9831678.664890418, 9831967.665773623, 9832258.66666294, 9832547.667546147, 9832836.668429352, 9833126.669315616, 9833416.670201875, 9833706.671088139]	0.0	0.0	0.0
855.5060919383196	2.0	trials	2.0	1.0	1.0	0.0	10000.0	1.0	True	40.0	0.0	0.005	[9909802.903643249, 9910091.904526453, 9910381.905412717, 9910670.906295924, 9910960.907182185, 9911249.90806539, 9911539.908951651, 9911829.909837915, 9912118.91072112, 9912408.911607381, 9912697.912490586, 9912986.913373793, 9913277.91426311, 9913566.915146317, 9913856.916032579, 9914145.916915784, 9914435.917802047, 9914726.918691365, 9915015.91957457, 9915304.920457775]	0.0	0.0	0.0
862.9577691111848	2.0	trials	2.0	1.0	1.0	0.0	10000.0	1.0	True	40.0	0.0	0.005	[9996049.167217525, 9996339.168103786, 9996628.168986993, 9996918.169873254, 9997208.170759516, 9997497.17164272, 9997787.172528982, 9998077.173415245, 9998366.174298452, 9998656.175184714, 9998946.176070977, 9999235.17695418, 9999525.177840443, 9999814.178723648, 10000104.17960991, 10000394.180496173, 10000684.181382433, 10000973.18226564, 10001262.183148846, 10001552.184035107]	0.0	0.0	0.0
869.1861913456942	2.0	trials	2.0	1.0	1.0	0.0	10000.0	1.0	True	40.0	0.0	0.005	[10068137.387523886, 10068427.388410147, 10068715.389290296, 10069005.390176559, 10069295.39106282, 10069585.391949082, 10069874.392832289, 10070163.393715493, 10070454.394604811, 10070744.395491073, 10071033.39637428, 10071322.397257486, 10071611.398140691, 10071902.39903001, 10072191.399913216, 10072480.40079642, 10072770.401682682, 10073060.402568944, 10073350.403455205, 10073640.404341467]	0.0	0.0	0.0
875.5519035997718	2.0	trials	2.0	1.0	1.0	0.0	10000.0	1.0	True	40.0	0.0	0.005	[10141813.612683294, 10142104.613572612, 10142393.614455817, 10142683.615342079, 10142973.61622834, 10143262.617111547, 10143551.617994752, 10143841.618881015, 10144131.619767277, 10144420.620650481, 10144710.621536743, 10145000.622423006, 10145289.623306213, 10145580.624195531, 10145869.625078736, 10146159.625964997, 10146448.626848202, 10146738.627734464, 10147027.62861767, 10147317.629503932]	0.0	0.0	0.0
883.7664087038944	2.0	trials	2.0	1.0	1.0	0.0	10000.0	1.0	True	40.0	0.0	0.005	[10236889.903242715, 10237178.90412592, 10237467.905009126, 10237758.905898444, 10238047.90678165, 10238337.907667913, 10238626.908551116, 10238916.909437379, 10239206.91032364, 10239495.911206847, 10239785.91209311, 10240074.912976315, 10240364.913862577, 10240653.914745782, 10240943.915632043, 10241233.916518306, 10241522.917401511, 10241812.918287773, 10242102.919174036, 10242391.92005724]	0.0	0.0	0.0
891.1580376932479	2.0	trials	2.0	1.0	1.0	0.0	10000.0	1.0	True	40.0	0.0	0.005	[10322441.164693018, 10322730.165576223, 10323020.166462485, 10323309.167345691, 10323599.168231953, 10323889.169118214, 10324179.170004478, 10324467.170884626, 10324757.171770887, 10325047.17265715, 10325337.173543412, 10325627.174429676, 10325916.17531288, 10326206.176199142, 10326496.177085403, 10326785.177968608, 10327074.178851815, 10327364.179738076, 10327654.180624338, 10327944.181510601]	0.0	0.0	0.0
899.4608438672248	2.0	trials	2.0	1.0	1.0	0.0	10000.0	1.0	True	40.0	0.0	0.005	[10418538.458372692, 10418828.459258955, 10419117.46014216, 10419407.461028421, 10419696.461911626, 10419986.46279789, 10420276.463684151, 10420565.464567356, 10420855.465453617, 10421145.46633988, 10421434.467223087, 10421725.468112405, 10422013.468992554, 10422303.469878815, 10422592.470762022, 10422883.471651338, 10423171.47253149, 10423462.473420808, 10423752.474307068, 10424041.475190274]	0.0	0.0	0.0
907.2494820698672	2.0	trials	2.0	1.0	1.0	0.0	10000.0	1.0	True	40.0	0.0	0.005	[10508683.733862605, 10508973.734748868, 10509263.73563513, 10509553.736521391, 10509842.737404596, 10510132.73829086, 10510421.739174064, 10510711.740060326, 10511001.740946587, 10511291.741832849, 10511580.742716055, 10511870.743602317, 10512159.744485524, 10512449.745371785, 10512739.746258046, 10513028.747141253, 10513318.748027515, 10513607.74891072, 10513897.749796981, 10514187.750683242]	0.0	0.0	0.0
914.5649924265966	2.0	trials	2.0	1.0	1.0	0.0	10000.0	1.0	True	40.0	0.0	0.005	[10593353.992620505, 10593643.993506769, 10593933.99439303, 10594222.995276235, 10594513.996165553, 10594802.99704876, 10595092.997935021, 10595381.998818226, 10595670.999701431, 10595962.00059075, 10596251.001473956, 10596540.002357163, 10596831.00324648, 10597120.004129687, 10597409.005012892, 10597699.005899154, 10597989.006785415, 10598278.007668622, 10598568.008554883, 10598857.009438088]	0.0	0.0	0.0
924.4222257510155	2.0	trials	2.0	1.0	1.0	0.0	10000.0	1.0	True	40.0	0.0	0.005	[10707443.341285087, 10707733.342171349, 10708023.343057612, 10708313.343943873, 10708602.34482708, 10708891.345710285, 10709180.34659349, 10709471.347482808, 10709760.348366015, 10710049.349249221, 10710340.35013854, 10710629.351021744, 10710919.351908006, 10711208.352791212, 10711498.353677474, 10711788.354563735, 10712078.355449997, 10712366.356330147, 10712657.357219465, 10712946.35810267]	0.0	0.0	0.0
930.5665805286088	2.0	trials	2.0	1.0	1.0	0.0	10000.0	1.0	True	40.0	0.0	0.005	[10778558.558617886, 10778848.55950415, 10779137.560387354, 10779427.561273616, 10779716.562156823, 10780007.56304614, 10780296.563929347, 10780585.564812552, 10780874.565695757, 10781165.566585075, 10781454.567468282, 10781744.568354543, 10782033.569237748, 10782324.570127066, 10782612.571007216, 10782902.57189348, 10783192.572779741, 10783481.573662946, 10783771.574549207, 10784060.575432414]	0.0	0.0	0.0
940.5204957484946	2.0	trials	2.0	1.0	1.0	0.0	10000.0	1.0	True	40.0	0.0	0.005	[10893763.91069305, 10894054.911582367, 10894344.912468629, 10894633.913351834, 10894923.914238095, 10895213.915124357, 10895503.91601062, 10895791.91689077, 10896081.917777034, 10896371.918663295, 10896660.9195465, 10896950.920432761, 10897240.921319023, 10897529.92220223, 10897819.923088491, 10898109.923974752, 10898398.924857957, 10898687.925741164, 10898978.926630482, 10899267.927513689]	0.0	0.0	0.0
949.5145040348352	2.0	trials	2.0	1.0	1.0	0.0	10000.0	1.0	True	40.0	0.0	0.005	[10997862.228824383, 10998151.229707588, 10998442.230596906, 10998731.231480112, 10999021.232366374, 10999310.233249579, 10999600.23413584, 10999889.235019047, 11000179.23590531, 11000469.236791572, 11000758.237674776, 11001049.238564095, 11001338.2394473, 11001627.240330506, 11001917.241216768, 11002207.242103029, 11002497.24298929, 11002787.243875554, 11003075.244755704, 11003366.245645022]	0.0	0.0	0.0
959.4687648557772	2.0	trials	2.0	1.0	1.0	0.0	10000.0	1.0	True	40.0	0.0	0.005	[11113073.58091788, 11113363.581804141, 11113652.582687348, 11113942.583573611, 11114232.584459873, 11114522.585346134, 11114811.58622934, 11115101.5871156, 11115391.588001862, 11115681.588888125, 11115970.589771332, 11116259.590654535, 11116549.591540799, 11116839.59242706, 11117129.593313323, 11117418.594196528, 11117707.595079733, 11117997.595965995, 11118287.596852256, 11118577.59773852]	0.0	0.0	0.0
965.834736310647	2.0	trials	2.0	1.0	1.0	0.0	10000.0	1.0	True	40.0	0.0	0.005	[11186754.80609257, 11187043.806975774, 11187332.80785898, 11187623.808748297, 11187912.809631504, 11188202.810517767, 11188491.811400972, 11188782.81229029, 11189070.813170439, 11189360.8140567, 11189650.814942963, 11189940.815829225, 11190229.816712432, 11190518.817595636, 11190808.818481898, 11191098.819368161, 11191389.82025748, 11191677.821137628, 11191966.822020834, 11192257.82291015]	0.0	0.0	0.0
972.2078789874325	2.0	trials	2.0	1.0	1.0	0.0	10000.0	1.0	True	40.0	0.0	0.005	[11260518.031517856, 11260807.03240106, 11261097.033287324, 11261386.03417053, 11261676.035056792, 11261966.035943054, 11262256.036829315, 11262546.037715577, 11262835.038598781, 11263125.039485045, 11263415.040371306, 11263704.041254513, 11263993.042137718, 11264283.04302398, 11264573.043910243, 11264862.044793447, 11265152.045679709, 11265442.04656597, 11265731.047449175, 11266021.048335439]	0.0	0.0	0.0
980.1089239335981	2.0	trials	2.0	1.0	1.0	0.0	10000.0	1.0	True	40.0	0.0	0.005	[11351964.310983723, 11352255.311873041, 11352544.312756246, 11352834.31364251, 11353123.314525716, 11353413.315411977, 11353703.316298239, 11353992.317181444, 11354282.318067705, 11354571.318950912, 11354861.319837173, 11355151.320723437, 11355440.321606642, 11355729.322489846, 11356019.32337611, 11356309.324262371, 11356598.325145576, 11356889.326034894, 11357178.326918101, 11357467.327801306]	0.0	0.0	0.0
990.9872355785063	2.0	trials	2.0	1.0	1.0	0.0	10000.0	1.0	True	40.0	0.0	0.005	[11477870.695761947, 11478160.69664821, 11478450.697534472, 11478740.698420735, 11479029.699303938, 11479319.700190201, 11479609.701076463, 11479898.70195967, 11480187.702842874, 11480478.703732193, 11480767.704615397, 11481057.705501659, 11481347.706387922, 11481636.707271129, 11481925.708154334, 11482216.709043652, 11482505.709926857, 11482794.710810063, 11483084.711696325, 11483374.712582586]	0.0	0.0	0.0
999.5130408339845	2.0	trials	2.0	1.0	1.0	0.0	10000.0	1.0	True	40.0	0.0	0.005	[11576549.997332409, 11576838.998215614, 11577128.999101875, 11577418.999988139, 11577709.000874398, 11577997.001754548, 11578288.002643866, 11578577.003527073, 11578867.004413337, 11579156.005296541, 11579446.006182803, 11579735.00706601, 11580026.007955326, 11580315.008838532, 11580604.009721737, 11580894.010607999, 11581184.011494262, 11581473.012377467, 11581763.01326373, 11582052.014146935]	0.0	0.0	0.0
1007.5710750599209	2.0	trials	2.0	1.0	1.0	0.0	10000.0	1.0	True	40.0	0.0	0.005	[11669814.28235422, 11670103.283237427, 11670392.284120632, 11670683.28500995, 11670972.285893155, 11671261.286776362, 11671552.28766568, 11671841.288548885, 11672131.289435146, 11672420.290318353, 11672710.291204616, 11672999.292087821, 11673289.292974083, 11673579.293860344, 11673868.29474355, 11674157.295626756, 11674447.29651302, 11674737.297399279, 11675026.298282485, 11675316.299168747]	0.0	0.0	0.0
1015.9022205205047	2.0	trials	2.0	1.0	1.0	0.0	10000.0	1.0	True	40.0	0.0	0.005	[11766239.577036288, 11766528.577919494, 11766817.5788027, 11767107.57968896, 11767397.580575222, 11767686.581458429, 11767976.58234469, 11768266.583230952, 11768556.584117215, 11768845.58500042, 11769135.585886681, 11769425.586772943, 11769714.58765615, 11770003.588539356, 11770294.589428673, 11770583.59031188, 11770872.591195084, 11771163.592084402, 11771452.592967609, 11771741.593850816]	0.0	0.0	0.0
1024.9893682914865	2.0	trials	2.0	1.0	1.0	0.0	10000.0	1.0	True	40.0	0.0	0.005	[11871414.898459015, 11871704.899345277, 11871993.900228482, 11872283.901114745, 11872572.90199795, 11872862.902884211, 11873151.903767418, 11873441.904653681, 11873731.905539943, 11874020.906423148, 11874310.90730941, 11874599.908192614, 11874890.909081932, 11875179.909965139, 11875469.9108514, 11875759.911737662, 11876049.912623925, 11876338.913507128, 11876627.914390337, 11876917.915276598]	0.0	0.0	0.0
1033.0510313285124	2.0	trials	2.0	1.0	1.0	0.0	10000.0	1.0	False	0.0	0.0	0.0	[NaN, NaN, NaN, NaN, NaN, NaN, NaN, NaN, NaN, NaN, NaN, NaN, NaN, NaN, NaN, NaN, NaN, NaN, NaN, NaN]	0.0	0.0	0.0
1039.5875569046082	2.0	trials	2.0	1.0	1.0	0.0	10000.0	1.0	True	40.0	0.0	0.005	[11967459.191976717, 11967748.19285992, 11968038.193746183, 11968328.194632446, 11968618.19551871, 11968907.196401915, 11969196.19728512, 11969486.19817138, 11969776.199057644, 11970066.199943908, 11970355.20082711, 11970644.201710315, 11970935.202599633, 11971225.203485897, 11971514.204369104, 11971804.205255363, 11972093.206138572, 11972383.207024831, 11972672.207908038, 11972962.208794301]	0.0	0.0	0.0
1046.5174628829027	2.0	trials	2.0	1.0	1.0	0.0	10000.0	1.0	True	40.0	0.0	0.005	[12040374.41481045, 12040664.415696714, 12040953.41657992, 12041244.417469239, 12041533.418352444, 12041823.419238705, 12042113.420124967, 12042402.421008172, 12042692.421894435, 12042982.422780694, 12043271.423663903, 12043560.424547108, 12043850.425433371, 12044140.426319633, 12044429.427202838, 12044719.428089099, 12045009.428975362, 12045298.429858565, 12045589.430747885, 12045877.431628035]	0.0	0.0	0.0
1057.2577069058661	2.0	trials	2.0	1.0	1.0	0.0	10000.0	1.0	True	40.0	0.0	0.005	[12120581.65992909, 12120871.660815353, 12121161.661701612, 12121450.662584819, 12121740.663471079, 12122029.664354285, 12122320.665243605, 12122609.666126808, 12122899.667013071, 12123188.667896274, 12123478.668782538, 12123767.669665746, 12124057.670552006, 12124347.671438267, 12124636.672321472, 12124926.673207736, 12125216.674093999, 12125505.674977202, 12125795.675863465, 12126085.676749729]	0.0	0.0	0.0
1067.0982649793243	2.0	trials	2.0	1.0	1.0	0.0	10000.0	1.0	True	40.0	0.0	0.005	[12244890.039823705, 12245180.040709967, 12245469.041593172, 12245760.04248249, 12246048.04336264, 12246339.044251956, 12246628.045135166, 12246918.046021422, 12247207.046904633, 12247497.047790892, 12247787.048677156, 12248076.04956036, 12248366.050446622, 12248655.051329827, 12248946.052219147, 12249235.05310235, 12249525.053988613, 12249814.054871816, 12250103.055755027, 12250393.056641288]	0.0	0.0	0.0
1074.3156246360982	2.0	trials	2.0	1.0	1.0	0.0	10000.0	1.0	True	40.0	0.0	0.005	[12358785.387895405, 12359075.388781669, 12359364.389664877, 12359653.39054808, 12359944.391437398, 12360234.39232366, 12360523.393206866, 12360812.394090073, 12361103.394979391, 12361392.395862596, 12361681.396745803, 12361972.39763512, 12362260.398515271, 12362550.39940153, 12362840.400287792, 12363130.401174054, 12363419.40205726, 12363709.402943524, 12363999.403829787, 12364289.404716048]	0.0	0.0	0.0
1082.8595739470259	2.0	trials	2.0	1.0	1.0	0.0	10000.0	1.0	True	40.0	0.0	0.005	[12442319.643181605, 12442609.644067869, 12442899.64495413, 12443189.645840393, 12443477.646720544, 12443767.647606803, 12444057.648493066, 12444347.64937933, 12444636.650262533, 12444925.65114574, 12445216.652035058, 12445506.65292132, 12445795.653804524, 12446084.654687729, 12446375.655577047, 12446665.65646331, 12446953.65734346, 12447243.658229724, 12447532.659112927, 12447823.660002243]	0.0	0.0	0.0
1090.755607677877	2.0	trials	2.0	1.0	1.0	0.0	10000.0	1.0	True	40.0	0.0	0.005	[12541208.945393844, 12541497.946277048, 12541787.947163312, 12542077.948049571, 12542366.948932778, 12542656.949819038, 12542946.950705301, 12543236.951591564, 12543525.952474767, 12543814.953357976, 12544104.954244237, 12544394.955130499, 12544684.956016762, 12544974.956903026, 12545263.957786229, 12545553.958672492, 12545843.959558755, 12546131.960438903, 12546421.961325161, 12546711.962211424]	0.0	0.0	0.0
1101.346811245362	2.0	trials	2.0	1.0	1.0	0.0	10000.0	1.0	True	40.0	0.0	0.005	[12632597.22468246, 12632887.22556872, 12633177.226454983, 12633466.227338186, 12633755.228221394, 12634046.22911071, 12634335.229993917, 12634625.230880179, 12634914.231763383, 12635204.232649647, 12635494.23353591, 12635784.234422171, 12636073.235305376, 12636363.23619164, 12636652.237074843, 12636942.237961106, 12637231.23884431, 12637521.239730572, 12637810.24061378, 12638100.24150004]	0.0	0.0	0.0
1108.995826621307	2.0	trials	2.0	1.0	1.0	0.0	10000.0	1.0	True	40.0	0.0	0.005	[12755180.599305341, 12755470.600191604, 12755759.601074813, 12756049.601961074, 12756339.602847336, 12756629.603733597, 12756919.604619859, 12757209.60550612, 12757498.606389329, 12757788.607275588, 12758077.608158795, 12758366.609041998, 12758655.609925207, 12758946.610814525, 12759236.611700784, 12759525.612583991, 12759814.613467196, 12760105.614356514, 12760394.615239723, 12760684.616125986]	0.0	0.0	0.0
1119.5437436565053	2.0	trials	2.0	1.0	1.0	0.0	10000.0	1.0	True	40.0	0.0	0.005	[12843710.869859695, 12844000.870745957, 12844290.87163222, 12844579.872515423, 12844869.873401687, 12845159.87428795, 12845448.875171157, 12845738.876057416, 12846027.876940623, 12846317.877826884, 12846607.878713148, 12846896.87959635, 12847186.880482614, 12847476.881368877, 12847765.88225208, 12848055.883138344, 12848344.88402155, 12848634.88490781, 12848924.885794073, 12849213.886677278]	0.0	0.0	0.0
1130.3919016092616	2.0	trials	2.0	1.0	1.0	0.0	10000.0	1.0	True	40.0	0.0	0.005	[12965793.242951488, 12966084.243840804, 12966372.244720954, 12966663.245610274, 12966952.246493481, 12967242.24737974, 12967531.248262947, 12967821.249149209, 12968110.250032416, 12968401.250921732, 12968690.251804937, 12968980.252691198, 12969269.253574409, 12969559.254460668, 12969849.255346932, 12970138.256230135, 12970428.257116398, 12970717.257999603, 12971007.258885864, 12971296.259769073]	0.0	0.0	0.0
1141.1549553019333	2.0	trials	2.0	1.0	1.0	0.0	10000.0	1.0	True	40.0	0.0	0.005	[13091350.626663143, 13091640.627549404, 13091930.628435668, 13092219.62931887, 13092509.630205134, 13092800.631094454, 13093089.631977657, 13093378.632860864, 13093668.633747123, 13093957.634630332, 13094248.635519648, 13094537.636402855, 13094827.637289116, 13095116.638172321, 13095406.639058584, 13095695.639941787, 13095985.64082805, 13096275.641714314, 13096565.642600575, 13096854.64348378]	0.0	0.0	0.0
1150.9841949408014	2.0	trials	2.0	1.0	1.0	0.0	10000.0	1.0	True	40.0	0.0	0.005	[13215923.007364564, 13216213.008250823, 13216503.009137087, 13216793.01002335, 13217082.010906553, 13217372.011792816, 13217661.01267602, 13217951.013562283, 13218241.014448546, 13218531.015334805, 13218820.016218012, 13219109.017101219, 13219400.017990535, 13219689.018873744, 13219978.019756947, 13220268.02064321, 13220558.021529473, 13220848.022415733, 13221137.02329894, 13221427.024185201]	0.0	0.0	0.0
1161.587062543933	2.0	trials	2.0	1.0	1.0	0.0	10000.0	1.0	True	40.0	0.0	0.005	[13329687.355035918, 13329976.355919126, 13330267.356808443, 13330556.35769165, 13330846.358577913, 13331136.359464172, 13331425.360347379, 13331714.361230582, 13332004.362116845, 13332293.363000052, 13332584.36388937, 13332874.364775632, 13333163.365658836, 13333452.366542043, 13333742.367428306, 13334032.368314566, 13334322.369200828, 13334611.370084036, 13334901.370970298, 13335191.371856559]	0.0	0.0	0.0
1167.8924674137065	2.0	trials	2.0	1.0	1.0	0.0	10000.0	1.0	True	40.0	0.0	0.005	[13452405.730071373, 13452694.730954582, 13452984.731840843, 13453274.732727105, 13453563.733610312, 13453853.734496571, 13454143.735382834, 13454432.736266037, 13454722.7371523, 13455012.738038564, 13455301.73892177, 13455592.739811087, 13455882.74069735, 13456171.741580555, 13456460.742463762, 13456750.743350025, 13457040.744236285, 13457328.745116435, 13457619.746005755, 13457908.746888958]	0.0	0.0	0.0
1174.4383242183192	2.0	trials	2.0	1.0	1.0	0.0	10000.0	1.0	True	40.0	0.0	0.005	[13525385.953103755, 13525674.95398696, 13525964.954873223, 13526254.955759484, 13526544.956645748, 13526832.957525898, 13527123.958415214, 13527413.959301477, 13527702.960184682, 13527991.961067887, 13528281.96195415, 13528571.962840412, 13528861.963726675, 13529150.964609878, 13529440.965496141, 13529730.966382401, 13530020.967268664, 13530309.968151871, 13530599.96903813, 13530888.96992134]	0.0	0.0	0.0
1180.912555204038	2.0	trials	2.0	1.0	1.0	0.0	10000.0	1.0	True	40.0	0.0	0.005	[13601148.184638137, 13601438.185524398, 13601727.186407605, 13602017.187293869, 13602306.188177072, 13602596.189063335, 13602886.189949598, 13603176.190835858, 13603465.191719064, 13603755.192605324, 13604044.19348853, 13604334.194374794, 13604623.195257999, 13604913.196144262, 13605203.197030526, 13605493.197916783, 13605783.198803045, 13606072.199686252, 13606361.200569458, 13606651.201455722]	0.0	0.0	0.0
1188.1374316837835	2.0	trials	2.0	1.0	1.0	0.0	10000.0	1.0	True	40.0	0.0	0.005	[13676081.413639031, 13676370.414522236, 13676660.415408498, 13676950.416294761, 13677238.417174911, 13677529.418064231, 13677818.418947434, 13678108.419833697, 13678398.420719959, 13678688.421606222, 13678977.422489425, 13679267.423375688, 13679557.424261948, 13679846.425145155, 13680135.426028362, 13680425.426914625, 13680715.427800886, 13681004.428684091, 13681295.429573407, 13681584.430456616]	0.0	0.0	0.0
1195.3604937579844	2.0	trials	2.0	1.0	1.0	0.0	10000.0	1.0	True	40.0	0.0	0.005	[13759702.669191109, 13759991.670074316, 13760280.670957522, 13760570.671843782, 13760859.672726989, 13761149.67361325, 13761440.674502568, 13761728.675382718, 13762018.67626898, 13762309.677158296, 13762598.678041503, 13762888.678927766, 13763177.679810973, 13763466.680694176, 13763756.68158044, 13764046.6824667, 13764336.683352962, 13764625.68423617, 13764915.68512243, 13765205.686008692]	0.0	0.0	0.0
1203.2026137240712	2.0	trials	2.0	1.0	1.0	0.0	10000.0	1.0	True	40.0	0.0	0.005	[13843301.924675955, 13843591.925562214, 13843881.926448477, 13844170.927331684, 13844460.928217944, 13844749.929101152, 13845040.929990469, 13845329.930873675, 13845619.931759935, 13845908.932643142, 13846198.933529405, 13846487.934412608, 13846777.935298871, 13847067.936185135, 13847356.937068338, 13847645.937951546, 13847936.938840862, 13848225.93972407, 13848514.940607276, 13848804.941493535]	0.0	0.0	0.0
1209.4673240694794	2.0	trials	2.0	1.0	1.0	0.0	10000.0	1.0	True	40.0	0.0	0.005	[13934068.20206369, 13934357.202946894, 13934647.203833157, 13934937.204719417, 13935226.205602627, 13935516.206488889, 13935805.207372094, 13936095.208258355, 13936385.209144616, 13936675.210030878, 13936964.210914085, 13937254.211800344, 13937543.212683551, 13937833.213569814, 13938122.214453021, 13938412.215339283, 13938702.216225544, 13938992.217111804, 13939281.217995012, 13939572.218884328]	0.0	0.0	0.0
1219.5947310195686	2.0	trials	2.0	1.0	1.0	0.0	10000.0	1.0	True	40.0	0.0	0.005	[14006575.423650546, 14006865.42453681, 14007155.425423069, 14007445.426309332, 14007734.427192539, 14008025.428081855, 14008314.428965062, 14008603.429848269, 14008893.430734528, 14009182.431617735, 14009472.432503995, 14009761.433387203, 14010051.434273466, 14010342.435162783, 14010631.43604599, 14010920.436929192, 14011210.437815456, 14011500.438701719, 14011789.439584922, 14012079.440471185]	0.0	0.0	0.0
1230.454812208763	2.0	trials	2.0	1.0	1.0	0.0	10000.0	1.0	True	40.0	0.0	0.005	[14123791.781871477, 14124080.782754682, 14124369.783637887, 14124660.784527205, 14124950.785413466, 14125239.786296673, 14125529.787182933, 14125819.788069196, 14126108.788952403, 14126398.789838662, 14126687.790721871, 14126977.791608132, 14127267.792494394, 14127556.7933776, 14127845.794260804, 14128135.795147067, 14128425.796033327, 14128714.796916537, 14129004.797802798, 14129294.798689056]	0.0	0.0	0.0
1238.2848361378835	2.0	trials	2.0	1.0	1.0	0.0	10000.0	1.0	True	40.0	0.0	0.005	[14249487.166004866, 14249776.166888075, 14250066.167774338, 14250355.168657541, 14250645.169543805, 14250934.170427008, 14251224.17131327, 14251513.172196478, 14251804.173085794, 14252094.173972055, 14252382.174852205, 14252672.175738469, 14252962.176624732, 14253252.177510992, 14253541.178394198, 14253831.17928046, 14254120.180163665, 14254410.181049928, 14254700.181936188, 14254990.182822451]	0.0	0.0	0.0
1244.9271156371706	2.0	trials	2.0	1.0	1.0	0.0	10000.0	1.0	True	40.0	0.0	0.005	[14340111.442958642, 14340400.443841849, 14340691.444731165, 14340979.445611315, 14341269.446497578, 14341559.447383838, 14341849.448270101, 14342139.449156363, 14342428.450039567, 14342718.450925829, 14343007.451809036, 14343297.452695299, 14343588.453584615, 14343876.454464765, 14344167.455354081, 14344456.45623729, 14344745.457120495, 14345036.458009813, 14345325.45889302, 14345614.459776223]	0.0	0.0	0.0
1254.9530886772702	2.0	trials	2.0	1.0	1.0	0.0	10000.0	1.0	True	40.0	0.0	0.005	[14416989.677903604, 14417279.678789865, 14417569.679676127, 14417858.680559332, 14418148.681445593, 14418438.682331856, 14418728.68321812, 14419017.684101323, 14419306.684984531, 14419596.685870793, 14419885.686753998, 14420175.687640259, 14420465.68852652, 14420755.689412784, 14421044.690295987, 14421334.69118225, 14421623.692065455, 14421913.692951716, 14422203.69383798, 14422493.694724243]	0.0	0.0	0.0
1262.4295627259164	2.0	trials	2.0	1.0	1.0	0.0	10000.0	1.0	True	40.0	0.0	0.005	[14533032.032536699, 14533322.033422962, 14533612.034309223, 14533901.03519243, 14534191.036078693, 14534480.036961896, 14534769.037845103, 14535060.038734423, 14535350.039620683, 14535638.040500835, 14535928.041387092, 14536218.042273356, 14536508.043159617, 14536797.044042824, 14537087.044929087, 14537376.04581229, 14537666.046698553, 14537956.047584817, 14538245.04846802, 14538535.049354283]	0.0	0.0	0.0
1273.127989021082	2.0	trials	2.0	1.0	1.0	0.0	10000.0	1.0	True	40.0	0.0	0.005	[14619564.296985015, 14619854.297871277, 14620143.298754482, 14620433.299640743, 14620723.300527006, 14621012.30141021, 14621302.302296473, 14621591.303179676, 14621881.304065939, 14622171.304952202, 14622461.305838462, 14622750.30672167, 14623039.307604875, 14623330.308494192, 14623619.3093774, 14623908.310260603, 14624198.311146867, 14624488.31203313, 14624778.31291939, 14625067.313802596]	0.0	0.0	0.0
1281.41351514225	2.0	trials	2.0	1.0	1.0	0.0	10000.0	1.0	True	40.0	0.0	0.005	[14743388.67540049, 14743678.67628675, 14743968.677173013, 14744258.678059274, 14744547.67894248, 14744836.679825688, 14745126.680711947, 14745416.68159821, 14745705.682481417, 14745996.683370734, 14746284.684250884, 14746574.685137147, 14746865.686026465, 14747154.68690967, 14747444.687795931, 14747733.688679136, 14748023.689565398, 14748313.690451661, 14748602.691334864, 14748891.69221807]	0.0	0.0	0.0
1292.0518068536396	2.0	trials	2.0	1.0	1.0	0.0	10000.0	1.0	True	40.0	0.0	0.005	[14839285.96846895, 14839575.96935521, 14839865.970241472, 14840154.971124677, 14840444.972010938, 14840733.972894145, 14841023.973780405, 14841312.974663615, 14841603.975552931, 14841891.976433082, 14842182.977322398, 14842471.978205604, 14842760.97908881, 14843051.97997813, 14843340.980861332, 14843630.981747596, 14843920.982633859, 14844209.983517062, 14844498.98440027, 14844788.985286528]	0.0	0.0	0.0
1300.2773711915602	2.0	trials	2.0	1.0	1.0	0.0	10000.0	1.0	True	40.0	0.0	0.005	[14962413.34475434, 14962704.345643656, 14962993.346526863, 14963283.347413123, 14963572.34829633, 14963863.349185646, 14964152.350068856, 14964441.350952059, 14964732.351841379, 14965021.352724584, 14965311.353610845, 14965601.354497107, 14965890.355380313, 14966179.356263518, 14966470.357152836, 14966759.358036041, 14967049.358922303, 14967338.359805511, 14967627.360688716, 14967918.361578032]	0.0	0.0	0.0
1308.1432512302592	2.0	trials	2.0	1.0	1.0	0.0	10000.0	1.0	True	40.0	0.0	0.005	[15057618.635707997, 15057907.6365912, 15058196.637474403, 15058487.638363723, 15058776.63924693, 15059065.640130132, 15059355.641016396, 15059645.64190266, 15059935.64278892, 15060224.643672127, 15060514.64455839, 15060804.645444648, 15061093.646327857, 15061382.64721106, 15061673.64810038, 15061962.648983587, 15062251.64986679, 15062541.650753053, 15062831.651639314, 15063121.652525576]	0.0	0.0	0.0
1315.799524228384	2.0	trials	2.0	1.0	1.0	0.0	10000.0	1.0	True	40.0	0.0	0.005	[15148658.913933095, 15148947.914816301, 15149238.915705618, 15149526.916585768, 15149816.91747203, 15150107.918361347, 15150396.919244552, 15150686.920130815, 15150975.921014022, 15151265.921900282, 15151555.922786545, 15151844.923669748, 15152134.924556011, 15152423.92543922, 15152713.92632548, 15153003.927211741, 15153293.928098002, 15153582.92898121, 15153871.929864416, 15154161.930750675]	0.0	0.0	0.0
1323.9596835664217	2.0	trials	2.0	1.0	1.0	0.0	10000.0	1.0	True	40.0	0.0	0.005	[15237273.184744155, 15237562.185627364, 15237852.186513625, 15238143.187402941, 15238431.188283091, 15238721.189169353, 15239011.190055616, 15239301.19094188, 15239590.191825083, 15239880.192711346, 15240170.19359761, 15240459.194480812, 15240749.195367076, 15241039.196253335, 15241328.197136542, 15241617.198019749, 15241907.19890601, 15242197.199792273, 15242486.200675476, 15242776.20156174]	0.0	0.0	0.0
1333.862881831313	2.0	trials	2.0	1.0	1.0	0.0	10000.0	1.0	True	40.0	0.0	0.005	[15331719.47337825, 15332008.474261457, 15332297.47514466, 15332588.47603398, 15332877.476917183, 15333166.477800393, 15333457.47868971, 15333745.47956986, 15334035.480456121, 15334325.481342383, 15334615.482228644, 15334905.483114908, 15335194.48399811, 15335484.484884374, 15335774.485770637, 15336062.486650787, 15336352.487537049, 15336642.48842331, 15336932.48930957, 15337221.490192778]	0.0	0.0	0.0
1340.8302855242032	2.0	trials	2.0	1.0	1.0	0.0	10000.0	1.0	True	40.0	0.0	0.005	[15446339.823665608, 15446628.824548814, 15446918.825435076, 15447208.826321337, 15447497.827204542, 15447787.828090806, 15448076.828974012, 15448366.829860272, 15448655.830743479, 15448946.831632799, 15449235.832516002, 15449524.83339921, 15449814.83428547, 15450104.835171731, 15450394.836057993, 15450684.836944254, 15450973.837827463, 15451262.838710666, 15451553.839599986, 15451841.840480136]	0.0	0.0	0.0
1351.3502088738508	2.0	trials	2.0	1.0	1.0	0.0	10000.0	1.0	True	40.0	0.0	0.005	[15526981.070110582, 15527271.070996843, 15527560.071880048, 15527850.072766311, 15528140.073652571, 15528430.074538834, 15528719.07542204, 15529009.0763083, 15529299.077194564, 15529588.078077767, 15529877.078960977, 15530167.079847239, 15530456.080730444, 15530746.081616705, 15531036.082502967, 15531326.083389228, 15531615.084272435, 15531905.085158695, 15532195.086044958, 15532484.08692816]	0.0	0.0	0.0
1357.692161055316	2.0	trials	2.0	1.0	1.0	0.0	10000.0	1.0	True	40.0	0.0	0.005	[15648739.442212205, 15649028.443095412, 15649318.443981672, 15649607.444864878, 15649898.445754198, 15650187.446637401, 15650477.447523665, 15650765.448403815, 15651055.449290076, 15651346.450179394, 15651634.451059543, 15651924.451945806, 15652214.452832066, 15652503.453715272, 15652794.454604592, 15653084.455490854, 15653372.456371002, 15653662.457257261, 15653952.458143525, 15654241.459026733]	0.0	0.0	0.0
1364.3402293722943	2.0	trials	2.0	1.0	1.0	0.0	10000.0	1.0	True	40.0	0.0	0.005	[15722140.666531196, 15722429.667414399, 15722720.668303715, 15723009.669186922, 15723299.670073185, 15723588.67095639, 15723878.671842651, 15724167.672725856, 15724457.67361212, 15724746.674495326, 15725037.675384643, 15725326.676267846, 15725616.677154109, 15725906.678040372, 15726195.678923579, 15726484.679806784, 15726775.680696104, 15727064.681579307, 15727353.682462513, 15727643.683348773]	0.0	0.0	0.0
1371.6000115587142	2.0	trials	2.0	1.0	1.0	0.0	10000.0	1.0	True	40.0	0.0	0.005	[15799086.901683968, 15799375.90256717, 15799665.903453434, 15799955.904339695, 15800244.905222902, 15800534.906109165, 15800824.906995429, 15801114.907881688, 15801403.908764895, 15801693.909651157, 15801982.910534361, 15802272.911420623, 15802562.912306886, 15802852.913193146, 15803141.914076352, 15803430.91495956, 15803720.915845823, 15804010.916732084, 15804300.917618342, 15804589.91850155]	0.0	0.0	0.0
1380.5761349903978	2.0	trials	2.0	1.0	1.0	0.0	10000.0	1.0	True	40.0	0.0	0.005	[15883111.158467643, 15883402.159356961, 15883691.160240166, 15883981.16112643, 15884270.162009634, 15884560.162895896, 15884849.163779104, 15885139.164665367, 15885428.16554857, 15885718.166434834, 15886008.167321093, 15886298.168207357, 15886588.169093618, 15886877.169976823, 15887167.170863084, 15887457.171749348, 15887746.17263255, 15888035.173515761, 15888325.17440202, 15888615.175288284]	0.0	0.0	0.0
1390.1828075490846	2.0	trials	2.0	1.0	1.0	0.0	10000.0	1.0	True	40.0	0.0	0.005	[15987002.47596637, 15987292.47685263, 15987582.477738893, 15987870.478619043, 15988160.479505306, 15988450.480391568, 15988739.481274772, 15989030.482164089, 15989319.483047295, 15989609.483933557, 15989899.48481982, 15990188.485703023, 15990478.486589286, 15990767.487472493, 15991057.488358753, 15991347.489245016, 15991636.490128223, 15991926.491014482, 15992216.491900746, 15992505.49278395]	0.0	0.0	0.0
1400.8324176950646	2.0	trials	2.0	1.0	1.0	0.0	10000.0	1.0	True	40.0	0.0	0.005	[16098189.81576222, 16098479.816648483, 16098770.8175378, 16099059.818421006, 16099348.819304213, 16099639.82019353, 16099927.82107368, 16100217.82195994, 16100507.822846202, 16100796.82372941, 16101086.824615669, 16101376.82550193, 16101666.826388193, 16101954.827268343, 16102245.828157663, 16102534.829040868, 16102825.829930186, 16103113.830810335, 16103404.831699654, 16103693.832582857]	0.0	0.0	0.0
1408.0203148617989	2.0	trials	2.0	1.0	1.0	0.0	10000.0	1.0	True	40.0	0.0	0.005	[16221450.192454068, 16221739.193337275, 16222030.19422659, 16222319.1951098, 16222608.195993004, 16222898.196879266, 16223188.19776553, 16223478.198651789, 16223767.199534995, 16224056.200418202, 16224347.201307518, 16224636.202190725, 16224926.203076985, 16225215.203960193, 16225505.204846457, 16225795.205732716, 16226084.206615923, 16226374.207502183, 16226664.208388446, 16226953.209271653]	0.0	0.0	0.0
1416.9724190200775	2.0	trials	2.0	1.0	1.0	0.0	10000.0	1.0	True	40.0	0.0	0.005	[16304642.44669509, 16304932.44758135, 16305222.448467614, 16305512.449353877, 16305801.45023708, 16306091.451123344, 16306380.45200655, 16306670.452892812, 16306960.453779075, 16307250.454665333, 16307539.455548542, 16307829.456434801, 16308118.457318008, 16308407.458201213, 16308698.45909053, 16308987.459973738, 16309277.46086, 16309566.461743206, 16309856.46262947, 16310145.463512674]	0.0	0.0	0.0
1424.5327013248477	2.0	trials	2.0	1.0	1.0	0.0	10000.0	1.0	True	40.0	0.0	0.005	[16408255.763344228, 16408545.764230488, 16408834.765113695, 16409123.765996898, 16409414.766886218, 16409704.76777248, 16409993.768655684, 16410282.769538892, 16410572.770425154, 16410862.771311413, 16411151.772194622, 16411440.773077825, 16411730.773964088, 16412020.774850352, 16412310.775736611, 16412599.776619818, 16412889.777506078, 16413179.778392341, 16413468.77927555, 16413758.78016181]	0.0	0.0	0.0
1430.9707305999314	2.0	trials	2.0	1.0	1.0	0.0	10000.0	1.0	True	40.0	0.0	0.005	[16495759.03075999, 16496048.031643193, 16496338.032529457, 16496628.03341572, 16496917.034298923, 16497207.035185186, 16497496.03606839, 16497787.03695771, 16498075.037837861, 16498366.038727177, 16498655.039610384, 16498945.040496644, 16499234.04137985, 16499524.042266114, 16499813.043149317, 16500104.044038637, 16500393.044921843, 16500683.045808105, 16500972.04669131, 16501262.047577571]	0.0	0.0	0.0
1439.0947746275983	2.0	trials	2.0	1.0	1.0	0.0	10000.0	1.0	True	40.0	0.0	0.005	[16570273.258480389, 16570563.259366652, 16570853.260252912, 16571142.261136118, 16571431.262019321, 16571721.262905585, 16572011.263791848, 16572301.26467811, 16572590.265561316, 16572880.266447576, 16573169.267330782, 16573459.268217046, 16573748.269100249, 16574038.269986512, 16574328.270872775, 16574617.271755978, 16574907.272642242, 16575196.273525449, 16575487.274414765, 16575776.275297971]	0.0	0.0	0.0
1447.8786574717803	2.0	trials	2.0	1.0	1.0	0.0	10000.0	1.0	True	40.0	0.0	0.005	[16664300.545833988, 16664590.54672025, 16664879.547603454, 16665169.548489716, 16665458.54937292, 16665748.550259182, 16666038.551145446, 16666327.552028652, 16666617.552914916, 16666907.553801175, 16667197.554687435, 16667486.555570643, 16667776.556456905, 16668066.557343166, 16668355.558226373, 16668645.559112633, 16668934.55999584, 16669224.560882099, 16669513.56176531, 16669803.56265157]	0.0	0.0	0.0
1456.6929532089066	2.0	trials	2.0	1.0	1.0	0.0	10000.0	1.0	True	40.0	0.0	0.005	[16765965.856529888, 16766254.857413094, 16766544.858299354, 16766834.859185617, 16767124.860071879, 16767414.86095814, 16767704.861844402, 16767993.862727609, 16768282.863610815, 16768571.864494018, 16768862.865383338, 16769150.866263488, 16769441.867152806, 16769731.868039068, 16770020.868922275, 16770310.869808536, 16770600.870694797, 16770889.871578002, 16771179.872464264, 16771468.873347472]	0.0	0.0	0.0
1465.026777077676	2.0	trials	2.0	1.0	1.0	0.0	10000.0	1.0	True	40.0	0.0	0.005	[16867984.168304585, 16868274.169190846, 16868563.170074053, 16868852.170957256, 16869143.171846576, 16869432.172729783, 16869722.173616044, 16870011.174499247, 16870301.175385512, 16870591.17627177, 16870880.17715498, 16871170.17804124, 16871460.1789275, 16871750.17981376, 16872039.18069697, 16872328.181580175, 16872618.18246644, 16872908.183352698, 16873197.184235904, 16873487.185122166]	0.0	0.0	0.0
1472.8270793159643	2.0	trials	2.0	1.0	1.0	0.0	10000.0	1.0	True	40.0	0.0	0.005	[16964440.46308139, 16964729.463964596, 16965019.464850854, 16965308.465734065, 16965597.466617268, 16965886.467500478, 16966177.468389794, 16966466.469272997, 16966756.47015926, 16967046.471045524, 16967336.47193178, 16967626.472818047, 16967914.473698195, 16968204.474584457, 16968495.475473773, 16968784.47635698, 16969073.477240186, 16969363.478126448, 16969653.47901271, 16969943.479898974]	0.0	0.0	0.0
1479.6165848651851	2.0	trials	2.0	1.0	1.0	0.0	10000.0	1.0	True	40.0	0.0	0.005	[17054720.738983873, 17055011.739873193, 17055300.740756396, 17055590.741642658, 17055879.742525864, 17056169.743412126, 17056459.744298387, 17056749.74518465, 17057037.7460648, 17057328.746954117, 17057618.74784038, 17057906.74872053, 17058197.749609847, 17058486.750493053, 17058775.75137626, 17059066.752265576, 17059355.753148783, 17059644.754031986, 17059934.754918247, 17060224.75580451]	0.0	0.0	0.0
1488.685070179133	2.0	trials	2.0	1.0	1.0	0.0	10000.0	1.0	True	40.0	0.0	0.005	[17133302.97913639, 17133591.98001959, 17133881.980905853, 17134171.981792115, 17134461.982678376, 17134750.983561583, 17135040.984447844, 17135329.985331055, 17135620.98622037, 17135909.987103574, 17136198.98798678, 17136488.988873042, 17136777.98975625, 17137068.99064557, 17137356.991525717, 17137646.99241198, 17137936.99329824, 17138227.994187556, 17138516.995070763, 17138806.995957028]	0.0	0.0	0.0
1496.4077849803089	2.0	trials	2.0	1.0	1.0	0.0	10000.0	1.0	True	40.0	0.0	0.005	[17238262.299899, 17238552.300785266, 17238842.301671524, 17239132.302557785, 17239421.30344099, 17239711.304327253, 17240001.305213515, 17240290.30609672, 17240579.30697993, 17240870.307869244, 17241159.30875245, 17241449.309638713, 17241738.31052192, 17242029.31141124, 17242318.312294442, 17242607.31317765, 17242897.31406391, 17243186.314947117, 17243477.315836437, 17243766.31671964]	0.0	0.0	0.0
1505.1253124217037	2.0	trials	2.0	1.0	1.0	0.0	10000.0	1.0	True	40.0	0.0	0.005	[17327645.573060185, 17327934.57394339, 17328224.574829653, 17328513.57571286, 17328803.57659912, 17329093.577485383, 17329384.5783747, 17329672.579254847, 17329963.580144167, 17330252.581027374, 17330542.581913635, 17330831.58279684, 17331120.583680045, 17331410.58456631, 17331700.58545257, 17331990.586338833, 17332280.587225094, 17332569.5881083, 17332859.588994563, 17333149.589880824]	0.0	0.0	0.0
1511.9419476538349	2.0	trials	2.0	1.0	1.0	0.0	10000.0	1.0	True	40.0	0.0	0.005	[17428543.881412078, 17428832.88229528, 17429121.883178487, 17429411.88406475, 17429701.88495101, 17429991.88583727, 17430280.886720482, 17430570.887606744, 17430860.888493005, 17431149.88937621, 17431438.890259415, 17431728.891145676, 17432018.892031938, 17432307.892915145, 17432597.893801406, 17432887.894687667, 17433176.895570874, 17433467.89646019, 17433756.897343397, 17434045.898226604]	0.0	0.0	0.0
1518.4632667834583	2.0	trials	2.0	1.0	1.0	0.0	10000.0	1.0	True	40.0	0.0	0.005	[17507440.1225242, 17507728.123404346, 17508018.12429061, 17508309.125179928, 17508597.126060076, 17508888.126949392, 17509176.127829544, 17509467.12871886, 17509757.129605126, 17510046.130488332, 17510335.131371535, 17510625.132257797, 17510915.13314406, 17511204.134027265, 17511494.13491353, 17511784.135799788, 17512074.13668605, 17512362.1375662, 17512652.138452463, 17512942.139338724]	0.0	0.0	0.0
1525.6223926622656	2.0	trials	2.0	1.0	1.0	0.0	10000.0	1.0	True	40.0	0.0	0.005	[17582917.3531876, 17583206.354070805, 17583496.354957066, 17583786.35584333, 17584076.35672959, 17584365.357612796, 17584655.358499058, 17584944.359382264, 17585234.360268526, 17585524.361154787, 17585814.36204105, 17586104.36292731, 17586393.363810517, 17586682.364693724, 17586972.36557998, 17587262.366466243, 17587551.367349453, 17587841.368235715, 17588130.36911892, 17588421.370008238]	0.0	0.0	0.0
1532.1317021551868	2.0	trials	2.0	1.0	1.0	0.0	10000.0	1.0	True	40.0	0.0	0.005	[17665778.60641706, 17666067.607300263, 17666357.608186524, 17666647.60907279, 17666937.60995905, 17667226.610842258, 17667516.611728515, 17667805.612611722, 17668095.613497987, 17668385.61438425, 17668674.61526745, 17668965.61615677, 17669253.61703692, 17669543.61792318, 17669834.6188125, 17670123.619695704, 17670412.620578915, 17670701.621462118, 17670992.622351434, 17671280.623231582]	0.0	0.0	0.0
1539.0918482258974	2.0	trials	2.0	1.0	1.0	0.0	10000.0	1.0	True	40.0	0.0	0.005	[17741116.83665566, 17741405.837538872, 17741695.838425133, 17741985.83931139, 17742275.840197656, 17742564.84108086, 17742854.841967124, 17743144.842853386, 17743433.84373659, 17743723.844622854, 17744013.845509116, 17744302.84639232, 17744592.847278584, 17744882.84816484, 17745171.84904805, 17745460.849931255, 17745751.85082057, 17746040.85170378, 17746330.852590043, 17746620.853476305]	0.0	0.0	0.0
1546.3035918655078	2.0	trials	2.0	1.0	1.0	0.0	10000.0	1.0	True	40.0	0.0	0.005	[17821674.082843926, 17821964.08373019, 17822254.08461645, 17822543.085499655, 17822833.08638592, 17823123.087272182, 17823412.088155385, 17823701.089038588, 17823991.089924853, 17824281.090811115, 17824570.09169432, 17824860.092580583, 17825150.093466844, 17825440.094353106, 17825729.095236313, 17826019.096122578, 17826309.097008836, 17826598.097892042, 17826888.098778304, 17827177.09966151]	0.0	0.0	0.0
1556.947585994325	2.0	trials	2.0	1.0	1.0	0.0	10000.0	1.0	True	40.0	0.0	0.005	[17905143.33793148, 17905433.338817745, 17905723.339704003, 17906013.34059027, 17906302.34147347, 17906592.342359733, 17906881.34324294, 17907171.3441292, 17907460.345012408, 17907750.34589867, 17908041.346787985, 17908330.347671192, 17908620.348557454, 17908909.34944066, 17909198.350323867, 17909488.35121013, 17909778.35209639, 17910067.352979593, 17910357.35386586, 17910647.35475212]	0.0	0.0	0.0
1563.2576564783574	2.0	trials	2.0	1.0	1.0	0.0	10000.0	1.0	True	40.0	0.0	0.005	[18028338.714424685, 18028628.715310946, 18028917.716194153, 18029207.717080414, 18029496.71796362, 18029786.718849882, 18030076.719736144, 18030365.72061935, 18030656.721508667, 18030945.722391874, 18031234.72327508, 18031525.724164397, 18031814.725047603, 18032104.72593387, 18032393.72681707, 18032683.727703333, 18032972.72858654, 18033261.729469746, 18033552.730359063, 18033841.73124227]	0.0	0.0	0.0
1570.7120984596718	2.0	trials	2.0	1.0	1.0	0.0	10000.0	1.0	True	40.0	0.0	0.005	[18101370.937615983, 18101660.938502245, 18101951.93939156, 18102240.940274768, 18102530.94116103, 18102819.942044236, 18103109.942930497, 18103398.9438137, 18103688.944699965, 18103978.945586227, 18104267.94646943, 18104556.94735264, 18104846.948238898, 18105137.949128218, 18105426.95001142, 18105715.950894628, 18106005.951780893, 18106294.952664096, 18106585.953553416, 18106874.954436623]	0.0	0.0	0.0
1577.4857927605722	2.0	trials	2.0	1.0	1.0	0.0	10000.0	1.0	True	40.0	0.0	0.005	[18187649.201288052, 18187939.202174313, 18188229.203060575, 18188518.20394378, 18188807.20482699, 18189097.20571325, 18189387.20659951, 18189677.207485773, 18189967.208372034, 18190256.20925524, 18190546.210141502, 18190836.211027764, 18191125.211910967, 18191415.212797232, 18191704.21368044, 18191993.21456364, 18192283.215449907, 18192573.216336165, 18192863.21722243, 18193153.218108688]	0.0	0.0	0.0
1586.1507024411637	2.0	trials	2.0	1.0	1.0	0.0	10000.0	1.0	True	40.0	0.0	0.005	[18266048.440881304, 18266338.441767562, 18266628.442653827, 18266917.443537034, 18267206.44442024, 18267497.445309557, 18267787.44619582, 18268076.447079025, 18268365.447962232, 18268655.44884849, 18268945.449734755, 18269234.45061796, 18269524.45150422, 18269814.452390485, 18270103.453273688, 18270392.454156894, 18270682.45504316, 18270973.455932476, 18271262.45681568, 18271552.45770194]	0.0	0.0	0.0
1596.3799753025628	2.0	trials	2.0	1.0	1.0	0.0	10000.0	1.0	True	40.0	0.0	0.005	[18366337.747372042, 18366626.748255253, 18366915.749138456, 18367205.75002472, 18367494.750907924, 18367784.751794185, 18368074.752680447, 18368363.753563654, 18368653.754449915, 18368943.755336177, 18369233.756222438, 18369522.75710565, 18369812.757991906, 18370102.75887817, 18370391.759761374, 18370681.760647636, 18370970.761530843, 18371260.762417104, 18371549.76330031, 18371840.764189627]	0.0	0.0	0.0
1629.7318596283362	2.0	trials	3.0	1.0	1.0	0.0	10000.0	1.0	False	0.0	0.0	0.0	[NaN, NaN, NaN, NaN, NaN, NaN, NaN, NaN, NaN, NaN, NaN, NaN, NaN, NaN, NaN, NaN, NaN, NaN, NaN, NaN]	0.0	0.0	0.0
1637.5257682470854	2.0	trials	3.0	1.0	1.0	0.0	10000.0	1.0	False	0.0	0.0	0.0	[NaN, NaN, NaN, NaN, NaN, NaN, NaN, NaN, NaN, NaN, NaN, NaN, NaN, NaN, NaN, NaN, NaN, NaN, NaN, NaN]	0.0	0.0	0.0
1645.1888668660697	2.0	trials	3.0	1.0	1.0	0.0	10000.0	1.0	False	0.0	0.0	0.0	[NaN, NaN, NaN, NaN, NaN, NaN, NaN, NaN, NaN, NaN, NaN, NaN, NaN, NaN, NaN, NaN, NaN, NaN, NaN, NaN]	0.0	0.0	0.0
1653.1022670499938	2.0	trials	3.0	1.0	1.0	0.0	10000.0	1.0	False	0.0	0.0	0.0	[NaN, NaN, NaN, NaN, NaN, NaN, NaN, NaN, NaN, NaN, NaN, NaN, NaN, NaN, NaN, NaN, NaN, NaN, NaN, NaN]	0.0	0.0	0.0
1662.6191697343377	2.0	trials	3.0	1.0	1.0	0.0	10000.0	1.0	False	0.0	0.0	0.0	[NaN, NaN, NaN, NaN, NaN, NaN, NaN, NaN, NaN, NaN, NaN, NaN, NaN, NaN, NaN, NaN, NaN, NaN, NaN, NaN]	0.0	0.0	0.0
1673.4791645232683	2.0	trials	3.0	1.0	1.0	0.0	10000.0	1.0	False	0.0	0.0	0.0	[NaN, NaN, NaN, NaN, NaN, NaN, NaN, NaN, NaN, NaN, NaN, NaN, NaN, NaN, NaN, NaN, NaN, NaN, NaN, NaN]	0.0	0.0	0.0
1681.3811598723382	2.0	trials	3.0	1.0	1.0	0.0	10000.0	1.0	False	0.0	0.0	0.0	[NaN, NaN, NaN, NaN, NaN, NaN, NaN, NaN, NaN, NaN, NaN, NaN, NaN, NaN, NaN, NaN, NaN, NaN, NaN, NaN]	0.0	0.0	0.0
1688.0714779184345	2.0	trials	3.0	1.0	1.0	0.0	10000.0	1.0	False	0.0	0.0	0.0	[NaN, NaN, NaN, NaN, NaN, NaN, NaN, NaN, NaN, NaN, NaN, NaN, NaN, NaN, NaN, NaN, NaN, NaN, NaN, NaN]	0.0	0.0	0.0
1696.519609336536	2.0	trials	3.0	1.0	1.0	0.0	10000.0	1.0	False	0.0	0.0	0.0	[NaN, NaN, NaN, NaN, NaN, NaN, NaN, NaN, NaN, NaN, NaN, NaN, NaN, NaN, NaN, NaN, NaN, NaN, NaN, NaN]	0.0	0.0	0.0
1705.7932952775923	2.0	trials	3.0	1.0	1.0	0.0	10000.0	1.0	False	0.0	0.0	0.0	[NaN, NaN, NaN, NaN, NaN, NaN, NaN, NaN, NaN, NaN, NaN, NaN, NaN, NaN, NaN, NaN, NaN, NaN, NaN, NaN]	0.0	0.0	0.0
1715.8756012898496	2.0	trials	3.0	1.0	1.0	0.0	10000.0	1.0	False	0.0	0.0	0.0	[NaN, NaN, NaN, NaN, NaN, NaN, NaN, NaN, NaN, NaN, NaN, NaN, NaN, NaN, NaN, NaN, NaN, NaN, NaN, NaN]	0.0	0.0	0.0
1725.253745150136	2.0	trials	3.0	1.0	1.0	0.0	10000.0	1.0	False	0.0	0.0	0.0	[NaN, NaN, NaN, NaN, NaN, NaN, NaN, NaN, NaN, NaN, NaN, NaN, NaN, NaN, NaN, NaN, NaN, NaN, NaN, NaN]	0.0	0.0	0.0
1734.0196567393969	2.0	trials	3.0	1.0	1.0	0.0	10000.0	1.0	False	0.0	0.0	0.0	[NaN, NaN, NaN, NaN, NaN, NaN, NaN, NaN, NaN, NaN, NaN, NaN, NaN, NaN, NaN, NaN, NaN, NaN, NaN, NaN]	0.0	0.0	0.0
1740.6199457103578	2.0	trials	3.0	1.0	1.0	0.0	10000.0	1.0	False	0.0	0.0	0.0	[NaN, NaN, NaN, NaN, NaN, NaN, NaN, NaN, NaN, NaN, NaN, NaN, NaN, NaN, NaN, NaN, NaN, NaN, NaN, NaN]	0.0	0.0	0.0
1749.6610421406035	2.0	trials	3.0	1.0	1.0	0.0	10000.0	1.0	False	0.0	0.0	0.0	[NaN, NaN, NaN, NaN, NaN, NaN, NaN, NaN, NaN, NaN, NaN, NaN, NaN, NaN, NaN, NaN, NaN, NaN, NaN, NaN]	0.0	0.0	0.0
1758.2601148199922	2.0	trials	3.0	1.0	1.0	0.0	10000.0	1.0	False	0.0	0.0	0.0	[NaN, NaN, NaN, NaN, NaN, NaN, NaN, NaN, NaN, NaN, NaN, NaN, NaN, NaN, NaN, NaN, NaN, NaN, NaN, NaN]	0.0	0.0	0.0
1767.0263720103092	2.0	trials	3.0	1.0	1.0	0.0	10000.0	1.0	False	0.0	0.0	0.0	[NaN, NaN, NaN, NaN, NaN, NaN, NaN, NaN, NaN, NaN, NaN, NaN, NaN, NaN, NaN, NaN, NaN, NaN, NaN, NaN]	0.0	0.0	0.0
1777.0705755061226	2.0	trials	3.0	1.0	1.0	0.0	10000.0	1.0	False	0.0	0.0	0.0	[NaN, NaN, NaN, NaN, NaN, NaN, NaN, NaN, NaN, NaN, NaN, NaN, NaN, NaN, NaN, NaN, NaN, NaN, NaN, NaN]	0.0	0.0	0.0
1784.9661772356533	2.0	trials	3.0	1.0	1.0	0.0	10000.0	1.0	False	0.0	0.0	0.0	[NaN, NaN, NaN, NaN, NaN, NaN, NaN, NaN, NaN, NaN, NaN, NaN, NaN, NaN, NaN, NaN, NaN, NaN, NaN, NaN]	0.0	0.0	0.0
1793.6063764407277	2.0	trials	3.0	1.0	1.0	0.0	10000.0	1.0	False	0.0	0.0	0.0	[NaN, NaN, NaN, NaN, NaN, NaN, NaN, NaN, NaN, NaN, NaN, NaN, NaN, NaN, NaN, NaN, NaN, NaN, NaN, NaN]	0.0	0.0	0.0
1804.1545526767181	2.0	trials	3.0	1.0	1.0	0.0	10000.0	1.0	False	0.0	0.0	0.0	[NaN, NaN, NaN, NaN, NaN, NaN, NaN, NaN, NaN, NaN, NaN, NaN, NaN, NaN, NaN, NaN, NaN, NaN, NaN, NaN]	0.0	0.0	0.0
1813.1064840344686	2.0	trials	3.0	1.0	1.0	0.0	10000.0	1.0	False	0.0	0.0	0.0	[NaN, NaN, NaN, NaN, NaN, NaN, NaN, NaN, NaN, NaN, NaN, NaN, NaN, NaN, NaN, NaN, NaN, NaN, NaN, NaN]	0.0	0.0	0.0
1820.1508703626234	2.0	trials	3.0	1.0	1.0	0.0	10000.0	1.0	False	0.0	0.0	0.0	[NaN, NaN, NaN, NaN, NaN, NaN, NaN, NaN, NaN, NaN, NaN, NaN, NaN, NaN, NaN, NaN, NaN, NaN, NaN, NaN]	0.0	0.0	0.0
1830.0088812894187	2.0	trials	3.0	1.0	1.0	0.0	10000.0	1.0	False	0.0	0.0	0.0	[NaN, NaN, NaN, NaN, NaN, NaN, NaN, NaN, NaN, NaN, NaN, NaN, NaN, NaN, NaN, NaN, NaN, NaN, NaN, NaN]	0.0	0.0	0.0
1837.4127791162668	2.0	trials	3.0	1.0	1.0	0.0	10000.0	1.0	False	0.0	0.0	0.0	[NaN, NaN, NaN, NaN, NaN, NaN, NaN, NaN, NaN, NaN, NaN, NaN, NaN, NaN, NaN, NaN, NaN, NaN, NaN, NaN]	0.0	0.0	0.0
1847.1328088213816	2.0	trials	3.0	1.0	1.0	0.0	10000.0	1.0	False	0.0	0.0	0.0	[NaN, NaN, NaN, NaN, NaN, NaN, NaN, NaN, NaN, NaN, NaN, NaN, NaN, NaN, NaN, NaN, NaN, NaN, NaN, NaN]	0.0	0.0	0.0
1857.044733512941	2.0	trials	3.0	1.0	1.0	0.0	10000.0	1.0	False	0.0	0.0	0.0	[NaN, NaN, NaN, NaN, NaN, NaN, NaN, NaN, NaN, NaN, NaN, NaN, NaN, NaN, NaN, NaN, NaN, NaN, NaN, NaN]	0.0	0.0	0.0
1864.005138784444	2.0	trials	3.0	1.0	1.0	0.0	10000.0	1.0	False	0.0	0.0	0.0	[NaN, NaN, NaN, NaN, NaN, NaN, NaN, NaN, NaN, NaN, NaN, NaN, NaN, NaN, NaN, NaN, NaN, NaN, NaN, NaN]	0.0	0.0	0.0
1873.5628223934173	2.0	trials	3.0	1.0	1.0	0.0	10000.0	1.0	False	0.0	0.0	0.0	[NaN, NaN, NaN, NaN, NaN, NaN, NaN, NaN, NaN, NaN, NaN, NaN, NaN, NaN, NaN, NaN, NaN, NaN, NaN, NaN]	0.0	0.0	0.0
1881.6993080591067	2.0	trials	3.0	1.0	1.0	0.0	10000.0	1.0	False	0.0	0.0	0.0	[NaN, NaN, NaN, NaN, NaN, NaN, NaN, NaN, NaN, NaN, NaN, NaN, NaN, NaN, NaN, NaN, NaN, NaN, NaN, NaN]	0.0	0.0	0.0
1890.189257205006	2.0	trials	3.0	1.0	1.0	0.0	10000.0	1.0	False	0.0	0.0	0.0	[NaN, NaN, NaN, NaN, NaN, NaN, NaN, NaN, NaN, NaN, NaN, NaN, NaN, NaN, NaN, NaN, NaN, NaN, NaN, NaN]	0.0	0.0	0.0
1897.6830977067254	2.0	trials	3.0	1.0	1.0	0.0	10000.0	1.0	False	0.0	0.0	0.0	[NaN, NaN, NaN, NaN, NaN, NaN, NaN, NaN, NaN, NaN, NaN, NaN, NaN, NaN, NaN, NaN, NaN, NaN, NaN, NaN]	0.0	0.0	0.0
1906.3050664560863	2.0	trials	3.0	1.0	1.0	0.0	10000.0	1.0	False	0.0	0.0	0.0	[NaN, NaN, NaN, NaN, NaN, NaN, NaN, NaN, NaN, NaN, NaN, NaN, NaN, NaN, NaN, NaN, NaN, NaN, NaN, NaN]	0.0	0.0	0.0
1914.2253786611343	2.0	trials	3.0	1.0	1.0	0.0	10000.0	1.0	False	0.0	0.0	0.0	[NaN, NaN, NaN, NaN, NaN, NaN, NaN, NaN, NaN, NaN, NaN, NaN, NaN, NaN, NaN, NaN, NaN, NaN, NaN, NaN]	0.0	0.0	0.0
1921.2335632786535	2.0	trials	3.0	1.0	1.0	0.0	10000.0	1.0	False	0.0	0.0	0.0	[NaN, NaN, NaN, NaN, NaN, NaN, NaN, NaN, NaN, NaN, NaN, NaN, NaN, NaN, NaN, NaN, NaN, NaN, NaN, NaN]	0.0	0.0	0.0
1930.605486319929	2.0	trials	3.0	1.0	1.0	0.0	10000.0	1.0	False	0.0	0.0	0.0	[NaN, NaN, NaN, NaN, NaN, NaN, NaN, NaN, NaN, NaN, NaN, NaN, NaN, NaN, NaN, NaN, NaN, NaN, NaN, NaN]	0.0	0.0	0.0
1939.2394647059925	2.0	trials	3.0	1.0	1.0	0.0	10000.0	1.0	False	0.0	0.0	0.0	[NaN, NaN, NaN, NaN, NaN, NaN, NaN, NaN, NaN, NaN, NaN, NaN, NaN, NaN, NaN, NaN, NaN, NaN, NaN, NaN]	0.0	0.0	0.0
1948.304234808586	2.0	trials	3.0	1.0	1.0	0.0	10000.0	1.0	False	0.0	0.0	0.0	[NaN, NaN, NaN, NaN, NaN, NaN, NaN, NaN, NaN, NaN, NaN, NaN, NaN, NaN, NaN, NaN, NaN, NaN, NaN, NaN]	0.0	0.0	0.0
1955.853976281143	2.0	trials	3.0	1.0	1.0	0.0	10000.0	1.0	False	0.0	0.0	0.0	[NaN, NaN, NaN, NaN, NaN, NaN, NaN, NaN, NaN, NaN, NaN, NaN, NaN, NaN, NaN, NaN, NaN, NaN, NaN, NaN]	0.0	0.0	0.0
1965.9460455232374	2.0	trials	3.0	1.0	1.0	0.0	10000.0	1.0	False	0.0	0.0	0.0	[NaN, NaN, NaN, NaN, NaN, NaN, NaN, NaN, NaN, NaN, NaN, NaN, NaN, NaN, NaN, NaN, NaN, NaN, NaN, NaN]	0.0	0.0	0.0
1975.3359398194343	2.0	trials	3.0	1.0	1.0	0.0	10000.0	1.0	False	0.0	0.0	0.0	[NaN, NaN, NaN, NaN, NaN, NaN, NaN, NaN, NaN, NaN, NaN, NaN, NaN, NaN, NaN, NaN, NaN, NaN, NaN, NaN]	0.0	0.0	0.0
1981.4741601782805	2.0	trials	3.0	1.0	1.0	0.0	10000.0	1.0	False	0.0	0.0	0.0	[NaN, NaN, NaN, NaN, NaN, NaN, NaN, NaN, NaN, NaN, NaN, NaN, NaN, NaN, NaN, NaN, NaN, NaN, NaN, NaN]	0.0	0.0	0.0
1987.9057958338246	2.0	trials	3.0	1.0	1.0	0.0	10000.0	1.0	False	0.0	0.0	0.0	[NaN, NaN, NaN, NaN, NaN, NaN, NaN, NaN, NaN, NaN, NaN, NaN, NaN, NaN, NaN, NaN, NaN, NaN, NaN, NaN]	0.0	0.0	0.0
1998.981964083397	2.0	trials	3.0	1.0	1.0	0.0	10000.0	1.0	False	0.0	0.0	0.0	[NaN, NaN, NaN, NaN, NaN, NaN, NaN, NaN, NaN, NaN, NaN, NaN, NaN, NaN, NaN, NaN, NaN, NaN, NaN, NaN]	0.0	0.0	0.0
2009.848266091603	2.0	trials	3.0	1.0	1.0	0.0	10000.0	1.0	False	0.0	0.0	0.0	[NaN, NaN, NaN, NaN, NaN, NaN, NaN, NaN, NaN, NaN, NaN, NaN, NaN, NaN, NaN, NaN, NaN, NaN, NaN, NaN]	0.0	0.0	0.0
2017.7259829664763	2.0	trials	3.0	1.0	1.0	0.0	10000.0	1.0	False	0.0	0.0	0.0	[NaN, NaN, NaN, NaN, NaN, NaN, NaN, NaN, NaN, NaN, NaN, NaN, NaN, NaN, NaN, NaN, NaN, NaN, NaN, NaN]	0.0	0.0	0.0
2025.6223622983835	2.0	trials	3.0	1.0	1.0	0.0	10000.0	1.0	False	0.0	0.0	0.0	[NaN, NaN, NaN, NaN, NaN, NaN, NaN, NaN, NaN, NaN, NaN, NaN, NaN, NaN, NaN, NaN, NaN, NaN, NaN, NaN]	0.0	0.0	0.0
2034.7241981142529	2.0	trials	3.0	1.0	1.0	0.0	10000.0	1.0	False	0.0	0.0	0.0	[NaN, NaN, NaN, NaN, NaN, NaN, NaN, NaN, NaN, NaN, NaN, NaN, NaN, NaN, NaN, NaN, NaN, NaN, NaN, NaN]	0.0	0.0	0.0
2041.1926402822805	2.0	trials	3.0	1.0	1.0	0.0	10000.0	1.0	False	0.0	0.0	0.0	[NaN, NaN, NaN, NaN, NaN, NaN, NaN, NaN, NaN, NaN, NaN, NaN, NaN, NaN, NaN, NaN, NaN, NaN, NaN, NaN]	0.0	0.0	0.0
2049.4242526386843	2.0	trials	3.0	1.0	1.0	0.0	10000.0	1.0	False	0.0	0.0	0.0	[NaN, NaN, NaN, NaN, NaN, NaN, NaN, NaN, NaN, NaN, NaN, NaN, NaN, NaN, NaN, NaN, NaN, NaN, NaN, NaN]	0.0	0.0	0.0
2125.529752422603	2.0	trials	4.0	1.0	1.0	1.0	0.0	1.0	False	0.0	0.0	0.0	[NaN, NaN, NaN, NaN, NaN, NaN, NaN, NaN, NaN, NaN, NaN, NaN, NaN, NaN, NaN, NaN, NaN, NaN, NaN, NaN]	1.0	0.02	5.0
2131.8297140757422	2.0	trials	4.0	1.0	1.0	1.0	0.0	1.0	False	0.0	0.0	0.0	[NaN, NaN, NaN, NaN, NaN, NaN, NaN, NaN, NaN, NaN, NaN, NaN, NaN, NaN, NaN, NaN, NaN, NaN, NaN, NaN]	1.0	0.02	5.0
2141.6634465283405	2.0	trials	4.0	1.0	1.0	1.0	0.0	1.0	False	0.0	0.0	0.0	[NaN, NaN, NaN, NaN, NaN, NaN, NaN, NaN, NaN, NaN, NaN, NaN, NaN, NaN, NaN, NaN, NaN, NaN, NaN, NaN]	1.0	0.02	5.0
2151.845804046363	2.0	trials	4.0	1.0	1.0	1.0	0.0	1.0	False	0.0	0.0	0.0	[NaN, NaN, NaN, NaN, NaN, NaN, NaN, NaN, NaN, NaN, NaN, NaN, NaN, NaN, NaN, NaN, NaN, NaN, NaN, NaN]	1.0	0.02	5.0
2162.5376639214605	2.0	trials	4.0	1.0	1.0	1.0	0.0	1.0	False	0.0	0.0	0.0	[NaN, NaN, NaN, NaN, NaN, NaN, NaN, NaN, NaN, NaN, NaN, NaN, NaN, NaN, NaN, NaN, NaN, NaN, NaN, NaN]	1.0	0.02	5.0
2168.711999590678	2.0	trials	4.0	1.0	1.0	1.0	0.0	1.0	False	0.0	0.0	0.0	[NaN, NaN, NaN, NaN, NaN, NaN, NaN, NaN, NaN, NaN, NaN, NaN, NaN, NaN, NaN, NaN, NaN, NaN, NaN, NaN]	1.0	0.02	5.0
2178.996223020009	2.0	trials	4.0	1.0	1.0	1.0	0.0	1.0	False	0.0	0.0	0.0	[NaN, NaN, NaN, NaN, NaN, NaN, NaN, NaN, NaN, NaN, NaN, NaN, NaN, NaN, NaN, NaN, NaN, NaN, NaN, NaN]	1.0	0.02	5.0
2185.6802338468306	2.0	trials	4.0	1.0	1.0	1.0	0.0	1.0	False	0.0	0.0	0.0	[NaN, NaN, NaN, NaN, NaN, NaN, NaN, NaN, NaN, NaN, NaN, NaN, NaN, NaN, NaN, NaN, NaN, NaN, NaN, NaN]	1.0	0.02	5.0
2193.761941745115	2.0	trials	4.0	1.0	1.0	1.0	0.0	1.0	False	0.0	0.0	0.0	[NaN, NaN, NaN, NaN, NaN, NaN, NaN, NaN, NaN, NaN, NaN, NaN, NaN, NaN, NaN, NaN, NaN, NaN, NaN, NaN]	1.0	0.02	5.0
2202.294140620133	2.0	trials	4.0	1.0	1.0	1.0	0.0	1.0	False	0.0	0.0	0.0	[NaN, NaN, NaN, NaN, NaN, NaN, NaN, NaN, NaN, NaN, NaN, NaN, NaN, NaN, NaN, NaN, NaN, NaN, NaN, NaN]	1.0	0.02	5.0
2209.0684397228815	2.0	trials	4.0	1.0	1.0	1.0	0.0	1.0	False	0.0	0.0	0.0	[NaN, NaN, NaN, NaN, NaN, NaN, NaN, NaN, NaN, NaN, NaN, NaN, NaN, NaN, NaN, NaN, NaN, NaN, NaN, NaN]	1.0	0.02	5.0
2218.092428900846	2.0	trials	4.0	1.0	1.0	1.0	0.0	1.0	False	0.0	0.0	0.0	[NaN, NaN, NaN, NaN, NaN, NaN, NaN, NaN, NaN, NaN, NaN, NaN, NaN, NaN, NaN, NaN, NaN, NaN, NaN, NaN]	1.0	0.02	5.0
2227.0440146575406	2.0	trials	4.0	1.0	1.0	1.0	0.0	1.0	False	0.0	0.0	0.0	[NaN, NaN, NaN, NaN, NaN, NaN, NaN, NaN, NaN, NaN, NaN, NaN, NaN, NaN, NaN, NaN, NaN, NaN, NaN, NaN]	1.0	0.02	5.0
2234.711778890783	2.0	trials	4.0	1.0	1.0	1.0	0.0	1.0	False	0.0	0.0	0.0	[NaN, NaN, NaN, NaN, NaN, NaN, NaN, NaN, NaN, NaN, NaN, NaN, NaN, NaN, NaN, NaN, NaN, NaN, NaN, NaN]	1.0	0.02	5.0
2243.7666993632756	2.0	trials	4.0	1.0	1.0	1.0	0.0	1.0	False	0.0	0.0	0.0	[NaN, NaN, NaN, NaN, NaN, NaN, NaN, NaN, NaN, NaN, NaN, NaN, NaN, NaN, NaN, NaN, NaN, NaN, NaN, NaN]	1.0	0.02	5.0
2252.7727172863188	2.0	trials	4.0	1.0	1.0	1.0	0.0	1.0	False	0.0	0.0	0.0	[NaN, NaN, NaN, NaN, NaN, NaN, NaN, NaN, NaN, NaN, NaN, NaN, NaN, NaN, NaN, NaN, NaN, NaN, NaN, NaN]	1.0	0.02	5.0
2262.810872763649	2.0	trials	4.0	1.0	1.0	1.0	0.0	1.0	False	0.0	0.0	0.0	[NaN, NaN, NaN, NaN, NaN, NaN, NaN, NaN, NaN, NaN, NaN, NaN, NaN, NaN, NaN, NaN, NaN, NaN, NaN, NaN]	1.0	0.02	5.0
2273.028913590722	2.0	trials	4.0	1.0	1.0	1.0	0.0	1.0	False	0.0	0.0	0.0	[NaN, NaN, NaN, NaN, NaN, NaN, NaN, NaN, NaN, NaN, NaN, NaN, NaN, NaN, NaN, NaN, NaN, NaN, NaN, NaN]	1.0	0.02	5.0
2284.1290147134346	2.0	trials	4.0	1.0	1.0	1.0	0.0	1.0	False	0.0	0.0	0.0	[NaN, NaN, NaN, NaN, NaN, NaN, NaN, NaN, NaN, NaN, NaN, NaN, NaN, NaN, NaN, NaN, NaN, NaN, NaN, NaN]	1.0	0.02	5.0
2290.489024550085	2.0	trials	4.0	1.0	1.0	1.0	0.0	1.0	False	0.0	0.0	0.0	[NaN, NaN, NaN, NaN, NaN, NaN, NaN, NaN, NaN, NaN, NaN, NaN, NaN, NaN, NaN, NaN, NaN, NaN, NaN, NaN]	1.0	0.02	5.0
2296.619641685695	2.0	trials	4.0	1.0	1.0	1.0	0.0	1.0	False	0.0	0.0	0.0	[NaN, NaN, NaN, NaN, NaN, NaN, NaN, NaN, NaN, NaN, NaN, NaN, NaN, NaN, NaN, NaN, NaN, NaN, NaN, NaN]	1.0	0.02	5.0
2305.7349559427557	2.0	trials	4.0	1.0	1.0	1.0	0.0	1.0	False	0.0	0.0	0.0	[NaN, NaN, NaN, NaN, NaN, NaN, NaN, NaN, NaN, NaN, NaN, NaN, NaN, NaN, NaN, NaN, NaN, NaN, NaN, NaN]	1.0	0.02	5.0
2312.953006801642	2.0	trials	4.0	1.0	1.0	1.0	0.0	1.0	False	0.0	0.0	0.0	[NaN, NaN, NaN, NaN, NaN, NaN, NaN, NaN, NaN, NaN, NaN, NaN, NaN, NaN, NaN, NaN, NaN, NaN, NaN, NaN]	1.0	0.02	5.0
2320.830896477043	2.0	trials	4.0	1.0	1.0	1.0	0.0	1.0	False	0.0	0.0	0.0	[NaN, NaN, NaN, NaN, NaN, NaN, NaN, NaN, NaN, NaN, NaN, NaN, NaN, NaN, NaN, NaN, NaN, NaN, NaN, NaN]	1.0	0.02	5.0
2329.69901957867	2.0	trials	4.0	1.0	1.0	1.0	0.0	1.0	False	0.0	0.0	0.0	[NaN, NaN, NaN, NaN, NaN, NaN, NaN, NaN, NaN, NaN, NaN, NaN, NaN, NaN, NaN, NaN, NaN, NaN, NaN, NaN]	1.0	0.02	5.0
2336.88726234646	2.0	trials	4.0	1.0	1.0	1.0	0.0	1.0	False	0.0	0.0	0.0	[NaN, NaN, NaN, NaN, NaN, NaN, NaN, NaN, NaN, NaN, NaN, NaN, NaN, NaN, NaN, NaN, NaN, NaN, NaN, NaN]	1.0	0.02	5.0
2346.7095899642045	2.0	trials	4.0	1.0	1.0	1.0	0.0	1.0	False	0.0	0.0	0.0	[NaN, NaN, NaN, NaN, NaN, NaN, NaN, NaN, NaN, NaN, NaN, NaN, NaN, NaN, NaN, NaN, NaN, NaN, NaN, NaN]	1.0	0.02	5.0
2354.4852681272405	2.0	trials	4.0	1.0	1.0	1.0	0.0	1.0	False	0.0	0.0	0.0	[NaN, NaN, NaN, NaN, NaN, NaN, NaN, NaN, NaN, NaN, NaN, NaN, NaN, NaN, NaN, NaN, NaN, NaN, NaN, NaN]	1.0	0.02	5.0
2362.801293541616	2.0	trials	4.0	1.0	1.0	1.0	0.0	1.0	False	0.0	0.0	0.0	[NaN, NaN, NaN, NaN, NaN, NaN, NaN, NaN, NaN, NaN, NaN, NaN, NaN, NaN, NaN, NaN, NaN, NaN, NaN, NaN]	1.0	0.02	5.0
2370.6674327811074	2.0	trials	4.0	1.0	1.0	1.0	0.0	1.0	False	0.0	0.0	0.0	[NaN, NaN, NaN, NaN, NaN, NaN, NaN, NaN, NaN, NaN, NaN, NaN, NaN, NaN, NaN, NaN, NaN, NaN, NaN, NaN]	1.0	0.02	5.0
2376.973701653522	2.0	trials	4.0	1.0	1.0	1.0	0.0	1.0	False	0.0	0.0	0.0	[NaN, NaN, NaN, NaN, NaN, NaN, NaN, NaN, NaN, NaN, NaN, NaN, NaN, NaN, NaN, NaN, NaN, NaN, NaN, NaN]	1.0	0.02	5.0
2383.315481034459	2.0	trials	4.0	1.0	1.0	1.0	0.0	1.0	False	0.0	0.0	0.0	[NaN, NaN, NaN, NaN, NaN, NaN, NaN, NaN, NaN, NaN, NaN, NaN, NaN, NaN, NaN, NaN, NaN, NaN, NaN, NaN]	1.0	0.02	5.0
2390.143521101444	2.0	trials	4.0	1.0	1.0	1.0	0.0	1.0	False	0.0	0.0	0.0	[NaN, NaN, NaN, NaN, NaN, NaN, NaN, NaN, NaN, NaN, NaN, NaN, NaN, NaN, NaN, NaN, NaN, NaN, NaN, NaN]	1.0	0.02	5.0
2397.115936009649	2.0	trials	4.0	1.0	1.0	1.0	0.0	1.0	False	0.0	0.0	0.0	[NaN, NaN, NaN, NaN, NaN, NaN, NaN, NaN, NaN, NaN, NaN, NaN, NaN, NaN, NaN, NaN, NaN, NaN, NaN, NaN]	1.0	0.02	5.0
2407.970314781416	2.0	trials	4.0	1.0	1.0	1.0	0.0	1.0	False	0.0	0.0	0.0	[NaN, NaN, NaN, NaN, NaN, NaN, NaN, NaN, NaN, NaN, NaN, NaN, NaN, NaN, NaN, NaN, NaN, NaN, NaN, NaN]	1.0	0.02	5.0
2414.5701717510574	2.0	trials	4.0	1.0	1.0	1.0	0.0	1.0	False	0.0	0.0	0.0	[NaN, NaN, NaN, NaN, NaN, NaN, NaN, NaN, NaN, NaN, NaN, NaN, NaN, NaN, NaN, NaN, NaN, NaN, NaN, NaN]	1.0	0.02	5.0
2421.5123465668466	2.0	trials	4.0	1.0	1.0	1.0	0.0	1.0	False	0.0	0.0	0.0	[NaN, NaN, NaN, NaN, NaN, NaN, NaN, NaN, NaN, NaN, NaN, NaN, NaN, NaN, NaN, NaN, NaN, NaN, NaN, NaN]	1.0	0.02	5.0
2428.9705901597786	2.0	trials	4.0	1.0	1.0	1.0	0.0	1.0	False	0.0	0.0	0.0	[NaN, NaN, NaN, NaN, NaN, NaN, NaN, NaN, NaN, NaN, NaN, NaN, NaN, NaN, NaN, NaN, NaN, NaN, NaN, NaN]	1.0	0.02	5.0
2439.0503905643786	2.0	trials	4.0	1.0	1.0	1.0	0.0	1.0	False	0.0	0.0	0.0	[NaN, NaN, NaN, NaN, NaN, NaN, NaN, NaN, NaN, NaN, NaN, NaN, NaN, NaN, NaN, NaN, NaN, NaN, NaN, NaN]	1.0	0.02	5.0
2449.0040465834727	2.0	trials	4.0	1.0	1.0	1.0	0.0	1.0	False	0.0	0.0	0.0	[NaN, NaN, NaN, NaN, NaN, NaN, NaN, NaN, NaN, NaN, NaN, NaN, NaN, NaN, NaN, NaN, NaN, NaN, NaN, NaN]	1.0	0.02	5.0
2457.6564282257773	2.0	trials	4.0	1.0	1.0	1.0	0.0	1.0	False	0.0	0.0	0.0	[NaN, NaN, NaN, NaN, NaN, NaN, NaN, NaN, NaN, NaN, NaN, NaN, NaN, NaN, NaN, NaN, NaN, NaN, NaN, NaN]	1.0	0.02	5.0
2467.7726895418045	2.0	trials	4.0	1.0	1.0	1.0	0.0	1.0	False	0.0	0.0	0.0	[NaN, NaN, NaN, NaN, NaN, NaN, NaN, NaN, NaN, NaN, NaN, NaN, NaN, NaN, NaN, NaN, NaN, NaN, NaN, NaN]	1.0	0.02	5.0
2474.6555073761942	2.0	trials	4.0	1.0	1.0	1.0	0.0	1.0	False	0.0	0.0	0.0	[NaN, NaN, NaN, NaN, NaN, NaN, NaN, NaN, NaN, NaN, NaN, NaN, NaN, NaN, NaN, NaN, NaN, NaN, NaN, NaN]	1.0	0.02	5.0
2482.9949472621265	2.0	trials	4.0	1.0	1.0	1.0	0.0	1.0	False	0.0	0.0	0.0	[NaN, NaN, NaN, NaN, NaN, NaN, NaN, NaN, NaN, NaN, NaN, NaN, NaN, NaN, NaN, NaN, NaN, NaN, NaN, NaN]	1.0	0.02	5.0
2490.3747394153056	2.0	trials	4.0	1.0	1.0	1.0	0.0	1.0	False	0.0	0.0	0.0	[NaN, NaN, NaN, NaN, NaN, NaN, NaN, NaN, NaN, NaN, NaN, NaN, NaN, NaN, NaN, NaN, NaN, NaN, NaN, NaN]	1.0	0.02	5.0
2499.518565759501	2.0	trials	4.0	1.0	1.0	1.0	0.0	1.0	False	0.0	0.0	0.0	[NaN, NaN, NaN, NaN, NaN, NaN, NaN, NaN, NaN, NaN, NaN, NaN, NaN, NaN, NaN, NaN, NaN, NaN, NaN, NaN]	1.0	0.02	5.0
2509.419431217263	2.0	trials	4.0	1.0	1.0	1.0	0.0	1.0	False	0.0	0.0	0.0	[NaN, NaN, NaN, NaN, NaN, NaN, NaN, NaN, NaN, NaN, NaN, NaN, NaN, NaN, NaN, NaN, NaN, NaN, NaN, NaN]	1.0	0.02	5.0
2517.704870938167	2.0	trials	4.0	1.0	1.0	1.0	0.0	1.0	False	0.0	0.0	0.0	[NaN, NaN, NaN, NaN, NaN, NaN, NaN, NaN, NaN, NaN, NaN, NaN, NaN, NaN, NaN, NaN, NaN, NaN, NaN, NaN]	1.0	0.02	5.0
2525.9730306062615	2.0	trials	4.0	1.0	1.0	1.0	0.0	1.0	False	0.0	0.0	0.0	[NaN, NaN, NaN, NaN, NaN, NaN, NaN, NaN, NaN, NaN, NaN, NaN, NaN, NaN, NaN, NaN, NaN, NaN, NaN, NaN]	1.0	0.02	5.0
2533.448727052532	2.0	trials	4.0	1.0	1.0	1.0	0.0	1.0	False	0.0	0.0	0.0	[NaN, NaN, NaN, NaN, NaN, NaN, NaN, NaN, NaN, NaN, NaN, NaN, NaN, NaN, NaN, NaN, NaN, NaN, NaN, NaN]	1.0	0.02	5.0
2604.0146739071756	2.0	trials	5.0	0.0	0.0	0.0	0.0	0.0	True	40.0	0.0	0.005	[18484732.10919303, 18485021.110076237, 18485312.110965554, 18485601.11184876, 18485891.11273502, 18486180.11361823, 18486470.11450449, 18486759.115387697, 18487049.11627396, 18487339.11716022, 18487629.11804648, 18487918.118929688, 18488207.11981289, 18488497.120699156, 18488786.121582363, 18489076.122468624, 18489367.12335794, 18489656.124241143, 18489946.12512741, 18490235.126010615]	0.0	0.0	0.0
2611.5389273018386	2.0	trials	5.0	0.0	0.0	0.0	0.0	0.0	True	40.0	0.0	0.005	[30147170.75037549, 30147460.751261752, 30147749.752144955, 30148039.75303122, 30148328.753914423, 30148618.75480069, 30148908.75568695, 30149198.756573215, 30149487.757456418, 30149776.75833962, 30150066.759225883, 30150356.760112148, 30150645.76099535, 30150935.761881612, 30151225.762767877, 30151514.76365108, 30151806.764543455, 30152093.76542055, 30152383.76630681, 30152673.767193075]	0.0	0.0	0.0
2618.259053439031	2.0	trials	5.0	0.0	0.0	0.0	0.0	0.0	True	40.0	0.0	0.005	[30234256.016513813, 30234546.017400075, 30234835.018283278, 30235126.019172594, 30235415.020055804, 30235705.020942066, 30235994.021825273, 30236284.022711534, 30236574.023597796, 30236864.024484053, 30237153.025367264, 30237443.02625352, 30237732.027136732, 30238022.028022993, 30238311.0289062, 30238600.029789403, 30238890.030675665, 30239179.031558875, 30239470.032448184, 30239760.03333445]	0.0	0.0	0.0
2624.6492169678336	2.0	trials	5.0	0.0	0.0	0.0	0.0	0.0	True	40.0	0.0	0.005	[30312035.254212297, 30312325.25509856, 30312614.255981762, 30312905.256871086, 30313194.25775429, 30313484.258640554, 30313774.25952681, 30314064.26041308, 30314352.26129322, 30314642.262179486, 30314933.263068806, 30315221.263948955, 30315510.264832165, 30315801.265721474, 30316092.266610797, 30316380.267490946, 30316671.268380266, 30316959.269260414, 30317250.270149734, 30317539.27103294]	0.0	0.0	0.0
2631.681507259022	2.0	trials	5.0	0.0	0.0	0.0	0.0	0.0	True	40.0	0.0	0.005	[30385995.480239633, 30386285.48112589, 30386575.482012156, 30386864.482895363, 30387154.48378162, 30387443.484664824, 30387733.48555109, 30388022.486434296, 30388314.487326674, 30388602.48820682, 30388892.48909308, 30389181.48997629, 30389471.49086255, 30389760.49174575, 30390050.492632017, 30390340.493518278, 30390630.494404543, 30390920.495290805, 30391210.49617707, 30391499.497060273]	0.0	0.0	0.0
2637.1234278899256	2.0	trials	5.0	0.0	0.0	0.0	0.0	0.0	True	40.0	0.0	0.005	[30467388.728982776, 30467677.72986598, 30467967.730752237, 30468257.731638506, 30468547.732524764, 30468836.733407967, 30469126.734294232, 30469416.735180493, 30469705.736063696, 30469995.73694996, 30470283.737830114, 30470574.738719434, 30470863.739602637, 30471153.740488894, 30471442.7413721, 30471733.74226142, 30472022.743144624, 30472312.74403089, 30472601.744914092, 30472890.7457973]	0.0	0.0	0.0
2644.3953061133125	2.0	trials	5.0	0.0	0.0	0.0	0.0	0.0	True	40.0	0.0	0.005	[30530373.92146968, 30530663.922355942, 30530951.923236094, 30531241.924122352, 30531531.925008614, 30531821.925894875, 30532111.92678114, 30532400.927664343, 30532690.928550605, 30532981.929439925, 30533269.930320073, 30533559.931206338, 30533848.93208954, 30534138.932975803, 30534428.933862068, 30534718.934748325, 30535008.93563459, 30535297.936517797, 30535587.937404055, 30535875.938284203]	0.0	0.0	0.0
2652.615081633541	2.0	trials	5.0	0.0	0.0	0.0	0.0	0.0	True	40.0	0.0	0.005	[30614538.178681206, 30614828.179567467, 30615118.180453733, 30615408.181339994, 30615697.1822232, 30615987.183109462, 30616276.183992665, 30616566.18487893, 30616855.185762133, 30617144.186645336, 30617434.187531605, 30617725.18842092, 30618014.189304125, 30618304.19019039, 30618593.191073593, 30618882.191956796, 30619172.19284306, 30619462.193729322, 30619751.194612525, 30620041.19549879]	0.0	0.0	0.0
2658.32130067216	2.0	trials	5.0	0.0	0.0	0.0	0.0	0.0	True	40.0	0.0	0.005	[30709674.469424, 30709964.470310256, 30710254.47119651, 30710543.472079724, 30710834.472969037, 30711123.473852247, 30711412.474735454, 30711702.47562171, 30711991.47650492, 30712281.47739118, 30712571.478277437, 30712862.47916676, 30713150.48004691, 30713439.480930116, 30713730.481819432, 30714018.482699588, 30714308.483585846, 30714597.48446905, 30714887.485355314, 30715178.486244634]	0.0	0.0	0.0
2666.3913445347985	2.0	trials	5.0	0.0	0.0	0.0	0.0	0.0	True	40.0	0.0	0.005	[30775719.671262488, 30776008.672145694, 30776298.67303196, 30776588.673918217, 30776878.674804483, 30777166.67568463, 30777457.676573947, 30777745.677454095, 30778036.678343415, 30778325.679226622, 30778615.680112887, 30778906.681002196, 30779194.681882348, 30779485.68277167, 30779773.68365182, 30780064.68454114, 30780354.685427394, 30780642.68630755, 30780933.68719687, 30781222.688080072]	0.0	0.0	0.0
2672.2657848875133	2.0	trials	5.0	0.0	0.0	0.0	0.0	0.0	True	40.0	0.0	0.005	[30869121.95670604, 30869410.95758925, 30869700.958475504, 30869990.95936177, 30870280.96024803, 30870570.961134296, 30870859.9620175, 30871149.96290376, 30871439.963790026, 30871728.96467323, 30872017.96555643, 30872307.966442697, 30872598.967332013, 30872886.96821216, 30873176.969098426, 30873466.969984688, 30873755.97086789, 30874046.971757215, 30874335.972640418, 30874624.97352362]	0.0	0.0	0.0
2678.626485926277	2.0	trials	5.0	0.0	0.0	0.0	0.0	0.0	True	40.0	0.0	0.005	[30937113.16449166, 30937403.165377922, 30937693.166264184, 30937982.16714739, 30938272.168033652, 30938561.168916862, 30938852.16980617, 30939140.170686323, 30939430.17157259, 30939720.17245885, 30940009.173342053, 30940300.17423137, 30940588.17511152, 30940879.17600084, 30941168.176884048, 30941458.1777703, 30941747.178653516, 30942037.179539777, 30942326.18042298, 30942616.181309246]	0.0	0.0	0.0
2684.39154354471	2.0	trials	5.0	0.0	0.0	0.0	0.0	0.0	True	40.0	0.0	0.005	[31010732.38947687, 31011023.390366193, 31011312.391249396, 31011601.3921326, 31011891.393018864, 31012180.39390207, 31012471.39479139, 31012760.395674594, 31013049.396557797, 31013339.39744406, 31013630.398333374, 31013919.399216585, 31014208.40009979, 31014498.400986053, 31014788.401872315, 31015076.40275246, 31015367.403641783, 31015657.404528048, 31015947.405414302, 31016237.406300567]	0.0	0.0	0.0
2693.4758401069785	2.0	trials	5.0	0.0	0.0	0.0	0.0	0.0	True	40.0	0.0	0.005	[31077458.59339656, 31077748.594282825, 31078036.595162965, 31078327.596052285, 31078615.596932434, 31078906.597821757, 31079195.59870496, 31079485.599591218, 31079775.600477487, 31080064.60136069, 31080354.602246955, 31080644.603133213, 31080934.604019474, 31081224.60490574, 31081512.605785888, 31081801.60666909, 31082091.607555352, 31082382.608444672, 31082670.60932482, 31082961.61021414]	0.0	0.0	0.0
2702.338347191442	2.0	trials	5.0	0.0	0.0	0.0	0.0	0.0	True	40.0	0.0	0.005	[31182598.91471232, 31182889.915601645, 31183178.916484848, 31183467.91736805, 31183758.91825737, 31184047.919140577, 31184336.92002378, 31184626.920910038, 31184916.921796303, 31185207.922685623, 31185494.923562713, 31185786.924455084, 31186075.925338298, 31186365.926224556, 31186653.927104708, 31186943.927990966, 31187234.928880285, 31187523.929763492, 31187813.930649754, 31188101.931529906]	0.0	0.0	0.0
2709.7660050909026	2.0	trials	5.0	0.0	0.0	0.0	0.0	0.0	True	40.0	0.0	0.005	[31285176.228195366, 31285466.229081627, 31285754.229961775, 31286044.230848033, 31286334.2317343, 31286623.2326175, 31286914.233506825, 31287204.23439308, 31287493.23527629, 31287782.236159496, 31288072.237045757, 31288362.237932023, 31288651.238815226, 31288940.23969843, 31289230.24058469, 31289520.241470955, 31289810.242357217, 31290100.243243482, 31290389.244126685, 31290679.245012946]	0.0	0.0	0.0
2716.0536115062832	2.0	trials	5.0	0.0	0.0	0.0	0.0	0.0	True	40.0	0.0	0.005	[31371143.49091699, 31371434.491806313, 31371723.492689516, 31372012.493572727, 31372302.494458985, 31372592.495345246, 31372882.49623151, 31373172.497117765, 31373460.497997917, 31373751.498887233, 31374040.499770444, 31374330.50065671, 31374620.501542963, 31374909.502426174, 31375199.50331244, 31375488.50419564, 31375778.505081903, 31376067.50596511, 31376358.506854422, 31376647.507737637]	0.0	0.0	0.0
2723.5420951916317	2.0	trials	5.0	0.0	0.0	0.0	0.0	0.0	True	40.0	0.0	0.005	[31443917.71331982, 31444206.714203026, 31444496.71508929, 31444786.71597555, 31445076.716861814, 31445364.717741963, 31445655.718631286, 31445945.719517544, 31446234.720400747, 31446523.721283954, 31446813.72217022, 31447103.723056477, 31447392.72393968, 31447682.724825945, 31447972.725712206, 31448261.726595417, 31448552.727484725, 31448840.72836488, 31449131.7292542, 31449419.73013435]	0.0	0.0	0.0
2729.0321407696083	2.0	trials	5.0	0.0	0.0	0.0	0.0	0.0	True	40.0	0.0	0.005	[31530589.978195984, 31530879.97908225, 31531168.979965452, 31531457.98084866, 31531748.98173798, 31532037.98262118, 31532327.983507443, 31532617.98439371, 31532905.985273857, 31533195.986160114, 31533486.987049438, 31533775.98793264, 31534064.988815844, 31534354.98970211, 31534643.990585312, 31534934.991474636, 31535224.992360897, 31535511.99323799, 31535802.994127307, 31536093.995016623]	0.0	0.0	0.0
2738.062177966056	2.0	trials	5.0	0.0	0.0	0.0	0.0	0.0	True	40.0	0.0	0.005	[31594132.172385126, 31594421.17326833, 31594711.17415459, 31595001.175040856, 31595291.175927117, 31595581.176813383, 31595869.177693527, 31596160.178582847, 31596449.179466054, 31596739.180352315, 31597028.18123552, 31597318.182121783, 31597608.183008045, 31597897.183891248, 31598186.184774455, 31598477.185663775, 31598765.18654392, 31599056.187433243, 31599345.188316446, 31599635.18920271]	0.0	0.0	0.0
2747.1403401095768	2.0	trials	5.0	0.0	0.0	0.0	0.0	0.0	True	40.0	0.0	0.005	[31698645.491784725, 31698935.49267099, 31699225.493557252, 31699514.494440455, 31699804.49532672, 31700093.49620993, 31700383.49709619, 31700673.49798245, 31700962.498865653, 31701251.499748863, 31701541.50063513, 31701830.50151833, 31702120.502404597, 31702411.50329391, 31702700.504177112, 31702990.505063377, 31703280.50594964, 31703569.506832846, 31703858.50771605, 31704148.50860231]	0.0	0.0	0.0
2753.9561113390673	2.0	trials	5.0	0.0	0.0	0.0	0.0	0.0	True	40.0	0.0	0.005	[31803716.812889628, 31804005.81377283, 31804295.814659093, 31804584.815542303, 31804874.81642856, 31805163.817311764, 31805454.81820108, 31805743.81908429, 31806032.819967493, 31806323.82085681, 31806612.82174002, 31806903.822629336, 31807191.82350949, 31807482.824398804, 31807772.825285066, 31808061.82616827, 31808350.827051472, 31808640.827937737, 31808930.828824, 31809219.82970721]	0.0	0.0	0.0
2759.686436051355	2.0	trials	5.0	0.0	0.0	0.0	0.0	0.0	True	40.0	0.0	0.005	[31882605.0539773, 31882893.054857444, 31883183.055743705, 31883473.05662997, 31883762.057513174, 31884052.05839944, 31884342.0592857, 31884631.060168903, 31884920.061052114, 31885211.06194143, 31885500.062824633, 31885790.0637109, 31886080.06459716, 31886369.065480363, 31886659.066366628, 31886948.06724983, 31887238.068136096, 31887528.069022357, 31887818.069908615, 31888107.070791826]	0.0	0.0	0.0
2768.1753483940856	2.0	trials	5.0	0.0	0.0	0.0	0.0	0.0	True	40.0	0.0	0.005	[31948926.25665927, 31949216.257545535, 31949506.258431796, 31949796.25931806, 31950085.260201264, 31950375.261087526, 31950665.26197379, 31950954.262856994, 31951244.263743255, 31951533.264626462, 31951823.265512723, 31952111.26639287, 31952403.267285243, 31952693.268171504, 31952982.269054715, 31953272.269940972, 31953561.270824183, 31953851.27171044, 31954140.27259365, 31954430.273479912]	0.0	0.0	0.0
2773.9423932185923	2.0	trials	5.0	0.0	0.0	0.0	0.0	0.0	True	40.0	0.0	0.005	[32047177.55692173, 32047467.557807993, 32047756.558691196, 32048047.55958052, 32048337.560466785, 32048626.561349988, 32048915.56223319, 32049205.563119452, 32049495.564005718, 32049784.56488892, 32050073.565772124, 32050363.56665839, 32050653.56754465, 32050942.568427853, 32051233.569317177, 32051523.570203435, 32051813.571089696, 32052102.571972903, 32052392.572859164, 32052681.573742375]	0.0	0.0	0.0
2780.2366524543045	2.0	trials	5.0	0.0	0.0	0.0	0.0	0.0	True	40.0	0.0	0.005	[32113926.760911707, 32114216.76179797, 32114504.76267812, 32114794.76356438, 32115084.76445064, 32115375.765339956, 32115663.76622011, 32115954.767109428, 32116243.76799263, 32116533.768878892, 32116823.769765157, 32117112.77064836, 32117402.771534625, 32117692.772420883, 32117981.77330409, 32118271.774190355, 32118560.775073558, 32118851.775962878, 32119139.776843034, 32119429.777729288]	0.0	0.0	0.0
2787.004817138306	2.0	trials	5.0	0.0	0.0	0.0	0.0	0.0	True	40.0	0.0	0.005	[32186775.98354374, 32187066.98443306, 32187355.98531626, 32187644.986199465, 32187933.987082675, 32188224.98797199, 32188513.988855194, 32188803.98974146, 32189092.990624666, 32189382.991510924, 32189673.992400248, 32189962.99328345, 32190252.994169716, 32190542.995055977, 32190830.99593612, 32191120.996822387, 32191409.997705594, 32191699.99859185, 32191988.999475054, 32192280.000364378]	0.0	0.0	0.0
2794.582379495885	2.0	trials	5.0	0.0	0.0	0.0	0.0	0.0	True	40.0	0.0	0.005	[32265112.222944457, 32265402.223830722, 32265692.224716984, 32265980.225597132, 32266269.22648034, 32266561.227372713, 32266850.22825592, 32267140.22914218, 32267429.230025385, 32267718.230908588, 32268008.231794853, 32268298.232681114, 32268588.23356738, 32268876.234447528, 32269166.235333785, 32269456.236220054, 32269747.23710937, 32270036.237992577, 32270325.23887578, 32270615.23976204]	0.0	0.0	0.0
2801.932622758761	2.0	trials	5.0	0.0	0.0	0.0	0.0	0.0	True	40.0	0.0	0.005	[32352815.49097144, 32353105.4918577, 32353395.492743965, 32353684.49362717, 32353974.494513426, 32354264.49539969, 32354553.496282898, 32354842.4971661, 32355132.498052366, 32355422.498938628, 32355711.49982183, 32356001.500708096, 32356290.5015913, 32356580.502477564, 32356870.503363825, 32357160.504250083, 32357448.50513023, 32357740.506022606, 32358029.50690582, 32358317.50778596]	0.0	0.0	0.0
2808.3824024697547	2.0	trials	5.0	0.0	0.0	0.0	0.0	0.0	True	40.0	0.0	0.005	[32437888.75096094, 32438176.75184109, 32438466.75272735, 32438755.753610555, 32439046.75449987, 32439334.755380023, 32439624.75626628, 32439913.757149488, 32440203.758035753, 32440493.75892201, 32440783.759808276, 32441073.760694534, 32441362.761577748, 32441651.76246095, 32441942.76335026, 32442231.764233474, 32442521.76511973, 32442810.76600294, 32443100.766889203, 32443390.76777546]	0.0	0.0	0.0
2817.1487460603357	2.0	trials	5.0	0.0	0.0	0.0	0.0	0.0	True	40.0	0.0	0.005	[32512537.979093906, 32512826.97997711, 32513117.980866425, 32513406.981749635, 32513695.98263284, 32513984.98351605, 32514275.984405365, 32514564.98528857, 32514854.986174833, 32515143.987058036, 32515433.9879443, 32515722.988827508, 32516013.989716828, 32516302.99060003, 32516591.991483234, 32516881.992369495, 32517170.993252706, 32517460.994138964, 32517751.99502828, 32518041.99591454]	0.0	0.0	0.0
2824.489398893902	2.0	trials	5.0	0.0	0.0	0.0	0.0	0.0	True	40.0	0.0	0.005	[32614000.289169427, 32614290.29005569, 32614580.290941954, 32614870.291828208, 32615158.29270836, 32615448.293594625, 32615737.294477828, 32616028.295367144, 32616317.296250354, 32616606.297133557, 32616895.29801676, 32617187.298909135, 32617476.299792342, 32617765.30067555, 32618054.301558755, 32618344.302445017, 32618634.303331275, 32618924.304217543, 32619214.305103797, 32619504.305990063]	0.0	0.0	0.0
2833.540863355833	2.0	trials	5.0	0.0	0.0	0.0	0.0	0.0	True	40.0	0.0	0.005	[32698960.54881359, 32699251.549702905, 32699540.55058611, 32699829.55146932, 32700119.552355573, 32700410.553244896, 32700698.55412505, 32700988.555011302, 32701277.555894516, 32701567.55678077, 32701858.557670094, 32702147.558553297, 32702437.55943956, 32702727.560325824, 32703015.561205976, 32703305.56209223, 32703596.562981553, 32703883.563858647, 32704174.56474796, 32704463.565631174]	0.0	0.0	0.0
2842.384621582999	2.0	trials	5.0	0.0	0.0	0.0	0.0	0.0	True	40.0	0.0	0.005	[32803724.868980266, 32804012.86986042, 32804302.870746676, 32804592.87163294, 32804882.8725192, 32805171.8734024, 32805461.874288667, 32805750.875171874, 32806040.87605813, 32806329.876941342, 32806619.877827603, 32806909.87871387, 32807199.879600126, 32807489.88048639, 32807777.88136654, 32808068.882255856, 32808357.88313906, 32808647.884025324, 32808937.884911586, 32809226.88579479]	0.0	0.0	0.0
2848.131362345455	2.0	trials	5.0	0.0	0.0	0.0	0.0	0.0	True	40.0	0.0	0.005	[32906082.181790974, 32906372.182677228, 32906660.183557384, 32906950.18444365, 32907241.185332958, 32907531.186219223, 32907819.187099375, 32908110.187988695, 32908399.1888719, 32908689.189758155, 32908979.19064442, 32909268.191527627, 32909558.192413885, 32909847.193297096, 32910138.19418641, 32910426.195066564, 32910717.19595588, 32911006.196839083, 32911296.19772535, 32911584.198605496]	0.0	0.0	0.0
2856.569212132135	2.0	trials	5.0	0.0	0.0	0.0	0.0	0.0	True	40.0	0.0	0.005	[32972594.385056656, 32972884.385942917, 32973173.38682612, 32973462.38770933, 32973752.38859559, 32974042.38948185, 32974332.390368115, 32974622.391254377, 32974911.392137583, 32975202.3930269, 32975491.393910106, 32975780.394793313, 32976070.395679574, 32976360.39656584, 32976649.397449043, 32976939.398335304, 32977229.39922157, 32977518.400104772, 32977808.400991034, 32978097.40187424]	0.0	0.0	0.0
2862.833058474903	2.0	trials	5.0	0.0	0.0	0.0	0.0	0.0	True	40.0	0.0	0.005	[33070254.68351297, 33070544.684399236, 33070834.685285497, 33071123.6861687, 33071412.687051915, 33071704.68794429, 33071992.68882443, 33072282.689710695, 33072571.6905939, 33072861.691480163, 33073151.692366425, 33073441.693252686, 33073731.69413895, 33074020.695022155, 33074310.69590842, 33074600.69679468, 33074889.697677884, 33075178.698561087, 33075467.699444298, 33075758.700333614]	0.0	0.0	0.0
2870.117291936048	2.0	trials	5.0	0.0	0.0	0.0	0.0	0.0	True	40.0	0.0	0.005	[33142753.905075382, 33143042.90595859, 33143331.906841792, 33143621.907728057, 33143910.908611264, 33144200.90949752, 33144490.910383787, 33144779.911266994, 33145070.91215631, 33145359.913039517, 33145649.913925774, 33145939.91481204, 33146228.915695243, 33146518.916581504, 33146808.91746777, 33147096.918347917, 33147386.91923418, 33147676.920120444, 33147965.921003647, 33148255.921889905]	0.0	0.0	0.0
2877.485506453845	2.0	trials	5.0	0.0	0.0	0.0	0.0	0.0	True	40.0	0.0	0.005	[33227061.162723925, 33227352.163613245, 33227640.164493397, 33227930.16537966, 33228220.16626592, 33228509.167149123, 33228799.168035388, 33229088.1689186, 33229378.169804852, 33229668.170691118, 33229957.17157432, 33230248.172463644, 33230537.173346847, 33230826.17423005, 33231117.17511937, 33231407.17600563, 33231696.176888835, 33231985.177772045, 33232275.178658307, 33232565.17954457]	0.0	0.0	0.0
2885.723253228996	2.0	trials	5.0	0.0	0.0	0.0	0.0	0.0	True	40.0	0.0	0.005	[33312342.423349094, 33312631.424232297, 33312920.4251155, 33313210.42600176, 33313500.426888026, 33313789.42777123, 33314080.428660553, 33314369.429543756, 33314659.430430017, 33314948.431313224, 33315238.432199486, 33315527.43308269, 33315817.433968954, 33316107.434855215, 33316396.43573842, 33316686.436624683, 33316976.437510945, 33317266.43839721, 33317554.439277355, 33317844.440163616]	0.0	0.0	0.0
2891.369424084103	2.0	trials	5.0	0.0	0.0	0.0	0.0	0.0	True	40.0	0.0	0.005	[33407685.71472448, 33407976.715613805, 33408264.71649395, 33408554.71738021, 33408843.718263425, 33409134.719152737, 33409424.720039003, 33409713.720922206, 33410002.72180541, 33410292.722691674, 33410582.723577935, 33410872.7244642, 33411161.725347403, 33411451.726233665, 33411741.72711993, 33412031.728006188, 33412319.728886336, 33412610.72977566, 33412899.730658863, 33413189.73154512]	0.0	0.0	0.0
2899.343390853123	2.0	trials	5.0	0.0	0.0	0.0	0.0	0.0	True	40.0	0.0	0.005	[33473034.914435953, 33473324.915322214, 33473614.916208476, 33473903.917091683, 33474194.917981, 33474482.91886115, 33474772.919747412, 33475062.920633674, 33475352.92151994, 33475640.922400083, 33475931.923289403, 33476219.924169555, 33476510.92505887, 33476800.92594513, 33477089.926828336, 33477379.9277146, 33477669.92860086, 33477958.92948407, 33478248.93037033, 33478537.931253534]	0.0	0.0	0.0
2908.30828225048	2.0	trials	5.0	0.0	0.0	0.0	0.0	0.0	True	40.0	0.0	0.005	[33565326.19648421, 33565616.19737047, 33565906.19825673, 33566195.19913994, 33566486.200029254, 33566775.20091246, 33567065.201798715, 33567354.20268193, 33567644.20356819, 33567934.204454444, 33568224.20534071, 33568512.206220865, 33568802.20710713, 33569092.20799339, 33569381.208876595, 33569671.20976286, 33569961.21064911, 33570251.21153537, 33570541.21242164, 33570830.21330484]	0.0	0.0	0.0
2913.853019195598	2.0	trials	5.0	0.0	0.0	0.0	0.0	0.0	True	40.0	0.0	0.005	[33669087.513585635, 33669377.5144719, 33669666.51535511, 33669955.51623832, 33670246.51712763, 33670535.51801084, 33670825.518897094, 33671114.51978031, 33671404.52066656, 33671693.521549776, 33671982.522432975, 33672274.523325354, 33672563.52420856, 33672853.52509482, 33673141.525974974, 33673432.52686429, 33673721.52774749, 33674011.52863375, 33674300.52951696, 33674589.53040017]	0.0	0.0	0.0
2920.188059355939	2.0	trials	5.0	0.0	0.0	0.0	0.0	0.0	True	40.0	0.0	0.005	[33733261.70970622, 33733551.710592486, 33733840.71147569, 33734131.71236501, 33734420.71324821, 33734710.71413447, 33735000.71502074, 33735290.715907, 33735579.7167902, 33735868.717673406, 33736159.71856273, 33736447.719442874, 33736737.720329136, 33737028.72121846, 33737317.722101666, 33737606.722984865, 33737895.72386807, 33738185.72475433, 33738475.725640595, 33738764.7265238]	0.0	0.0	0.0
2925.3956624707516	2.0	trials	5.0	0.0	0.0	0.0	0.0	0.0	True	40.0	0.0	0.005	[33806583.93378378, 33806872.934666984, 33807162.93555325, 33807452.93643951, 33807743.93732882, 33808031.93820898, 33808321.93909524, 33808610.93997844, 33808901.94086776, 33809190.941750966, 33809480.94263723, 33809769.943520434, 33810058.94440364, 33810349.94529296, 33810638.946176164, 33810928.94706242, 33811218.94794869, 33811507.94883189, 33811797.949718155, 33812087.95060442]	0.0	0.0	0.0
2931.3480358616353	2.0	trials	5.0	0.0	0.0	0.0	0.0	0.0	True	40.0	0.0	0.005	[33866858.11798566, 33867148.11887193, 33867436.11975208, 33867726.12063833, 33868016.1215246, 33868306.122410856, 33868595.12329406, 33868884.12417728, 33869175.125066586, 33869465.125952855, 33869754.126836054, 33870044.127722315, 33870333.12860553, 33870622.12948874, 33870913.13037805, 33871203.131264314, 33871491.13214446, 33871781.13303072, 33872072.13392004, 33872361.13480324]	0.0	0.0	0.0
2940.2098517439867	2.0	trials	5.0	0.0	0.0	0.0	0.0	0.0	True	40.0	0.0	0.005	[33935751.32852787, 33936040.32941107, 33936331.33030038, 33936620.3311836, 33936910.33206986, 33937200.33295611, 33937489.33383933, 33937779.33472558, 33938068.335608795, 33938358.33649505, 33938648.33738131, 33938937.338264525, 33939227.33915078, 33939516.34003399, 33939806.340920255, 33940095.341803454, 33940386.34269277, 33940675.34357598, 33940965.34446224, 33941255.3453485]	0.0	0.0	0.0
2945.7597727049474	2.0	trials	5.0	0.0	0.0	0.0	0.0	0.0	True	40.0	0.0	0.005	[34038318.64198034, 34038607.64286355, 34038897.64374982, 34039186.64463302, 34039476.64551928, 34039765.646402486, 34040055.64728875, 34040345.64817501, 34040635.64906127, 34040924.64994448, 34041214.650830746, 34041503.651713945, 34041794.65260326, 34042082.65348341, 34042372.654369675, 34042662.655255936, 34042952.6561422, 34043242.65702846, 34043531.657911666, 34043820.65879487]	0.0	0.0	0.0
2954.6880303903486	2.0	trials	5.0	0.0	0.0	0.0	0.0	0.0	True	40.0	0.0	0.005	[34102552.83828429, 34102843.83917361, 34103131.84005376, 34103421.84094002, 34103711.84182628, 34104001.842712544, 34104290.84359574, 34104581.84448507, 34104869.84536522, 34105159.84625147, 34105450.8471408, 34105739.848024, 34106028.8489072, 34106317.84979042, 34106608.85067973, 34106897.85156293, 34107187.8524492, 34107476.8533324, 34107766.85421867, 34108055.855101876]	0.0	0.0	0.0
2975.293888563344	2.0	trials	6.0	0.0	0.0	0.0	0.0	0.0	True	40.0	0.0	0.005	[34205891.154093005, 34206180.15497621, 34206470.15586247, 34206759.15674568, 34207048.15762889, 34207337.15851209, 34207628.15940141, 34207918.16028767, 34208207.16117088, 34208495.16205103, 34208787.1629434, 34209076.16382661, 34209366.16471287, 34209654.16559302, 34209945.16648234, 34210234.167365536, 34210525.16825486, 34210814.16913807, 34211103.17002127, 34211394.17091059]	0.0	0.0	0.0
2983.1748022479874	2.0	trials	6.0	0.0	0.0	0.0	0.0	0.0	True	40.0	0.0	0.005	[34444383.88294253, 34444672.883825734, 34444962.884712, 34445251.88559521, 34445541.886481464, 34445830.88736467, 34446120.88825094, 34446411.889140256, 34446699.89002041, 34446990.89090972, 34447280.891795985, 34447568.89267614, 34447858.89356239, 34448148.89444865, 34448438.895334914, 34448727.89621812, 34449017.89710438, 34449306.89798759, 34449597.89887691, 34449885.899757065]	0.0	0.0	0.0
2990.720050906814	2.0	trials	6.0	0.0	0.0	0.0	0.0	0.0	True	40.0	0.0	0.005	[34535598.16169939, 34535887.1625826, 34536177.16346886, 34536466.16435207, 34536757.165241376, 34537046.16612459, 34537337.167013906, 34537625.16789406, 34537914.16877726, 34538205.16966657, 34538494.17054979, 34538783.171432994, 34539074.1723223, 34539363.17320551, 34539653.17409177, 34539942.174974985, 34540233.1758643, 34540522.1767475, 34540811.177630715, 34541101.17851697]	0.0	0.0	0.0
2997.8119573801932	2.0	trials	6.0	0.0	0.0	0.0	0.0	0.0	True	40.0	0.0	0.005	[34622925.42857728, 34623215.42946354, 34623505.430349804, 34623795.431236066, 34624085.432122335, 34624374.433005534, 34624663.43388874, 34624953.434775, 34625243.435661264, 34625532.43654447, 34625822.43743073, 34626112.43831699, 34626402.439203255, 34626691.44008646, 34626982.44097578, 34627271.44185899, 34627560.44274219, 34627850.44362845, 34628140.44451472, 34628430.445400976]	0.0	0.0	0.0
3006.013848045765	2.0	trials	6.0	0.0	0.0	0.0	0.0	0.0	True	40.0	0.0	0.005	[34705008.679429114, 34705299.68031843, 34705588.68120164, 34705878.6820879, 34706168.68297416, 34706457.683857374, 34706746.68474057, 34707037.6856299, 34707326.6865131, 34707615.6873963, 34707905.688282564, 34708195.689168826, 34708485.69005509, 34708773.69093524, 34709063.6918215, 34709353.69270776, 34709642.69359097, 34709933.694480285, 34710223.695366554, 34710512.69624975]	0.0	0.0	0.0
3014.7323258900647	2.0	trials	6.0	0.0	0.0	0.0	0.0	0.0	True	40.0	0.0	0.005	[34799938.96954235, 34800228.970428616, 34800518.97131488, 34800807.97219808, 34801097.973084345, 34801386.973967545, 34801675.97485075, 34801965.97573701, 34802255.976623274, 34802544.97750648, 34802835.978395805, 34803124.979279004, 34803415.98016832, 34803703.98104847, 34803993.98193473, 34804282.98281794, 34804572.9837042, 34804862.98459046, 34805151.98547367, 34805442.986362986]	0.0	0.0	0.0
3020.074627016524	2.0	trials	6.0	0.0	0.0	0.0	0.0	0.0	True	40.0	0.0	0.005	[34900847.2779248, 34901137.27881107, 34901426.279694274, 34901716.28058053, 34902005.281463735, 34902295.282349996, 34902585.28323626, 34902875.28412253, 34903165.28500879, 34903453.28588893, 34903743.2867752, 34904033.287661456, 34904322.28854466, 34904612.289430924, 34904902.290317185, 34905191.29120039, 34905481.29208665, 34905771.292972915, 34906060.29385613, 34906350.29474238]	0.0	0.0	0.0
3026.750170617469	2.0	trials	6.0	0.0	0.0	0.0	0.0	0.0	True	40.0	0.0	0.005	[34962679.466888055, 34962968.46777126, 34963258.46865752, 34963548.46954378, 34963837.47042699, 34964127.47131325, 34964417.472199515, 34964706.47308272, 34964996.47396898, 34965285.47485218, 34965574.475735396, 34965865.476624705, 34966154.47750791, 34966444.47839418, 34966733.47927738, 34967023.48016365, 34967314.481052965, 34967603.48193617, 34967892.48281938, 34968182.48370563]	0.0	0.0	0.0
3032.9950953024104	2.0	trials	6.0	0.0	0.0	0.0	0.0	0.0	True	40.0	0.0	0.005	[35039942.703009605, 35040231.703892805, 35040520.70477602, 35040811.705665335, 35041100.706548534, 35041390.7074348, 35041680.708321065, 35041968.70920122, 35042259.71009053, 35042549.710976794, 35042838.71186, 35043127.7127432, 35043418.713632524, 35043707.71451573, 35043996.71539893, 35044287.71628825, 35044577.717174515, 35044865.71805466, 35045155.71894093, 35045445.71982719]	0.0	0.0	0.0
3041.8225238796717	2.0	trials	6.0	0.0	0.0	0.0	0.0	0.0	True	40.0	0.0	0.005	[35112220.92389662, 35112510.92478288, 35112800.92566915, 35113089.92655235, 35113379.92743861, 35113669.92832488, 35113958.92920808, 35114249.93009739, 35114537.930977546, 35114827.93186381, 35115117.93275007, 35115407.93363634, 35115696.93451954, 35115987.93540885, 35116276.93629207, 35116566.93717832, 35116855.938061535, 35117145.93894779, 35117435.93983405, 35117723.9407142]	0.0	0.0	0.0
3048.9142575525234	2.0	trials	6.0	0.0	0.0	0.0	0.0	0.0	True	40.0	0.0	0.005	[35214391.23613584, 35214679.237015985, 35214970.23790531, 35215259.238788515, 35215549.23967477, 35215838.24055798, 35216128.241444245, 35216418.24233051, 35216707.24321371, 35216998.24410303, 35217287.244986236, 35217576.24586944, 35217865.24675264, 35218156.247641966, 35218444.24852211, 35218735.24941143, 35219024.25029464, 35219314.251180895, 35219603.2520641, 35219894.252953425]	0.0	0.0	0.0
3055.984995961212	2.0	trials	6.0	0.0	0.0	0.0	0.0	0.0	True	40.0	0.0	0.005	[35296470.48697545, 35296760.48786171, 35297049.488744915, 35297339.489631176, 35297629.49051744, 35297919.49140371, 35298208.492286906, 35298498.493173175, 35298787.494056374, 35299077.494942635, 35299367.495828904, 35299657.49671516, 35299946.497598365, 35300235.49848157, 35300526.49937089, 35300814.50025104, 35301104.5011373, 35301394.50202356, 35301684.50290983, 35301973.50379303]	0.0	0.0	0.0
3062.7414102093035	2.0	trials	6.0	0.0	0.0	0.0	0.0	0.0	True	40.0	0.0	0.005	[35378308.73707855, 35378597.73796175, 35378886.73884495, 35379177.73973427, 35379466.74061748, 35379755.74150068, 35380045.74238695, 35380334.74327015, 35380624.74415641, 35380915.74504573, 35381203.74592588, 35381494.7468152, 35381783.747698404, 35382073.748584665, 35382363.74947093, 35382652.75035413, 35382942.7512404, 35383232.75212666, 35383521.75300986, 35383811.753896125]	0.0	0.0	0.0
3069.3207903163657	2.0	trials	6.0	0.0	0.0	0.0	0.0	0.0	True	40.0	0.0	0.005	[35456506.97605752, 35456796.97694378, 35457086.977830045, 35457376.978716314, 35457666.979602575, 35457955.980485775, 35458245.98137204, 35458535.982258305, 35458823.98313845, 35459114.98402777, 35459404.984914035, 35459693.98579724, 35459982.98668044, 35460272.9875667, 35460561.98844991, 35460851.98933617, 35461141.99022243, 35461430.99110564, 35461720.9919919, 35462009.99287511]	0.0	0.0	0.0
3077.810825862529	2.0	trials	6.0	0.0	0.0	0.0	0.0	0.0	True	40.0	0.0	0.005	[35532658.20878072, 35532948.209666975, 35533237.21055019, 35533526.211433396, 35533817.212322704, 35534106.21320592, 35534395.214089125, 35534685.21497539, 35534975.21586165, 35535264.216744855, 35535554.21763112, 35535843.21851432, 35536134.21940363, 35536423.220286846, 35536713.22117311, 35537002.222056314, 35537291.22293951, 35537582.22382883, 35537872.2247151, 35538161.225598305]	0.0	0.0	0.0
3085.27865988477	2.0	trials	6.0	0.0	0.0	0.0	0.0	0.0	True	40.0	0.0	0.005	[35630922.509082906, 35631212.509969175, 35631502.51085544, 35631790.51173558, 35632081.512624905, 35632370.51350811, 35632660.514394365, 35632950.515280634, 35633239.51616383, 35633528.51704704, 35633818.51793331, 35634108.51881956, 35634398.51970583, 35634687.52058904, 35634977.52147529, 35635266.5223585, 35635556.52324476, 35635845.52412797, 35636136.52501729, 35636425.52590049]	0.0	0.0	0.0
3091.8867248794954	2.0	trials	6.0	0.0	0.0	0.0	0.0	0.0	True	40.0	0.0	0.005	[35717354.77322561, 35717643.77410882, 35717933.77499508, 35718223.77588134, 35718513.776767604, 35718802.77765081, 35719092.77853707, 35719383.779426396, 35719671.78030654, 35719960.78118975, 35720250.78207601, 35720540.78296227, 35720830.78384853, 35721120.78473479, 35721409.785618, 35721699.78650426, 35721989.78739053, 35722278.78827373, 35722568.78915999, 35722858.79004626]	0.0	0.0	0.0
3099.461695229154	2.0	trials	6.0	0.0	0.0	0.0	0.0	0.0	True	40.0	0.0	0.005	[35793837.00696037, 35794127.00784663, 35794416.008729845, 35794707.009619154, 35794996.01050236, 35795286.01138862, 35795575.01227183, 35795865.01315809, 35796155.01404435, 35796445.01493061, 35796734.01581382, 35797023.01669703, 35797314.01758634, 35797602.018466495, 35797892.01935276, 35798182.02023902, 35798472.02112528, 35798761.022008486, 35799051.02289475, 35799340.023777954]	0.0	0.0	0.0
3104.6555607019827	2.0	trials	6.0	0.0	0.0	0.0	0.0	0.0	True	40.0	0.0	0.005	[35881511.27489872, 35881800.27578193, 35882090.27666819, 35882379.27755139, 35882670.278440714, 35882959.27932392, 35883249.28021018, 35883538.28109339, 35883828.28197965, 35884118.28286591, 35884407.28374912, 35884696.28463232, 35884987.28552164, 35885275.28640179, 35885565.28728805, 35885855.28817432, 35886145.28906058, 35886435.28994684, 35886724.290830046, 35887014.29171631]	0.0	0.0	0.0
3112.7850479462845	2.0	trials	6.0	0.0	0.0	0.0	0.0	0.0	True	40.0	0.0	0.005	[35941624.45860858, 35941914.45949484, 35942204.460381106, 35942494.46126737, 35942783.46215057, 35943073.463036835, 35943362.46392004, 35943652.464806296, 35943941.46568951, 35944231.466575764, 35944521.46746203, 35944811.468348294, 35945100.469231494, 35945391.47012082, 35945680.471004024, 35945969.47188722, 35946259.47277349, 35946549.473659754, 35946838.47454295, 35947127.47542617]	0.0	0.0	0.0
3119.571443086	2.0	trials	6.0	0.0	0.0	0.0	0.0	0.0	True	40.0	0.0	0.005	[36035715.746157765, 36036005.74704403, 36036296.74793335, 36036585.74881655, 36036875.74970282, 36037164.750586025, 36037453.751469225, 36037743.752355486, 36038033.75324175, 36038323.75412801, 36038612.755011216, 36038901.75589442, 36039191.756780684, 36039481.75766695, 36039770.75855015, 36040060.75943641, 36040350.760322675, 36040640.76120894, 36040929.76209214, 36041219.762978405]	0.0	0.0	0.0
3127.965142337753	2.0	trials	6.0	0.0	0.0	0.0	0.0	0.0	True	40.0	0.0	0.005	[36114262.98620332, 36114552.98708958, 36114842.98797584, 36115131.98885904, 36115421.98974531, 36115710.99062852, 36116000.99151477, 36116290.99240104, 36116580.9932873, 36116869.99417051, 36117159.99505677, 36117449.99594303, 36117738.99682624, 36118027.997709446, 36118317.9985957, 36118607.99948197, 36118897.000365175, 36119186.001248375, 36119476.00213464, 36119766.0030209]	0.0	0.0	0.0
3136.545034158524	2.0	trials	6.0	0.0	0.0	0.0	0.0	0.0	True	40.0	0.0	0.005	[36211412.28309798, 36211702.28398425, 36211992.284870505, 36212281.28575371, 36212571.28663998, 36212861.287526235, 36213150.28840944, 36213439.28929265, 36213730.290181965, 36214019.29106518, 36214308.29194838, 36214597.292831585, 36214888.29372091, 36215177.29460411, 36215467.29549037, 36215757.29637664, 36216047.29726289, 36216335.298143044, 36216625.299029306, 36216916.29991862]	0.0	0.0	0.0
3144.2978162515865	2.0	trials	6.0	0.0	0.0	0.0	0.0	0.0	True	40.0	0.0	0.005	[36310715.58657543, 36311005.587461695, 36311295.58834796, 36311584.58923116, 36311874.590117425, 36312164.591003686, 36312453.59188689, 36312743.592773154, 36313033.593659416, 36313322.59454262, 36313612.595428884, 36313902.59631515, 36314191.59719835, 36314481.59808461, 36314771.59897088, 36315060.59985408, 36315349.60073729, 36315639.60162355, 36315929.60250981, 36316218.60339302]	0.0	0.0	0.0
3152.0517215480827	2.0	trials	6.0	0.0	0.0	0.0	0.0	0.0	True	40.0	0.0	0.005	[36400446.86080014, 36400735.86168334, 36401026.862572655, 36401315.86345587, 36401604.86433907, 36401895.865228385, 36402183.86610854, 36402473.8669948, 36402763.86788106, 36403053.86876732, 36403342.86965053, 36403632.8705368, 36403922.87142305, 36404211.87230626, 36404501.87319253, 36404791.87407878, 36405081.87496504, 36405369.875845194, 36405660.87673451, 36405949.87761772]	0.0	0.0	0.0
3158.601207163785	2.0	trials	6.0	0.0	0.0	0.0	0.0	0.0	True	40.0	0.0	0.005	[36490191.13506456, 36490481.135950826, 36490771.13683708, 36491060.137720294, 36491350.138606556, 36491639.139489755, 36491929.140376024, 36492219.141262285, 36492508.142145485, 36492798.14303175, 36493088.14391801, 36493377.144801214, 36493668.14569053, 36493957.14657374, 36494247.14746, 36494536.148343205, 36494825.14922641, 36495115.15011268, 36495404.15099588, 36495694.15188214]	0.0	0.0	0.0
3166.3022354986856	2.0	trials	6.0	0.0	0.0	0.0	0.0	0.0	True	40.0	0.0	0.005	[36565996.366730355, 36566286.367616616, 36566575.368499815, 36566864.36938303, 36567155.370272346, 36567444.371155545, 36567734.372041814, 36568024.372928075, 36568312.37380823, 36568603.37469754, 36568893.375583805, 36569182.37646701, 36569471.37735021, 36569761.37823647, 36570051.37912274, 36570341.380009, 36570630.3808922, 36570920.38177847, 36571209.38266167, 36571498.38354488]	0.0	0.0	0.0
3174.6399473793367	2.0	trials	6.0	0.0	0.0	0.0	0.0	0.0	True	40.0	0.0	0.005	[36655127.639121406, 36655416.64000461, 36655706.640890874, 36655996.641777135, 36656285.64266034, 36656575.6435466, 36656865.644432865, 36657154.64531607, 36657445.646205395, 36657733.64708553, 36658023.6479718, 36658314.648861125, 36658603.649744324, 36658893.650630586, 36659182.65151379, 36659471.652397, 36659761.65328326, 36660051.65416952, 36660340.65505273, 36660631.65594205]	0.0	0.0	0.0
3180.909496139532	2.0	trials	6.0	0.0	0.0	0.0	0.0	0.0	True	40.0	0.0	0.005	[36751629.93403879, 36751918.934922, 36752208.935808256, 36752497.93669146, 36752788.93758078, 36753077.938463986, 36753366.9393472, 36753656.94023346, 36753946.941119716, 36754236.94200598, 36754525.942889184, 36754815.943775445, 36755105.94466171, 36755395.945547976, 36755684.946431175, 36755974.94731744, 36756263.94820064, 36756553.949086905, 36756843.949973166, 36757132.95085637]	0.0	0.0	0.0
3186.6422400592123	2.0	trials	6.0	0.0	0.0	0.0	0.0	0.0	True	40.0	0.0	0.005	[36824194.15579985, 36824483.15668305, 36824773.15756931, 36825062.15845252, 36825352.15933878, 36825642.16022504, 36825932.1611113, 36826222.161997564, 36826511.16288077, 36826800.16376398, 36827090.16465024, 36827381.165539555, 36827670.16642276, 36827959.16730597, 36828249.16819223, 36828539.16907849, 36828828.1699617, 36829118.17084796, 36829406.17172811, 36829697.17261743]	0.0	0.0	0.0
3194.0258338240096	2.0	trials	6.0	0.0	0.0	0.0	0.0	0.0	True	40.0	0.0	0.005	[36890545.3585735, 36890834.3594567, 36891123.36033991, 36891414.361229226, 36891703.36211243, 36891993.362998694, 36892282.3638819, 36892572.36476817, 36892862.365654424, 36893151.36653763, 36893440.36742084, 36893730.3683071, 36894020.36919336, 36894309.37007656, 36894599.37096283, 36894889.37184909, 36895178.3727323, 36895468.37361856, 36895757.374501765, 36896048.37539108]	0.0	0.0	0.0
3202.2405117286603	2.0	trials	6.0	0.0	0.0	0.0	0.0	0.0	True	40.0	0.0	0.005	[36976003.619739585, 36976292.62062279, 36976582.62150905, 36976873.62239838, 36977161.62327852, 36977452.624167845, 36977741.625051044, 36978031.62593731, 36978320.62682051, 36978610.62770677, 36978899.62858998, 36979189.62947624, 36979479.6303625, 36979769.63124877, 36980057.63212892, 36980347.63301518, 36980637.63390144, 36980927.6347877, 36981216.63567091, 36981506.63655717]	0.0	0.0	0.0
3210.5449595076543	2.0	trials	6.0	0.0	0.0	0.0	0.0	0.0	True	40.0	0.0	0.005	[37071079.91029901, 37071369.91118527, 37071659.91207153, 37071949.912957795, 37072238.913841, 37072528.91472726, 37072817.91561047, 37073107.916496724, 37073397.91738299, 37073686.9182662, 37073975.9191494, 37074265.92003567, 37074556.920924984, 37074845.92180819, 37075134.9226914, 37075424.92357765, 37075713.92446086, 37076003.92534713, 37076293.92623338, 37076582.927116595]	0.0	0.0	0.0
3217.720069435309	2.0	trials	6.0	0.0	0.0	0.0	0.0	0.0	True	40.0	0.0	0.005	[37167197.204039805, 37167486.20492301, 37167775.20580621, 37168066.206695534, 37168355.20757874, 37168644.20846194, 37168934.20934821, 37169224.21023447, 37169514.21112073, 37169803.21200394, 37170093.2128902, 37170382.2137734, 37170672.21465967, 37170961.21554287, 37171251.21642914, 37171541.2173154, 37171831.21820166, 37172120.21908487, 37172410.21997113, 37172699.22085433]	0.0	0.0	0.0
3223.2699903962707	2.0	trials	6.0	0.0	0.0	0.0	0.0	0.0	True	40.0	0.0	0.005	[37250241.45782853, 37250532.458717845, 37250822.45960411, 37251111.46048731, 37251401.46137357, 37251690.46225678, 37251980.46314304, 37252270.464029305, 37252559.46491251, 37252849.46579877, 37253139.466685034, 37253428.46756824, 37253718.468454495, 37254008.469340764, 37254297.47022397, 37254586.47110717, 37254876.47199344, 37255166.4728797, 37255455.4737629, 37255745.47464917]	0.0	0.0	0.0
3231.8021028710236	2.0	trials	6.0	0.0	0.0	0.0	0.0	0.0	True	40.0	0.0	0.005	[37314477.65413859, 37314767.65502485, 37315056.655908056, 37315346.65679431, 37315636.65768058, 37315925.658563785, 37316214.659446985, 37316505.6603363, 37316794.661219515, 37317084.66210577, 37317373.66298898, 37317663.66387524, 37317953.6647615, 37318243.66564776, 37318532.66653097, 37318821.66741417, 37319111.668300435, 37319400.66918364, 37319689.67006685, 37319980.670956165]	0.0	0.0	0.0
3237.870511816521	2.0	trials	6.0	0.0	0.0	0.0	0.0	0.0	True	40.0	0.0	0.005	[37413227.95592602, 37413517.956812285, 37413807.95769855, 37414096.95858175, 37414386.959468015, 37414675.96035122, 37414964.96123443, 37415255.962123744, 37415545.963010006, 37415834.96389321, 37416124.964779474, 37416413.96566268, 37416702.96654589, 37416993.9674352, 37417282.96831841, 37417571.96920162, 37417861.97008788, 37418151.97097414, 37418441.9718604, 37418730.97274361]	0.0	0.0	0.0
3246.2158269204083	2.0	trials	6.0	0.0	0.0	0.0	0.0	0.0	True	40.0	0.0	0.005	[37483465.17057559, 37483755.17146185, 37484043.172342, 37484334.17323132, 37484623.174114525, 37484913.17500079, 37485203.17588705, 37485492.17677025, 37485782.17765652, 37486071.17853972, 37486361.17942598, 37486650.18030919, 37486940.18119545, 37487229.18207866, 37487519.18296492, 37487809.183851175, 37488098.18473439, 37488388.18562065, 37488678.186506905, 37488968.18739317]	0.0	0.0	0.0
3254.1298319061807	2.0	trials	6.0	0.0	0.0	0.0	0.0	0.0	True	40.0	0.0	0.005	[37580054.46575885, 37580343.46664206, 37580633.46752832, 37580922.46841153, 37581211.469294734, 37581501.470180996, 37581791.471067265, 37582081.47195352, 37582370.472836725, 37582660.47372299, 37582950.47460925, 37583240.47549551, 37583529.47637872, 37583818.47726192, 37584108.47814818, 37584398.479034446, 37584688.4799207, 37584977.480803914, 37585268.48169323, 37585557.48257644]	0.0	0.0	0.0
3260.6705910952146	2.0	trials	6.0	0.0	0.0	0.0	0.0	0.0	True	40.0	0.0	0.005	[37671650.74568313, 37671940.746569395, 37672230.74745566, 37672520.74834192, 37672809.749225125, 37673099.750111386, 37673388.75099459, 37673677.75187779, 37673967.75276406, 37674257.75365032, 37674547.754536584, 37674837.755422845, 37675126.75630605, 37675416.75719231, 37675705.75807552, 37675995.75896178, 37676285.75984804, 37676574.76073125, 37676864.76161751, 37677154.76250377]	0.0	0.0	0.0
3269.614314427881	2.0	trials	6.0	0.0	0.0	0.0	0.0	0.0	True	40.0	0.0	0.005	[37747353.9770372, 37747643.97792347, 37747932.978806674, 37748222.979692936, 37748511.98057614, 37748801.9814624, 37749091.982348666, 37749380.98323187, 37749670.98411813, 37749961.98500745, 37750250.98589066, 37750540.98677692, 37750829.987660125, 37751119.98854639, 37751408.98942959, 37751698.990315855, 37751987.991199054, 37752278.99208838, 37752567.992971584, 37752857.993857846]	0.0	0.0	0.0
3278.4427798083107	2.0	trials	6.0	0.0	0.0	0.0	0.0	0.0	True	40.0	0.0	0.005	[37850870.2933899, 37851159.29427311, 37851449.29515938, 37851738.29604258, 37852027.29692578, 37852317.297812045, 37852607.298698306, 37852896.29958151, 37853187.30047083, 37853477.30135709, 37853766.3022403, 37854055.303123504, 37854345.304009765, 37854635.30489603, 37854925.30578229, 37855214.306665495, 37855503.307548694, 37855794.30843802, 37856082.30931817, 37856372.31020443]	0.0	0.0	0.0
3285.0526592085803	2.0	trials	6.0	0.0	0.0	0.0	0.0	0.0	True	40.0	0.0	0.005	[37953051.60566274, 37953341.606549, 37953629.607429154, 37953919.60831541, 37954208.60919862, 37954498.610084884, 37954788.61097114, 37955078.61185741, 37955368.61274366, 37955657.613626875, 37955947.61451314, 37956237.61539939, 37956526.616282605, 37956816.61716886, 37957105.618052065, 37957395.618938334, 37957684.61982154, 37957974.620707795, 37958264.621594064, 37958554.62248032]	0.0	0.0	0.0
3292.276671685686	2.0	trials	6.0	0.0	0.0	0.0	0.0	0.0	True	40.0	0.0	0.005	[38029553.83945862, 38029842.84034182, 38030132.84122808, 38030422.84211435, 38030711.84299755, 38031001.84388381, 38031291.84477008, 38031581.845656335, 38031871.8465426, 38032160.8474258, 38032450.848312065, 38032739.84919528, 38033029.85008153, 38033319.850967795, 38033608.851851, 38033898.85273726, 38034188.853623524, 38034476.85450368, 38034766.85538994, 38035057.856279254]	0.0	0.0	0.0
3300.1906766714583	2.0	trials	6.0	0.0	0.0	0.0	0.0	0.0	True	40.0	0.0	0.005	[38113165.094980136, 38113455.0958664, 38113745.09675266, 38114034.097635865, 38114324.09852213, 38114615.09941144, 38114904.10029464, 38115193.10117786, 38115483.10206412, 38115772.102947325, 38116061.103830524, 38116352.10471984, 38116640.1056, 38116931.106489316, 38117221.10737557, 38117510.108258784, 38117799.10914198, 38118089.11002825, 38118380.11091757, 38118668.11179772]	0.0	0.0	0.0
3305.8926620971383	2.0	trials	6.0	0.0	0.0	0.0	0.0	0.0	True	40.0	0.0	0.005	[38204762.374907464, 38205052.37579373, 38205341.37667694, 38205632.37756625, 38205920.3784464, 38206210.37933267, 38206500.38021892, 38206790.38110519, 38207080.381991446, 38207369.38287465, 38207659.38376092, 38207948.38464412, 38208239.385533445, 38208528.386416644, 38208818.387302905, 38209106.38818306, 38209397.38907237, 38209686.38995558, 38209976.39084185, 38210265.39172505]	0.0	0.0	0.0
3313.3306880282844	2.0	trials	6.0	0.0	0.0	0.0	0.0	0.0	True	40.0	0.0	0.005	[38270757.57659317, 38271046.57747637, 38271336.57836263, 38271626.5792489, 38271917.58013821, 38272205.58101836, 38272496.581907675, 38272785.58279088, 38273074.583674096, 38273364.58456035, 38273653.58544356, 38273943.586329825, 38274233.58721608, 38274523.58810234, 38274812.58898555, 38275103.58987486, 38275392.59075807, 38275681.59164128, 38275971.59252754, 38276260.593410745]	0.0	0.0	0.0
3321.5326650941206	2.0	trials	6.0	0.0	0.0	0.0	0.0	0.0	True	40.0	0.0	0.005	[38356846.83968763, 38357135.84057084, 38357426.84146016, 38357715.84234336, 38358005.84322962, 38358295.84411589, 38358584.84499909, 38358874.84588535, 38359164.84677162, 38359453.84765482, 38359743.84854109, 38360032.84942429, 38360322.85031055, 38360611.851193756, 38360901.85208002, 38361191.85296628, 38361480.853849486, 38361770.85473575, 38362059.85561895, 38362350.85650828]	0.0	0.0	0.0
3327.7789721832874	2.0	trials	6.0	0.0	0.0	0.0	0.0	0.0	True	40.0	0.0	0.005	[38451777.12980086, 38452066.13068408, 38452357.131573394, 38452645.13245354, 38452936.13334286, 38453224.13422301, 38453514.13510927, 38453805.13599859, 38454093.13687874, 38454384.13776806, 38454673.13865126, 38454963.13953752, 38455252.140420735, 38455542.14130699, 38455832.14219326, 38456121.143076465, 38456411.14396272, 38456700.144845925, 38456991.14573524, 38457280.14661845]	0.0	0.0	0.0
3336.0590550878205	2.0	trials	6.0	0.0	0.0	0.0	0.0	0.0	True	40.0	0.0	0.005	[38524072.35073984, 38524362.3516261, 38524651.352509305, 38524940.35339251, 38525230.35427877, 38525519.35516197, 38525809.35604824, 38526098.35693144, 38526389.357820764, 38526679.358707026, 38526968.35959023, 38527258.360476494, 38527548.36136275, 38527838.36224902, 38528127.36313222, 38528416.36401543, 38528705.36489863, 38528995.3657849, 38529285.36667116, 38529574.36755436]	0.0	0.0	0.0
3356.287948908785	2.0	trials	7.0	0.0	0.0	0.0	0.0	0.0	True	40.0	0.0	0.005	[38619906.64361576, 38620196.64450203, 38620485.64538523, 38620774.646268435, 38621064.6471547, 38621354.64804096, 38621644.64892723, 38621934.64981348, 38622222.65069363, 38622512.651579894, 38622803.65246921, 38623092.65335242, 38623381.654235624, 38623671.655121885, 38623961.65600815, 38624251.65689441, 38624541.65778067, 38624829.65866082, 38625119.65954708, 38625409.660433345]	0.0	0.0	0.0
3364.5907550827615	2.0	trials	7.0	0.0	0.0	0.0	0.0	0.0	True	40.0	0.0	0.005	[38854037.35913469, 38854326.360017896, 38854616.36090416, 38854906.36179042, 38855195.362673625, 38855485.36355988, 38855775.36444615, 38856065.3653324, 38856354.36621561, 38856643.36709882, 38856933.367985085, 38857222.368868284, 38857513.3697576, 38857802.370640814, 38858091.37152401, 38858382.37241333, 38858671.37329654, 38858961.3741828, 38859251.37506906, 38859540.375952266]	0.0	0.0	0.0
3371.6845623619506	2.0	trials	7.0	0.0	0.0	0.0	0.0	0.0	True	40.0	0.0	0.005	[38950133.652811304, 38950424.65370062, 38950713.65458383, 38951002.65546703, 38951293.65635635, 38951582.65723956, 38951871.65812276, 38952161.65900902, 38952451.659895286, 38952740.66077849, 38953031.66166781, 38953320.662551016, 38953609.66343422, 38953899.664320484, 38954189.665206745, 38954478.666089945, 38954768.66697621, 38955058.667862475, 38955347.668745674, 38955636.66962889]	0.0	0.0	0.0
3378.200351874675	2.0	trials	7.0	0.0	0.0	0.0	0.0	0.0	True	40.0	0.0	0.005	[39032238.90373038, 39032528.90461663, 39032818.90550289, 39033107.9063861, 39033396.90726931, 39033686.908155575, 39033975.909038775, 39034265.909925036, 39034555.910811305, 39034845.91169756, 39035135.91258382, 39035424.91346703, 39035712.91434718, 39036003.915236495, 39036293.91612276, 39036583.91700902, 39036873.91789528, 39037162.91877849, 39037451.91966169, 39037741.920547955]	0.0	0.0	0.0
3387.248446726308	2.0	trials	7.0	0.0	0.0	0.0	0.0	0.0	True	40.0	0.0	0.005	[39107653.134201236, 39107942.13508444, 39108233.13597376, 39108522.136856966, 39108811.13774018, 39109101.13862644, 39109390.13950964, 39109680.14039591, 39109970.14128216, 39110259.14216537, 39110549.14305164, 39110839.14393789, 39111128.1448211, 39111418.14570737, 39111708.14659362, 39111997.14747683, 39112288.148366146, 39112576.1492463, 39112866.15013257, 39113156.15101882]	0.0	0.0	0.0
3396.383114642515	2.0	trials	7.0	0.0	0.0	0.0	0.0	0.0	True	40.0	0.0	0.005	[39212376.454242624, 39212665.45512582, 39212955.456012085, 39213244.45689529, 39213535.45778461, 39213825.45867087, 39214114.459554076, 39214403.46043728, 39214693.46132355, 39214983.462209806, 39215273.46309607, 39215562.46397928, 39215852.464865535, 39216141.46574874, 39216431.466635, 39216721.467521265, 39217010.46840448, 39217300.46929073, 39217589.47017394, 39217879.4710602]	0.0	0.0	0.0
3405.0564915489826	2.0	trials	7.0	0.0	0.0	0.0	0.0	0.0	True	40.0	0.0	0.005	[39318100.77734313, 39318390.77822939, 39318680.779115655, 39318969.77999886, 39319259.78088512, 39319548.78176832, 39319838.78265459, 39320127.78353779, 39320418.784427114, 39320707.78531032, 39320997.78619658, 39321287.78708284, 39321576.78796605, 39321865.78884925, 39322155.78973552, 39322445.79062178, 39322734.79150498, 39323024.79239125, 39323314.79327751, 39323603.79416071]	0.0	0.0	0.0
3412.0164648191653	2.0	trials	7.0	0.0	0.0	0.0	0.0	0.0	True	40.0	0.0	0.005	[39418487.08413032, 39418777.08501657, 39419067.08590283, 39419356.08678604, 39419647.08767536, 39419935.088555515, 39420225.08944177, 39420515.09032803, 39420804.091211244, 39421095.09210056, 39421384.09298376, 39421674.09387002, 39421964.09475629, 39422253.09563949, 39422542.0965227, 39422832.09740896, 39423122.09829522, 39423411.099178426, 39423702.10006775, 39423990.100947894]	0.0	0.0	0.0
3418.0712225229436	2.0	trials	7.0	0.0	0.0	0.0	0.0	0.0	True	40.0	0.0	0.005	[39499042.33031246, 39499332.33119872, 39499622.33208498, 39499912.33297125, 39500201.33385445, 39500491.33474072, 39500781.335626975, 39501070.33651018, 39501359.33739339, 39501650.338282704, 39501939.33916591, 39502228.34004912, 39502519.340938434, 39502808.34182164, 39503098.3427079, 39503387.34359111, 39503677.34447738, 39503966.34536058, 39504257.34624989, 39504546.34713311]	0.0	0.0	0.0
3425.55858300486	2.0	trials	7.0	0.0	0.0	0.0	0.0	0.0	True	40.0	0.0	0.005	[39569120.54447611, 39569411.54536543, 39569700.54624864, 39569990.5471349, 39570279.548018105, 39570569.54890437, 39570859.54979063, 39571149.55067689, 39571438.5515601, 39571727.552443296, 39572017.553329565, 39572307.554215826, 39572597.55510209, 39572886.555985294, 39573176.55687155, 39573465.55775476, 39573755.558641024, 39574045.559527285, 39574334.56041049, 39574624.56129675]	0.0	0.0	0.0
3431.0608974203305	2.0	trials	7.0	0.0	0.0	0.0	0.0	0.0	True	40.0	0.0	0.005	[39655779.809312545, 39656069.810198806, 39656360.81108812, 39656649.81197134, 39656938.812854536, 39657228.8137408, 39657518.814627066, 39657808.81551332, 39658097.81639653, 39658387.817282796, 39658676.818165995, 39658965.8190492, 39659255.81993546, 39659545.820821725, 39659835.821707994, 39660124.82259119, 39660414.823477454, 39660703.82436066, 39660993.82524692, 39661283.826133184]	0.0	0.0	0.0
3436.9315361614276	2.0	trials	7.0	0.0	0.0	0.0	0.0	0.0	True	40.0	0.0	0.005	[39719464.00393565, 39719755.004824966, 39720044.00570817, 39720334.006594434, 39720624.0074807, 39720913.0083639, 39721202.00924711, 39721492.01013337, 39721782.01101963, 39722072.01190589, 39722361.0127891, 39722650.01367231, 39722941.01456162, 39723230.01544483, 39723520.01633109, 39723810.01721735, 39724100.018103614, 39724389.01898682, 39724678.01987003, 39724968.02075629]	0.0	0.0	0.0
3442.73201788812	2.0	trials	7.0	0.0	0.0	0.0	0.0	0.0	True	40.0	0.0	0.005	[39787412.21158986, 39787702.21247612, 39787991.213359326, 39788281.21424559, 39788571.21513185, 39788860.216015056, 39789150.21690132, 39789440.21778758, 39789729.218670785, 39790018.21955399, 39790309.22044331, 39790598.221326515, 39790888.22221278, 39791178.22309904, 39791467.223982245, 39791756.22486545, 39792046.22575171, 39792336.226637974, 39792625.22752117, 39792915.22840744]	0.0	0.0	0.0
3449.774935411786	2.0	trials	7.0	0.0	0.0	0.0	0.0	0.0	True	40.0	0.0	0.005	[39854546.41675642, 39854835.41763963, 39855125.41852589, 39855415.41941215, 39855705.42029841, 39855994.42118162, 39856284.42206788, 39856573.42295109, 39856863.42383735, 39857154.424726665, 39857442.42560682, 39857733.42649613, 39858022.42737934, 39858311.42826255, 39858601.42914881, 39858891.43003507, 39859181.43092133, 39859470.43180454, 39859759.432687744, 39860049.433574]	0.0	0.0	0.0
3457.347227353259	2.0	trials	7.0	0.0	0.0	0.0	0.0	0.0	True	40.0	0.0	0.005	[39936062.665875465, 39936351.666758664, 39936640.66764187, 39936931.66853119, 39937220.66941439, 39937510.67030066, 39937799.67118386, 39938089.67207012, 39938379.67295639, 39938668.67383959, 39938957.6747228, 39939248.675612114, 39939537.67649532, 39939826.67737853, 39940116.67826479, 39940406.67915105, 39940695.68003426, 39940985.68092052, 39941275.68180678, 39941565.68269304]	0.0	0.0	0.0
3465.5010794720206	2.0	trials	7.0	0.0	0.0	0.0	0.0	0.0	True	40.0	0.0	0.005	[40023704.933716014, 40023994.934602275, 40024283.93548549, 40024572.93636869, 40024862.93725496, 40025152.93814121, 40025441.93902442, 40025731.93991069, 40026021.94079694, 40026311.9416832, 40026600.94256642, 40026890.94345267, 40027180.94433893, 40027469.94522214, 40027759.9461084, 40028048.946991615, 40028338.94787787, 40028628.94876413, 40028917.949647345, 40029207.9505336]	0.0	0.0	0.0
3470.886148729183	2.0	trials	7.0	0.0	0.0	0.0	0.0	0.0	True	40.0	0.0	0.005	[40118077.22212396, 40118367.22301023, 40118656.223893434, 40118946.22477969, 40119236.22566595, 40119525.226549156, 40119815.227435425, 40120105.22832168, 40120394.229204886, 40120684.23009115, 40120973.23097436, 40121263.231860615, 40121553.23274688, 40121843.23363314, 40122133.23451941, 40122422.23540261, 40122711.23628581, 40123001.237172075, 40123290.23805529, 40123581.2389446]	0.0	0.0	0.0
3479.5177079078526	2.0	trials	7.0	0.0	0.0	0.0	0.0	0.0	True	40.0	0.0	0.005	[40180404.41259997, 40180694.413486235, 40180983.414369434, 40181273.4152557, 40181563.416141964, 40181853.417028226, 40182142.41791143, 40182432.418797694, 40182721.41968089, 40183011.42056716, 40183301.421453424, 40183590.42233663, 40183880.42322289, 40184170.424109146, 40184459.42499236, 40184748.42587556, 40185039.42676488, 40185328.42764809, 40185618.42853435, 40185908.42942061]	0.0	0.0	0.0
3485.8411704328123	2.0	trials	7.0	0.0	0.0	0.0	0.0	0.0	True	40.0	0.0	0.005	[40280306.71790801, 40280597.71879733, 40280886.71968053, 40281176.720566794, 40281465.72145, 40281755.72233626, 40282044.72321947, 40282335.72410879, 40282623.72498894, 40282913.7258752, 40283202.7267584, 40283493.72764772, 40283783.72853399, 40284072.72941719, 40284362.73030345, 40284652.73118972, 40284941.73207292, 40285231.73295918, 40285520.73384239, 40285810.73472865]	0.0	0.0	0.0
3491.3550624836657	2.0	trials	7.0	0.0	0.0	0.0	0.0	0.0	True	40.0	0.0	0.005	[40353494.94157605, 40353785.94246537, 40354075.943351634, 40354364.94423484, 40354653.94511805, 40354943.94600431, 40355233.94689057, 40355523.94777683, 40355811.948656976, 40356101.94954324, 40356392.95043256, 40356680.951312706, 40356971.95220203, 40357260.953085236, 40357550.9539715, 40357840.95485776, 40358129.955740966, 40358419.95662723, 40358709.95751349, 40358997.95839363]	0.0	0.0	0.0
3500.1097420386004	2.0	trials	7.0	0.0	0.0	0.0	0.0	0.0	True	40.0	0.0	0.005	[40417313.13660867, 40417603.13749494, 40417893.1383812, 40418182.1392644, 40418472.140150666, 40418761.141033866, 40419051.14192013, 40419342.14280945, 40419631.14369265, 40419920.14457586, 40420210.145462126, 40420500.14634838, 40420790.14723465, 40421080.14812091, 40421369.14900411, 40421658.14988732, 40421948.15077358, 40422238.15165985, 40422528.15254611, 40422817.15342931]	0.0	0.0	0.0
3507.5462127649935	2.0	trials	7.0	0.0	0.0	0.0	0.0	0.0	True	40.0	0.0	0.005	[40518640.44627162, 40518931.44716093, 40519220.44804414, 40519509.44892735, 40519800.44981667, 40520089.45069987, 40520378.45158308, 40520668.45246934, 40520957.45335255, 40521247.45423881, 40521537.45512507, 40521827.45601133, 40522117.45689759, 40522406.4577808, 40522695.45866401, 40522985.45955027, 40523275.46043653, 40523565.461322784, 40523854.462206, 40524145.463095315]	0.0	0.0	0.0
3516.6273989177557	2.0	trials	7.0	0.0	0.0	0.0	0.0	0.0	True	40.0	0.0	0.005	[40604710.70930803, 40605001.710197344, 40605289.71107749, 40605580.71196681, 40605869.71285002, 40606159.71373628, 40606449.71462254, 40606738.71550575, 40607028.71639201, 40607317.71727522, 40607607.71816148, 40607897.71904774, 40608187.719934, 40608476.7208172, 40608765.721700415, 40609056.72258973, 40609345.72347294, 40609635.7243592, 40609924.725242406, 40610214.72612867]	0.0	0.0	0.0
3525.375684853151	2.0	trials	7.0	0.0	0.0	0.0	0.0	0.0	True	40.0	0.0	0.005	[40709818.030522935, 40710107.03140615, 40710397.0322924, 40710687.033178665, 40710976.03406187, 40711266.03494813, 40711555.03583135, 40711845.0367176, 40712135.03760386, 40712424.03848707, 40712715.03937639, 40713003.040256545, 40713294.04114585, 40713584.04203212, 40713873.04291532, 40714163.04380159, 40714452.04468479, 40714742.04557105, 40715031.04645426, 40715321.04734052]	0.0	0.0	0.0
3531.7960884743693	2.0	trials	7.0	0.0	0.0	0.0	0.0	0.0	True	40.0	0.0	0.005	[40811070.339956686, 40811360.34084295, 40811649.34172615, 40811940.34261546, 40812230.343501724, 40812519.34438493, 40812809.34527119, 40813098.3461544, 40813388.34704066, 40813677.347923875, 40813967.34881013, 40814257.34969639, 40814546.3505796, 40814836.35146586, 40815125.35234907, 40815415.35323533, 40815704.35411853, 40815994.3550048, 40816283.355888, 40816574.35677732]	0.0	0.0	0.0
3537.3899871697295	2.0	trials	7.0	0.0	0.0	0.0	0.0	0.0	True	40.0	0.0	0.005	[40885381.5670567, 40885670.5679399, 40885960.56882617, 40886251.569715485, 40886538.570592575, 40886830.571484946, 40887119.57236816, 40887408.57325137, 40887699.574140675, 40887987.57502083, 40888278.57591014, 40888567.57679336, 40888857.57767961, 40889146.578562826, 40889436.57944909, 40889725.58033229, 40890015.581218556, 40890304.582101755, 40890595.58299107, 40890885.58387733]	0.0	0.0	0.0
3545.0981003262814	2.0	trials	7.0	0.0	0.0	0.0	0.0	0.0	True	40.0	0.0	0.005	[40950125.76491924, 40950414.76580245, 40950704.766688704, 40950994.767574966, 40951282.76845512, 40951572.76934138, 40951862.77022764, 40952151.77111085, 40952442.772000164, 40952731.77288337, 40953021.77376963, 40953311.77465589, 40953600.77553911, 40953890.77642536, 40954180.77731162, 40954469.77819483, 40954759.77908109, 40955049.77996736, 40955338.78085056, 40955627.781733766]	0.0	0.0	0.0
3551.8238424806373	2.0	trials	7.0	0.0	0.0	0.0	0.0	0.0	True	40.0	0.0	0.005	[41039339.037560895, 41039628.038444094, 41039918.03933036, 41040208.040216625, 41040498.041102886, 41040788.04198914, 41041077.042872354, 41041367.04375861, 41041656.04464182, 41041946.045528084, 41042236.04641434, 41042526.0473006, 41042814.04818075, 41043103.04906396, 41043394.04995328, 41043684.050839536, 41043974.0517258, 41044263.05260901, 41044553.053495266, 41044842.05437848]	0.0	0.0	0.0
3557.1335707075505	2.0	trials	7.0	0.0	0.0	0.0	0.0	0.0	True	40.0	0.0	0.005	[41117184.27546108, 41117474.27634734, 41117762.27722749, 41118053.278116815, 41118342.279000014, 41118632.279886276, 41118922.280772544, 41119211.28165574, 41119500.28253895, 41119791.28342827, 41120080.28431147, 41120370.285197735, 41120659.28608094, 41120949.2869672, 41121238.28785041, 41121528.28873667, 41121818.28962293, 41122107.29050614, 41122398.291395456, 41122687.292278655]	0.0	0.0	0.0
3565.102526261256	2.0	trials	7.0	0.0	0.0	0.0	0.0	0.0	True	40.0	0.0	0.005	[41178638.46326914, 41178929.46415845, 41179218.46504165, 41179508.46592792, 41179797.46681112, 41180087.46769738, 41180376.468580596, 41180666.46946685, 41180955.47035006, 41181245.47123632, 41181534.47211953, 41181825.47300885, 41182114.47389205, 41182404.47477831, 41182694.47566458, 41182983.47654778, 41183273.47743404, 41183562.478317246, 41183853.47920657, 41184142.480089776]	0.0	0.0	0.0
3571.762863415728	2.0	trials	7.0	0.0	0.0	0.0	0.0	0.0	True	40.0	0.0	0.005	[41270872.74514319, 41271161.7460264, 41271451.74691265, 41271741.74779892, 41272030.74868212, 41272320.74956838, 41272610.75045465, 41272900.75134091, 41273189.75222412, 41273479.75311038, 41273768.75399358, 41274058.75487985, 41274348.75576611, 41274638.75665237, 41274927.75753558, 41275217.75842184, 41275507.7593081, 41275795.760188244, 41276085.761074506, 41276375.761960775]	0.0	0.0	0.0
3577.4021222497117	2.0	trials	7.0	0.0	0.0	0.0	0.0	0.0	True	40.0	0.0	0.005	[41347958.98072381, 41348248.981610075, 41348538.982496336, 41348827.98337954, 41349116.98426275, 41349406.98514901, 41349696.98603527, 41349986.986921534, 41350275.98780474, 41350565.988691, 41350854.98957421, 41351144.99046047, 41351434.991346724, 41351724.99223299, 41352013.9931162, 41352302.99399941, 41352592.99488567, 41352883.995774984, 41353172.99665819, 41353461.9975414]	0.0	0.0	0.0
3586.468620357586	2.0	trials	7.0	0.0	0.0	0.0	0.0	0.0	True	40.0	0.0	0.005	[41413228.180190794, 41413519.18108011, 41413808.18196332, 41414098.18284958, 41414387.183732785, 41414676.18461599, 41414966.18550226, 41415256.186388515, 41415546.18727478, 41415836.18816104, 41416125.189044245, 41416415.189930506, 41416704.19081371, 41416994.191699974, 41417284.192586236, 41417573.19346944, 41417863.194355704, 41418153.195241965, 41418442.19612517, 41418732.19701143]	0.0	0.0	0.0
3595.1684357448526	2.0	trials	7.0	0.0	0.0	0.0	0.0	0.0	True	40.0	0.0	0.005	[41518164.50088312, 41518453.501766324, 41518744.50265565, 41519033.50353885, 41519323.504425116, 41519612.505308315, 41519902.50619458, 41520192.507080846, 41520481.507964045, 41520770.50884725, 41521060.50973351, 41521350.510619774, 41521640.511506036, 41521929.51238924, 41522219.513275504, 41522508.51415871, 41522798.51504497, 41523088.515931234, 41523378.5168175, 41523667.5177007]	0.0	0.0	0.0
3601.9424756468093	2.0	trials	7.0	0.0	0.0	0.0	0.0	0.0	True	40.0	0.0	0.005	[41618858.80861157, 41619147.80949478, 41619436.810377985, 41619726.81126425, 41620015.81214745, 41620305.81303371, 41620595.81391998, 41620885.81480624, 41621175.8156925, 41621464.816575706, 41621753.81745891, 41622043.81834517, 41622332.81922838, 41622622.820114635, 41622912.821000904, 41623201.82188411, 41623492.82277343, 41623780.82365357, 41624070.82453984, 41624360.825426094]	0.0	0.0	0.0
3610.6784927447097	2.0	trials	7.0	0.0	0.0	0.0	0.0	0.0	True	40.0	0.0	0.005	[41697261.048213996, 41697551.04910026, 41697840.049983464, 41698129.05086666, 41698419.05175293, 41698709.05263919, 41698998.0535224, 41699288.05440866, 41699577.05529186, 41699867.05617813, 41700157.05706439, 41700446.05794759, 41700736.05883386, 41701026.059720114, 41701315.06060332, 41701605.06148959, 41701895.06237584, 41702184.06325905, 41702474.06414532, 41702764.06503157]	0.0	0.0	0.0
3616.504548949559	2.0	trials	7.0	0.0	0.0	0.0	0.0	0.0	True	40.0	0.0	0.005	[41798372.357216835, 41798662.35810309, 41798951.358986296, 41799242.35987561, 41799531.36075882, 41799820.361642025, 41800110.362528294, 41800399.36341149, 41800689.364297755, 41800979.36518402, 41801267.36606417, 41801558.36695349, 41801848.367839746, 41802137.36872295, 41802427.36960922, 41802717.370495476, 41803006.37137868, 41803295.37226189, 41803585.37314815, 41803875.37403441]	0.0	0.0	0.0
3625.049535063656	2.0	trials	7.0	0.0	0.0	0.0	0.0	0.0	True	40.0	0.0	0.005	[41865803.56329104, 41866092.56417426, 41866382.56506052, 41866672.56594678, 41866962.566833034, 41867252.5677193, 41867540.56859945, 41867831.569488764, 41868120.57037197, 41868410.57125823, 41868699.57214144, 41868989.5730277, 41869278.573910914, 41869568.57479717, 41869857.575680375, 41870148.57656969, 41870437.5774529, 41870727.57833916, 41871017.57922542, 41871306.58010863]	0.0	0.0	0.0
3631.582431828662	2.0	trials	7.0	0.0	0.0	0.0	0.0	0.0	True	40.0	0.0	0.005	[41964703.8655369, 41964993.86642316, 41965282.86730637, 41965572.86819263, 41965861.86907584, 41966151.869962096, 41966441.87084836, 41966731.87173462, 41967021.87262089, 41967309.87350103, 41967600.87439035, 41967889.875273556, 41968179.87615982, 41968468.87704302, 41968758.877929285, 41969048.87881555, 41969337.87969875, 41969626.88058196, 41969916.88146822, 41970207.88235754]	0.0	0.0	0.0
3636.7432924006253	2.0	trials	7.0	0.0	0.0	0.0	0.0	0.0	True	40.0	0.0	0.005	[42040316.09661287, 42040606.09749913, 42040895.09838234, 42041185.0992686, 42041474.10015181, 42041764.10103807, 42042054.10192433, 42042343.10280754, 42042633.1036938, 42042922.104577, 42043212.10546327, 42043502.10634952, 42043792.10723579, 42044081.108118996, 42044370.109002195, 42044660.109888464, 42044950.110774726, 42045239.111657925, 42045529.112544194, 42045819.11343045]	0.0	0.0	0.0
3645.210777477873	2.0	trials	7.0	0.0	0.0	0.0	0.0	0.0	True	40.0	0.0	0.005	[42100047.27915531, 42100337.280041575, 42100627.28092783, 42100916.28181104, 42101206.2826973, 42101496.28358356, 42101786.28446982, 42102075.28535303, 42102365.28623929, 42102654.2871225, 42102944.28800876, 42103234.28889502, 42103524.28978128, 42103813.29066449, 42104102.29154769, 42104392.292433955, 42104681.29331716, 42104972.29420648, 42105262.29509274, 42105551.295975946]	0.0	0.0	0.0
3654.112683082741	2.0	trials	7.0	0.0	0.0	0.0	0.0	0.0	True	40.0	0.0	0.005	[42198051.578662924, 42198339.57954306, 42198629.58042933, 42198919.58131559, 42199209.58220185, 42199498.58308506, 42199788.58397132, 42200077.58485453, 42200368.585743845, 42200657.58662705, 42200946.58751026, 42201236.58839652, 42201526.58928278, 42201816.59016904, 42202105.59105225, 42202395.59193851, 42202685.59282477, 42202975.59371103, 42203263.594591185, 42203554.595480494]	0.0	0.0	0.0
3659.8306525572702	2.0	trials	7.0	0.0	0.0	0.0	0.0	0.0	True	40.0	0.0	0.005	[42301082.893533416, 42301371.89441662, 42301661.895302884, 42301951.896189146, 42302241.89707541, 42302530.897958614, 42302820.898844875, 42303109.89972808, 42303400.9006174, 42303688.90149755, 42303978.90238381, 42304268.90327007, 42304558.904156335, 42304847.90503954, 42305137.9059258, 42305427.906812064, 42305716.90769527, 42306006.90858153, 42306296.9094678, 42306586.910354055]	0.0	0.0	0.0
3668.683828413217	2.0	trials	7.0	0.0	0.0	0.0	0.0	0.0	True	40.0	0.0	0.005	[42367263.095784485, 42367552.09666769, 42367841.0975509, 42368131.09843715, 42368421.09932342, 42368711.10020968, 42369000.10109288, 42369289.1019761, 42369579.10286235, 42369869.10374861, 42370159.10463488, 42370448.10551808, 42370738.10640435, 42371028.10729061, 42371318.10817687, 42371607.10906008, 42371896.10994328, 42372186.11082954, 42372476.11171581, 42372766.11260207]	0.0	0.0	0.0
3675.335093539965	2.0	trials	7.0	0.0	0.0	0.0	0.0	0.0	True	40.0	0.0	0.005	[42469730.40893136, 42470019.40981457, 42470308.41069777, 42470598.41158403, 42470888.412470296, 42471177.4133535, 42471468.41424282, 42471757.415126026, 42472047.41601229, 42472336.41689549, 42472626.417781755, 42472915.418664955, 42473206.41955428, 42473495.420437485, 42473784.421320684, 42474074.42220695, 42474364.423093215, 42474654.423979476, 42474944.42486574, 42475232.42574588]	0.0	0.0	0.0
3683.3568396550013	2.0	trials	7.0	0.0	0.0	0.0	0.0	0.0	True	40.0	0.0	0.005	[42546711.644191094, 42547001.645077355, 42547291.645963624, 42547580.64684682, 42547870.64773309, 42548159.64861629, 42548450.64950561, 42548739.65038882, 42549028.65127202, 42549317.65215523, 42549607.65304149, 42549897.65392775, 42550187.65481401, 42550477.65570028, 42550767.656586535, 42551056.65746975, 42551345.65835295, 42551636.659242265, 42551924.66012242, 42552214.66100868]	0.0	0.0	0.0
3689.513290469561	2.0	trials	7.0	0.0	0.0	0.0	0.0	0.0	True	40.0	0.0	0.005	[42639556.92793242, 42639845.92881562, 42640136.929704934, 42640425.93058815, 42640715.9314744, 42641004.93235762, 42641294.93324387, 42641584.93413013, 42641873.93501335, 42642163.9358996, 42642452.93678281, 42642742.937669076, 42643032.93855533, 42643321.939438544, 42643611.9403248, 42643901.94121106, 42644190.942094274, 42644480.94298053, 42644770.94386679, 42645060.94475305]	0.0	0.0	0.0
3694.677607052087	2.0	trials	7.0	0.0	0.0	0.0	0.0	0.0	True	40.0	0.0	0.005	[42710811.14569001, 42711101.14657627, 42711391.14746253, 42711681.14834879, 42711970.14923199, 42712261.15012132, 42712549.15100147, 42712839.15188772, 42713129.15277399, 42713419.15366025, 42713708.15454346, 42713998.15542972, 42714287.15631292, 42714577.15719919, 42714866.158082396, 42715156.15896865, 42715446.15985492, 42715735.160738125, 42716025.16162438, 42716315.16251065]	0.0	0.0	0.0
3702.372846569296	2.0	trials	7.0	0.0	0.0	0.0	0.0	0.0	True	40.0	0.0	0.005	[42770583.32835774, 42770873.32924401, 42771164.33013333, 42771453.33101653, 42771742.33189973, 42772032.332785994, 42772322.33367226, 42772611.33455546, 42772902.33544478, 42773191.33632799, 42773481.337214254, 42773770.33809746, 42774060.33898372, 42774349.33986692, 42774639.34075319, 42774928.34163639, 42775218.34252265, 42775507.34340586, 42775798.344295174, 42776087.34517838]	0.0	0.0	0.0
3707.87265537711	2.0	trials	7.0	0.0	0.0	0.0	0.0	0.0	True	40.0	0.0	0.005	[42859649.60055015, 42859938.60143336, 42860227.602316566, 42860518.60320588, 42860807.60408909, 42861096.604972295, 42861387.60586161, 42861676.60674482, 42861965.60762802, 42862255.60851429, 42862544.60939749, 42862834.61028375, 42863124.611170016, 42863413.61205322, 42863703.612939484, 42863993.613825746, 42864283.61471201, 42864572.615595214, 42864862.616481476, 42865152.61736774]	0.0	0.0	0.0
3792.5553685736145	2.0	trials	8.0	0.0	0.0	0.0	0.0	0.0	True	40.0	0.0	0.005	[42923303.79508157, 42923593.79596783, 42923883.7968541, 42924173.797740355, 42924462.79862356, 42924752.79950982, 42925042.800396085, 42925331.80127929, 42925620.8021625, 42925911.803051814, 42926199.80393197, 42926490.80482128, 42926779.80570449, 42927069.80659075, 42927358.80747396, 42927649.80836328, 42927937.80924342, 42928227.81012969, 42928517.81101595, 42928806.811899155]	0.0	0.0	0.0
3800.097506822935	2.0	trials	8.0	0.0	0.0	0.0	0.0	0.0	True	40.0	0.0	0.005	[43903428.79040827, 43903718.79129453, 43904007.79217774, 43904296.793060936, 43904586.793947205, 43904876.79483347, 43905166.79571973, 43905455.796602935, 43905745.797489196, 43906034.7983724, 43906324.799258664, 43906614.800144926, 43906904.80103119, 43907193.801914394, 43907482.80279759, 43907772.80368386, 43908061.80456706, 43908351.80545332, 43908641.80633959, 43908931.80722585]	0.0	0.0	0.0
3806.3316314748718	2.0	trials	8.0	0.0	0.0	0.0	0.0	0.0	True	40.0	0.0	0.005	[43990722.05718225, 43991012.058068514, 43991301.05895172, 43991590.05983493, 43991880.06072119, 43992170.06160745, 43992459.06249066, 43992749.06337692, 43993039.06426318, 43993328.06514639, 43993619.06603571, 43993908.06691891, 43994197.06780212, 43994487.06868838, 43994777.06957464, 43995066.070457846, 43995356.07134411, 43995646.07223037, 43995935.073113576, 43996224.073996775]	0.0	0.0	0.0
3813.6815291366906	2.0	trials	8.0	0.0	0.0	0.0	0.0	0.0	True	40.0	0.0	0.005	[44062876.27769032, 44063165.27857353, 44063454.27945673, 44063744.28034299, 44064035.281232305, 44064324.28211551, 44064613.282998726, 44064904.283888035, 44065193.28477124, 44065483.2856575, 44065772.28654071, 44066061.287423916, 44066351.28831018, 44066642.2891995, 44066931.2900827, 44067221.29096896, 44067510.29185217, 44067800.29273843, 44068090.29362469, 44068379.29450789]	0.0	0.0	0.0
3819.418074667989	2.0	trials	8.0	0.0	0.0	0.0	0.0	0.0	True	40.0	0.0	0.005	[44147943.53766148, 44148233.53854774, 44148523.53943401, 44148812.54031721, 44149102.54120347, 44149392.54208974, 44149681.54297294, 44149971.5438592, 44150261.54474547, 44150551.54563172, 44150840.54651493, 44151130.5474012, 44151420.54828745, 44151708.5491676, 44151998.550053865, 44152288.550940126, 44152578.551826395, 44152868.55271265, 44153156.5535928, 44153447.55448212]	0.0	0.0	0.0
3825.46583395038	2.0	trials	8.0	0.0	0.0	0.0	0.0	0.0	True	40.0	0.0	0.005	[44214338.74056961, 44214628.74145586, 44214917.74233907, 44215207.74322533, 44215496.74410854, 44215786.7449948, 44216076.74588106, 44216366.74676732, 44216655.74765053, 44216945.74853679, 44217235.74942305, 44217523.7503032, 44217813.75118947, 44218104.75207879, 44218393.752961986, 44218682.7538452, 44218973.754734516, 44219262.755617715, 44219552.75650398, 44219842.757390246]	0.0	0.0	0.0
3832.4615769298775	2.0	trials	8.0	0.0	0.0	0.0	0.0	0.0	True	40.0	0.0	0.005	[44284336.95448877, 44284626.95537502, 44284915.95625823, 44285205.9571445, 44285495.95803075, 44285784.95891396, 44286074.95980022, 44286363.96068343, 44286653.9615697, 44286943.96245595, 44287233.96334221, 44287522.96422543, 44287811.965108626, 44288101.96599489, 44288391.96688115, 44288681.96776741, 44288970.96865062, 44289259.96953382, 44289549.970420085, 44289839.971306354]	0.0	0.0	0.0
3841.572311972943	2.0	trials	8.0	0.0	0.0	0.0	0.0	0.0	True	40.0	0.0	0.005	[44365305.20193308, 44365595.20281934, 44365885.203705594, 44366175.20459186, 44366464.20547506, 44366754.20636132, 44367044.20724759, 44367333.20813079, 44367623.20901705, 44367913.20990332, 44368203.21078958, 44368492.21167279, 44368781.21255599, 44369071.21344225, 44369360.214325465, 44369651.21521478, 44369940.21609798, 44370230.21698425, 44370519.21786745, 44370809.21875371]	0.0	0.0	0.0
3850.589216329256	2.0	trials	8.0	0.0	0.0	0.0	0.0	0.0	True	40.0	0.0	0.005	[44470754.52419317, 44471043.525076374, 44471333.52596263, 44471623.5268489, 44471912.5277321, 44472203.52862142, 44472491.52950157, 44472781.530387826, 44473071.531274095, 44473361.53216036, 44473650.533043556, 44473939.53392677, 44474230.53481609, 44474519.535699286, 44474809.536585554, 44475098.537468754, 44475389.53835808, 44475677.53923823, 44475967.54012448, 44476257.54101075]	0.0	0.0	0.0
3858.7778013541647	2.0	trials	8.0	0.0	0.0	0.0	0.0	0.0	True	40.0	0.0	0.005	[44575115.84312825, 44575406.84401756, 44575696.84490383, 44575985.84578703, 44576274.84667024, 44576564.8475565, 44576853.84843971, 44577143.84932597, 44577433.85021223, 44577723.851098485, 44578012.8519817, 44578302.85286796, 44578592.853754215, 44578881.85463743, 44579171.85552368, 44579460.8564069, 44579750.85729316, 44580040.85817941, 44580330.85906568, 44580619.85994888]	0.0	0.0	0.0
3864.646020887869	2.0	trials	8.0	0.0	0.0	0.0	0.0	0.0	True	40.0	0.0	0.005	[44669892.132770844, 44670181.13365405, 44670471.13454031, 44670761.13542657, 44671050.13630978, 44671340.13719604, 44671629.13807925, 44671920.13896857, 44672209.13985177, 44672498.14073498, 44672789.1416243, 44673078.1425075, 44673368.14339377, 44673657.14427697, 44673946.145160176, 44674236.14604644, 44674526.1469327, 44674816.14781896, 44675105.14870217, 44675395.14958843]	0.0	0.0	0.0
3873.118603580695	2.0	trials	8.0	0.0	0.0	0.0	0.0	0.0	True	40.0	0.0	0.005	[44737811.34033643, 44738100.34121963, 44738389.34210284, 44738680.34299216, 44738969.343875356, 44739259.344761625, 44739549.34564789, 44739838.34653109, 44740127.3474143, 44740417.348300554, 44740707.34918682, 44740997.350073084, 44741287.350959346, 44741576.35184255, 44741866.352728814, 44742155.35361201, 44742445.35449828, 44742734.35538148, 44743024.35626775, 44743314.35715401]	0.0	0.0	0.0
3880.018010265782	2.0	trials	8.0	0.0	0.0	0.0	0.0	0.0	True	40.0	0.0	0.005	[44835872.64001823, 44836162.64090449, 44836451.6417877, 44836741.64267396, 44837031.64356022, 44837320.64444343, 44837609.64532664, 44837900.64621595, 44838189.64709916, 44838479.64798542, 44838768.64886863, 44839058.64975488, 44839348.65064115, 44839638.65152741, 44839927.65241061, 44840217.65329688, 44840506.65418009, 44840796.65506635, 44841085.655949555, 44841375.65683581]	0.0	0.0	0.0
3888.2080640951795	2.0	trials	8.0	0.0	0.0	0.0	0.0	0.0	True	40.0	0.0	0.005	[44915727.884061135, 44916017.88494739, 44916306.8858306, 44916595.8867138, 44916885.88760007, 44917175.88848633, 44917465.889372595, 44917754.8902558, 44918044.89114206, 44918333.89202526, 44918623.89291153, 44918912.89379473, 44919202.894681, 44919493.89557031, 44919782.896453515, 44920071.89733673, 44920361.89822299, 44920651.899109244, 44920940.89999246, 44921230.90087871]	0.0	0.0	0.0
3894.518912181588	2.0	trials	8.0	0.0	0.0	0.0	0.0	0.0	True	40.0	0.0	0.005	[45010519.17374957, 45010809.17463583, 45011099.1755221, 45011389.17640836, 45011678.177291565, 45011967.17817477, 45012257.179061025, 45012547.179947294, 45012837.180833556, 45013126.181716755, 45013416.182603024, 45013705.18348623, 45013995.184372485, 45014285.18525875, 45014574.18614195, 45014864.18702822, 45015154.18791448, 45015444.188800745, 45015733.18968395, 45016022.19056716]	0.0	0.0	0.0
3900.6586013449228	2.0	trials	8.0	0.0	0.0	0.0	0.0	0.0	True	40.0	0.0	0.005	[45083562.39697448, 45083851.397857696, 45084141.39874395, 45084431.39963021, 45084720.400513425, 45085009.401396625, 45085300.40228594, 45085589.403169155, 45085878.404052354, 45086169.40494167, 45086457.40582182, 45086747.406708084, 45087037.40759435, 45087326.40847755, 45087617.40936687, 45087906.41025008, 45088195.41113328, 45088485.41201954, 45088774.41290275, 45089064.41378901]	0.0	0.0	0.0
3906.430484584216	2.0	trials	8.0	0.0	0.0	0.0	0.0	0.0	True	40.0	0.0	0.005	[45154623.614142254, 45154913.615028515, 45155203.61591478, 45155492.61679798, 45155782.617684245, 45156071.61856745, 45156360.61945066, 45156650.62033692, 45156940.62122318, 45157229.62210639, 45157519.62299266, 45157809.62387891, 45158099.62476517, 45158388.62564838, 45158678.62653464, 45158968.6274209, 45159257.62830411, 45159547.62919037, 45159837.63007663, 45160126.63095984]	0.0	0.0	0.0
3912.136358021778	2.0	trials	8.0	0.0	0.0	0.0	0.0	0.0	True	40.0	0.0	0.005	[45221427.818300314, 45221716.81918351, 45222006.82006978, 45222295.82095299, 45222584.821836196, 45222874.82272246, 45223164.82360871, 45223454.82449497, 45223743.82537818, 45224032.826261394, 45224322.827147655, 45224612.82803392, 45224901.82891712, 45225191.829803385, 45225481.83068964, 45225771.8315759, 45226061.83246217, 45226350.83334537, 45226639.83422858, 45226929.83511484]	0.0	0.0	0.0
3920.2184979213825	2.0	trials	8.0	0.0	0.0	0.0	0.0	0.0	True	40.0	0.0	0.005	[45287468.02012353, 45287757.02100673, 45288047.021892995, 45288337.022779256, 45288626.02366246, 45288916.024548724, 45289206.025434986, 45289495.02631819, 45289785.027204454, 45290074.02808766, 45290364.02897392, 45290654.02986018, 45290943.03074339, 45291233.03162965, 45291523.03251591, 45291812.03339912, 45292102.03428538, 45292391.03516859, 45292681.03605485, 45292971.03694111]	0.0	0.0	0.0
3926.380564753106	2.0	trials	8.0	0.0	0.0	0.0	0.0	0.0	True	40.0	0.0	0.005	[45381011.30599799, 45381300.30688119, 45381590.30776746, 45381880.30865372, 45382169.30953692, 45382458.310420126, 45382747.31130334, 45383038.312192656, 45383327.313075855, 45383618.31396517, 45383907.314848386, 45384196.315731585, 45384486.31661785, 45384776.317504115, 45385066.31839037, 45385355.319273576, 45385645.320159845, 45385935.3210461, 45386224.32192931, 45386513.32281251]	0.0	0.0	0.0
3933.382442151351	2.0	trials	8.0	0.0	0.0	0.0	0.0	0.0	True	40.0	0.0	0.005	[45452330.52395422, 45452620.52484049, 45452910.52572675, 45453199.52660995, 45453489.52749622, 45453778.52837942, 45454068.52926569, 45454358.53015195, 45454647.53103515, 45454937.53192142, 45455227.53280768, 45455517.53369394, 45455806.534577146, 45456095.535460345, 45456385.53634661, 45456675.537232876, 45456965.53811914, 45457254.53900234, 45457543.53988555, 45457834.54077487]	0.0	0.0	0.0
3939.8867404289567	2.0	trials	8.0	0.0	0.0	0.0	0.0	0.0	True	40.0	0.0	0.005	[45533370.771618575, 45533660.77250484, 45533949.77338804, 45534239.774274305, 45534529.775160566, 45534819.77604683, 45535109.77693309, 45535398.777816296, 45535687.7786995, 45535977.779585764, 45536267.780472025, 45536557.78135828, 45536847.78224455, 45537135.7831247, 45537425.78401096, 45537715.78489722, 45538005.78578348, 45538294.78666669, 45538585.78755601, 45538874.78843921]	0.0	0.0	0.0
3946.9128099011336	2.0	trials	8.0	0.0	0.0	0.0	0.0	0.0	True	40.0	0.0	0.005	[45608653.001686044, 45608943.0025723, 45609232.003455505, 45609521.00433871, 45609811.00522497, 45610101.006111234, 45610391.006997496, 45610681.00788376, 45610970.008766964, 45611260.009653226, 45611549.01053643, 45611839.011422694, 45612129.012308955, 45612419.01319522, 45612708.01407842, 45612997.01496163, 45613287.01584789, 45613577.01673415, 45613867.017620414, 45614156.01850362]	0.0	0.0	0.0
3952.8646648904337	2.0	trials	8.0	0.0	0.0	0.0	0.0	0.0	True	40.0	0.0	0.005	[45689972.25020303, 45690263.251092345, 45690552.25197556, 45690841.25285876, 45691131.25374502, 45691421.25463129, 45691710.25551449, 45692000.25640075, 45692290.25728701, 45692579.25817022, 45692869.259056486, 45693158.259939685, 45693448.26082595, 45693738.261712216, 45694028.26259847, 45694317.26348168, 45694607.26436794, 45694897.2652542, 45695186.266137406, 45695476.26702367]	0.0	0.0	0.0
3959.2333147534887	2.0	trials	8.0	0.0	0.0	0.0	0.0	0.0	True	40.0	0.0	0.005	[45758859.460726894, 45759148.4616101, 45759439.46249942, 45759728.463382624, 45760017.46426583, 45760307.465152085, 45760596.4660353, 45760887.466924615, 45761176.46780782, 45761466.46869408, 45761756.469580345, 45762045.47046355, 45762335.47134981, 45762624.47223301, 45762914.47311928, 45763204.47400554, 45763494.474891804, 45763783.47577501, 45764073.47666127, 45764362.47754448]	0.0	0.0	0.0
3967.3608147917175	2.0	trials	8.0	0.0	0.0	0.0	0.0	0.0	True	40.0	0.0	0.005	[45832570.68599327, 45832860.68687952, 45833149.68776273, 45833439.688649, 45833729.68953525, 45834019.69042152, 45834308.69130472, 45834598.69219098, 45834887.6930742, 45835178.693963505, 45835467.69484672, 45835756.69572992, 45836046.69661618, 45836336.69750245, 45836625.69838565, 45836915.69927191, 45837205.70015818, 45837494.70104138, 45837784.70192764, 45838073.702810846]	0.0	0.0	0.0
3973.5887186246428	2.0	trials	8.0	0.0	0.0	0.0	0.0	0.0	True	40.0	0.0	0.005	[45926638.97347216, 45926927.97435536, 45927218.975244686, 45927507.97612789, 45927796.9770111, 45928086.97789736, 45928376.97878362, 45928666.979669884, 45928955.98055309, 45929245.98143935, 45929535.98232561, 45929824.98320882, 45930113.98409202, 45930404.984981336, 45930694.985867605, 45930983.98675081, 45931272.98763402, 45931562.98852028, 45931852.98940654, 45932141.99028975]	0.0	0.0	0.0
3982.361369434499	2.0	trials	8.0	0.0	0.0	0.0	0.0	0.0	True	40.0	0.0	0.005	[45998721.19376019, 45999012.19464951, 45999301.19553271, 45999591.19641897, 45999880.19730218, 46000170.19818844, 46000459.199071646, 46000749.19995791, 46001038.200841114, 46001328.201727375, 46001618.20261364, 46001908.2034999, 46002198.20438616, 46002487.20526937, 46002777.20615563, 46003066.207038835, 46003356.207925096, 46003645.2088083, 46003935.209694564, 46004225.210580826]	0.0	0.0	0.0
3987.5391644582155	2.0	trials	8.0	0.0	0.0	0.0	0.0	0.0	True	40.0	0.0	0.005	[46100257.504061855, 46100546.50494506, 46100836.50583132, 46101126.506717585, 46101416.50760385, 46101705.50848705, 46101995.50937331, 46102285.510259576, 46102573.51113973, 46102863.51202599, 46103153.51291225, 46103443.51379851, 46103733.514684774, 46104022.51556798, 46104312.516454235, 46104602.5173405, 46104891.51822371, 46105180.51910692, 46105470.51999318, 46105760.52087943]	0.0	0.0	0.0
3994.9252638306702	2.0	trials	8.0	0.0	0.0	0.0	0.0	0.0	True	40.0	0.0	0.005	[46160184.68720328, 46160473.68808649, 46160763.68897275, 46161053.68985901, 46161342.69074222, 46161632.69162848, 46161922.69251474, 46162211.693397954, 46162501.69428421, 46162791.69517047, 46163081.69605674, 46163370.69693994, 46163660.69782621, 46163949.698709406, 46164239.69959567, 46164529.70048194, 46164819.70136819, 46165108.7022514, 46165398.70313766, 46165687.704020865]	0.0	0.0	0.0
4002.6051241008795	2.0	trials	8.0	0.0	0.0	0.0	0.0	0.0	True	40.0	0.0	0.005	[46245671.94845799, 46245961.94934426, 46246251.95023052, 46246540.95111372, 46246830.95199999, 46247120.952886246, 46247410.953772515, 46247699.954655714, 46247989.955541976, 46248279.956428245, 46248568.957311444, 46248859.95820077, 46249147.95908092, 46249437.95996717, 46249727.96085344, 46250016.96173664, 46250306.9626229, 46250596.96350917, 46250885.96439237, 46251175.96527863]	0.0	0.0	0.0
4008.1760403260027	2.0	trials	8.0	0.0	0.0	0.0	0.0	0.0	True	40.0	0.0	0.005	[46334560.22010643, 46334849.22098963, 46335139.22187589, 46335429.22276216, 46335718.22364536, 46336009.224534675, 46336298.22541788, 46336587.22630109, 46336877.22718735, 46337166.22807056, 46337456.22895682, 46337746.22984309, 46338036.23072934, 46338325.23161255, 46338615.23249881, 46338904.23338202, 46339194.23426828, 46339484.23515454, 46339773.236037746, 46340063.23692401]	0.0	0.0	0.0
4015.403681614198	2.0	trials	8.0	0.0	0.0	0.0	0.0	0.0	True	40.0	0.0	0.005	[46399038.417156056, 46399327.418039255, 46399616.41892246, 46399906.41980872, 46400196.420694984, 46400485.42157819, 46400775.42246445, 46401065.423350714, 46401355.42423698, 46401645.42512324, 46401934.42600645, 46402224.426892705, 46402513.42777591, 46402803.42866218, 46403092.42954538, 46403382.43043164, 46403671.43131485, 46403961.43220111, 46404251.43308737, 46404541.43397363]	0.0	0.0	0.0
4024.1632859841834	2.0	trials	8.0	0.0	0.0	0.0	0.0	0.0	True	40.0	0.0	0.005	[46482691.67280592, 46482980.67368913, 46483270.674575396, 46483560.67546165, 46483849.67634486, 46484139.677231126, 46484428.678114325, 46484717.67899753, 46485008.67988685, 46485296.68076701, 46485587.681656316, 46485877.68254258, 46486167.68342884, 46486456.68431205, 46486746.68519831, 46487035.686081514, 46487325.686967775, 46487614.68785098, 46487904.68873724, 46488194.689623505]	0.0	0.0	0.0
4030.747850107088	2.0	trials	8.0	0.0	0.0	0.0	0.0	0.0	True	40.0	0.0	0.005	[46584074.982640006, 46584364.983526275, 46584654.984412536, 46584943.985295735, 46585233.986182004, 46585523.987068266, 46585813.98795453, 46586102.988837734, 46586392.989723995, 46586681.9906072, 46586971.99149346, 46587261.992379725, 46587550.99326293, 46587839.99414613, 46588130.995035455, 46588419.99591866, 46588708.99680186, 46588998.99768812, 46589288.99857439, 46589577.99945759]	0.0	0.0	0.0
4038.035625979059	2.0	trials	8.0	0.0	0.0	0.0	0.0	0.0	True	40.0	0.0	0.005	[46660285.21554351, 46660574.21642672, 46660865.21731604, 46661153.21819619, 46661443.21908245, 46661733.21996871, 46662023.220854975, 46662313.22174124, 46662602.222624436, 46662892.223510705, 46663181.224393904, 46663471.225280166, 46663761.226166435, 46664051.227052696, 46664340.227935895, 46664630.228822164, 46664919.22970536, 46665210.23059469, 46665498.23147483, 46665788.23236109]	0.0	0.0	0.0
4044.2395969388435	2.0	trials	8.0	0.0	0.0	0.0	0.0	0.0	True	40.0	0.0	0.005	[46744635.47332347, 46744924.47420668, 46745214.47509294, 46745504.4759792, 46745794.47686546, 46746083.47774867, 46746373.47863493, 46746662.47951813, 46746952.4804044, 46747242.48129066, 46747532.48217692, 46747821.48306013, 46748111.48394639, 46748400.4848296, 46748690.48571586, 46748979.48659906, 46749269.48748533, 46749559.48837159, 46749848.48925479, 46750138.49014106]	0.0	0.0	0.0
4050.79772258095	2.0	trials	8.0	0.0	0.0	0.0	0.0	0.0	True	40.0	0.0	0.005	[46816440.69276497, 46816729.69364817, 46817019.69453443, 46817309.69542069, 46817599.69630695, 46817888.69719016, 46818177.698073365, 46818467.698959626, 46818757.699845895, 46819047.70073215, 46819337.70161841, 46819625.70249856, 46819915.703384824, 46820205.704271086, 46820495.70515735, 46820784.706040554, 46821074.706926815, 46821364.70781308, 46821653.70869628, 46821944.70958561]	0.0	0.0	0.0
4057.8054751971504	2.0	trials	8.0	0.0	0.0	0.0	0.0	0.0	True	40.0	0.0	0.005	[46892344.92473331, 46892633.92561651, 46892923.92650277, 46893212.92738598, 46893502.92827224, 46893791.92915545, 46894081.93004171, 46894371.93092797, 46894660.931811176, 46894951.93270049, 46895239.933580644, 46895530.93446997, 46895818.93535012, 46896109.93623943, 46896398.937122636, 46896688.9380089, 46896977.938892104, 46897267.939778365, 46897556.94066157, 46897847.941550896]	0.0	0.0	0.0
4066.656059045175	2.0	trials	8.0	0.0	0.0	0.0	0.0	0.0	True	40.0	0.0	0.005	[46973452.172602415, 46973742.17348867, 46974032.17437493, 46974321.17525814, 46974611.1761444, 46974901.17703066, 46975192.177919984, 46975479.17879708, 46975770.1796864, 46976059.1805696, 46976349.18145586, 46976638.182339065, 46976928.183225326, 46977218.18411159, 46977508.18499786, 46977797.185881056, 46978086.18676426, 46978376.187650524, 46978665.18853374, 46978955.18941999]	0.0	0.0	0.0
4074.7436421614143	2.0	trials	8.0	0.0	0.0	0.0	0.0	0.0	True	40.0	0.0	0.005	[47075890.48566066, 47076180.486546926, 47076469.487430125, 47076759.48831639, 47077048.48919959, 47077338.490085855, 47077627.49096906, 47077917.49185532, 47078207.492741585, 47078497.493627846, 47078786.49451105, 47079076.495397314, 47079366.49628358, 47079655.49716678, 47079945.498053044, 47080234.49893625, 47080524.49982251, 47080813.50070572, 47081103.50159198, 47081393.50247824]	0.0	0.0	0.0
4081.3617295867693	2.0	trials	8.0	0.0	0.0	0.0	0.0	0.0	True	40.0	0.0	0.005	[47169495.7717246, 47169785.77261085, 47170076.773500174, 47170365.77438338, 47170654.77526658, 47170944.77615285, 47171234.77703911, 47171523.77792231, 47171813.77880858, 47172103.77969484, 47172392.78057804, 47172682.78146431, 47172972.78235056, 47173262.78323683, 47173551.78412004, 47173841.78500629, 47174130.78588951, 47174420.78677577, 47174710.78766203, 47174999.788545236]	0.0	0.0	0.0
4087.9078455921745	2.0	trials	8.0	0.0	0.0	0.0	0.0	0.0	True	40.0	0.0	0.005	[47246094.00581385, 47246384.00670011, 47246674.00758638, 47246964.008472644, 47247254.009358905, 47247543.01024211, 47247832.01112531, 47248122.01201157, 47248412.01289784, 47248702.013784096, 47248992.014670365, 47249281.01555357, 47249570.01643677, 47249860.01732304, 47250150.01820929, 47250440.019095555, 47250729.01997877, 47251019.02086502, 47251309.02175129, 47251598.0226345]	0.0	0.0	0.0
4094.4540479978427	1.9999999999995453	trials	8.0	0.0	0.0	0.0	0.0	0.0	True	40.0	0.0	0.005	[47321860.23736046, 47322150.238246724, 47322440.239132985, 47322729.24001619, 47323018.24089939, 47323309.24178871, 47323598.24267192, 47323887.24355512, 47324178.24444444, 47324467.245327644, 47324756.24621085, 47325046.24709712, 47325336.24798337, 47325625.24886659, 47325915.24975285, 47326204.25063605, 47326494.25152232, 47326784.25240857, 47327074.25329484, 47327364.254181094]	0.0	0.0	0.0
4100.3385971814505	2.0	trials	8.0	0.0	0.0	0.0	0.0	0.0	True	40.0	0.0	0.005	[47397625.468904, 47397915.469790265, 47398205.470676534, 47398495.471562795, 47398784.472446, 47399074.47333226, 47399363.47421546, 47399654.47510479, 47399943.47598799, 47400233.476874255, 47400522.47775746, 47400812.47864372, 47401102.479529984, 47401391.48041319, 47401681.48129945, 47401970.48218266, 47402260.48306892, 47402550.48395518, 47402839.48483839, 47403129.48572465]	0.0	0.0	0.0
4108.788370204569	2.0	trials	8.0	0.0	0.0	0.0	0.0	0.0	True	40.0	0.0	0.005	[47465733.677047186, 47466023.67793345, 47466313.678819716, 47466603.67970597, 47466892.68058917, 47467182.68147543, 47467471.682358645, 47467761.68324491, 47468051.684131175, 47468341.68501743, 47468630.68590063, 47468920.68678689, 47469209.687670104, 47469500.68855942, 47469789.689442635, 47470078.690325834, 47470368.691212095, 47470658.69209835, 47470947.692981556, 47471237.693867825]	0.0	0.0	0.0
4114.980245127387	2.0	trials	8.0	0.0	0.0	0.0	0.0	0.0	True	40.0	0.0	0.005	[47563532.97592831, 47563820.97680844, 47564111.97769777, 47564400.978580974, 47564690.97946724, 47564979.98035044, 47565269.981236696, 47565558.9821199, 47565848.98300617, 47566139.98389549, 47566428.9847787, 47566718.985664956, 47567006.98654511, 47567296.98743137, 47567586.98831763, 47567876.98920389, 47568165.99008709, 47568455.99097336, 47568744.99185657, 47569034.99274283]	0.0	0.0	0.0
4122.780028964092	2.0	trials	8.0	0.0	0.0	0.0	0.0	0.0	True	40.0	0.0	0.005	[47635197.194938876, 47635487.19582514, 47635777.196711406, 47636067.197597675, 47636357.19848393, 47636646.199367136, 47636936.2002534, 47637225.2011366, 47637516.202025935, 47637805.20290913, 47638094.20379234, 47638384.2046786, 47638674.20556486, 47638963.206448056, 47639253.207334325, 47639543.208220586, 47639832.2091038, 47640122.20999006, 47640411.21087326, 47640700.21175647]	0.0	0.0	0.0
4129.284154441169	2.0	trials	8.0	0.0	0.0	0.0	0.0	0.0	True	40.0	0.0	0.005	[47725473.47082914, 47725762.47171235, 47726051.47259556, 47726341.47348181, 47726631.47436808, 47726920.47525129, 47727210.47613755, 47727499.47702076, 47727789.47790702, 47728079.47879327, 47728368.47967648, 47728659.4805658, 47728948.48144901, 47729237.48233222, 47729527.48321846, 47729817.48410473, 47730107.48499099, 47730396.485874206, 47730686.48676047, 47730975.48764367]	0.0	0.0	0.0
4136.256828550167	2.0	trials	8.0	0.0	0.0	0.0	0.0	0.0	True	40.0	0.0	0.005	[47800751.70088438, 47801042.7017737, 47801331.70265691, 47801621.703543164, 47801911.70442943, 47802200.70531264, 47802490.70619889, 47802779.7070821, 47803069.70796837, 47803359.70885462, 47803648.709737845, 47803937.710621044, 47804228.71151035, 47804517.71239356, 47804807.71327983, 47805096.714163035, 47805386.71504929, 47805675.7159325, 47805965.716818765, 47806255.71770502]	0.0	0.0	0.0
4185.7940743395775	2.0	trials	9.0	0.0	0.0	0.0	0.0	0.0	True	5.0	0.0	0.01	[47881454.94751883, 47881744.948405094, 47882032.94928525, NaN, NaN, NaN, NaN, NaN, NaN, NaN, NaN, NaN, NaN, NaN, NaN, NaN, NaN, NaN, NaN, NaN]	0.0	0.0	0.0
4193.678271234254	2.0	trials	9.0	0.0	0.0	0.0	0.0	0.0	True	5.0	0.0	0.01	[47882322.950171515, 47882612.95105777, 47882902.95194402, NaN, NaN, NaN, NaN, NaN, NaN, NaN, NaN, NaN, NaN, NaN, NaN, NaN, NaN, NaN, NaN, NaN]	0.0	0.0	0.0
4199.120278265422	2.0	trials	9.0	0.0	0.0	0.0	0.0	0.0	True	5.0	0.0	0.01	[47883192.95283029, 47883481.9537135, 47883770.954596706, NaN, NaN, NaN, NaN, NaN, NaN, NaN, NaN, NaN, NaN, NaN, NaN, NaN, NaN, NaN, NaN, NaN]	0.0	0.0	0.0
4205.660519052871	2.0	trials	9.0	0.0	0.0	0.0	0.0	0.0	True	5.0	0.0	0.01	[47884061.95548602, 47884350.95636923, 47884640.95725548, NaN, NaN, NaN, NaN, NaN, NaN, NaN, NaN, NaN, NaN, NaN, NaN, NaN, NaN, NaN, NaN, NaN]	0.0	0.0	0.0
4212.953046939365	2.0	trials	9.0	0.0	0.0	0.0	0.0	0.0	True	5.0	0.0	0.01	[47884929.95813869, 47885219.95902496, 47885508.959908165, NaN, NaN, NaN, NaN, NaN, NaN, NaN, NaN, NaN, NaN, NaN, NaN, NaN, NaN, NaN, NaN, NaN]	0.0	0.0	0.0
4218.57398891737	2.0	trials	9.0	0.0	0.0	0.0	0.0	0.0	True	5.0	0.0	0.01	[47885798.960794434, 47886088.96168069, 47886378.96256694, NaN, NaN, NaN, NaN, NaN, NaN, NaN, NaN, NaN, NaN, NaN, NaN, NaN, NaN, NaN, NaN, NaN]	0.0	0.0	0.0
4224.356412988877	2.0	trials	9.0	0.0	0.0	0.0	0.0	0.0	True	5.0	0.0	0.01	[47886667.96345015, 47886957.96433642, 48454850.699854106, NaN, NaN, NaN, NaN, NaN, NaN, NaN, NaN, NaN, NaN, NaN, NaN, NaN, NaN, NaN, NaN, NaN]	0.0	0.0	0.0
4230.67503709905	2.0	trials	9.0	0.0	0.0	0.0	0.0	0.0	True	5.0	0.0	0.01	[48457167.70693503, 48459484.71401596, 48546102.978727095, NaN, NaN, NaN, NaN, NaN, NaN, NaN, NaN, NaN, NaN, NaN, NaN, NaN, NaN, NaN, NaN, NaN]	0.0	0.0	0.0
4236.530901394995	2.0	trials	9.0	0.0	0.0	0.0	0.0	0.0	True	5.0	0.0	0.01	[48548419.98580802, 48550736.99288895, 48609089.17121706, NaN, NaN, NaN, NaN, NaN, NaN, NaN, NaN, NaN, NaN, NaN, NaN, NaN, NaN, NaN, NaN, NaN]	0.0	0.0	0.0
4244.283165086475	2.0	trials	9.0	0.0	0.0	0.0	0.0	0.0	True	5.0	0.0	0.01	[48611406.17829799, 48613724.18538197, 48684786.40255279, NaN, NaN, NaN, NaN, NaN, NaN, NaN, NaN, NaN, NaN, NaN, NaN, NaN, NaN, NaN, NaN, NaN]	0.0	0.0	0.0
4249.592893313388	2.0	trials	9.0	0.0	0.0	0.0	0.0	0.0	True	5.0	0.0	0.01	[48687103.409633726, 48689420.416714646, 48769190.660497785, NaN, NaN, NaN, NaN, NaN, NaN, NaN, NaN, NaN, NaN, NaN, NaN, NaN, NaN, NaN, NaN, NaN]	0.0	0.0	0.0
4258.370728139087	2.0	trials	9.0	0.0	0.0	0.0	0.0	0.0	True	5.0	0.0	0.01	[48771507.667578705, 48773824.67465964, 48834247.85931687, NaN, NaN, NaN, NaN, NaN, NaN, NaN, NaN, NaN, NaN, NaN, NaN, NaN, NaN, NaN, NaN, NaN]	0.0	0.0	0.0
4266.333722074573	2.0	trials	9.0	0.0	0.0	0.0	0.0	0.0	True	5.0	0.0	0.01	[48836564.866397806, 48838881.873478726, 48901174.06384778, NaN, NaN, NaN, NaN, NaN, NaN, NaN, NaN, NaN, NaN, NaN, NaN, NaN, NaN, NaN, NaN, NaN]	0.0	0.0	0.0
4275.047102303294	2.0	trials	9.0	0.0	0.0	0.0	0.0	0.0	True	5.0	0.0	0.01	[48903491.0709287, 48905808.078009635, 48974306.28734468, NaN, NaN, NaN, NaN, NaN, NaN, NaN, NaN, NaN, NaN, NaN, NaN, NaN, NaN, NaN, NaN, NaN]	0.0	0.0	0.0
4282.073344576	2.0	trials	9.0	0.0	0.0	0.0	0.0	0.0	True	5.0	0.0	0.01	[48976623.29442561, 48978940.301506534, 49042082.494473256, NaN, NaN, NaN, NaN, NaN, NaN, NaN, NaN, NaN, NaN, NaN, NaN, NaN, NaN, NaN, NaN, NaN]	0.0	0.0	0.0
4289.403456577354	2.0	trials	9.0	0.0	0.0	0.0	0.0	0.0	True	5.0	0.0	0.01	[49044399.50155417, 49046716.508635096, 49131807.768679604, NaN, NaN, NaN, NaN, NaN, NaN, NaN, NaN, NaN, NaN, NaN, NaN, NaN, NaN, NaN, NaN, NaN]	0.0	0.0	0.0
4295.09766597927	2.0	trials	9.0	0.0	0.0	0.0	0.0	0.0	True	5.0	0.0	0.01	[49134124.775760524, 49136441.78284146, 49193262.95649071, NaN, NaN, NaN, NaN, NaN, NaN, NaN, NaN, NaN, NaN, NaN, NaN, NaN, NaN, NaN, NaN, NaN]	0.0	0.0	0.0
4304.115261537694	2.0	trials	9.0	0.0	0.0	0.0	0.0	0.0	True	5.0	0.0	0.01	[49195579.963571645, 49197896.970652565, 49294858.26697268, NaN, NaN, NaN, NaN, NaN, NaN, NaN, NaN, NaN, NaN, NaN, NaN, NaN, NaN, NaN, NaN, NaN]	0.0	0.0	0.0
4310.523309921155	2.0	trials	9.0	0.0	0.0	0.0	0.0	0.0	True	5.0	0.0	0.01	[49297175.27405362, 49299492.28113454, 49387022.548632815, NaN, NaN, NaN, NaN, NaN, NaN, NaN, NaN, NaN, NaN, NaN, NaN, NaN, NaN, NaN, NaN, NaN]	0.0	0.0	0.0
4319.314277586988	2.0	trials	9.0	0.0	0.0	0.0	0.0	0.0	True	5.0	0.0	0.01	[49389339.55571375, 49391657.56279774, 49487871.856834956, NaN, NaN, NaN, NaN, NaN, NaN, NaN, NaN, NaN, NaN, NaN, NaN, NaN, NaN, NaN, NaN, NaN]	0.0	0.0	0.0
4324.539765556458	2.0	trials	9.0	0.0	0.0	0.0	0.0	0.0	True	5.0	0.0	0.01	[49490188.86391589, 49492505.87099681, 49569194.10536112, NaN, NaN, NaN, NaN, NaN, NaN, NaN, NaN, NaN, NaN, NaN, NaN, NaN, NaN, NaN, NaN, NaN]	0.0	0.0	0.0
4331.78166288822	2.0	trials	9.0	0.0	0.0	0.0	0.0	0.0	True	5.0	0.0	0.01	[49571511.11244205, 49573828.119522974, 49654033.36463551, NaN, NaN, NaN, NaN, NaN, NaN, NaN, NaN, NaN, NaN, NaN, NaN, NaN, NaN, NaN, NaN, NaN]	0.0	0.0	0.0
4339.629226070942	2.0	trials	9.0	0.0	0.0	0.0	0.0	0.0	True	5.0	0.0	0.01	[49656350.37171643, 49658667.37879737, 49719938.56604615, NaN, NaN, NaN, NaN, NaN, NaN, NaN, NaN, NaN, NaN, NaN, NaN, NaN, NaN, NaN, NaN, NaN]	0.0	0.0	0.0
4346.2053229679705	2.0	trials	9.0	0.0	0.0	0.0	0.0	0.0	True	5.0	0.0	0.01	[49722255.573127076, 49724572.580208, 49824308.88500873, NaN, NaN, NaN, NaN, NaN, NaN, NaN, NaN, NaN, NaN, NaN, NaN, NaN, NaN, NaN, NaN, NaN]	0.0	0.0	0.0
4352.045721616652	2.0	trials	9.0	0.0	0.0	0.0	0.0	0.0	True	5.0	0.0	0.01	[49826625.892089665, 49828943.899173655, 49898476.111668676, NaN, NaN, NaN, NaN, NaN, NaN, NaN, NaN, NaN, NaN, NaN, NaN, NaN, NaN, NaN, NaN, NaN]	0.0	0.0	0.0
4358.205628441773	2.0	trials	9.0	0.0	0.0	0.0	0.0	0.0	True	5.0	0.0	0.01	[49900793.11874961, 49903110.12583053, 50000223.42261518, NaN, NaN, NaN, NaN, NaN, NaN, NaN, NaN, NaN, NaN, NaN, NaN, NaN, NaN, NaN, NaN, NaN]	0.0	0.0	0.0
4366.455730454682	2.0	trials	9.0	0.0	0.0	0.0	0.0	0.0	True	5.0	0.0	0.01	[50002540.4296961, 50004857.43677703, 50060703.60744662, NaN, NaN, NaN, NaN, NaN, NaN, NaN, NaN, NaN, NaN, NaN, NaN, NaN, NaN, NaN, NaN, NaN]	0.0	0.0	0.0
4374.729851740996	2.0	trials	9.0	0.0	0.0	0.0	0.0	0.0	True	5.0	0.0	0.01	[50063020.61452754, 50065337.62160847, 50144521.86360073, NaN, NaN, NaN, NaN, NaN, NaN, NaN, NaN, NaN, NaN, NaN, NaN, NaN, NaN, NaN, NaN, NaN]	0.0	0.0	0.0
4383.642038977286	2.0	trials	9.0	0.0	0.0	0.0	0.0	0.0	True	5.0	0.0	0.01	[50146838.870681666, 50149155.877762586, 50235350.14117795, NaN, NaN, NaN, NaN, NaN, NaN, NaN, NaN, NaN, NaN, NaN, NaN, NaN, NaN, NaN, NaN, NaN]	0.0	0.0	0.0
4392.651858511947	2.0	trials	9.0	0.0	0.0	0.0	0.0	0.0	True	5.0	0.0	0.01	[50237667.14825889, 50239984.15533981, 50311462.37378196, NaN, NaN, NaN, NaN, NaN, NaN, NaN, NaN, NaN, NaN, NaN, NaN, NaN, NaN, NaN, NaN, NaN]	0.0	0.0	0.0
4410.955495249186	2.0	trials	10.0	0.0	0.0	0.0	0.0	0.0	True	10.0	0.0	0.005	[50313779.38086289, 50316096.38794381, 50379059.58036349, 50381376.58744442, 50383693.594525345, NaN, NaN, NaN, NaN, NaN, NaN, NaN, NaN, NaN, NaN, NaN, NaN, NaN, NaN, NaN]	0.0	0.0	0.0
4416.43949280868	2.0	trials	10.0	0.0	0.0	0.0	0.0	0.0	True	10.0	0.0	0.005	[50450354.798246376, 50452671.80532731, 50454988.81240823, 50545841.09005879, 50548159.09714277, NaN, NaN, NaN, NaN, NaN, NaN, NaN, NaN, NaN, NaN, NaN, NaN, NaN, NaN, NaN]	0.0	0.0	0.0
4424.145186757839	2.0	trials	10.0	0.0	0.0	0.0	0.0	0.0	True	10.0	0.0	0.005	[50550476.104223706, 50641606.382723846, 50643924.38980783, 50646241.39688876, 50744757.69796108, NaN, NaN, NaN, NaN, NaN, NaN, NaN, NaN, NaN, NaN, NaN, NaN, NaN, NaN, NaN]	0.0	0.0	0.0
4430.799735094621	2.0	trials	10.0	0.0	0.0	0.0	0.0	0.0	True	10.0	0.0	0.005	[50747074.705042005, 50749391.71212293, 50849038.01664862, 50851355.02372953, 50853673.03081352, NaN, NaN, NaN, NaN, NaN, NaN, NaN, NaN, NaN, NaN, NaN, NaN, NaN, NaN, NaN]	0.0	0.0	0.0
4438.834268448736	2.0	trials	10.0	0.0	0.0	0.0	0.0	0.0	True	10.0	0.0	0.005	[51060837.663922325, 51061995.66746126, 51063154.671003245, 51064313.674545236, 51065472.678087234, NaN, NaN, NaN, NaN, NaN, NaN, NaN, NaN, NaN, NaN, NaN, NaN, NaN, NaN, NaN]	0.0	0.0	0.0
4446.607441004115	2.0	trials	10.0	0.0	0.0	0.0	0.0	0.0	True	10.0	0.0	0.005	[51124309.85789754, 51125467.86143648, 51126627.864981525, 51127784.86851741, 51128944.87206245, NaN, NaN, NaN, NaN, NaN, NaN, NaN, NaN, NaN, NaN, NaN, NaN, NaN, NaN, NaN]	0.0	0.0	0.0
4451.81340251391	2.0	trials	10.0	0.0	0.0	0.0	0.0	0.0	True	10.0	0.0	0.005	[51213495.130453624, 51214654.13399561, 51215812.137534544, 51216972.1410796, 51218129.14461548, NaN, NaN, NaN, NaN, NaN, NaN, NaN, NaN, NaN, NaN, NaN, NaN, NaN, NaN, NaN]	0.0	0.0	0.0
4459.496200393097	2.0	trials	10.0	0.0	0.0	0.0	0.0	0.0	True	10.0	0.0	0.005	[51290516.36583559, 51291675.3693776, 51292833.37291653, 51293992.37645852, 51295150.37999745, NaN, NaN, NaN, NaN, NaN, NaN, NaN, NaN, NaN, NaN, NaN, NaN, NaN, NaN, NaN]	0.0	0.0	0.0
4468.588359379393	2.0	trials	10.0	0.0	0.0	0.0	0.0	0.0	True	10.0	0.0	0.005	[51383507.6500231, 51384667.653568156, 51385825.65710709, 51386983.66064602, 51388142.66418801, NaN, NaN, NaN, NaN, NaN, NaN, NaN, NaN, NaN, NaN, NaN, NaN, NaN, NaN, NaN]	0.0	0.0	0.0
4476.5899742329075	2.0	trials	10.0	0.0	0.0	0.0	0.0	0.0	True	10.0	0.0	0.005	[51473474.92496904, 51474633.92851103, 51475791.93204997, 51476950.93559195, 51478108.939130895, NaN, NaN, NaN, NaN, NaN, NaN, NaN, NaN, NaN, NaN, NaN, NaN, NaN, NaN, NaN]	0.0	0.0	0.0
4483.309841169308	2.0	trials	10.0	0.0	0.0	0.0	0.0	0.0	True	10.0	0.0	0.005	[51533729.10910981, 51534888.112651795, 51536046.11619073, 51537204.11972966, 51538364.12327471, NaN, NaN, NaN, NaN, NaN, NaN, NaN, NaN, NaN, NaN, NaN, NaN, NaN, NaN, NaN]	0.0	0.0	0.0
4492.124741708282	2.0	trials	10.0	0.0	0.0	0.0	0.0	0.0	True	10.0	0.0	0.005	[51622651.38086214, 51623810.38440412, 51624968.38794306, 51626126.391481996, 51627285.395023994, NaN, NaN, NaN, NaN, NaN, NaN, NaN, NaN, NaN, NaN, NaN, NaN, NaN, NaN, NaN]	0.0	0.0	0.0
4499.008337145048	2.0	trials	10.0	0.0	0.0	0.0	0.0	0.0	True	10.0	0.0	0.005	[51727884.702462114, 51729042.70600105, 51730201.70954304, 51731360.713085026, 51732519.716627024, NaN, NaN, NaN, NaN, NaN, NaN, NaN, NaN, NaN, NaN, NaN, NaN, NaN, NaN, NaN]	0.0	0.0	0.0
4506.959667044888	2.0	trials	10.0	0.0	0.0	0.0	0.0	0.0	True	10.0	0.0	0.005	[51820494.98548525, 51821652.98902419, 51822811.992566176, 51823970.99610817, 51825128.999647096, NaN, NaN, NaN, NaN, NaN, NaN, NaN, NaN, NaN, NaN, NaN, NaN, NaN, NaN, NaN]	0.0	0.0	0.0
4515.1943898107975	2.0	trials	10.0	0.0	0.0	0.0	0.0	0.0	True	10.0	0.0	0.005	[51898272.22317762, 51899430.22671656, 51900588.230255485, 51901747.23379749, 51902906.237339474, NaN, NaN, NaN, NaN, NaN, NaN, NaN, NaN, NaN, NaN, NaN, NaN, NaN, NaN, NaN]	0.0	0.0	0.0
4523.192462253485	2.0	trials	10.0	0.0	0.0	0.0	0.0	0.0	True	10.0	0.0	0.005	[52000295.534967594, 52001453.53850653, 52002612.54204853, 52003770.545587465, 52004929.54912945, NaN, NaN, NaN, NaN, NaN, NaN, NaN, NaN, NaN, NaN, NaN, NaN, NaN, NaN, NaN]	0.0	0.0	0.0
4531.202198731821	2.0	trials	10.0	0.0	0.0	0.0	0.0	0.0	True	10.0	0.0	0.005	[52079967.77845124, 52081126.78199323, 52082285.78553522, 52083443.78907415, 52084601.79261308, NaN, NaN, NaN, NaN, NaN, NaN, NaN, NaN, NaN, NaN, NaN, NaN, NaN, NaN, NaN]	0.0	0.0	0.0
4536.893816125816	2.0	trials	10.0	0.0	0.0	0.0	0.0	0.0	True	10.0	0.0	0.005	[52171997.0596988, 52173155.063237734, 52174314.06677972, 52175473.07032172, 52176631.07386065, NaN, NaN, NaN, NaN, NaN, NaN, NaN, NaN, NaN, NaN, NaN, NaN, NaN, NaN, NaN]	0.0	0.0	0.0
4544.381090207467	2.0	trials	10.0	0.0	0.0	0.0	0.0	0.0	True	10.0	0.0	0.005	[52267305.35096722, 52268463.354506165, 52269623.35805121, 52270781.36159015, 52271940.36513214, NaN, NaN, NaN, NaN, NaN, NaN, NaN, NaN, NaN, NaN, NaN, NaN, NaN, NaN, NaN]	0.0	0.0	0.0
4549.694879246791	2.0	trials	10.0	0.0	0.0	0.0	0.0	0.0	True	10.0	0.0	0.005	[52359875.63386811, 52361034.63741011, 52362193.6409521, 52363351.64449103, 52364510.64803304, NaN, NaN, NaN, NaN, NaN, NaN, NaN, NaN, NaN, NaN, NaN, NaN, NaN, NaN, NaN]	0.0	0.0	0.0
4555.121247830167	2.0	trials	10.0	0.0	0.0	0.0	0.0	0.0	True	10.0	0.0	0.005	[52452581.91718464, 52453739.92072358, 52454898.92426558, 52456056.927804515, 52457215.9313465, NaN, NaN, NaN, NaN, NaN, NaN, NaN, NaN, NaN, NaN, NaN, NaN, NaN, NaN, NaN]	0.0	0.0	0.0
4561.2086648337545	2.0	trials	10.0	0.0	0.0	0.0	0.0	0.0	True	10.0	0.0	0.005	[52518456.118500546, 52519615.12204255, 52520773.12558148, 52521932.12912347, 52523091.13266546, NaN, NaN, NaN, NaN, NaN, NaN, NaN, NaN, NaN, NaN, NaN, NaN, NaN, NaN, NaN]	0.0	0.0	0.0
4568.144618830532	2.0	trials	10.0	0.0	0.0	0.0	0.0	0.0	True	10.0	0.0	0.005	[52605114.38333394, 52606273.38687592, 52607432.39041792, 52608591.39395991, 52609749.39749883, NaN, NaN, NaN, NaN, NaN, NaN, NaN, NaN, NaN, NaN, NaN, NaN, NaN, NaN, NaN]	0.0	0.0	0.0
4575.515598156779	2.0	trials	10.0	0.0	0.0	0.0	0.0	0.0	True	10.0	0.0	0.005	[52666617.57129174, 52667775.574830666, 52668934.578372665, 52670092.58191159, 52671251.58545359, NaN, NaN, NaN, NaN, NaN, NaN, NaN, NaN, NaN, NaN, NaN, NaN, NaN, NaN, NaN]	0.0	0.0	0.0
4582.946798467065	2.0	trials	10.0	0.0	0.0	0.0	0.0	0.0	True	10.0	0.0	0.005	[52729422.76322856, 52730581.76677054, 52731739.77030947, 52732898.77385146, 52734056.777390406, NaN, NaN, NaN, NaN, NaN, NaN, NaN, NaN, NaN, NaN, NaN, NaN, NaN, NaN, NaN]	0.0	0.0	0.0
4591.688863583449	2.0	trials	10.0	0.0	0.0	0.0	0.0	0.0	True	10.0	0.0	0.005	[52799876.978541285, 52801037.98208939, 52802194.98562527, 52803353.98916726, 52804512.99270924, NaN, NaN, NaN, NaN, NaN, NaN, NaN, NaN, NaN, NaN, NaN, NaN, NaN, NaN, NaN]	0.0	0.0	0.0
4599.219164996595	2.0	trials	10.0	0.0	0.0	0.0	0.0	0.0	True	10.0	0.0	0.005	[52880155.22387691, 52881314.22741889, 52882473.230960876, 52883631.23449983, 52884790.23804181, NaN, NaN, NaN, NaN, NaN, NaN, NaN, NaN, NaN, NaN, NaN, NaN, NaN, NaN, NaN]	0.0	0.0	0.0
4605.048072410159	2.0	trials	10.0	0.0	0.0	0.0	0.0	0.0	True	10.0	0.0	0.005	[52965468.48459986, 52966626.48813879, 52967784.491677724, 52968943.49521972, 52970102.498761706, NaN, NaN, NaN, NaN, NaN, NaN, NaN, NaN, NaN, NaN, NaN, NaN, NaN, NaN, NaN]	0.0	0.0	0.0
4612.2280207526	2.0	trials	10.0	0.0	0.0	0.0	0.0	0.0	True	10.0	0.0	0.005	[53051477.74744984, 53052636.750991836, 53053795.75453383, 53054952.7580697, 53056111.76161169, NaN, NaN, NaN, NaN, NaN, NaN, NaN, NaN, NaN, NaN, NaN, NaN, NaN, NaN, NaN]	0.0	0.0	0.0
4621.101068669278	2.0	trials	10.0	0.0	0.0	0.0	0.0	0.0	True	10.0	0.0	0.005	[53152658.05666355, 53153817.060205534, 53154975.06374448, 53156134.06728647, 53157293.07082845, NaN, NaN, NaN, NaN, NaN, NaN, NaN, NaN, NaN, NaN, NaN, NaN, NaN, NaN, NaN]	0.0	0.0	0.0
4641.396490693557	2.0	trials	11.0	0.0	0.0	0.0	0.0	0.0	True	20.0	0.0	0.005	[53239814.32301885, 53240973.32656083, 53242131.330099784, 53243290.33364177, 53244450.33718682, 53307279.52919697, 53308438.532738976, 53309596.536277905, 53310754.53981684, 53311914.543361895, NaN, NaN, NaN, NaN, NaN, NaN, NaN, NaN, NaN, NaN]	0.0	0.0	0.0
4649.538505976146	2.0	trials	11.0	0.0	0.0	0.0	0.0	0.0	True	20.0	0.0	0.005	[53390379.78315684, 53391537.78669578, 53392696.79023776, 53393855.79377976, 53395014.79732175, 53493078.09700966, 53494237.100551665, 53495395.104090594, 53496553.10762953, 53497712.111171514, NaN, NaN, NaN, NaN, NaN, NaN, NaN, NaN, NaN, NaN]	0.0	0.0	0.0
4654.752589110762	2.0	trials	11.0	0.0	0.0	0.0	0.0	0.0	True	20.0	0.0	0.005	[53727977.814878725, 53728557.81665124, 53729136.81842071, 53729715.82019018, 53730294.82195963, 53730874.82373216, 53731453.825501636, 53732033.82727415, 53732612.82904362, 53733191.83081309, NaN, NaN, NaN, NaN, NaN, NaN, NaN, NaN, NaN, NaN]	0.0	0.0	0.0
4661.565509131538	2.0	trials	11.0	0.0	0.0	0.0	0.0	0.0	True	20.0	0.0	0.005	[53822215.102874085, 53822794.10464355, 53823373.10641302, 53823952.1081825, 53824532.109955005, 53825111.11172448, 53825690.11349395, 53826270.115266465, 53826848.117032886, 53827428.11880541, NaN, NaN, NaN, NaN, NaN, NaN, NaN, NaN, NaN, NaN]	0.0	0.0	0.0
4667.959128670903	2.0	trials	11.0	0.0	0.0	0.0	0.0	0.0	True	20.0	0.0	0.005	[53882563.287302114, 53883142.28907159, 53883722.29084411, 53884301.29261357, 53884880.29438305, 53885459.29615251, 53886039.29792503, 53886618.29969451, 53887197.30146397, 53887777.3032365, NaN, NaN, NaN, NaN, NaN, NaN, NaN, NaN, NaN, NaN]	0.0	0.0	0.0
4676.010682877035	2.0	trials	11.0	0.0	0.0	0.0	0.0	0.0	True	20.0	0.0	0.005	[53961416.528282836, 53961995.5300523, 53962574.53182177, 53963154.533594295, 53963733.535363756, 53964312.53713323, 53964892.538905755, 53965470.54067216, 53966050.54244469, 53966630.54421721, NaN, NaN, NaN, NaN, NaN, NaN, NaN, NaN, NaN, NaN]	0.0	0.0	0.0
4683.901100590723	2.0	trials	11.0	0.0	0.0	0.0	0.0	0.0	True	20.0	0.0	0.005	[54035416.75443241, 54035995.75620188, 54036575.75797441, 54037153.759740815, 54037733.76151334, 54038312.7632828, 54038891.765052274, 54039470.766821735, 54040049.76859121, 54040630.77036679, NaN, NaN, NaN, NaN, NaN, NaN, NaN, NaN, NaN, NaN]	0.0	0.0	0.0
4692.895108877065	2.0	trials	11.0	0.0	0.0	0.0	0.0	0.0	True	20.0	0.0	0.005	[54128606.03922502, 54129186.040997535, 54129764.04276396, 54130344.04453648, 54130923.04630595, 54131502.048075415, 54132081.04984487, 54132661.0516174, 54133240.053386874, 54133819.05515634, NaN, NaN, NaN, NaN, NaN, NaN, NaN, NaN, NaN, NaN]	0.0	0.0	0.0
4700.088967662017	2.0	trials	11.0	0.0	0.0	0.0	0.0	0.0	True	20.0	0.0	0.005	[54219929.318314984, 54220509.320087515, 54221088.32185697, 54221668.3236295, 54222247.325398974, 54222826.32716843, 54223405.3289379, 54223984.330707364, 54224563.33247684, 54225143.33424936, NaN, NaN, NaN, NaN, NaN, NaN, NaN, NaN, NaN, NaN]	0.0	0.0	0.0
4707.879765871261	2.0	trials	11.0	0.0	0.0	0.0	0.0	0.0	True	20.0	0.0	0.005	[54324026.63644326, 54324606.63821579, 54325185.639985256, 54325764.641754724, 54326343.64352418, 54326923.645296715, 54327502.64706618, 54328082.64883871, 54328661.65060817, 54329240.65237764, NaN, NaN, NaN, NaN, NaN, NaN, NaN, NaN, NaN, NaN]	0.0	0.0	0.0
4713.9791061112865	2.0	trials	11.0	0.0	0.0	0.0	0.0	0.0	True	20.0	0.0	0.005	[54407289.890901275, 54407868.89267073, 54408447.894440204, 54409027.896212734, 54409605.89797914, 54410185.89975166, 54410764.901521124, 54411344.903293654, 54411923.905063115, 54412502.90683258, NaN, NaN, NaN, NaN, NaN, NaN, NaN, NaN, NaN, NaN]	0.0	0.0	0.0
4720.711155484917	2.0	trials	11.0	0.0	0.0	0.0	0.0	0.0	True	20.0	0.0	0.005	[54497460.166467585, 54498039.168237045, 54498618.17000652, 54499198.17177904, 54499777.173548505, 54500357.175321035, 54500937.17709356, 54501516.17886302, 54502095.180632494, 54502674.182401955, NaN, NaN, NaN, NaN, NaN, NaN, NaN, NaN, NaN, NaN]	0.0	0.0	0.0
4727.281895565575	2.0	trials	11.0	0.0	0.0	0.0	0.0	0.0	True	20.0	0.0	0.005	[54568055.38221122, 54568634.383980684, 54569213.38575016, 54569793.38752268, 54570371.389289096, 54570951.39106162, 54571530.39283108, 54572110.3946036, 54572689.39637308, 54573269.39814561, NaN, NaN, NaN, NaN, NaN, NaN, NaN, NaN, NaN, NaN]	0.0	0.0	0.0
4735.369305881286	2.0	trials	11.0	0.0	0.0	0.0	0.0	0.0	True	20.0	0.0	0.005	[54645971.62032839, 54646551.62210091, 54647130.62387037, 54647710.6256429, 54648289.62741237, 54648869.6291849, 54649448.63095436, 54650027.63272384, 54650606.63449329, 54651185.63626277, NaN, NaN, NaN, NaN, NaN, NaN, NaN, NaN, NaN, NaN]	0.0	0.0	0.0
4744.213496109773	2.0	trials	11.0	0.0	0.0	0.0	0.0	0.0	True	20.0	0.0	0.005	[54722021.85274291, 54722600.854512386, 54723180.85628492, 54723759.858054385, 54724338.859823845, 54724918.861596376, 54725497.863365844, 54726077.86513836, 54726655.866904765, 54727235.868677296, NaN, NaN, NaN, NaN, NaN, NaN, NaN, NaN, NaN, NaN]	0.0	0.0	0.0
4749.529358755433	2.0	trials	11.0	0.0	0.0	0.0	0.0	0.0	True	20.0	0.0	0.005	[54815626.13880381, 54816207.14057939, 54816786.14234884, 54817364.14411527, 54817944.14588778, 54818523.14765725, 54819102.14942671, 54819682.15119924, 54820261.152968705, 54820840.15473817, NaN, NaN, NaN, NaN, NaN, NaN, NaN, NaN, NaN, NaN]	0.0	0.0	0.0
4755.799253116685	2.0	trials	11.0	0.0	0.0	0.0	0.0	0.0	True	20.0	0.0	0.005	[54917990.4516359, 54918569.453405365, 54919148.45517483, 54919728.45694736, 54920306.45871376, 54920886.46048629, 54921466.46225881, 54922044.46402522, 54922623.46579469, 54923204.46757027, NaN, NaN, NaN, NaN, NaN, NaN, NaN, NaN, NaN, NaN]	0.0	0.0	0.0
4763.389775513871	2.0	trials	11.0	0.0	0.0	0.0	0.0	0.0	True	20.0	0.0	0.005	[54979515.63966093, 54980095.641433455, 54980674.643202916, 54981254.644975446, 54981832.64674186, 54982412.648514375, 54982992.650286905, 54983570.65205332, 54984150.653825834, 54984729.65559531, NaN, NaN, NaN, NaN, NaN, NaN, NaN, NaN, NaN, NaN]	0.0	0.0	0.0
4770.187489088176	2.0	trials	11.0	0.0	0.0	0.0	0.0	0.0	True	20.0	0.0	0.005	[55052083.8614342, 55052663.86320673, 55053243.86497925, 55053821.86674567, 55054400.868515134, 55054979.8702846, 55055560.87206017, 55056139.87382965, 55056717.875596054, 55057296.87736553, NaN, NaN, NaN, NaN, NaN, NaN, NaN, NaN, NaN, NaN]	0.0	0.0	0.0
4778.467658392973	2.0	trials	11.0	0.0	0.0	0.0	0.0	0.0	True	20.0	0.0	0.005	[55139937.129919596, 55140516.131689064, 55141096.133461595, 55141675.135231055, 55142255.137003586, 55142834.138773054, 55143413.14054252, 55143993.142315045, 55144572.144084506, 55145151.14585398, NaN, NaN, NaN, NaN, NaN, NaN, NaN, NaN, NaN, NaN]	0.0	0.0	0.0
4784.683898190251	2.0	trials	11.0	0.0	0.0	0.0	0.0	0.0	True	20.0	0.0	0.005	[55218615.37036549, 55219194.37213497, 55219774.37390749, 55220352.3756739, 55220932.37744643, 55221511.37921589, 55222091.38098841, 55222670.38275789, 55223249.38452735, 55223828.38629682, NaN, NaN, NaN, NaN, NaN, NaN, NaN, NaN, NaN, NaN]	0.0	0.0	0.0
4793.600146238951	2.0	trials	11.0	0.0	0.0	0.0	0.0	0.0	True	20.0	0.0	0.005	[55314449.663241416, 55315028.66501089, 55315608.66678342, 55316187.668552876, 55316766.67032235, 55317345.67209181, 55317924.67386129, 55318503.67563075, 55319083.67740327, 55319662.67917275, NaN, NaN, NaN, NaN, NaN, NaN, NaN, NaN, NaN, NaN]	0.0	0.0	0.0
4801.3095553994635	2.0	trials	11.0	0.0	0.0	0.0	0.0	0.0	True	20.0	0.0	0.005	[55386396.88311688, 55386977.884892456, 55387555.88665886, 55388134.88842834, 55388715.890203916, 55389293.89197032, 55389873.89374285, 55390452.89551232, 55391031.89728179, 55391610.89905124, NaN, NaN, NaN, NaN, NaN, NaN, NaN, NaN, NaN, NaN]	0.0	0.0	0.0
4807.124033968932	2.0	trials	11.0	0.0	0.0	0.0	0.0	0.0	True	20.0	0.0	0.005	[55489594.19849468, 55490173.200264156, 55490753.20203667, 55491332.20380614, 55491911.205575615, 55492490.20734508, 55493070.2091176, 55493649.210887074, 55494228.212656535, 55494808.21442906, NaN, NaN, NaN, NaN, NaN, NaN, NaN, NaN, NaN, NaN]	0.0	0.0	0.0
4815.944118523749	2.0	trials	11.0	0.0	0.0	0.0	0.0	0.0	True	20.0	0.0	0.005	[55578824.47118829, 55579402.4729547, 55579982.47472722, 55580561.47649668, 55581140.47826616, 55581720.48003869, 55582299.48180814, 55582878.48357762, 55583458.48535015, 55584036.48711655, NaN, NaN, NaN, NaN, NaN, NaN, NaN, NaN, NaN, NaN]	0.0	0.0	0.0
4824.10859787499	2.0	trials	11.0	0.0	0.0	0.0	0.0	0.0	True	20.0	0.0	0.005	[55646120.67684994, 55646700.67862246, 55647280.68039499, 55647858.6821614, 55648438.68393392, 55649017.68570338, 55649597.68747591, 55650176.68924538, 55650755.69101484, 55651334.69278432, NaN, NaN, NaN, NaN, NaN, NaN, NaN, NaN, NaN, NaN]	0.0	0.0	0.0
4831.682704222007	2.0	trials	11.0	0.0	0.0	0.0	0.0	0.0	True	20.0	0.0	0.005	[55748204.988826334, 55748785.99060191, 55749363.992368326, 55749943.994140856, 55750521.99590726, 55751101.99767978, 55751680.99944925, 55752260.00121872, 55752840.00299124, 55753419.00476071, NaN, NaN, NaN, NaN, NaN, NaN, NaN, NaN, NaN, NaN]	0.0	0.0	0.0
4838.312196482216	2.0	trials	11.0	0.0	0.0	0.0	0.0	0.0	True	20.0	0.0	0.005	[55842702.277616285, 55843280.27938269, 55843860.28115522, 55844439.28292469, 55845019.28469722, 55845598.28646668, 55846176.2882331, 55846756.29000561, 55847335.291775085, 55847915.293547615, NaN, NaN, NaN, NaN, NaN, NaN, NaN, NaN, NaN, NaN]	0.0	0.0	0.0
4844.765086602715	2.0	trials	11.0	0.0	0.0	0.0	0.0	0.0	True	20.0	0.0	0.005	[55930365.54552102, 55930944.54729049, 55931523.54905996, 55932102.550829425, 55932682.55260194, 55933260.55436836, 55933840.556140885, 55934419.55791036, 55934999.559682876, 55935578.561452344, NaN, NaN, NaN, NaN, NaN, NaN, NaN, NaN, NaN, NaN]	0.0	0.0	0.0
4852.144965156158	2.0	trials	11.0	0.0	0.0	0.0	0.0	0.0	True	20.0	0.0	0.005	[56007095.78001368, 56007674.781783156, 56008253.78355262, 56008832.78532209, 56009411.787091546, 56009991.788864076, 56010570.79063355, 56011150.79240606, 56011729.794175535, 56012308.79594501, NaN, NaN, NaN, NaN, NaN, NaN, NaN, NaN, NaN, NaN]	0.0	0.0	0.0
4879.506027973547	2.0	trials	12.0	0.0	0.0	0.0	0.0	0.0	True	1.0	0.0	1.0	[56081781.00825668, NaN, NaN, NaN, NaN, NaN, NaN, NaN, NaN, NaN, NaN, NaN, NaN, NaN, NaN, NaN, NaN, NaN, NaN, NaN]	0.0	0.0	0.0
4886.712069195732	2.0	trials	12.0	0.0	0.0	0.0	0.0	0.0	True	1.0	0.0	1.0	[56082360.010026135, NaN, NaN, NaN, NaN, NaN, NaN, NaN, NaN, NaN, NaN, NaN, NaN, NaN, NaN, NaN, NaN, NaN, NaN, NaN]	0.0	0.0	0.0
4892.894526489768	2.0	trials	12.0	0.0	0.0	0.0	0.0	0.0	True	1.0	0.0	1.0	[56082940.011798665, NaN, NaN, NaN, NaN, NaN, NaN, NaN, NaN, NaN, NaN, NaN, NaN, NaN, NaN, NaN, NaN, NaN, NaN, NaN]	0.0	0.0	0.0
4901.38110602537	2.0	trials	12.0	0.0	0.0	0.0	0.0	0.0	True	1.0	0.0	1.0	[56083519.01356814, NaN, NaN, NaN, NaN, NaN, NaN, NaN, NaN, NaN, NaN, NaN, NaN, NaN, NaN, NaN, NaN, NaN, NaN, NaN]	0.0	0.0	0.0
4908.882031348741	2.0	trials	12.0	0.0	0.0	0.0	0.0	0.0	True	1.0	0.0	1.0	[56084098.015337594, NaN, NaN, NaN, NaN, NaN, NaN, NaN, NaN, NaN, NaN, NaN, NaN, NaN, NaN, NaN, NaN, NaN, NaN, NaN]	0.0	0.0	0.0
4915.361964751887	2.0	trials	12.0	0.0	0.0	0.0	0.0	0.0	True	1.0	0.0	1.0	[56084678.017110124, NaN, NaN, NaN, NaN, NaN, NaN, NaN, NaN, NaN, NaN, NaN, NaN, NaN, NaN, NaN, NaN, NaN, NaN, NaN]	0.0	0.0	0.0
4924.386213130644	2.0	trials	12.0	0.0	0.0	0.0	0.0	0.0	True	1.0	0.0	1.0	[56085256.01887653, NaN, NaN, NaN, NaN, NaN, NaN, NaN, NaN, NaN, NaN, NaN, NaN, NaN, NaN, NaN, NaN, NaN, NaN, NaN]	0.0	0.0	0.0
4930.820181593318	2.0	trials	12.0	0.0	0.0	0.0	0.0	0.0	True	1.0	0.0	1.0	[56085836.02064906, NaN, NaN, NaN, NaN, NaN, NaN, NaN, NaN, NaN, NaN, NaN, NaN, NaN, NaN, NaN, NaN, NaN, NaN, NaN]	0.0	0.0	0.0
4937.796311712876	2.0	trials	12.0	0.0	0.0	0.0	0.0	0.0	True	1.0	0.0	1.0	[56086415.02241852, NaN, NaN, NaN, NaN, NaN, NaN, NaN, NaN, NaN, NaN, NaN, NaN, NaN, NaN, NaN, NaN, NaN, NaN, NaN]	0.0	0.0	0.0
4945.254296105017	2.0	trials	12.0	0.0	0.0	0.0	0.0	0.0	True	1.0	0.0	1.0	[56086994.02418799, NaN, NaN, NaN, NaN, NaN, NaN, NaN, NaN, NaN, NaN, NaN, NaN, NaN, NaN, NaN, NaN, NaN, NaN, NaN]	0.0	0.0	0.0
4951.584584250836	2.0	trials	12.0	0.0	0.0	0.0	0.0	0.0	True	1.0	0.0	1.0	[56167197.2692944, NaN, NaN, NaN, NaN, NaN, NaN, NaN, NaN, NaN, NaN, NaN, NaN, NaN, NaN, NaN, NaN, NaN, NaN, NaN]	0.0	0.0	0.0
4960.056821342605	2.0	trials	12.0	0.0	0.0	0.0	0.0	0.0	True	1.0	0.0	1.0	[56167775.271060824, NaN, NaN, NaN, NaN, NaN, NaN, NaN, NaN, NaN, NaN, NaN, NaN, NaN, NaN, NaN, NaN, NaN, NaN, NaN]	0.0	0.0	0.0
4968.85271382349	2.0	trials	12.0	0.0	0.0	0.0	0.0	0.0	True	1.0	0.0	1.0	[56168356.2728364, NaN, NaN, NaN, NaN, NaN, NaN, NaN, NaN, NaN, NaN, NaN, NaN, NaN, NaN, NaN, NaN, NaN, NaN, NaN]	0.0	0.0	0.0
4977.847326911679	2.0	trials	12.0	0.0	0.0	0.0	0.0	0.0	True	1.0	0.0	1.0	[56168935.27460586, NaN, NaN, NaN, NaN, NaN, NaN, NaN, NaN, NaN, NaN, NaN, NaN, NaN, NaN, NaN, NaN, NaN, NaN, NaN]	0.0	0.0	0.0
4984.525376120281	2.0	trials	12.0	0.0	0.0	0.0	0.0	0.0	True	1.0	0.0	1.0	[56169514.27637534, NaN, NaN, NaN, NaN, NaN, NaN, NaN, NaN, NaN, NaN, NaN, NaN, NaN, NaN, NaN, NaN, NaN, NaN, NaN]	0.0	0.0	0.0
4991.972387678888	2.0	trials	12.0	0.0	0.0	0.0	0.0	0.0	True	1.0	0.0	1.0	[56170093.27814479, NaN, NaN, NaN, NaN, NaN, NaN, NaN, NaN, NaN, NaN, NaN, NaN, NaN, NaN, NaN, NaN, NaN, NaN, NaN]	0.0	0.0	0.0
4998.427265005461	2.0	trials	12.0	0.0	0.0	0.0	0.0	0.0	True	1.0	0.0	1.0	[56170673.27991732, NaN, NaN, NaN, NaN, NaN, NaN, NaN, NaN, NaN, NaN, NaN, NaN, NaN, NaN, NaN, NaN, NaN, NaN, NaN]	0.0	0.0	0.0
5003.982629183056	2.0	trials	12.0	0.0	0.0	0.0	0.0	0.0	True	1.0	0.0	1.0	[56171252.2816868, NaN, NaN, NaN, NaN, NaN, NaN, NaN, NaN, NaN, NaN, NaN, NaN, NaN, NaN, NaN, NaN, NaN, NaN, NaN]	0.0	0.0	0.0
5011.525372234224	2.0	trials	12.0	0.0	0.0	0.0	0.0	0.0	True	0.0	0.0	0.0	[NaN, NaN, NaN, NaN, NaN, NaN, NaN, NaN, NaN, NaN, NaN, NaN, NaN, NaN, NaN, NaN, NaN, NaN, NaN, NaN]	0.0	0.0	0.0
5020.633342468842	2.0	trials	12.0	0.0	0.0	0.0	0.0	0.0	True	1.0	0.0	1.0	[56171831.28345625, NaN, NaN, NaN, NaN, NaN, NaN, NaN, NaN, NaN, NaN, NaN, NaN, NaN, NaN, NaN, NaN, NaN, NaN, NaN]	0.0	0.0	0.0
5028.483756860276	2.0	trials	12.0	0.0	0.0	0.0	0.0	0.0	True	1.0	0.0	1.0	[56172410.28522573, NaN, NaN, NaN, NaN, NaN, NaN, NaN, NaN, NaN, NaN, NaN, NaN, NaN, NaN, NaN, NaN, NaN, NaN, NaN]	0.0	0.0	0.0
5034.913232509219	2.0	trials	12.0	0.0	0.0	0.0	0.0	0.0	True	1.0	0.0	1.0	[56484725.23968085, NaN, NaN, NaN, NaN, NaN, NaN, NaN, NaN, NaN, NaN, NaN, NaN, NaN, NaN, NaN, NaN, NaN, NaN, NaN]	0.0	0.0	0.0
5042.217338031095	2.0	trials	12.0	0.0	0.0	0.0	0.0	0.0	True	1.0	0.0	1.0	[56484728.23969001, NaN, NaN, NaN, NaN, NaN, NaN, NaN, NaN, NaN, NaN, NaN, NaN, NaN, NaN, NaN, NaN, NaN, NaN, NaN]	0.0	0.0	0.0
5050.439187157662	2.0	trials	12.0	0.0	0.0	0.0	0.0	0.0	True	1.0	0.0	1.0	[56494547.26969762, NaN, NaN, NaN, NaN, NaN, NaN, NaN, NaN, NaN, NaN, NaN, NaN, NaN, NaN, NaN, NaN, NaN, NaN, NaN]	0.0	0.0	0.0
5058.591484071671	2.0	trials	12.0	0.0	0.0	0.0	0.0	0.0	True	0.0	0.0	0.0	[NaN, NaN, NaN, NaN, NaN, NaN, NaN, NaN, NaN, NaN, NaN, NaN, NaN, NaN, NaN, NaN, NaN, NaN, NaN, NaN]	0.0	0.0	0.0
5064.3017639227	2.0	trials	12.0	0.0	0.0	0.0	0.0	0.0	True	1.0	0.0	1.0	[56568127.49456364, NaN, NaN, NaN, NaN, NaN, NaN, NaN, NaN, NaN, NaN, NaN, NaN, NaN, NaN, NaN, NaN, NaN, NaN, NaN]	0.0	0.0	0.0
5071.405680032782	2.0	trials	12.0	0.0	0.0	0.0	0.0	0.0	True	1.0	0.0	1.0	[56568129.49456976, NaN, NaN, NaN, NaN, NaN, NaN, NaN, NaN, NaN, NaN, NaN, NaN, NaN, NaN, NaN, NaN, NaN, NaN, NaN]	0.0	0.0	0.0
5079.8616738749115	2.0	trials	12.0	0.0	0.0	0.0	0.0	0.0	True	1.0	0.0	1.0	[56577949.52458042, NaN, NaN, NaN, NaN, NaN, NaN, NaN, NaN, NaN, NaN, NaN, NaN, NaN, NaN, NaN, NaN, NaN, NaN, NaN]	0.0	0.0	0.0
5087.738872348201	2.0	trials	12.0	0.0	0.0	0.0	0.0	0.0	True	1.0	0.0	1.0	[56577952.52458959, NaN, NaN, NaN, NaN, NaN, NaN, NaN, NaN, NaN, NaN, NaN, NaN, NaN, NaN, NaN, NaN, NaN, NaN, NaN]	0.0	0.0	0.0
5095.286021812835	2.0	trials	12.0	0.0	0.0	0.0	0.0	0.0	True	1.0	0.0	1.0	[56577975.52465987, NaN, NaN, NaN, NaN, NaN, NaN, NaN, NaN, NaN, NaN, NaN, NaN, NaN, NaN, NaN, NaN, NaN, NaN, NaN]	0.0	0.0	0.0
