onset	duration	nwb_table	Block	sound	sound_puretone	sound_bluenoise	sound_freq	sound_amp	optogenetics	opto_freq	opto_power	opto_pulse_duration	opto_pulse_ts	airpuff	airpuff_duration	airpuff_amp
314.72423008327274	2.0	trials	1.0	1.0	1.0	0.0	10000.0	1.0	False	0.0	0.0	0.0	"[nan nan nan nan nan nan nan nan nan nan nan nan nan nan nan nan nan nan
 nan nan]"	0.0	0.0	0.0
322.4712258226038	2.0	trials	1.0	1.0	1.0	0.0	10000.0	1.0	False	0.0	0.0	0.0	"[nan nan nan nan nan nan nan nan nan nan nan nan nan nan nan nan nan nan
 nan nan]"	0.0	0.0	0.0
328.9566045050814	2.0	trials	1.0	1.0	1.0	0.0	10000.0	1.0	False	0.0	0.0	0.0	"[nan nan nan nan nan nan nan nan nan nan nan nan nan nan nan nan nan nan
 nan nan]"	0.0	0.0	0.0
334.8728644672813	2.0	trials	1.0	1.0	1.0	0.0	10000.0	1.0	False	0.0	0.0	0.0	"[nan nan nan nan nan nan nan nan nan nan nan nan nan nan nan nan nan nan
 nan nan]"	0.0	0.0	0.0
340.56145966131186	2.0	trials	1.0	1.0	1.0	0.0	10000.0	1.0	False	0.0	0.0	0.0	"[nan nan nan nan nan nan nan nan nan nan nan nan nan nan nan nan nan nan
 nan nan]"	0.0	0.0	0.0
349.6766904172387	2.0	trials	1.0	1.0	1.0	0.0	10000.0	1.0	False	0.0	0.0	0.0	"[nan nan nan nan nan nan nan nan nan nan nan nan nan nan nan nan nan nan
 nan nan]"	0.0	0.0	0.0
358.0046417167864	2.0	trials	1.0	1.0	1.0	0.0	10000.0	1.0	False	0.0	0.0	0.0	"[nan nan nan nan nan nan nan nan nan nan nan nan nan nan nan nan nan nan
 nan nan]"	0.0	0.0	0.0
366.2594983697036	2.0	trials	1.0	1.0	1.0	0.0	10000.0	1.0	False	0.0	0.0	0.0	"[nan nan nan nan nan nan nan nan nan nan nan nan nan nan nan nan nan nan
 nan nan]"	0.0	0.0	0.0
373.72958117469585	2.0	trials	1.0	1.0	1.0	0.0	10000.0	1.0	False	0.0	0.0	0.0	"[nan nan nan nan nan nan nan nan nan nan nan nan nan nan nan nan nan nan
 nan nan]"	0.0	0.0	0.0
382.59139987557876	2.0	trials	1.0	1.0	1.0	0.0	10000.0	1.0	False	0.0	0.0	0.0	"[nan nan nan nan nan nan nan nan nan nan nan nan nan nan nan nan nan nan
 nan nan]"	0.0	0.0	0.0
391.5253628198854	2.0	trials	1.0	1.0	1.0	0.0	10000.0	1.0	False	0.0	0.0	0.0	"[nan nan nan nan nan nan nan nan nan nan nan nan nan nan nan nan nan nan
 nan nan]"	0.0	0.0	0.0
399.6157997180298	2.0	trials	1.0	1.0	1.0	0.0	10000.0	1.0	False	0.0	0.0	0.0	"[nan nan nan nan nan nan nan nan nan nan nan nan nan nan nan nan nan nan
 nan nan]"	0.0	0.0	0.0
408.2249839664926	2.0	trials	1.0	1.0	1.0	0.0	10000.0	1.0	False	0.0	0.0	0.0	"[nan nan nan nan nan nan nan nan nan nan nan nan nan nan nan nan nan nan
 nan nan]"	0.0	0.0	0.0
414.9795859573632	2.0	trials	1.0	1.0	1.0	0.0	10000.0	1.0	False	0.0	0.0	0.0	"[nan nan nan nan nan nan nan nan nan nan nan nan nan nan nan nan nan nan
 nan nan]"	0.0	0.0	0.0
422.5034961439758	2.0	trials	1.0	1.0	1.0	0.0	10000.0	1.0	False	0.0	0.0	0.0	"[nan nan nan nan nan nan nan nan nan nan nan nan nan nan nan nan nan nan
 nan nan]"	0.0	0.0	0.0
431.19804388046555	2.0	trials	1.0	1.0	1.0	0.0	10000.0	1.0	False	0.0	0.0	0.0	"[nan nan nan nan nan nan nan nan nan nan nan nan nan nan nan nan nan nan
 nan nan]"	0.0	0.0	0.0
438.6616466635934	2.0	trials	1.0	1.0	1.0	0.0	10000.0	1.0	False	0.0	0.0	0.0	"[nan nan nan nan nan nan nan nan nan nan nan nan nan nan nan nan nan nan
 nan nan]"	0.0	0.0	0.0
447.4206490175612	2.0	trials	1.0	1.0	1.0	0.0	10000.0	1.0	False	0.0	0.0	0.0	"[nan nan nan nan nan nan nan nan nan nan nan nan nan nan nan nan nan nan
 nan nan]"	0.0	0.0	0.0
454.5457354584926	2.0	trials	1.0	1.0	1.0	0.0	10000.0	1.0	False	0.0	0.0	0.0	"[nan nan nan nan nan nan nan nan nan nan nan nan nan nan nan nan nan nan
 nan nan]"	0.0	0.0	0.0
460.2623243469773	2.0	trials	1.0	1.0	1.0	0.0	10000.0	1.0	False	0.0	0.0	0.0	"[nan nan nan nan nan nan nan nan nan nan nan nan nan nan nan nan nan nan
 nan nan]"	0.0	0.0	0.0
465.7823525722419	2.0	trials	1.0	1.0	1.0	0.0	10000.0	1.0	False	0.0	0.0	0.0	"[nan nan nan nan nan nan nan nan nan nan nan nan nan nan nan nan nan nan
 nan nan]"	0.0	0.0	0.0
474.88548728735526	2.0	trials	1.0	1.0	1.0	0.0	10000.0	1.0	False	0.0	0.0	0.0	"[nan nan nan nan nan nan nan nan nan nan nan nan nan nan nan nan nan nan
 nan nan]"	0.0	0.0	0.0
482.882093468903	2.0	trials	1.0	1.0	1.0	0.0	10000.0	1.0	False	0.0	0.0	0.0	"[nan nan nan nan nan nan nan nan nan nan nan nan nan nan nan nan nan nan
 nan nan]"	0.0	0.0	0.0
489.35321610327895	2.0	trials	1.0	1.0	1.0	0.0	10000.0	1.0	False	0.0	0.0	0.0	"[nan nan nan nan nan nan nan nan nan nan nan nan nan nan nan nan nan nan
 nan nan]"	0.0	0.0	0.0
496.84403497823723	2.0	trials	1.0	1.0	1.0	0.0	10000.0	1.0	False	0.0	0.0	0.0	"[nan nan nan nan nan nan nan nan nan nan nan nan nan nan nan nan nan nan
 nan nan]"	0.0	0.0	0.0
506.7263275223264	2.0	trials	1.0	1.0	1.0	0.0	10000.0	1.0	False	0.0	0.0	0.0	"[nan nan nan nan nan nan nan nan nan nan nan nan nan nan nan nan nan nan
 nan nan]"	0.0	0.0	0.0
515.168240806396	2.0	trials	1.0	1.0	1.0	0.0	10000.0	1.0	False	0.0	0.0	0.0	"[nan nan nan nan nan nan nan nan nan nan nan nan nan nan nan nan nan nan
 nan nan]"	0.0	0.0	0.0
522.5361120665137	2.0	trials	1.0	1.0	1.0	0.0	10000.0	1.0	False	0.0	0.0	0.0	"[nan nan nan nan nan nan nan nan nan nan nan nan nan nan nan nan nan nan
 nan nan]"	0.0	0.0	0.0
529.0464604332421	2.0	trials	1.0	1.0	1.0	0.0	10000.0	1.0	False	0.0	0.0	0.0	"[nan nan nan nan nan nan nan nan nan nan nan nan nan nan nan nan nan nan
 nan nan]"	0.0	0.0	0.0
535.4485492346894	2.0	trials	1.0	1.0	1.0	0.0	10000.0	1.0	False	0.0	0.0	0.0	"[nan nan nan nan nan nan nan nan nan nan nan nan nan nan nan nan nan nan
 nan nan]"	0.0	0.0	0.0
544.4192323028942	2.0	trials	1.0	1.0	1.0	0.0	10000.0	1.0	False	0.0	0.0	0.0	"[nan nan nan nan nan nan nan nan nan nan nan nan nan nan nan nan nan nan
 nan nan]"	0.0	0.0	0.0
553.2050187472348	2.0	trials	1.0	1.0	1.0	0.0	10000.0	1.0	False	0.0	0.0	0.0	"[nan nan nan nan nan nan nan nan nan nan nan nan nan nan nan nan nan nan
 nan nan]"	0.0	0.0	0.0
561.1286166824437	2.0	trials	1.0	1.0	1.0	0.0	10000.0	1.0	False	0.0	0.0	0.0	"[nan nan nan nan nan nan nan nan nan nan nan nan nan nan nan nan nan nan
 nan nan]"	0.0	0.0	0.0
571.803113499529	2.0	trials	1.0	1.0	1.0	0.0	10000.0	1.0	False	0.0	0.0	0.0	"[nan nan nan nan nan nan nan nan nan nan nan nan nan nan nan nan nan nan
 nan nan]"	0.0	0.0	0.0
582.1890333429195	2.0	trials	1.0	1.0	1.0	0.0	10000.0	1.0	False	0.0	0.0	0.0	"[nan nan nan nan nan nan nan nan nan nan nan nan nan nan nan nan nan nan
 nan nan]"	0.0	0.0	0.0
591.4471701810294	2.0	trials	1.0	1.0	1.0	0.0	10000.0	1.0	False	0.0	0.0	0.0	"[nan nan nan nan nan nan nan nan nan nan nan nan nan nan nan nan nan nan
 nan nan]"	0.0	0.0	0.0
598.5590373773574	2.0	trials	1.0	1.0	1.0	0.0	10000.0	1.0	False	0.0	0.0	0.0	"[nan nan nan nan nan nan nan nan nan nan nan nan nan nan nan nan nan nan
 nan nan]"	0.0	0.0	0.0
604.6950132809063	2.0	trials	1.0	1.0	1.0	0.0	10000.0	1.0	False	0.0	0.0	0.0	"[nan nan nan nan nan nan nan nan nan nan nan nan nan nan nan nan nan nan
 nan nan]"	0.0	0.0	0.0
615.4791520679373	2.0	trials	1.0	1.0	1.0	0.0	10000.0	1.0	False	0.0	0.0	0.0	"[nan nan nan nan nan nan nan nan nan nan nan nan nan nan nan nan nan nan
 nan nan]"	0.0	0.0	0.0
625.3353517239858	2.0	trials	1.0	1.0	1.0	0.0	10000.0	1.0	False	0.0	0.0	0.0	"[nan nan nan nan nan nan nan nan nan nan nan nan nan nan nan nan nan nan
 nan nan]"	0.0	0.0	0.0
635.841108771722	2.0	trials	1.0	1.0	1.0	0.0	10000.0	1.0	False	0.0	0.0	0.0	"[nan nan nan nan nan nan nan nan nan nan nan nan nan nan nan nan nan nan
 nan nan]"	0.0	0.0	0.0
643.3715853804905	2.0	trials	1.0	1.0	1.0	0.0	10000.0	1.0	False	0.0	0.0	0.0	"[nan nan nan nan nan nan nan nan nan nan nan nan nan nan nan nan nan nan
 nan nan]"	0.0	0.0	0.0
651.9995184922143	2.0	trials	1.0	1.0	1.0	0.0	10000.0	1.0	False	0.0	0.0	0.0	"[nan nan nan nan nan nan nan nan nan nan nan nan nan nan nan nan nan nan
 nan nan]"	0.0	0.0	0.0
659.5192814648335	2.0	trials	1.0	1.0	1.0	0.0	10000.0	1.0	False	0.0	0.0	0.0	"[nan nan nan nan nan nan nan nan nan nan nan nan nan nan nan nan nan nan
 nan nan]"	0.0	0.0	0.0
666.249518573494	2.0	trials	1.0	1.0	1.0	0.0	10000.0	1.0	False	0.0	0.0	0.0	"[nan nan nan nan nan nan nan nan nan nan nan nan nan nan nan nan nan nan
 nan nan]"	0.0	0.0	0.0
674.0143127728793	2.0	trials	1.0	1.0	1.0	0.0	10000.0	1.0	False	0.0	0.0	0.0	"[nan nan nan nan nan nan nan nan nan nan nan nan nan nan nan nan nan nan
 nan nan]"	0.0	0.0	0.0
680.7344410474312	2.0	trials	1.0	1.0	1.0	0.0	10000.0	1.0	False	0.0	0.0	0.0	"[nan nan nan nan nan nan nan nan nan nan nan nan nan nan nan nan nan nan
 nan nan]"	0.0	0.0	0.0
691.8057744034926	2.0	trials	1.0	1.0	1.0	0.0	10000.0	1.0	False	0.0	0.0	0.0	"[nan nan nan nan nan nan nan nan nan nan nan nan nan nan nan nan nan nan
 nan nan]"	0.0	0.0	0.0
701.7278110816834	2.0	trials	1.0	1.0	1.0	0.0	10000.0	1.0	False	0.0	0.0	0.0	"[nan nan nan nan nan nan nan nan nan nan nan nan nan nan nan nan nan nan
 nan nan]"	0.0	0.0	0.0
709.1588409549062	2.0	trials	1.0	1.0	1.0	0.0	10000.0	1.0	False	0.0	0.0	0.0	"[nan nan nan nan nan nan nan nan nan nan nan nan nan nan nan nan nan nan
 nan nan]"	0.0	0.0	0.0
742.8416490049068	2.0	trials	2.0	1.0	1.0	0.0	10000.0	1.0	True	40.0	0.0	0.005	"[8605816.29820604 8606105.29918117 8606394.30015629 8606684.30113479
 8606973.30210991 8607263.30308841 8607553.30406691 8607843.3050454
 8608133.3060239  8608422.30699902 8608711.30797415 8609002.30895602
 8609291.30993114 8609580.31090627 8609870.31188476 8610160.31286326
 8610450.31384176 8610739.31481688 8611029.31579538 8611318.3167705 ]"	0.0	0.0	0.0
753.0415490206433	2.0	trials	2.0	1.0	1.0	0.0	10000.0	1.0	True	40.0	0.0	0.005	"[8723870.69653557 8724158.69750732 8724449.69848919 8724738.69946431
 8725028.70044281 8725317.70141793 8725608.70239981 8725897.70337493
 8726187.70435343 8726477.70533193 8726765.70630367 8727056.70728555
 8727345.70826067 8727635.70923917 8727925.71021766 8728215.71119616
 8728504.71217129 8728794.71314978 8729083.71412491 8729372.71510003]"	0.0	0.0	0.0
760.3321784201371	2.0	trials	2.0	1.0	1.0	0.0	10000.0	1.0	True	40.0	0.0	0.005	"[8808251.98124802 8808541.98222652 8808830.98320164 8809121.98418351
 8809410.98515864 8809699.98613376 8809990.98711563 8810278.98808738
 8810568.98906588 8810858.99004438 8811148.99102287 8811438.99200137
 8811727.9929765  8812017.99395499 8812306.99493012 8812596.99590861
 8812885.99688374 8813175.99786223 8813465.99884073 8813754.99981586]"	0.0	0.0	0.0
766.5084168595369	2.0	trials	2.0	1.0	1.0	0.0	10000.0	1.0	True	40.0	0.0	0.005	"[8879737.22244769 8880026.22342282 8880316.22440132 8880605.22537644
 8880895.22635494 8881185.22733343 8881475.22831193 8881764.22928705
 8882054.23026555 8882343.23124067 8882634.23222255 8882924.23320105
 8883212.23417279 8883502.23515129 8883792.23612979 8884082.23710829
 8884371.23808341 8884660.23905854 8884951.24004041 8885240.24101553]"	0.0	0.0	0.0
773.3994449107262	2.0	trials	2.0	1.0	1.0	0.0	10000.0	1.0	True	40.0	0.0	0.005	"[8959494.49155817 8959783.49253329 8960072.49350842 8960362.49448691
 8960652.49546541 8960941.49644054 8961231.49741903 8961521.49839753
 8961811.49937603 8962100.50035115 8962390.50132965 8962679.50230477
 8962969.50328327 8963259.50426177 8963549.50524027 8963839.50621876
 8964127.50719051 8964417.50816901 8964708.50915088 8964997.51012601]"	0.0	0.0	0.0
782.2438107527211	2.0	trials	2.0	1.0	1.0	0.0	10000.0	1.0	True	40.0	0.0	0.005	"[9061859.83695097 9062148.8379261  9062439.83890797 9062728.83988309
 9063017.84085822 9063306.84183334 9063596.84281184 9063887.84379371
 9064177.8447722  9064466.84574733 9064756.84672583 9065045.84770095
 9065334.84867607 9065625.84965795 9065913.85062969 9066204.85161157
 9066494.85259007 9066782.85356181 9067072.85454031 9067362.85551881]"	0.0	0.0	0.0
789.3621579709135	2.0	trials	2.0	1.0	1.0	0.0	10000.0	1.0	True	40.0	0.0	0.005	"[9144247.11493541 9144537.11591391 9144827.1168924  9145117.1178709
 9145407.1188494  9145695.11982115 9145986.12080302 9146276.12178152
 9146565.12275664 9146855.12373514 9147144.12471026 9147434.12568876
 9147723.12666388 9148013.12764238 9148302.12861751 9148593.12959938
 9148882.1305745  9149171.13154962 9149461.13252812 9149751.13350662]"	0.0	0.0	0.0
796.1462224611943	2.0	trials	2.0	1.0	1.0	0.0	10000.0	1.0	True	40.0	0.0	0.005	"[9222766.37986871 9223056.38084721 9223345.38182233 9223636.38280421
 9223925.38377933 9224215.38475783 9224505.38573632 9224794.38671145
 9225084.38768994 9225373.38866507 9225663.38964357 9225953.39062206
 9226243.39160056 9226532.39257568 9226821.39355081 9227111.39452931
 9227400.39550443 9227690.39648293 9227980.39746142 9228270.39843992]"	0.0	0.0	0.0
805.2423587526941	2.0	trials	2.0	1.0	1.0	0.0	10000.0	1.0	True	40.0	0.0	0.005	"[9328046.7350971  9328336.7360756  9328626.7370541  9328914.73802585
 9329204.73900435 9329495.73998622 9329784.74096134 9330073.74193646
 9330363.74291496 9330653.74389346 9330942.74486858 9331232.74584708
 9331521.7468222  9331811.7478007  9332101.7487792  9332391.7497577
 9332680.75073282 9332970.75171132 9333260.75268982 9333549.75366494]"	0.0	0.0	0.0
811.9858151059578	2.0	trials	2.0	1.0	1.0	0.0	10000.0	1.0	True	40.0	0.0	0.005	"[9406094.99844119 9406384.99941969 9406674.00039481 9406965.00137668
 9407254.00235181 9407543.00332693 9407834.0043088  9408123.00528393
 9408412.00625905 9408703.00724092 9408992.00821605 9409282.00919454
 9409571.01016967 9409860.01114479 9410151.01212666 9410440.01310178
 9410729.01407691 9411020.01505878 9411308.01603053 9411598.01700903]"	0.0	0.0	0.0
821.166537282861	2.0	trials	2.0	1.0	1.0	0.0	10000.0	1.0	True	40.0	0.0	0.005	"[9512354.35697286 9512644.35795135 9512933.35892648 9513223.35990498
 9513512.3608801  9513803.36186197 9514092.36283709 9514381.36381222
 9514671.36479072 9514961.36576921 9515250.36674434 9515540.36772283
 9515829.36869796 9516120.36967983 9516409.37065495 9516698.37163008
 9516988.37260857 9517279.37359045 9517567.37456219 9517857.37554069]"	0.0	0.0	0.0
828.3959952759551	2.0	trials	2.0	1.0	1.0	0.0	10000.0	1.0	True	40.0	0.0	0.005	"[9596028.6392998  9596317.64027492 9596607.64125342 9596896.64222854
 9597186.64320704 9597475.64418216 9597765.64516066 9598055.64613916
 9598345.64711766 9598634.64809278 9598923.6490679  9599214.65004978
 9599503.6510249  9599793.6520034  9600082.65297852 9600372.65395702
 9600662.65493552 9600952.65591401 9601242.65689251 9601531.65786763]"	0.0	0.0	0.0
836.0401746683708	2.0	trials	2.0	1.0	1.0	0.0	10000.0	1.0	True	40.0	0.0	0.005	"[9684502.93782256 9684791.93879769 9685080.93977281 9685370.94075131
 9685660.94172981 9685950.9427083  9686239.94368343 9686529.94466193
 9686819.94564042 9687108.94661555 9687397.94759067 9687688.94857254
 9687977.94954767 9688268.95052954 9688556.95150129 9688846.95247978
 9689136.95345828 9689425.95443341 9689715.9554119  9690004.95638703]"	0.0	0.0	0.0
846.7205467052798	2.0	trials	2.0	1.0	1.0	0.0	10000.0	1.0	True	40.0	0.0	0.005	"[9808118.35491563 9808408.35589413 9808696.35686588 9808987.35784775
 9809276.35882287 9809566.35980137 9809855.36077649 9810144.36175162
 9810435.36273349 9810724.36370861 9811014.36468711 9811303.36566223
 9811593.36664073 9811883.36761923 9812173.36859773 9812462.36957285
 9812751.37054797 9813042.37152984 9813331.37250497 9813621.37348346]"	0.0	0.0	0.0
857.5199783439108	2.0	trials	2.0	1.0	1.0	0.0	10000.0	1.0	True	40.0	0.0	0.005	"[9933110.77665487 9933399.77762999 9933690.77861186 9933979.77958699
 9934269.78056548 9934558.78154061 9934848.7825191  9935138.7834976
 9935428.7844761  9935717.78545122 9936007.78642972 9936296.78740484
 9936587.78838672 9936875.78935847 9937166.79034034 9937454.79131209
 9937744.79229059 9938034.79326908 9938324.79424758 9938614.79522608]"	0.0	0.0	0.0
863.6545718427952	2.0	trials	2.0	1.0	1.0	0.0	10000.0	1.0	True	40.0	0.0	0.005	"[10004114.01622821 10004404.01720671 10004693.01818183 10004983.01916033
 10005272.02013545 10005562.02111395 10005852.02209245 10006141.02306757
 10006431.02404607 10006721.02502456 10007010.02599969 10007301.02698156
 10007589.02795331 10007879.02893181 10008169.02991031 10008459.0308888
 10008748.03186393 10009037.03283905 10009328.03382092 10009617.03479605]"	0.0	0.0	0.0
870.0084492815713	2.0	trials	2.0	1.0	1.0	0.0	10000.0	1.0	True	40.0	0.0	0.005	"[10077653.26435835 10077944.26534022 10078233.26631534 10078522.26729047
 10078813.26827233 10079102.26924746 10079392.27022596 10079682.27120445
 10079971.27217958 10080261.27315808 10080551.27413657 10080841.27511507
 10081130.2760902  10081419.27706532 10081709.27804382 10081998.27901894
 10082288.27999744 10082578.28097594 10082867.28195106 10083157.28292956]"	0.0	0.0	0.0
880.8244697761752	2.0	trials	2.0	1.0	1.0	0.0	10000.0	1.0	True	40.0	0.0	0.005	"[10202839.68675217 10203127.68772392 10203417.68870241 10203707.68968091
 10203997.69065941 10204287.69163791 10204575.69260966 10204866.69359153
 10205155.69456665 10205444.69554178 10205735.69652365 10206024.69749877
 10206314.69847727 10206603.69945239 10206893.70043089 10207182.70140601
 10207472.70238451 10207762.70336301 10208051.70433813 10208341.70531663]"	0.0	0.0	0.0
888.486274828062	2.0	trials	2.0	1.0	1.0	0.0	10000.0	1.0	True	40.0	0.0	0.005	"[10291517.98596326 10291806.98693838 10292096.98791688 10292385.988892
 10292675.9898705  10292965.99084899 10293255.99182749 10293545.99280599
 10293834.99378111 10294124.99475961 10294413.99573473 10294703.99671323
 10294993.99769173 10295282.99866685 10295572.99964535 10295862.00062048
 10296152.00159897 10296442.00257747 10296732.00355597 10297021.00453109]"	0.0	0.0	0.0
895.214783930892	2.0	trials	2.0	1.0	1.0	0.0	10000.0	1.0	True	40.0	0.0	0.005	"[10369393.24872362 10369683.24970212 10369973.25068061 10370263.25165911
 10370552.25263423 10370842.25361273 10371132.25459123 10371422.25556973
 10371711.25654485 10372001.25752335 10372291.25850185 10372580.25947697
 10372869.26045209 10373159.26143059 10373448.26240572 10373738.26338421
 10374028.26436271 10374317.26533783 10374607.26631633 10374897.26729483]"	0.0	0.0	0.0
904.6388957290224	2.0	trials	2.0	1.0	1.0	0.0	10000.0	1.0	True	40.0	0.0	0.005	"[10478469.61676021 10478758.61773533 10479048.61871383 10479338.61969233
 10479627.62066745 10479916.62164257 10480206.62262107 10480497.62360294
 10480785.62457469 10481075.62555319 10481364.62652831 10481655.62751018
 10481944.62848531 10482234.6294638  10482523.63043893 10482813.63141743
 10483103.63239593 10483392.63337105 10483682.63434955 10483972.63532804]"	0.0	0.0	0.0
913.1101851122105	2.0	trials	2.0	1.0	1.0	0.0	10000.0	1.0	True	40.0	0.0	0.005	"[10576515.94758014 10576806.94856202 10577095.94953714 10577385.95051564
 10577673.95148739 10577964.95246926 10578254.95344776 10578543.95442288
 10578833.95540138 10579122.9563765  10579412.957355   10579701.95833012
 10579991.95930862 10580281.96028712 10580570.96126224 10580861.96224411
 10581150.96321923 10581439.96419436 10581730.96517623 10582019.96615135]"	0.0	0.0	0.0
922.0267815979205	2.0	trials	2.0	1.0	1.0	0.0	10000.0	1.0	True	40.0	0.0	0.005	"[10679717.29579372 10680008.29677559 10680297.29775072 10680587.29872921
 10680876.29970434 10681166.30068283 10681456.30166133 10681745.30263646
 10682034.30361158 10682324.30459008 10682614.30556857 10682903.3065437
 10683193.3075222  10683483.30850069 10683772.30947582 10684062.31045431
 10684352.31143281 10684641.31240794 10684931.31338643 10685221.31436493]"	0.0	0.0	0.0
929.67795941395	2.0	trials	2.0	1.0	1.0	0.0	10000.0	1.0	True	40.0	0.0	0.005	"[10768272.59458979 10768562.59556829 10768852.59654678 10769141.59752191
 10769430.59849703 10769721.5994789  10770010.60045403 10770299.60142915
 10770589.60240765 10770879.60338615 10771169.60436464 10771457.60533639
 10771748.60631826 10772038.60729676 10772327.60827189 10772616.60924701
 10772907.61022888 10773196.611204   10773485.61217913 10773775.61315763]"	0.0	0.0	0.0
937.6629015561418	2.0	trials	2.0	1.0	1.0	0.0	10000.0	1.0	True	40.0	0.0	0.005	"[10860691.9064235  10860981.907402   10861269.90837375 10861559.90935224
 10861849.91033074 10862139.91130924 10862429.91228774 10862718.91326286
 10863008.91424136 10863297.91521648 10863586.9161916  10863877.91717348
 10864166.9181486  10864456.9191271  10864745.92010222 10865036.92108409
 10865325.92205922 10865614.92303434 10865904.92401284 10866194.92499133]"	0.0	0.0	0.0
944.0554863255211	2.0	trials	2.0	1.0	1.0	0.0	10000.0	1.0	True	40.0	0.0	0.005	"[10934679.15606524 10934969.15704374 10935259.15802224 10935548.15899736
 10935837.15997249 10936128.16095436 10936417.16192948 10936706.16290461
 10936996.1638831  10937285.16485823 10937576.1658401  10937866.16681859
 10938154.16779035 10938444.16876884 10938734.16974734 10939023.17072246
 10939314.17170434 10939603.17267946 10939893.17365796 10940182.17463308]"	0.0	0.0	0.0
954.5553681534336	2.0	trials	2.0	1.0	1.0	0.0	10000.0	1.0	True	40.0	0.0	0.005	"[11056205.56610975 11056495.56708825 11056784.56806337 11057074.56904187
 11057364.57002036 11057653.57099549 11057943.57197399 11058232.57294911
 11058522.57392761 11058812.57490611 11059101.57588123 11059391.57685973
 11059681.57783823 11059971.57881672 11060260.57979185 11060550.58077034
 11060840.58174884 11061129.58272397 11061419.58370246 11061708.58467758]"	0.0	0.0	0.0
961.4289433457348	2.0	trials	2.0	1.0	1.0	0.0	10000.0	1.0	True	40.0	0.0	0.005	"[11135761.83454202 11136049.83551377 11136339.83649227 11136630.83747414
 11136919.83844927 11137209.83942776 11137498.84040289 11137788.84138139
 11138078.84235988 11138367.84333501 11138656.84431013 11138947.845292
 11139235.84626375 11139525.84724225 11139815.84822075 11140104.84919587
 11140395.85017774 11140684.85115287 11140974.85213136 11141264.85310986]"	0.0	0.0	0.0
970.5489261176955	2.0	trials	2.0	1.0	1.0	0.0	10000.0	1.0	True	40.0	0.0	0.005	"[11241316.19069493 11241606.19167343 11241895.19264855 11242185.19362705
 11242475.19460554 11242764.19558067 11243054.19655917 11243344.19753766
 11243633.19851279 11243923.19949128 11244212.20046641 11244502.20144491
 11244792.2024234  11245081.20339853 11245372.2043804  11245661.20535552
 11245950.20633065 11246240.20730914 11246529.20828427 11246819.20926277]"	0.0	0.0	0.0
980.2574676755271	2.0	trials	2.0	1.0	1.0	0.0	10000.0	1.0	True	40.0	0.0	0.005	"[11353683.56983578 11353973.57081428 11354263.57179277 11354552.5727679
 11354843.57374977 11355131.57472152 11355420.57569664 11355711.57667851
 11356001.57765701 11356290.57863213 11356580.57961063 11356869.58058576
 11357159.58156425 11357449.58254275 11357739.58352125 11358028.58449637
 11358317.5854715  11358608.58645337 11358897.58742849 11359186.58840361]"	0.0	0.0	0.0
987.9794937306073	2.0	trials	2.0	1.0	1.0	0.0	10000.0	1.0	True	40.0	0.0	0.005	"[11443058.87139864 11443347.87237376 11443637.87335226 11443927.87433075
 11444217.87530925 11444506.87628438 11444796.87726287 11445086.87824137
 11445376.87921987 11445665.88019499 11445954.88117011 11446245.88215199
 11446534.88312711 11446822.88409886 11447113.88508073 11447402.88605586
 11447693.88703773 11447983.88801622 11448271.88898797 11448561.88996647]"	0.0	0.0	0.0
998.8241127217061	2.0	trials	2.0	1.0	1.0	0.0	10000.0	1.0	True	40.0	0.0	0.005	"[11568576.29490929 11568865.29588442 11569155.29686291 11569444.29783804
 11569734.29881654 11570023.29979166 11570313.30077016 11570603.30174865
 11570892.30272378 11571182.30370227 11571472.30468077 11571761.3056559
 11572051.30663439 11572340.30760952 11572630.30858801 11572920.30956651
 11573210.31054501 11573499.31152013 11573789.31249863 11574079.31347713]"	0.0	0.0	0.0
1009.2915944402964	2.0	trials	2.0	1.0	1.0	0.0	10000.0	1.0	True	40.0	0.0	0.005	"[11689727.7036885  11690016.70466362 11690306.70564212 11690596.70662062
 11690885.70759574 11691175.70857424 11691464.70954936 11691754.71052786
 11692044.71150636 11692333.71248148 11692623.71345998 11692913.71443848
 11693203.71541698 11693492.7163921  11693782.7173706  11694072.71834909
 11694361.71932422 11694651.72030272 11694941.72128121 11695230.72225634]"	0.0	0.0	0.0
1017.8237096287187	2.0	trials	2.0	1.0	1.0	0.0	10000.0	1.0	True	40.0	0.0	0.005	"[11788478.03688382 11788767.03785895 11789058.03884082 11789348.03981932
 11789636.04079107 11789927.04177294 11790216.04274806 11790505.04372318
 11790795.04470168 11791085.04568018 11791375.04665868 11791664.0476338
 11791953.04860893 11792244.0495908  11792533.05056592 11792822.05154104
 11793113.05252292 11793402.05349804 11793692.05447654 11793981.05545166]"	0.0	0.0	0.0
1028.307434602116	2.0	trials	2.0	1.0	1.0	0.0	10000.0	1.0	True	40.0	0.0	0.005	"[11909818.44630074 11910107.44727587 11910398.44825774 11910687.44923286
 11910976.45020799 11911266.45118648 11911555.45216161 11911846.45314348
 11912134.45411523 11912424.45509372 11912714.45607222 11913004.45705072
 11913294.45802922 11913584.45900772 11913873.45998284 11914163.46096134
 11914452.46193646 11914743.46291833 11915031.46389008 11915321.46486858]"	0.0	0.0	0.0
1037.829697131419	2.0	trials	2.0	1.0	1.0	0.0	10000.0	1.0	True	40.0	0.0	0.005	"[12020029.81816697 12020318.81914209 12020607.82011722 12020897.82109571
 12021187.82207421 12021476.82304933 12021766.82402783 12022055.82500296
 12022345.82598145 12022635.82695995 12022925.82793845 12023214.82891357
 12023504.82989207 12023794.83087057 12024083.83184569 12024373.83282419
 12024663.83380269 12024952.83477781 12025242.83575631 12025532.83673481]"	0.0	0.0	0.0
1046.3777099734818	2.0	trials	2.0	1.0	1.0	0.0	10000.0	1.0	True	40.0	0.0	0.005	"[12118965.15198651 12119254.15296163 12119544.15394013 12119833.15491525
 12120123.15589375 12120413.15687225 12120702.15784737 12120992.15882587
 12121281.15980099 12121572.16078286 12121861.16175799 12122150.16273311
 12122440.16371161 12122729.16468673 12123018.16566185 12123309.16664373
 12123598.16761885 12123888.16859735 12124178.16957585 12124468.17055434]"	0.0	0.0	0.0
1054.8101192254835	2.0	trials	2.0	1.0	1.0	0.0	10000.0	1.0	True	40.0	0.0	0.005	"[12216562.48129146 12216851.48226658 12217141.48324508 12217431.48422358
 12217721.48520208 12218010.4861772  12218300.4871557  12218589.48813082
 12218878.48910595 12219168.49008444 12219458.49106294 12219748.49204144
 12220038.49301994 12220326.49399168 12220617.49497356 12220906.49594868
 12221196.49692718 12221485.4979023  12221775.4988808  12222065.49985929]"	0.0	0.0	0.0
1061.341981264802	2.0	trials	2.0	1.0	1.0	0.0	10000.0	1.0	True	40.0	0.0	0.005	"[12292161.73637231 12292450.73734743 12292740.73832593 12293030.73930442
 12293320.74028292 12293609.74125804 12293899.74223654 12294188.74321166
 12294478.74419016 12294767.74516529 12295058.74614716 12295347.74712228
 12295637.74810078 12295926.7490759  12296216.7500544  12296507.75103627
 12296795.75200802 12297085.75298652 12297374.75396164 12297665.75494351]"	0.0	0.0	0.0
1071.1364047124096	2.0	trials	2.0	1.0	1.0	0.0	10000.0	1.0	True	40.0	0.0	0.005	"[12405523.11886704 12405813.11984554 12406102.12082066 12406392.12179916
 12406682.12277765 12406972.12375615 12407262.12473465 12407551.12570977
 12407841.12668827 12408130.12766339 12408420.12864189 12408709.12961702
 12408999.13059551 12409288.13157064 12409579.13255251 12409868.13352763
 12410158.13450613 12410447.13548125 12410736.13645638 12411026.13743487]"	0.0	0.0	0.0
1078.6827789748186	2.0	trials	2.0	1.0	1.0	0.0	10000.0	1.0	True	40.0	0.0	0.005	"[12492866.41357366 12493155.41454879 12493444.41552391 12493734.41650241
 12494024.41748091 12494314.4184594  12494603.41943453 12494892.42040965
 12495183.42139152 12495472.42236665 12495762.42334514 12496051.42432027
 12496341.42529876 12496631.42627726 12496921.42725576 12497210.42823088
 12497500.42920938 12497789.4301845  12498079.431163   12498369.4321415 ]"	0.0	0.0	0.0
1086.4966485397904	2.0	trials	2.0	1.0	1.0	0.0	10000.0	1.0	True	40.0	0.0	0.005	"[12583303.71871985 12583593.71969834 12583882.72067347 12584172.72165196
 12584461.72262709 12584751.72360559 12585040.72458071 12585330.72555921
 12585620.7265377  12585910.7275162  12586199.72849133 12586489.72946982
 12586779.73044832 12587069.73142682 12587358.73240194 12587647.73337707
 12587938.73435894 12588228.73533744 12588517.73631256 12588806.73728768]"	0.0	0.0	0.0
1094.096763783528	2.0	trials	2.0	1.0	1.0	0.0	10000.0	1.0	True	40.0	0.0	0.005	"[12671268.0155218  12671559.01650367 12671848.0174788  12672137.01845392
 12672427.01943242 12672717.02041092 12673006.02138604 12673296.02236454
 12673586.02334304 12673876.02432154 12674165.02529666 12674455.02627516
 12674745.02725366 12675034.02822878 12675324.02920727 12675613.0301824
 12675904.03116427 12676192.03213602 12676482.03311452 12676772.03409302]"	0.0	0.0	0.0
1104.9622916451763	2.0	trials	2.0	1.0	1.0	0.0	10000.0	1.0	True	40.0	0.0	0.005	"[12797027.439849   12797316.44082412 12797606.44180262 12797896.44278112
 12798186.44375962 12798475.44473474 12798765.44571324 12799055.44669174
 12799345.44767023 12799633.44864199 12799923.44962048 12800213.45059898
 12800503.45157748 12800792.4525526  12801082.4535311  12801371.45450622
 12801661.45548472 12801951.45646322 12802240.45743834 12802530.45841684]"	0.0	0.0	0.0
1112.4280544355922	2.0	trials	2.0	1.0	1.0	0.0	10000.0	1.0	True	40.0	0.0	0.005	"[12883436.73140419 12883726.73238269 12884015.73335781 12884305.73433631
 12884595.73531481 12884884.73628993 12885173.73726505 12885463.73824355
 12885753.73922205 12886042.74019717 12886332.74117567 12886622.74215417
 12886911.74312929 12887202.74411116 12887490.74508291 12887780.74606141
 12888070.74703991 12888359.74801503 12888650.7489969  12888939.74997202]"	0.0	0.0	0.0
1123.0788775727997	2.0	trials	2.0	1.0	1.0	0.0	10000.0	1.0	True	40.0	0.0	0.005	"[13006710.1473433  13006999.14831842 13007288.14929355 13007578.15027205
 13007868.15125054 13008158.15222904 13008447.15320417 13008738.15418603
 13009028.15516453 13009316.15613628 13009606.15711478 13009896.15809328
 13010185.1590684  13010474.16004353 13010765.1610254  13011054.16200052
 13011344.16297902 13011634.16395751 13011924.16493601 13012212.16590776]"	0.0	0.0	0.0
1130.9267024523406	2.0	trials	2.0	1.0	1.0	0.0	10000.0	1.0	True	40.0	0.0	0.005	"[13097541.45381889 13097830.45479401 13098120.45577251 13098409.45674763
 13098700.45772951 13098989.45870463 13099279.45968313 13099568.46065825
 13099857.46163337 13100148.46261525 13100437.46359037 13100727.46456887
 13101017.46554736 13101307.46652586 13101596.46750099 13101885.46847611
 13102176.46945798 13102465.47043311 13102755.4714116  13103044.47238673]"	0.0	0.0	0.0
1138.6644533604785	2.0	trials	2.0	1.0	1.0	0.0	10000.0	1.0	True	40.0	0.0	0.005	"[13187098.75599584 13187388.75697434 13187676.75794609 13187966.75892458
 13188255.75989971 13188546.76088158 13188835.7618567  13189126.76283857
 13189414.76381032 13189705.7647922  13189995.76577069 13190284.76674582
 13190573.76772094 13190862.76869606 13191153.76967793 13191442.77065306
 13191732.77163156 13192022.77261005 13192312.77358855 13192601.77456367]"	0.0	0.0	0.0
1145.6187264250643	2.0	trials	2.0	1.0	1.0	0.0	10000.0	1.0	True	40.0	0.0	0.005	"[13267587.0275728  13267877.0285513  13268167.0295298  13268456.03050492
 13268745.03148004 13269035.03245854 13269325.03343704 13269614.03441216
 13269904.03539066 13270194.03636916 13270484.03734766 13270773.03832278
 13271063.03930128 13271353.04027978 13271642.0412549  13271931.04223002
 13272221.04320852 13272511.04418702 13272800.04516214 13273090.04614064]"	0.0	0.0	0.0
1156.2565031182512	2.0	trials	2.0	1.0	1.0	0.0	10000.0	1.0	True	40.0	0.0	0.005	"[13390710.44300579 13391000.44398429 13391289.44495942 13391579.44593791
 13391869.44691641 13392159.44789491 13392448.44887003 13392737.44984515
 13393027.45082365 13393316.45179878 13393607.45278065 13393896.45375577
 13394186.45473427 13394475.45570939 13394765.45668789 13395054.45766301
 13395344.45864151 13395634.45962001 13395924.46059851 13396213.46157363]"	0.0	0.0	0.0
1165.713447027161	2.0	trials	2.0	1.0	1.0	0.0	10000.0	1.0	True	40.0	0.0	0.005	"[13500164.8123178  13500455.81329967 13500745.81427817 13501033.81524992
 13501323.81622842 13501613.81720692 13501903.81818542 13502192.81916054
 13502481.82013566 13502771.82111416 13503061.82209266 13503350.82306778
 13503641.82404965 13503930.82502478 13504219.8259999  13504509.8269784
 13504798.82795352 13505089.82893539 13505378.82991052 13505668.83088901]"	0.0	0.0	0.0
1173.1048191665736	2.0	trials	2.0	1.0	1.0	0.0	10000.0	1.0	True	40.0	0.0	0.005	"[13585714.10097124 13586003.10194637 13586294.10292823 13586583.10390336
 13586872.10487848 13587161.1058536  13587452.10683548 13587741.1078106
 13588032.10879247 13588321.10976759 13588611.11074609 13588900.11172122
 13589191.11270309 13589479.11367484 13589769.11465334 13590059.11563183
 13590348.11660696 13590638.11758545 13590927.11856058 13591218.11954245]"	0.0	0.0	0.0
1181.375314272257	2.0	trials	2.0	1.0	1.0	0.0	10000.0	1.0	True	40.0	0.0	0.005	"[13681437.42395307 13681727.42493157 13682017.42591006 13682306.42688519
 13682595.42786031 13682885.42883881 13683174.42981393 13683465.43079581
 13683754.43177093 13684043.43274605 13684333.43372455 13684623.43470305
 13684913.43568155 13685202.43665667 13685492.43763517 13685781.43861029
 13686071.43958879 13686361.44056729 13686650.44154241 13686939.44251753]"	0.0	0.0	0.0
1190.8592150721224	2.0	trials	2.0	1.0	1.0	0.0	10000.0	1.0	True	40.0	0.0	0.005	"[13791203.79431781 13791493.79529631 13791783.79627481 13792072.79724993
 13792362.79822843 13792652.79920693 13792941.80018205 13793230.80115717
 13793521.80213904 13793810.80311417 13794100.80409266 13794390.80507116
 13794680.80604966 13794969.80702478 13795259.80800328 13795548.8089784
 13795838.8099569  13796128.8109354  13796417.81191052 13796706.81288565]"	0.0	0.0	0.0
1198.0832298468504	2.0	trials	2.0	1.0	1.0	0.0	10000.0	1.0	True	40.0	0.0	0.005	"[13874816.07643556 13875106.07741405 13875396.07839255 13875684.0793643
 13875975.08034617 13876263.08131792 13876554.0822998  13876843.08327492
 13877133.08425342 13877423.08523191 13877712.08620704 13878002.08718553
 13878291.08816066 13878581.08913916 13878870.09011428 13879161.09109615
 13879449.0920679  13879740.09304977 13880030.09402827 13880319.09500339]"	0.0	0.0	0.0
1205.1173367808055	2.0	trials	2.0	1.0	1.0	0.0	10000.0	1.0	True	40.0	0.0	0.005	"[13956229.35113359 13956519.35211209 13956808.35308721 13957098.35406571
 13957388.35504421 13957677.35601933 13957967.35699783 13958256.35797295
 13958545.35894808 13958835.35992657 13959125.36090507 13959414.36188019
 13959705.36286207 13959994.36383719 13960284.36481569 13960574.36579419
 13960863.36676931 13961153.36774781 13961442.36872293 13961731.36969805]"	0.0	0.0	0.0
1215.6776124124942	2.0	trials	2.0	1.0	1.0	0.0	10000.0	1.0	True	40.0	0.0	0.005	"[14078454.76353662 14078743.76451174 14079033.76549024 14079323.76646873
 14079612.76744386 14079903.76842573 14080192.76940085 14080482.77037935
 14080771.77135447 14081061.77233297 14081350.77330809 14081640.77428659
 14081930.77526509 14082220.77624359 14082509.77721871 14082798.77819383
 14083088.77917233 14083378.78015083 14083667.78112595 14083957.78210445]"	0.0	0.0	0.0
1225.2396190758989	2.0	trials	2.0	1.0	1.0	0.0	10000.0	1.0	True	40.0	0.0	0.005	"[14189125.13695156 14189414.13792669 14189705.13890856 14189994.13988368
 14190284.14086218 14190573.14183731 14190863.1428158  14191152.14379093
 14191443.1447728  14191732.14574792 14192022.14672642 14192311.14770154
 14192601.14868004 14192891.14965854 14193181.15063704 14193469.15160879
 14193759.15258729 14194049.15356578 14194339.15454428 14194629.15552277]"	0.0	0.0	0.0
1236.129511819757	2.0	trials	2.0	1.0	1.0	0.0	10000.0	1.0	True	40.0	0.0	0.005	"[14315166.56223027 14315456.56320876 14315746.56418726 14316035.56516239
 14316324.56613751 14316614.56711601 14316904.5680945  14317193.56906963
 14317484.5700515  14317773.57102663 14318063.57200512 14318352.57298025
 14318641.57395537 14318931.57493387 14319221.57591236 14319511.57689086
 14319800.57786599 14320090.57884449 14320380.57982298 14320669.5807981 ]"	0.0	0.0	0.0
1245.8384853790462	2.0	trials	2.0	1.0	1.0	0.0	10000.0	1.0	True	40.0	0.0	0.005	"[14427537.94138461 14427827.94236311 14428116.94333824 14428407.94432011
 14428696.94529523 14428985.94627035 14429275.94724885 14429564.94822397
 14429854.94920247 14430145.95018435 14430434.95115947 14430723.95213459
 14431013.95311309 14431303.95409159 14431592.95506671 14431882.95604521
 14432171.95702033 14432461.95799883 14432751.95897733 14433040.95995245]"	0.0	0.0	0.0
1256.4101658492164	2.0	trials	2.0	1.0	1.0	0.0	10000.0	1.0	True	40.0	0.0	0.005	"[14549895.35423302 14550185.35521152 14550475.35619001 14550764.35716514
 14551054.35814364 14551343.35911876 14551634.36010063 14551923.36107576
 14552212.36205088 14552503.36303275 14552792.36400788 14553081.364983
 14553370.36595812 14553661.36694    14553950.36791512 14554240.36889362
 14554530.36987212 14554819.37084724 14555109.37182574 14555398.37280086]"	0.0	0.0	0.0
1265.9676796974616	2.0	trials	2.0	1.0	1.0	0.0	10000.0	1.0	True	40.0	0.0	0.005	"[14660514.72747589 14660804.72845439 14661093.72942952 14661384.73041138
 14661673.73138651 14661963.73236501 14662252.73334013 14662541.73431525
 14662832.73529713 14663122.73627562 14663410.73724737 14663701.73822924
 14663991.73920774 14664279.74017949 14664570.74116137 14664859.74213649
 14665148.74311161 14665438.74409011 14665728.74506861 14666018.74604711]"	0.0	0.0	0.0
1276.3790012265606	2.0	trials	2.0	1.0	1.0	0.0	10000.0	1.0	True	40.0	0.0	0.005	"[14781017.13406529 14781307.13504379 14781596.13601891 14781885.13699403
 14782175.13797253 14782465.13895103 14782754.13992615 14783045.14090803
 14783334.14188315 14783623.14285827 14783913.14383677 14784202.14481189
 14784493.14579377 14784782.14676889 14785071.14774401 14785362.14872589
 14785651.14970101 14785940.15067613 14786231.151658   14786519.15262975]"	0.0	0.0	0.0
1285.4856783536263	2.0	trials	2.0	1.0	1.0	0.0	10000.0	1.0	True	40.0	0.0	0.005	"[14886417.48969858 14886707.49067708 14886997.49165558 14887287.49263407
 14887576.49360919 14887866.49458769 14888155.49556281 14888445.49654131
 14888735.49751981 14889024.49849494 14889314.49947343 14889604.50045193
 14889893.50142705 14890182.50240218 14890472.50338067 14890762.50435917
 14891052.50533767 14891341.50631279 14891631.50729129 14891921.50826979]"	0.0	0.0	0.0
1295.648771845173	2.0	trials	2.0	1.0	1.0	0.0	10000.0	1.0	True	40.0	0.0	0.005	"[15004046.8865941  15004335.88756922 15004624.88854435 15004914.88952284
 15005204.89050134 15005494.89147984 15005783.89245496 15006073.89343346
 15006362.89440858 15006652.89538708 15006942.89636558 15007232.89734408
 15007521.8983192  15007811.8992977  15008100.90027282 15008390.90125132
 15008680.90222982 15008969.90320494 15009259.90418344 15009548.90515856]"	0.0	0.0	0.0
1303.0546592335618	2.0	trials	2.0	1.0	1.0	0.0	10000.0	1.0	True	40.0	0.0	0.005	"[15089762.17580764 15090052.17678614 15090342.17776464 15090631.17873976
 15090920.17971488 15091211.18069675 15091501.18167525 15091789.182647
 15092079.1836255  15092368.18460062 15092659.18558249 15092948.18655762
 15093238.18753612 15093527.18851124 15093817.18948974 15094106.19046486
 15094396.19144336 15094686.19242186 15094976.19340036 15095265.19437548]"	0.0	0.0	0.0
1311.3844249392316	2.0	trials	2.0	1.0	1.0	0.0	10000.0	1.0	True	40.0	0.0	0.005	"[15186172.5011075  15186461.50208262 15186751.50306112 15187040.50403625
 15187329.50501137 15187618.50598649 15187909.50696836 15188199.50794686
 15188488.50892198 15188778.50990048 15189068.51087898 15189358.51185748
 15189647.5128326  15189936.51380773 15190227.5147896  15190516.51576472
 15190806.51674322 15191095.51771834 15191385.51869684 15191674.51967196]"	0.0	0.0	0.0
1317.690350216211	2.0	trials	2.0	1.0	1.0	0.0	10000.0	1.0	True	40.0	0.0	0.005	"[15259156.747365   15259447.74834687 15259736.74932199 15260026.75030049
 15260315.75127561 15260605.75225411 15260895.75323261 15261184.75420773
 15261474.75518623 15261764.75616473 15262054.75714322 15262343.75811835
 15262632.75909347 15262922.76007197 15263212.76105046 15263502.76202896
 15263790.76300071 15264081.76398258 15264371.76496108 15264660.76593621]"	0.0	0.0	0.0
1323.8619230398683	2.0	trials	2.0	1.0	1.0	0.0	10000.0	1.0	True	40.0	0.0	0.005	"[15330587.98838246 15330876.98935759 15331166.99033609 15331456.99131458
 15331745.99228971 15332035.9932682  15332324.99424333 15332614.99522183
 15332903.99619695 15333194.99717882 15333483.99815395 15333773.99913244
 15334064.00011094 15334353.00108606 15334642.00206119 15334932.00303968
 15335222.00401818 15335511.00499331 15335801.0059718  15336092.00695368]"	0.0	0.0	0.0
1330.860605854298	2.0	trials	2.0	1.0	1.0	0.0	10000.0	1.0	True	40.0	0.0	0.005	"[15411591.26169711 15411880.26267223 15412170.26365073 15412460.26462922
 15412749.26560435 15413039.26658284 15413329.26756134 15413617.26853309
 15413907.26951159 15414197.27049009 15414486.27146521 15414777.27244709
 15415066.27342221 15415355.27439733 15415645.27537583 15415935.27635433
 15416225.27733282 15416515.27831132 15416803.27928307 15417093.28026157]"	0.0	0.0	0.0
1341.2923178521971	2.0	trials	2.0	1.0	1.0	0.0	10000.0	1.0	True	40.0	0.0	0.005	"[15532327.66907605 15532617.67005455 15532907.67103305 15533197.67201154
 15533486.67298667 15533775.67396179 15534065.67494029 15534355.67591879
 15534645.67689728 15534934.67787241 15535223.67884753 15535513.67982603
 15535803.68080452 15536092.68177965 15536382.68275815 15536672.68373665
 15536962.68471514 15537251.68569027 15537541.68666876 15537830.68764389]"	0.0	0.0	0.0
1348.7744966980028	2.0	trials	2.0	1.0	1.0	0.0	10000.0	1.0	True	40.0	0.0	0.005	"[15618926.96127232 15619216.96225082 15619506.96322932 15619796.96420782
 15620085.96518294 15620375.96616144 15620665.96713993 15620954.96811506
 15621243.96909018 15621533.97006868 15621823.97104718 15622113.97202567
 15622402.9730008  15622691.97397592 15622981.97495442 15623271.97593291
 15623561.97691141 15623851.97788991 15624140.97886504 15624429.97984016]"	0.0	0.0	0.0
1356.1187806785342	2.0	trials	2.0	1.0	1.0	0.0	10000.0	1.0	True	40.0	0.0	0.005	"[15703930.24808348 15704220.24906198 15704509.2500371  15704799.2510156
 15705089.2519941  15705378.25296922 15705668.25394772 15705958.25492622
 15706248.25590472 15706536.25687647 15706827.25785834 15707116.25883346
 15707406.25981196 15707696.26079046 15707985.26176558 15708274.2627407
 15708564.2637192  15708854.2646977  15709143.26567282 15709434.26665469]"	0.0	0.0	0.0
1364.06259628196	2.0	trials	2.0	1.0	1.0	0.0	10000.0	1.0	True	40.0	0.0	0.005	"[15795872.55830773 15796162.55928623 15796452.56026473 15796741.56123985
 15797031.56221834 15797321.56319684 15797610.56417197 15797900.56515046
 15798189.56612559 15798479.56710409 15798768.56807921 15799059.56906108
 15799348.5700362  15799637.57101133 15799928.5719932  15800217.57296832
 15800507.57394682 15800796.57492195 15801086.57590044 15801375.57687557]"	0.0	0.0	0.0
1373.7825426782729	2.0	trials	2.0	1.0	1.0	0.0	10000.0	1.0	True	40.0	0.0	0.005	"[15908371.93789397 15908661.93887246 15908951.93985096 15909240.94082608
 15909529.94180121 15909819.94277971 15910109.9437582  15910399.9447367
 15910688.94571182 15910978.94669032 15911268.94766882 15911558.94864732
 15911847.94962244 15912136.95059756 15912427.95157944 15912716.95255456
 15913005.95352968 15913295.95450818 15913585.95548668 15913874.9564618 ]"	0.0	0.0	0.0
1380.217031589042	2.0	trials	2.0	1.0	1.0	0.0	10000.0	1.0	True	40.0	0.0	0.005	"[15982845.18917554 15983136.19015741 15983425.19113253 15983715.19211103
 15984004.19308615 15984294.19406465 15984584.19504315 15984872.1960149
 15985163.19699677 15985453.19797527 15985742.19895039 15986031.19992552
 15986321.20090402 15986611.20188251 15986900.20285764 15987191.20383951
 15987480.20481463 15987770.20579313 15988059.20676825 15988349.20774675]"	0.0	0.0	0.0
1387.8050507919663	2.0	trials	2.0	1.0	1.0	0.0	10000.0	1.0	True	40.0	0.0	0.005	"[16070670.4855085  16070959.48648362 16071248.48745874 16071539.48844061
 16071828.48941574 16072118.49039423 16072408.49137273 16072697.49234786
 16072987.49332635 16073276.49430148 16073566.49527997 16073856.49625847
 16074146.49723697 16074435.49821209 16074725.49919059 16075014.50016571
 16075303.50114084 16075593.50211934 16075883.50309783 16076172.50407295]"	0.0	0.0	0.0
1397.4707378052015	2.0	trials	2.0	1.0	1.0	0.0	10000.0	1.0	True	40.0	0.0	0.005	"[16182541.86297578 16182830.8639509  16183120.8649294  16183410.8659079
 16183698.86687965 16183989.86786151 16184278.86883664 16184568.86981514
 16184858.87079364 16185147.87176876 16185438.87275063 16185726.87372238
 16186016.87470088 16186306.87567937 16186596.87665787 16186885.87763299
 16187175.87861149 16187465.87958999 16187754.88056511 16188044.88154361]"	0.0	0.0	0.0
1407.7781197835955	2.0	trials	2.0	1.0	1.0	0.0	10000.0	1.0	True	40.0	0.0	0.005	"[16301839.26549935 16302129.26647785 16302419.26745634 16302708.26843147
 16302998.26940996 16303288.27038846 16303577.27136359 16303866.27233871
 16304156.27331721 16304446.2742957  16304735.27527083 16305025.27624932
 16305315.27722782 16305604.27820294 16305894.27918144 16306183.28015657
 16306473.28113507 16306763.28211356 16307052.28308868 16307343.28407056]"	0.0	0.0	0.0
1416.0528485035636	2.0	trials	2.0	1.0	1.0	0.0	10000.0	1.0	True	40.0	0.0	0.005	"[16397611.58864651 16397901.58962501 16398190.59060013 16398480.59157863
 16398770.59255713 16399060.59353563 16399350.59451412 16399639.59548925
 16399928.59646437 16400219.59744624 16400508.59842137 16400798.59939986
 16401087.60037499 16401377.60135348 16401666.60232861 16401956.60330711
 16402246.60428561 16402536.6052641  16402825.60623923 16403114.60721435]"	0.0	0.0	0.0
1426.042709410602	2.0	trials	2.0	1.0	1.0	0.0	10000.0	1.0	True	40.0	0.0	0.005	"[16513235.9787769  16513525.9797554  16513814.98073052 16514103.98170565
 16514393.98268415 16514683.98366264 16514972.98463777 16515262.98561626
 16515552.98659476 16515841.98756989 16516131.98854838 16516421.98952688
 16516711.99050538 16517000.9914805  16517289.99245563 16517580.9934375
 16517870.99441599 16518158.99538774 16518448.99636624 16518738.99734474]"	0.0	0.0	0.0
1432.847077969391	2.0	trials	2.0	1.0	1.0	0.0	10000.0	1.0	True	40.0	0.0	0.005	"[16591989.24449975 16592280.24548162 16592569.24645675 16592858.24743187
 16593149.24841374 16593439.24939224 16593728.25036736 16594017.25134249
 16594307.25232098 16594596.25329611 16594886.2542746  16595176.2552531
 16595465.25622823 16595754.25720335 16596044.25818185 16596334.25916035
 16596625.26014222 16596914.26111734 16597203.26209247 16597493.26307096]"	0.0	0.0	0.0
1443.7070762123813	2.0	trials	2.0	1.0	1.0	0.0	10000.0	1.0	True	40.0	0.0	0.005	"[16717683.66860763 16717973.66958613 16718263.67056463 16718553.67154313
 16718842.67251825 16719132.67349674 16719422.67447524 16719711.67545036
 16720001.67642886 16720290.67740399 16720580.67838249 16720870.67936098
 16721159.68033611 16721449.6813146  16721738.68228973 16722028.68326822
 16722318.68424672 16722608.68522522 16722898.68620372 16723187.68717884]"	0.0	0.0	0.0
1449.9709245473878	2.0	trials	2.0	1.0	1.0	0.0	10000.0	1.0	True	40.0	0.0	0.005	"[16790181.9132253  16790472.91420717 16790761.91518229 16791051.91616079
 16791340.91713591 16791630.91811441 16791920.91909291 16792209.92006803
 16792499.92104653 16792789.92202503 16793077.92299678 16793367.92397527
 16793658.92495715 16793947.92593227 16794236.92690739 16794527.92788927
 16794816.92886439 16795105.92983951 16795396.93082139 16795685.93179651]"	0.0	0.0	0.0
1460.4473054960051	2.0	trials	2.0	1.0	1.0	0.0	10000.0	1.0	True	40.0	0.0	0.005	"[16911436.32235204 16911725.32332717 16912016.32430904 16912305.32528416
 16912594.32625928 16912884.32723778 16913174.32821628 16913463.3291914
 16913753.3301699  16914042.33114502 16914333.33212689 16914622.33310202
 16914912.33408051 16915201.33505564 16915491.33603413 16915781.33701263
 16916071.33799113 16916360.33896626 16916650.33994475 16916939.34091988]"	0.0	0.0	0.0
1469.4055469222305	2.0	trials	2.0	1.0	1.0	0.0	10000.0	1.0	True	40.0	0.0	0.005	"[17015119.67219195 17015409.67317044 17015699.67414894 17015988.67512406
 17016278.67610256 17016567.67707769 17016857.67805618 17017146.67903131
 17017437.68001318 17017726.6809883  17018015.68196343 17018305.68294192
 17018595.68392042 17018884.68489555 17019174.68587404 17019464.68685254
 17019754.68783104 17020044.68880954 17020333.68978466 17020622.69075979]"	0.0	0.0	0.0
1476.6892642984026	2.0	trials	2.0	1.0	1.0	0.0	10000.0	1.0	True	40.0	0.0	0.005	"[17099421.95663784 17099711.95761634 17100001.95859484 17100290.95956996
 17100580.96054846 17100870.96152696 17101160.96250546 17101449.96348058
 17101738.9644557  17102029.96543757 17102318.9664127  17102608.96739119
 17102897.96836632 17103187.96934482 17103477.97032331 17103766.97129844
 17104055.97227356 17104346.97325543 17104635.97423055 17104924.97520568]"	0.0	0.0	0.0
1485.8909817461463	2.0	trials	2.0	1.0	1.0	0.0	10000.0	1.0	True	40.0	0.0	0.005	"[17205924.31598942 17206213.31696454 17206503.31794304 17206792.31891816
 17207083.31990004 17207372.32087516 17207662.32185366 17207951.32282878
 17208240.32380391 17208530.3247824  17208820.3257609  17209109.32673603
 17209399.32771452 17209689.32869302 17209979.32967152 17210268.33064664
 17210557.33162176 17210848.33260364 17211137.33357876 17211427.33455726]"	0.0	0.0	0.0
1495.933546831015	2.0	trials	2.0	1.0	1.0	0.0	10000.0	1.0	True	40.0	0.0	0.005	"[17322156.70817128 17322446.70914978 17322736.71012828 17323025.7111034
 17323315.7120819  17323604.71305702 17323894.71403552 17324184.71501402
 17324473.71598914 17324763.71696764 17325053.71794614 17325342.71892126
 17325632.71989976 17325921.72087488 17326212.72185675 17326501.72283188
 17326791.72381037 17327080.7247855  17327370.725764   17327660.72674249]"	0.0	0.0	0.0
1504.427473090583	2.0	trials	2.0	1.0	1.0	0.0	10000.0	1.0	True	40.0	0.0	0.005	"[17420468.03988536 17420756.04085711 17421045.04183223 17421335.04281073
 17421626.04379261 17421915.04476773 17422204.04574285 17422495.04672473
 17422783.04769647 17423073.04867497 17423363.04965347 17423652.05062859
 17423942.05160709 17424232.05258559 17424522.05356409 17424811.05453921
 17425101.05551771 17425391.0564962  17425680.05747133 17425970.05844983]"	0.0	0.0	0.0
1512.2218161896699	2.0	trials	2.0	1.0	1.0	0.0	10000.0	1.0	True	40.0	0.0	0.005	"[17510678.34426562 17510969.34524749 17511258.34622261 17511547.34719774
 17511837.34817623 17512127.34915473 17512415.35012648 17512706.35110835
 17512996.35208685 17513285.35306197 17513574.3540371  17513864.3550156
 17514154.35599409 17514444.35697259 17514733.35794771 17515023.35892621
 17515313.35990471 17515603.36088321 17515892.36185833 17516182.36283683]"	0.0	0.0	0.0
1522.8896601843078	2.0	trials	2.0	1.0	1.0	0.0	10000.0	1.0	True	40.0	0.0	0.005	"[17634148.76086943 17634438.76184793 17634728.76282643 17635018.76380493
 17635307.76478005 17635596.76575517 17635886.76673367 17636176.76771217
 17636466.76869067 17636754.76966242 17637044.77064091 17637335.77162278
 17637624.77259791 17637914.77357641 17638203.77455153 17638494.7755334
 17638782.77650515 17639073.77748702 17639361.77845877 17639651.77943727]"	0.0	0.0	0.0
1531.4017305050957	2.0	trials	2.0	1.0	1.0	0.0	10000.0	1.0	True	40.0	0.0	0.005	"[17732668.09328533 17732958.09426383 17733248.09524233 17733537.09621745
 17733826.09719258 17734117.09817445 17734406.09914957 17734695.10012469
 17734986.10110657 17735275.10208169 17735564.10305681 17735854.10403531
 17736144.10501381 17736433.10598893 17736723.10696743 17737013.10794593
 17737303.10892443 17737592.10989955 17737882.11087805 17738171.11185317]"	0.0	0.0	0.0
1539.75836670143	2.0	trials	2.0	1.0	1.0	0.0	10000.0	1.0	True	40.0	0.0	0.005	"[17829388.41963117 17829678.42060967 17829967.4215848  17830257.42256329
 17830547.42354179 17830837.42452029 17831126.42549541 17831416.42647391
 17831705.42744903 17831996.4284309  17832285.42940603 17832574.43038115
 17832864.43135965 17833154.43233815 17833442.4333099  17833733.43429177
 17834022.43526689 17834313.43624876 17834601.43722051 17834891.43819901]"	0.0	0.0	0.0
1547.0943562539749	2.0	trials	2.0	1.0	1.0	0.0	10000.0	1.0	True	40.0	0.0	0.005	"[17914295.70611842 17914585.70709691 17914875.70807541 17915165.70905391
 17915454.71002904 17915744.71100753 17916033.71198266 17916323.71296115
 17916612.71393628 17916902.71491477 17917192.71589327 17917481.71686839
 17917771.71784689 17918060.71882202 17918350.71980052 17918640.72077901
 17918930.72175751 17919220.72273601 17919510.7237145  17919799.72468963]"	0.0	0.0	0.0
1554.510006875306	2.0	trials	2.0	1.0	1.0	0.0	10000.0	1.0	True	40.0	0.0	0.005	"[18000126.99572336 18000415.99669848 18000704.9976736  18000994.9986521
 18001284.9996306  18001574.00060572 18001864.00158422 18002153.00255935
 18002443.00353784 18002733.00451634 18003023.00549484 18003312.00646996
 18003601.00744508 18003891.00842358 18004181.00940208 18004470.01037721
 18004759.01135233 18005050.0123342  18005340.01331269 18005629.01428782]"	0.0	0.0	0.0
1563.4800851414705	2.0	trials	2.0	1.0	1.0	0.0	10000.0	1.0	True	40.0	0.0	0.005	"[18103946.34602215 18104235.34699727 18104524.34797239 18104814.34895089
 18105103.34992601 18105394.35090789 18105683.35188301 18105974.35286488
 18106262.35383663 18106553.3548185  18106842.35579363 18107131.35676875
 18107421.35774725 18107711.35872575 18108001.35970424 18108290.36067937
 18108580.36165787 18108869.36263299 18109160.36361486 18109448.36458661]"	0.0	0.0	0.0
1570.4341854054733	2.0	trials	2.0	1.0	1.0	0.0	10000.0	1.0	True	40.0	0.0	0.005	"[18184432.61759236 18184723.61857424 18185012.61954936 18185301.62052448
 18185591.62150298 18185880.6224781  18186171.62345998 18186461.62443847
 18186750.6254136  18187040.62639209 18187329.62736722 18187619.62834571
 18187909.62932421 18188198.63029933 18188488.63127783 18188778.63225633
 18189067.63323145 18189357.63420995 18189646.63518507 18189935.6361602 ]"	0.0	0.0	0.0
1577.4806475811163	2.0	trials	2.0	1.0	1.0	0.0	10000.0	1.0	True	40.0	0.0	0.005	"[18265988.8927729  18266278.89375139 18266567.89472652 18266857.89570501
 18267147.89668351 18267436.89765864 18267726.89863714 18268017.89961901
 18268305.90059076 18268595.90156925 18268885.90254775 18269174.90352288
 18269463.904498   18269753.9054765  18270043.90645499 18270332.90743012
 18270623.90841199 18270912.90938711 18271203.91036898 18271491.91134074]"	0.0	0.0	0.0
1586.4365561994703	2.0	trials	2.0	1.0	1.0	0.0	10000.0	1.0	True	40.0	0.0	0.005	"[18369645.2425217  18369936.24350357 18370225.2444787  18370515.2454572
 18370805.24643569 18371094.24741082 18371383.24838594 18371673.24936444
 18371963.25034294 18372252.25131806 18372542.25229656 18372831.25327168
 18373121.25425018 18373411.25522868 18373701.25620718 18373990.2571823
 18374279.25815742 18374569.25913592 18374859.26011442 18375149.26109291]"	0.0	0.0	0.0
1647.418573160411	2.0	trials	2.0	1.0	1.0	0.0	10000.0	1.0	True	40.0	0.0	0.005	"[19075455.62400955 19075745.62498805 19076035.62596655 19076324.62694167
 19076614.62792017 19076903.62889529 19077193.62987379 19077482.63084891
 19077773.63183079 19078061.63280253 19078351.63378103 19078641.63475953
 19078931.63573803 19079220.63671315 19079510.63769165 19079800.63867015
 19080089.63964527 19080379.64062377 19080669.64160227 19080959.64258076]"	0.0	0.0	0.0
1656.5085750312126	2.0	trials	2.0	1.0	1.0	0.0	10000.0	1.0	True	40.0	0.0	0.005	"[19180663.97899501 19180954.97997688 19181243.980952   19181533.9819305
 19181823.982909   19182112.98388412 19182402.98486262 19182691.98583774
 19182981.98681624 19183271.98779474 19183561.98877324 19183850.98974836
 19184139.99072348 19184430.99170535 19184718.9926771  19185008.9936556
 19185298.9946341  19185588.9956126  19185878.99659109 19186168.99756959]"	0.0	0.0	0.0
1666.5827626227795	2.0	trials	2.0	1.0	1.0	0.0	10000.0	1.0	True	40.0	0.0	0.005	"[19297264.37241855 19297554.37339705 19297843.37437217 19298132.37534729
 19298422.37632579 19298712.37730429 19299001.37827941 19299291.37925791
 19299581.38023641 19299870.38121153 19300161.3821934  19300450.38316853
 19300739.38414365 19301029.38512215 19301318.38609727 19301608.38707577
 19301898.38805427 19302188.38903277 19302477.39000789 19302767.39098639]"	0.0	0.0	0.0
1677.556550049709	2.0	trials	2.0	1.0	1.0	0.0	10000.0	1.0	True	40.0	0.0	0.005	"[19424275.80097016 19424565.80194866 19424854.80292378 19425143.8038989
 19425433.8048774  19425723.8058559  19426013.8068344  19426301.80780615
 19426592.80878802 19426881.80976314 19427171.81074164 19427461.81172014
 19427750.81269526 19428040.81367376 19428330.81465226 19428620.81563075
 19428909.81660587 19429199.81758437 19429488.8185595  19429778.81953799]"	0.0	0.0	0.0
1684.0189462546405	2.0	trials	2.0	1.0	1.0	0.0	10000.0	1.0	True	40.0	0.0	0.005	"[19499071.0533382  19499361.0543167  19499651.0552952  19499940.05627032
 19500230.05724882 19500519.05822394 19500809.05920244 19501099.06018094
 19501388.06115606 19501677.06213118 19501968.06311306 19502257.06408818
 19502546.0650633  19502836.0660418  19503126.0670203  19503415.06799542
 19503705.06897392 19503995.06995241 19504285.07093091 19504574.07190604]"	0.0	0.0	0.0
1692.4135985792457	2.0	trials	2.0	1.0	1.0	0.0	10000.0	1.0	True	40.0	0.0	0.005	"[19596232.38117203 19596522.38215053 19596811.38312565 19597101.38410415
 19597390.38507928 19597680.38605777 19597969.3870329  19598259.3880114
 19598549.38898989 19598839.38996839 19599128.39094351 19599418.39192201
 19599708.39290051 19599998.39387901 19600286.39485075 19600577.39583263
 19600866.39680775 19601155.39778287 19601445.39876137 19601736.39974324]"	0.0	0.0	0.0
1699.8709805413835	2.0	trials	2.0	1.0	1.0	0.0	10000.0	1.0	True	40.0	0.0	0.005	"[19682544.67239993 19682834.67337843 19683123.67435355 19683412.67532868
 19683702.67630718 19683992.67728567 19684281.67826079 19684571.67923929
 19684860.68021441 19685151.68119629 19685440.68217141 19685730.68314991
 19686020.6841284  19686309.68510353 19686599.68608202 19686888.68705715
 19687179.68803902 19687467.68901077 19687757.68998927 19688046.69096439]"	0.0	0.0	0.0
1710.0289764157303	2.0	trials	2.0	1.0	1.0	0.0	10000.0	1.0	True	40.0	0.0	0.005	"[19800114.069093   19800404.0700715  19800693.07104662 19800983.07202512
 19801272.07300024 19801562.07397874 19801852.07495724 19802141.07593236
 19802431.07691086 19802720.07788599 19803011.07886786 19803300.07984298
 19803590.08082148 19803879.0817966  19804169.0827751  19804458.08375022
 19804749.0847321  19805037.08570384 19805327.08668234 19805617.08766084]"	0.0	0.0	0.0
1720.2471932932701	2.0	trials	2.0	1.0	1.0	0.0	10000.0	1.0	True	40.0	0.0	0.005	"[19918380.46813785 19918669.46911297 19918959.47009147 19919249.47106997
 19919538.47204509 19919828.47302359 19920117.47399871 19920408.47498058
 19920696.47595233 19920986.47693083 19921276.47790933 19921566.47888782
 19921856.47986632 19922145.48084144 19922435.48181994 19922724.48279507
 19923014.48377356 19923303.48474869 19923594.48573056 19923883.48670568]"	0.0	0.0	0.0
1728.083267733164	2.0	trials	2.0	1.0	1.0	0.0	10000.0	1.0	True	40.0	0.0	0.005	"[20009075.77415456 20009365.77513305 20009654.77610818 20009944.77708667
 20010233.7780618  20010524.77904367 20010813.78001879 20011103.78099729
 20011392.78197241 20011682.78295091 20011971.78392604 20012261.78490453
 20012551.78588303 20012840.78685815 20013131.78784002 20013419.78881177
 20013709.78979027 20013998.79076539 20014289.79174726 20014578.79272239]"	0.0	0.0	0.0
1734.7492230249293	2.0	trials	2.0	1.0	1.0	0.0	10000.0	1.0	True	40.0	0.0	0.005	"[20086228.03447542 20086518.03545392 20086807.03642904 20087097.03740754
 20087387.03838604 20087676.03936116 20087966.04033966 20088255.04131478
 20088545.04229328 20088835.04327178 20089124.0442469  20089413.04522203
 20089703.04620052 20089993.04717902 20090283.04815752 20090573.04913602
 20090863.05011451 20091152.05108963 20091442.05206813 20091731.05304326]"	0.0	0.0	0.0
1742.9334906396703	2.0	trials	2.0	1.0	1.0	0.0	10000.0	1.0	True	40.0	0.0	0.005	"[20180953.35408987 20181243.35506837 20181533.35604687 20181822.35702199
 20182112.35800049 20182401.35897562 20182692.35995748 20182980.36092924
 20183271.3619111  20183560.36288623 20183849.36386135 20184139.36483985
 20184428.36581497 20184718.36679347 20185008.36777197 20185298.36875046
 20185587.36972559 20185877.37070408 20186167.37168258 20186456.37265771]"	0.0	0.0	0.0
1753.5412000314066	2.0	trials	2.0	1.0	1.0	0.0	10000.0	1.0	True	40.0	0.0	0.005	"[20303727.76834529 20304016.76932041 20304305.77029554 20304595.77127403
 20304885.77225253 20305175.77323103 20305464.77420616 20305754.77518465
 20306044.77616315 20306333.77713827 20306623.77811677 20306913.77909527
 20307202.78007039 20307491.78104552 20307781.78202401 20308071.78300251
 20308361.78398101 20308650.78495613 20308940.78593463 20309229.78690976]"	0.0	0.0	0.0
1762.781365608879	2.0	trials	2.0	1.0	1.0	0.0	10000.0	1.0	True	40.0	0.0	0.005	"[20410674.12919498 20410963.13017011 20411252.13114523 20411542.13212373
 20411832.13310223 20412121.13407735 20412411.13505585 20412701.13603435
 20412991.13701284 20413280.13798797 20413569.13896309 20413860.13994496
 20414148.14091671 20414439.14189858 20414727.14287033 20415018.1438522
 20415308.1448307  20415597.14580582 20415886.14678095 20416176.14775945]"	0.0	0.0	0.0
1770.9897389049556	2.0	trials	2.0	1.0	1.0	0.0	10000.0	1.0	True	40.0	0.0	0.005	"[20505678.44975082 20505967.45072594 20506257.45170444 20506546.45267956
 20506836.45365806 20507125.45463318 20507415.45561168 20507706.45659355
 20507995.45756868 20508285.45854717 20508574.4595223  20508863.46049742
 20509154.4614793  20509443.46245442 20509732.46342954 20510023.46441141
 20510312.46538654 20510602.46636503 20510891.46734016 20511181.46831865]"	0.0	0.0	0.0
1781.4720814736888	2.0	trials	2.0	1.0	1.0	0.0	10000.0	1.0	True	40.0	0.0	0.005	"[20627001.85911037 20627290.8600855  20627580.86106399 20627870.86204249
 20628159.86301762 20628449.86399612 20628739.86497461 20629028.86594974
 20629317.86692486 20629607.86790336 20629896.86887848 20630186.86985698
 20630476.87083548 20630766.87181397 20631056.87279247 20631345.8737676
 20631634.87474272 20631924.87572122 20632213.87669634 20632503.87767484]"	0.0	0.0	0.0
1792.0975893254788	2.0	trials	2.0	1.0	1.0	0.0	10000.0	1.0	True	40.0	0.0	0.005	"[20749982.27406086 20750272.27503936 20750561.27601449 20750851.27699298
 20751140.27796811 20751430.2789466  20751720.2799251  20752010.2809036
 20752299.28187872 20752588.28285385 20752878.28383235 20753168.28481084
 20753458.28578934 20753747.28676447 20754037.28774296 20754327.28872146
 20754616.28969658 20754906.29067508 20755195.2916502  20755485.2926287 ]"	0.0	0.0	0.0
1802.915769827371	2.0	trials	2.0	1.0	1.0	0.0	10000.0	1.0	True	40.0	0.0	0.005	"[20875192.69653567 20875481.69751079 20875770.69848591 20876060.69946441
 20876350.70044291 20876640.70142141 20876929.70239653 20877219.70337503
 20877509.70435353 20877798.70532865 20878088.70630715 20878376.7072789
 20878667.70826077 20878956.70923589 20879246.71021439 20879535.71118951
 20879825.71216801 20880115.71314651 20880405.714125   20880695.7151035 ]"	0.0	0.0	0.0
1813.9621334991814	2.0	trials	2.0	1.0	1.0	0.0	10000.0	1.0	True	40.0	0.0	0.005	"[21003044.12792154 21003334.12890004 21003622.12987179 21003912.13085029
 21004202.13182878 21004492.13280728 21004781.13378241 21005071.1347609
 21005361.1357394  21005649.13671115 21005940.13769303 21006229.13866815
 21006518.13964327 21006809.14062514 21007098.14160026 21007388.14257876
 21007678.14355726 21007967.14453238 21008257.14551088 21008546.14648601]"	0.0	0.0	0.0
1822.625922731888	2.0	trials	2.0	1.0	1.0	0.0	10000.0	1.0	True	40.0	0.0	0.005	"[21103318.46625904 21103608.46723754 21103898.46821604 21104188.46919454
 21104477.47016966 21104767.47114816 21105057.47212665 21105346.47310178
 21105635.4740769  21105925.4750554  21106215.4760339  21106504.47700902
 21106795.47799089 21107085.47896939 21107373.47994114 21107663.48091963
 21107953.48189813 21108243.48287663 21108533.48385513 21108822.48483025]"	0.0	0.0	0.0
1831.463722151727	2.0	trials	2.0	1.0	1.0	0.0	10000.0	1.0	True	40.0	0.0	0.005	"[21205608.81139879 21205898.81237728 21206187.81335241 21206477.8143309
 21206767.8153094  21207056.81628452 21207346.81726302 21207635.81823814
 21207925.81921664 21208215.82019514 21208505.82117364 21208794.82214876
 21209083.82312388 21209373.82410238 21209663.82508088 21209952.826056
 21210242.8270345  21210532.828013   21210821.82898812 21211110.82996325]"	0.0	0.0	0.0
1838.0401667414721	2.0	trials	2.0	1.0	1.0	0.0	10000.0	1.0	True	40.0	0.0	0.005	"[21281724.06822068 21282014.06919917 21282304.07017767 21282593.0711528
 21282883.07213129 21283172.07310642 21283462.07408492 21283752.07506341
 21284041.07603854 21284331.07701704 21284620.07799216 21284910.07897066
 21285200.07994915 21285489.08092428 21285779.08190278 21286068.0828779
 21286358.0838564  21286648.0848349  21286938.08581339 21287227.08678852]"	0.0	0.0	0.0
1845.9555566489864	2.0	trials	2.0	1.0	1.0	0.0	10000.0	1.0	True	40.0	0.0	0.005	"[21373338.37733822 21373628.37831671 21373917.37929184 21374206.38026696
 21374496.38124546 21374786.38222395 21375076.38320245 21375366.38418095
 21375655.38515607 21375945.38613457 21376234.38710969 21376524.38808819
 21376814.38906669 21377103.39004181 21377392.39101693 21377682.39199543
 21377973.3929773  21378262.39395243 21378551.39492755 21378841.39590605]"	0.0	0.0	0.0
1852.7129234491858	2.0	trials	2.0	1.0	1.0	0.0	10000.0	1.0	True	40.0	0.0	0.005	"[21451548.64122891 21451837.64220403 21452127.64318253 21452415.64415428
 21452706.64513615 21452996.64611465 21453286.64709315 21453574.6480649
 21453864.6490434  21454154.65002189 21454443.65099702 21454733.65197551
 21455022.65295063 21455313.65393251 21455602.65490763 21455892.65588613
 21456181.65686125 21456471.65783975 21456761.65881824 21457050.65979337]"	0.0	0.0	0.0
1863.1448082476677	2.0	trials	2.0	1.0	1.0	0.0	10000.0	1.0	True	40.0	0.0	0.005	"[21572287.0486146  21572577.0495931  21572867.05057159 21573156.05154672
 21573445.05252184 21573735.05350034 21574025.05447884 21574316.05546071
 21574605.05643583 21574894.05741096 21575183.05838608 21575473.05936458
 21575763.06034308 21576052.0613182  21576342.0622967  21576632.06327519
 21576921.06425032 21577211.06522882 21577501.06620731 21577791.06718581]"	0.0	0.0	0.0
1871.1307007930666	2.0	trials	2.0	1.0	1.0	0.0	10000.0	1.0	True	40.0	0.0	0.005	"[21664716.36048205 21665006.36146055 21665296.36243904 21665586.36341754
 21665875.36439267 21666165.36537116 21666455.36634966 21666745.36732816
 21667035.36830666 21667324.36928178 21667614.37026028 21667902.37123203
 21668192.37221052 21668482.37318902 21668772.37416752 21669061.37514264
 21669351.37612114 21669641.37709964 21669931.37807814 21670219.37904989]"	0.0	0.0	0.0
1878.7624385435024	2.0	trials	2.0	1.0	1.0	0.0	10000.0	1.0	True	40.0	0.0	0.005	"[21753046.65851894 21753336.65949744 21753625.66047256 21753916.66145443
 21754205.66242956 21754494.66340468 21754784.66438318 21755074.66536168
 21755363.6663368  21755653.6673153  21755942.66829042 21756232.66926892
 21756522.67024742 21756811.67122254 21757101.67220104 21757391.67317954
 21757680.67415466 21757970.67513316 21758260.67611165 21758549.67708678]"	0.0	0.0	0.0
1885.3803552731802	2.0	trials	2.0	1.0	1.0	0.0	10000.0	1.0	True	40.0	0.0	0.005	"[21829643.91696716 21829932.91794229 21830222.91892079 21830512.91989928
 21830801.92087441 21831091.92185291 21831380.92282803 21831669.92380315
 21831960.92478502 21832249.92576015 21832538.92673527 21832829.92771714
 21833118.92869227 21833408.92967076 21833698.93064926 21833987.93162439
 21834277.93260288 21834566.93357801 21834856.9345565  21835145.93553163]"	0.0	0.0	0.0
1893.2461514133586	2.0	trials	2.0	1.0	1.0	0.0	10000.0	1.0	True	40.0	0.0	0.005	"[21920682.2241412  21920972.2251197  21921261.22609482 21921551.22707332
 21921840.22804844 21922131.22903031 21922419.23000206 21922709.23098056
 21923000.23196243 21923289.23293756 21923579.23391606 21923868.23489118
 21924157.2358663  21924447.2368448  21924737.2378233  21925027.23880179
 21925317.23978029 21925606.24075541 21925895.24173054 21926185.24270904]"	0.0	0.0	0.0
1904.0405718350812	2.0	trials	2.0	1.0	1.0	0.0	10000.0	1.0	True	40.0	0.0	0.005	"[22045617.64568812 22045907.64666661 22046197.64764511 22046486.64862023
 22046775.64959536 22047065.65057385 22047355.65155235 22047644.65252747
 22047934.65350597 22048224.65448447 22048514.65546297 22048804.65644147
 22049093.65741659 22049382.65839171 22049672.65937021 22049962.66034871
 22050251.66132383 22050541.66230233 22050830.66327745 22051120.66425595]"	0.0	0.0	0.0
1914.1148458269397	2.0	trials	2.0	1.0	1.0	0.0	10000.0	1.0	True	40.0	0.0	0.005	"[22162219.03911503 22162509.04009353 22162798.04106865 22163087.04204378
 22163378.04302565 22163667.04400077 22163957.04497927 22164246.04595439
 22164536.04693289 22164826.04791139 22165115.04888651 22165405.04986501
 22165694.05084013 22165984.05181863 22166273.05279376 22166563.05377225
 22166853.05475075 22167143.05572925 22167433.05670774 22167722.05768287]"	0.0	0.0	0.0
1920.588906071227	2.0	trials	2.0	1.0	1.0	0.0	10000.0	1.0	True	40.0	0.0	0.005	"[22237149.29193858 22237440.29292046 22237730.29389895 22238019.29487408
 22238309.29585257 22238597.29682432 22238888.29780619 22239178.29878469
 22239467.29975981 22239756.30073494 22240046.30171344 22240335.30268856
 22240626.30367043 22240915.30464556 22241205.30562405 22241495.30660255
 22241785.30758105 22242074.30855617 22242364.30953467 22242653.31050979]"	0.0	0.0	0.0
1930.6511704225636	2.0	trials	2.0	1.0	1.0	0.0	10000.0	1.0	True	40.0	0.0	0.005	"[22353610.68489312 22353900.68587162 22354189.68684674 22354480.68782862
 22354769.68880374 22355059.68978224 22355349.69076073 22355637.69173248
 22355927.69271098 22356217.69368948 22356506.6946646  22356797.69564647
 22357086.6966216  22357375.69759672 22357665.69857522 22357955.69955371
 22358244.70052884 22358535.70151071 22358824.70248583 22359113.70346096]"	0.0	0.0	0.0
1940.2207803116223	2.0	trials	2.0	1.0	1.0	0.0	10000.0	1.0	True	40.0	0.0	0.005	"[22464371.05861174 22464660.05958687 22464950.06056536 22465240.06154386
 22465530.06252236 22465820.06350086 22466109.06447598 22466398.0654511
 22466688.0664296  22466977.06740472 22467267.06838322 22467557.06936172
 22467846.07033684 22468136.07131534 22468425.07229047 22468715.07326896
 22469006.07425084 22469295.07522596 22469585.07620446 22469874.07717958]"	0.0	0.0	0.0
1947.7932474620723	2.0	trials	2.0	1.0	1.0	0.0	10000.0	1.0	True	40.0	0.0	0.005	"[22552014.35433061 22552305.35531248 22552594.3562876  22552883.35726272
 22553173.35824122 22553463.35921972 22553752.36019485 22554043.36117671
 22554331.36214846 22554621.36312696 22554911.36410546 22555201.36508396
 22555490.36605908 22555780.36703758 22556069.3680127  22556359.3689912
 22556649.3699697  22556938.37094482 22557228.37192332 22557517.37289844]"	0.0	0.0	0.0
1957.6332038633145	2.0	trials	2.0	1.0	1.0	0.0	10000.0	1.0	True	40.0	0.0	0.005	"[22665902.73860351 22666192.739582   22666482.7405605  22666771.74153563
 22667060.74251075 22667350.74348925 22667641.74447112 22667930.74544624
 22668219.74642137 22668509.74739986 22668799.74837836 22669089.74935686
 22669378.75033198 22669667.75130711 22669958.75228898 22670247.7532641
 22670536.75423922 22670827.75522109 22671116.75619622 22671405.75717134]"	0.0	0.0	0.0
1966.345204458692	2.0	trials	2.0	1.0	1.0	0.0	10000.0	1.0	True	40.0	0.0	0.005	"[22766736.07882714 22767026.07980564 22767316.08078414 22767605.08175926
 22767895.08273776 22768185.08371626 22768474.08469138 22768764.08566988
 22769054.08664838 22769343.0876235  22769632.08859862 22769922.08957712
 22770212.09055562 22770501.09153074 22770791.09250924 22771081.09348774
 22771370.09446286 22771660.09544136 22771950.09641986 22772240.09739836]"	0.0	0.0	0.0
1977.1454136999469	2.0	trials	2.0	1.0	1.0	0.0	10000.0	1.0	True	40.0	0.0	0.005	"[22891739.5006035  22892029.501582   22892318.50255712 22892608.50353562
 22892897.50451074 22893187.50548924 22893476.50646436 22893766.50744286
 22894056.50842136 22894345.50939648 22894635.51037498 22894925.51135348
 22895214.5123286  22895504.5133071  22895794.51428559 22896084.51526409
 22896372.51623584 22896662.51721434 22896952.51819284 22897242.51917133]"	0.0	0.0	0.0
1983.703109426431	2.0	trials	2.0	1.0	1.0	0.0	10000.0	1.0	True	40.0	0.0	0.005	"[22967637.75669321 22967927.75767171 22968216.75864683 22968506.75962533
 22968796.76060383 22969085.76157895 22969376.76256082 22969665.76353594
 22969954.76451107 22970244.76548957 22970533.76646469 22970824.76744656
 22971113.76842168 22971403.76940018 22971692.7703753  22971982.7713538
 22972271.77232892 22972561.77330742 22972851.77428592 22973140.77526105]"	0.0	0.0	0.0
1990.339170217329	2.0	trials	2.0	1.0	1.0	0.0	10000.0	1.0	True	40.0	0.0	0.005	"[23044444.01584663 23044734.01682512 23045023.01780025 23045313.01877875
 23045604.01976062 23045892.02073237 23046182.02171087 23046472.02268936
 23046762.02366786 23047051.02464299 23047341.02562148 23047630.02659661
 23047920.02757511 23048210.0285536  23048500.0295321  23048789.03050722
 23049079.03148572 23049369.03246422 23049659.03344272 23049948.03441784]"	0.0	0.0	0.0
1997.5929066923416	2.0	trials	2.0	1.0	1.0	0.0	10000.0	1.0	True	40.0	0.0	0.005	"[23128399.2991217  23128688.30009682 23128979.3010787  23129268.30205382
 23129558.30303232 23129848.30401081 23130137.30498594 23130426.30596106
 23130717.30694293 23131006.30791806 23131296.30889655 23131585.30987168
 23131875.31085018 23132164.3118253  23132454.3128038  23132743.31377892
 23133034.31476079 23133323.31573592 23133613.31671441 23133903.31769291]"	0.0	0.0	0.0
2004.3138125695173	2.0	trials	2.0	1.0	1.0	0.0	10000.0	1.0	True	40.0	0.0	0.005	"[23206188.56159189 23206477.56256701 23206767.56354551 23207056.56452063
 23207346.56549913 23207635.56647426 23207925.56745275 23208215.56843125
 23208505.56940975 23208794.57038487 23209084.57136337 23209373.57233849
 23209663.57331699 23209953.57429549 23210243.57527398 23210533.57625248
 23210822.5772276  23211112.5782061  23211401.57918122 23211690.58015635]"	0.0	0.0	0.0
2011.746656848862	2.0	trials	2.0	1.0	1.0	0.0	10000.0	1.0	True	40.0	0.0	0.005	"[23292216.85186153 23292505.85283666 23292795.85381515 23293085.85479365
 23293375.85577215 23293664.85674727 23293954.85772577 23294244.85870427
 23294533.85967939 23294822.86065451 23295112.86163301 23295402.86261151
 23295691.86358663 23295982.8645685  23296270.86554025 23296560.86651875
 23296850.86749725 23297139.86847237 23297430.86945425 23297719.87042937]"	0.0	0.0	0.0
2021.5276882512835	2.0	trials	2.0	1.0	1.0	0.0	10000.0	1.0	True	40.0	0.0	0.005	"[23405423.23383328 23405713.23481178 23406001.23578352 23406292.2367654
 23406581.23774052 23406871.23871902 23407161.23969751 23407450.24067264
 23407739.24164776 23408029.24262626 23408319.24360476 23408608.24457988
 23408898.24555838 23409189.24654025 23409477.247512   23409767.2484905
 23410057.24946899 23410347.25044749 23410636.25142261 23410925.25239774]"	0.0	0.0	0.0
2030.563689939882	2.0	trials	2.0	1.0	1.0	0.0	10000.0	1.0	True	40.0	0.0	0.005	"[23510005.58670653 23510295.58768503 23510585.58866352 23510874.58963865
 23511165.59062051 23511454.59159564 23511743.59257076 23512033.59354926
 23512323.59452776 23512613.59550625 23512902.59648138 23513192.59745988
 23513481.598435   23513772.59941687 23514061.600392   23514351.60137049
 23514641.60234899 23514930.60332412 23515220.60430261 23515509.60527774]"	0.0	0.0	0.0
2039.7390552987101	2.0	trials	2.0	1.0	1.0	0.0	10000.0	1.0	True	40.0	0.0	0.005	"[23616202.94502899 23616491.94600412 23616782.94698599 23617070.94795774
 23617360.94893624 23617650.94991473 23617940.95089323 23618230.95187173
 23618519.95284685 23618809.95382535 23619098.95480048 23619388.95577897
 23619677.9567541  23619967.95773259 23620257.95871109 23620546.95968622
 23620837.96066809 23621126.96164321 23621415.96261833 23621705.96359683]"	0.0	0.0	0.0
2049.829745345958	2.0	trials	2.0	1.0	1.0	0.0	10000.0	1.0	True	40.0	0.0	0.005	"[23732993.33909362 23733282.34006874 23733572.34104724 23733862.34202573
 23734151.34300086 23734441.34397936 23734731.34495785 23735020.34593298
 23735309.3469081  23735599.3478866  23735889.3488651  23736179.3498436
 23736468.35081872 23736758.35179722 23737047.35277234 23737337.35375084
 23737627.35472934 23737917.35570784 23738206.35668296 23738495.35765808]"	0.0	0.0	0.0
2057.852012414089	2.0	trials	2.0	1.0	1.0	0.0	10000.0	1.0	True	40.0	0.0	0.005	"[23825842.6523782  23826132.6533567  23826422.6543352  23826711.65531032
 23827001.65628882 23827291.65726731 23827580.65824244 23827870.65922094
 23828160.66019943 23828449.66117456 23828739.66215305 23829029.66313155
 23829318.66410667 23829609.66508855 23829897.6660603  23830187.6670388
 23830477.66801729 23830767.66899579 23831056.66997091 23831345.67094604]"	0.0	0.0	0.0
2068.784673302252	2.0	trials	2.0	1.0	1.0	0.0	10000.0	1.0	True	40.0	0.0	0.005	"[23952379.0793271  23952667.08029885 23952957.08127734 23953247.08225584
 23953537.08323434 23953825.08420609 23954116.08518796 23954406.08616646
 23954695.08714159 23954986.08812346 23955275.08909858 23955565.09007708
 23955854.0910522  23956143.09202732 23956432.09300245 23956723.09398432
 23957012.09495944 23957302.09593794 23957592.09691644 23957881.09789156]"	0.0	0.0	0.0
2077.8186013838535	2.0	trials	2.0	1.0	1.0	0.0	10000.0	1.0	True	40.0	0.0	0.005	"[24056937.43211937 24057228.43310124 24057517.43407637 24057807.43505486
 24058097.43603336 24058386.43700848 24058676.43798698 24058966.43896548
 24059255.4399406  24059544.44091573 24059834.44189422 24060123.44286935
 24060414.44385122 24060703.44482634 24060993.44580484 24061282.44677997
 24061572.44775846 24061862.44873696 24062152.44971545 24062441.45069058]"	0.0	0.0	0.0
2085.5122881433135	2.0	trials	2.0	1.0	1.0	0.0	10000.0	1.0	True	40.0	0.0	0.005	"[24145984.73257551 24146275.73355738 24146563.73452913 24146854.73551101
 24147143.73648613 24147433.73746462 24147722.73843975 24148012.73941825
 24148301.74039337 24148591.74137187 24148881.74235036 24149170.74332548
 24149459.74430062 24149750.74528248 24150039.7462576  24150329.7472361
 24150619.7482146  24150908.74918973 24151198.75016822 24151487.75114334]"	0.0	0.0	0.0
2094.014508830868	2.0	trials	2.0	1.0	1.0	0.0	10000.0	1.0	True	40.0	0.0	0.005	"[24244390.06460676 24244680.06558526 24244970.06656376 24245259.06753888
 24245549.06851738 24245839.06949588 24246128.070471   24246418.0714495
 24246708.07242799 24246997.07340312 24247287.07438162 24247576.07535674
 24247866.07633524 24248156.07731373 24248445.07828886 24248734.07926398
 24249025.08024585 24249315.08122435 24249604.08219948 24249894.08317797]"	0.0	0.0	0.0
2103.680368644686	2.0	trials	2.0	1.0	1.0	0.0	10000.0	1.0	True	40.0	0.0	0.005	"[24356263.44208079 24356553.44305929 24356843.44403778 24357132.4450129
 24357422.44599141 24357711.44696653 24358001.44794503 24358291.44892352
 24358580.44989865 24358870.45087715 24359159.45185227 24359449.45283077
 24359739.45380927 24360029.45478776 24360319.45576626 24360608.45674139
 24360898.45771988 24361186.45869163 24361476.45967013 24361766.46064863]"	0.0	0.0	0.0
2114.5462421075003	2.0	trials	2.0	1.0	1.0	0.0	10000.0	1.0	True	40.0	0.0	0.005	"[24482025.86641811 24482315.86739661 24482605.86837511 24482894.86935023
 24483184.87032873 24483473.87130385 24483763.87228235 24484053.87326085
 24484342.87423597 24484633.87521785 24484922.87619297 24485212.87717146
 24485501.87814658 24485791.87912508 24486080.88010021 24486370.88107871
 24486660.8820572  24486949.88303232 24487239.88401083 24487529.88498932]"	0.0	0.0	0.0
2121.0152047345878	2.0	trials	2.0	1.0	1.0	0.0	10000.0	1.0	True	40.0	0.0	0.005	"[24556898.11904596 24557188.12002446 24557477.12099958 24557767.12197808
 24558057.12295658 24558347.12393507 24558636.12491019 24558925.12588532
 24559215.12686382 24559505.12784231 24559794.12881744 24560084.12979594
 24560373.13077106 24560664.13175293 24560953.13272806 24561243.13370655
 24561533.13468505 24561822.13566018 24562111.1366353  24562401.1376138 ]"	0.0	0.0	0.0
2131.1788166278834	2.0	trials	2.0	1.0	1.0	0.0	10000.0	1.0	True	40.0	0.0	0.005	"[24674533.51596173 24674823.51694022 24675112.51791535 24675402.51889385
 24675691.51986897 24675981.52084747 24676271.52182597 24676560.52280109
 24676850.52377959 24677140.52475809 24677429.52573321 24677719.52671171
 24678008.52768683 24678299.5286687  24678588.52964383 24678878.53062232
 24679166.53159407 24679457.53257595 24679746.53355107 24680036.53452957]"	0.0	0.0	0.0
2138.636284990313	2.0	trials	2.0	1.0	1.0	0.0	10000.0	1.0	True	40.0	0.0	0.005	"[24760846.807193   24761136.8081715  24761425.80914662 24761715.81012512
 24762004.81110024 24762294.81207874 24762584.81305724 24762873.81403236
 24763163.81501086 24763453.81598936 24763742.81696448 24764032.81794298
 24764322.81892147 24764612.81989998 24764901.8208751  24765190.82185022
 24765480.82282872 24765770.82380721 24766060.82478572 24766349.82576084]"	0.0	0.0	0.0
2146.4905898917186	2.0	trials	2.0	1.0	1.0	0.0	10000.0	1.0	True	40.0	0.0	0.005	"[24851752.11391827 24852042.11489677 24852332.11587527 24852621.11685039
 24852911.11782889 24853201.11880739 24853491.11978588 24853780.12076101
 24854069.12173614 24854359.12271463 24854648.12368975 24854938.12466826
 24855227.12564338 24855517.12662188 24855807.12760037 24856098.12858225
 24856386.129554   24856677.13053586 24856966.13151099 24857255.13248611]"	0.0	0.0	0.0
2156.300651792092	2.0	trials	2.0	1.0	1.0	0.0	10000.0	1.0	True	40.0	0.0	0.005	"[24965295.4970271  24965584.49800222 24965873.49897735 24966162.49995248
 24966453.50093434 24966743.50191284 24967032.50288796 24967321.50386309
 24967611.50484159 24967901.50582008 24968191.50679858 24968480.5077737
 24968769.50874883 24969060.5097307  24969349.51070582 24969638.51168095
 24969929.51266282 24970218.51363794 24970507.51461306 24970797.51559156]"	0.0	0.0	0.0
2163.818773159173	2.0	trials	2.0	1.0	1.0	0.0	10000.0	1.0	True	40.0	0.0	0.005	"[25052310.79062701 25052600.79160551 25052889.79258063 25053179.79355913
 25053468.79453425 25053758.79551275 25054047.79648787 25054337.79746637
 25054626.7984415  25054916.79942    25055207.80040186 25055496.80137698
 25055786.80235549 25056075.80333061 25056364.80430573 25056654.80528423
 25056944.80626273 25057234.80724123 25057524.80821972 25057812.80919147]"	0.0	0.0	0.0
2174.0609229174647	2.0	trials	2.0	1.0	1.0	0.0	10000.0	1.0	True	40.0	0.0	0.005	"[25170853.19060311 25171142.19157824 25171433.19256011 25171722.19353523
 25172012.19451373 25172301.19548886 25172590.19646398 25172881.19744585
 25173171.19842435 25173460.19939947 25173749.20037459 25174039.20135309
 25174329.20233159 25174619.20331009 25174908.20428521 25175198.20526371
 25175487.20623883 25175777.20721733 25176066.20819245 25176357.20917433]"	0.0	0.0	0.0
2180.957480587312	2.0	trials	2.0	1.0	1.0	0.0	10000.0	1.0	True	40.0	0.0	0.005	"[25250675.45993291 25250964.46090803 25251254.46188653 25251543.46286165
 25251833.46384015 25252123.46481864 25252412.46579377 25252702.46677227
 25252991.46774739 25253281.46872589 25253570.46970101 25253860.47067951
 25254150.47165801 25254440.4726365  25254729.47361163 25255019.47459013
 25255308.47556525 25255597.47654037 25255887.47751887 25256178.47850074]"	0.0	0.0	0.0
2187.339610921417	2.0	trials	2.0	1.0	1.0	0.0	10000.0	1.0	True	40.0	0.0	0.005	"[25324541.70916639 25324831.71014488 25325122.71112675 25325410.7120985
 25325700.713077   25325990.7140555  25326280.715034   25326569.71600912
 25326859.71698761 25327149.71796612 25327437.71893787 25327728.71991974
 25328017.72089486 25328307.72187336 25328596.72284848 25328886.72382698
 25329176.72480547 25329466.72578398 25329754.72675573 25330045.72773759]"	0.0	0.0	0.0
2193.483017250037	2.0	trials	2.0	1.0	1.0	0.0	10000.0	1.0	True	40.0	0.0	0.005	"[25395646.94908389 25395935.95005901 25396225.95103751 25396514.95201264
 25396804.95299113 25397094.95396963 25397383.95494475 25397673.95592325
 25397963.95690175 25398252.95787687 25398542.95885537 25398831.95983049
 25399121.96080899 25399410.96178412 25399701.96276598 25399990.96374111
 25400280.96471961 25400569.96569473 25400858.96666985 25401149.96765172]"	0.0	0.0	0.0
2200.7373585270902	2.0	trials	2.0	1.0	1.0	0.0	10000.0	1.0	True	40.0	0.0	0.005	"[25479609.23238258 25479899.23336108 25480188.2343362  25480477.23531133
 25480768.2362932  25481057.23726832 25481347.23824682 25481636.23922194
 25481926.24020044 25482216.24117894 25482506.24215744 25482794.24312919
 25483084.24410768 25483373.2450828  25483663.24606131 25483953.2470398
 25484243.2480183  25484532.24899342 25484822.24997192 25485111.25094704]"	0.0	0.0	0.0
2208.1174986286046	2.0	trials	2.0	1.0	1.0	0.0	10000.0	1.0	True	40.0	0.0	0.005	"[25565027.52059401 25565317.5215725  25565606.52254763 25565895.52352275
 25566185.52450125 25566474.52547637 25566765.52645824 25567054.52743337
 25567344.52841186 25567633.52938699 25567923.53036548 25568212.53134061
 25568502.5323191  25568792.5332976  25569082.5342761  25569371.53525122
 25569661.53622972 25569951.53720822 25570240.53818334 25570530.53916184]"	0.0	0.0	0.0
2216.217525959108	2.0	trials	2.0	1.0	1.0	0.0	10000.0	1.0	True	40.0	0.0	0.005	"[25658777.83691868 25659066.8378938  25659356.83887229 25659646.8398508
 25659936.84082929 25660225.84180442 25660515.84278291 25660804.84375804
 25661094.84473654 25661383.84571166 25661674.84669353 25661963.84766866
 25662253.84864715 25662543.84962565 25662832.85060078 25663123.85158265
 25663411.8525544  25663701.8535329  25663990.85450802 25664281.85548989]"	0.0	0.0	0.0
2227.0775242020986	2.0	trials	2.0	1.0	1.0	0.0	10000.0	1.0	True	40.0	0.0	0.005	"[25784471.26102319 25784761.26200168 25785050.26297681 25785340.2639553
 25785629.26493043 25785919.26590893 25786209.26688742 25786499.26786592
 25786789.26884442 25787077.26981617 25787368.27079804 25787658.27177653
 25787947.27275166 25788237.27373016 25788527.27470865 25788816.27568378
 25789105.2766589  25789395.2776374  25789685.2786159  25789975.27959439]"	0.0	0.0	0.0
2237.667521534072	2.0	trials	2.0	1.0	1.0	0.0	10000.0	1.0	True	40.0	0.0	0.005	"[25907040.67458691 25907330.67556541 25907620.6765439  25907909.67751903
 25908199.67849752 25908488.67947265 25908777.68044777 25909068.68142964
 25909357.68240477 25909646.68337989 25909937.68436176 25910227.68534026
 25910516.68631538 25910805.6872905  25911095.68826901 25911385.6892475
 25911674.69022262 25911964.69120112 25912254.69217962 25912544.69315812]"	0.0	0.0	0.0
2246.1694830207516	2.0	trials	2.0	1.0	1.0	0.0	10000.0	1.0	True	40.0	0.0	0.005	"[26005443.00660804 26005732.00758316 26006023.00856503 26006312.00954015
 26006601.01051527 26006891.01149378 26007181.01247227 26007471.01345076
 26007760.01442589 26008050.01540439 26008340.01638289 26008630.01736138
 26008919.0183365  26009208.01931163 26009499.0202935  26009787.02126525
 26010077.02224375 26010367.02322225 26010657.02420074 26010946.02517587]"	0.0	0.0	0.0
2255.3378499559667	2.0	trials	2.0	1.0	1.0	0.0	10000.0	1.0	True	40.0	0.0	0.005	"[26111559.3646572  26111848.36563232 26112138.36661082 26112428.36758932
 26112717.36856444 26113006.36953956 26113296.37051806 26113586.37149656
 26113875.37247168 26114165.37345018 26114454.3744253  26114744.3754038
 26115035.37638567 26115324.37736079 26115613.37833592 26115903.37931442
 26116193.38029291 26116483.38127141 26116772.38224654 26117062.38322503]"	0.0	0.0	0.0
2264.5895067722117	2.0	trials	2.0	1.0	1.0	0.0	10000.0	1.0	True	40.0	0.0	0.005	"[26218637.72595228 26218927.72693077 26219217.72790927 26219506.7288844
 26219796.72986289 26220085.73083802 26220375.73181652 26220664.73279164
 26220954.73377014 26221244.73474863 26221534.73572713 26221823.73670226
 26222113.73768075 26222403.73865925 26222693.73963774 26222982.74061287
 26223271.741588   26223561.74256649 26223851.74354498 26224140.74452012]"	0.0	0.0	0.0
2271.441827492798	2.0	trials	2.0	1.0	1.0	0.0	10000.0	1.0	True	40.0	0.0	0.005	"[26297947.99355452 26298237.99453301 26298526.99550813 26298816.99648663
 26299105.99746176 26299395.99844025 26299684.99941538 26299976.00039725
 26300265.00137237 26300554.0023475  26300844.003326   26301134.00430449
 26301424.00528299 26301712.00625474 26302002.00723324 26302292.00821174
 26302582.00919023 26302872.01016873 26303161.01114386 26303451.01212235]"	0.0	0.0	0.0
2279.79042846202	2.0	trials	2.0	1.0	1.0	0.0	10000.0	1.0	True	40.0	0.0	0.005	"[26394575.31958656 26394864.32056168 26395154.32154018 26395444.32251868
 26395733.3234938  26396023.3244723  26396312.32544742 26396602.32642592
 26396891.32740105 26397181.32837954 26397470.32935467 26397760.33033316
 26398051.33131504 26398340.33229016 26398629.33326528 26398920.33424715
 26399209.33522228 26399498.3361974  26399788.3371759  26400077.33815102]"	0.0	0.0	0.0
2290.2344957016076	2.0	trials	2.0	1.0	1.0	0.0	10000.0	1.0	True	40.0	0.0	0.005	"[26515455.72745137 26515744.7284265  26516034.729405   26516324.73038349
 26516613.73135862 26516903.73233712 26517193.73331562 26517483.73429411
 26517772.73526923 26518061.73624436 26518351.73722286 26518641.73820135
 26518931.73917985 26519220.74015497 26519510.74113347 26519799.7421086
 26520090.74309047 26520379.74406559 26520668.74504072 26520957.74601584]"	0.0	0.0	0.0
2300.4590198004285	2.0	trials	2.0	1.0	1.0	0.0	10000.0	1.0	True	40.0	0.0	0.005	"[26633795.12674254 26634084.12771766 26634374.12869615 26634663.12967128
 26634953.13064977 26635242.1316249  26635532.1326034  26635821.13357852
 26636112.13456039 26636401.13553552 26636690.13651064 26636981.13749251
 26637270.13846763 26637559.13944275 26637849.14042126 26638139.14139975
 26638429.14237825 26638718.14335337 26639008.14433187 26639297.14530699]"	0.0	0.0	0.0
2307.9040465208786	2.0	trials	2.0	1.0	1.0	0.0	10000.0	1.0	True	40.0	0.0	0.005	"[26719965.4174913  26720253.41846305 26720544.41944492 26720833.42042005
 26721122.42139517 26721412.42237367 26721701.42334879 26721991.42432729
 26722281.42530579 26722571.42628428 26722860.42725941 26723150.4282379
 26723439.42921303 26723729.43019153 26724019.43117002 26724309.43214852
 26724598.43312364 26724888.43410214 26725178.43508064 26725467.43605576]"	0.0	0.0	0.0
2317.720588443117	2.0	trials	2.0	1.0	1.0	0.0	10000.0	1.0	True	40.0	0.0	0.005	"[26833581.80084644 26833870.80182157 26834160.80280006 26834450.80377856
 26834739.80475368 26835029.80573218 26835319.80671068 26835608.8076858
 26835898.8086643  26836187.80963942 26836478.8106213  26836766.81159304
 26837057.81257492 26837346.81355004 26837635.81452516 26837925.81550366
 26838215.81648216 26838504.81745728 26838794.81843578 26839084.81941428]"	0.0	0.0	0.0
2325.616624685329	2.0	trials	2.0	1.0	1.0	0.0	10000.0	1.0	True	40.0	0.0	0.005	"[26924970.10920142 26925260.11017992 26925550.11115842 26925839.11213354
 26926129.11311204 26926419.11409054 26926709.11506904 26926998.11604416
 26927287.11701928 26927578.11800116 26927867.11897628 26928157.11995477
 26928446.1209299  26928736.1219084  26929026.12288689 26929315.12386202
 26929604.12483714 26929895.12581902 26930184.12679414 26930474.12777263]"	0.0	0.0	0.0
2333.866210920463	2.0	trials	2.0	1.0	1.0	0.0	10000.0	1.0	True	40.0	0.0	0.005	"[27020451.43136672 27020741.43234521 27021031.4333237  27021320.43429884
 27021611.4352807  27021900.43625583 27022189.43723095 27022479.43820945
 27022768.43918457 27023058.44016307 27023348.44114156 27023637.44211669
 27023928.44309856 27024216.44407031 27024506.44504881 27024796.4460273
 27025086.44700581 27025375.44798093 27025665.44895943 27025954.44993455]"	0.0	0.0	0.0
2341.798880886282	2.0	trials	2.0	1.0	1.0	0.0	10000.0	1.0	True	40.0	0.0	0.005	"[27112264.7411557  27112554.74213419 27112844.74311269 27113133.74408782
 27113424.74506969 27113712.74604144 27114002.74701994 27114292.74799844
 27114583.74898031 27114871.74995206 27115161.75093055 27115450.75190568
 27115741.75288755 27116030.75386268 27116319.7548378  27116610.75581966
 27116899.7567948  27117188.75776992 27117479.75875179 27117768.75972691]"	0.0	0.0	0.0
2348.956540237119	2.0	trials	2.0	1.0	1.0	0.0	10000.0	1.0	True	40.0	0.0	0.005	"[27195109.02068211 27195398.02165723 27195688.02263574 27195977.02361086
 27196267.02458936 27196556.02556448 27196846.02654298 27197136.02752148
 27197425.0284966  27197715.02947509 27198006.03045697 27198295.03143209
 27198584.03240721 27198874.03338571 27199164.03436421 27199453.03533934
 27199743.03631783 27200033.03729632 27200322.03827145 27200611.03924658]"	0.0	0.0	0.0
2357.278702717134	2.0	trials	2.0	1.0	1.0	0.0	10000.0	1.0	True	40.0	0.0	0.005	"[27291429.3456783  27291719.3466568  27292008.34763193 27292298.34861042
 27292588.34958892 27292877.35056404 27293168.35154592 27293457.35252104
 27293746.35349616 27294036.35447466 27294326.35545316 27294617.35643503
 27294905.35740678 27295195.35838527 27295484.35936039 27295774.3603389
 27296064.36131739 27296354.36229589 27296643.36327101 27296932.36424614]"	0.0	0.0	0.0
2368.0968832190265	2.0	trials	2.0	1.0	1.0	0.0	10000.0	1.0	True	40.0	0.0	0.005	"[27416639.7681531  27416929.7691316  27417219.7701101  27417508.77108522
 27417799.77206709 27418087.77303884 27418377.77401734 27418666.77499246
 27418956.77597096 27419245.77694608 27419536.77792796 27419825.77890308
 27420114.7798782  27420405.78086007 27420695.78183857 27420984.7828137
 27421273.78378882 27421563.78476731 27421853.78574581 27422142.78672094]"	0.0	0.0	0.0
2379.124411627284	2.0	trials	2.0	1.0	1.0	0.0	10000.0	1.0	True	40.0	0.0	0.005	"[27544274.19880679 27544564.19978529 27544853.20076041 27545143.20173891
 27545432.20271403 27545722.20369253 27546011.20466765 27546301.20564615
 27546590.20662128 27546880.20759978 27547171.20858165 27547460.20955677
 27547749.21053189 27548039.21151039 27548328.21248551 27548618.21346401
 27548908.21444251 27549198.21542101 27549487.21639613 27549777.21737463]"	0.0	0.0	0.0
2385.784664499809	2.0	trials	2.0	1.0	1.0	0.0	10000.0	1.0	True	40.0	0.0	0.005	"[27621359.4589016  27621648.45987672 27621938.46085522 27622228.46183371
 27622518.46281222 27622807.46378734 27623097.46476584 27623387.46574433
 27623677.46672283 27623966.46769795 27624256.46867645 27624545.46965157
 27624835.47063007 27625124.4716052  27625415.47258707 27625703.47355882
 27625993.47453731 27626284.47551919 27626573.47649431 27626862.47746943]"	0.0	0.0	0.0
2393.879507812821	2.0	trials	2.0	1.0	1.0	0.0	10000.0	1.0	True	40.0	0.0	0.005	"[27715049.77502383 27715339.77600232 27715629.77698082 27715918.77795594
 27716207.77893107 27716497.77990956 27716787.78088806 27717077.78186655
 27717366.78284169 27717655.78381681 27717945.7847953  27718235.7857738
 27718525.7867523  27718814.78772742 27719104.78870592 27719393.78968104
 27719683.79065954 27719972.79163467 27720262.79261316 27720552.79359166]"	0.0	0.0	0.0
2403.2391649934734	2.0	trials	2.0	1.0	1.0	0.0	10000.0	1.0	True	40.0	0.0	0.005	"[27823380.14054332 27823670.14152181 27823958.14249356 27824249.14347543
 27824538.14445056 27824827.14542568 27825118.14640755 27825407.14738267
 27825696.14835779 27825986.1493363  27826276.15031479 27826565.15128991
 27826855.15226841 27827144.15324354 27827434.15422203 27827724.15520053
 27828014.15617903 27828303.15715415 27828592.15812928 27828882.15910777]"	0.0	0.0	0.0
2413.22893950022	2.0	trials	2.0	1.0	1.0	0.0	10000.0	1.0	True	40.0	0.0	0.005	"[27939002.53066695 27939291.53164208 27939580.5326172  27939871.53359907
 27940160.5345742  27940450.53555269 27940739.53652782 27941028.53750294
 27941319.53848482 27941608.53945994 27941898.54043843 27942188.54141693
 27942477.54239206 27942767.54337055 27943057.54434905 27943346.54532417
 27943636.54630267 27943926.54728117 27944215.54825629 27944504.54923141]"	0.0	0.0	0.0
2422.121862306052	2.0	trials	2.0	1.0	1.0	0.0	10000.0	1.0	True	40.0	0.0	0.005	"[28041929.87795602 28042218.87893114 28042508.87990964 28042796.88088139
 28043087.88186326 28043376.88283838 28043666.88381688 28043956.88479538
 28044245.8857705  28044535.886749   28044825.8877275  28045115.88870599
 28045403.88967774 28045694.89065961 28045983.89163474 28046273.89261324
 28046562.89358836 28046852.89456686 28047142.89554535 28047431.89652048]"	0.0	0.0	0.0
2433.016593466236	2.0	trials	2.0	1.0	1.0	0.0	10000.0	1.0	True	40.0	0.0	0.005	"[28168025.30341692 28168314.30439204 28168604.30537055 28168894.30634904
 28169184.30732754 28169473.30830266 28169763.30928116 28170052.31025628
 28170342.31123478 28170632.31221328 28170921.3131884  28171212.31417027
 28171500.31514202 28171790.31612052 28172080.31709902 28172370.31807752
 28172659.31905264 28172949.32003114 28173238.32100626 28173528.32198476]"	0.0	0.0	0.0
2440.529012414075	2.0	trials	2.0	1.0	1.0	0.0	10000.0	1.0	True	40.0	0.0	0.005	"[28254974.59679414 28255264.59777264 28255554.59875114 28255844.59972963
 28256133.60070475 28256422.60167988 28256713.60266175 28257001.6036335
 28257291.604612   28257581.60559049 28257871.606569   28258161.60754749
 28258450.60852261 28258740.60950111 28259030.61047961 28259319.61145473
 28259608.61242985 28259898.61340835 28260187.61438347 28260478.61536535]"	0.0	0.0	0.0
2446.841590513502	2.0	trials	2.0	1.0	1.0	0.0	10000.0	1.0	True	40.0	0.0	0.005	"[28328037.84331819 28328326.84429331 28328615.84526844 28328905.84624694
 28329195.84722543 28329484.84820056 28329774.84917906 28330063.85015418
 28330353.85113267 28330643.85211117 28330933.85308967 28331222.8540648
 28331512.85504329 28331802.85602178 28332092.85700029 28332381.85797541
 28332671.85895391 28332961.8599324  28333250.86090753 28333540.86188603]"	0.0	0.0	0.0
2454.81555981867	2.0	trials	2.0	1.0	1.0	0.0	10000.0	1.0	True	40.0	0.0	0.005	"[28420328.15471664 28420617.15569176 28420907.15667026 28421196.15764538
 28421487.15862725 28421777.15960575 28422066.16058087 28422355.16155599
 28422645.1625345  28422935.16351299 28423225.16449149 28423514.16546661
 28423803.16644173 28424094.16742361 28424383.16839873 28424672.16937385
 28424962.17035235 28425252.17133085 28425542.17230935 28425832.17328784]"	0.0	0.0	0.0
2463.9293217696413	2.0	trials	2.0	1.0	1.0	0.0	10000.0	1.0	True	40.0	0.0	0.005	"[28525812.51063335 28526102.51161185 28526391.51258697 28526680.51356209
 28526970.51454059 28527259.51551572 28527550.51649758 28527840.51747608
 28528129.51845121 28528418.51942633 28528708.52040483 28528998.52138332
 28529288.52236183 28529577.52333695 28529867.52431544 28530157.52529394
 28530446.52626906 28530736.52724756 28531026.52822606 28531315.52920118]"	0.0	0.0	0.0
2474.2821503013774	2.0	trials	2.0	1.0	1.0	0.0	10000.0	1.0	True	40.0	0.0	0.005	"[28645636.91493509 28645926.91591358 28646215.91688871 28646505.9178672
 28646794.91884232 28647084.91982083 28647374.92079932 28647663.92177444
 28647953.92275294 28648243.92373144 28648532.92470656 28648822.92568506
 28649111.92666018 28649401.92763868 28649691.92861718 28649981.92959568
 28650270.9305708  28650560.9315493  28650849.93252442 28651139.93350292]"	0.0	0.0	0.0
2480.7001367564653	2.0	trials	2.0	1.0	1.0	0.0	10000.0	1.0	True	40.0	0.0	0.005	"[28719918.16556883 28720208.16654732 28720498.16752582 28720787.16850094
 28721077.16947944 28721367.17045794 28721657.17143644 28721947.17241494
 28722236.17339006 28722526.17436856 28722814.17534031 28723104.1763188
 28723394.1772973  28723684.1782758  28723973.17925092 28724263.18022942
 28724553.18120792 28724843.18218642 28725133.18316491 28725421.18413666]"	0.0	0.0	0.0
2491.5474341566014	2.0	trials	2.0	1.0	1.0	0.0	10000.0	1.0	True	40.0	0.0	0.005	"[28845465.5891807  28845756.59016258 28846044.59113433 28846335.5921162
 28846625.5930947  28846914.59406982 28847204.59504832 28847494.59602682
 28847783.59700194 28848072.59797706 28848363.59895894 28848652.59993406
 28848942.60091256 28849231.60188768 28849521.60286618 28849811.60384468
 28850100.6048198  28850390.6057983  28850679.60677342 28850969.60775192]"	0.0	0.0	0.0
2498.3577643355056	2.0	trials	2.0	1.0	1.0	0.0	10000.0	1.0	True	40.0	0.0	0.005	"[28924289.85514312 28924578.85611824 28924868.85709674 28925158.85807524
 28925447.85905036 28925737.86002886 28926026.86100398 28926316.86198248
 28926605.8629576  28926896.86393948 28927186.86491797 28927475.8658931
 28927765.8668716  28928054.86784672 28928344.86882522 28928633.86980034
 28928923.87077884 28929212.87175396 28929503.87273583 28929792.87371096]"	0.0	0.0	0.0
2507.195822956219	2.0	trials	2.0	1.0	1.0	0.0	10000.0	1.0	True	40.0	0.0	0.005	"[29026582.20028961 29026871.20126474 29027161.20224323 29027450.20321836
 29027740.20419686 29028030.20517535 29028319.20615047 29028608.2071256
 29028899.20810747 29029188.20908259 29029478.21006109 29029767.21103621
 29030057.21201472 29030347.21299321 29030636.21396833 29030926.21494683
 29031216.21592533 29031505.21690045 29031796.21788232 29032085.21885744]"	0.0	0.0	0.0
2531.387386181574	2.0	trials	3.0	1.0	1.0	0.0	10000.0	1.0	False	0.0	0.0	0.0	"[nan nan nan nan nan nan nan nan nan nan nan nan nan nan nan nan nan nan
 nan nan]"	0.0	0.0	0.0
2540.207473541651	2.0	trials	3.0	1.0	1.0	0.0	10000.0	1.0	False	0.0	0.0	0.0	"[nan nan nan nan nan nan nan nan nan nan nan nan nan nan nan nan nan nan
 nan nan]"	0.0	0.0	0.0
2545.967608177064	2.0	trials	3.0	1.0	1.0	0.0	10000.0	1.0	False	0.0	0.0	0.0	"[nan nan nan nan nan nan nan nan nan nan nan nan nan nan nan nan nan nan
 nan nan]"	0.0	0.0	0.0
2554.0733379268086	2.0	trials	3.0	1.0	1.0	0.0	10000.0	1.0	False	0.0	0.0	0.0	"[nan nan nan nan nan nan nan nan nan nan nan nan nan nan nan nan nan nan
 nan nan]"	0.0	0.0	0.0
2559.575567692019	2.0	trials	3.0	1.0	1.0	0.0	10000.0	1.0	False	0.0	0.0	0.0	"[nan nan nan nan nan nan nan nan nan nan nan nan nan nan nan nan nan nan
 nan nan]"	0.0	0.0	0.0
2565.1193559974527	2.0	trials	3.0	1.0	1.0	0.0	10000.0	1.0	False	0.0	0.0	0.0	"[nan nan nan nan nan nan nan nan nan nan nan nan nan nan nan nan nan nan
 nan nan]"	0.0	0.0	0.0
2574.6016151917797	2.0	trials	3.0	1.0	1.0	0.0	10000.0	1.0	False	0.0	0.0	0.0	"[nan nan nan nan nan nan nan nan nan nan nan nan nan nan nan nan nan nan
 nan nan]"	0.0	0.0	0.0
2584.607805753916	2.0	trials	3.0	1.0	1.0	0.0	10000.0	1.0	False	0.0	0.0	0.0	"[nan nan nan nan nan nan nan nan nan nan nan nan nan nan nan nan nan nan
 nan nan]"	0.0	0.0	0.0
2590.40362370973	2.0	trials	3.0	1.0	1.0	0.0	10000.0	1.0	False	0.0	0.0	0.0	"[nan nan nan nan nan nan nan nan nan nan nan nan nan nan nan nan nan nan
 nan nan]"	0.0	0.0	0.0
2599.9325390614804	2.0	trials	3.0	1.0	1.0	0.0	10000.0	1.0	False	0.0	0.0	0.0	"[nan nan nan nan nan nan nan nan nan nan nan nan nan nan nan nan nan nan
 nan nan]"	0.0	0.0	0.0
2606.264038824751	2.0	trials	3.0	1.0	1.0	0.0	10000.0	1.0	False	0.0	0.0	0.0	"[nan nan nan nan nan nan nan nan nan nan nan nan nan nan nan nan nan nan
 nan nan]"	0.0	0.0	0.0
2612.5979577961843	2.0	trials	3.0	1.0	1.0	0.0	10000.0	1.0	False	0.0	0.0	0.0	"[nan nan nan nan nan nan nan nan nan nan nan nan nan nan nan nan nan nan
 nan nan]"	0.0	0.0	0.0
2617.892481260568	2.0	trials	3.0	1.0	1.0	0.0	10000.0	1.0	False	0.0	0.0	0.0	"[nan nan nan nan nan nan nan nan nan nan nan nan nan nan nan nan nan nan
 nan nan]"	0.0	0.0	0.0
2624.8982488989027	2.0	trials	3.0	1.0	1.0	0.0	10000.0	1.0	False	0.0	0.0	0.0	"[nan nan nan nan nan nan nan nan nan nan nan nan nan nan nan nan nan nan
 nan nan]"	0.0	0.0	0.0
2632.9023719058137	2.0	trials	3.0	1.0	1.0	0.0	10000.0	1.0	False	0.0	0.0	0.0	"[nan nan nan nan nan nan nan nan nan nan nan nan nan nan nan nan nan nan
 nan nan]"	0.0	0.0	0.0
2639.2321436632537	2.0	trials	3.0	1.0	1.0	0.0	10000.0	1.0	False	0.0	0.0	0.0	"[nan nan nan nan nan nan nan nan nan nan nan nan nan nan nan nan nan nan
 nan nan]"	0.0	0.0	0.0
2645.9161566159482	2.0	trials	3.0	1.0	1.0	0.0	10000.0	1.0	False	0.0	0.0	0.0	"[nan nan nan nan nan nan nan nan nan nan nan nan nan nan nan nan nan nan
 nan nan]"	0.0	0.0	0.0
2654.0165295476177	2.0	trials	3.0	1.0	1.0	0.0	10000.0	1.0	False	0.0	0.0	0.0	"[nan nan nan nan nan nan nan nan nan nan nan nan nan nan nan nan nan nan
 nan nan]"	0.0	0.0	0.0
2661.4212937322172	2.0	trials	3.0	1.0	1.0	0.0	10000.0	1.0	False	0.0	0.0	0.0	"[nan nan nan nan nan nan nan nan nan nan nan nan nan nan nan nan nan nan
 nan nan]"	0.0	0.0	0.0
2668.5508729883077	2.0	trials	3.0	1.0	1.0	0.0	10000.0	1.0	False	0.0	0.0	0.0	"[nan nan nan nan nan nan nan nan nan nan nan nan nan nan nan nan nan nan
 nan nan]"	0.0	0.0	0.0
2674.5607044662293	2.0	trials	3.0	1.0	1.0	0.0	10000.0	1.0	False	0.0	0.0	0.0	"[nan nan nan nan nan nan nan nan nan nan nan nan nan nan nan nan nan nan
 nan nan]"	0.0	0.0	0.0
2683.152608656387	2.0	trials	3.0	1.0	1.0	0.0	10000.0	1.0	False	0.0	0.0	0.0	"[nan nan nan nan nan nan nan nan nan nan nan nan nan nan nan nan nan nan
 nan nan]"	0.0	0.0	0.0
2690.172545942532	2.0	trials	3.0	1.0	1.0	0.0	10000.0	1.0	False	0.0	0.0	0.0	"[nan nan nan nan nan nan nan nan nan nan nan nan nan nan nan nan nan nan
 nan nan]"	0.0	0.0	0.0
2696.7366352905897	2.0	trials	3.0	1.0	1.0	0.0	10000.0	1.0	False	0.0	0.0	0.0	"[nan nan nan nan nan nan nan nan nan nan nan nan nan nan nan nan nan nan
 nan nan]"	0.0	0.0	0.0
2704.1290442335003	2.0	trials	3.0	1.0	1.0	0.0	10000.0	1.0	False	0.0	0.0	0.0	"[nan nan nan nan nan nan nan nan nan nan nan nan nan nan nan nan nan nan
 nan nan]"	0.0	0.0	0.0
2711.659088840811	2.0	trials	3.0	1.0	1.0	0.0	10000.0	1.0	False	0.0	0.0	0.0	"[nan nan nan nan nan nan nan nan nan nan nan nan nan nan nan nan nan nan
 nan nan]"	0.0	0.0	0.0
2717.431060316164	2.0	trials	3.0	1.0	1.0	0.0	10000.0	1.0	False	0.0	0.0	0.0	"[nan nan nan nan nan nan nan nan nan nan nan nan nan nan nan nan nan nan
 nan nan]"	0.0	0.0	0.0
2723.8567363971974	2.0	trials	3.0	1.0	1.0	0.0	10000.0	1.0	False	0.0	0.0	0.0	"[nan nan nan nan nan nan nan nan nan nan nan nan nan nan nan nan nan nan
 nan nan]"	0.0	0.0	0.0
2731.0453270524	2.0	trials	3.0	1.0	1.0	0.0	10000.0	1.0	False	0.0	0.0	0.0	"[nan nan nan nan nan nan nan nan nan nan nan nan nan nan nan nan nan nan
 nan nan]"	0.0	0.0	0.0
2740.833443278726	2.0	trials	3.0	1.0	1.0	0.0	10000.0	1.0	False	0.0	0.0	0.0	"[nan nan nan nan nan nan nan nan nan nan nan nan nan nan nan nan nan nan
 nan nan]"	0.0	0.0	0.0
2747.5988453060377	2.0	trials	3.0	1.0	1.0	0.0	10000.0	1.0	False	0.0	0.0	0.0	"[nan nan nan nan nan nan nan nan nan nan nan nan nan nan nan nan nan nan
 nan nan]"	0.0	0.0	0.0
2754.207862805688	2.0	trials	3.0	1.0	1.0	0.0	10000.0	1.0	False	0.0	0.0	0.0	"[nan nan nan nan nan nan nan nan nan nan nan nan nan nan nan nan nan nan
 nan nan]"	0.0	0.0	0.0
2761.093102037345	2.0	trials	3.0	1.0	1.0	0.0	10000.0	1.0	False	0.0	0.0	0.0	"[nan nan nan nan nan nan nan nan nan nan nan nan nan nan nan nan nan nan
 nan nan]"	0.0	0.0	0.0
2769.097138643964	2.0	trials	3.0	1.0	1.0	0.0	10000.0	1.0	False	0.0	0.0	0.0	"[nan nan nan nan nan nan nan nan nan nan nan nan nan nan nan nan nan nan
 nan nan]"	0.0	0.0	0.0
2778.4035732450366	2.0	trials	3.0	1.0	1.0	0.0	10000.0	1.0	False	0.0	0.0	0.0	"[nan nan nan nan nan nan nan nan nan nan nan nan nan nan nan nan nan nan
 nan nan]"	0.0	0.0	0.0
2783.7613417228167	2.0	trials	3.0	1.0	1.0	0.0	10000.0	1.0	False	0.0	0.0	0.0	"[nan nan nan nan nan nan nan nan nan nan nan nan nan nan nan nan nan nan
 nan nan]"	0.0	0.0	0.0
2793.349614074845	2.0	trials	3.0	1.0	1.0	0.0	10000.0	1.0	False	0.0	0.0	0.0	"[nan nan nan nan nan nan nan nan nan nan nan nan nan nan nan nan nan nan
 nan nan]"	0.0	0.0	0.0
2798.8302437671737	2.0	trials	3.0	1.0	1.0	0.0	10000.0	1.0	False	0.0	0.0	0.0	"[nan nan nan nan nan nan nan nan nan nan nan nan nan nan nan nan nan nan
 nan nan]"	0.0	0.0	0.0
2808.133740758334	2.0	trials	3.0	1.0	1.0	0.0	10000.0	1.0	False	0.0	0.0	0.0	"[nan nan nan nan nan nan nan nan nan nan nan nan nan nan nan nan nan nan
 nan nan]"	0.0	0.0	0.0
2815.3098897715577	2.0	trials	3.0	1.0	1.0	0.0	10000.0	1.0	False	0.0	0.0	0.0	"[nan nan nan nan nan nan nan nan nan nan nan nan nan nan nan nan nan nan
 nan nan]"	0.0	0.0	0.0
2825.0178265273485	2.0	trials	3.0	1.0	1.0	0.0	10000.0	1.0	False	0.0	0.0	0.0	"[nan nan nan nan nan nan nan nan nan nan nan nan nan nan nan nan nan nan
 nan nan]"	0.0	0.0	0.0
2834.839984468536	2.0	trials	3.0	1.0	1.0	0.0	10000.0	1.0	False	0.0	0.0	0.0	"[nan nan nan nan nan nan nan nan nan nan nan nan nan nan nan nan nan nan
 nan nan]"	0.0	0.0	0.0
2841.1640538067354	2.0	trials	3.0	1.0	1.0	0.0	10000.0	1.0	False	0.0	0.0	0.0	"[nan nan nan nan nan nan nan nan nan nan nan nan nan nan nan nan nan nan
 nan nan]"	0.0	0.0	0.0
2850.5901528115705	2.0	trials	3.0	1.0	1.0	0.0	10000.0	1.0	False	0.0	0.0	0.0	"[nan nan nan nan nan nan nan nan nan nan nan nan nan nan nan nan nan nan
 nan nan]"	0.0	0.0	0.0
2858.858315109383	2.0	trials	3.0	1.0	1.0	0.0	10000.0	1.0	False	0.0	0.0	0.0	"[nan nan nan nan nan nan nan nan nan nan nan nan nan nan nan nan nan nan
 nan nan]"	0.0	0.0	0.0
2866.7540921507207	2.0	trials	3.0	1.0	1.0	0.0	10000.0	1.0	False	0.0	0.0	0.0	"[nan nan nan nan nan nan nan nan nan nan nan nan nan nan nan nan nan nan
 nan nan]"	0.0	0.0	0.0
2876.2523353989795	2.0	trials	3.0	1.0	1.0	0.0	10000.0	1.0	False	0.0	0.0	0.0	"[nan nan nan nan nan nan nan nan nan nan nan nan nan nan nan nan nan nan
 nan nan]"	0.0	0.0	0.0
2882.324115885925	2.0	trials	3.0	1.0	1.0	0.0	10000.0	1.0	False	0.0	0.0	0.0	"[nan nan nan nan nan nan nan nan nan nan nan nan nan nan nan nan nan nan
 nan nan]"	0.0	0.0	0.0
2890.8443078341165	2.0	trials	3.0	1.0	1.0	0.0	10000.0	1.0	False	0.0	0.0	0.0	"[nan nan nan nan nan nan nan nan nan nan nan nan nan nan nan nan nan nan
 nan nan]"	0.0	0.0	0.0
2896.2024219130626	2.0	trials	4.0	1.0	1.0	0.0	10000.0	1.0	False	0.0	0.0	0.0	"[nan nan nan nan nan nan nan nan nan nan nan nan nan nan nan nan nan nan
 nan nan]"	0.0	0.0	0.0
2968.8751759200095	2.0	trials	4.0	1.0	1.0	1.0	0.0	1.0	True	0.0	0.0	0.0	"[nan nan nan nan nan nan nan nan nan nan nan nan nan nan nan nan nan nan
 nan nan]"	1.0	0.02	5.0
2978.3970928481467	2.0	trials	4.0	1.0	1.0	1.0	0.0	1.0	True	0.0	0.0	0.0	"[nan nan nan nan nan nan nan nan nan nan nan nan nan nan nan nan nan nan
 nan nan]"	1.0	0.02	5.0
2986.521225859986	2.0	trials	4.0	1.0	1.0	1.0	0.0	1.0	True	0.0	0.0	0.0	"[nan nan nan nan nan nan nan nan nan nan nan nan nan nan nan nan nan nan
 nan nan]"	1.0	0.02	5.0
2995.299409078672	2.0	trials	4.0	1.0	1.0	1.0	0.0	1.0	True	0.0	0.0	0.0	"[nan nan nan nan nan nan nan nan nan nan nan nan nan nan nan nan nan nan
 nan nan]"	1.0	0.02	5.0
3002.949290890329	2.0	trials	4.0	1.0	1.0	1.0	0.0	1.0	True	0.0	0.0	0.0	"[nan nan nan nan nan nan nan nan nan nan nan nan nan nan nan nan nan nan
 nan nan]"	1.0	0.02	5.0
3012.1475523264116	2.0	trials	4.0	1.0	1.0	1.0	0.0	1.0	True	0.0	0.0	0.0	"[nan nan nan nan nan nan nan nan nan nan nan nan nan nan nan nan nan nan
 nan nan]"	1.0	0.02	5.0
3017.9560711250797	2.0	trials	4.0	1.0	1.0	1.0	0.0	1.0	True	0.0	0.0	0.0	"[nan nan nan nan nan nan nan nan nan nan nan nan nan nan nan nan nan nan
 nan nan]"	1.0	0.02	5.0
3027.8738741889856	2.0	trials	4.0	1.0	1.0	1.0	0.0	1.0	True	0.0	0.0	0.0	"[nan nan nan nan nan nan nan nan nan nan nan nan nan nan nan nan nan nan
 nan nan]"	1.0	0.02	5.0
3033.9697603572663	2.0	trials	4.0	1.0	1.0	1.0	0.0	1.0	True	0.0	0.0	0.0	"[nan nan nan nan nan nan nan nan nan nan nan nan nan nan nan nan nan nan
 nan nan]"	1.0	0.02	5.0
3045.0854170628804	2.0	trials	4.0	1.0	1.0	1.0	0.0	1.0	True	0.0	0.0	0.0	"[nan nan nan nan nan nan nan nan nan nan nan nan nan nan nan nan nan nan
 nan nan]"	1.0	0.02	5.0
3055.210494426156	2.0	trials	4.0	1.0	1.0	1.0	0.0	1.0	True	0.0	0.0	0.0	"[nan nan nan nan nan nan nan nan nan nan nan nan nan nan nan nan nan nan
 nan nan]"	1.0	0.02	5.0
3062.5719720647007	2.0	trials	4.0	1.0	1.0	1.0	0.0	1.0	True	0.0	0.0	0.0	"[nan nan nan nan nan nan nan nan nan nan nan nan nan nan nan nan nan nan
 nan nan]"	1.0	0.02	5.0
3073.3783157266535	2.0	trials	4.0	1.0	1.0	1.0	0.0	1.0	True	0.0	0.0	0.0	"[nan nan nan nan nan nan nan nan nan nan nan nan nan nan nan nan nan nan
 nan nan]"	1.0	0.02	5.0
3079.6543465027657	2.0	trials	4.0	1.0	1.0	1.0	0.0	1.0	True	0.0	0.0	0.0	"[nan nan nan nan nan nan nan nan nan nan nan nan nan nan nan nan nan nan
 nan nan]"	1.0	0.02	5.0
3084.96424921904	2.0	trials	4.0	1.0	1.0	1.0	0.0	1.0	True	0.0	0.0	0.0	"[nan nan nan nan nan nan nan nan nan nan nan nan nan nan nan nan nan nan
 nan nan]"	1.0	0.02	5.0
3093.101947076649	2.0	trials	4.0	1.0	1.0	1.0	0.0	1.0	True	0.0	0.0	0.0	"[nan nan nan nan nan nan nan nan nan nan nan nan nan nan nan nan nan nan
 nan nan]"	1.0	0.02	5.0
3101.224179282075	2.0	trials	4.0	1.0	1.0	1.0	0.0	1.0	True	0.0	0.0	0.0	"[nan nan nan nan nan nan nan nan nan nan nan nan nan nan nan nan nan nan
 nan nan]"	1.0	0.02	5.0
3107.1711977480577	2.0	trials	4.0	1.0	1.0	1.0	0.0	1.0	True	0.0	0.0	0.0	"[nan nan nan nan nan nan nan nan nan nan nan nan nan nan nan nan nan nan
 nan nan]"	1.0	0.02	5.0
3114.3949533219115	2.0	trials	4.0	1.0	1.0	1.0	0.0	1.0	True	0.0	0.0	0.0	"[nan nan nan nan nan nan nan nan nan nan nan nan nan nan nan nan nan nan
 nan nan]"	1.0	0.02	5.0
3122.3526793722726	2.0	trials	4.0	1.0	1.0	1.0	0.0	1.0	True	0.0	0.0	0.0	"[nan nan nan nan nan nan nan nan nan nan nan nan nan nan nan nan nan nan
 nan nan]"	1.0	0.02	5.0
3129.6528992041262	2.0	trials	4.0	1.0	1.0	1.0	0.0	1.0	True	0.0	0.0	0.0	"[nan nan nan nan nan nan nan nan nan nan nan nan nan nan nan nan nan nan
 nan nan]"	1.0	0.02	5.0
3140.675157194601	2.0	trials	4.0	1.0	1.0	1.0	0.0	1.0	True	0.0	0.0	0.0	"[nan nan nan nan nan nan nan nan nan nan nan nan nan nan nan nan nan nan
 nan nan]"	1.0	0.02	5.0
3146.6448125369634	2.0	trials	4.0	1.0	1.0	1.0	0.0	1.0	True	0.0	0.0	0.0	"[nan nan nan nan nan nan nan nan nan nan nan nan nan nan nan nan nan nan
 nan nan]"	1.0	0.02	5.0
3157.2407714890523	2.0	trials	4.0	1.0	1.0	1.0	0.0	1.0	True	0.0	0.0	0.0	"[nan nan nan nan nan nan nan nan nan nan nan nan nan nan nan nan nan nan
 nan nan]"	1.0	0.02	5.0
3166.7934469209717	2.0	trials	4.0	1.0	1.0	1.0	0.0	1.0	True	0.0	0.0	0.0	"[nan nan nan nan nan nan nan nan nan nan nan nan nan nan nan nan nan nan
 nan nan]"	1.0	0.02	5.0
3176.5372397977467	2.0	trials	4.0	1.0	1.0	1.0	0.0	1.0	True	0.0	0.0	0.0	"[nan nan nan nan nan nan nan nan nan nan nan nan nan nan nan nan nan nan
 nan nan]"	1.0	0.02	5.0
3186.4913309840927	2.0	trials	4.0	1.0	1.0	1.0	0.0	1.0	True	0.0	0.0	0.0	"[nan nan nan nan nan nan nan nan nan nan nan nan nan nan nan nan nan nan
 nan nan]"	1.0	0.02	5.0
3192.7073999578856	2.0	trials	4.0	1.0	1.0	1.0	0.0	1.0	True	0.0	0.0	0.0	"[nan nan nan nan nan nan nan nan nan nan nan nan nan nan nan nan nan nan
 nan nan]"	1.0	0.02	5.0
3202.6432606827207	2.0	trials	4.0	1.0	1.0	1.0	0.0	1.0	True	0.0	0.0	0.0	"[nan nan nan nan nan nan nan nan nan nan nan nan nan nan nan nan nan nan
 nan nan]"	1.0	0.02	5.0
3209.3995906794216	2.0	trials	4.0	1.0	1.0	1.0	0.0	1.0	True	0.0	0.0	0.0	"[nan nan nan nan nan nan nan nan nan nan nan nan nan nan nan nan nan nan
 nan nan]"	1.0	0.02	5.0
3214.5368656132287	2.0	trials	4.0	1.0	1.0	1.0	0.0	1.0	True	0.0	0.0	0.0	"[nan nan nan nan nan nan nan nan nan nan nan nan nan nan nan nan nan nan
 nan nan]"	1.0	0.02	5.0
3224.4521630686804	2.0	trials	4.0	1.0	1.0	1.0	0.0	1.0	True	0.0	0.0	0.0	"[nan nan nan nan nan nan nan nan nan nan nan nan nan nan nan nan nan nan
 nan nan]"	1.0	0.02	5.0
3229.943247196284	2.0	trials	4.0	1.0	1.0	1.0	0.0	1.0	True	0.0	0.0	0.0	"[nan nan nan nan nan nan nan nan nan nan nan nan nan nan nan nan nan nan
 nan nan]"	1.0	0.02	5.0
3239.0215850277295	2.0	trials	4.0	1.0	1.0	1.0	0.0	1.0	True	0.0	0.0	0.0	"[nan nan nan nan nan nan nan nan nan nan nan nan nan nan nan nan nan nan
 nan nan]"	1.0	0.02	5.0
3244.5652869328724	2.0	trials	4.0	1.0	1.0	1.0	0.0	1.0	True	0.0	0.0	0.0	"[nan nan nan nan nan nan nan nan nan nan nan nan nan nan nan nan nan nan
 nan nan]"	1.0	0.02	5.0
3252.839842852257	2.0	trials	4.0	1.0	1.0	1.0	0.0	1.0	True	0.0	0.0	0.0	"[nan nan nan nan nan nan nan nan nan nan nan nan nan nan nan nan nan nan
 nan nan]"	1.0	0.02	5.0
3260.7405447102115	2.0	trials	4.0	1.0	1.0	1.0	0.0	1.0	True	0.0	0.0	0.0	"[nan nan nan nan nan nan nan nan nan nan nan nan nan nan nan nan nan nan
 nan nan]"	1.0	0.02	5.0
3266.273187378039	2.0	trials	4.0	1.0	1.0	1.0	0.0	1.0	True	0.0	0.0	0.0	"[nan nan nan nan nan nan nan nan nan nan nan nan nan nan nan nan nan nan
 nan nan]"	1.0	0.02	5.0
3272.238090704368	2.0	trials	4.0	1.0	1.0	1.0	0.0	1.0	True	0.0	0.0	0.0	"[nan nan nan nan nan nan nan nan nan nan nan nan nan nan nan nan nan nan
 nan nan]"	1.0	0.02	5.0
3282.396172979006	2.0	trials	4.0	1.0	1.0	1.0	0.0	1.0	True	0.0	0.0	0.0	"[nan nan nan nan nan nan nan nan nan nan nan nan nan nan nan nan nan nan
 nan nan]"	1.0	0.02	5.0
3288.906002943985	2.0	trials	4.0	1.0	1.0	1.0	0.0	1.0	True	0.0	0.0	0.0	"[nan nan nan nan nan nan nan nan nan nan nan nan nan nan nan nan nan nan
 nan nan]"	1.0	0.02	5.0
3297.3132697111528	2.0	trials	4.0	1.0	1.0	1.0	0.0	1.0	True	0.0	0.0	0.0	"[nan nan nan nan nan nan nan nan nan nan nan nan nan nan nan nan nan nan
 nan nan]"	1.0	0.02	5.0
3305.4063850183347	2.0	trials	4.0	1.0	1.0	1.0	0.0	1.0	True	0.0	0.0	0.0	"[nan nan nan nan nan nan nan nan nan nan nan nan nan nan nan nan nan nan
 nan nan]"	1.0	0.02	5.0
3310.643970690603	2.0	trials	4.0	1.0	1.0	1.0	0.0	1.0	True	0.0	0.0	0.0	"[nan nan nan nan nan nan nan nan nan nan nan nan nan nan nan nan nan nan
 nan nan]"	1.0	0.02	5.0
3321.3724676898914	2.0	trials	4.0	1.0	1.0	1.0	0.0	1.0	True	0.0	0.0	0.0	"[nan nan nan nan nan nan nan nan nan nan nan nan nan nan nan nan nan nan
 nan nan]"	1.0	0.02	5.0
3332.070206185397	2.0	trials	4.0	1.0	1.0	1.0	0.0	1.0	True	0.0	0.0	0.0	"[nan nan nan nan nan nan nan nan nan nan nan nan nan nan nan nan nan nan
 nan nan]"	1.0	0.02	5.0
3337.7821294581395	2.0	trials	4.0	1.0	1.0	1.0	0.0	1.0	True	0.0	0.0	0.0	"[nan nan nan nan nan nan nan nan nan nan nan nan nan nan nan nan nan nan
 nan nan]"	1.0	0.02	5.0
3344.6703927	2.0	trials	4.0	1.0	1.0	1.0	0.0	1.0	True	0.0	0.0	0.0	"[nan nan nan nan nan nan nan nan nan nan nan nan nan nan nan nan nan nan
 nan nan]"	1.0	0.02	5.0
3351.1567217856846	2.0	trials	4.0	1.0	1.0	1.0	0.0	1.0	True	0.0	0.0	0.0	"[nan nan nan nan nan nan nan nan nan nan nan nan nan nan nan nan nan nan
 nan nan]"	1.0	0.02	5.0
3358.8423733180325	2.0	trials	4.0	1.0	1.0	1.0	0.0	1.0	True	0.0	0.0	0.0	"[nan nan nan nan nan nan nan nan nan nan nan nan nan nan nan nan nan nan
 nan nan]"	1.0	0.02	5.0
3463.259372034025	2.0	trials	5.0	0.0	0.0	0.0	0.0	0.0	True	40.0	0.0	0.005	"[34370149.23011787 34480356.6019706  34574385.91923665 34675985.26204488
 34764525.56079033 34870986.92000357 34938215.14683957 35053004.53415257
 35123559.7722143  35252212.20630286 35369401.60171376 35454603.88919637
 35579677.31120892 35652315.55629896 35713773.76366623 35807959.08145865
 35901967.39865386 35970797.63089521 36054406.91300283 36146509.22376695]"	0.0	0.0	0.0
3468.888523827486	2.0	trials	5.0	0.0	0.0	0.0	0.0	0.0	True	40.0	0.0	0.005	"[36231002.5088573  36358574.9393018  36427669.17243393 36550307.58623046
 36660869.95928101 36773646.33980188 36888854.72852863 36960800.97128378
 37075798.35929859 37153996.6231488  37213456.82377456 37328216.21098632
 37391770.42542578 37496843.77995572 37561006.99645001 37656778.31959381
 37748220.62813099 37812255.8441934  37881294.07713658 37998864.47383302]"	0.0	0.0	0.0
3476.719327849597	2.0	trials	5.0	0.0	0.0	0.0	0.0	0.0	True	40.0	0.0	0.005	"[38074209.72805684 38171516.05637992 38265186.37243467 38325807.5769778
 38449978.99594687 38573795.41371813 38639905.63678186 38719630.90578437
 38794705.15909379 38883658.45923276 40092132.53676748 40092422.53774597
 40092711.5387211  40093000.53969622 40093291.54067809 40093579.54164984
 40093870.54263171 40094159.54360684 40094448.54458196 40094738.54556046]"	0.0	0.0	0.0
3483.3788031194986	2.0	trials	5.0	0.0	0.0	0.0	0.0	0.0	True	40.0	0.0	0.005	"[40095029.54654233 40095318.54751746 40095608.54849595 40095896.5494677
 40096187.55044957 40096475.55142132 40096766.5524032  40097055.55337831
 40097346.55436019 40097636.55533869 40157284.75659879 40157572.75757053
 40157863.7585524  40158152.75952753 40158442.76050603 40158731.76148115
 40159022.76246303 40159310.76343478 40159600.76441327 40159890.76539177]"	0.0	0.0	0.0
3492.6784984978312	2.0	trials	5.0	0.0	0.0	0.0	0.0	0.0	True	40.0	0.0	0.005	"[40160180.76637027 40160470.76734877 40160759.76832388 40161049.76930238
 40161338.77027751 40161629.77125937 40161918.77223451 40162206.77320625
 40162497.77418812 40162786.77516325 40247919.06240967 40248207.06338142
 40248497.06435992 40248789.06534516 40249077.06631691 40249368.06729878
 40249657.06827391 40249947.0692524  40250236.07022753 40250526.07120603]"	0.0	0.0	0.0
3503.6166890046525	2.0	trials	5.0	0.0	0.0	0.0	0.0	0.0	True	40.0	0.0	0.005	"[40250815.07218115 40251105.07315965 40251394.07413477 40251684.07511327
 40251974.07609177 40252263.07706689 40252554.07804877 40252843.07902388
 40253132.07999901 40253421.08097413 40324997.32248086 40325285.3234526
 40325575.3244311  40325864.32540622 40326154.32638472 40326445.32736659
 40326735.32834509 40327024.32932021 40327313.33029534 40327603.33127384]"	0.0	0.0	0.0
3511.791366187035	2.0	trials	5.0	0.0	0.0	0.0	0.0	0.0	True	40.0	0.0	0.005	"[40327892.33224896 40328182.33322746 40328472.33420596 40328762.33518445
 40329051.33615957 40329341.33713807 40329631.33811656 40329921.33909507
 40330210.3400702  40330499.34104531 40432630.68564858 40432921.68663044
 40433210.68760557 40433499.68858069 40433788.68955582 40434079.69053768
 40434368.69151281 40434658.69249131 40434947.69346643 40435237.69444493]"	0.0	0.0	0.0
3519.7986860047313	2.0	trials	5.0	0.0	0.0	0.0	0.0	0.0	True	40.0	0.0	0.005	"[40435527.69542342 40435817.69640192 40436107.69738042 40436395.69835217
 40436685.69933067 40436975.70030916 40437264.70128429 40437555.70226616
 40437844.70324128 40438133.70421641 40559231.11281341 40559520.11378854
 40559810.11476703 40560100.11574554 40560389.11672065 40560678.11769578
 40560968.11867428 40561259.11965615 40561548.12063128 40561838.12160977]"	0.0	0.0	0.0
3529.838313479688	2.0	trials	5.0	0.0	0.0	0.0	0.0	0.0	True	40.0	0.0	0.005	"[40562128.12258826 40562417.12356339 40562707.12454189 40562996.12551701
 40563286.12649551 40563575.12747063 40563866.12845251 40564155.12942763
 40564444.13040275 40564735.13138463 40653844.43204996 40654134.43302846
 40654423.43400358 40654713.43498208 40655003.43596058 40655292.4369357
 40655582.4379142  40655871.43888932 40656160.43986444 40656450.44084294]"	0.0	0.0	0.0
3536.113048251427	2.0	trials	5.0	0.0	0.0	0.0	0.0	0.0	True	40.0	0.0	0.005	"[40656740.44182144 40657031.44280332 40657320.44377843 40657610.44475693
 40657899.44573206 40658189.44671056 40658478.44768567 40658768.44866417
 40659057.44963931 40659347.4506178  40746522.74475756 40746812.74573606
 40747101.74671119 40747391.74768969 40747681.74866819 40747970.7496433
 40748260.7506218  40748549.75159694 40748838.75257205 40749128.75355055]"	0.0	0.0	0.0
3541.7835857845284	2.0	trials	5.0	0.0	0.0	0.0	0.0	0.0	True	40.0	0.0	0.005	"[40749418.75452904 40749707.75550418 40749998.75648604 40750287.75746117
 40750577.75843966 40750866.75941478 40751156.76039328 40751444.76136503
 40751736.76235028 40752024.76332203 40862722.13682809 40863011.13780321
 40863302.13878508 40863590.13975683 40863881.1407387  40864170.14171382
 40864459.14268895 40864749.14366744 40865039.14464594 40865329.14562444]"	0.0	0.0	0.0
3547.4473840948913	2.0	trials	5.0	0.0	0.0	0.0	0.0	0.0	True	40.0	0.0	0.005	"[40865618.14659956 40865907.14757469 40866198.14855656 40866488.14953506
 40866777.15051018 40867066.1514853  40867357.15246718 40867647.15344568
 40867935.15441743 40868225.15539593 40935346.38187089 40935636.38284939
 40935925.38382451 40936214.38479964 40936505.38578151 40936794.38675663
 40937084.38773513 40937374.38871363 40937662.38968538 40937952.39066387]"	0.0	0.0	0.0
3557.9750868166752	2.0	trials	5.0	0.0	0.0	0.0	0.0	0.0	True	40.0	0.0	0.005	"[40938241.391639   40938532.39262087 40938821.39359599 40939111.39457449
 40939401.39555299 40939689.39652473 40939980.39750661 40940268.39847836
 40940559.39946023 40940849.40043873 41000977.60331841 41001265.60429016
 41001555.60526866 41001845.60624716 41002135.60722565 41002425.60820415
 41002713.6091759  41003003.6101544  41003294.61113627 41003583.61211139]"	0.0	0.0	0.0
3563.9797342771053	2.0	trials	5.0	0.0	0.0	0.0	0.0	0.0	True	40.0	0.0	0.005	"[41003872.61308651 41004162.61406501 41004453.61504688 41004742.61602201
 41005032.61700051 41005320.61797225 41005610.61895075 41005901.61993262
 41006190.62090775 41006480.62188625 41066530.82450274 41066819.82547787
 41067109.82645637 41067398.82743149 41067689.82841336 41067977.82938512
 41068268.83036698 41068558.83134548 41068847.8323206  41069136.83329573]"	0.0	0.0	0.0
3574.5855428624277	2.0	trials	5.0	0.0	0.0	0.0	0.0	0.0	True	40.0	0.0	0.005	"[41069426.83427422 41069717.83525609 41070006.83623122 41070295.83720634
 41070584.83818147 41070874.83915997 41071165.84014183 41071454.84111696
 41071745.84209883 41072034.84307396 41188379.23563372 41188668.23660884
 41188958.23758734 41189248.23856583 41189537.23954096 41189827.24051946
 41190117.24149796 41190406.24247308 41190695.24344821 41190987.24443345]"	0.0	0.0	0.0
3584.9714627058183	2.0	trials	5.0	0.0	0.0	0.0	0.0	0.0	True	40.0	0.0	0.005	"[41191275.2454052  41191564.24638032 41191854.24735881 41192143.24833395
 41192434.24931581 41192723.25029094 41193013.25126944 41193302.25224456
 41193593.25322644 41193881.25419819 41257877.470129   41258166.47110412
 41258456.47208262 41258746.47306111 41259036.47403961 41259324.47501136
 41259614.47598986 41259905.47697173 41260194.47794686 41260483.47892198]"	0.0	0.0	0.0
3595.2318429256225	2.0	trials	5.0	0.0	0.0	0.0	0.0	0.0	True	40.0	0.0	0.005	"[41260773.47990047 41261063.48087897 41261353.48185747 41261643.48283597
 41261933.48381446 41262221.48478621 41262511.48576471 41262801.48674321
 41263090.48771834 41263379.48869345 41380628.88430681 41380918.8852853
 41381208.8862638  41381497.88723893 41381787.88821743 41382076.88919255
 41382365.89016768 41382656.89114954 41382946.89212804 41383235.89310317]"	0.0	0.0	0.0
3605.0419912262887	2.0	trials	5.0	0.0	0.0	0.0	0.0	0.0	True	40.0	0.0	0.005	"[41383524.89407829 41383815.89506017 41384104.89603528 41384394.89701378
 41384683.89798891 41384973.89896741 41385263.89994591 41385552.90092102
 41385841.90189615 41386131.90287465 41500836.28990084 41501126.29087934
 41501416.29185784 41501706.29283633 41501995.29381146 41502285.29478996
 41502574.29576508 41502864.29674358 41503153.2977187  41503443.2986972 ]"	0.0	0.0	0.0
3615.001698431584	2.0	trials	5.0	0.0	0.0	0.0	0.0	0.0	True	40.0	0.0	0.005	"[41503732.29967232 41504023.30065419 41504313.30163269 41504601.30260444
 41504893.30358969 41505180.30455806 41505471.30553993 41505760.30651506
 41506050.30749355 41506339.30846868 41619591.69059563 41619881.69157413
 41620170.69254925 41620460.69352774 41620750.69450625 41621038.695478
 41621328.69645649 41621618.69743499 41621906.69840674 41622198.69939199]"	0.0	0.0	0.0
3623.527938400183	2.0	trials	5.0	0.0	0.0	0.0	0.0	0.0	True	40.0	0.0	0.005	"[41622486.70036373 41622777.70134561 41623067.70232411 41623356.70329923
 41623646.70427772 41623935.70525286 41624224.70622797 41624515.70720985
 41624804.70818497 41625094.70916346 41733135.07370446 41733425.07468296
 41733714.07565808 41734003.0766332  41734293.07761171 41734583.0785902
 41734872.07956532 41735162.08054382 41735452.08152232 41735741.08249745]"	0.0	0.0	0.0
3630.920088142219	2.0	trials	5.0	0.0	0.0	0.0	0.0	0.0	True	40.0	0.0	0.005	"[41736032.08347931 41736321.08445443 41736611.08543293 41736900.08640806
 41737189.08738318 41737480.08836505 41737769.08934017 41738059.09031868
 41738348.0912938  41738637.09226892 41848409.46265391 41848699.4636324
 41848988.46460753 41849277.46558265 41849568.46656453 41849857.46753965
 41850147.46851814 41850436.46949326 41850727.47047514 41851016.47145026]"	0.0	0.0	0.0
3638.1447077189873	2.0	trials	5.0	0.0	0.0	0.0	0.0	0.0	True	40.0	0.0	0.005	"[41851305.47242538 41851595.47340388 41851884.474379   41852174.47535751
 41852464.476336   41852753.47731112 41853043.47828962 41853333.47926812
 41853623.48024662 41853913.48122511 41947091.79561979 41947381.79659829
 41947671.79757679 41947960.79855191 41948250.7995304  41948540.80050891
 41948829.80148403 41949119.80246252 41949409.80344102 41949698.80441615]"	0.0	0.0	0.0
3646.873901972379	2.0	trials	5.0	0.0	0.0	0.0	0.0	0.0	True	40.0	0.0	0.005	"[41949988.80539464 41950278.80637314 41950567.80734826 41950857.80832676
 41951147.80930526 41951436.81028038 41951726.81125888 41952016.81223737
 41952305.8132125  41952595.814191   42032650.08430359 42032938.08527534
 42033228.08625384 42033519.08723571 42033808.08821083 42034097.08918596
 42034387.09016446 42034676.09113958 42034967.09212144 42035255.09309319]"	0.0	0.0	0.0
3655.106640150665	2.0	trials	5.0	0.0	0.0	0.0	0.0	0.0	True	40.0	0.0	0.005	"[42035546.09407507 42035835.09505019 42036124.09602532 42036414.09700381
 42036704.09798231 42036994.09896081 42037283.09993593 42037573.10091443
 42037862.10188956 42038152.10286805 42116268.36644159 42116557.3674167
 42116848.36839858 42117138.36937708 42117427.37035219 42117717.37133069
 42118005.37230244 42118295.37328094 42118586.37426282 42118875.37523793]"	0.0	0.0	0.0
3662.0959917336104	2.0	trials	5.0	0.0	0.0	0.0	0.0	0.0	True	40.0	0.0	0.005	"[42119165.37621643 42119454.37719156 42119744.37817006 42120033.37914518
 42120322.3801203  42120612.3810988  42120902.3820773  42121191.38305242
 42121481.38403092 42121771.38500942 42217300.70733666 42217588.70830841
 42217879.70929029 42218169.71026879 42218458.71124391 42218747.71221904
 42219036.71319415 42219326.71417265 42219617.71515453 42219905.71612628]"	0.0	0.0	0.0
3667.5140676148753	2.0	trials	5.0	0.0	0.0	0.0	0.0	0.0	True	40.0	0.0	0.005	"[42220195.71710478 42220485.71808327 42220775.71906178 42221064.72003689
 42221355.72101876 42221644.72199389 42221934.72297239 42222223.72394751
 42222512.72492263 42222802.72590113 42312586.02884063 42312876.02981913
 42313165.03079426 42313456.03177612 42313745.03275125 42314035.03372975
 42314325.03470825 42314614.03568336 42314904.03666186 42315193.037637  ]"	0.0	0.0	0.0
3675.1044196256707	2.0	trials	5.0	0.0	0.0	0.0	0.0	0.0	True	40.0	0.0	0.005	"[42315482.03861211 42315773.03959399 42316061.04056574 42316351.04154423
 42316642.0425261  42316932.0435046  42317221.04447973 42317510.04545484
 42317799.04642998 42318090.04741184 42393481.30179087 42393770.302766
 42394060.30374449 42394351.30472635 42394641.30570486 42394929.30667661
 42395219.3076551  42395509.3086336  42395798.30960873 42396087.31058385]"	0.0	0.0	0.0
3682.0345870089204	2.0	trials	5.0	0.0	0.0	0.0	0.0	0.0	True	40.0	0.0	0.005	"[42396377.31156234 42396666.31253748 42396956.31351597 42397247.31449784
 42397537.31547634 42397826.31645146 42398116.31742997 42398405.31840508
 42398695.31938358 42398983.32035533 42456191.51338255 42456480.51435768
 42456770.51533617 42457061.51631805 42457350.51729317 42457639.51826829
 42457929.51924679 42458218.52022191 42458508.52120041 42458797.52217554]"	0.0	0.0	0.0
3690.0143451336216	2.0	trials	5.0	0.0	0.0	0.0	0.0	0.0	True	40.0	0.0	0.005	"[42459087.52315404 42459377.52413253 42459667.52511103 42459955.52608278
 42460246.52706465 42460535.52803978 42460825.52901827 42461115.52999677
 42461404.53097189 42461694.53195039 42544040.80979649 42544331.81077836
 42544619.81175011 42544910.81273198 42545199.81370711 42545489.8146856
 42545780.81566747 42546069.81664259 42546359.8176211  42546649.81859959]"	0.0	0.0	0.0
3697.7004286674264	2.0	trials	5.0	0.0	0.0	0.0	0.0	0.0	True	40.0	0.0	0.005	"[42546937.81957134 42547227.82054984 42547517.82152834 42547805.82250009
 42548096.82348196 42548386.82446045 42548675.82543558 42548964.8264107
 42549255.82739257 42549544.8283677  42624253.08044219 42624542.08141731
 42624833.08239919 42625121.08337094 42625411.08434943 42625700.08532456
 42625991.08630643 42626281.08728493 42626570.08826005 42626860.08923855]"	0.0	0.0	0.0
3705.7104268941616	2.0	trials	5.0	0.0	0.0	0.0	0.0	0.0	True	40.0	0.0	0.005	"[42627150.09021705 42627438.0911888  42627729.09217067 42628018.09314579
 42628308.09412429 42628597.09509941 42628887.09607791 42629176.09705303
 42629466.09803153 42629755.09900665 42716611.39207008 42716901.39304857
 42717189.39402033 42717480.3950022  42717770.39598069 42718059.39695581
 42718348.39793094 42718637.39890607 42718928.39988794 42719217.40086306]"	0.0	0.0	0.0
3711.428657388185	2.0	trials	5.0	0.0	0.0	0.0	0.0	0.0	True	40.0	0.0	0.005	"[42719507.40184156 42719796.40281668 42720085.40379181 42720375.4047703
 42720666.40575217 42720956.40673067 42721245.40770579 42721535.40868429
 42721824.40965942 42722115.41064129 42805570.69222929 42805859.69320442
 42806149.69418292 42806438.69515804 42806728.69613654 42807017.69711167
 42807308.69809353 42807597.69906865 42807886.70004378 42808176.70102228]"	0.0	0.0	0.0
3718.4670843367167	2.0	trials	5.0	0.0	0.0	0.0	0.0	0.0	True	40.0	0.0	0.005	"[42808466.70200077 42808755.7029759  42809045.7039544  42809336.70493627
 42809625.70591139 42809914.70688652 42810204.70786501 42810493.70884014
 42810784.70982201 42811073.71079713 42898278.00503475 42898569.00601663
 42898858.00699175 42899146.0079635  42899436.008942   42899727.00992386
 42900016.01089899 42900306.01187749 42900596.01285598 42900886.01383448]"	0.0	0.0	0.0
3723.8545745147817	2.0	trials	5.0	0.0	0.0	0.0	0.0	0.0	True	40.0	0.0	0.005	"[42901174.01480623 42901464.01578473 42901755.0167666  42902044.01774172
 42902332.01871347 42902624.01969872 42902913.02067384 42903202.02164897
 42903492.02262747 42903781.02360259 42964462.22834817 42964752.22932666
 42965040.23029841 42965331.23128028 42965621.23225878 42965909.23323053
 42966200.2342124  42966490.2351909  42966779.23616602 42967069.23714452]"	0.0	0.0	0.0
3731.3428877812853	2.0	trials	5.0	0.0	0.0	0.0	0.0	0.0	True	40.0	0.0	0.005	"[42967359.23812302 42967648.23909814 42967937.24007326 42968228.24105514
 42968517.24203026 42968806.24300538 42969096.24398389 42969386.24496238
 42969675.2459375  42969965.246916   43045925.50321491 43046215.5041934
 43046504.50516853 43046793.50614364 43047084.50712552 43047373.50810064
 43047662.50907577 43047953.51005764 43048242.51103276 43048532.51201126]"	0.0	0.0	0.0
3736.5625885932077	2.0	trials	5.0	0.0	0.0	0.0	0.0	0.0	True	40.0	0.0	0.005	"[43048822.51298976 43049110.51396151 43049401.51494338 43049691.51592188
 43049980.516897   43050269.51787212 43050559.51885062 43050850.51983249
 43051139.52080762 43051429.52178612 43108280.71360878 43108569.7145839
 43108859.71556239 43109148.71653751 43109438.71751602 43109727.71849114
 43110018.71947301 43110307.72044813 43110597.72142664 43110886.72240176]"	0.0	0.0	0.0
3744.7948947700365	2.0	trials	5.0	0.0	0.0	0.0	0.0	0.0	True	40.0	0.0	0.005	"[43111177.72338362 43111465.72435537 43111756.72533725 43112045.72631237
 43112336.72729424 43112625.72826936 43112914.72924449 43113203.73021962
 43113494.73120148 43113783.7321766  43194950.00604124 43195239.00701636
 43195530.00799823 43195819.00897335 43196110.00995523 43196399.01093035
 43196688.01190547 43196977.01288059 43197267.01385909 43197557.01483759]"	0.0	0.0	0.0
3751.2860622720464	2.0	trials	5.0	0.0	0.0	0.0	0.0	0.0	True	40.0	0.0	0.005	"[43197847.01581609 43198136.01679121 43198425.01776633 43198717.01875158
 43199005.01972333 43199294.02069846 43199585.02168033 43199874.02265545
 43200163.02363057 43200453.02460907 43255364.20988592 43255654.21086441
 43255943.21183953 43256233.21281804 43256522.21379316 43256812.21477165
 43257103.21575353 43257391.21672527 43257682.21770715 43257971.21868227]"	0.0	0.0	0.0
3759.0630389125367	2.0	trials	5.0	0.0	0.0	0.0	0.0	0.0	True	40.0	0.0	0.005	"[43258260.21965739 43258549.22063252 43258840.22161439 43259129.22258952
 43259419.22356801 43259708.22454313 43259998.22552163 43260287.22649676
 43260577.22747526 43260867.22845375 43350645.53137638 43350936.53235825
 43351224.53333    43351515.53431188 43351804.535287   43352094.53626549
 43352382.53723724 43352673.53821912 43352962.53919424 43353252.54017274]"	0.0	0.0	0.0
3768.0508292384634	2.0	trials	5.0	0.0	0.0	0.0	0.0	0.0	True	40.0	0.0	0.005	"[43353542.54115124 43353832.54212973 43354122.54310823 43354410.54407998
 43354699.54505511 43354990.54603697 43355279.54701211 43355569.5479906
 43355858.54896572 43356148.54994422 43425774.78487138 43426063.78584651
 43426353.78682501 43426642.78780013 43426933.78878201 43427222.78975713
 43427511.79073225 43427802.79171412 43428092.79269262 43428380.79366437]"	0.0	0.0	0.0
3775.3258201851922	2.0	trials	5.0	0.0	0.0	0.0	0.0	0.0	True	40.0	0.0	0.005	"[43428671.79464624 43428959.79561799 43429249.79659648 43429539.79757499
 43429829.79855348 43430118.7995286  43430409.80051047 43430699.80148898
 43430987.80246073 43431277.80343922 43515785.08857682 43516076.08955869
 43516365.09053381 43516654.09150893 43516944.09248743 43517234.09346593
 43517524.09444442 43517813.09541955 43518102.09639467 43518392.09737317]"	0.0	0.0	0.0
3780.7476976792836	2.0	trials	5.0	0.0	0.0	0.0	0.0	0.0	True	40.0	0.0	0.005	"[43518682.09835167 43518972.09933016 43519260.10030191 43519551.10128379
 43519840.10225891 43520130.10323741 43520420.10421591 43520710.1051944
 43521000.1061729  43521289.10714802 43619811.43957405 43620101.44055255
 43620390.44152766 43620680.44250616 43620970.44348466 43621259.44445979
 43621548.44543491 43621839.44641678 43622128.4473919  43622417.44836703]"	0.0	0.0	0.0
3788.277051084262	2.0	trials	5.0	0.0	0.0	0.0	0.0	0.0	True	40.0	0.0	0.005	"[43622709.44935228 43622997.45032403 43623288.4513059  43623577.45228102
 43623866.45325615 43624156.45423464 43624445.45520977 43624735.45618826
 43625024.45716339 43625315.45814526 43704011.72367578 43704301.72465428
 43704590.7256294  43704880.7266079  43705170.7275864  43705460.7285649
 43705750.7295434  43706040.73052189 43706329.73149701 43706619.73247551]"	0.0	0.0	0.0
3796.0078899690784	2.0	trials	5.0	0.0	0.0	0.0	0.0	0.0	True	40.0	0.0	0.005	"[43706909.733454   43707198.73442914 43707487.73540426 43707777.73638275
 43708066.73735788 43708355.73833299 43708645.7393115  43708936.74029338
 43709226.74127187 43709515.74224699 43766765.93541592 43767054.93639105
 43767343.93736617 43767633.93834467 43767924.93932655 43768214.94030504
 43768503.94128016 43768793.94225866 43769081.94323041 43769372.94421229]"	0.0	0.0	0.0
3802.8095801188297	2.0	trials	5.0	0.0	0.0	0.0	0.0	0.0	True	40.0	0.0	0.005	"[43769661.9451874  43769951.9461659  43770241.9471444  43770530.94811953
 43770819.94909465 43771110.95007652 43771400.95105502 43771689.95203014
 43771977.95300189 43772268.95398376 43853910.2294511  43854200.2304296
 43854490.2314081  43854779.23238321 43855069.23336171 43855359.23434021
 43855648.23531534 43855937.23629046 43856227.23726896 43856516.23824409]"	0.0	0.0	0.0
3810.9214442892726	2.0	trials	5.0	0.0	0.0	0.0	0.0	0.0	True	40.0	0.0	0.005	"[43856807.23922595 43857097.24020445 43857386.24117957 43857675.2421547
 43857965.24313319 43858255.24411169 43858545.24509019 43858834.24606532
 43859124.24704381 43859414.24802231 43943387.53135812 43943676.53233325
 43943966.53331174 43944257.53429361 43944545.53526536 43944835.53624386
 43945125.53722236 43945415.53820085 43945705.53917935 43945994.54015448]"	0.0	0.0	0.0
3819.0536989285156	2.0	trials	5.0	0.0	0.0	0.0	0.0	0.0	True	40.0	0.0	0.005	"[43946284.54113297 43946574.54211147 43946864.54308996 43947152.54406171
 43947442.54504022 43947732.54601871 43948021.54699383 43948312.5479757
 43948602.54895421 43948891.54992933 44022110.79697975 44022400.79795824
 44022690.79893674 44022979.79991186 44023269.80089036 44023558.80186548
 44023848.80284398 44024139.80382586 44024427.8047976  44024717.8057761 ]"	0.0	0.0	0.0
3825.12375140963	2.0	trials	5.0	0.0	0.0	0.0	0.0	0.0	True	40.0	0.0	0.005	"[44025007.8067546  44025296.80772973 44025587.80871159 44025875.80968334
 44026165.81066184 44026454.81163696 44026744.81261546 44027034.81359396
 44027323.81456908 44027613.81554758 44115999.11377005 44116289.11474854
 44116579.11572704 44116867.11669879 44117157.11767729 44117447.11865579
 44117737.11963429 44118026.1206094  44118317.12159128 44118605.12256303]"	0.0	0.0	0.0
3834.195782019795	2.0	trials	5.0	0.0	0.0	0.0	0.0	0.0	True	40.0	0.0	0.005	"[44118896.1235449  44119184.12451665 44119474.12549515 44119764.12647364
 44120054.12745214 44120344.12843064 44120633.12940577 44120922.13038089
 44121213.13136276 44121503.13234126 44210123.43135665 44210411.4323284
 44210702.43331027 44210990.43428201 44211281.43526389 44211569.43623564
 44211860.43721751 44212150.438196   44212439.43917113 44212728.44014625]"	0.0	0.0	0.0
3843.269713436372	2.0	trials	5.0	0.0	0.0	0.0	0.0	0.0	True	40.0	0.0	0.005	"[44213018.44112475 44213308.44210325 44213596.443075   44213887.44405687
 44214178.44503874 44214467.44601387 44214757.44699237 44215046.44796748
 44215335.44894261 44215624.44991773 44280376.66839939 44280666.66937789
 44280955.67035302 44281246.67133489 44281535.67231001 44281824.67328513
 44282114.67426363 44282404.67524213 44282694.67622063 44282983.67719575]"	0.0	0.0	0.0
3879.0186116576197	2.0	trials	6.0	0.0	0.0	0.0	0.0	0.0	True	40.0	0.0	0.005	"[44283272.67817087 44283562.67914937 44283852.68012787 44284142.68110636
 44284431.68208149 44284721.68305999 44285010.68403511 44285300.68501361
 44285590.6859921  44285879.68696723 44385376.02267966 44385666.02365816
 44385957.02464002 44386246.02561515 44386535.02659027 44386825.02756876
 44387115.02854726 44387404.02952239 44387694.03050089 44387984.03147938]"	0.0	0.0	0.0
3885.5941058441576	2.0	trials	6.0	0.0	0.0	0.0	0.0	0.0	True	40.0	0.0	0.005	"[44388274.03245789 44388564.03343638 44388853.0344115  44389142.03538663
 44389432.03636513 44389721.03734025 44390012.03832212 44390302.03930061
 44390591.04027575 44390881.04125424 44490400.37704427 44490689.37801939
 44490979.37899789 44491268.37997302 44491557.38094813 44491848.38193001
 44492138.38290851 44492426.38388026 44492717.38486212 44493007.38584062]"	0.0	0.0	0.0
3891.834366899578	2.0	trials	6.0	0.0	0.0	0.0	0.0	0.0	True	40.0	0.0	0.005	"[44493296.38681574 44493586.38779425 44493876.38877274 44494165.38974787
 44494454.39072299 44494745.39170486 44495034.39267999 44495325.39366186
 44495614.39463698 44495904.39561548 44904159.77311749 44904448.77409261
 44904738.77507111 44905028.77604961 44905318.77702811 44905607.77800323
 44905896.77897836 44906186.77995685 44906476.78093535 44906766.78191385]"	0.0	0.0	0.0
3898.728159760095	2.0	trials	6.0	0.0	0.0	0.0	0.0	0.0	True	40.0	0.0	0.005	"[44907056.78289235 44907345.78386746 44907635.78484597 44907924.7858211
 44908214.78679959 44908503.78777471 44908793.78875321 44909083.7897317
 44909372.79070683 44909662.79168533 44980266.02990902 44980555.03088415
 44980845.03186264 44981135.03284114 44981424.03381626 44981715.03479814
 44982005.03577663 44982293.03674838 44982583.03772688 44982872.038702  ]"	0.0	0.0	0.0
3907.353760063948	2.0	trials	6.0	0.0	0.0	0.0	0.0	0.0	True	40.0	0.0	0.005	"[44983163.03968388 44983452.040659   44983741.04163412 44984032.04261599
 44984321.04359112 44984610.04456624 44984900.04554474 44985189.04651986
 44985479.04749836 44985770.04848023 45052492.27360892 45052780.27458067
 45053070.27555917 45053360.27653767 45053650.27751616 45053939.27849129
 45054229.27946979 45054519.28044828 45054808.2814234  45055097.28239853]"	0.0	0.0	0.0
3912.9913790859796	2.0	trials	6.0	0.0	0.0	0.0	0.0	0.0	True	40.0	0.0	0.005	"[45055387.28337703 45055677.28435553 45055967.28533402 45056257.28631252
 45056546.28728765 45056835.28826277 45057125.28924126 45057414.29021639
 45057705.29119826 45057994.29217339 45132279.54282063 45132569.54379912
 45132859.54477762 45133148.54575274 45133439.54673462 45133727.54770637
 45134018.54868823 45134306.54965998 45134596.55063848 45134886.55161697]"	0.0	0.0	0.0
3920.5984063530395	2.0	trials	6.0	0.0	0.0	0.0	0.0	0.0	True	40.0	0.0	0.005	"[45135175.5525921  45135466.55357397 45135755.5545491  45136045.5555276
 45136335.55650609 45136625.5574846  45136913.55845634 45137203.55943484
 45137492.56040996 45137783.56139184 45232113.8796735  45232402.88064863
 45232691.88162375 45232982.88260562 45233270.88357737 45233560.88455587
 45233851.88553774 45234140.88651286 45234429.88748799 45234720.88846986]"	0.0	0.0	0.0
3929.7207219328716	2.0	trials	6.0	0.0	0.0	0.0	0.0	0.0	True	40.0	0.0	0.005	"[45235008.88944161 45235298.89042011 45235588.8913986  45235878.8923771
 45236168.8933556  45236457.89433073 45236747.89530922 45237036.89628434
 45237325.89725947 45237616.89824134 45297362.09982873 45297654.10081398
 45297944.10179247 45298232.10276422 45298522.10374273 45298812.10472122
 45299102.10569972 45299391.10667484 45299681.10765333 45299971.10863183]"	0.0	0.0	0.0
3936.9739400061344	2.0	trials	6.0	0.0	0.0	0.0	0.0	0.0	True	40.0	0.0	0.005	"[45300260.10960696 45300549.11058208 45300840.11156396 45301130.11254245
 45301419.11351757 45301709.11449607 45301998.11547119 45302287.11644632
 45302578.11742819 45302867.11840331 45385408.39690737 45385697.39788249
 45385986.39885762 45386277.39983948 45386566.40081461 45386855.40178973
 45387146.40277161 45387435.40374672 45387725.40472522 45388015.40570372]"	0.0	0.0	0.0
3943.818657501067	2.0	trials	6.0	0.0	0.0	0.0	0.0	0.0	True	40.0	0.0	0.005	"[45388304.40667885 45388594.40765735 45388883.40863246 45389173.40961096
 45389463.41058946 45389753.41156796 45390042.41254308 45390331.41351821
 45390621.4144967  45390911.4154752  45490989.75315137 45491279.75412987
 45491569.75510836 45491858.75608349 45492148.75706199 45492438.75804048
 45492728.75901899 45493017.7599941  45493306.76096923 45493597.7619511 ]"	0.0	0.0	0.0
3950.1908518016453	2.0	trials	6.0	0.0	0.0	0.0	0.0	0.0	True	40.0	0.0	0.005	"[45493886.76292623 45494175.76390135 45494466.76488322 45494755.76585834
 45495045.76683684 45495334.76781197 45495624.76879046 45495913.76976559
 45496204.77074746 45496492.77171921 45574939.0364062  45575229.0373847
 45575518.03835982 45575808.03933832 45576098.04031682 45576387.04129194
 45576677.04227044 45576967.04324893 45577256.04422406 45577547.04520593]"	0.0	0.0	0.0
3955.518812178849	2.0	trials	6.0	0.0	0.0	0.0	0.0	0.0	True	40.0	0.0	0.005	"[45577836.04618105 45578125.04715618 45578415.04813468 45578705.04911317
 45578994.05008829 45579284.05106679 45579574.05204529 45579863.05302041
 45580152.05399554 45580442.05497403 45654161.30371151 45654450.30468664
 45654740.30566514 45655030.30664364 45655319.30761876 45655609.30859725
 45655899.30957576 45656188.31055088 45656478.31152938 45656767.31250449]"	0.0	0.0	0.0
3963.0731352680787	2.0	trials	6.0	0.0	0.0	0.0	0.0	0.0	True	40.0	0.0	0.005	"[45657057.313483   45657347.31446149 45657637.31543999 45657926.31641512
 45658216.31739361 45658505.31836874 45658796.31935061 45659085.32032573
 45659374.32130086 45659665.32228273 45727912.55255697 45728202.55353547
 45728492.55451396 45728782.55549246 45729071.55646758 45729361.55744608
 45729650.55842121 45729941.55940308 45730229.56037483 45730519.56135333]"	0.0	0.0	0.0
3969.4944913345357	2.0	trials	6.0	0.0	0.0	0.0	0.0	0.0	True	40.0	0.0	0.005	"[45730808.56232845 45731099.56331032 45731388.56428544 45731678.56526394
 45731968.56624244 45732258.56722094 45732548.56819943 45732836.56917118
 45733126.57014968 45733415.57112481 45789579.76062943 45789867.76160118
 45790158.76258305 45790447.76355818 45790737.76453667 45791026.7655118
 45791316.7664903  45791605.76746542 45791896.76844729 45792185.76942241]"	0.0	0.0	0.0
3977.3715195126124	2.0	trials	6.0	0.0	0.0	0.0	0.0	0.0	True	40.0	0.0	0.005	"[45792474.77039754 45792763.77137266 45793054.77235454 45793344.77333303
 45793634.77431154 45793922.77528328 45794213.77626515 45794502.77724027
 45794791.7782154  45795082.77919727 45877014.0556431  45877304.0566216
 45877593.05759673 45877883.05857522 45878173.05955372 45878462.06052884
 45878751.06150397 45879041.06248247 45879330.06345759 45879621.06443946]"	0.0	0.0	0.0
3984.9794107825874	2.0	trials	6.0	0.0	0.0	0.0	0.0	0.0	True	40.0	0.0	0.005	"[45879910.06541459 45880201.06639646 45880490.06737158 45880780.06835008
 45881069.0693252  45881358.07030033 45881648.07127882 45881937.07225394
 45882228.07323582 45882517.07421094 45951334.30640844 45951624.30738693
 45951915.3083688  45952203.30934055 45952493.31031905 45952783.31129755
 45953072.31227268 45953362.31325117 45953652.31422967 45953942.31520817]"	0.0	0.0	0.0
3991.718547121275	2.0	trials	6.0	0.0	0.0	0.0	0.0	0.0	True	40.0	0.0	0.005	"[45954231.31618329 45954520.31715842 45954811.31814028 45955101.31911878
 45955390.32009391 45955679.32106903 45955969.32204752 45956258.32302265
 45956549.32400452 45956837.32497627 46042504.61402785 46042793.61500298
 46043083.61598147 46043372.6169566  46043662.61793509 46043952.6189136
 46044241.61988872 46044531.62086722 46044820.62184234 46045110.62282083]"	0.0	0.0	0.0
3997.3335292669262	2.0	trials	6.0	0.0	0.0	0.0	0.0	0.0	True	40.0	0.0	0.005	"[46045400.62379934 46045689.62477446 46045979.62575296 46046269.62673146
 46046558.62770658 46046848.62868507 46047138.62966357 46047428.63064206
 46047717.6316172  46048007.6325957  46130558.91113348 46130847.91210861
 46131136.91308373 46131427.91406561 46131716.91504073 46132005.91601586
 46132296.91699772 46132585.91797285 46132875.91895135 46133164.91992646]"	0.0	0.0	0.0
4006.394500639775	2.0	trials	6.0	0.0	0.0	0.0	0.0	0.0	True	40.0	0.0	0.005	"[46133454.92090496 46133743.92188009 46134034.92286196 46134323.92383709
 46134613.92481558 46134903.92579408 46135192.9267692  46135482.9277477
 46135772.9287262  46136060.92969795 46208558.17431224 46208848.17529073
 46209137.17626586 46209426.17724098 46209716.17821948 46210006.17919798
 46210295.18017311 46210585.1811516  46210874.18212672 46211164.18310522]"	0.0	0.0	0.0
4013.1758867210183	2.0	trials	6.0	0.0	0.0	0.0	0.0	0.0	True	40.0	0.0	0.005	"[46211454.18408372 46211743.18505885 46212033.18603735 46212322.18701246
 46212612.18799096 46212901.18896609 46213192.18994796 46213481.19092309
 46213771.19190158 46214061.19288008 46273545.39358682 46273836.39456869
 46274126.39554718 46274414.39651893 46274704.39749744 46274995.39847931
 46275284.39945443 46275574.40043292 46275863.40140805 46276152.40238318]"	0.0	0.0	0.0
4022.216122023901	2.0	trials	6.0	0.0	0.0	0.0	0.0	0.0	True	40.0	0.0	0.005	"[46276443.40336505 46276732.40434017 46277022.40531867 46277312.40629716
 46277601.40727229 46277891.40825079 46278181.40922929 46278470.41020441
 46278759.41117954 46279049.41215803 46378418.74744194 46378707.74841706
 46378997.74939556 46379287.75037406 46379576.75134918 46379866.75232768
 46380156.75330617 46380445.7542813  46380735.7552598  46381025.7562383 ]"	0.0	0.0	0.0
4030.2281938576325	2.0	trials	6.0	0.0	0.0	0.0	0.0	0.0	True	40.0	0.0	0.005	"[46381314.75721342 46381603.75818855 46381893.75916704 46382183.76014554
 46382472.76112066 46382762.76209915 46383051.76307428 46383342.76405615
 46383631.76503128 46383920.7660064  46456906.01226727 46457195.01324239
 46457486.01422427 46457775.01519939 46458064.01617451 46458355.01715638
 46458644.0181315  46458933.01910663 46459224.0200885  46459513.02106363]"	0.0	0.0	0.0
4035.4283682036707	2.0	trials	6.0	0.0	0.0	0.0	0.0	0.0	True	40.0	0.0	0.005	"[46459802.02203875 46460092.02301725 46460382.02399574 46460672.02497424
 46460961.02594937 46461251.02692787 46461540.02790298 46461831.02888486
 46462119.02985661 46462409.03083511 46561538.36530923 46561828.36628772
 46562117.36726285 46562407.36824135 46562697.36921984 46562986.37019496
 46563276.37117346 46563565.37214859 46563856.37313046 46564144.37410221]"	0.0	0.0	0.0
4042.2913161601136	2.0	trials	6.0	0.0	0.0	0.0	0.0	0.0	True	40.0	0.0	0.005	"[46564434.3750807  46564724.3760592  46565015.37704107 46565303.37801283
 46565593.37899132 46565882.37996645 46566173.38094832 46566463.38192682
 46566752.38290194 46567041.38387706 46654270.67819904 46654560.67917753
 46654849.68015266 46655139.68113115 46655429.68210965 46655718.68308478
 46656008.68406327 46656298.68504177 46656587.68601689 46656877.68699539]"	0.0	0.0	0.0
4047.427467890131	2.0	trials	6.0	0.0	0.0	0.0	0.0	0.0	True	40.0	0.0	0.005	"[46657167.68797389 46657456.68894901 46657746.68992751 46658036.69090601
 46658326.6918845  46658615.69285963 46658905.69383813 46659194.69481325
 46659483.69578838 46659774.69677024 46714458.88128116 46714748.88225967
 46715036.88323142 46715326.88420991 46715615.88518503 46715905.88616353
 46716196.88714541 46716485.88812052 46716774.88909565 46717063.89007077]"	0.0	0.0	0.0
4054.8498577342016	2.0	trials	6.0	0.0	0.0	0.0	0.0	0.0	True	40.0	0.0	0.005	"[46717354.89105265 46717643.89202777 46717932.89300289 46718222.89398139
 46718513.89496326 46718803.89594176 46719092.89691688 46719381.89789201
 46719671.89887051 46719960.89984563 46793890.14929167 46794180.15027017
 46794469.1512453  46794759.15222379 46795048.15319891 46795339.15418079
 46795628.15515591 46795917.15613104 46796208.1571129  46796497.15808803]"	0.0	0.0	0.0
4062.331604578549	2.0	trials	6.0	0.0	0.0	0.0	0.0	0.0	True	40.0	0.0	0.005	"[46796786.15906316 46797077.16004502 46797366.16102015 46797655.16199527
 46797946.16297715 46798234.16394889 46798525.16493076 46798815.16590926
 46799104.16688439 46799393.16785951 46853336.3498702  46853627.35085207
 46853916.3518272  46854205.35280231 46854495.35378081 46854786.35476269
 46855074.35573444 46855365.35671631 46855654.35769143 46855943.35866655]"	0.0	0.0	0.0
4069.417983688877	2.0	trials	6.0	0.0	0.0	0.0	0.0	0.0	True	40.0	0.0	0.005	"[46856233.35964505 46856523.36062355 46856812.36159868 46857102.36257717
 46857392.36355567 46857682.36453417 46857972.36551266 46858261.36648779
 46858551.36746629 46858840.36844141 46939244.63973495 46939533.64071007
 46939823.64168856 46940113.64266706 46940403.64364556 46940691.64461731
 46940981.6455958  46941272.64657768 46941560.64754943 46941850.64852793]"	0.0	0.0	0.0
4075.7237361652737	2.0	trials	6.0	0.0	0.0	0.0	0.0	0.0	True	40.0	0.0	0.005	"[46942140.64950643 46942430.65048492 46942719.65146004 46943009.65243854
 46943298.65341367 46943588.65439217 46943878.65537066 46944168.65634917
 46944458.65732766 46944746.65829941 47025838.93191434 47026127.93288947
 47026417.93386797 47026706.93484309 47026996.93582159 47027285.93679671
 47027575.93777521 47027866.93875708 47028154.93972883 47028444.94070733]"	0.0	0.0	0.0
4083.2067790139945	2.0	trials	6.0	0.0	0.0	0.0	0.0	0.0	True	40.0	0.0	0.005	"[47028733.94168245 47029024.94266433 47029313.94363945 47029602.94461457
 47029893.94559644 47030182.94657157 47030472.94755007 47030761.94852519
 47031050.94950031 47031340.95047881 47107856.20865036 47108147.20963223
 47108435.21060397 47108725.21158247 47109014.2125576  47109304.21353609
 47109595.21451797 47109884.21549309 47110173.21646822 47110463.21744671]"	0.0	0.0	0.0
4088.858567683835	2.0	trials	6.0	0.0	0.0	0.0	0.0	0.0	True	40.0	0.0	0.005	"[47110752.21842183 47111042.21940033 47111331.22037546 47111621.22135396
 47111911.22233246 47112200.22330757 47112491.22428945 47112780.22526457
 47113070.22624306 47113360.22722156 47180840.45490785 47181129.45588297
 47181419.45686147 47181709.45783997 47181998.45881509 47182288.45979358
 47182578.46077209 47182868.46175058 47183157.46272571 47183447.46370421]"	0.0	0.0	0.0
4095.2424260237703	2.0	trials	6.0	0.0	0.0	0.0	0.0	0.0	True	40.0	0.0	0.005	"[47183737.46468271 47184026.46565783 47184315.46663295 47184605.46761145
 47184895.46858995 47185184.46956507 47185474.47054356 47185764.47152206
 47186054.47250056 47186343.47347569 47267448.74713449 47267739.74811636
 47268028.74909148 47268317.75006661 47268606.75104173 47268896.75202023
 47269186.75299872 47269477.75398059 47269765.75495235 47270055.75593085]"	0.0	0.0	0.0
4102.976202518498	2.0	trials	6.0	0.0	0.0	0.0	0.0	0.0	True	40.0	0.0	0.005	"[47270344.75690597 47270635.75788784 47270923.75885959 47271213.75983809
 47271503.76081659 47271793.76179508 47272082.76277021 47272372.76374871
 47272663.76473057 47272951.76570232 47332863.9678532  47333152.96882832
 47333441.96980344 47333732.97078531 47334020.97175706 47334311.97273894
 47334601.97371743 47334890.97469256 47335179.97566768 47335470.97664955]"	0.0	0.0	0.0
4110.886322008229	2.0	trials	6.0	0.0	0.0	0.0	0.0	0.0	True	40.0	0.0	0.005	"[47335758.9776213  47336049.97860317 47336338.97957829 47336628.98055679
 47336918.98153529 47337207.98251041 47337497.98348891 47337786.98446403
 47338076.98544253 47338366.98642103 47406751.21715753 47407040.21813265
 47407331.21911453 47407619.22008627 47407909.22106477 47408199.22204327
 47408488.22301839 47408777.22399351 47409068.22497539 47409357.22595051]"	0.0	0.0	0.0
4118.290222189912	2.0	trials	6.0	0.0	0.0	0.0	0.0	0.0	True	40.0	0.0	0.005	"[47409648.22693238 47409936.22790413 47410227.22888601 47410516.22986113
 47410806.23083963 47411095.23181475 47411385.23279325 47411674.23376837
 47411964.23474687 47412254.23572537 47496262.51917927 47496551.52015439
 47496841.52113289 47497130.522108   47497420.52308651 47497710.52406501
 47497999.52504013 47498290.52602199 47498579.52699713 47498869.52797563]"	0.0	0.0	0.0
4126.174075991021	2.0	trials	6.0	0.0	0.0	0.0	0.0	0.0	True	40.0	0.0	0.005	"[47499158.52895074 47499448.52992924 47499738.53090775 47500027.53188287
 47500318.53286473 47500607.53383985 47500896.53481498 47501186.53579348
 47501475.53676861 47501766.53775048 47587814.8280876  47588103.82906272
 47588393.83004122 47588682.83101634 47588972.83199484 47589262.83297335
 47589551.83394846 47589842.83493034 47590131.83590546 47590421.83688396]"	0.0	0.0	0.0
4131.764174852712	2.0	trials	6.0	0.0	0.0	0.0	0.0	0.0	True	40.0	0.0	0.005	"[47590711.83786246 47591001.83884096 47591289.8398127  47591579.8407912
 47591869.8417697  47592158.84274483 47592449.84372669 47592738.84470182
 47593027.84567694 47593318.8466588  47673508.11722691 47673797.11820203
 47674086.11917716 47674377.12015903 47674666.12113416 47674956.12211265
 47675245.12308777 47675534.1240629  47675825.12504477 47676114.1260199 ]"	0.0	0.0	0.0
4139.642153433995	2.0	trials	6.0	0.0	0.0	0.0	0.0	0.0	True	40.0	0.0	0.005	"[47676404.12699839 47676693.12797353 47676983.12895201 47677272.12992714
 47677563.13090901 47677853.13188751 47678143.132866   47678431.13383775
 47678721.13481625 47679011.13579474 47764756.42510951 47765046.42608801
 47765334.42705975 47765624.42803825 47765914.42901675 47766204.42999525
 47766495.43097713 47766783.43194887 47767072.43292399 47767363.43390588]"	0.0	0.0	0.0
4145.445661015755	2.0	trials	6.0	0.0	0.0	0.0	0.0	0.0	True	40.0	0.0	0.005	"[47767653.43488437 47767942.43585949 47768231.43683462 47768521.43781311
 47768811.43879161 47769101.43977011 47769390.44074523 47769680.44172373
 47769969.44269886 47770258.44367398 47829456.64341571 47829745.64439085
 47830034.64536597 47830324.64634445 47830614.64732295 47830904.64830147
 47831193.64927658 47831483.65025508 47831772.65123021 47832063.65221208]"	0.0	0.0	0.0
4150.790383049514	2.0	trials	6.0	0.0	0.0	0.0	0.0	0.0	True	40.0	0.0	0.005	"[47832352.65318719 47832641.65416232 47832931.65514082 47833221.65611932
 47833510.65709445 47833800.65807294 47834090.65905143 47834379.66002655
 47834668.66100167 47834959.66198356 47920636.95106888 47920925.952044
 47921215.9530225  47921505.954001   47921794.95497612 47922084.95595461
 47922374.95693312 47922665.95791499 47922953.95888674 47923243.95986523]"	0.0	0.0	0.0
4157.217095934046	2.0	trials	6.0	0.0	0.0	0.0	0.0	0.0	True	40.0	0.0	0.005	"[47923532.96084036 47923821.96181548 47924112.96279734 47924401.96377248
 47924691.96475098 47924981.96572948 47925271.96670797 47925560.9676831
 47925850.96866158 47926139.96963672 47987806.17770582 47988096.1786843
 47988385.17965943 47988675.18063792 47988965.18161643 47989255.18259493
 47989544.18357004 47989833.18454517 47990124.18552703 47990414.18650554]"	0.0	0.0	0.0
4165.10699775556	2.0	trials	6.0	0.0	0.0	0.0	0.0	0.0	True	40.0	0.0	0.005	"[47990703.18748066 47990993.18845916 47991282.18943428 47991573.19041616
 47991861.19138791 47992151.19236641 47992440.19334152 47992730.19432002
 47993020.19529852 47993310.19627702 48049666.38642947 48049956.38740797
 48050245.3883831  48050535.3893616  48050825.3903401  48051115.39131859
 48051404.39229371 48051693.39326884 48051983.39424734 48052273.39522584]"	0.0	0.0	0.0
4172.7014969803495	2.0	trials	6.0	0.0	0.0	0.0	0.0	0.0	True	40.0	0.0	0.005	"[48052563.39620434 48052852.39717946 48053143.39816133 48053431.39913308
 48053721.40011157 48054011.40109008 48054300.4020652  48054589.40304032
 48054880.40402219 48055170.40500069 48124049.63740738 48124339.63838588
 48124628.63936101 48124919.64034287 48125208.64131799 48125498.64229649
 48125787.64327162 48126076.64424673 48126366.64522523 48126657.64620711]"	0.0	0.0	0.0
4180.040596943389	2.0	trials	6.0	0.0	0.0	0.0	0.0	0.0	True	40.0	0.0	0.005	"[48126945.64717886 48127235.64815736 48127525.64913585 48127815.65011435
 48128105.65109286 48128393.6520646  48128683.6530431  48128973.6540216
 48129263.6550001  48129553.65597859 48215367.94552618 48215656.94650129
 48215946.94747979 48216236.94845829 48216527.94944016 48216815.95041192
 48217106.95139378 48217395.9523689  48217684.95334403 48217974.95432253]"	0.0	0.0	0.0
4186.027273143181	2.0	trials	6.0	0.0	0.0	0.0	0.0	0.0	True	40.0	0.0	0.005	"[48218263.95529766 48218553.95627616 48218843.95725464 48219133.95823314
 48219422.95920827 48219711.96018338 48220001.96116188 48220291.9621404
 48220581.9631189  48220871.96409738 48303267.24210881 48303556.24308394
 48303845.24405907 48304136.24504093 48304426.24601943 48304716.24699794
 48305006.24797643 48305294.24894818 48305584.24992667 48305874.25090517]"	0.0	0.0	0.0
4193.900845309598	2.0	trials	6.0	0.0	0.0	0.0	0.0	0.0	True	40.0	0.0	0.005	"[48306163.2518803  48306452.25285541 48306743.25383729 48307033.25481578
 48307323.25579428 48307612.25676941 48307901.25774452 48308191.25872302
 48308481.25970154 48308770.26067665 48388211.52872089 48388500.52969602
 48388789.53067115 48389079.53164965 48389369.53262814 48389658.53360326
 48389948.53458177 48390237.53555689 48390528.53653876 48390817.53751387]"	0.0	0.0	0.0
4200.227074655086	2.0	trials	6.0	0.0	0.0	0.0	0.0	0.0	True	40.0	0.0	0.005	"[48391107.53849238 48391396.5394675  48391686.540446   48391976.5414245
 48392266.542403   48392555.54337811 48392844.54435324 48393134.54533174
 48393423.54630686 48393714.54728874 48457501.76251436 48457790.76348948
 48458079.76446461 48458369.7654431  48458659.7664216  48458949.7674001
 48459239.76837859 48459528.76935373 48459817.77032885 48460107.77130734]"	0.0	0.0	0.0
4207.479083124268	2.0	trials	6.0	0.0	0.0	0.0	0.0	0.0	True	40.0	0.0	0.005	"[48460398.77228921 48460686.77326096 48460976.77423947 48461266.77521797
 48461556.77619645 48461846.77717495 48462135.77815008 48462424.77912519
 48462714.78010369 48463004.78108219 48548630.06999207 48548920.07097056
 48549210.07194906 48549499.07292418 48549789.07390268 48550078.0748778
 48550368.0758563  48550658.07683481 48550947.07780992 48551237.07878841]"	0.0	0.0	0.0
4215.573148834656	2.0	trials	6.0	0.0	0.0	0.0	0.0	0.0	True	40.0	0.0	0.005	"[48551526.07976354 48551816.08074204 48552106.08172054 48552396.08269904
 48552685.08367416 48552976.08465604 48553265.08563115 48553554.08660628
 48553844.08758478 48554134.08856328 48621851.31704923 48622140.31802434
 48622430.31900285 48622719.31997797 48623009.32095647 48623298.32193159
 48623588.32291009 48623878.32388859 48624167.32486372 48624457.32584221]"	0.0	0.0	0.0
4222.109849290299	2.0	trials	6.0	0.0	0.0	0.0	0.0	0.0	True	40.0	0.0	0.005	"[48624747.32682071 48625036.32779583 48625326.32877433 48625615.32974945
 48625905.33072795 48626196.33170982 48626484.33268157 48626775.33366344
 48627064.33463856 48627353.33561369 48705786.60025682 48706076.60123532
 48706364.60220706 48706655.60318893 48706944.60416407 48707234.60514256
 48707524.60612106 48707813.60709617 48708104.60807804 48708392.6090498 ]"	0.0	0.0	0.0
4239.403904442602	2.0	trials	7.0	0.0	0.0	0.0	0.0	0.0	True	40.0	0.0	0.005	"[48708682.6100283  48708972.61100679 48709261.61198191 48709552.6129638
 48709841.61393891 48710130.61491404 48710420.61589254 48710709.61686766
 48710999.61784616 48711289.61882465 48799467.91634867 48799756.9173238
 48800045.91829893 48800335.91927741 48800624.92025255 48800915.92123441
 48801204.92220954 48801494.92318804 48801783.92416317 48802072.92513829]"	0.0	0.0	0.0
4244.984931273683	2.0	trials	7.0	0.0	0.0	0.0	0.0	0.0	True	40.0	0.0	0.005	"[48802363.92612015 48802652.92709528 48802942.92807378 48803232.92905228
 48803521.93002741 48803812.93100927 48804100.93198102 48804390.93295951
 48804680.93393802 48804969.93491314 48875123.17161848 48875413.17259697
 48875703.17357546 48875992.17455059 48876282.17552909 48876571.17650421
 48876861.17748271 48877151.17846121 48877440.17943633 48877730.18041484]"	0.0	0.0	0.0
4251.819107933048	2.0	trials	7.0	0.0	0.0	0.0	0.0	0.0	True	40.0	0.0	0.005	"[48878019.18138995 48878310.18237182 48878599.18334694 48878889.18432545
 48879178.18530057 48879468.18627907 48879757.18725419 48880047.18823268
 48880337.18921118 48880627.19018968 49075285.84699106 49075575.84796955
 49075865.84894805 49076156.84992992 49076445.85090504 49076735.85188354
 49077024.85285866 49077313.85383378 49077602.8548089  49077893.85579079]"	0.0	0.0	0.0
4259.523162727492	2.0	trials	7.0	0.0	0.0	0.0	0.0	0.0	True	40.0	0.0	0.005	"[49078183.85676929 49078472.8577444  49078762.8587229  49079051.85969802
 49079340.86067316 49079631.86165502 49079920.86263014 49080210.86360864
 49080500.86458714 49080789.86556227 49139882.06494635 49140171.06592146
 49140462.06690335 49140751.06787847 49141040.06885359 49141330.06983209
 49141620.07081059 49141909.07178571 49142199.0727642  49142489.0737427 ]"	0.0	0.0	0.0
4264.652834435644	2.0	trials	7.0	0.0	0.0	0.0	0.0	0.0	True	40.0	0.0	0.005	"[49142778.07471783 49143067.07569295 49143357.07667145 49143647.07764995
 49143937.07862844 49144226.07960357 49144516.08058207 49144805.08155718
 49145096.08253906 49145385.08351419 49218980.33183327 49219270.33281177
 49219560.33379026 49219850.33476876 49220139.33574389 49220429.33672239
 49220719.33770089 49221009.33867937 49221297.33965113 49221587.34062963]"	0.0	0.0	0.0
4270.059419078136	2.0	trials	7.0	0.0	0.0	0.0	0.0	0.0	True	40.0	0.0	0.005	"[49221877.34160811 49222167.34258662 49222456.34356174 49222746.34454024
 49223036.34551874 49223325.34649387 49223615.34747235 49223904.34844749
 49224193.34942261 49224484.35040448 49308148.63269768 49308437.6336728
 49308728.63465468 49309016.63562643 49309306.63660493 49309596.63758342
 49309885.63855854 49310176.63954042 49310465.64051554 49310755.64149404]"	0.0	0.0	0.0
4277.546177139393	2.0	trials	7.0	0.0	0.0	0.0	0.0	0.0	True	40.0	0.0	0.005	"[49311044.64246917 49311334.64344767 49311623.64442278 49311913.64540128
 49312203.64637977 49312493.64735828 49312782.6483334  49313071.64930853
 49313361.65028702 49313651.65126551 49367518.83301977 49367808.83399827
 49368098.83497676 49368388.83595527 49368677.83693039 49368966.83790551
 49369255.83888063 49369546.83986251 49369836.840841   49370125.84181613]"	0.0	0.0	0.0
4284.091776825064	2.0	trials	7.0	0.0	0.0	0.0	0.0	0.0	True	40.0	0.0	0.005	"[49370415.84279463 49370704.84376974 49370994.84474825 49371283.84572337
 49371574.84670524 49371862.84767699 49372152.84865549 49372442.84963398
 49372731.85060911 49373021.85158761 49430096.0441627  49430385.04513782
 49430675.04611631 49430965.04709481 49431254.04806994 49431544.04904844
 49431833.05002356 49432123.05100206 49432413.05198056 49432703.05295905]"	0.0	0.0	0.0
4291.857953429113	2.0	trials	7.0	0.0	0.0	0.0	0.0	0.0	True	40.0	0.0	0.005	"[49432992.05393418 49433281.0549093  49433572.05589118 49433860.05686292
 49434150.05784142 49434439.05881654 49434730.0597984  49435018.06077016
 49435309.06175204 49435598.06272716 49516747.33653443 49517037.33751292
 49517327.33849142 49517617.33946992 49517906.34044505 49518195.34142016
 49518486.34240203 49518775.34337715 49519065.34435566 49519354.34533077]"	0.0	0.0	0.0
4297.053375759117	2.0	trials	7.0	0.0	0.0	0.0	0.0	0.0	True	40.0	0.0	0.005	"[49519644.34630927 49519934.34728777 49520224.34826627 49520513.34924139
 49520802.35021653 49521093.35119839 49521382.35217351 49521672.35315201
 49521961.35412714 49522251.35510564 49592507.5921585  49592796.59313361
 49593085.59410875 49593376.59509063 49593665.59606574 49593955.59704424
 49594244.59801937 49594534.59899787 49594825.59997974 49595113.60095148]"	0.0	0.0	0.0
4304.259505673499	2.0	trials	7.0	0.0	0.0	0.0	0.0	0.0	True	40.0	0.0	0.005	"[49595403.60192998 49595692.60290511 49595982.60388361 49596272.60486211
 49596561.60583722 49596851.60681572 49597141.60779422 49597431.60877272
 49597721.60975122 49598010.61072634 49682392.89544217 49682682.89642066
 49682971.89739578 49683261.89837428 49683550.8993494  49683841.90033128
 49684130.90130641 49684420.9022849  49684710.9032634  49684999.90423852]"	0.0	0.0	0.0
4312.191225236111	2.0	trials	7.0	0.0	0.0	0.0	0.0	0.0	True	40.0	0.0	0.005	"[49685289.90521702 49685579.90619552 49685868.90717064 49686158.90814915
 49686448.90912764 49686736.91009939 49687026.91107788 49687317.91205976
 49687606.91303488 49687895.91401    49742526.09833872 49742815.09931384
 49743105.10029234 49743395.10127084 49743685.10224933 49743975.10322783
 49744264.10420296 49744553.10517807 49744844.10615996 49745133.10713507]"	0.0	0.0	0.0
4317.35295145242	2.0	trials	7.0	0.0	0.0	0.0	0.0	0.0	True	40.0	0.0	0.005	"[49745422.1081102  49745712.1090887  49746001.11006382 49746291.11104231
 49746581.11202081 49746871.11299931 49747160.11397444 49747449.11494955
 49747739.11592806 49748029.11690655 49825929.37975127 49826219.38072977
 49826508.38170489 49826797.38268001 49827088.38366189 49827378.38464039
 49827667.38561551 49827957.386594   49828247.3875725  49828536.38854763]"	0.0	0.0	0.0
4324.5033531787685	2.0	trials	7.0	0.0	0.0	0.0	0.0	0.0	True	40.0	0.0	0.005	"[49828826.38952611 49829116.39050461 49829404.39147637 49829694.39245487
 49829984.39343337 49830274.39441187 49830563.39538699 49830853.39636549
 49831143.39734398 49831433.39832248 49917732.68950651 49918021.69048163
 49918311.69146013 49918601.69243863 49918891.69341713 49919181.69439563
 49919469.69536737 49919759.69634587 49920049.69732437 49920339.69830287]"	0.0	0.0	0.0
4331.543940134588	2.0	trials	7.0	0.0	0.0	0.0	0.0	0.0	True	40.0	0.0	0.005	"[49920629.69928136 49920919.70025987 49921208.70123499 49921497.70221011
 49921787.70318861 49922077.70416711 49922366.70514223 49922656.70612073
 49922945.70709585 49923235.70807435 49977475.89108715 49977764.89206228
 49978053.89303739 49978343.89401589 49978632.89499102 49978922.89596952
 49979212.89694802 49979502.89792651 49979791.89890163 49980080.89987677]"	0.0	0.0	0.0
4338.502187612584	2.0	trials	7.0	0.0	0.0	0.0	0.0	0.0	True	40.0	0.0	0.005	"[49980371.90085863 49980660.90183376 49980950.90281226 49981239.90378738
 49981529.90476588 49981819.90574437 49982109.90672287 49982398.907698
 49982687.90867312 49982977.90965161 50060234.17032339 50060523.17129851
 50060813.17227702 50061103.17325551 50061392.17423064 50061682.17520913
 50061972.17618763 50062261.17716275 50062551.17814125 50062841.17911975]"	0.0	0.0	0.0
4343.750918922459	2.0	trials	7.0	0.0	0.0	0.0	0.0	0.0	True	40.0	0.0	0.005	"[50063130.18009488 50063420.18107337 50063710.18205187 50063999.18302699
 50064289.18400549 50064579.18498399 50064868.18595912 50065158.18693761
 50065448.1879161  50065737.18889122 50141721.44527112 50142012.44625298
 50142300.44722473 50142591.44820661 50142880.44918174 50143170.45016024
 50143460.45113872 50143749.45211384 50144039.45309234 50144328.45406746]"	0.0	0.0	0.0
4351.438298460638	2.0	trials	7.0	0.0	0.0	0.0	0.0	0.0	True	40.0	0.0	0.005	"[50144618.45504596 50144907.45602109 50145197.45699959 50145486.45797472
 50145777.45895658 50146066.4599317  50146356.4609102  50146645.46188533
 50146936.4628672  50147225.46384232 50222256.71700666 50222545.71798179
 50222835.71896028 50223125.71993878 50223415.72091728 50223704.7218924
 50223994.7228709  50224284.72384939 50224573.72482453 50224863.72580302]"	0.0	0.0	0.0
4359.096474700281	2.0	trials	7.0	0.0	0.0	0.0	0.0	0.0	True	40.0	0.0	0.005	"[50225153.72678152 50225442.72775663 50225732.72873514 50226022.72971364
 50226312.73069213 50226601.73166724 50226890.73264237 50227180.73362087
 50227469.734596   50227760.73557787 50283005.92198168 50283295.92296017
 50283585.92393867 50283874.92491379 50284165.92589566 50284454.9268708
 50284744.92784929 50285033.9288244  50285323.92980291 50285613.93078141]"	0.0	0.0	0.0
4364.392294169037	2.0	trials	7.0	0.0	0.0	0.0	0.0	0.0	True	40.0	0.0	0.005	"[50285902.93175653 50286192.93273503 50286482.93371353 50286771.93468864
 50287060.93566378 50287350.93664227 50287640.93762077 50287929.93859589
 50288219.93957439 50288509.94055289 50371981.22219488 50372271.22317338
 50372560.2241485  50372850.225127   50373140.2261055  50373429.22708062
 50373718.22805574 50374008.22903424 50374298.23001274 50374587.23098786]"	0.0	0.0	0.0
4372.360129053507	2.0	trials	7.0	0.0	0.0	0.0	0.0	0.0	True	40.0	0.0	0.005	"[50374878.23196974 50375167.23294485 50375457.23392335 50375747.23490185
 50376036.23587698 50376326.23685548 50376616.23783396 50376905.2388091
 50377195.23978759 50377484.24076272 50460616.52126088 50460906.52223938
 50461195.5232145  50461485.524193   50461775.5251715  50462064.52614662
 50462354.52712512 50462643.52810024 50462933.52907874 50463223.53005724]"	0.0	0.0	0.0
4380.213829152871	2.0	trials	7.0	0.0	0.0	0.0	0.0	0.0	True	40.0	0.0	0.005	"[50463513.53103574 50463802.53201086 50464091.53298598 50464381.53396448
 50464671.53494298 50464961.53592148 50465250.5368966  50465540.53787509
 50465830.5388536  50466119.53982872 50521910.7280748  50522200.7290533
 50522490.7300318  50522779.73100691 50523069.73198541 50523359.7329639
 50523649.7339424  50523938.73491752 50524227.73589266 50524517.73687115]"	0.0	0.0	0.0
4387.665940697227	2.0	trials	7.0	0.0	0.0	0.0	0.0	0.0	True	40.0	0.0	0.005	"[50524807.73784965 50525097.73882814 50525386.73980328 50525676.74078178
 50525966.74176026 50526255.74273539 50526545.74371389 50526835.74469239
 50527124.74566752 50527414.74664602 50614131.03923705 50614421.04021555
 50614711.04119405 50615000.04216917 50615290.04314768 50615580.04412617
 50615868.04509792 50616158.04607642 50616449.04705829 50616738.04803341]"	0.0	0.0	0.0
4395.316600111507	2.0	trials	7.0	0.0	0.0	0.0	0.0	0.0	True	40.0	0.0	0.005	"[50617027.04900853 50617318.04999039 50617607.05096553 50617895.05193727
 50618186.05291915 50618475.05389427 50618765.05487277 50619055.05585127
 50619344.05682639 50619634.05780489 50705031.34594546 50705320.34692058
 50705611.34790245 50705901.34888095 50706189.3498527  50706480.35083458
 50706769.3518097  50707059.3527882  50707348.35376332 50707638.3547418 ]"	0.0	0.0	0.0
4402.872737606858	2.0	trials	7.0	0.0	0.0	0.0	0.0	0.0	True	40.0	0.0	0.005	"[50707928.3557203  50708217.35669544 50708507.35767394 50708796.35864906
 50709086.35962756 50709376.36060604 50709665.36158118 50709955.36255968
 50710244.36353479 50710534.36451329 50791282.63696752 50791571.63794266
 50791861.63892116 50792150.63989627 50792440.64087477 50792729.6418499
 50793019.6428284  50793310.64381026 50793599.64478538 50793888.64576052]"	0.0	0.0	0.0
4410.132176501112	2.0	trials	7.0	0.0	0.0	0.0	0.0	0.0	True	40.0	0.0	0.005	"[50794178.64673901 50794467.64771414 50794756.64868926 50795047.64967113
 50795337.65064963 50795626.65162476 50795916.65260325 50796205.65357836
 50796495.65455686 50796784.65553199 50879829.9357366  50880120.93671848
 50880410.93769698 50880699.9386721  50880989.9396506  50881278.94062572
 50881568.94160423 50881858.94258272 50882148.94356122 50882437.94453634]"	0.0	0.0	0.0
4416.503161197609	2.0	trials	7.0	0.0	0.0	0.0	0.0	0.0	True	40.0	0.0	0.005	"[50882727.94551484 50883016.94648996 50883306.94746846 50883596.94844694
 50883885.94942208 50884175.95040058 50884464.9513757  50884754.9523542
 50885043.95332932 50885333.95430782 50967287.23082789 50967577.23180639
 50967866.2327815  50968156.23376    50968445.23473513 50968734.23571026
 50969024.23668874 50969315.23767062 50969604.23864574 50969894.23962424]"	0.0	0.0	0.0
4422.4722117379315	2.0	trials	7.0	0.0	0.0	0.0	0.0	0.0	True	40.0	0.0	0.005	"[50970183.24059937 50970473.24157787 50970762.242553   50971052.24353148
 50971342.24450998 50971632.24548848 50971921.2464636  50972211.2474421
 50972500.24841722 50972789.24939235 51051308.51432566 51051597.51530078
 51051886.5162759  51052176.5172544  51052466.51823288 51052756.5192114
 51053046.5201899  51053335.52116501 51053624.52214014 51053914.52311864]"	0.0	0.0	0.0
4429.006579385704	2.0	trials	7.0	0.0	0.0	0.0	0.0	0.0	True	40.0	0.0	0.005	"[51054204.52409712 51054493.52507225 51054783.52605075 51055073.52702925
 51055362.52800438 51055652.52898288 51055942.52996138 51056232.53093986
 51056521.53191499 51056811.53289349 51125045.76312386 51125335.76410236
 51125625.76508085 51125915.76605935 51126204.76703448 51126493.7680096
 51126784.76899148 51127073.7699666  51127363.77094509 51127652.77192022]"	0.0	0.0	0.0
4434.981332345266	2.0	trials	7.0	0.0	0.0	0.0	0.0	0.0	True	40.0	0.0	0.005	"[51127942.77289872 51128232.77387722 51128521.77485234 51128811.77583084
 51129100.77680596 51129391.77778783 51129680.77876294 51129970.77974146
 51130260.78071996 51130549.78169507 51194131.99622899 51194421.99720749
 51194710.99818262 51195000.99916112 51195290.00013625 51195580.00111474
 51195871.00209661 51196160.00307173 51196450.00405023 51196739.00502536]"	0.0	0.0	0.0
4442.123698844503	2.0	trials	7.0	0.0	0.0	0.0	0.0	0.0	True	40.0	0.0	0.005	"[51197028.00600047 51197318.00697897 51197608.00795747 51197899.00893934
 51198187.00991109 51198477.01088959 51198766.01186471 51199057.01284659
 51199346.01382171 51199635.01479684 51269762.25141444 51270051.25238957
 51270341.25336807 51270631.25434656 51270920.25532167 51271210.25630018
 51271500.25727868 51271789.2582538  51272079.2592323  51272369.26021079]"	0.0	0.0	0.0
4447.372602954961	2.0	trials	7.0	0.0	0.0	0.0	0.0	0.0	True	40.0	0.0	0.005	"[51272658.26118592 51272948.26216441 51273238.26314291 51273527.26411804
 51273816.26509316 51274106.26607166 51274396.26705016 51274685.26802528
 51274976.26900715 51275265.26998228 51338914.48474227 51339204.48572077
 51339492.48669253 51339783.48767439 51340072.48864951 51340362.48962801
 51340651.49060313 51340941.49158163 51341231.49256013 51341521.49353863]"	0.0	0.0	0.0
4454.686214832001	2.0	trials	7.0	0.0	0.0	0.0	0.0	0.0	True	40.0	0.0	0.005	"[51341810.49451375 51342100.49549225 51342389.49646737 51342678.49744249
 51342968.49842099 51343257.49939612 51343547.50037462 51343837.50135311
 51344126.50232823 51344416.50330673 51421579.76366471 51421868.76463984
 51422158.76561834 51422448.76659683 51422738.76757532 51423028.76855382
 51423317.76952896 51423607.77050745 51423896.77148258 51424186.77246106]"	0.0	0.0	0.0
4462.37255756668	2.0	trials	7.0	0.0	0.0	0.0	0.0	0.0	True	40.0	0.0	0.005	"[51424475.77343618 51424765.7744147  51425055.7753932  51425344.77636831
 51425634.7773468  51425924.7783253  51426214.7793038  51426503.78027892
 51426792.78125405 51427083.78223593 51482330.96864648 51482619.9696216
 51482909.97060011 51483199.97157859 51483489.97255709 51483778.97353221
 51484068.97451072 51484358.97548922 51484648.97646771 51484937.97744283]"	0.0	0.0	0.0
4469.341345880243	2.0	trials	7.0	0.0	0.0	0.0	0.0	0.0	True	40.0	0.0	0.005	"[51485227.97842133 51485517.97939983 51485805.98037159 51486096.98135345
 51486385.98232857 51486675.98330707 51486965.98428556 51487254.9852607
 51487544.98623919 51487834.98721769 51566980.2542632  51567270.25524168
 51567559.25621682 51567849.25719531 51568138.25817044 51568427.25914556
 51568717.26012406 51569007.26110255 51569296.26207768 51569587.26305955]"	0.0	0.0	0.0
4476.071237387738	2.0	trials	7.0	0.0	0.0	0.0	0.0	0.0	True	40.0	0.0	0.005	"[51569876.26403468 51570166.26501317 51570455.26598829 51570745.26696679
 51571035.26794529 51571324.26892042 51571614.26989892 51571903.27087405
 51572193.27185253 51572483.27283103 51655942.55443253 51656231.55540766
 51656521.55638616 51656810.55736128 51657101.55834315 51657390.55931827
 51657679.5602934  51657970.56127527 51658259.5622504  51658549.5632289 ]"	0.0	0.0	0.0
4483.234858358689	2.0	trials	7.0	0.0	0.0	0.0	0.0	0.0	True	40.0	0.0	0.005	"[51658838.56420402 51659128.56518251 51659417.56615763 51659707.56713613
 51659997.56811464 51660287.56909314 51660577.57007162 51660866.57104674
 51661155.57202188 51661445.57300037 51736598.82657635 51736887.82755147
 51737178.82853335 51737467.82950848 51737757.83048698 51738046.83146209
 51738336.83244058 51738625.83341572 51738915.83439421 51739205.83537271]"	0.0	0.0	0.0
4491.250904605829	2.0	trials	7.0	0.0	0.0	0.0	0.0	0.0	True	40.0	0.0	0.005	"[51739494.83634783 51739784.83732633 51740074.83830483 51740363.83927996
 51740653.84025845 51740943.84123695 51741233.84221545 51741522.84319057
 51741811.84416569 51742101.84514419 51814491.08939409 51814781.09037258
 51815071.09135108 51815360.09232619 51815650.09330469 51815939.09427982
 51816229.09525832 51816520.09624019 51816809.0972153  51817099.09819382]"	0.0	0.0	0.0
4496.759527992614	2.0	trials	7.0	0.0	0.0	0.0	0.0	0.0	True	40.0	0.0	0.005	"[51817388.09916893 51817678.10014743 51817967.10112256 51818256.10209768
 51818546.10307618 51818835.1040513  51819126.10503317 51819415.10600828
 51819705.1069868  51819994.10796192 51897403.36914994 51897693.37012844
 51897982.37110355 51898272.37208205 51898561.37305718 51898852.37403905
 51899141.37501416 51899430.3759893  51899720.3769678  51900009.37794292]"	0.0	0.0	0.0
4503.497627527803	2.0	trials	7.0	0.0	0.0	0.0	0.0	0.0	True	40.0	0.0	0.005	"[51900300.37892478 51900590.37990328 51900879.3808784  51901169.3818569
 51901458.38283204 51901748.38381054 51902038.38478902 51902328.38576752
 51902616.38673928 51902906.38771776 51990182.68219833 51990471.68317345
 51990760.68414857 51991051.68513045 51991340.68610556 51991629.68708069
 51991920.68806257 51992210.68904107 51992498.69001281 51992788.69099131]"	0.0	0.0	0.0
4511.177490240619	2.0	trials	7.0	0.0	0.0	0.0	0.0	0.0	True	40.0	0.0	0.005	"[51993078.6919698  51993367.69294494 51993656.69392005 51993946.69489855
 51994237.69588043 51994526.69685555 51994815.69783067 51995105.69880917
 51995395.69978766 51995685.70076617 52053938.89731936 52054228.89829785
 52054518.89927635 52054808.90025485 52055097.90122997 52055387.90220847
 52055676.90318359 52055966.90416209 52056256.90514059 52056545.9061157 ]"	0.0	0.0	0.0
4517.92708101458	2.0	trials	7.0	0.0	0.0	0.0	0.0	0.0	True	40.0	0.0	0.005	"[52056834.90709083 52057124.90806933 52057414.90904783 52057704.91002632
 52057994.91100482 52058282.91197658 52058573.91295844 52058862.91393357
 52059151.91490868 52059441.91588718 52131926.16045762 52132216.1614361
 52132505.16241124 52132795.16338973 52133086.16437162 52133375.16534673
 52133664.16632186 52133954.16730034 52134244.16827884 52134533.16925398]"	0.0	0.0	0.0
4524.677103790001	2.0	trials	7.0	0.0	0.0	0.0	0.0	0.0	True	40.0	0.0	0.005	"[52134823.17023247 52135112.1712076  52135402.1721861  52135692.1731646
 52135981.17413972 52136271.17511821 52136560.17609333 52136850.17707182
 52137140.17805032 52137429.17902546 52220813.46037391 52221104.46135577
 52221393.46233089 52221681.46330265 52221972.46428452 52222261.46525963
 52222551.46623813 52222842.46722001 52223130.46819176 52223421.46917363]"	0.0	0.0	0.0
4531.061826132851	2.0	trials	7.0	0.0	0.0	0.0	0.0	0.0	True	40.0	0.0	0.005	"[52223710.47014875 52224000.47112725 52224289.47210237 52224579.47308087
 52224868.474056   52225158.47503449 52225448.47601299 52225737.47698811
 52226027.47796661 52226317.47894511 52298934.7239643  52299223.72493942
 52299513.72591792 52299802.72689305 52300092.72787153 52300381.72884666
 52300671.72982516 52300961.73080366 52301250.73177879 52301540.73275729]"	0.0	0.0	0.0
4537.9315133120335	2.0	trials	7.0	0.0	0.0	0.0	0.0	0.0	True	40.0	0.0	0.005	"[52301830.73373577 52302120.73471427 52302408.73568603 52302699.7366679
 52302988.73764301 52303278.73862153 52303567.73959664 52303857.74057514
 52304147.74155363 52304437.74253214 52377059.98756819 52377348.98854332
 52377637.98951843 52377927.99049694 52378217.99147544 52378507.99245394
 52378796.99342906 52379085.99440418 52379375.99538267 52379666.99636456]"	0.0	0.0	0.0
4544.1354862450125	2.0	trials	7.0	0.0	0.0	0.0	0.0	0.0	True	40.0	0.0	0.005	"[52379955.99733967 52380244.9983148  52380533.99928992 52380824.00026842
 52381113.00124354 52381404.00222541 52381694.00320391 52381983.00417904
 52382272.00515416 52382562.00613265 52450956.23690289 52451246.2378814
 52451536.2388599  52451825.23983501 52452115.2408135  52452405.241792
 52452693.24276377 52452984.24374563 52453274.24472412 52453563.24569925]"	0.0	0.0	0.0
4549.835399877233	2.0	trials	7.0	0.0	0.0	0.0	0.0	0.0	True	40.0	0.0	0.005	"[52453852.24667438 52454142.24765288 52454432.24863137 52454721.24960648
 52455011.25058499 52455301.25156349 52455591.25254199 52455880.25351711
 52456170.2544956  52456460.25547411 52530467.50518332 52530757.50616182
 52531047.50714032 52531336.50811546 52531625.50909058 52531915.51006908
 52532204.5110442  52532494.5120227  52532784.5130012  52533074.5139797 ]"	0.0	0.0	0.0
4557.0295201510935	2.0	trials	7.0	0.0	0.0	0.0	0.0	0.0	True	40.0	0.0	0.005	"[52533363.51495481 52533653.51593331 52533943.51691182 52534232.51788694
 52534523.5188688  52534811.51984055 52535101.52081905 52535390.52179418
 52535680.52277268 52535970.52375118 52602272.74746273 52602561.74843784
 52602851.74941635 52603141.75039485 52603430.75136997 52603719.7523451
 52604009.75332359 52604299.75430208 52604588.75527721 52604879.75625908]"	0.0	0.0	0.0
4564.460377223733	2.0	trials	7.0	0.0	0.0	0.0	0.0	0.0	True	40.0	0.0	0.005	"[52605167.75723083 52605457.75820933 52605747.75918783 52606037.76016632
 52606327.76114482 52606616.76211995 52606906.76309845 52607194.76407019
 52607485.76505207 52607775.76603056 52668242.97005408 52668533.97103594
 52668822.97201106 52669112.97298956 52669401.97396469 52669691.97494319
 52669980.97591832 52670270.97689682 52670559.97787194 52670849.97885044]"	0.0	0.0	0.0
4571.051509863038	2.0	trials	7.0	0.0	0.0	0.0	0.0	0.0	True	40.0	0.0	0.005	"[52671138.97982556 52671428.98080404 52671718.98178254 52672008.98276106
 52672298.98373955 52672587.98471467 52672876.9856898  52673166.9866683
 52673456.98764678 52673746.98862528 52751508.25100099 52751797.25197612
 52752088.25295799 52752377.25393312 52752667.25491162 52752956.25588675
 52753246.25686523 52753536.25784373 52753826.25882223 52754115.25979736]"	0.0	0.0	0.0
4591.319463049643	2.0	trials	8.0	0.0	0.0	0.0	0.0	0.0	True	40.0	0.0	0.005	"[52754405.26077586 52754695.26175435 52754985.26273285 52755274.26370797
 52755564.26468647 52755853.26566159 52756142.26663671 52756432.26761521
 52756721.26859034 52757011.26956884 52837513.54119305 52837803.54217153
 52838094.54315341 52838382.54412515 52838672.54510366 52838962.54608215
 52839251.54705727 52839540.5480324  52839831.54901427 52840121.54999277]"	0.0	0.0	0.0
4599.228113734418	2.0	trials	8.0	0.0	0.0	0.0	0.0	0.0	True	40.0	0.0	0.005	"[52840410.55096789 52840700.55194639 52840989.55292151 52841279.55390001
 52841569.5548785  52841858.55585363 52842147.55682874 52842437.55780725
 52842728.55878913 52843016.55976087 52913800.79859529 52914089.7995704
 52914379.80054891 52914669.80152741 52914958.80250253 52915247.80347765
 52915537.80445614 52915827.80543464 52916117.80641314 52916406.80738827]"	0.0	0.0	0.0
4604.7123722389915	2.0	trials	8.0	0.0	0.0	0.0	0.0	0.0	True	40.0	0.0	0.005	"[52916697.80837013 52916986.80934525 52917275.81032039 52917565.81129888
 52917855.81227738 52918144.81325251 52918434.814231   52918723.81520612
 52919013.81618462 52919303.81716311 53148383.59010541 53148673.59108391
 53148962.59205903 53149252.59303753 53149542.59401603 53149831.59499115
 53150121.59596965 53150411.59694815 53150700.59792327 53150990.59890177]"	0.0	0.0	0.0
4611.662757290458	2.0	trials	8.0	0.0	0.0	0.0	0.0	0.0	True	40.0	0.0	0.005	"[53151280.59988026 53151569.6008554  53151859.60183389 53152148.60280901
 53152438.60378751 53152727.60476263 53153017.60574113 53153306.60671625
 53153596.60769475 53153886.60867324 53239918.89895639 53240208.8999349
 53240497.90091001 53240787.90188851 53241076.90286364 53241366.90384213
 53241655.90481726 53241945.90579575 53242235.90677425 53242524.90774937]"	0.0	0.0	0.0
4618.745334787959	2.0	trials	8.0	0.0	0.0	0.0	0.0	0.0	True	40.0	0.0	0.005	"[53242814.90872788 53243103.90970299 53243394.91068486 53243683.91165998
 53243972.91263511 53244263.91361699 53244552.9145921  53244842.9155706
 53245131.91654573 53245421.91752422 53303393.11312591 53303682.11410103
 53303972.11507953 53304262.11605803 53304551.11703315 53304841.11801165
 53305130.11898678 53305420.11996527 53305711.12094714 53306000.12192226]"	0.0	0.0	0.0
4625.879752460375	2.0	trials	8.0	0.0	0.0	0.0	0.0	0.0	True	40.0	0.0	0.005	"[53306289.12289739 53306580.12387925 53306868.12485101 53307158.12582952
 53307448.126808   53307738.1277865  53308027.12876162 53308317.12974013
 53308607.13071863 53308896.13169374 53383838.38455779 53384128.38553628
 53384417.38651141 53384706.38748653 53384996.38846502 53385285.38944015
 53385576.39042203 53385865.39139715 53386154.39237227 53386445.39335413]"	0.0	0.0	0.0
4633.709951680445	2.0	trials	8.0	0.0	0.0	0.0	0.0	0.0	True	40.0	0.0	0.005	"[53386734.39432926 53387024.39530776 53387313.39628289 53387604.39726476
 53387893.39823989 53388182.39921501 53388472.4001935  53388761.40116863
 53389051.40214713 53389341.40312563 53465812.6611487  53466102.6621272
 53466391.66310233 53466680.66407745 53466971.66505931 53467260.66603445
 53467549.66700957 53467839.66798807 53468129.66896657 53468419.66994507]"	0.0	0.0	0.0
4640.514147438651	2.0	trials	8.0	0.0	0.0	0.0	0.0	0.0	True	40.0	0.0	0.005	"[53468708.67092019 53468997.67189531 53469288.67287719 53469577.67385231
 53469867.67483079 53470156.67580593 53470446.67678443 53470736.67776293
 53471026.67874142 53471315.67971655 53548386.93976411 53548675.94073923
 53548965.94171773 53549254.94269285 53549544.94367135 53549833.94464648
 53550123.94562498 53550413.94660347 53550702.94757858 53550991.94855371]"	0.0	0.0	0.0
4646.148396849312	2.0	trials	8.0	0.0	0.0	0.0	0.0	0.0	True	40.0	0.0	0.005	"[53551282.94953559 53551571.95051071 53551861.95148921 53552150.95246433
 53552440.95344282 53552730.95442132 53553019.95539645 53553309.95637495
 53553598.95735008 53553888.95832857 53639014.24555138 53639304.24652987
 53639592.24750163 53639883.24848349 53640173.24946199 53640462.25043711
 53640751.25141224 53641041.25239073 53641331.25336923 53641620.25434437]"	0.0	0.0	0.0
4653.3678324085895	2.0	trials	8.0	0.0	0.0	0.0	0.0	0.0	True	40.0	0.0	0.005	"[53641910.25532285 53642199.25629797 53642490.25727985 53642779.25825498
 53643069.25923347 53643359.26021197 53643648.26118708 53643938.26216559
 53644228.26314409 53644517.26411921 53717766.51127085 53718055.51224598
 53718346.51322785 53718635.51420296 53718925.51518146 53719214.51615659
 53719504.51713509 53719793.51811022 53720083.51908872 53720373.5200672 ]"	0.0	0.0	0.0
4659.486269052959	2.0	trials	8.0	0.0	0.0	0.0	0.0	0.0	True	40.0	0.0	0.005	"[53720662.52104233 53720952.52202083 53721241.52299595 53721531.52397444
 53721821.52495294 53722110.52592807 53722401.52690994 53722690.52788506
 53722980.52886356 53723268.52983531 53782976.73129786 53783266.73227635
 53783556.73325485 53783845.73422997 53784134.7352051  53784424.7361836
 53784714.7371621  53785003.73813722 53785294.73911909 53785582.74009084]"	0.0	0.0	0.0
4666.524004799158	2.0	trials	8.0	0.0	0.0	0.0	0.0	0.0	True	40.0	0.0	0.005	"[53785873.74107271 53786162.74204783 53786452.74302634 53786742.74400484
 53787031.74497996 53787321.74595844 53787610.74693357 53787901.74791545
 53788189.7488872  53788479.7498657  53866536.01323677 53866826.01421527
 53867116.01519378 53867405.01616889 53867694.01714402 53867985.01812588
 53868274.01910101 53868564.02007951 53868853.02105463 53869143.02203313]"	0.0	0.0	0.0
4673.004026663561	2.0	trials	8.0	0.0	0.0	0.0	0.0	0.0	True	40.0	0.0	0.005	"[53869432.02300825 53869722.02398676 53870012.02496526 53870301.02594037
 53870592.02692224 53870881.02789737 53871170.02887249 53871460.02985099
 53871749.03082611 53872038.03180123 53937350.2521724  53937640.2531509
 53937930.2541294  53938219.25510453 53938509.25608303 53938798.25705814
 53939088.25803665 53939379.25901851 53939667.25999026 53939958.26097214]"	0.0	0.0	0.0
4679.208690798872	2.0	trials	8.0	0.0	0.0	0.0	0.0	0.0	True	40.0	0.0	0.005	"[53940246.26194388 53940537.26292577 53940827.26390425 53941116.26487937
 53941405.26585451 53941695.266833   53941986.26781488 53942274.26878662
 53942564.26976512 53942853.27074025 54018805.52701215 54019095.52799065
 54019385.52896915 54019675.52994765 54019964.53092276 54020254.53190128
 54020543.53287639 54020833.53385489 54021122.53483002 54021412.5358085 ]"	0.0	0.0	0.0
4686.275889044482	2.0	trials	8.0	0.0	0.0	0.0	0.0	0.0	True	40.0	0.0	0.005	"[54021702.536787   54021992.5377655  54022281.53874063 54022571.53971913
 54022860.54069426 54023150.54167274 54023440.54265124 54023730.54362974
 54024019.54460487 54024309.54558337 54093806.78007527 54094095.78105039
 54094385.78202888 54094675.78300739 54094964.78398251 54095254.78496101
 54095544.78593951 54095834.78691801 54096123.78789312 54096412.78886825]"	0.0	0.0	0.0
4691.748915511156	2.0	trials	8.0	0.0	0.0	0.0	0.0	0.0	True	40.0	0.0	0.005	"[54096702.78984675 54096992.79082525 54097282.79180375 54097571.79277887
 54097861.79375736 54098150.79473249 54098440.79571099 54098729.79668611
 54099019.79766461 54099309.7986431  54165619.02237828 54165909.02335677
 54166198.02433191 54166488.0253104  54166778.0262889  54167068.0272674
 54167357.02824252 54167647.02922102 54167937.03019951 54168226.03117464]"	0.0	0.0	0.0
4697.240604440801	2.0	trials	8.0	0.0	0.0	0.0	0.0	0.0	True	40.0	0.0	0.005	"[54168515.03214975 54168805.03312825 54169095.03410676 54169385.03508526
 54169674.03606038 54169963.0370355  54170253.038014   54170543.03899249
 54170832.03996762 54171122.04094612 54247416.29837199 54247706.29935049
 54247995.3003256  54248284.30130073 54248574.30227923 54248865.3032611
 54249154.30423621 54249444.30521473 54249733.30618984 54250022.30716497]"	0.0	0.0	0.0
4703.473003069693	2.0	trials	8.0	0.0	0.0	0.0	0.0	0.0	True	40.0	0.0	0.005	"[54250312.30814347 54250603.30912533 54250892.31010045 54251181.31107558
 54251471.31205408 54251760.31302919 54252050.31400771 54252340.31498621
 54252629.31596132 54252919.31693981 54310760.51210286 54311051.51308473
 54311340.51405986 54311629.51503497 54311919.51601347 54312209.51699197
 54312499.51797049 54312788.5189456  54313078.51992409 54313367.52089923]"	0.0	0.0	0.0
4711.266654966447	2.0	trials	8.0	0.0	0.0	0.0	0.0	0.0	True	40.0	0.0	0.005	"[54313657.52187771 54313946.52285284 54314236.52383134 54314525.52480645
 54314816.52578834 54315105.52676347 54315395.52774195 54315685.52872045
 54315974.52969557 54316264.53067408 54374321.72656593 54374611.72754443
 54374901.72852292 54375191.72950142 54375480.73047655 54375770.73145505
 54376059.73243017 54376349.73340867 54376639.73438716 54376928.7353623 ]"	0.0	0.0	0.0
4717.435549381067	2.0	trials	8.0	0.0	0.0	0.0	0.0	0.0	True	40.0	0.0	0.005	"[54377218.73634079 54377507.7373159  54377797.7382944  54378087.73927291
 54378376.74024803 54378666.74122653 54378956.74220502 54379246.74318352
 54379535.74415864 54379825.74513714 54446456.96995879 54446745.97093391
 54447035.97191241 54447325.97289091 54447614.97386604 54447903.97484116
 54448193.97581965 54448483.97679815 54448773.97777665 54449062.97875177]"	0.0	0.0	0.0
4722.8165595372675	2.0	trials	8.0	0.0	0.0	0.0	0.0	0.0	True	40.0	0.0	0.005	"[54449352.97973027 54449641.9807054  54449931.98168389 54450220.98265902
 54450510.98363751 54450801.98461938 54451090.98559451 54451380.98657301
 54451669.98754814 54451959.98852663 54536660.27431542 54536951.27529729
 54537240.27627242 54537530.27725092 54537819.27822604 54538109.27920453
 54538398.28017966 54538688.28115816 54538978.28213666 54539267.28311179]"	0.0	0.0	0.0
4729.890410605324	2.0	trials	8.0	0.0	0.0	0.0	0.0	0.0	True	40.0	0.0	0.005	"[54539557.28409027 54539847.28506877 54540136.2860439  54540425.28701902
 54540716.2880009  54541005.28897603 54541295.28995451 54541584.29092965
 54541875.29191151 54542164.29288664 54608060.51522829 54608348.51620004
 54608639.51718192 54608928.51815704 54609218.51913554 54609508.52011404
 54609797.52108917 54610087.52206767 54610376.52304278 54610666.52402128]"	0.0	0.0	0.0
4735.218975784568	2.0	trials	8.0	0.0	0.0	0.0	0.0	0.0	True	40.0	0.0	0.005	"[54610956.52499977 54611245.5259749  54611535.5269534  54611825.5279319
 54612114.52890702 54612404.52988552 54612693.53086065 54612983.53183914
 54613273.53281764 54613563.53379614 54670339.72536573 54670630.72634761
 54670919.72732273 54671208.72829785 54671498.72927635 54671788.73025484
 54672078.73123334 54672367.73220847 54672657.73318697 54672946.73416209]"	0.0	0.0	0.0
4743.0434725853975	2.0	trials	8.0	0.0	0.0	0.0	0.0	0.0	True	40.0	0.0	0.005	"[54673236.73514059 54673525.73611571 54673815.73709421 54674105.73807271
 54674394.73904783 54674684.74002632 54674973.74100145 54675263.74197995
 54675553.74295845 54675843.74393693 54752213.00161586 54752503.00259437
 54752793.00357287 54753082.00454798 54753372.00552648 54753662.00650498
 54753952.00748348 54754241.0084586  54754531.0094371  54754821.0104156 ]"	0.0	0.0	0.0
4751.139093501034	2.0	trials	8.0	0.0	0.0	0.0	0.0	0.0	True	40.0	0.0	0.005	"[54755110.01139072 54755400.01236922 54755689.01334434 54755978.01431946
 54756268.01529796 54756558.01627646 54756848.01725496 54757138.01823345
 54757427.01920858 54757717.02018708 54813886.20970858 54814176.21068708
 54814466.21166556 54814755.21264069 54815045.21361919 54815335.21459769
 54815624.21557282 54815915.21655469 54816204.2175298  54816493.21850494]"	0.0	0.0	0.0
4757.23869488185	2.0	trials	8.0	0.0	0.0	0.0	0.0	0.0	True	40.0	0.0	0.005	"[54816783.21948343 54817073.22046193 54817362.22143705 54817652.22241555
 54817942.22339405 54818232.22437254 54818521.22534767 54818811.22632617
 54819100.22730128 54819390.22827978 54904447.51527315 54904737.51625165
 54905026.51722678 54905316.51820528 54905606.51918376 54905896.52016226
 54906185.52113739 54906475.52211589 54906764.523091   54907054.52406952]"	0.0	0.0	0.0
4763.010407156328	2.0	trials	8.0	0.0	0.0	0.0	0.0	0.0	True	40.0	0.0	0.005	"[54907344.525048   54907633.52602313 54907924.527005   54908213.52798013
 54908502.52895524 54908792.52993374 54909081.53090888 54909371.53188737
 54909660.5328625  54909951.53384436 54998147.83142912 54998436.83240424
 54998726.83338274 54999016.83436124 54999306.83533974 54999595.83631486
 54999885.83729336 55000175.83827186 55000464.83924698 55000753.84022211]"	0.0	0.0	0.0
4771.089352815699	2.0	trials	8.0	0.0	0.0	0.0	0.0	0.0	True	40.0	0.0	0.005	"[55001044.84120398 55001332.84217573 55001623.8431576  55001911.84412934
 55002202.84511122 55002490.84608296 55002781.84706485 55003071.84804334
 55003361.84902183 55003650.84999696 55068745.06963257 55069033.07060431
 55069323.07158281 55069613.07256132 55069902.07353643 55070192.07451493
 55070482.07549343 55070772.07647193 55071061.07744705 55071350.07842217]"	0.0	0.0	0.0
4776.83514500272	2.0	trials	8.0	0.0	0.0	0.0	0.0	0.0	True	40.0	0.0	0.005	"[55071640.07940067 55071930.08037917 55072220.08135766 55072509.08233279
 55072799.08331129 55073089.08428979 55073378.08526491 55073668.08624341
 55073957.08721853 55074248.0882004  55135548.29503456 55135837.29600969
 55136126.29698481 55136416.29796331 55136705.29893843 55136995.29991693
 55137285.30089543 55137574.30187055 55137864.30284904 55138153.30382417]"	0.0	0.0	0.0
4782.050266599193	2.0	trials	8.0	0.0	0.0	0.0	0.0	0.0	True	40.0	0.0	0.005	"[55138443.30480267 55138733.30578117 55139022.3067563  55139312.30773479
 55139601.30870991 55139891.30968841 55140180.31066354 55140471.31164541
 55140760.31262052 55141050.31359902 55229052.6105292  55229342.6115077
 55229632.6124862  55229921.61346132 55230211.61443981 55230501.61541831
 55230790.61639344 55231080.61737194 55231370.61835044 55231659.61932556]"	0.0	0.0	0.0
4787.605286942524	2.0	trials	8.0	0.0	0.0	0.0	0.0	0.0	True	40.0	0.0	0.005	"[55231949.62030406 55232238.62127919 55232528.62225768 55232818.62323618
 55233108.62421468 55233396.62518642 55233686.62616492 55233976.62714342
 55234266.62812191 55234556.6291004  55295555.83491896 55295844.83589408
 55296134.83687258 55296424.83785108 55296714.83882958 55297003.8398047
 55297293.84078319 55297583.84176169 55297872.84273682 55298162.84371532]"	0.0	0.0	0.0
4794.547377566005	2.0	trials	8.0	0.0	0.0	0.0	0.0	0.0	True	40.0	0.0	0.005	"[55298452.84469382 55298741.84566894 55299031.84664743 55299320.84762257
 55299610.84860106 55299900.84957956 55300189.85055468 55300480.85153655
 55300769.85251168 55301058.8534868  55355915.03857806 55356205.03955656
 55356495.04053506 55356784.04151018 55357074.04248868 55357364.04346718
 55357653.0444423  55357943.0454208  55358232.04639592 55358522.04737442]"	0.0	0.0	0.0
4802.271131626916	2.0	trials	8.0	0.0	0.0	0.0	0.0	0.0	True	40.0	0.0	0.005	"[55358811.04834954 55359101.04932804 55359391.05030654 55359681.05128504
 55359970.05226017 55360260.05323866 55360550.05421716 55360839.05519228
 55361129.05617078 55361418.0571459  55420210.25551774 55420500.25649624
 55420788.25746799 55421078.25844648 55421368.25942498 55421658.26040348
 55421948.26138198 55422237.26235711 55422527.26333559 55422816.26431073]"	0.0	0.0	0.0
4808.383174649712	2.0	trials	8.0	0.0	0.0	0.0	0.0	0.0	True	40.0	0.0	0.005	"[55423106.26528922 55423396.26626772 55423685.26724285 55423975.26822135
 55424264.26919647 55424554.27017497 55424843.27115009 55425134.27213196
 55425423.27310707 55425713.27408557 55500558.52662233 55500847.52759746
 55501138.52857933 55501427.52955444 55501716.53052957 55502006.53150807
 55502296.53248657 55502585.5334617  55502876.53444356 55503165.53541868]"	0.0	0.0	0.0
4814.017078459207	2.0	trials	8.0	0.0	0.0	0.0	0.0	0.0	True	40.0	0.0	0.005	"[55503454.5363938  55503744.53737231 55504034.53835081 55504323.53932592
 55504613.54030442 55504902.54127955 55505192.54225805 55505482.54323654
 55505772.54421504 55506061.54519016 55589953.82825267 55590242.82922779
 55590532.83020629 55590821.83118141 55591111.83215991 55591401.83313841
 55591690.83411353 55591980.83509203 55592269.83606715 55592559.83704565]"	0.0	0.0	0.0
4819.507384984187	2.0	trials	8.0	0.0	0.0	0.0	0.0	0.0	True	40.0	0.0	0.005	"[55592849.83802415 55593138.83899927 55593428.83997777 55593718.84095626
 55594007.8419314  55594297.84290989 55594586.84388501 55594876.84486351
 55595166.84584201 55595455.84681714 55660695.066942   55660984.06791712
 55661274.0688956  55661564.06987412 55661853.07084922 55662143.07182772
 55662432.07280286 55662722.07378136 55663012.07475984 55663301.07573498]"	0.0	0.0	0.0
4824.744884256164	2.0	trials	8.0	0.0	0.0	0.0	0.0	0.0	True	40.0	0.0	0.005	"[55663591.07671347 55663880.0776886  55664170.0786671  55664460.0796456
 55664750.08062409 55665039.08159922 55665328.08257434 55665619.08355621
 55665908.08453132 55666198.08550982 55725901.2869555  55726191.28793401
 55726481.2889125  55726770.28988762 55727061.2908695  55727350.29184462
 55727639.29281974 55727929.29379824 55728220.29478011 55728508.29575186]"	0.0	0.0	0.0
4829.989900353503	2.0	trials	8.0	0.0	0.0	0.0	0.0	0.0	True	40.0	0.0	0.005	"[55728798.29673035 55729088.29770885 55729378.29868735 55729667.29966248
 55729957.30064098 55730245.30161272 55730536.30259459 55730826.30357309
 55731115.30454822 55731405.30552672 55789446.50136458 55789736.50234308
 55790025.5033182  55790315.5042967  55790605.5052752  55790895.5062537
 55791185.5072322  55791474.50820731 55791765.5091892  55792054.51016432]"	0.0	0.0	0.0
4837.312152259695	2.0	trials	8.0	0.0	0.0	0.0	0.0	0.0	True	40.0	0.0	0.005	"[55792343.51113944 55792633.51211794 55792922.51309306 55793212.51407156
 55793501.51504669 55793791.51602518 55794080.5170003  55794371.51798218
 55794661.51896068 55794949.51993242 55850066.70590433 55850356.70688283
 55850646.70786133 55850935.70883646 55851225.70981495 55851514.71079007
 55851804.71176858 55852094.71274707 55852383.71372219 55852673.71470069]"	0.0	0.0	0.0
4843.26781075483	2.0	trials	8.0	0.0	0.0	0.0	0.0	0.0	True	40.0	0.0	0.005	"[55852963.71567919 55853252.71665431 55853542.71763281 55853831.71860793
 55854121.71958643 55854410.72056156 55854700.72154006 55854990.72251856
 55855279.72349368 55855568.7244688  55910771.91073089 55911062.91171276
 55911351.91268788 55911640.91366301 55911931.91464488 55912220.91562001
 55912510.91659851 55912799.91757363 55913089.91855212 55913378.91952724]"	0.0	0.0	0.0
4849.947935694407	2.0	trials	8.0	0.0	0.0	0.0	0.0	0.0	True	40.0	0.0	0.005	"[55913669.92050912 55913958.92148425 55914247.92245936 55914537.92343786
 55914826.92441299 55915116.92539149 55915407.92637336 55915696.92734847
 55915986.92832697 55916275.9293021  55995520.19668165 55995811.19766352
 55996100.19863863 55996389.19961377 55996679.20059226 55996969.20157076
 55997259.20254926 55997548.20352439 55997838.20450289 55998127.20547801]"	0.0	0.0	0.0
4857.01366513506	2.0	trials	8.0	0.0	0.0	0.0	0.0	0.0	True	40.0	0.0	0.005	"[55998417.2064565  55998707.207435   55998997.2084135  55999286.20938863
 55999576.21036712 55999865.21134224 56000155.21232074 56000444.21329587
 56000735.21427774 56001025.21525624 56064451.42926379 56064740.43023892
 56065030.43121742 56065320.43219592 56065610.4331744  56065900.4341529
 56066189.43512803 56066479.43610653 56066768.43708166 56067058.43806015]"	0.0	0.0	0.0
4865.02400896296	2.0	trials	8.0	0.0	0.0	0.0	0.0	0.0	True	40.0	0.0	0.005	"[56067348.43903865 56067638.44001714 56067928.44099564 56068217.44197077
 56068507.44294927 56068796.44392439 56069085.44489951 56069375.44587801
 56069665.44685651 56069954.44783163 56141767.69013803 56142057.69111651
 56142346.69209164 56142637.69307351 56142926.69404864 56143215.69502375
 56143505.69600226 56143795.69698075 56144084.69795587 56144374.69893437]"	0.0	0.0	0.0
4872.272388619898	2.0	trials	8.0	0.0	0.0	0.0	0.0	0.0	True	40.0	0.0	0.005	"[56144663.69990949 56144953.70088799 56145242.70186312 56145533.70284498
 56145823.70382349 56146112.70479861 56146402.70577711 56146691.70675223
 56146981.70773073 56147270.70870586 56223547.96607435 56223836.96704948
 56224126.96802798 56224416.96900647 56224705.9699816  56224995.9709601
 56225285.9719386  56225575.97291709 56225864.97389222 56226154.97487072]"	0.0	0.0	0.0
4880.011867533867	2.0	trials	8.0	0.0	0.0	0.0	0.0	0.0	True	40.0	0.0	0.005	"[56226443.97584584 56226733.97682434 56227022.97779945 56227312.97877795
 56227601.97975308 56227891.98073158 56228180.9817067  56228470.9826852
 56228760.9836637  56229050.98464219 56316260.27889669 56316549.27987181
 56316840.28085368 56317130.28183218 56317418.28280392 56317709.28378581
 56317997.28475755 56318287.28573605 56318577.28671455 56318867.28769303]"	0.0	0.0	0.0
4886.956550166093	2.0	trials	8.0	0.0	0.0	0.0	0.0	0.0	True	40.0	0.0	0.005	"[56319156.28866816 56319446.28964666 56319736.29062516 56320026.29160366
 56320315.29257879 56320605.29355727 56320894.29453241 56321184.2955109
 56321474.2964894  56321763.29746453 56400153.56196256 56400444.56294443
 56400732.56391618 56401022.56489468 56401312.56587318 56401601.5668483
 56401891.56782679 56402180.56880193 56402470.56978042 56402760.57075892]"	0.0	0.0	0.0
4893.295998756184	2.0	trials	8.0	0.0	0.0	0.0	0.0	0.0	True	40.0	0.0	0.005	"[56403049.57173404 56403339.57271254 56403628.57368767 56403919.57466953
 56404208.57564466 56404498.57662316 56404787.57759828 56405077.57857678
 56405367.57955528 56405657.58053377 56489730.86420699 56490020.86518549
 56490309.86616062 56490599.86713912 56490888.86811423 56491178.86909274
 56491467.87006786 56491758.87104972 56492047.87202484 56492337.87300336]"	0.0	0.0	0.0
4900.22815334614	2.0	trials	8.0	0.0	0.0	0.0	0.0	0.0	True	40.0	0.0	0.005	"[56492627.87398186 56492915.8749536  56493205.8759321  56493495.8769106
 56493785.87788908 56494074.87886421 56494364.87984271 56494654.88082121
 56494943.88179634 56495232.88277145 56570109.13541281 56570398.13638793
 56570687.13736305 56570978.13834491 56571267.13932004 56571556.14029518
 56571846.14127367 56572135.14224878 56572426.14323066 56572715.14420579]"	0.0	0.0	0.0
4906.09456034013	2.0	trials	8.0	0.0	0.0	0.0	0.0	0.0	True	40.0	0.0	0.005	"[56573004.14518091 56573294.14615941 56573584.1471379  56573874.1481164
 56574163.14909152 56574453.15007002 56574743.15104852 56575032.15202364
 56575322.15300214 56575612.15398064 56643481.38297945 56643772.38396133
 56644061.38493646 56644351.38591495 56644640.38689007 56644930.38786858
 56645219.38884369 56645510.38982558 56645799.39080069 56646089.39177919]"	0.0	0.0	0.0
4912.694333008586	2.0	trials	8.0	0.0	0.0	0.0	0.0	0.0	True	40.0	0.0	0.005	"[56646378.39275432 56646668.39373281 56646958.3947113  56647247.39568643
 56647537.39666493 56647827.39764343 56648116.39861856 56648405.39959367
 56648695.40057218 56648985.40155067 56723715.65369939 56724005.65467789
 56724294.65565301 56724584.65663151 56724874.65761001 56725163.65858514
 56725453.65956364 56725743.66054213 56726033.66152063 56726322.66249575]"	0.0	0.0	0.0
4935.475670675664	2.0	trials	9.0	0.0	0.0	0.0	0.0	0.0	True	5.0	0.0	0.01	"[56726611.66347087 56726901.66444937 56727191.66542787               nan
               nan               nan               nan               nan
               nan               nan               nan               nan
               nan               nan               nan               nan
               nan               nan               nan               nan]"	0.0	0.0	0.0
4943.048310626698	2.0	trials	9.0	0.0	0.0	0.0	0.0	0.0	True	5.0	0.0	0.01	"[56727481.66640637 56727770.66738149 56728059.66835662               nan
               nan               nan               nan               nan
               nan               nan               nan               nan
               nan               nan               nan               nan
               nan               nan               nan               nan]"	0.0	0.0	0.0
4950.962145328965	2.0	trials	9.0	0.0	0.0	0.0	0.0	0.0	True	5.0	0.0	0.01	"[56728349.66933511 56728639.67031361 56728928.67128874               nan
               nan               nan               nan               nan
               nan               nan               nan               nan
               nan               nan               nan               nan
               nan               nan               nan               nan]"	0.0	0.0	0.0
4957.502042595394	2.0	trials	9.0	0.0	0.0	0.0	0.0	0.0	True	5.0	0.0	0.01	"[56729219.6722706  56791612.88279269 56791902.88377118               nan
               nan               nan               nan               nan
               nan               nan               nan               nan
               nan               nan               nan               nan
               nan               nan               nan               nan]"	0.0	0.0	0.0
4964.654690729322	2.0	trials	9.0	0.0	0.0	0.0	0.0	0.0	True	5.0	0.0	0.01	"[56792191.88474631 56792482.88572818 56792771.88670331               nan
               nan               nan               nan               nan
               nan               nan               nan               nan
               nan               nan               nan               nan
               nan               nan               nan               nan]"	0.0	0.0	0.0
4971.5242915082135	2.0	trials	9.0	0.0	0.0	0.0	0.0	0.0	True	5.0	0.0	0.01	"[56793061.8876818  56793351.8886603  56793640.88963542               nan
               nan               nan               nan               nan
               nan               nan               nan               nan
               nan               nan               nan               nan
               nan               nan               nan               nan]"	0.0	0.0	0.0
4978.3523337468805	2.0	trials	9.0	0.0	0.0	0.0	0.0	0.0	True	5.0	0.0	0.01	"[56793929.89061055 56794220.89159242 56794509.89256755               nan
               nan               nan               nan               nan
               nan               nan               nan               nan
               nan               nan               nan               nan
               nan               nan               nan               nan]"	0.0	0.0	0.0
4985.480271397432	2.0	trials	9.0	0.0	0.0	0.0	0.0	0.0	True	5.0	0.0	0.01	"[56794798.89354266 56795088.89452118 56795378.89549966               nan
               nan               nan               nan               nan
               nan               nan               nan               nan
               nan               nan               nan               nan
               nan               nan               nan               nan]"	0.0	0.0	0.0
4993.346153937902	2.0	trials	9.0	0.0	0.0	0.0	0.0	0.0	True	5.0	0.0	0.01	"[56795667.89647478 56795957.89745328 56796247.89843179               nan
               nan               nan               nan               nan
               nan               nan               nan               nan
               nan               nan               nan               nan
               nan               nan               nan               nan]"	0.0	0.0	0.0
4999.49621308897	2.0	trials	9.0	0.0	0.0	0.0	0.0	0.0	True	5.0	0.0	0.01	"[56796537.89941029 56796826.9003854  56797116.90136389               nan
               nan               nan               nan               nan
               nan               nan               nan               nan
               nan               nan               nan               nan
               nan               nan               nan               nan]"	0.0	0.0	0.0
5005.509241377678	2.0	trials	9.0	0.0	0.0	0.0	0.0	0.0	True	5.0	0.0	0.01	"[56868001.14053571 56868290.14151084 56868579.14248597               nan
               nan               nan               nan               nan
               nan               nan               nan               nan
               nan               nan               nan               nan
               nan               nan               nan               nan]"	0.0	0.0	0.0
5011.304108930284	2.0	trials	9.0	0.0	0.0	0.0	0.0	0.0	True	5.0	0.0	0.01	"[56868869.14346447 56869159.14444297 56869448.14541809               nan
               nan               nan               nan               nan
               nan               nan               nan               nan
               nan               nan               nan               nan
               nan               nan               nan               nan]"	0.0	0.0	0.0
5017.28689711696	2.0	trials	9.0	0.0	0.0	0.0	0.0	0.0	True	5.0	0.0	0.01	"[56869738.14639658 56870027.14737171 56870317.14835021               nan
               nan               nan               nan               nan
               nan               nan               nan               nan
               nan               nan               nan               nan
               nan               nan               nan               nan]"	0.0	0.0	0.0
5024.950862176135	2.0	trials	9.0	0.0	0.0	0.0	0.0	0.0	True	5.0	0.0	0.01	"[56870606.14932533 56870896.15030383 56871186.15128233               nan
               nan               nan               nan               nan
               nan               nan               nan               nan
               nan               nan               nan               nan
               nan               nan               nan               nan]"	0.0	0.0	0.0
5031.593489389188	2.0	trials	9.0	0.0	0.0	0.0	0.0	0.0	True	5.0	0.0	0.01	"[56871476.15226083 56871765.15323595 56872055.15421445               nan
               nan               nan               nan               nan
               nan               nan               nan               nan
               nan               nan               nan               nan
               nan               nan               nan               nan]"	0.0	0.0	0.0
5036.732751529701	2.0	trials	9.0	0.0	0.0	0.0	0.0	0.0	True	5.0	0.0	0.01	"[56872344.15518957 56872634.15616807 56872923.15714319               nan
               nan               nan               nan               nan
               nan               nan               nan               nan
               nan               nan               nan               nan
               nan               nan               nan               nan]"	0.0	0.0	0.0
5044.604509289994	2.0	trials	9.0	0.0	0.0	0.0	0.0	0.0	True	5.0	0.0	0.01	"[56873213.15812168 56873503.15910017 57131720.03035451               nan
               nan               nan               nan               nan
               nan               nan               nan               nan
               nan               nan               nan               nan
               nan               nan               nan               nan]"	0.0	0.0	0.0
5051.697109221312	2.0	trials	9.0	0.0	0.0	0.0	0.0	0.0	True	5.0	0.0	0.01	"[57134038.03817573 57136355.04599359 57219367.32608686               nan
               nan               nan               nan               nan
               nan               nan               nan               nan
               nan               nan               nan               nan
               nan               nan               nan               nan]"	0.0	0.0	0.0
5059.586492641077	2.0	trials	9.0	0.0	0.0	0.0	0.0	0.0	True	5.0	0.0	0.01	"[57221684.33390472 57224001.34172258 57310962.63514029               nan
               nan               nan               nan               nan
               nan               nan               nan               nan
               nan               nan               nan               nan
               nan               nan               nan               nan]"	0.0	0.0	0.0
5067.290806636395	2.0	trials	9.0	0.0	0.0	0.0	0.0	0.0	True	5.0	0.0	0.01	"[57313279.64295814 57315596.65077601 57386655.8905383                nan
               nan               nan               nan               nan
               nan               nan               nan               nan
               nan               nan               nan               nan
               nan               nan               nan               nan]"	0.0	0.0	0.0
5072.776274745049	2.0	trials	9.0	0.0	0.0	0.0	0.0	0.0	True	5.0	0.0	0.01	"[57388972.89835616 57391289.90617402 57469441.16986564               nan
               nan               nan               nan               nan
               nan               nan               nan               nan
               nan               nan               nan               nan
               nan               nan               nan               nan]"	0.0	0.0	0.0
5079.044875096089	2.0	trials	9.0	0.0	0.0	0.0	0.0	0.0	True	5.0	0.0	0.01	"[57471758.1776835  57474075.18550136 57548950.43813933               nan
               nan               nan               nan               nan
               nan               nan               nan               nan
               nan               nan               nan               nan
               nan               nan               nan               nan]"	0.0	0.0	0.0
5086.317878836112	2.0	trials	9.0	0.0	0.0	0.0	0.0	0.0	True	5.0	0.0	0.01	"[57551267.44595718 57553584.45377506 57627977.70478669               nan
               nan               nan               nan               nan
               nan               nan               nan               nan
               nan               nan               nan               nan
               nan               nan               nan               nan]"	0.0	0.0	0.0
5093.553298449321	2.0	trials	9.0	0.0	0.0	0.0	0.0	0.0	True	5.0	0.0	0.01	"[57630294.71260455 57632611.72042241 57710476.98314903               nan
               nan               nan               nan               nan
               nan               nan               nan               nan
               nan               nan               nan               nan
               nan               nan               nan               nan]"	0.0	0.0	0.0
5100.987179532165	2.0	trials	9.0	0.0	0.0	0.0	0.0	0.0	True	5.0	0.0	0.01	"[57712794.99097026 57715111.99878811 57801518.2903332                nan
               nan               nan               nan               nan
               nan               nan               nan               nan
               nan               nan               nan               nan
               nan               nan               nan               nan]"	0.0	0.0	0.0
5108.744888907645	2.0	trials	9.0	0.0	0.0	0.0	0.0	0.0	True	5.0	0.0	0.01	"[57803835.29815104 57806152.3059689  57872698.53050375               nan
               nan               nan               nan               nan
               nan               nan               nan               nan
               nan               nan               nan               nan
               nan               nan               nan               nan]"	0.0	0.0	0.0
5114.601532668692	2.0	trials	9.0	0.0	0.0	0.0	0.0	0.0	True	5.0	0.0	0.01	"[57875015.53832161 57877333.54614285 57942293.76532631               nan
               nan               nan               nan               nan
               nan               nan               nan               nan
               nan               nan               nan               nan
               nan               nan               nan               nan]"	0.0	0.0	0.0
5122.34723240365	2.0	trials	9.0	0.0	0.0	0.0	0.0	0.0	True	5.0	0.0	0.01	"[57944610.77314418 57946927.78096204 58009364.99163258               nan
               nan               nan               nan               nan
               nan               nan               nan               nan
               nan               nan               nan               nan
               nan               nan               nan               nan]"	0.0	0.0	0.0
5129.476034057117	2.0	trials	9.0	0.0	0.0	0.0	0.0	0.0	True	5.0	0.0	0.01	"[58011681.99945044 58013999.00726829 58078610.22527421               nan
               nan               nan               nan               nan
               nan               nan               nan               nan
               nan               nan               nan               nan
               nan               nan               nan               nan]"	0.0	0.0	0.0
5136.267269771594	2.0	trials	9.0	0.0	0.0	0.0	0.0	0.0	True	5.0	0.0	0.01	"[58080927.23309207 58083244.24090993 58167313.52456965               nan
               nan               nan               nan               nan
               nan               nan               nan               nan
               nan               nan               nan               nan
               nan               nan               nan               nan]"	0.0	0.0	0.0
5156.170613727963	2.0	trials	10.0	0.0	0.0	0.0	0.0	0.0	True	10.0	0.0	0.005	"[58169630.53238751 58171947.54020536 58244195.7839795  58246512.79179735
 58248829.79961522               nan               nan               nan
               nan               nan               nan               nan
               nan               nan               nan               nan
               nan               nan               nan               nan]"	0.0	0.0	0.0
5161.847890483803	2.0	trials	10.0	0.0	0.0	0.0	0.0	0.0	True	10.0	0.0	0.005	"[58303677.9846795  58305994.99249735 58308312.00031522 58394785.29208635
 58397103.29990757               nan               nan               nan
               nan               nan               nan               nan
               nan               nan               nan               nan
               nan               nan               nan               nan]"	0.0	0.0	0.0
5167.5291416530545	2.0	trials	10.0	0.0	0.0	0.0	0.0	0.0	True	10.0	0.0	0.005	"[58399419.30772206 58476876.56907203 58479193.57688989 58481510.58470775
 58568188.87717058               nan               nan               nan
               nan               nan               nan               nan
               nan               nan               nan               nan
               nan               nan               nan               nan]"	0.0	0.0	0.0
5174.0256659731385	2.0	trials	10.0	0.0	0.0	0.0	0.0	0.0	True	10.0	0.0	0.005	"[58570505.88498843 58572822.8928063  58657359.17804175 58659676.18585961
 58661993.19367746               nan               nan               nan
               nan               nan               nan               nan
               nan               nan               nan               nan
               nan               nan               nan               nan]"	0.0	0.0	0.0
5179.702769928396	2.0	trials	10.0	0.0	0.0	0.0	0.0	0.0	True	10.0	0.0	0.005	"[58720848.39226188 58723165.40007973 58725482.40789759 58793401.63706511
 58795718.64488297               nan               nan               nan
               nan               nan               nan               nan
               nan               nan               nan               nan
               nan               nan               nan               nan]"	0.0	0.0	0.0
5185.834857818827	2.0	trials	10.0	0.0	0.0	0.0	0.0	0.0	True	10.0	0.0	0.005	"[58798035.65270083 58877579.92109263 58879896.92891048 58882213.93672834
 58961323.20365237               nan               nan               nan
               nan               nan               nan               nan
               nan               nan               nan               nan
               nan               nan               nan               nan]"	0.0	0.0	0.0
5193.39505612788	2.0	trials	10.0	0.0	0.0	0.0	0.0	0.0	True	10.0	0.0	0.005	"[58963640.21147024 58965957.21928809 59047363.49396251 59049680.50178037
 59051997.50959823               nan               nan               nan
               nan               nan               nan               nan
               nan               nan               nan               nan
               nan               nan               nan               nan]"	0.0	0.0	0.0
5199.299738451015	2.0	trials	10.0	0.0	0.0	0.0	0.0	0.0	True	10.0	0.0	0.005	"[59137151.79691888 59139468.80473674 59141785.81255461 59204936.02563091
 59207253.03344876               nan               nan               nan
               nan               nan               nan               nan
               nan               nan               nan               nan
               nan               nan               nan               nan]"	0.0	0.0	0.0
5204.867200436327	2.0	trials	10.0	0.0	0.0	0.0	0.0	0.0	True	10.0	0.0	0.005	"[59209571.04127    59294585.32811828 59296903.3359395  59299220.34375736
 59377095.60651773               nan               nan               nan
               nan               nan               nan               nan
               nan               nan               nan               nan
               nan               nan               nan               nan]"	0.0	0.0	0.0
5212.835121721088	2.0	trials	10.0	0.0	0.0	0.0	0.0	0.0	True	10.0	0.0	0.005	"[59379412.61433557 59381729.62215343 59455697.87173107 59458014.87954894
 59460331.88736679               nan               nan               nan
               nan               nan               nan               nan
               nan               nan               nan               nan
               nan               nan               nan               nan]"	0.0	0.0	0.0
5219.483105752218	2.0	trials	10.0	0.0	0.0	0.0	0.0	0.0	True	10.0	0.0	0.005	"[59686012.64884043 59687170.65274767 59688329.65665828 59689487.66056553
 59690646.66447615               nan               nan               nan
               nan               nan               nan               nan
               nan               nan               nan               nan
               nan               nan               nan               nan]"	0.0	0.0	0.0
5226.875255494254	2.0	trials	10.0	0.0	0.0	0.0	0.0	0.0	True	10.0	0.0	0.005	"[59751720.87054775 59752879.87445837 59754038.87836899 59755197.8822796
 59756354.88618347               nan               nan               nan
               nan               nan               nan               nan
               nan               nan               nan               nan
               nan               nan               nan               nan]"	0.0	0.0	0.0
5232.125714809959	2.0	trials	10.0	0.0	0.0	0.0	0.0	0.0	True	10.0	0.0	0.005	"[59817477.09241704 59818635.09632427 59819794.10023489 59820953.1041455
 59822112.10805612               nan               nan               nan
               nan               nan               nan               nan
               nan               nan               nan               nan
               nan               nan               nan               nan]"	0.0	0.0	0.0
5238.479678649026	2.0	trials	10.0	0.0	0.0	0.0	0.0	0.0	True	10.0	0.0	0.005	"[59892667.34611786 59893825.3500251  59894984.35393573 59896143.35784634
 59897302.36175695               nan               nan               nan
               nan               nan               nan               nan
               nan               nan               nan               nan
               nan               nan               nan               nan]"	0.0	0.0	0.0
5246.5434178570895	2.0	trials	10.0	0.0	0.0	0.0	0.0	0.0	True	10.0	0.0	0.005	"[59958374.56782181 59959533.57173242 59960691.57563967 59961850.57955028
 59963009.58346089               nan               nan               nan
               nan               nan               nan               nan
               nan               nan               nan               nan
               nan               nan               nan               nan]"	0.0	0.0	0.0
5252.105263823452	2.0	trials	10.0	0.0	0.0	0.0	0.0	0.0	True	10.0	0.0	0.005	"[60029347.80729392 60030505.81120118 60031664.81511179 60032823.8190224
 60033981.82292964               nan               nan               nan
               nan               nan               nan               nan
               nan               nan               nan               nan
               nan               nan               nan               nan]"	0.0	0.0	0.0
5260.12623488721	2.0	trials	10.0	0.0	0.0	0.0	0.0	0.0	True	10.0	0.0	0.005	"[60116851.10254041 60118009.10644765 60119168.11035827 60120326.11426551
 60121485.11817612               nan               nan               nan
               nan               nan               nan               nan
               nan               nan               nan               nan
               nan               nan               nan               nan]"	0.0	0.0	0.0
5267.411853069796	2.0	trials	10.0	0.0	0.0	0.0	0.0	0.0	True	10.0	0.0	0.005	"[60185191.33312844 60186350.33703905 60187509.34094968 60188667.34485692
 60189826.34876754               nan               nan               nan
               nan               nan               nan               nan
               nan               nan               nan               nan
               nan               nan               nan               nan]"	0.0	0.0	0.0
5273.189699764972	2.0	trials	10.0	0.0	0.0	0.0	0.0	0.0	True	10.0	0.0	0.005	"[60249630.550554   60250788.55446124 60251947.55837186 60253106.56228248
 60254264.56618972               nan               nan               nan
               nan               nan               nan               nan
               nan               nan               nan               nan
               nan               nan               nan               nan]"	0.0	0.0	0.0
5278.39384852442	2.0	trials	10.0	0.0	0.0	0.0	0.0	0.0	True	10.0	0.0	0.005	"[60341851.86171963 60343009.86562687 60344168.8695375  60345327.87344811
 60346484.87735198               nan               nan               nan
               nan               nan               nan               nan
               nan               nan               nan               nan
               nan               nan               nan               nan]"	0.0	0.0	0.0
5284.097563769467	2.0	trials	10.0	0.0	0.0	0.0	0.0	0.0	True	10.0	0.0	0.005	"[60418796.12133868 60419954.12524593 60421113.12915654 60422271.13306378
 60423429.13697102               nan               nan               nan
               nan               nan               nan               nan
               nan               nan               nan               nan
               nan               nan               nan               nan]"	0.0	0.0	0.0
5289.9176602072	2.0	trials	10.0	0.0	0.0	0.0	0.0	0.0	True	10.0	0.0	0.005	"[60504352.41001574 60505511.41392636 60506670.41783697 60507828.42174421
 60508987.42565483               nan               nan               nan
               nan               nan               nan               nan
               nan               nan               nan               nan
               nan               nan               nan               nan]"	0.0	0.0	0.0
5297.330373218619	2.0	trials	10.0	0.0	0.0	0.0	0.0	0.0	True	10.0	0.0	0.005	"[60565120.61505486 60566280.61896885 60567439.62287947 60568597.62678671
 60569755.63069395               nan               nan               nan
               nan               nan               nan               nan
               nan               nan               nan               nan
               nan               nan               nan               nan]"	0.0	0.0	0.0
5304.8202416903705	2.0	trials	10.0	0.0	0.0	0.0	0.0	0.0	True	10.0	0.0	0.005	"[60638663.86319849 60639821.86710573 60640981.87101971 60642139.87492697
 60643297.87883421               nan               nan               nan
               nan               nan               nan               nan
               nan               nan               nan               nan
               nan               nan               nan               nan]"	0.0	0.0	0.0
5310.556875446489	2.0	trials	10.0	0.0	0.0	0.0	0.0	0.0	True	10.0	0.0	0.005	"[60731994.17810602 60733152.18201327 60734311.18592389 60735469.18983113
 60736627.19373838               nan               nan               nan
               nan               nan               nan               nan
               nan               nan               nan               nan
               nan               nan               nan               nan]"	0.0	0.0	0.0
5316.540268435204	2.0	trials	10.0	0.0	0.0	0.0	0.0	0.0	True	10.0	0.0	0.005	"[60796366.39530552 60797526.39921951 60798684.40312675 60799842.40703399
 60801001.4109446                nan               nan               nan
               nan               nan               nan               nan
               nan               nan               nan               nan
               nan               nan               nan               nan]"	0.0	0.0	0.0
5322.498000537336	2.0	trials	10.0	0.0	0.0	0.0	0.0	0.0	True	10.0	0.0	0.005	"[60889202.70854624 60890360.71245348 60891519.7163641  60892677.72027134
 60893836.72418196               nan               nan               nan
               nan               nan               nan               nan
               nan               nan               nan               nan
               nan               nan               nan               nan]"	0.0	0.0	0.0
5328.012067142486	2.0	trials	10.0	0.0	0.0	0.0	0.0	0.0	True	10.0	0.0	0.005	"[60973526.99306637 60974684.9969736  60975843.00088085 60977002.00479147
 60978161.00870208               nan               nan               nan
               nan               nan               nan               nan
               nan               nan               nan               nan
               nan               nan               nan               nan]"	0.0	0.0	0.0
5335.175947314312	2.0	trials	10.0	0.0	0.0	0.0	0.0	0.0	True	10.0	0.0	0.005	"[61040399.21870118 61041557.22260842 61042715.22651566 61043874.23042628
 61045034.23434027               nan               nan               nan
               nan               nan               nan               nan
               nan               nan               nan               nan
               nan               nan               nan               nan]"	0.0	0.0	0.0
5341.763969543122	2.0	trials	10.0	0.0	0.0	0.0	0.0	0.0	True	10.0	0.0	0.005	"[61100632.42193513 61101791.42584576 61102949.429753   61104107.43366024
 61105267.43757424               nan               nan               nan
               nan               nan               nan               nan
               nan               nan               nan               nan
               nan               nan               nan               nan]"	0.0	0.0	0.0
5364.718539794709	2.0	trials	11.0	0.0	0.0	0.0	0.0	0.0	True	20.0	0.0	0.005	"[61166648.6446817  61167807.64859232 61168966.65250292 61170124.65641018
 61171282.66031742 61234009.87196646 61235167.8758737  61236326.87978432
 61237485.88369494 61238644.88760556               nan               nan
               nan               nan               nan               nan
               nan               nan               nan               nan]"	0.0	0.0	0.0
5370.11890361621	2.0	trials	11.0	0.0	0.0	0.0	0.0	0.0	True	20.0	0.0	0.005	"[61319806.16145331 61320963.16535717 61322123.16927117 61323281.1731784
 61324440.17708902 61406493.4539465  61407652.45785712 61408811.46176773
 61409970.46567836 61411128.46958558               nan               nan
               nan               nan               nan               nan
               nan               nan               nan               nan]"	0.0	0.0	0.0
5377.355187232335	2.0	trials	11.0	0.0	0.0	0.0	0.0	0.0	True	20.0	0.0	0.005	"[61472890.67797861 61474047.68188246 61475206.68579308 61476365.6897037
 61477523.69361094 61542142.91164384 61543300.91555109 61544459.9194617
 61545618.92337232 61546776.92727956               nan               nan
               nan               nan               nan               nan
               nan               nan               nan               nan]"	0.0	0.0	0.0
5385.383070319415	2.0	trials	11.0	0.0	0.0	0.0	0.0	0.0	True	20.0	0.0	0.005	"[61611097.1443036  61612255.14821082 61613415.15212482 61614572.1560287
 61615732.15994268 61674918.35964394 61676077.36355455 61677235.36746179
 61678394.3713724  61679552.37527966               nan               nan
               nan               nan               nan               nan
               nan               nan               nan               nan]"	0.0	0.0	0.0
5393.27927936221	2.0	trials	11.0	0.0	0.0	0.0	0.0	0.0	True	20.0	0.0	0.005	"[61757833.6394099  61758992.64332053 61760150.64722777 61761308.65113501
 61762468.655049   61834083.89668731 61835242.90059793 61836400.90450517
 61837559.90841579 61838717.91232304               nan               nan
               nan               nan               nan               nan
               nan               nan               nan               nan]"	0.0	0.0	0.0
5400.562996738383	2.0	trials	11.0	0.0	0.0	0.0	0.0	0.0	True	20.0	0.0	0.005	"[62099760.79311264 62100341.79507302 62100920.79702663 62101498.79897688
 62102078.80093388 62102657.80288749 62103236.80484112 62103815.80679474
 62104395.80875173 62104975.81070872               nan               nan
               nan               nan               nan               nan
               nan               nan               nan               nan]"	0.0	0.0	0.0
5406.3977812256735	2.0	trials	11.0	0.0	0.0	0.0	0.0	0.0	True	20.0	0.0	0.005	"[62162265.00400925 62162845.00596625 62163425.00792325 62164003.0098735
 62164583.01183049 62165162.01378411 62165741.01573773 62166321.01769473
 62166900.01964834 62167479.02160197               nan               nan
               nan               nan               nan               nan
               nan               nan               nan               nan]"	0.0	0.0	0.0
5414.411494664944	2.0	trials	11.0	0.0	0.0	0.0	0.0	0.0	True	20.0	0.0	0.005	"[62246019.28660612 62246598.28855974 62247177.29051337 62247756.292467
 62248336.29442398 62248915.29637761 62249495.2983346  62250074.30028822
 62250653.30224184 62251232.30419546               nan               nan
               nan               nan               nan               nan
               nan               nan               nan               nan]"	0.0	0.0	0.0
5421.653480700309	2.0	trials	11.0	0.0	0.0	0.0	0.0	0.0	True	20.0	0.0	0.005	"[62338933.60011002 62339512.60206365 62340092.60402065 62340671.60597426
 62341250.60792788 62341830.60988489 62342409.6118385  62342989.6137955
 62343568.61574912 62344147.61770274               nan               nan
               nan               nan               nan               nan
               nan               nan               nan               nan]"	0.0	0.0	0.0
5427.359528753228	2.0	trials	11.0	0.0	0.0	0.0	0.0	0.0	True	20.0	0.0	0.005	"[62430325.90847851 62430904.91043212 62431483.91238575 62432062.91433936
 62432641.91629299 62433221.91824998 62433800.9202036  62434379.92215723
 62434958.92411085 62435538.92606784               nan               nan
               nan               nan               nan               nan
               nan               nan               nan               nan]"	0.0	0.0	0.0
5432.585536786431	2.0	trials	11.0	0.0	0.0	0.0	0.0	0.0	True	20.0	0.0	0.005	"[62514628.1929244  62515207.19487803 62515786.19683164 62516366.19878864
 62516945.20074225 62517524.20269588 62518104.20465287 62518682.20660312
 62519262.20856012 62519841.21051373               nan               nan
               nan               nan               nan               nan
               nan               nan               nan               nan]"	0.0	0.0	0.0
5438.015708708509	2.0	trials	11.0	0.0	0.0	0.0	0.0	0.0	True	20.0	0.0	0.005	"[62582160.42078613 62582740.42274313 62583318.42469338 62583898.42665038
 62584477.42860399 62585056.43055762 62585635.43251124 62586214.43446486
 62586794.43642186 62587374.43837886               nan               nan
               nan               nan               nan               nan
               nan               nan               nan               nan]"	0.0	0.0	0.0
5445.359387887	2.0	trials	11.0	0.0	0.0	0.0	0.0	0.0	True	20.0	0.0	0.005	"[62674911.73374005 62675489.7356903  62676069.73764729 62676648.73960092
 62677227.74155454 62677807.74351154 62678386.74546516 62678966.74742215
 62679545.74937578 62680124.7513294                nan               nan
               nan               nan               nan               nan
               nan               nan               nan               nan]"	0.0	0.0	0.0
5450.831723151343	2.0	trials	11.0	0.0	0.0	0.0	0.0	0.0	True	20.0	0.0	0.005	"[62758731.01655624 62759310.01850986 62759889.0204635  62760469.02242049
 62761048.02437411 62761627.02632772 62762207.02828473 62762785.03023497
 62763366.03219534 62763945.03414896               nan               nan
               nan               nan               nan               nan
               nan               nan               nan               nan]"	0.0	0.0	0.0
5456.537771204262	2.0	trials	11.0	0.0	0.0	0.0	0.0	0.0	True	20.0	0.0	0.005	"[62824772.23938717 62825351.24134077 62825931.24329777 62826510.24525139
 62827090.24720839 62827669.24916201 62828249.25111901 62828826.25306588
 62829407.25502625 62829985.25697649               nan               nan
               nan               nan               nan               nan
               nan               nan               nan               nan]"	0.0	0.0	0.0
5464.2477876188195	2.0	trials	11.0	0.0	0.0	0.0	0.0	0.0	True	20.0	0.0	0.005	"[62885258.44347477 62885838.44543178 62886417.44738539 62886996.44933901
 62887576.45129601 62888154.45324625 62888734.45520325 62889313.45715687
 62889893.45911387 62890471.46106412               nan               nan
               nan               nan               nan               nan
               nan               nan               nan               nan]"	0.0	0.0	0.0
5471.778091427005	2.0	trials	11.0	0.0	0.0	0.0	0.0	0.0	True	20.0	0.0	0.005	"[62948108.65553884 62948686.65748909 62949266.65944608 62949846.66140307
 62950424.66335332 62951004.66531032 62951584.66726732 62952162.66921756
 62952742.67117456 62953322.67313156               nan               nan
               nan               nan               nan               nan
               nan               nan               nan               nan]"	0.0	0.0	0.0
5479.433934858777	2.0	trials	11.0	0.0	0.0	0.0	0.0	0.0	True	20.0	0.0	0.005	"[63033104.94232637 63033682.94427663 63034263.94623699 63034842.94819061
 63035421.95014425 63036000.95209787 63036579.95405147 63037159.95600849
 63037738.9579621  63038317.95991573               nan               nan
               nan               nan               nan               nan
               nan               nan               nan               nan]"	0.0	0.0	0.0
5485.57811879002	2.0	trials	11.0	0.0	0.0	0.0	0.0	0.0	True	20.0	0.0	0.005	"[63096442.15603364 63097022.15799065 63097600.15994089 63098179.16189451
 63098759.16385151 63099339.1658085  63099918.16776212 63100497.16971573
 63101076.17166936 63101655.17362298               nan               nan
               nan               nan               nan               nan
               nan               nan               nan               nan]"	0.0	0.0	0.0
5492.976230152172	2.0	trials	11.0	0.0	0.0	0.0	0.0	0.0	True	20.0	0.0	0.005	"[63162483.37886456 63163063.38082155 63163642.38277518 63164221.38472879
 63164801.38668579 63165380.38863941 63165959.39059303 63166538.39254666
 63167117.39450026 63167697.39645727               nan               nan
               nan               nan               nan               nan
               nan               nan               nan               nan]"	0.0	0.0	0.0
5499.52787785825	2.0	trials	11.0	0.0	0.0	0.0	0.0	0.0	True	20.0	0.0	0.005	"[63251720.67996179 63252299.68191541 63252877.68386565 63253458.68582602
 63254037.68777965 63254615.68972989 63255195.69168688 63255774.69364051
 63256354.6955975  63256933.69755112               nan               nan
               nan               nan               nan               nan
               nan               nan               nan               nan]"	0.0	0.0	0.0
5506.68061239247	2.0	trials	11.0	0.0	0.0	0.0	0.0	0.0	True	20.0	0.0	0.005	"[63338875.97403408 63339455.97599106 63340034.97794469 63340614.97990168
 63341193.9818553  63341771.98380554 63342351.98576254 63342930.98771617
 63343510.98967316 63344089.99162678               nan               nan
               nan               nan               nan               nan
               nan               nan               nan               nan]"	0.0	0.0	0.0
5512.21852547808	2.0	trials	11.0	0.0	0.0	0.0	0.0	0.0	True	20.0	0.0	0.005	"[63427485.27301234 63428065.27496934 63428644.27692296 63429223.27887658
 63429803.28083357 63430381.28278382 63430961.28474082 63431540.28669444
 63432119.28864805 63432699.29060506               nan               nan
               nan               nan               nan               nan
               nan               nan               nan               nan]"	0.0	0.0	0.0
5519.295141355466	2.0	trials	11.0	0.0	0.0	0.0	0.0	0.0	True	20.0	0.0	0.005	"[63498599.51296021 63499178.51491383 63499757.51686745 63500336.51882108
 63500915.52077469 63501494.52272832 63502075.52468869 63502653.52663893
 63503232.52859256 63503812.53054956               nan               nan
               nan               nan               nan               nan
               nan               nan               nan               nan]"	0.0	0.0	0.0
5525.911934881354	2.0	trials	11.0	0.0	0.0	0.0	0.0	0.0	True	20.0	0.0	0.005	"[63584224.80187009 63584803.8038237  63585383.8057807  63585962.80773432
 63586542.80969132 63587121.81164493 63587701.81360194 63588280.81555554
 63588859.81750917 63589438.8194628                nan               nan
               nan               nan               nan               nan
               nan               nan               nan               nan]"	0.0	0.0	0.0
5532.276525956278	2.0	trials	11.0	0.0	0.0	0.0	0.0	0.0	True	20.0	0.0	0.005	"[63660054.05772698 63660633.0596806  63661212.06163421 63661792.06359122
 63662371.06554484 63662951.06750184 63663530.06945544 63664108.0714057
 63664689.07336606 63665267.07531632               nan               nan
               nan               nan               nan               nan
               nan               nan               nan               nan]"	0.0	0.0	0.0
5537.982487608905	2.0	trials	11.0	0.0	0.0	0.0	0.0	0.0	True	20.0	0.0	0.005	"[63742840.33705769 63743420.33901469 63744000.34097168 63744579.3429253
 63745158.34487893 63745737.34683254 63746316.34878617 63746895.35073978
 63747475.35269678 63748054.35465041               nan               nan
               nan               nan               nan               nan
               nan               nan               nan               nan]"	0.0	0.0	0.0
5544.2993857229085	2.0	trials	11.0	0.0	0.0	0.0	0.0	0.0	True	20.0	0.0	0.005	"[63806937.5533293  63807516.55528291 63808096.55723991 63808675.55919354
 63809254.56114715 63809833.56310077 63810413.56505776 63810992.56701139
 63811571.568965   63812151.570922                 nan               nan
               nan               nan               nan               nan
               nan               nan               nan               nan]"	0.0	0.0	0.0
5550.795132440369	2.0	trials	11.0	0.0	0.0	0.0	0.0	0.0	True	20.0	0.0	0.005	"[63888841.82968402 63889421.83164102 63890000.83359464 63890579.83554827
 63891159.83750526 63891738.83945888 63892318.84141587 63892896.84336612
 63893476.84532312 63894056.84728011               nan               nan
               nan               nan               nan               nan
               nan               nan               nan               nan]"	0.0	0.0	0.0
5558.060878555903	2.0	trials	11.0	0.0	0.0	0.0	0.0	0.0	True	20.0	0.0	0.005	"[63965426.08808839 63966006.09004538 63966585.091999   63967164.09395263
 63967743.09590624 63968322.09785987 63968902.09981686 63969481.10177048
 63970060.10372411 63970640.1056811                nan               nan
               nan               nan               nan               nan
               nan               nan               nan               nan]"	0.0	0.0	0.0
5579.235948403233	2.0	trials	12.0	0.0	0.0	0.0	0.0	0.0	True	1.0	0.0	1.0	"[64039090.33664028               nan               nan               nan
               nan               nan               nan               nan
               nan               nan               nan               nan
               nan               nan               nan               nan
               nan               nan               nan               nan]"	0.0	0.0	0.0
5586.475515230436	2.0	trials	12.0	0.0	0.0	0.0	0.0	0.0	True	1.0	0.0	1.0	"[64039669.33859391               nan               nan               nan
               nan               nan               nan               nan
               nan               nan               nan               nan
               nan               nan               nan               nan
               nan               nan               nan               nan]"	0.0	0.0	0.0
5592.187352102887	2.0	trials	12.0	0.0	0.0	0.0	0.0	0.0	True	0.0	0.0	0.0	"[nan nan nan nan nan nan nan nan nan nan nan nan nan nan nan nan nan nan
 nan nan]"	0.0	0.0	0.0
5599.123394705961	2.0	trials	12.0	0.0	0.0	0.0	0.0	0.0	True	1.0	0.0	1.0	"[64040248.34054752               nan               nan               nan
               nan               nan               nan               nan
               nan               nan               nan               nan
               nan               nan               nan               nan
               nan               nan               nan               nan]"	0.0	0.0	0.0
5606.899593743828	2.0	trials	12.0	0.0	0.0	0.0	0.0	0.0	True	1.0	0.0	1.0	"[64040828.34250453               nan               nan               nan
               nan               nan               nan               nan
               nan               nan               nan               nan
               nan               nan               nan               nan
               nan               nan               nan               nan]"	0.0	0.0	0.0
5613.194459783492	2.0	trials	12.0	0.0	0.0	0.0	0.0	0.0	True	0.0	0.0	0.0	"[nan nan nan nan nan nan nan nan nan nan nan nan nan nan nan nan nan nan
 nan nan]"	0.0	0.0	0.0
5619.394112701894	2.0	trials	12.0	0.0	0.0	0.0	0.0	0.0	True	1.0	0.0	1.0	"[64041407.34445814               nan               nan               nan
               nan               nan               nan               nan
               nan               nan               nan               nan
               nan               nan               nan               nan
               nan               nan               nan               nan]"	0.0	0.0	0.0
5627.110004336278	2.0	trials	12.0	0.0	0.0	0.0	0.0	0.0	True	1.0	0.0	1.0	"[64041987.34641515               nan               nan               nan
               nan               nan               nan               nan
               nan               nan               nan               nan
               nan               nan               nan               nan
               nan               nan               nan               nan]"	0.0	0.0	0.0
5632.765681019236	2.0	trials	12.0	0.0	0.0	0.0	0.0	0.0	True	1.0	0.0	1.0	"[64042565.34836539               nan               nan               nan
               nan               nan               nan               nan
               nan               nan               nan               nan
               nan               nan               nan               nan
               nan               nan               nan               nan]"	0.0	0.0	0.0
5640.187898062723	2.0	trials	12.0	0.0	0.0	0.0	0.0	0.0	True	1.0	0.0	1.0	"[64043145.35032238               nan               nan               nan
               nan               nan               nan               nan
               nan               nan               nan               nan
               nan               nan               nan               nan
               nan               nan               nan               nan]"	0.0	0.0	0.0
5646.289832251411	2.0	trials	12.0	0.0	0.0	0.0	0.0	0.0	True	1.0	0.0	1.0	"[64043724.352276             nan             nan             nan
             nan             nan             nan             nan
             nan             nan             nan             nan
             nan             nan             nan             nan
             nan             nan             nan             nan]"	0.0	0.0	0.0
5652.685786632161	2.0	trials	12.0	0.0	0.0	0.0	0.0	0.0	True	1.0	0.0	1.0	"[64044303.35422963               nan               nan               nan
               nan               nan               nan               nan
               nan               nan               nan               nan
               nan               nan               nan               nan
               nan               nan               nan               nan]"	0.0	0.0	0.0
5660.456024049912	2.0	trials	12.0	0.0	0.0	0.0	0.0	0.0	True	1.0	0.0	1.0	"[64105131.5594712              nan              nan              nan
              nan              nan              nan              nan
              nan              nan              nan              nan
              nan              nan              nan              nan
              nan              nan              nan              nan]"	0.0	0.0	0.0
5666.072302199936	2.0	trials	12.0	0.0	0.0	0.0	0.0	0.0	True	1.0	0.0	1.0	"[64105710.56142481               nan               nan               nan
               nan               nan               nan               nan
               nan               nan               nan               nan
               nan               nan               nan               nan
               nan               nan               nan               nan]"	0.0	0.0	0.0
5673.5359913833545	2.0	trials	12.0	0.0	0.0	0.0	0.0	0.0	True	1.0	0.0	1.0	"[64106289.56337844               nan               nan               nan
               nan               nan               nan               nan
               nan               nan               nan               nan
               nan               nan               nan               nan
               nan               nan               nan               nan]"	0.0	0.0	0.0
5680.904381045221	2.0	trials	12.0	0.0	0.0	0.0	0.0	0.0	True	1.0	0.0	1.0	"[64106868.56533206               nan               nan               nan
               nan               nan               nan               nan
               nan               nan               nan               nan
               nan               nan               nan               nan
               nan               nan               nan               nan]"	0.0	0.0	0.0
5687.378354889218	2.0	trials	12.0	0.0	0.0	0.0	0.0	0.0	True	1.0	0.0	1.0	"[64107448.56728906               nan               nan               nan
               nan               nan               nan               nan
               nan               nan               nan               nan
               nan               nan               nan               nan
               nan               nan               nan               nan]"	0.0	0.0	0.0
5694.704149207363	2.0	trials	12.0	0.0	0.0	0.0	0.0	0.0	True	1.0	0.0	1.0	"[64108027.56924267               nan               nan               nan
               nan               nan               nan               nan
               nan               nan               nan               nan
               nan               nan               nan               nan
               nan               nan               nan               nan]"	0.0	0.0	0.0
5701.850490120009	2.0	trials	12.0	0.0	0.0	0.0	0.0	0.0	True	1.0	0.0	1.0	"[64108607.57119968               nan               nan               nan
               nan               nan               nan               nan
               nan               nan               nan               nan
               nan               nan               nan               nan
               nan               nan               nan               nan]"	0.0	0.0	0.0
5709.6386123981065	2.0	trials	12.0	0.0	0.0	0.0	0.0	0.0	True	1.0	0.0	1.0	"[64109186.57315329               nan               nan               nan
               nan               nan               nan               nan
               nan               nan               nan               nan
               nan               nan               nan               nan
               nan               nan               nan               nan]"	0.0	0.0	0.0
5716.454472195668	2.0	trials	12.0	0.0	0.0	0.0	0.0	0.0	True	1.0	0.0	1.0	"[64109765.57510692               nan               nan               nan
               nan               nan               nan               nan
               nan               nan               nan               nan
               nan               nan               nan               nan
               nan               nan               nan               nan]"	0.0	0.0	0.0
5724.35612445683	2.0	trials	12.0	0.0	0.0	0.0	0.0	0.0	True	1.0	0.0	1.0	"[64110344.57706054               nan               nan               nan
               nan               nan               nan               nan
               nan               nan               nan               nan
               nan               nan               nan               nan
               nan               nan               nan               nan]"	0.0	0.0	0.0
5731.742398979042	2.0	trials	12.0	0.0	0.0	0.0	0.0	0.0	True	1.0	0.0	1.0	"[64178243.80616058               nan               nan               nan
               nan               nan               nan               nan
               nan               nan               nan               nan
               nan               nan               nan               nan
               nan               nan               nan               nan]"	0.0	0.0	0.0
5737.874746070348	2.0	trials	12.0	0.0	0.0	0.0	0.0	0.0	True	1.0	0.0	1.0	"[64178823.80811758               nan               nan               nan
               nan               nan               nan               nan
               nan               nan               nan               nan
               nan               nan               nan               nan
               nan               nan               nan               nan]"	0.0	0.0	0.0
5745.422589137712	2.0	trials	12.0	0.0	0.0	0.0	0.0	0.0	True	1.0	0.0	1.0	"[64179402.8100712              nan              nan              nan
              nan              nan              nan              nan
              nan              nan              nan              nan
              nan              nan              nan              nan
              nan              nan              nan              nan]"	0.0	0.0	0.0
5751.824591538868	2.0	trials	12.0	0.0	0.0	0.0	0.0	0.0	True	1.0	0.0	1.0	"[64179981.81202482               nan               nan               nan
               nan               nan               nan               nan
               nan               nan               nan               nan
               nan               nan               nan               nan
               nan               nan               nan               nan]"	0.0	0.0	0.0
5759.150558657596	2.0	trials	12.0	0.0	0.0	0.0	0.0	0.0	True	0.0	0.0	0.0	"[nan nan nan nan nan nan nan nan nan nan nan nan nan nan nan nan nan nan
 nan nan]"	0.0	0.0	0.0
5765.570618719681	2.0	trials	12.0	0.0	0.0	0.0	0.0	0.0	True	1.0	0.0	1.0	"[64180560.81397843               nan               nan               nan
               nan               nan               nan               nan
               nan               nan               nan               nan
               nan               nan               nan               nan
               nan               nan               nan               nan]"	0.0	0.0	0.0
5772.155876139162	2.0	trials	12.0	0.0	0.0	0.0	0.0	0.0	True	1.0	0.0	1.0	"[64181140.81593544               nan               nan               nan
               nan               nan               nan               nan
               nan               nan               nan               nan
               nan               nan               nan               nan
               nan               nan               nan               nan]"	0.0	0.0	0.0
5779.724800877659	2.0	trials	12.0	0.0	0.0	0.0	0.0	0.0	True	1.0	0.0	1.0	"[64181719.81788906               nan               nan               nan
               nan               nan               nan               nan
               nan               nan               nan               nan
               nan               nan               nan               nan
               nan               nan               nan               nan]"	0.0	0.0	0.0
5786.97283493343	2.0	trials	12.0	0.0	0.0	0.0	0.0	0.0	True	1.0	0.0	1.0	"[64182297.81983931               nan               nan               nan
               nan               nan               nan               nan
               nan               nan               nan               nan
               nan               nan               nan               nan
               nan               nan               nan               nan]"	0.0	0.0	0.0
5794.7909381126865	2.0	trials	12.0	0.0	0.0	0.0	0.0	0.0	True	1.0	0.0	1.0	"[64182877.8217963              nan              nan              nan
              nan              nan              nan              nan
              nan              nan              nan              nan
              nan              nan              nan              nan
              nan              nan              nan              nan]"	0.0	0.0	0.0
