onset	duration	nwb_table	Block	sound	sound_puretone	sound_bluenoise	sound_freq	sound_amp	optogenetics	opto_freq	opto_power	opto_pulse_duration	opto_pulse_ts	airpuff	airpuff_duration	airpuff_amp
300.0065364250722	2.0	trials	1.0	1.0	1.0	0.0	10000.0	1.0	False	0.0	0.0	0.0	[NaN, NaN, NaN, NaN, NaN, NaN, NaN, NaN, NaN, NaN, NaN, NaN, NaN, NaN, NaN, NaN, NaN, NaN, NaN, NaN]	0.0	0.0	0.0
309.69053880545533	2.0	trials	1.0	1.0	1.0	0.0	10000.0	1.0	False	0.0	0.0	0.0	[NaN, NaN, NaN, NaN, NaN, NaN, NaN, NaN, NaN, NaN, NaN, NaN, NaN, NaN, NaN, NaN, NaN, NaN, NaN, NaN]	0.0	0.0	0.0
319.2906465157159	2.0	trials	1.0	1.0	1.0	0.0	10000.0	1.0	False	0.0	0.0	0.0	[NaN, NaN, NaN, NaN, NaN, NaN, NaN, NaN, NaN, NaN, NaN, NaN, NaN, NaN, NaN, NaN, NaN, NaN, NaN, NaN]	0.0	0.0	0.0
327.19912317929214	2.0	trials	1.0	1.0	1.0	0.0	10000.0	1.0	False	0.0	0.0	0.0	[NaN, NaN, NaN, NaN, NaN, NaN, NaN, NaN, NaN, NaN, NaN, NaN, NaN, NaN, NaN, NaN, NaN, NaN, NaN, NaN]	0.0	0.0	0.0
336.53484603829094	2.0	trials	1.0	1.0	1.0	0.0	10000.0	1.0	False	0.0	0.0	0.0	[NaN, NaN, NaN, NaN, NaN, NaN, NaN, NaN, NaN, NaN, NaN, NaN, NaN, NaN, NaN, NaN, NaN, NaN, NaN, NaN]	0.0	0.0	0.0
346.1166368895752	2.0	trials	1.0	1.0	1.0	0.0	10000.0	1.0	False	0.0	0.0	0.0	[NaN, NaN, NaN, NaN, NaN, NaN, NaN, NaN, NaN, NaN, NaN, NaN, NaN, NaN, NaN, NaN, NaN, NaN, NaN, NaN]	0.0	0.0	0.0
353.00507186883885	2.0	trials	1.0	1.0	1.0	0.0	10000.0	1.0	False	0.0	0.0	0.0	[NaN, NaN, NaN, NaN, NaN, NaN, NaN, NaN, NaN, NaN, NaN, NaN, NaN, NaN, NaN, NaN, NaN, NaN, NaN, NaN]	0.0	0.0	0.0
361.32109864463786	2.0	trials	1.0	1.0	1.0	0.0	10000.0	1.0	False	0.0	0.0	0.0	[NaN, NaN, NaN, NaN, NaN, NaN, NaN, NaN, NaN, NaN, NaN, NaN, NaN, NaN, NaN, NaN, NaN, NaN, NaN, NaN]	0.0	0.0	0.0
369.39710544762477	2.0	trials	1.0	1.0	1.0	0.0	10000.0	1.0	False	0.0	0.0	0.0	[NaN, NaN, NaN, NaN, NaN, NaN, NaN, NaN, NaN, NaN, NaN, NaN, NaN, NaN, NaN, NaN, NaN, NaN, NaN, NaN]	0.0	0.0	0.0
379.42930094911407	2.0	trials	1.0	1.0	1.0	0.0	10000.0	1.0	False	0.0	0.0	0.0	[NaN, NaN, NaN, NaN, NaN, NaN, NaN, NaN, NaN, NaN, NaN, NaN, NaN, NaN, NaN, NaN, NaN, NaN, NaN, NaN]	0.0	0.0	0.0
388.72346527430346	2.0	trials	1.0	1.0	1.0	0.0	10000.0	1.0	False	0.0	0.0	0.0	[NaN, NaN, NaN, NaN, NaN, NaN, NaN, NaN, NaN, NaN, NaN, NaN, NaN, NaN, NaN, NaN, NaN, NaN, NaN, NaN]	0.0	0.0	0.0
396.15069238836054	2.0	trials	1.0	1.0	1.0	0.0	10000.0	1.0	False	0.0	0.0	0.0	[NaN, NaN, NaN, NaN, NaN, NaN, NaN, NaN, NaN, NaN, NaN, NaN, NaN, NaN, NaN, NaN, NaN, NaN, NaN, NaN]	0.0	0.0	0.0
406.3993205867162	2.0	trials	1.0	1.0	1.0	0.0	10000.0	1.0	False	0.0	0.0	0.0	[NaN, NaN, NaN, NaN, NaN, NaN, NaN, NaN, NaN, NaN, NaN, NaN, NaN, NaN, NaN, NaN, NaN, NaN, NaN, NaN]	0.0	0.0	0.0
413.03529395310835	2.0	trials	1.0	1.0	1.0	0.0	10000.0	1.0	False	0.0	0.0	0.0	[NaN, NaN, NaN, NaN, NaN, NaN, NaN, NaN, NaN, NaN, NaN, NaN, NaN, NaN, NaN, NaN, NaN, NaN, NaN, NaN]	0.0	0.0	0.0
422.083735887125	2.0	trials	1.0	1.0	1.0	0.0	10000.0	1.0	False	0.0	0.0	0.0	[NaN, NaN, NaN, NaN, NaN, NaN, NaN, NaN, NaN, NaN, NaN, NaN, NaN, NaN, NaN, NaN, NaN, NaN, NaN, NaN]	0.0	0.0	0.0
430.5461247341781	2.0	trials	1.0	1.0	1.0	0.0	10000.0	1.0	False	0.0	0.0	0.0	[NaN, NaN, NaN, NaN, NaN, NaN, NaN, NaN, NaN, NaN, NaN, NaN, NaN, NaN, NaN, NaN, NaN, NaN, NaN, NaN]	0.0	0.0	0.0
437.50964155518886	2.0	trials	1.0	1.0	1.0	0.0	10000.0	1.0	False	0.0	0.0	0.0	[NaN, NaN, NaN, NaN, NaN, NaN, NaN, NaN, NaN, NaN, NaN, NaN, NaN, NaN, NaN, NaN, NaN, NaN, NaN, NaN]	0.0	0.0	0.0
444.91958861360814	2.0	trials	1.0	1.0	1.0	0.0	10000.0	1.0	False	0.0	0.0	0.0	[NaN, NaN, NaN, NaN, NaN, NaN, NaN, NaN, NaN, NaN, NaN, NaN, NaN, NaN, NaN, NaN, NaN, NaN, NaN, NaN]	0.0	0.0	0.0
455.2881403980916	2.0	trials	1.0	1.0	1.0	0.0	10000.0	1.0	False	0.0	0.0	0.0	[NaN, NaN, NaN, NaN, NaN, NaN, NaN, NaN, NaN, NaN, NaN, NaN, NaN, NaN, NaN, NaN, NaN, NaN, NaN, NaN]	0.0	0.0	0.0
464.46730595300994	2.0	trials	1.0	1.0	1.0	0.0	10000.0	1.0	False	0.0	0.0	0.0	[NaN, NaN, NaN, NaN, NaN, NaN, NaN, NaN, NaN, NaN, NaN, NaN, NaN, NaN, NaN, NaN, NaN, NaN, NaN, NaN]	0.0	0.0	0.0
475.36410903834775	2.0	trials	1.0	1.0	1.0	0.0	10000.0	1.0	False	0.0	0.0	0.0	[NaN, NaN, NaN, NaN, NaN, NaN, NaN, NaN, NaN, NaN, NaN, NaN, NaN, NaN, NaN, NaN, NaN, NaN, NaN, NaN]	0.0	0.0	0.0
486.20786235287693	2.0	trials	1.0	1.0	1.0	0.0	10000.0	1.0	False	0.0	0.0	0.0	[NaN, NaN, NaN, NaN, NaN, NaN, NaN, NaN, NaN, NaN, NaN, NaN, NaN, NaN, NaN, NaN, NaN, NaN, NaN, NaN]	0.0	0.0	0.0
493.8376117190119	2.0	trials	1.0	1.0	1.0	0.0	10000.0	1.0	False	0.0	0.0	0.0	[NaN, NaN, NaN, NaN, NaN, NaN, NaN, NaN, NaN, NaN, NaN, NaN, NaN, NaN, NaN, NaN, NaN, NaN, NaN, NaN]	0.0	0.0	0.0
502.7736468911032	2.0	trials	1.0	1.0	1.0	0.0	10000.0	1.0	False	0.0	0.0	0.0	[NaN, NaN, NaN, NaN, NaN, NaN, NaN, NaN, NaN, NaN, NaN, NaN, NaN, NaN, NaN, NaN, NaN, NaN, NaN, NaN]	0.0	0.0	0.0
513.4640397118447	2.0	trials	1.0	1.0	1.0	0.0	10000.0	1.0	False	0.0	0.0	0.0	[NaN, NaN, NaN, NaN, NaN, NaN, NaN, NaN, NaN, NaN, NaN, NaN, NaN, NaN, NaN, NaN, NaN, NaN, NaN, NaN]	0.0	0.0	0.0
520.2824904657745	2.0	trials	1.0	1.0	1.0	0.0	10000.0	1.0	False	0.0	0.0	0.0	[NaN, NaN, NaN, NaN, NaN, NaN, NaN, NaN, NaN, NaN, NaN, NaN, NaN, NaN, NaN, NaN, NaN, NaN, NaN, NaN]	0.0	0.0	0.0
530.9124894920612	2.0	trials	1.0	1.0	1.0	0.0	10000.0	1.0	False	0.0	0.0	0.0	[NaN, NaN, NaN, NaN, NaN, NaN, NaN, NaN, NaN, NaN, NaN, NaN, NaN, NaN, NaN, NaN, NaN, NaN, NaN, NaN]	0.0	0.0	0.0
541.654722479717	2.0	trials	1.0	1.0	1.0	0.0	10000.0	1.0	False	0.0	0.0	0.0	[NaN, NaN, NaN, NaN, NaN, NaN, NaN, NaN, NaN, NaN, NaN, NaN, NaN, NaN, NaN, NaN, NaN, NaN, NaN, NaN]	0.0	0.0	0.0
552.687519602926	2.0	trials	1.0	1.0	1.0	0.0	10000.0	1.0	False	0.0	0.0	0.0	[NaN, NaN, NaN, NaN, NaN, NaN, NaN, NaN, NaN, NaN, NaN, NaN, NaN, NaN, NaN, NaN, NaN, NaN, NaN, NaN]	0.0	0.0	0.0
561.22481749117	2.0	trials	1.0	1.0	1.0	0.0	10000.0	1.0	False	0.0	0.0	0.0	[NaN, NaN, NaN, NaN, NaN, NaN, NaN, NaN, NaN, NaN, NaN, NaN, NaN, NaN, NaN, NaN, NaN, NaN, NaN, NaN]	0.0	0.0	0.0
569.0728139600131	2.0	trials	1.0	1.0	1.0	0.0	10000.0	1.0	False	0.0	0.0	0.0	[NaN, NaN, NaN, NaN, NaN, NaN, NaN, NaN, NaN, NaN, NaN, NaN, NaN, NaN, NaN, NaN, NaN, NaN, NaN, NaN]	0.0	0.0	0.0
576.9026663704364	2.0	trials	1.0	1.0	1.0	0.0	10000.0	1.0	False	0.0	0.0	0.0	[NaN, NaN, NaN, NaN, NaN, NaN, NaN, NaN, NaN, NaN, NaN, NaN, NaN, NaN, NaN, NaN, NaN, NaN, NaN, NaN]	0.0	0.0	0.0
583.838794303261	2.0	trials	1.0	1.0	1.0	0.0	10000.0	1.0	False	0.0	0.0	0.0	[NaN, NaN, NaN, NaN, NaN, NaN, NaN, NaN, NaN, NaN, NaN, NaN, NaN, NaN, NaN, NaN, NaN, NaN, NaN, NaN]	0.0	0.0	0.0
590.4089306576722	2.0	trials	1.0	1.0	1.0	0.0	10000.0	1.0	False	0.0	0.0	0.0	[NaN, NaN, NaN, NaN, NaN, NaN, NaN, NaN, NaN, NaN, NaN, NaN, NaN, NaN, NaN, NaN, NaN, NaN, NaN, NaN]	0.0	0.0	0.0
599.3244889638324	2.0	trials	1.0	1.0	1.0	0.0	10000.0	1.0	False	0.0	0.0	0.0	[NaN, NaN, NaN, NaN, NaN, NaN, NaN, NaN, NaN, NaN, NaN, NaN, NaN, NaN, NaN, NaN, NaN, NaN, NaN, NaN]	0.0	0.0	0.0
610.1127732997636	2.0	trials	1.0	1.0	1.0	0.0	10000.0	1.0	False	0.0	0.0	0.0	[NaN, NaN, NaN, NaN, NaN, NaN, NaN, NaN, NaN, NaN, NaN, NaN, NaN, NaN, NaN, NaN, NaN, NaN, NaN, NaN]	0.0	0.0	0.0
618.0691157174571	2.0	trials	1.0	1.0	1.0	0.0	10000.0	1.0	False	0.0	0.0	0.0	[NaN, NaN, NaN, NaN, NaN, NaN, NaN, NaN, NaN, NaN, NaN, NaN, NaN, NaN, NaN, NaN, NaN, NaN, NaN, NaN]	0.0	0.0	0.0
627.0511158375456	2.0	trials	1.0	1.0	1.0	0.0	10000.0	1.0	False	0.0	0.0	0.0	[NaN, NaN, NaN, NaN, NaN, NaN, NaN, NaN, NaN, NaN, NaN, NaN, NaN, NaN, NaN, NaN, NaN, NaN, NaN, NaN]	0.0	0.0	0.0
635.3547009732852	2.0	trials	1.0	1.0	1.0	0.0	10000.0	1.0	False	0.0	0.0	0.0	[NaN, NaN, NaN, NaN, NaN, NaN, NaN, NaN, NaN, NaN, NaN, NaN, NaN, NaN, NaN, NaN, NaN, NaN, NaN, NaN]	0.0	0.0	0.0
645.4111749529459	2.0	trials	1.0	1.0	1.0	0.0	10000.0	1.0	False	0.0	0.0	0.0	[NaN, NaN, NaN, NaN, NaN, NaN, NaN, NaN, NaN, NaN, NaN, NaN, NaN, NaN, NaN, NaN, NaN, NaN, NaN, NaN]	0.0	0.0	0.0
656.3802086708507	2.0	trials	1.0	1.0	1.0	0.0	10000.0	1.0	False	0.0	0.0	0.0	[NaN, NaN, NaN, NaN, NaN, NaN, NaN, NaN, NaN, NaN, NaN, NaN, NaN, NaN, NaN, NaN, NaN, NaN, NaN, NaN]	0.0	0.0	0.0
663.9113753195707	2.0	trials	1.0	1.0	1.0	0.0	10000.0	1.0	False	0.0	0.0	0.0	[NaN, NaN, NaN, NaN, NaN, NaN, NaN, NaN, NaN, NaN, NaN, NaN, NaN, NaN, NaN, NaN, NaN, NaN, NaN, NaN]	0.0	0.0	0.0
671.5136493972411	2.0	trials	1.0	1.0	1.0	0.0	10000.0	1.0	False	0.0	0.0	0.0	[NaN, NaN, NaN, NaN, NaN, NaN, NaN, NaN, NaN, NaN, NaN, NaN, NaN, NaN, NaN, NaN, NaN, NaN, NaN, NaN]	0.0	0.0	0.0
678.621195481995	2.0	trials	1.0	1.0	1.0	0.0	10000.0	1.0	False	0.0	0.0	0.0	[NaN, NaN, NaN, NaN, NaN, NaN, NaN, NaN, NaN, NaN, NaN, NaN, NaN, NaN, NaN, NaN, NaN, NaN, NaN, NaN]	0.0	0.0	0.0
689.6382677545735	2.0	trials	1.0	1.0	1.0	0.0	10000.0	1.0	False	0.0	0.0	0.0	[NaN, NaN, NaN, NaN, NaN, NaN, NaN, NaN, NaN, NaN, NaN, NaN, NaN, NaN, NaN, NaN, NaN, NaN, NaN, NaN]	0.0	0.0	0.0
699.1899913090475	2.0	trials	1.0	1.0	1.0	0.0	10000.0	1.0	False	0.0	0.0	0.0	[NaN, NaN, NaN, NaN, NaN, NaN, NaN, NaN, NaN, NaN, NaN, NaN, NaN, NaN, NaN, NaN, NaN, NaN, NaN, NaN]	0.0	0.0	0.0
707.4756915872018	2.0	trials	1.0	1.0	1.0	0.0	10000.0	1.0	False	0.0	0.0	0.0	[NaN, NaN, NaN, NaN, NaN, NaN, NaN, NaN, NaN, NaN, NaN, NaN, NaN, NaN, NaN, NaN, NaN, NaN, NaN, NaN]	0.0	0.0	0.0
714.0571463780559	2.0	trials	1.0	1.0	1.0	0.0	10000.0	1.0	False	0.0	0.0	0.0	[NaN, NaN, NaN, NaN, NaN, NaN, NaN, NaN, NaN, NaN, NaN, NaN, NaN, NaN, NaN, NaN, NaN, NaN, NaN, NaN]	0.0	0.0	0.0
720.2328654625294	2.0	trials	1.0	1.0	1.0	0.0	10000.0	1.0	False	0.0	0.0	0.0	[NaN, NaN, NaN, NaN, NaN, NaN, NaN, NaN, NaN, NaN, NaN, NaN, NaN, NaN, NaN, NaN, NaN, NaN, NaN, NaN]	0.0	0.0	0.0
729.4665495929856	2.0	trials	1.0	1.0	1.0	0.0	10000.0	1.0	False	0.0	0.0	0.0	[NaN, NaN, NaN, NaN, NaN, NaN, NaN, NaN, NaN, NaN, NaN, NaN, NaN, NaN, NaN, NaN, NaN, NaN, NaN, NaN]	0.0	0.0	0.0
784.7076042571769	2.0	trials	2.0	1.0	1.0	0.0	10000.0	1.0	True	40.0	0.0	0.005	[9090375.964222552, 9090664.96515307, 9090954.966086809, 9091244.967020545, 9091534.967954284, 9091823.968884803, 9092113.96981854, 9092403.970752278, 9092692.971682796, 9092982.972616535, 9093271.973547053, 9093562.974484012, 9093851.975414531, 9094140.976345047, 9094430.977278786, 9094719.978209304, 9095009.979143042, 9095298.980073562, 9095588.9810073, 9095878.981941039]	0.0	0.0	0.0
794.2607102161019	2.0	trials	2.0	1.0	1.0	0.0	10000.0	1.0	True	40.0	0.0	0.005	[9200944.320227921, 9201232.32115522, 9201523.32209218, 9201812.323022697, 9202102.323956434, 9202391.324886953, 9202681.325820692, 9202970.32675121, 9203260.327684948, 9203549.328615466, 9203840.329552423, 9204130.330486162, 9204419.331416681, 9204708.3323472, 9204998.333280936, 9205288.334214674, 9205578.335148413, 9205867.336078933, 9206156.33700945, 9206447.33794641]	0.0	0.0	0.0
804.7079726540168	2.0	trials	2.0	1.0	1.0	0.0	10000.0	1.0	True	40.0	0.0	0.005	[9321860.709551645, 9322150.710485384, 9322440.71141912, 9322729.712349638, 9323019.713283377, 9323309.714217115, 9323598.715147635, 9323889.716084592, 9324177.71701189, 9324467.717945628, 9324756.718876148, 9325046.719809884, 9325336.720743623, 9325626.721677361, 9325915.722607879, 9326205.723541617, 9326495.724475356, 9326784.725405874, 9327074.726339612, 9327363.72727013]	0.0	0.0	0.0
812.6980975804825	2.0	trials	2.0	1.0	1.0	0.0	10000.0	1.0	True	40.0	0.0	0.005	[9414340.007314293, 9414630.008248031, 9414919.009178549, 9415208.010109069, 9415498.011042807, 9415788.011976544, 9416078.012910282, 9416367.0138408, 9416658.01477776, 9416947.015708277, 9417236.016638795, 9417526.017572533, 9417815.018503051, 9418106.01944001, 9418395.020370528, 9418684.021301046, 9418975.022238005, 9419265.023171743, 9419554.024102261, 9419844.025036]	0.0	0.0	0.0
821.1842465040379	2.0	trials	2.0	1.0	1.0	0.0	10000.0	1.0	True	40.0	0.0	0.005	[9512558.3235553, 9512848.324489037, 9513138.325422775, 9513427.326353295, 9513718.327290252, 9514007.32822077, 9514297.32915451, 9514586.330085026, 9514875.331015546, 9515165.331949282, 9515456.332886241, 9515745.33381676, 9516035.334750496, 9516324.335681016, 9516614.336614754, 9516903.337545272, 9517193.33847901, 9517482.339409528, 9517772.340343267, 9518062.341277005]	0.0	0.0	0.0
828.5808879196157	2.0	trials	2.0	1.0	1.0	0.0	10000.0	1.0	True	40.0	0.0	0.005	[9598169.599204455, 9598458.600134972, 9598747.601065492, 9599037.601999227, 9599327.602932967, 9599616.603863485, 9599906.604797224, 9600196.605730962, 9600485.606661478, 9600774.607591998, 9601064.608525736, 9601353.609456254, 9601643.610389994, 9601933.61132373, 9602222.612254249, 9602513.613191206, 9602802.614121726, 9603092.615055464, 9603381.615985982, 9603672.61692294]	0.0	0.0	0.0
836.0741248462102	2.0	trials	2.0	1.0	1.0	0.0	10000.0	1.0	True	40.0	0.0	0.005	[9684895.87844367, 9685185.87937741, 9685474.880307928, 9685763.881238446, 9686054.882175405, 9686343.88310592, 9686632.88403644, 9686923.884973397, 9687212.885903917, 9687502.886837654, 9687791.887768172, 9688081.888701912, 9688370.88963243, 9688660.890566168, 9688950.891499905, 9689241.892436864, 9689530.893367382, 9689818.894294681, 9690108.89522842, 9690398.896162156]	0.0	0.0	0.0
846.8405499117592	2.0	trials	2.0	1.0	1.0	0.0	10000.0	1.0	True	40.0	0.0	0.005	[9809506.279661287, 9809796.280595023, 9810086.281528762, 9810376.282462498, 9810666.283396238, 9810955.284326756, 9811245.285260495, 9811534.286191013, 9811823.28712153, 9812113.288055269, 9812403.288989007, 9812693.289922746, 9812982.290853264, 9813272.291787, 9813561.29271752, 9813851.293651259, 9814140.294581776, 9814431.295518734, 9814720.296449251, 9815010.297382992]	0.0	0.0	0.0
853.6367093939158	2.0	trials	2.0	1.0	1.0	0.0	10000.0	1.0	True	40.0	0.0	0.005	[9888165.532926483, 9888455.533860222, 9888745.534793958, 9889034.535724478, 9889323.536654998, 9889613.537588734, 9889903.538522473, 9890192.53945299, 9890483.54038995, 9890773.541323686, 9891061.542250985, 9891351.543184726, 9891641.54411846, 9891930.54504898, 9892220.545982718, 9892509.546913236, 9892799.547846977, 9893090.548783934, 9893380.54971767, 9893668.55064497]	0.0	0.0	0.0
860.450321732267	2.0	trials	2.0	1.0	1.0	0.0	10000.0	1.0	True	40.0	0.0	0.005	[9967027.786845298, 9967316.787775815, 9967607.788712773, 9967896.789643293, 9968186.79057703, 9968475.79150755, 9968765.792441288, 9969055.793375025, 9969344.794305544, 9969633.795236062, 9969923.7961698, 9970212.797100317, 9970502.798034057, 9970792.798967794, 9971082.799901534, 9971372.800835272, 9971661.80176579, 9971951.802699527, 9972240.803630045, 9972530.804563785]	0.0	0.0	0.0
870.4421683038415	2.0	trials	2.0	1.0	1.0	0.0	10000.0	1.0	True	40.0	0.0	0.005	[10082673.159197524, 10082963.160131263, 10083253.161065001, 10083543.16199874, 10083833.162932478, 10084123.163866216, 10084411.164793514, 10084702.165730473, 10084991.16666099, 10085281.167594729, 10085571.168528467, 10085859.169455765, 10086150.170392724, 10086440.17132646, 10086729.17225698, 10087019.173190719, 10087309.174124457, 10087598.175054975, 10087887.175985493, 10088178.17692245]	0.0	0.0	0.0
878.8245504932905	2.0	trials	2.0	1.0	1.0	0.0	10000.0	1.0	True	40.0	0.0	0.005	[10179691.471574785, 10179981.472508525, 10180270.473439043, 10180561.474376, 10180850.47530652, 10181140.476240257, 10181429.477170777, 10181719.478104513, 10182008.479035033, 10182298.47996877, 10182587.480899287, 10182877.481833028, 10183167.482766764, 10183457.483700503, 10183746.48463102, 10184036.48556476, 10184325.486495279, 10184615.487429015, 10184905.488362754, 10185195.489296492]	0.0	0.0	0.0
889.2710353287013	2.0	trials	2.0	1.0	1.0	0.0	10000.0	1.0	True	40.0	0.0	0.005	[10300600.860875972, 10300889.86180649, 10301180.862743447, 10301469.863673965, 10301759.864607703, 10302048.865538223, 10302338.86647196, 10302628.867405698, 10302917.868336216, 10303207.869269954, 10303496.870200474, 10303786.87113421, 10304076.872067949, 10304366.873001687, 10304655.873932205, 10304944.874862725, 10305234.875796461, 10305524.8767302, 10305814.877663938, 10306104.878597677]	0.0	0.0	0.0
899.296923609883	2.0	trials	2.0	1.0	1.0	0.0	10000.0	1.0	True	40.0	0.0	0.005	[10416640.234496795, 10416931.235433752, 10417219.236361051, 10417509.237294788, 10417799.238228528, 10418089.239162264, 10418378.240092782, 10418667.241023302, 10418957.241957039, 10419247.242890779, 10419536.243821295, 10419827.244758254, 10420116.245688772, 10420405.24661929, 10420695.24755303, 10420985.248486767, 10421275.249420505, 10421564.250351023, 10421853.25128154, 10422143.252215281]	0.0	0.0	0.0
908.2968085875567	2.0	trials	2.0	1.0	1.0	0.0	10000.0	1.0	True	40.0	0.0	0.005	[10520806.56988909, 10521095.570819609, 10521384.571750125, 10521674.572683865, 10521964.573617604, 10522254.57455134, 10522544.57548508, 10522833.576415598, 10523123.577349335, 10523413.578283073, 10523702.579213591, 10523992.580147332, 10524281.58107785, 10524571.582011586, 10524860.582942104, 10525150.583875842, 10525440.584809583, 10525729.5857401, 10526020.586677058, 10526309.587607576]	0.0	0.0	0.0
918.6972420746923	2.0	trials	2.0	1.0	1.0	0.0	10000.0	1.0	True	40.0	0.0	0.005	[10641180.957467688, 10641470.958401425, 10641760.959335165, 10642049.960265683, 10642339.961199421, 10642629.96213316, 10642918.963063676, 10643208.963997416, 10643497.964927934, 10643787.965861673, 10644076.96679219, 10644366.967725927, 10644656.968659667, 10644944.969586965, 10645235.970523924, 10645525.971457662, 10645815.972391399, 10646105.973325137, 10646393.974252436, 10646684.975189393]	0.0	0.0	0.0
925.7355815366159	2.0	trials	2.0	1.0	1.0	0.0	10000.0	1.0	True	40.0	0.0	0.005	[10722643.219757948, 10722933.220691686, 10723221.221618984, 10723512.222555943, 10723801.22348646, 10724091.2244202, 10724380.225350717, 10724671.226287676, 10724960.227218194, 10725250.22815193, 10725540.22908567, 10725829.230016189, 10726119.230949927, 10726408.231880443, 10726698.232814182, 10726987.233744701, 10727278.234681658, 10727567.235612178, 10727857.236545917, 10728146.237476435]	0.0	0.0	0.0
936.0917780813181	2.0	trials	2.0	1.0	1.0	0.0	10000.0	1.0	True	40.0	0.0	0.005	[10842507.605694454, 10842797.606628193, 10843087.607561931, 10843376.60849245, 10843665.609422969, 10843955.610356705, 10844244.611287225, 10844534.612220963, 10844823.613151481, 10845114.614088438, 10845403.615018956, 10845693.615952695, 10845983.616886433, 10846273.617820172, 10846561.61874747, 10846852.61968443, 10847141.620614946, 10847430.621545466, 10847719.622475984, 10848009.623409722]	0.0	0.0	0.0
946.5952871003346	2.0	trials	2.0	1.0	1.0	0.0	10000.0	1.0	True	40.0	0.0	0.005	[10964075.997117478, 10964364.998047996, 10964654.998981737, 10964943.999912255, 10965235.000849212, 10965524.00177973, 10965813.002710247, 10966104.003647204, 10966393.004577724, 10966683.005511463, 10966973.006445201, 10967261.007372499, 10967551.008306237, 10967841.009239975, 10968130.010170495, 10968421.011107452, 10968710.01203797, 10969000.012971707, 10969289.013902226, 10969578.014832746]	0.0	0.0	0.0
955.7513837809762	2.0	trials	2.0	1.0	1.0	0.0	10000.0	1.0	True	40.0	0.0	0.005	[11070047.338321488, 11070338.339258447, 11070627.340188965, 11070917.341122704, 11071206.342053222, 11071496.34298696, 11071786.343920698, 11072075.344851216, 11072366.345788175, 11072655.346718695, 11072944.347649211, 11073234.34858295, 11073524.349516688, 11073814.350450426, 11074103.351380944, 11074393.352314683, 11074683.353248421, 11074972.354178939, 11075262.355112677, 11075551.356043195]	0.0	0.0	0.0
964.4959559365982	2.0	trials	2.0	1.0	1.0	0.0	10000.0	1.0	True	40.0	0.0	0.005	[11171260.664205756, 11171549.665136274, 11171838.666066792, 11172128.66700053, 11172418.667934269, 11172708.668868007, 11172997.669798525, 11173287.670732263, 11173576.671662781, 11173865.6725933, 11174156.673530258, 11174445.674460776, 11174735.675394515, 11175024.676325032, 11175314.67725877, 11175604.67819251, 11175894.679126248, 11176183.680056766, 11176472.680987284, 11176762.681921022]	0.0	0.0	0.0
973.8773845427595	2.0	trials	2.0	1.0	1.0	0.0	10000.0	1.0	True	40.0	0.0	0.005	[11279840.01380697, 11280130.01474071, 11280419.015671225, 11280710.016608184, 11280999.017538704, 11281288.018469222, 11281578.01940296, 11281867.020333476, 11282157.021267217, 11282447.022200955, 11282737.023134692, 11283026.024065211, 11283316.02499895, 11283606.025932686, 11283895.026863204, 11284185.027796943, 11284475.028730683, 11284765.02966442, 11285054.030594938, 11285344.031528676]	0.0	0.0	0.0
981.7256402124373	2.0	trials	2.0	1.0	1.0	0.0	10000.0	1.0	True	40.0	0.0	0.005	[11370676.30627951, 11370966.307213249, 11371256.308146987, 11371546.309080726, 11371834.310008023, 11372124.310941761, 11372414.3118755, 11372704.312809238, 11372994.313742977, 11373284.314676715, 11373572.315604012, 11373863.316540971, 11374152.31747149, 11374441.318402007, 11374732.319338966, 11375021.320269484, 11375311.32120322, 11375600.32213374, 11375889.323064258, 11376179.323997997]	0.0	0.0	0.0
992.4645899895218	2.0	trials	2.0	1.0	1.0	0.0	10000.0	1.0	True	40.0	0.0	0.005	[11494970.706479672, 11495259.70741019, 11495548.70834071, 11495839.709277667, 11496128.710208187, 11496417.711138703, 11496708.712075662, 11496997.71300618, 11497287.713939918, 11497577.714873657, 11497866.715804175, 11498155.716734692, 11498445.71766843, 11498734.718598949, 11499024.71953269, 11499314.720466426, 11499604.721400164, 11499893.722330682, 11500183.72326442, 11500473.724198159]	0.0	0.0	0.0
1001.6941269066249	2.0	trials	2.0	1.0	1.0	0.0	10000.0	1.0	True	40.0	0.0	0.005	[11601793.05042372, 11602084.05136068, 11602373.0522912, 11602663.053224936, 11602952.054155456, 11603242.055089192, 11603532.05602293, 11603821.05695345, 11604111.057887187, 11604400.058817707, 11604691.059754664, 11604979.060681961, 11605269.0616157, 11605560.062552659, 11605848.063479958, 11606138.064413695, 11606428.065347433, 11606718.06628117, 11607008.06721491, 11607297.068145428]	0.0	0.0	0.0
1008.9117469457929	2.0	trials	2.0	1.0	1.0	0.0	10000.0	1.0	True	40.0	0.0	0.005	[11685331.31939826, 11685621.320331996, 11685910.321262516, 11686199.322193034, 11686490.323129993, 11686779.32406051, 11687069.32499425, 11687358.325924767, 11687648.326858504, 11687938.327792244, 11688227.328722762, 11688517.3296565, 11688806.330587018, 11689097.331523975, 11689385.332451275, 11689675.333385013, 11689964.334315531, 11690255.335252488, 11690544.336183006, 11690834.337116746]	0.0	0.0	0.0
1018.8894238717442	2.0	trials	2.0	1.0	1.0	0.0	10000.0	1.0	True	40.0	0.0	0.005	[11800814.691228881, 11801102.692156179, 11801391.693086699, 11801682.694023658, 11801972.694957394, 11802260.695884693, 11802550.69681843, 11802840.697752168, 11803130.698685909, 11803419.699616425, 11803709.700550163, 11803998.701480681, 11804289.70241764, 11804578.703348158, 11804868.704281896, 11805157.705212414, 11805446.706142932, 11805737.707079891, 11806026.708010409, 11806315.708940927]	0.0	0.0	0.0
1026.623717574489	2.0	trials	2.0	1.0	1.0	0.0	10000.0	1.0	True	40.0	0.0	0.005	[11890329.979448084, 11890619.98038182, 11890909.98131556, 11891198.982246082, 11891488.983179817, 11891778.984113554, 11892068.985047292, 11892357.985977812, 11892646.98690833, 11892937.98784529, 11893226.988775808, 11893515.989706323, 11893804.990636844, 11894094.99157058, 11894385.992507538, 11894674.993438056, 11894964.994371794, 11895253.995302314, 11895543.996236052, 11895833.997169793]	0.0	0.0	0.0
1036.749225376424	2.0	trials	2.0	1.0	1.0	0.0	10000.0	1.0	True	40.0	0.0	0.005	[12007525.356790978, 12007814.3577215, 12008103.358652018, 12008393.359585755, 12008682.360516276, 12008971.361446794, 12009262.362383747, 12009551.36331427, 12009841.36424801, 12010130.365178524, 12010420.366112264, 12010710.367046002, 12010999.36797652, 12011289.368910257, 12011579.369843995, 12011869.370777735, 12012158.37170825, 12012447.372638771, 12012737.373572508, 12013027.374506248]	0.0	0.0	0.0
1042.9563077618805	2.0	trials	2.0	1.0	1.0	0.0	10000.0	1.0	True	40.0	0.0	0.005	[12079364.588097233, 12079654.589030972, 12079944.589964712, 12080233.59089523, 12080524.591832187, 12080812.592759484, 12081102.593693223, 12081392.59462696, 12081682.5955607, 12081972.596494438, 12082261.597424956, 12082550.598355474, 12082840.599289214, 12083130.60022295, 12083419.601153469, 12083709.602087207, 12083998.603017725, 12084288.603951462, 12084578.6048852, 12084868.60581894]	0.0	0.0	0.0
1053.1619950219754	2.0	trials	2.0	1.0	1.0	0.0	10000.0	1.0	True	40.0	0.0	0.005	[12197485.968421653, 12197776.96935861, 12198066.97029235, 12198355.971222866, 12198645.972156607, 12198934.973087125, 12199224.974020861, 12199513.974951383, 12199803.97588512, 12200093.976818858, 12200383.977752592, 12200672.978683112, 12200962.979616852, 12201251.980547369, 12201541.981481109, 12201830.982411623, 12202120.983345363, 12202410.984279102, 12202700.985212838, 12202989.98614336]	0.0	0.0	0.0
1060.6136734147606	2.0	trials	2.0	1.0	1.0	0.0	10000.0	1.0	True	40.0	0.0	0.005	[12283733.24611859, 12284023.247052329, 12284312.247982848, 12284602.248916587, 12284891.249847105, 12285181.250780841, 12285471.251714582, 12285760.252645098, 12286050.253578838, 12286340.254512575, 12286630.255446313, 12286919.25637683, 12287208.25730735, 12287499.25824431, 12287788.259174827, 12288077.260105345, 12288367.261039084, 12288657.261972822, 12288947.26290656, 12289236.263837079]	0.0	0.0	0.0
1067.640176038572	2.0	trials	2.0	1.0	1.0	0.0	10000.0	1.0	True	40.0	0.0	0.005	[12365057.507964524, 12365348.50890148, 12365636.509828778, 12365927.510765735, 12366217.511699473, 12366506.512629993, 12366795.51356051, 12367085.51449425, 12367376.515431209, 12367664.516358504, 12367954.517292242, 12368243.518222762, 12368533.5191565, 12368823.520090237, 12369113.521023976, 12369402.521954495, 12369692.522888234, 12369982.52382197, 12370271.524752488, 12370560.525683006]	0.0	0.0	0.0
1077.2226580920817	2.0	trials	2.0	1.0	1.0	0.0	10000.0	1.0	True	40.0	0.0	0.005	[12475966.86506784, 12476255.865998358, 12476544.866928875, 12476834.867862612, 12477124.868796352, 12477414.86973009, 12477704.870663827, 12477993.871594345, 12478282.872524863, 12478573.873461824, 12478862.87439234, 12479151.87532286, 12479441.8762566, 12479731.877190337, 12480021.878124073, 12480311.87905781, 12480600.879988331, 12480889.88091885, 12481179.881852586, 12481468.882783104]	0.0	0.0	0.0
1085.6940325680666	2.0	trials	2.0	1.0	1.0	0.0	10000.0	1.0	True	40.0	0.0	0.005	[12574015.180761479, 12574304.181692, 12574594.182625737, 12574884.183559475, 12575174.184493216, 12575463.185423734, 12575753.18635747, 12576042.187287988, 12576332.188221727, 12576621.189152244, 12576912.190089202, 12577201.19101972, 12577490.19195024, 12577780.192883978, 12578070.193817718, 12578359.194748232, 12578648.19567875, 12578938.19661249, 12579228.197546229, 12579518.198479965]	0.0	0.0	0.0
1092.758205713169	2.0	trials	2.0	1.0	1.0	0.0	10000.0	1.0	True	40.0	0.0	0.005	[12655775.44401124, 12656064.444941757, 12656354.445875494, 12656644.446809232, 12656934.447742969, 12657224.44867671, 12657513.449607227, 12657803.450540965, 12658092.451471483, 12658382.45240522, 12658671.453335742, 12658962.454272699, 12659251.455203213, 12659541.456136953, 12659830.457067471, 12660119.457997989, 12660409.458931727, 12660700.459868686, 12660988.460795986, 12661279.461732943]	0.0	0.0	0.0
1101.1684087921951	2.0	trials	2.0	1.0	1.0	0.0	10000.0	1.0	True	40.0	0.0	0.005	[12753115.75742527, 12753405.758359008, 12753695.759292746, 12753984.760223264, 12754274.761157002, 12754563.762087518, 12754853.763021259, 12755143.763954997, 12755432.764885517, 12755721.765816035, 12756012.76675299, 12756301.76768351, 12756591.768617248, 12756880.769547766, 12757170.770481506, 12757460.771415243, 12757750.772348981, 12758039.7732795, 12758329.774213236, 12758618.775143757]	0.0	0.0	0.0
1107.93648818394	2.0	trials	2.0	1.0	1.0	0.0	10000.0	1.0	True	40.0	0.0	0.005	[12831450.009644037, 12831741.010580994, 12832030.011511512, 12832319.012442032, 12832609.013375767, 12832900.014312727, 12833189.015243245, 12833478.016173765, 12833767.017104283, 12834057.018038021, 12834347.018971758, 12834636.019902276, 12834927.020839237, 12835216.021769755, 12835506.022703491, 12835795.023634009, 12836085.024567747, 12836374.025498267, 12836664.026432006, 12836954.027365742]	0.0	0.0	0.0
1119.0303703038294	2.0	trials	2.0	1.0	1.0	0.0	10000.0	1.0	True	40.0	0.0	0.005	[12959852.42307108, 12960141.424001599, 12960430.42493212, 12960720.425865855, 12961009.426796375, 12961299.427730113, 12961589.428663854, 12961879.42959759, 12962168.430528108, 12962458.431461846, 12962747.432392364, 12963037.4333261, 12963327.434259841, 12963616.43519036, 12963906.436124098, 12964196.437057834, 12964486.437991573, 12964775.438922092, 12965064.43985261, 12965354.440786349]	0.0	0.0	0.0
1125.8228145740238	2.0	trials	2.0	1.0	1.0	0.0	10000.0	1.0	True	40.0	0.0	0.005	[13038468.67619783, 13038757.677128347, 13039047.678062087, 13039337.678995825, 13039627.679929562, 13039916.68086008, 13040205.681790601, 13040496.682727559, 13040785.683658073, 13041074.684588594, 13041365.685525551, 13041654.686456071, 13041945.687393028, 13042234.688323544, 13042523.689254064, 13042813.690187804, 13043103.691121543, 13043391.692048838, 13043682.692985797, 13043971.693916315]	0.0	0.0	0.0
1135.4588648000117	2.0	trials	2.0	1.0	1.0	0.0	10000.0	1.0	True	40.0	0.0	0.005	[13149997.035294194, 13150285.036221493, 13150575.037155233, 13150865.03808897, 13151154.039019488, 13151444.039953226, 13151734.040886963, 13152023.04181748, 13152313.04275122, 13152603.04368496, 13152893.044618698, 13153182.045549214, 13153472.046482952, 13153762.04741669, 13154052.048350431, 13154341.04928095, 13154630.050211467, 13154920.051145205, 13155210.052078944, 13155500.053012682]	0.0	0.0	0.0
1142.9380184812612	2.0	trials	2.0	1.0	1.0	0.0	10000.0	1.0	True	40.0	0.0	0.005	[13236560.31400859, 13236850.314942326, 13237140.315876065, 13237429.316806583, 13237718.3177371, 13238008.318670837, 13238298.319604576, 13238588.320538316, 13238878.321472052, 13239167.32240257, 13239457.323336309, 13239746.324266829, 13240036.325200567, 13240326.326134302, 13240615.327064821, 13240905.32799856, 13241195.3289323, 13241484.329862814, 13241774.330796555, 13242063.331727073]	0.0	0.0	0.0
1151.004521253647	2.0	trials	2.0	1.0	1.0	0.0	10000.0	1.0	True	40.0	0.0	0.005	[13329923.614617528, 13330213.615551269, 13330502.616481783, 13330792.617415523, 13331081.61834604, 13331371.61927978, 13331661.620213516, 13331950.621144034, 13332241.622080995, 13332530.623011509, 13332820.62394525, 13333109.62487577, 13333399.625809507, 13333688.626740025, 13333977.627670541, 13334268.6286075, 13334557.629538018, 13334847.630471757, 13335136.631402275, 13335426.632336011]	0.0	0.0	0.0
1159.3265960489193	2.0	trials	2.0	1.0	1.0	0.0	10000.0	1.0	True	40.0	0.0	0.005	[13426243.924747378, 13426532.925677896, 13426822.926611634, 13427112.92754537, 13427402.92847911, 13427691.929409627, 13427981.930343367, 13428270.931273887, 13428560.932207625, 13428850.933141362, 13429139.93407188, 13429429.935005618, 13429718.935936136, 13430008.936869875, 13430298.937803613, 13430587.93873413, 13430876.939664649, 13431166.940598387, 13431456.941532128, 13431746.942465864]	0.0	0.0	0.0
1166.1367523761428	2.0	trials	2.0	1.0	1.0	0.0	10000.0	1.0	True	40.0	0.0	0.005	[13505064.17853096, 13505354.179464698, 13505643.180395218, 13505933.181328958, 13506223.182262696, 13506513.183196431, 13506802.18412695, 13507092.18506069, 13507381.185991207, 13507672.186928166, 13507960.187855463, 13508251.188792422, 13508540.18972294, 13508830.190656679, 13509119.191587199, 13509409.192520933, 13509699.193454672, 13509988.194385191, 13510278.19531893, 13510567.196249448]	0.0	0.0	0.0
1174.9508767557077	2.0	trials	2.0	1.0	1.0	0.0	10000.0	1.0	True	40.0	0.0	0.005	[13607078.50699428, 13607368.507928018, 13607658.508861752, 13607948.509795493, 13608238.51072923, 13608528.511662968, 13608817.512593487, 13609107.513527226, 13609397.51446096, 13609686.51539148, 13609975.516321998, 13610265.517255737, 13610555.518189477, 13610845.519123213, 13611134.520053731, 13611424.52098747, 13611713.52191799, 13612003.522851728, 13612293.523785463, 13612583.524719203]	0.0	0.0	0.0
1181.5993781624375	2.0	trials	2.0	1.0	1.0	0.0	10000.0	1.0	True	40.0	0.0	0.005	[13684029.75476008, 13684318.755690597, 13684608.756624335, 13684898.757558074, 13685188.758491812, 13685478.75942555, 13685767.760356069, 13686057.761289807, 13686346.762220327, 13686636.763154063, 13686926.764087802, 13687215.76501832, 13687505.765952058, 13687795.766885797, 13688084.767816313, 13688373.768746832, 13688663.76968057, 13688953.77061431, 13689243.771548046, 13689533.772481784]	0.0	0.0	0.0
1188.39095842985	2.0	trials	2.0	1.0	1.0	0.0	10000.0	1.0	True	40.0	0.0	0.005	[13762637.00785785, 13762926.008788366, 13763215.009718886, 13763505.01065262, 13763795.01158636, 13764084.012516882, 13764375.013453836, 13764664.014384357, 13764953.015314875, 13765243.016248612, 13765533.017182352, 13765822.018112868, 13766112.019046608, 13766401.019977126, 13766691.020910863, 13766981.021844601, 13767270.022775121, 13767560.02370886, 13767849.024639377, 13768140.025576336]	0.0	0.0	0.0
1196.901990633524	2.0	trials	2.0	1.0	1.0	0.0	10000.0	1.0	True	40.0	0.0	0.005	[13861144.325029371, 13861433.32595989, 13861723.326893628, 13862013.327827368, 13862302.328757882, 13862591.329688404, 13862882.33062536, 13863171.33155588, 13863460.332486399, 13863751.333423354, 13864039.334350655, 13864330.335287614, 13864619.33621813, 13864908.337148648, 13865199.338085607, 13865488.339016125, 13865778.339949863, 13866067.340880383, 13866357.341814121, 13866646.34274464]	0.0	0.0	0.0
1204.4650389848962	2.0	trials	2.0	1.0	1.0	0.0	10000.0	1.0	True	40.0	0.0	0.005	[13948679.606873397, 13948969.607807133, 13949258.608737655, 13949548.609671392, 13949838.61060513, 13950127.611535648, 13950417.612469384, 13950707.613403125, 13950996.61433364, 13951286.615267381, 13951575.6161979, 13951865.617131636, 13952155.618065374, 13952445.618999112, 13952734.619929632, 13953024.620863369, 13953314.621797109, 13953602.622724405, 13953892.623658143, 13954181.624588663]	0.0	0.0	0.0
1211.3018065978022	2.0	trials	2.0	1.0	1.0	0.0	10000.0	1.0	True	40.0	0.0	0.005	[14027808.861651894, 14028098.862585632, 14028387.863516152, 14028676.864446668, 14028966.865380408, 14029256.866314147, 14029545.867244665, 14029835.868178401, 14030124.86910892, 14030415.87004588, 14030705.870979616, 14030994.871910134, 14031284.872843873, 14031573.873774393, 14031862.87470491, 14032152.875638649, 14032442.876572385, 14032732.877506124, 14033021.878436642, 14033311.879370378]	0.0	0.0	0.0
1217.9951497489128	2.0	trials	2.0	1.0	1.0	0.0	10000.0	1.0	True	40.0	0.0	0.005	[14105277.111082325, 14105567.112016065, 14105857.112949803, 14106146.113880323, 14106435.11481084, 14106726.115747798, 14107015.116678316, 14107304.117608834, 14107594.118542572, 14107884.119476309, 14108173.120406827, 14108464.121343788, 14108753.122274306, 14109043.123208042, 14109332.124138562, 14109622.1250723, 14109912.126006035, 14110202.126939775, 14110491.127870297, 14110781.128804034]	0.0	0.0	0.0
1226.4733498468745	2.0	trials	2.0	1.0	1.0	0.0	10000.0	1.0	True	40.0	0.0	0.005	[14203405.42703355, 14203694.42796407, 14203984.428897807, 14204273.429828325, 14204563.430762064, 14204853.431695804, 14205142.432626318, 14205431.43355684, 14205722.434493797, 14206011.435424317, 14206301.436358051, 14206591.43729179, 14206880.43822231, 14207170.439156048, 14207459.440086566, 14207748.441017084, 14208038.44195082, 14208327.442881342, 14208618.4438183, 14208907.444748819]	0.0	0.0	0.0
1237.19553796999	2.0	trials	2.0	1.0	1.0	0.0	10000.0	1.0	True	40.0	0.0	0.005	[14327503.826602634, 14327793.827536372, 14328083.828470113, 14328372.829400629, 14328662.830334367, 14328952.831268106, 14329242.832201844, 14329531.833132362, 14329821.834066099, 14330110.83499662, 14330399.835927138, 14330689.836860875, 14330979.837794615, 14331268.838725131, 14331559.83966209, 14331848.840592608, 14332137.841523126, 14332428.842460087, 14332717.8433906, 14333007.844324341]	0.0	0.0	0.0
1246.4688798281356	2.0	trials	2.0	1.0	1.0	0.0	10000.0	1.0	True	40.0	0.0	0.005	[14434835.172185553, 14435124.173116075, 14435414.174049811, 14435704.174983552, 14435993.175914068, 14436283.176847808, 14436572.177778326, 14436862.178712063, 14437152.179645801, 14437442.180579538, 14437731.181510055, 14438020.182440577, 14438310.183374314, 14438599.184304832, 14438890.185241792, 14439179.18617231, 14439469.187106047, 14439758.188036565, 14440048.188970303, 14440338.189904042]	0.0	0.0	0.0
1252.7354920052649	2.0	trials	2.0	1.0	1.0	0.0	10000.0	1.0	True	40.0	0.0	0.005	[14507364.405713461, 14507654.406647198, 14507945.407584159, 14508233.408511456, 14508523.409445196, 14508813.410378931, 14509103.41131267, 14509392.41224319, 14509681.413173707, 14509970.414104225, 14510261.415041182, 14510551.415974922, 14510840.416905439, 14511130.417839179, 14511419.418769697, 14511710.419706654, 14511999.420637172, 14512288.421567691, 14512577.42249821, 14512868.423435166]	0.0	0.0	0.0
1262.1260790409146	2.0	trials	2.0	1.0	1.0	0.0	10000.0	1.0	True	40.0	0.0	0.005	[14616051.755662413, 14616341.756596154, 14616631.75752989, 14616920.758460408, 14617210.759394147, 14617500.760327883, 14617790.761261623, 14618079.76219214, 14618368.763122657, 14618658.764056398, 14618948.764990134, 14619236.765917433, 14619527.766854392, 14619817.767788129, 14620106.768718649, 14620396.769652385, 14620686.770586126, 14620976.771519864, 14621265.772450382, 14621555.773384118]	0.0	0.0	0.0
1272.284246148005	2.0	trials	2.0	1.0	1.0	0.0	10000.0	1.0	True	40.0	0.0	0.005	[14733624.13421917, 14733913.135149688, 14734203.136083428, 14734493.137017164, 14734782.137947682, 14735071.1388782, 14735361.13981194, 14735651.140745675, 14735940.141676197, 14736230.142609933, 14736520.143543672, 14736810.144477412, 14737099.145407926, 14737389.146341667, 14737678.147272184, 14737968.148205923, 14738258.14913966, 14738548.150073398, 14738837.151003916, 14739127.151937652]	0.0	0.0	0.0
1281.655565921618	2.0	trials	2.0	1.0	1.0	0.0	10000.0	1.0	True	40.0	0.0	0.005	[14842087.483446889, 14842377.484380625, 14842667.485314365, 14842956.486244882, 14843246.487178622, 14843536.488112358, 14843826.489046097, 14844115.489976615, 14844404.490907134, 14844694.491840873, 14844984.492774613, 14845274.49370835, 14845563.494638868, 14845853.495572606, 14846143.496506343, 14846433.497440081, 14846722.498370599, 14847012.49930434, 14847301.500234853, 14847591.501168594]	0.0	0.0	0.0
1290.49370957852	2.0	trials	2.0	1.0	1.0	0.0	10000.0	1.0	True	40.0	0.0	0.005	[14944381.812811745, 14944670.813742263, 14944960.814676002, 14945249.81560652, 14945539.816540256, 14945828.817470778, 14946119.818407735, 14946409.819341471, 14946698.82027199, 14946988.821205728, 14947277.822136248, 14947566.823066765, 14947857.824003723, 14948146.82493424, 14948435.825864758, 14948726.82680172, 14949014.827729017, 14949305.828665974, 14949595.829599712, 14949883.83052701]	0.0	0.0	0.0
1297.045961075346	2.0	trials	2.0	1.0	1.0	0.0	10000.0	1.0	True	40.0	0.0	0.005	[15020218.056987485, 15020509.057924442, 15020797.058851741, 15021087.059785478, 15021377.060719218, 15021665.061646517, 15021955.062580254, 15022246.063517211, 15022535.064447729, 15022825.065381467, 15023115.066315204, 15023404.067245726, 15023695.068182683, 15023983.06910998, 15024272.070040498, 15024562.070974236, 15024852.071907977, 15025142.072841713, 15025431.073772231, 15025721.07470597]	0.0	0.0	0.0
1304.2716163403857	2.0	trials	2.0	1.0	1.0	0.0	10000.0	1.0	True	40.0	0.0	0.005	[15103847.326255023, 15104137.32718876, 15104426.328119278, 15104716.329053016, 15105006.329986757, 15105296.330920493, 15105585.331851011, 15105874.332781529, 15106164.33371527, 15106454.334649008, 15106743.335579526, 15107034.336516483, 15107323.337447, 15107612.338377519, 15107903.339314478, 15108192.340244995, 15108482.341178734, 15108772.342112472, 15109062.34304621, 15109350.34397351]	0.0	0.0	0.0
1312.2679620868812	2.0	trials	2.0	1.0	1.0	0.0	10000.0	1.0	True	40.0	0.0	0.005	[15196398.624249497, 15196687.625180015, 15196978.626116974, 15197266.62704427, 15197556.627978008, 15197847.628914967, 15198135.629842266, 15198426.630779224, 15198715.631709741, 15199005.632643478, 15199293.63357078, 15199584.634507736, 15199873.635438254, 15200163.636371994, 15200452.63730251, 15200742.63823625, 15201032.639169987, 15201321.640100505, 15201611.641034244, 15201901.64196798]	0.0	0.0	0.0
1322.192157240633	2.0	trials	2.0	1.0	1.0	0.0	10000.0	1.0	True	40.0	0.0	0.005	[15311260.994080631, 15311551.995017588, 15311840.995948106, 15312130.996881844, 15312419.997812362, 15312708.998742882, 15312999.99967984, 15313288.000607138, 15313579.001544096, 15313868.002474615, 15314158.003408354, 15314448.00434209, 15314737.005272608, 15315026.006203126, 15315317.007140087, 15315606.008070601, 15315895.009001123, 15316186.00993808, 15316475.010868598, 15316764.011799118]	0.0	0.0	0.0
1332.230573562152	2.0	trials	2.0	1.0	1.0	0.0	10000.0	1.0	True	40.0	0.0	0.005	[15427446.368171543, 15427737.3691085, 15428026.370039022, 15428315.370969536, 15428605.371903276, 15428894.372833794, 15429184.373767532, 15429474.374701269, 15429764.375635007, 15430053.376565527, 15430343.377499266, 15430633.378433002, 15430923.37936674, 15431212.38029726, 15431502.381230999, 15431791.382161517, 15432081.383095253, 15432371.384028994, 15432660.38495951, 15432950.38589325]	0.0	0.0	0.0
1338.6262677548973	2.0	trials	2.0	1.0	1.0	0.0	10000.0	1.0	True	40.0	0.0	0.005	[15501470.606513029, 15501760.607446767, 15502049.608377285, 15502339.609311024, 15502629.610244762, 15502918.61117528, 15503208.612109018, 15503498.613042757, 15503788.613976493, 15504077.614907013, 15504366.615837531, 15504656.61677127, 15504946.61770501, 15505235.618635526, 15505525.619569264, 15505814.620499782, 15506105.621436741, 15506395.62237048, 15506683.623297779, 15506974.624234736]	0.0	0.0	0.0
1345.1449959437855	2.0	trials	2.0	1.0	1.0	0.0	10000.0	1.0	True	40.0	0.0	0.005	[15576919.849442711, 15577208.85037323, 15577498.85130697, 15577788.85224071, 15578078.853174446, 15578367.854104964, 15578657.855038702, 15578946.85596922, 15579236.856902957, 15579526.857836695, 15579815.858767213, 15580106.859704172, 15580395.86063469, 15580684.861565212, 15580973.862495726, 15581264.863432687, 15581554.864366423, 15581843.865296941, 15582132.86622746, 15582422.867161198]	0.0	0.0	0.0
1353.2652396892058	2.0	trials	2.0	1.0	1.0	0.0	10000.0	1.0	True	40.0	0.0	0.005	[15670903.152047921, 15671193.152981661, 15671483.1539154, 15671773.154849136, 15672062.155779654, 15672351.156710172, 15672641.15764391, 15672931.158577647, 15673221.159511387, 15673510.160441905, 15673800.161375644, 15674089.162306163, 15674379.163239902, 15674669.164173638, 15674958.165104156, 15675247.166034674, 15675537.166968413, 15675827.16790215, 15676116.16883267, 15676406.169766406]	0.0	0.0	0.0
1361.1744075550075	2.0	trials	2.0	1.0	1.0	0.0	10000.0	1.0	True	40.0	0.0	0.005	[15762444.44679041, 15762733.447720928, 15763023.448654667, 15763313.449588407, 15763602.450518925, 15763892.451452665, 15764182.452386402, 15764471.45331692, 15764761.454250658, 15765052.455187615, 15765341.456118135, 15765630.45704865, 15765919.457979169, 15766209.458912909, 15766499.459846646, 15766788.460777167, 15767078.461710904, 15767368.462644638, 15767658.463578377, 15767948.464512117]	0.0	0.0	0.0
1370.7176638822189	2.0	trials	2.0	1.0	1.0	0.0	10000.0	1.0	True	40.0	0.0	0.005	[15872898.802428726, 15873189.803365687, 15873478.804296201, 15873768.805229941, 15874057.806160457, 15874347.807094198, 15874636.808024717, 15874926.808958452, 15875216.80989219, 15875505.81082271, 15875795.811756449, 15876084.812686967, 15876375.813623926, 15876664.814554444, 15876953.81548496, 15877243.8164187, 15877533.817352436, 15877823.818286175, 15878112.819216693, 15878403.820153652]	0.0	0.0	0.0
1378.4728664522859	2.0	trials	2.0	1.0	1.0	0.0	10000.0	1.0	True	40.0	0.0	0.005	[15962659.091436777, 15962948.092367295, 15963237.093297813, 15963528.09423477, 15963817.095165288, 15964108.096102247, 15964397.097032763, 15964686.097963283, 15964976.098897023, 15965265.09982754, 15965555.10076128, 15965845.101695016, 15966134.102625534, 15966424.103559272, 15966713.10448979, 15967003.105423527, 15967293.106357265, 15967583.107291006, 15967872.108221525, 15968161.109152041]	0.0	0.0	0.0
1388.4588378049434	2.0	trials	2.0	1.0	1.0	0.0	10000.0	1.0	True	40.0	0.0	0.005	[16078237.463573277, 16078526.464503795, 16078816.465437533, 16079106.466371274, 16079395.467301792, 16079685.468235528, 16079975.469169267, 16080263.470096564, 16080554.471033521, 16080843.471964043, 16081133.47289778, 16081422.473828297, 16081712.474762036, 16082002.475695776, 16082292.476629512, 16082581.47756003, 16082871.478493769, 16083160.479424287, 16083450.480358023, 16083739.481288545]	0.0	0.0	0.0
1396.9972588968037	2.0	trials	2.0	1.0	1.0	0.0	10000.0	1.0	True	40.0	0.0	0.005	[16177060.781762252, 16177349.78269277, 16177639.783626508, 16177929.784560248, 16178219.785493985, 16178508.786424506, 16178798.787358243, 16179087.78828876, 16179377.7892225, 16179667.790156236, 16179956.791086754, 16180247.792023715, 16180536.792954233, 16180826.793887971, 16181116.794821708, 16181405.795752225, 16181694.796682745, 16181984.797616482, 16182273.798547002, 16182563.79948074]	0.0	0.0	0.0
1404.591238547768	2.0	trials	2.0	1.0	1.0	0.0	10000.0	1.0	True	40.0	0.0	0.005	[16264954.064758962, 16265243.06568948, 16265534.066626439, 16265823.067556955, 16266113.068490695, 16266402.069421213, 16266692.07035495, 16266981.07128547, 16267271.072219208, 16267561.073152946, 16267850.074083464, 16268140.0750172, 16268430.075950941, 16268719.076881457, 16269009.077815197, 16269299.078748934, 16269588.079679452, 16269878.08061319, 16270167.08154371, 16270458.082480667]	0.0	0.0	0.0
1414.1554901425798	2.0	trials	2.0	1.0	1.0	0.0	10000.0	1.0	True	40.0	0.0	0.005	[16375651.421179684, 16375941.42211342, 16376230.423043942, 16376520.423977679, 16376810.424911419, 16377099.425841935, 16377390.426778892, 16377679.427709412, 16377968.42863993, 16378257.429570448, 16378548.430507405, 16378838.431441145, 16379126.432368444, 16379416.43330218, 16379706.43423592, 16379996.43516966, 16380285.436100177, 16380575.437033914, 16380865.437967652, 16381155.438901389]	0.0	0.0	0.0
1424.591261343495	2.0	trials	2.0	1.0	1.0	0.0	10000.0	1.0	True	40.0	0.0	0.005	[16496436.810081614, 16496726.811015353, 16497016.81194909, 16497305.81287961, 16497594.813810129, 16497884.814743865, 16498173.815674383, 16498464.81661134, 16498753.817541858, 16499043.818475597, 16499333.819409337, 16499622.820339857, 16499911.821270373, 16500202.82220733, 16500491.82313785, 16500781.824071588, 16501071.825005328, 16501360.825935842, 16501649.82686636, 16501939.827800099]	0.0	0.0	0.0
1430.799034931177	2.0	trials	2.0	1.0	1.0	0.0	10000.0	1.0	True	40.0	0.0	0.005	[16568285.041416846, 16568574.042347364, 16568865.043284321, 16569154.04421484, 16569443.04514536, 16569733.046079097, 16570024.047016054, 16570312.047943354, 16570602.048877094, 16570892.04981083, 16571181.050741348, 16571471.051675087, 16571760.052605605, 16572051.053542564, 16572340.05447308, 16572631.055410039, 16572919.056337334, 16573209.057271075, 16573499.058204813, 16573788.059135333]	0.0	0.0	0.0
1439.2833694488902	2.0	trials	2.0	1.0	1.0	0.0	10000.0	1.0	True	40.0	0.0	0.005	[16666484.357596675, 16666773.358527193, 16667064.359464152, 16667353.36039467, 16667643.361328408, 16667932.362258926, 16668221.363189446, 16668512.364126401, 16668801.36505692, 16669091.36599066, 16669381.3669244, 16669670.367854917, 16669959.368785432, 16670250.369722392, 16670539.37065291, 16670828.371583428, 16671119.372520387, 16671407.373447686, 16671697.374381423, 16671987.375315161]	0.0	0.0	0.0
1449.8744883499915	2.0	trials	2.0	1.0	1.0	0.0	10000.0	1.0	True	40.0	0.0	0.005	[16789066.752284564, 16789355.75321508, 16789645.75414882, 16789935.75508256, 16790224.756013077, 16790514.756946813, 16790804.75788055, 16791093.758811068, 16791382.75974159, 16791673.760678545, 16791963.761612285, 16792251.76253958, 16792542.763476543, 16792831.76440706, 16793120.76533758, 16793411.766274534, 16793699.767201837, 16793990.76813879, 16794279.769069307, 16794570.77000627]	0.0	0.0	0.0
1459.4910985133863	2.0	trials	2.0	1.0	1.0	0.0	10000.0	1.0	True	40.0	0.0	0.005	[16900369.110653255, 16900659.11158699, 16900948.11251751, 16901238.11345125, 16901528.11438499, 16901817.115315508, 16902107.116249245, 16902397.11718298, 16902687.118116718, 16902976.11904724, 16903266.11998098, 16903555.120911494, 16903844.12184201, 16904134.122775752, 16904425.12371271, 16904714.12464323, 16905003.12557375, 16905293.126507483, 16905583.12744122, 16905872.12837174]	0.0	0.0	0.0
1467.945538534846	2.0	trials	2.0	1.0	1.0	0.0	10000.0	1.0	True	40.0	0.0	0.005	[16998222.42571904, 16998511.42664956, 16998801.427583296, 16999090.428513814, 16999379.429444335, 16999670.430381287, 16999959.431311805, 17000249.432245545, 17000539.433179285, 17000828.434109803, 17001117.43504032, 17001407.43597406, 17001697.436907798, 17001986.437838316, 17002276.438772053, 17002566.43970579, 17002856.44063953, 17003145.441570047, 17003435.442503788, 17003725.443437524]	0.0	0.0	0.0
1477.5937712000582	2.0	trials	2.0	1.0	1.0	0.0	10000.0	1.0	True	40.0	0.0	0.005	[17109890.785266176, 17110180.786199912, 17110469.78713043, 17110759.78806417, 17111049.788997907, 17111339.789931647, 17111628.790862165, 17111917.791792683, 17112208.79272964, 17112497.793660156, 17112787.794593897, 17113076.795524415, 17113366.796458155, 17113655.79738867, 17113945.79832241, 17114234.799252927, 17114525.800189886, 17114815.801123627, 17115104.80205414, 17115393.80298466]	0.0	0.0	0.0
1488.6280371279968	2.0	trials	2.0	1.0	1.0	0.0	10000.0	1.0	True	40.0	0.0	0.005	[17237603.196471564, 17237892.197402086, 17238182.198335823, 17238473.19927278, 17238761.20020008, 17239051.201133817, 17239341.202067558, 17239630.202998076, 17239919.203928594, 17240209.204862334, 17240500.20579929, 17240789.206729807, 17241078.207660325, 17241368.208594065, 17241658.2095278, 17241948.210461542, 17242237.21139206, 17242526.212322578, 17242817.213259537, 17243106.21419005]	0.0	0.0	0.0
1499.2658121793208	2.0	trials	2.0	1.0	1.0	0.0	10000.0	1.0	True	40.0	0.0	0.005	[17360725.59289814, 17361014.593828656, 17361303.594759174, 17361594.595696133, 17361883.59662665, 17362172.59755717, 17362463.598494127, 17362752.599424645, 17363041.600355167, 17363331.601288904, 17363621.60222264, 17363911.60315638, 17364200.6040869, 17364490.605020635, 17364780.605954375, 17365069.606884893, 17365358.60781541, 17365648.608749148, 17365937.60967967, 17366228.610616624]	0.0	0.0	0.0
1509.6595064447574	2.0	trials	2.0	1.0	1.0	0.0	10000.0	1.0	True	40.0	0.0	0.005	[17481022.980228815, 17481311.98115933, 17481602.98209629, 17481891.98302681, 17482180.983957328, 17482470.984891064, 17482760.9858248, 17483050.98675854, 17483340.987692278, 17483629.988622796, 17483918.989553314, 17484208.990487054, 17484498.99142079, 17484788.992354527, 17485078.993288267, 17485366.994215567, 17485656.995149303, 17485946.996083044, 17486235.99701356, 17486525.9979473]	0.0	0.0	0.0
1520.063050341908	2.0	trials	2.0	1.0	1.0	0.0	10000.0	1.0	True	40.0	0.0	0.005	[17601434.367926545, 17601723.368857063, 17602013.3697908, 17602303.37072454, 17602592.371655058, 17602882.372588795, 17603171.373519313, 17603461.37445305, 17603750.37538357, 17604040.376317307, 17604330.377251048, 17604619.378181566, 17604909.379115302, 17605199.380049042, 17605488.38097956, 17605778.381913297, 17606067.382843815, 17606357.38377755, 17606648.384714514, 17606936.38564181]	0.0	0.0	0.0
1529.7403135005923	2.0	trials	2.0	1.0	1.0	0.0	10000.0	1.0	True	40.0	0.0	0.005	[17713439.72855875, 17713729.729492486, 17714018.730423003, 17714307.731353525, 17714597.73228726, 17714886.73321778, 17715176.734151516, 17715466.735085256, 17715756.736018993, 17716045.73694951, 17716335.73788325, 17716624.73881377, 17716914.739747506, 17717205.740684465, 17717493.741611764, 17717783.742545497, 17718073.743479237, 17718363.744412977, 17718652.745343495, 17718941.746274013]	0.0	0.0	0.0
1536.7722593419296	2.0	trials	2.0	1.0	1.0	0.0	10000.0	1.0	True	40.0	0.0	0.005	[17794826.990607526, 17795117.99154448, 17795406.992475, 17795696.99340874, 17795986.994342476, 17796274.995269775, 17796564.996203516, 17796855.99714047, 17797143.99806777, 17797434.999004725, 17797723.999935243, 17798014.000868984, 17798303.0017995, 17798593.00273324, 17798883.00366698, 17799172.0045975, 17799462.005531237, 17799751.006461754, 17800041.00739549, 17800331.008329228]	0.0	0.0	0.0
1544.3686582006833	2.0	trials	2.0	1.0	1.0	0.0	10000.0	1.0	True	40.0	0.0	0.005	[17882749.273697607, 17883038.274628125, 17883327.275558643, 17883618.2764956, 17883908.27742934, 17884197.278359856, 17884486.279290374, 17884776.280224115, 17885066.28115785, 17885355.282088373, 17885645.28302211, 17885935.283955846, 17886224.284886364, 17886514.2858201, 17886803.28675062, 17887093.28768436, 17887383.2886181, 17887672.289548617, 17887962.290482353, 17888252.29141609]	0.0	0.0	0.0
1551.2564019777212	2.0	trials	2.0	1.0	1.0	0.0	10000.0	1.0	True	40.0	0.0	0.005	[17962468.530375775, 17962757.531306297, 17963046.532236814, 17963336.53317055, 17963626.53410429, 17963915.53503481, 17964205.535968546, 17964495.536902286, 17964784.537832804, 17965074.53876654, 17965364.539700277, 17965653.5406308, 17965942.541561317, 17966232.542495053, 17966522.543428794, 17966812.544362534, 17967102.54529627, 17967391.54622679, 17967681.547160525, 17967970.548091043]	0.0	0.0	0.0
1562.1165713451069	2.0	trials	2.0	1.0	1.0	0.0	10000.0	1.0	True	40.0	0.0	0.005	[18088163.93508686, 18088453.936020598, 18088743.936954334, 18089032.937884852, 18089322.938818593, 18089613.93975555, 18089902.94068607, 18090192.941619806, 18090481.942550324, 18090770.943480846, 18091061.9444178, 18091350.94534832, 18091640.94628206, 18091929.947212577, 18092219.948146317, 18092508.949076835, 18092798.95001057, 18093087.95094109, 18093378.95187805, 18093667.952808566]	0.0	0.0	0.0
1569.4498813567711	2.0	trials	2.0	1.0	1.0	0.0	10000.0	1.0	True	40.0	0.0	0.005	[18173040.208369475, 18173330.20930321, 18173619.21023373, 18173909.211167466, 18174199.212101206, 18174488.213031724, 18174778.21396546, 18175068.2148992, 18175357.215829715, 18175648.216766674, 18175937.217697192, 18176227.218630932, 18176517.219564673, 18176806.22049519, 18177096.221428927, 18177385.222359445, 18177674.223289963, 18177965.22422692, 18178254.22515744, 18178544.226091176]	0.0	0.0	0.0
1577.8601708360757	2.0	trials	2.0	1.0	1.0	0.0	10000.0	1.0	True	40.0	0.0	0.005	[18270382.521789946, 18270671.522720464, 18270961.5236542, 18271250.52458472, 18271541.525521677, 18271830.526452195, 18272121.527389154, 18272410.52831967, 18272699.52925019, 18272988.530180708, 18273279.531117667, 18273568.532048184, 18273857.532978702, 18274147.53391244, 18274437.53484618, 18274726.535776697, 18275016.536710437, 18275306.537644178, 18275596.53857791, 18275885.539508432]	0.0	0.0	0.0
1585.4804161716095	2.0	trials	2.0	1.0	1.0	0.0	10000.0	1.0	True	40.0	0.0	0.005	[18358580.805768687, 18358868.806695987, 18359158.807629723, 18359447.80856024, 18359737.80949398, 18360027.810427718, 18360317.811361454, 18360606.812291976, 18360896.813225716, 18361186.81415945, 18361476.81509319, 18361765.816023707, 18362055.816957448, 18362344.817887966, 18362633.818818484, 18362923.81975222, 18363213.820685957, 18363503.821619697, 18363792.82255022, 18364082.82348395]	0.0	0.0	0.0
1593.3405086793996	2.0	trials	2.0	1.0	1.0	0.0	10000.0	1.0	True	40.0	0.0	0.005	[18449552.098675895, 18449843.099612854, 18450132.100543372, 18450421.101473894, 18450712.102410853, 18451001.10334137, 18451291.104275107, 18451581.105208844, 18451870.106139366, 18452160.107073102, 18452450.10800684, 18452739.108937357, 18453029.109871097, 18453319.110804837, 18453609.111738574, 18453897.112665873, 18454187.11359961, 18454476.114530127, 18454766.115463868, 18455057.116400823]	0.0	0.0	0.0
1603.1719963346532	2.0	trials	2.0	1.0	1.0	0.0	10000.0	1.0	True	40.0	0.0	0.005	[18563342.465055425, 18563632.46598916, 18563922.466922898, 18564212.467856634, 18564501.468787152, 18564791.469720893, 18565080.47065141, 18565371.47158837, 18565660.472518887, 18565949.473449405, 18566238.474379927, 18566528.475313663, 18566819.47625062, 18567108.477181137, 18567397.478111655, 18567687.479045395, 18567977.479979135, 18568267.48091287, 18568557.481846612, 18568845.482773907]	0.0	0.0	0.0
1611.0885082241011	2.0	trials	2.0	1.0	1.0	0.0	10000.0	1.0	True	40.0	0.0	0.005	[18654968.760071594, 18655257.761002112, 18655548.76193907, 18655837.76286959, 18656127.763803326, 18656416.764733844, 18656706.76566758, 18656995.7665981, 18657285.76753184, 18657575.768465575, 18657865.769399315, 18658154.770329837, 18658443.77126035, 18658734.77219731, 18659023.773127828, 18659312.774058346, 18659602.774992082, 18659892.775925823, 18660182.776859563, 18660472.7777933]	0.0	0.0	0.0
1620.785297845656	2.0	trials	2.0	1.0	1.0	0.0	10000.0	1.0	True	40.0	0.0	0.005	[18767200.12143147, 18767489.122361988, 18767779.123295724, 18768069.12422946, 18768360.125166424, 18768648.12609372, 18768937.127024237, 18769227.127957977, 18769517.128891714, 18769806.12982223, 18770096.130755972, 18770386.13168971, 18770676.132623445, 18770965.133553963, 18771255.134487703, 18771545.135421444, 18771835.13635518, 18772124.137285702, 18772413.13821622, 18772703.139149956]	0.0	0.0	0.0
1627.0486268122145	2.0	trials	2.0	1.0	1.0	0.0	10000.0	1.0	True	40.0	0.0	0.005	[18839692.35484024, 18839982.355773978, 18840272.35670772, 18840561.357638236, 18840850.358568754, 18841141.359505713, 18841431.36043945, 18841720.36136997, 18842010.362303708, 18842299.363234226, 18842589.364167966, 18842878.36509848, 18843168.36603222, 18843458.366965957, 18843747.36789648, 18844036.368826997, 18844326.369760733, 18844616.370694473, 18844906.37162821, 18845196.37256195]	0.0	0.0	0.0
1636.2707333053932	2.0	trials	2.0	1.0	1.0	0.0	10000.0	1.0	True	40.0	0.0	0.005	[18946429.69851061, 18946719.699444346, 18947010.70038131, 18947299.701311827, 18947589.702245563, 18947878.70317608, 18948168.704109818, 18948457.705040336, 18948748.705977295, 18949036.706904594, 18949326.70783833, 18949616.70877207, 18949906.70970581, 18950195.71063633, 18950485.711570065, 18950775.712503802, 18951064.71343432, 18951353.714364838, 18951644.715301797, 18951933.716232315]	0.0	0.0	0.0
1668.0294019614046	2.0	trials	3.0	1.0	1.0	0.0	10000.0	1.0	False	0.0	0.0	0.0	[NaN, NaN, NaN, NaN, NaN, NaN, NaN, NaN, NaN, NaN, NaN, NaN, NaN, NaN, NaN, NaN, NaN, NaN, NaN, NaN]	0.0	0.0	0.0
1678.2364716259508	2.0	trials	3.0	1.0	1.0	0.0	10000.0	1.0	False	0.0	0.0	0.0	[NaN, NaN, NaN, NaN, NaN, NaN, NaN, NaN, NaN, NaN, NaN, NaN, NaN, NaN, NaN, NaN, NaN, NaN, NaN, NaN]	0.0	0.0	0.0
1686.7914815712234	2.0	trials	3.0	1.0	1.0	0.0	10000.0	1.0	False	0.0	0.0	0.0	[NaN, NaN, NaN, NaN, NaN, NaN, NaN, NaN, NaN, NaN, NaN, NaN, NaN, NaN, NaN, NaN, NaN, NaN, NaN, NaN]	0.0	0.0	0.0
1697.8619492157236	2.0	trials	3.0	1.0	1.0	0.0	10000.0	1.0	False	0.0	0.0	0.0	[NaN, NaN, NaN, NaN, NaN, NaN, NaN, NaN, NaN, NaN, NaN, NaN, NaN, NaN, NaN, NaN, NaN, NaN, NaN, NaN]	0.0	0.0	0.0
1704.4319127695785	2.0	trials	3.0	1.0	1.0	0.0	10000.0	1.0	False	0.0	0.0	0.0	[NaN, NaN, NaN, NaN, NaN, NaN, NaN, NaN, NaN, NaN, NaN, NaN, NaN, NaN, NaN, NaN, NaN, NaN, NaN, NaN]	0.0	0.0	0.0
1710.942173731204	2.0	trials	3.0	1.0	1.0	0.0	10000.0	1.0	False	0.0	0.0	0.0	[NaN, NaN, NaN, NaN, NaN, NaN, NaN, NaN, NaN, NaN, NaN, NaN, NaN, NaN, NaN, NaN, NaN, NaN, NaN, NaN]	0.0	0.0	0.0
1719.6362881243629	2.0	trials	3.0	1.0	1.0	0.0	10000.0	1.0	False	0.0	0.0	0.0	[NaN, NaN, NaN, NaN, NaN, NaN, NaN, NaN, NaN, NaN, NaN, NaN, NaN, NaN, NaN, NaN, NaN, NaN, NaN, NaN]	0.0	0.0	0.0
1730.2979960527455	2.0	trials	3.0	1.0	1.0	0.0	10000.0	1.0	False	0.0	0.0	0.0	[NaN, NaN, NaN, NaN, NaN, NaN, NaN, NaN, NaN, NaN, NaN, NaN, NaN, NaN, NaN, NaN, NaN, NaN, NaN, NaN]	0.0	0.0	0.0
1736.987883192728	2.0	trials	3.0	1.0	1.0	0.0	10000.0	1.0	False	0.0	0.0	0.0	[NaN, NaN, NaN, NaN, NaN, NaN, NaN, NaN, NaN, NaN, NaN, NaN, NaN, NaN, NaN, NaN, NaN, NaN, NaN, NaN]	0.0	0.0	0.0
1748.0429715877106	2.0	trials	3.0	1.0	1.0	0.0	10000.0	1.0	False	0.0	0.0	0.0	[NaN, NaN, NaN, NaN, NaN, NaN, NaN, NaN, NaN, NaN, NaN, NaN, NaN, NaN, NaN, NaN, NaN, NaN, NaN, NaN]	0.0	0.0	0.0
1754.580621437522	2.0	trials	3.0	1.0	1.0	0.0	10000.0	1.0	False	0.0	0.0	0.0	[NaN, NaN, NaN, NaN, NaN, NaN, NaN, NaN, NaN, NaN, NaN, NaN, NaN, NaN, NaN, NaN, NaN, NaN, NaN, NaN]	0.0	0.0	0.0
1762.1342521585716	2.0	trials	3.0	1.0	1.0	0.0	10000.0	1.0	False	0.0	0.0	0.0	[NaN, NaN, NaN, NaN, NaN, NaN, NaN, NaN, NaN, NaN, NaN, NaN, NaN, NaN, NaN, NaN, NaN, NaN, NaN, NaN]	0.0	0.0	0.0
1771.308924899024	2.0	trials	3.0	1.0	1.0	0.0	10000.0	1.0	False	0.0	0.0	0.0	[NaN, NaN, NaN, NaN, NaN, NaN, NaN, NaN, NaN, NaN, NaN, NaN, NaN, NaN, NaN, NaN, NaN, NaN, NaN, NaN]	0.0	0.0	0.0
1777.8210002664914	2.0	trials	3.0	1.0	1.0	0.0	10000.0	1.0	False	0.0	0.0	0.0	[NaN, NaN, NaN, NaN, NaN, NaN, NaN, NaN, NaN, NaN, NaN, NaN, NaN, NaN, NaN, NaN, NaN, NaN, NaN, NaN]	0.0	0.0	0.0
1787.0463899702418	2.0	trials	3.0	1.0	1.0	0.0	10000.0	1.0	False	0.0	0.0	0.0	[NaN, NaN, NaN, NaN, NaN, NaN, NaN, NaN, NaN, NaN, NaN, NaN, NaN, NaN, NaN, NaN, NaN, NaN, NaN, NaN]	0.0	0.0	0.0
1795.6889233973209	2.0	trials	3.0	1.0	1.0	0.0	10000.0	1.0	False	0.0	0.0	0.0	[NaN, NaN, NaN, NaN, NaN, NaN, NaN, NaN, NaN, NaN, NaN, NaN, NaN, NaN, NaN, NaN, NaN, NaN, NaN, NaN]	0.0	0.0	0.0
1801.8126295143243	2.0	trials	3.0	1.0	1.0	0.0	10000.0	1.0	False	0.0	0.0	0.0	[NaN, NaN, NaN, NaN, NaN, NaN, NaN, NaN, NaN, NaN, NaN, NaN, NaN, NaN, NaN, NaN, NaN, NaN, NaN, NaN]	0.0	0.0	0.0
1812.3570922652023	2.0	trials	3.0	1.0	1.0	0.0	10000.0	1.0	False	0.0	0.0	0.0	[NaN, NaN, NaN, NaN, NaN, NaN, NaN, NaN, NaN, NaN, NaN, NaN, NaN, NaN, NaN, NaN, NaN, NaN, NaN, NaN]	0.0	0.0	0.0
1823.3170539538974	2.0	trials	3.0	1.0	1.0	0.0	10000.0	1.0	False	0.0	0.0	0.0	[NaN, NaN, NaN, NaN, NaN, NaN, NaN, NaN, NaN, NaN, NaN, NaN, NaN, NaN, NaN, NaN, NaN, NaN, NaN, NaN]	0.0	0.0	0.0
1833.5529813113587	2.0	trials	3.0	1.0	1.0	0.0	10000.0	1.0	False	0.0	0.0	0.0	[NaN, NaN, NaN, NaN, NaN, NaN, NaN, NaN, NaN, NaN, NaN, NaN, NaN, NaN, NaN, NaN, NaN, NaN, NaN, NaN]	0.0	0.0	0.0
1843.4774356659452	2.0	trials	3.0	1.0	1.0	0.0	10000.0	1.0	False	0.0	0.0	0.0	[NaN, NaN, NaN, NaN, NaN, NaN, NaN, NaN, NaN, NaN, NaN, NaN, NaN, NaN, NaN, NaN, NaN, NaN, NaN, NaN]	0.0	0.0	0.0
1850.9290276584522	2.0	trials	3.0	1.0	1.0	0.0	10000.0	1.0	False	0.0	0.0	0.0	[NaN, NaN, NaN, NaN, NaN, NaN, NaN, NaN, NaN, NaN, NaN, NaN, NaN, NaN, NaN, NaN, NaN, NaN, NaN, NaN]	0.0	0.0	0.0
1860.6458621445477	2.0	trials	3.0	1.0	1.0	0.0	10000.0	1.0	False	0.0	0.0	0.0	[NaN, NaN, NaN, NaN, NaN, NaN, NaN, NaN, NaN, NaN, NaN, NaN, NaN, NaN, NaN, NaN, NaN, NaN, NaN, NaN]	0.0	0.0	0.0
1869.7094241272475	2.0	trials	3.0	1.0	1.0	0.0	10000.0	1.0	False	0.0	0.0	0.0	[NaN, NaN, NaN, NaN, NaN, NaN, NaN, NaN, NaN, NaN, NaN, NaN, NaN, NaN, NaN, NaN, NaN, NaN, NaN, NaN]	0.0	0.0	0.0
1880.2932854049807	2.0	trials	3.0	1.0	1.0	0.0	10000.0	1.0	False	0.0	0.0	0.0	[NaN, NaN, NaN, NaN, NaN, NaN, NaN, NaN, NaN, NaN, NaN, NaN, NaN, NaN, NaN, NaN, NaN, NaN, NaN, NaN]	0.0	0.0	0.0
1888.6455138973413	2.0	trials	3.0	1.0	1.0	0.0	10000.0	1.0	False	0.0	0.0	0.0	[NaN, NaN, NaN, NaN, NaN, NaN, NaN, NaN, NaN, NaN, NaN, NaN, NaN, NaN, NaN, NaN, NaN, NaN, NaN, NaN]	0.0	0.0	0.0
1897.897601287052	2.0	trials	3.0	1.0	1.0	0.0	10000.0	1.0	False	0.0	0.0	0.0	[NaN, NaN, NaN, NaN, NaN, NaN, NaN, NaN, NaN, NaN, NaN, NaN, NaN, NaN, NaN, NaN, NaN, NaN, NaN, NaN]	0.0	0.0	0.0
1907.191506411407	2.0	trials	3.0	1.0	1.0	0.0	10000.0	1.0	False	0.0	0.0	0.0	[NaN, NaN, NaN, NaN, NaN, NaN, NaN, NaN, NaN, NaN, NaN, NaN, NaN, NaN, NaN, NaN, NaN, NaN, NaN, NaN]	0.0	0.0	0.0
1917.0438165337043	2.0	trials	3.0	1.0	1.0	0.0	10000.0	1.0	False	0.0	0.0	0.0	[NaN, NaN, NaN, NaN, NaN, NaN, NaN, NaN, NaN, NaN, NaN, NaN, NaN, NaN, NaN, NaN, NaN, NaN, NaN, NaN]	0.0	0.0	0.0
1924.668036282035	2.0	trials	3.0	1.0	1.0	0.0	10000.0	1.0	False	0.0	0.0	0.0	[NaN, NaN, NaN, NaN, NaN, NaN, NaN, NaN, NaN, NaN, NaN, NaN, NaN, NaN, NaN, NaN, NaN, NaN, NaN, NaN]	0.0	0.0	0.0
1930.9583221353882	2.0	trials	3.0	1.0	1.0	0.0	10000.0	1.0	False	0.0	0.0	0.0	[NaN, NaN, NaN, NaN, NaN, NaN, NaN, NaN, NaN, NaN, NaN, NaN, NaN, NaN, NaN, NaN, NaN, NaN, NaN, NaN]	0.0	0.0	0.0
1939.4600231090183	2.0	trials	3.0	1.0	1.0	0.0	10000.0	1.0	False	0.0	0.0	0.0	[NaN, NaN, NaN, NaN, NaN, NaN, NaN, NaN, NaN, NaN, NaN, NaN, NaN, NaN, NaN, NaN, NaN, NaN, NaN, NaN]	0.0	0.0	0.0
1948.0518395728004	2.0	trials	3.0	1.0	1.0	0.0	10000.0	1.0	False	0.0	0.0	0.0	[NaN, NaN, NaN, NaN, NaN, NaN, NaN, NaN, NaN, NaN, NaN, NaN, NaN, NaN, NaN, NaN, NaN, NaN, NaN, NaN]	0.0	0.0	0.0
1958.295629355577	2.0	trials	3.0	1.0	1.0	0.0	10000.0	1.0	False	0.0	0.0	0.0	[NaN, NaN, NaN, NaN, NaN, NaN, NaN, NaN, NaN, NaN, NaN, NaN, NaN, NaN, NaN, NaN, NaN, NaN, NaN, NaN]	0.0	0.0	0.0
1968.1519138906715	2.0	trials	3.0	1.0	1.0	0.0	10000.0	1.0	False	0.0	0.0	0.0	[NaN, NaN, NaN, NaN, NaN, NaN, NaN, NaN, NaN, NaN, NaN, NaN, NaN, NaN, NaN, NaN, NaN, NaN, NaN, NaN]	0.0	0.0	0.0
1974.734146284029	2.0	trials	3.0	1.0	1.0	0.0	10000.0	1.0	False	0.0	0.0	0.0	[NaN, NaN, NaN, NaN, NaN, NaN, NaN, NaN, NaN, NaN, NaN, NaN, NaN, NaN, NaN, NaN, NaN, NaN, NaN, NaN]	0.0	0.0	0.0
1982.840652385217	2.0	trials	3.0	1.0	1.0	0.0	10000.0	1.0	False	0.0	0.0	0.0	[NaN, NaN, NaN, NaN, NaN, NaN, NaN, NaN, NaN, NaN, NaN, NaN, NaN, NaN, NaN, NaN, NaN, NaN, NaN, NaN]	0.0	0.0	0.0
1992.9624449751896	2.0	trials	3.0	1.0	1.0	0.0	10000.0	1.0	False	0.0	0.0	0.0	[NaN, NaN, NaN, NaN, NaN, NaN, NaN, NaN, NaN, NaN, NaN, NaN, NaN, NaN, NaN, NaN, NaN, NaN, NaN, NaN]	0.0	0.0	0.0
2003.5993560237318	2.0	trials	3.0	1.0	1.0	0.0	10000.0	1.0	False	0.0	0.0	0.0	[NaN, NaN, NaN, NaN, NaN, NaN, NaN, NaN, NaN, NaN, NaN, NaN, NaN, NaN, NaN, NaN, NaN, NaN, NaN, NaN]	0.0	0.0	0.0
2011.526581547675	2.0	trials	3.0	1.0	1.0	0.0	10000.0	1.0	False	0.0	0.0	0.0	[NaN, NaN, NaN, NaN, NaN, NaN, NaN, NaN, NaN, NaN, NaN, NaN, NaN, NaN, NaN, NaN, NaN, NaN, NaN, NaN]	0.0	0.0	0.0
2018.6608253183897	2.0	trials	3.0	1.0	1.0	0.0	10000.0	1.0	False	0.0	0.0	0.0	[NaN, NaN, NaN, NaN, NaN, NaN, NaN, NaN, NaN, NaN, NaN, NaN, NaN, NaN, NaN, NaN, NaN, NaN, NaN, NaN]	0.0	0.0	0.0
2027.943671207136	2.0	trials	3.0	1.0	1.0	0.0	10000.0	1.0	False	0.0	0.0	0.0	[NaN, NaN, NaN, NaN, NaN, NaN, NaN, NaN, NaN, NaN, NaN, NaN, NaN, NaN, NaN, NaN, NaN, NaN, NaN, NaN]	0.0	0.0	0.0
2036.6191231402056	2.0	trials	3.0	1.0	1.0	0.0	10000.0	1.0	False	0.0	0.0	0.0	[NaN, NaN, NaN, NaN, NaN, NaN, NaN, NaN, NaN, NaN, NaN, NaN, NaN, NaN, NaN, NaN, NaN, NaN, NaN, NaN]	0.0	0.0	0.0
2046.945079587542	1.9999999999997726	trials	3.0	1.0	1.0	0.0	10000.0	1.0	False	0.0	0.0	0.0	[NaN, NaN, NaN, NaN, NaN, NaN, NaN, NaN, NaN, NaN, NaN, NaN, NaN, NaN, NaN, NaN, NaN, NaN, NaN, NaN]	0.0	0.0	0.0
2053.5449376376505	2.0	trials	3.0	1.0	1.0	0.0	10000.0	1.0	False	0.0	0.0	0.0	[NaN, NaN, NaN, NaN, NaN, NaN, NaN, NaN, NaN, NaN, NaN, NaN, NaN, NaN, NaN, NaN, NaN, NaN, NaN, NaN]	0.0	0.0	0.0
2062.994622463582	2.0	trials	3.0	1.0	1.0	0.0	10000.0	1.0	False	0.0	0.0	0.0	[NaN, NaN, NaN, NaN, NaN, NaN, NaN, NaN, NaN, NaN, NaN, NaN, NaN, NaN, NaN, NaN, NaN, NaN, NaN, NaN]	0.0	0.0	0.0
2072.936616074641	2.0	trials	3.0	1.0	1.0	0.0	10000.0	1.0	False	0.0	0.0	0.0	[NaN, NaN, NaN, NaN, NaN, NaN, NaN, NaN, NaN, NaN, NaN, NaN, NaN, NaN, NaN, NaN, NaN, NaN, NaN, NaN]	0.0	0.0	0.0
2082.0871831374784	2.0	trials	3.0	1.0	1.0	0.0	10000.0	1.0	False	0.0	0.0	0.0	[NaN, NaN, NaN, NaN, NaN, NaN, NaN, NaN, NaN, NaN, NaN, NaN, NaN, NaN, NaN, NaN, NaN, NaN, NaN, NaN]	0.0	0.0	0.0
2093.0549208512098	2.0	trials	3.0	1.0	1.0	0.0	10000.0	1.0	False	0.0	0.0	0.0	[NaN, NaN, NaN, NaN, NaN, NaN, NaN, NaN, NaN, NaN, NaN, NaN, NaN, NaN, NaN, NaN, NaN, NaN, NaN, NaN]	0.0	0.0	0.0
2100.236857575486	2.0	trials	3.0	1.0	1.0	0.0	10000.0	1.0	False	0.0	0.0	0.0	[NaN, NaN, NaN, NaN, NaN, NaN, NaN, NaN, NaN, NaN, NaN, NaN, NaN, NaN, NaN, NaN, NaN, NaN, NaN, NaN]	0.0	0.0	0.0
2167.236903701074	2.0	trials	4.0	1.0	1.0	1.0	0.0	1.0	False	0.0	0.0	0.0	[NaN, NaN, NaN, NaN, NaN, NaN, NaN, NaN, NaN, NaN, NaN, NaN, NaN, NaN, NaN, NaN, NaN, NaN, NaN, NaN]	1.0	0.02	5.0
2176.6686172691416	2.0	trials	4.0	1.0	1.0	1.0	0.0	1.0	False	0.0	0.0	0.0	[NaN, NaN, NaN, NaN, NaN, NaN, NaN, NaN, NaN, NaN, NaN, NaN, NaN, NaN, NaN, NaN, NaN, NaN, NaN, NaN]	1.0	0.02	5.0
2186.078125965715	2.0	trials	4.0	1.0	1.0	1.0	0.0	1.0	False	0.0	0.0	0.0	[NaN, NaN, NaN, NaN, NaN, NaN, NaN, NaN, NaN, NaN, NaN, NaN, NaN, NaN, NaN, NaN, NaN, NaN, NaN, NaN]	1.0	0.02	5.0
2193.1618255736885	2.0	trials	4.0	1.0	1.0	1.0	0.0	1.0	False	0.0	0.0	0.0	[NaN, NaN, NaN, NaN, NaN, NaN, NaN, NaN, NaN, NaN, NaN, NaN, NaN, NaN, NaN, NaN, NaN, NaN, NaN, NaN]	1.0	0.02	5.0
2204.178379444598	2.0	trials	4.0	1.0	1.0	1.0	0.0	1.0	False	0.0	0.0	0.0	[NaN, NaN, NaN, NaN, NaN, NaN, NaN, NaN, NaN, NaN, NaN, NaN, NaN, NaN, NaN, NaN, NaN, NaN, NaN, NaN]	1.0	0.02	5.0
2215.0509040517645	2.0	trials	4.0	1.0	1.0	1.0	0.0	1.0	False	0.0	0.0	0.0	[NaN, NaN, NaN, NaN, NaN, NaN, NaN, NaN, NaN, NaN, NaN, NaN, NaN, NaN, NaN, NaN, NaN, NaN, NaN, NaN]	1.0	0.02	5.0
2225.8114538983964	2.0	trials	4.0	1.0	1.0	1.0	0.0	1.0	False	0.0	0.0	0.0	[NaN, NaN, NaN, NaN, NaN, NaN, NaN, NaN, NaN, NaN, NaN, NaN, NaN, NaN, NaN, NaN, NaN, NaN, NaN, NaN]	1.0	0.02	5.0
2232.7710827068886	2.0	trials	4.0	1.0	1.0	1.0	0.0	1.0	False	0.0	0.0	0.0	[NaN, NaN, NaN, NaN, NaN, NaN, NaN, NaN, NaN, NaN, NaN, NaN, NaN, NaN, NaN, NaN, NaN, NaN, NaN, NaN]	1.0	0.02	5.0
2241.3069981906815	2.0	trials	4.0	1.0	1.0	1.0	0.0	1.0	False	0.0	0.0	0.0	[NaN, NaN, NaN, NaN, NaN, NaN, NaN, NaN, NaN, NaN, NaN, NaN, NaN, NaN, NaN, NaN, NaN, NaN, NaN, NaN]	1.0	0.02	5.0
2247.4336419171427	2.0	trials	4.0	1.0	1.0	1.0	0.0	1.0	False	0.0	0.0	0.0	[NaN, NaN, NaN, NaN, NaN, NaN, NaN, NaN, NaN, NaN, NaN, NaN, NaN, NaN, NaN, NaN, NaN, NaN, NaN, NaN]	1.0	0.02	5.0
2254.772654347168	2.0	trials	4.0	1.0	1.0	1.0	0.0	1.0	False	0.0	0.0	0.0	[NaN, NaN, NaN, NaN, NaN, NaN, NaN, NaN, NaN, NaN, NaN, NaN, NaN, NaN, NaN, NaN, NaN, NaN, NaN, NaN]	1.0	0.02	5.0
2263.752148859189	2.0	trials	4.0	1.0	1.0	1.0	0.0	1.0	False	0.0	0.0	0.0	[NaN, NaN, NaN, NaN, NaN, NaN, NaN, NaN, NaN, NaN, NaN, NaN, NaN, NaN, NaN, NaN, NaN, NaN, NaN, NaN]	1.0	0.02	5.0
2274.3933799216406	2.0	trials	4.0	1.0	1.0	1.0	0.0	1.0	False	0.0	0.0	0.0	[NaN, NaN, NaN, NaN, NaN, NaN, NaN, NaN, NaN, NaN, NaN, NaN, NaN, NaN, NaN, NaN, NaN, NaN, NaN, NaN]	1.0	0.02	5.0
2282.6166991989417	2.0	trials	4.0	1.0	1.0	1.0	0.0	1.0	False	0.0	0.0	0.0	[NaN, NaN, NaN, NaN, NaN, NaN, NaN, NaN, NaN, NaN, NaN, NaN, NaN, NaN, NaN, NaN, NaN, NaN, NaN, NaN]	1.0	0.02	5.0
2290.7319317282268	2.0	trials	4.0	1.0	1.0	1.0	0.0	1.0	False	0.0	0.0	0.0	[NaN, NaN, NaN, NaN, NaN, NaN, NaN, NaN, NaN, NaN, NaN, NaN, NaN, NaN, NaN, NaN, NaN, NaN, NaN, NaN]	1.0	0.02	5.0
2299.2191174551203	2.0	trials	4.0	1.0	1.0	1.0	0.0	1.0	False	0.0	0.0	0.0	[NaN, NaN, NaN, NaN, NaN, NaN, NaN, NaN, NaN, NaN, NaN, NaN, NaN, NaN, NaN, NaN, NaN, NaN, NaN, NaN]	1.0	0.02	5.0
2307.483304064005	2.0	trials	4.0	1.0	1.0	1.0	0.0	1.0	False	0.0	0.0	0.0	[NaN, NaN, NaN, NaN, NaN, NaN, NaN, NaN, NaN, NaN, NaN, NaN, NaN, NaN, NaN, NaN, NaN, NaN, NaN, NaN]	1.0	0.02	5.0
2314.6730168133176	2.0	trials	4.0	1.0	1.0	1.0	0.0	1.0	False	0.0	0.0	0.0	[NaN, NaN, NaN, NaN, NaN, NaN, NaN, NaN, NaN, NaN, NaN, NaN, NaN, NaN, NaN, NaN, NaN, NaN, NaN, NaN]	1.0	0.02	5.0
2323.99474282725	2.0	trials	4.0	1.0	1.0	1.0	0.0	1.0	False	0.0	0.0	0.0	[NaN, NaN, NaN, NaN, NaN, NaN, NaN, NaN, NaN, NaN, NaN, NaN, NaN, NaN, NaN, NaN, NaN, NaN, NaN, NaN]	1.0	0.02	5.0
2333.0793000775498	2.0	trials	4.0	1.0	1.0	1.0	0.0	1.0	False	0.0	0.0	0.0	[NaN, NaN, NaN, NaN, NaN, NaN, NaN, NaN, NaN, NaN, NaN, NaN, NaN, NaN, NaN, NaN, NaN, NaN, NaN, NaN]	1.0	0.02	5.0
2342.389707655039	2.0	trials	4.0	1.0	1.0	1.0	0.0	1.0	False	0.0	0.0	0.0	[NaN, NaN, NaN, NaN, NaN, NaN, NaN, NaN, NaN, NaN, NaN, NaN, NaN, NaN, NaN, NaN, NaN, NaN, NaN, NaN]	1.0	0.02	5.0
2350.813389177463	2.0	trials	4.0	1.0	1.0	1.0	0.0	1.0	False	0.0	0.0	0.0	[NaN, NaN, NaN, NaN, NaN, NaN, NaN, NaN, NaN, NaN, NaN, NaN, NaN, NaN, NaN, NaN, NaN, NaN, NaN, NaN]	1.0	0.02	5.0
2360.864074338485	2.0	trials	4.0	1.0	1.0	1.0	0.0	1.0	False	0.0	0.0	0.0	[NaN, NaN, NaN, NaN, NaN, NaN, NaN, NaN, NaN, NaN, NaN, NaN, NaN, NaN, NaN, NaN, NaN, NaN, NaN, NaN]	1.0	0.02	5.0
2369.334239210575	2.0	trials	4.0	1.0	1.0	1.0	0.0	1.0	False	0.0	0.0	0.0	[NaN, NaN, NaN, NaN, NaN, NaN, NaN, NaN, NaN, NaN, NaN, NaN, NaN, NaN, NaN, NaN, NaN, NaN, NaN, NaN]	1.0	0.02	5.0
2379.8441418501775	2.0	trials	4.0	1.0	1.0	1.0	0.0	1.0	False	0.0	0.0	0.0	[NaN, NaN, NaN, NaN, NaN, NaN, NaN, NaN, NaN, NaN, NaN, NaN, NaN, NaN, NaN, NaN, NaN, NaN, NaN, NaN]	1.0	0.02	5.0
2386.55839386861	2.0	trials	4.0	1.0	1.0	1.0	0.0	1.0	False	0.0	0.0	0.0	[NaN, NaN, NaN, NaN, NaN, NaN, NaN, NaN, NaN, NaN, NaN, NaN, NaN, NaN, NaN, NaN, NaN, NaN, NaN, NaN]	1.0	0.02	5.0
2396.8347565562644	2.0	trials	4.0	1.0	1.0	1.0	0.0	1.0	False	0.0	0.0	0.0	[NaN, NaN, NaN, NaN, NaN, NaN, NaN, NaN, NaN, NaN, NaN, NaN, NaN, NaN, NaN, NaN, NaN, NaN, NaN, NaN]	1.0	0.02	5.0
2405.6297864743497	2.0	trials	4.0	1.0	1.0	1.0	0.0	1.0	False	0.0	0.0	0.0	[NaN, NaN, NaN, NaN, NaN, NaN, NaN, NaN, NaN, NaN, NaN, NaN, NaN, NaN, NaN, NaN, NaN, NaN, NaN, NaN]	1.0	0.02	5.0
2416.7246189972993	2.0	trials	4.0	1.0	1.0	1.0	0.0	1.0	False	0.0	0.0	0.0	[NaN, NaN, NaN, NaN, NaN, NaN, NaN, NaN, NaN, NaN, NaN, NaN, NaN, NaN, NaN, NaN, NaN, NaN, NaN, NaN]	1.0	0.02	5.0
2424.25716805047	2.0	trials	4.0	1.0	1.0	1.0	0.0	1.0	False	0.0	0.0	0.0	[NaN, NaN, NaN, NaN, NaN, NaN, NaN, NaN, NaN, NaN, NaN, NaN, NaN, NaN, NaN, NaN, NaN, NaN, NaN, NaN]	1.0	0.02	5.0
2431.2923971023793	2.0	trials	4.0	1.0	1.0	1.0	0.0	1.0	False	0.0	0.0	0.0	[NaN, NaN, NaN, NaN, NaN, NaN, NaN, NaN, NaN, NaN, NaN, NaN, NaN, NaN, NaN, NaN, NaN, NaN, NaN, NaN]	1.0	0.02	5.0
2441.2438083437605	2.0	trials	4.0	1.0	1.0	1.0	0.0	1.0	False	0.0	0.0	0.0	[NaN, NaN, NaN, NaN, NaN, NaN, NaN, NaN, NaN, NaN, NaN, NaN, NaN, NaN, NaN, NaN, NaN, NaN, NaN, NaN]	1.0	0.02	5.0
2447.5406606182564	2.0	trials	4.0	1.0	1.0	1.0	0.0	1.0	False	0.0	0.0	0.0	[NaN, NaN, NaN, NaN, NaN, NaN, NaN, NaN, NaN, NaN, NaN, NaN, NaN, NaN, NaN, NaN, NaN, NaN, NaN, NaN]	1.0	0.02	5.0
2457.7425462661113	2.0	trials	4.0	1.0	1.0	1.0	0.0	1.0	False	0.0	0.0	0.0	[NaN, NaN, NaN, NaN, NaN, NaN, NaN, NaN, NaN, NaN, NaN, NaN, NaN, NaN, NaN, NaN, NaN, NaN, NaN, NaN]	1.0	0.02	5.0
2465.001811239367	2.0	trials	4.0	1.0	1.0	1.0	0.0	1.0	False	0.0	0.0	0.0	[NaN, NaN, NaN, NaN, NaN, NaN, NaN, NaN, NaN, NaN, NaN, NaN, NaN, NaN, NaN, NaN, NaN, NaN, NaN, NaN]	1.0	0.02	5.0
2475.2727307094956	2.0	trials	4.0	1.0	1.0	1.0	0.0	1.0	False	0.0	0.0	0.0	[NaN, NaN, NaN, NaN, NaN, NaN, NaN, NaN, NaN, NaN, NaN, NaN, NaN, NaN, NaN, NaN, NaN, NaN, NaN, NaN]	1.0	0.02	5.0
2483.2652748437504	2.0	trials	4.0	1.0	1.0	1.0	0.0	1.0	False	0.0	0.0	0.0	[NaN, NaN, NaN, NaN, NaN, NaN, NaN, NaN, NaN, NaN, NaN, NaN, NaN, NaN, NaN, NaN, NaN, NaN, NaN, NaN]	1.0	0.02	5.0
2490.2273228600325	2.0	trials	4.0	1.0	1.0	1.0	0.0	1.0	False	0.0	0.0	0.0	[NaN, NaN, NaN, NaN, NaN, NaN, NaN, NaN, NaN, NaN, NaN, NaN, NaN, NaN, NaN, NaN, NaN, NaN, NaN, NaN]	1.0	0.02	5.0
2497.131223489092	2.0	trials	4.0	1.0	1.0	1.0	0.0	1.0	False	0.0	0.0	0.0	[NaN, NaN, NaN, NaN, NaN, NaN, NaN, NaN, NaN, NaN, NaN, NaN, NaN, NaN, NaN, NaN, NaN, NaN, NaN, NaN]	1.0	0.02	5.0
2504.337006690148	2.0	trials	4.0	1.0	1.0	1.0	0.0	1.0	False	0.0	0.0	0.0	[NaN, NaN, NaN, NaN, NaN, NaN, NaN, NaN, NaN, NaN, NaN, NaN, NaN, NaN, NaN, NaN, NaN, NaN, NaN, NaN]	1.0	0.02	5.0
2513.0854668582883	2.0	trials	4.0	1.0	1.0	1.0	0.0	1.0	False	0.0	0.0	0.0	[NaN, NaN, NaN, NaN, NaN, NaN, NaN, NaN, NaN, NaN, NaN, NaN, NaN, NaN, NaN, NaN, NaN, NaN, NaN, NaN]	1.0	0.02	5.0
2523.9987723967606	2.0	trials	4.0	1.0	1.0	1.0	0.0	1.0	False	0.0	0.0	0.0	[NaN, NaN, NaN, NaN, NaN, NaN, NaN, NaN, NaN, NaN, NaN, NaN, NaN, NaN, NaN, NaN, NaN, NaN, NaN, NaN]	1.0	0.02	5.0
2533.071060807558	2.0	trials	4.0	1.0	1.0	1.0	0.0	1.0	False	0.0	0.0	0.0	[NaN, NaN, NaN, NaN, NaN, NaN, NaN, NaN, NaN, NaN, NaN, NaN, NaN, NaN, NaN, NaN, NaN, NaN, NaN, NaN]	1.0	0.02	5.0
2543.488169548384	2.0	trials	4.0	1.0	1.0	1.0	0.0	1.0	False	0.0	0.0	0.0	[NaN, NaN, NaN, NaN, NaN, NaN, NaN, NaN, NaN, NaN, NaN, NaN, NaN, NaN, NaN, NaN, NaN, NaN, NaN, NaN]	1.0	0.02	5.0
2550.5090561541133	2.0	trials	4.0	1.0	1.0	1.0	0.0	1.0	False	0.0	0.0	0.0	[NaN, NaN, NaN, NaN, NaN, NaN, NaN, NaN, NaN, NaN, NaN, NaN, NaN, NaN, NaN, NaN, NaN, NaN, NaN, NaN]	1.0	0.02	5.0
2561.1279959447916	2.0	trials	4.0	1.0	1.0	1.0	0.0	1.0	False	0.0	0.0	0.0	[NaN, NaN, NaN, NaN, NaN, NaN, NaN, NaN, NaN, NaN, NaN, NaN, NaN, NaN, NaN, NaN, NaN, NaN, NaN, NaN]	1.0	0.02	5.0
2570.3551136541055	2.0	trials	4.0	1.0	1.0	1.0	0.0	1.0	False	0.0	0.0	0.0	[NaN, NaN, NaN, NaN, NaN, NaN, NaN, NaN, NaN, NaN, NaN, NaN, NaN, NaN, NaN, NaN, NaN, NaN, NaN, NaN]	1.0	0.02	5.0
2579.763758347897	2.0	trials	4.0	1.0	1.0	1.0	0.0	1.0	False	0.0	0.0	0.0	[NaN, NaN, NaN, NaN, NaN, NaN, NaN, NaN, NaN, NaN, NaN, NaN, NaN, NaN, NaN, NaN, NaN, NaN, NaN, NaN]	1.0	0.02	5.0
2589.9561399651507	2.0	trials	4.0	1.0	1.0	1.0	0.0	1.0	False	0.0	0.0	0.0	[NaN, NaN, NaN, NaN, NaN, NaN, NaN, NaN, NaN, NaN, NaN, NaN, NaN, NaN, NaN, NaN, NaN, NaN, NaN, NaN]	1.0	0.02	5.0
2597.278995543154	2.0	trials	4.0	1.0	1.0	1.0	0.0	1.0	False	0.0	0.0	0.0	[NaN, NaN, NaN, NaN, NaN, NaN, NaN, NaN, NaN, NaN, NaN, NaN, NaN, NaN, NaN, NaN, NaN, NaN, NaN, NaN]	1.0	0.02	5.0
2660.309812888688	2.0	trials	5.0	0.0	0.0	0.0	0.0	0.0	True	40.0	0.0	0.005	[30798734.86028167, 30799023.861212187, 30799312.862142704, 30799602.863076445, 30799892.864010185, 30800182.864943925, 30800471.86587444, 30800760.866804954, 30801051.867741913, 30801341.868675653, 30801629.86960295, 30801919.870536685, 30802209.871470425, 30802499.872404166, 30802788.873334687, 30803077.8742652, 30803368.87520216, 30803657.876132682, 30803948.877069637, 30804236.877996933]	0.0	0.0	0.0
2667.1079595772435	2.0	trials	5.0	0.0	0.0	0.0	0.0	0.0	True	40.0	0.0	0.005	[30877416.1136177, 30877706.11455144, 30877995.11548196, 30878286.116418913, 30878575.117349435, 30878864.118279956, 30879155.11921691, 30879443.120144207, 30879734.121081166, 30880022.122008465, 30880313.122945428, 30880603.12387916, 30880893.1248129, 30881181.125740204, 30881472.126677155, 30881760.127604455, 30882050.12853819, 30882340.129471928, 30882630.130405672, 30882920.13133941]	0.0	0.0	0.0
2673.80052512585	2.0	trials	5.0	0.0	0.0	0.0	0.0	0.0	True	40.0	0.0	0.005	[30954877.36302559, 30955166.363956116, 30955456.364889853, 30955746.365823593, 30956035.366754107, 30956325.367687844, 30956614.368618365, 30956903.369548883, 30957195.370489065, 30957484.37141958, 30957772.37234688, 30958062.373280615, 30958353.374217574, 30958641.375144877, 30958931.37607861, 30959222.377015572, 30959511.377946086, 30959801.378879827, 30960090.37981035, 30960380.38074408]	0.0	0.0	0.0
2679.774326760193	2.0	trials	5.0	0.0	0.0	0.0	0.0	0.0	True	40.0	0.0	0.005	[31024018.585644867, 31024308.5865786, 31024597.587509118, 31024887.58844286, 31025177.5893766, 31025466.590307117, 31025755.591237634, 31026045.592171375, 31026333.59309867, 31026624.59403563, 31026914.594969362, 31027204.595903102, 31027494.596836843, 31027783.59776736, 31028073.5987011, 31028363.599634834, 31028651.600562137, 31028942.601499096, 31029231.60242961, 31029521.60336335]	0.0	0.0	0.0
2687.2264371543693	2.0	trials	5.0	0.0	0.0	0.0	0.0	0.0	True	40.0	0.0	0.005	[31110269.86335468, 31110558.8642852, 31110848.865218937, 31111138.86615268, 31111426.867079973, 31111717.868016932, 31112007.868950672, 31112297.869884405, 31112585.87081171, 31112875.87174544, 31113164.87267597, 31113455.87361292, 31113745.874546662, 31114034.87547718, 31114324.87641092, 31114612.877338216, 31114903.878275175, 31115192.87920569, 31115483.880142648, 31115773.881076388]	0.0	0.0	0.0
2694.3668153448352	2.0	trials	5.0	0.0	0.0	0.0	0.0	0.0	True	40.0	0.0	0.005	[31192913.129447512, 31193203.13038125, 31193492.131311763, 31193782.13224551, 31194072.133179244, 31194361.134109758, 31194650.135040283, 31194941.135977235, 31195229.136904534, 31195519.137838274, 31195809.13877201, 31196099.139705755, 31196389.14063949, 31196678.141570006, 31196967.14250052, 31197257.143434267, 31197548.144371226, 31197836.14529852, 31198127.146235477, 31198416.14716599]	0.0	0.0	0.0
2699.9735021971487	2.0	trials	5.0	0.0	0.0	0.0	0.0	0.0	True	40.0	0.0	0.005	[31257805.338385906, 31258095.339319646, 31258384.34025016, 31258674.341183897, 31258964.342117637, 31259253.34304816, 31259543.3439819, 31259833.344915632, 31260122.345846154, 31260410.34677345, 31260701.34771041, 31260992.348647367, 31261280.349574663, 31261570.350508403, 31261860.35144214, 31262149.35237266, 31262440.353309613, 31262729.35424014, 31263019.355173875, 31263308.35610439]	0.0	0.0	0.0
2706.88828926126	2.0	trials	5.0	0.0	0.0	0.0	0.0	0.0	True	40.0	0.0	0.005	[31337837.596071873, 31338126.597002387, 31338415.597932905, 31338705.59886665, 31338995.599800386, 31339285.600734126, 31339575.60166786, 31339865.6026016, 31340153.603528902, 31340443.604462635, 31340734.605399594, 31341022.60632689, 31341313.607263844, 31341602.60819437, 31341892.609128106, 31342181.61005862, 31342471.61099236, 31342761.6119261, 31343050.612856615, 31343339.613787137]	0.0	0.0	0.0
2712.1084212689507	2.0	trials	5.0	0.0	0.0	0.0	0.0	0.0	True	40.0	0.0	0.005	[31398254.790601723, 31398545.791538678, 31398835.79247242, 31399123.793399718, 31399414.79433668, 31399702.79526397, 31399992.79619771, 31400282.79713145, 31400571.79806197, 31400861.798995703, 31401151.79992944, 31401440.800859965, 31401730.801793702, 31402020.802727442, 31402310.803661175, 31402598.804588478, 31402888.80552221, 31403179.80645917, 31403467.807386465, 31403757.808320213]	0.0	0.0	0.0
2717.4986754243973	2.0	trials	5.0	0.0	0.0	0.0	0.0	0.0	True	40.0	0.0	0.005	[31460641.991474554, 31460930.992405068, 31461220.993338805, 31461510.994272545, 31461799.995203067, 31462090.996140026, 31462379.99707054, 31462668.998001054, 31462957.998931576, 31463247.999865316, 31463538.000799052, 31463829.00173601, 31464117.00266331, 31464409.003603484, 31464697.004530787, 31464986.0054613, 31465276.00639504, 31465566.007328782, 31465855.008259296, 31466145.009193037]	0.0	0.0	0.0
2722.8547150696813	2.0	trials	5.0	0.0	0.0	0.0	0.0	0.0	True	40.0	0.0	0.005	[31522633.19107235, 31522922.192002866, 31523213.192939818, 31523502.193870343, 31523791.194800857, 31524081.195734594, 31524371.196668338, 31524661.197602075, 31524951.198535815, 31525241.199469548, 31525530.200400062, 31525819.20133059, 31526109.202264324, 31526398.203194838, 31526689.2041318, 31526978.20506232, 31527267.205992837, 31527558.206929795, 31527847.20786031, 31528137.20879405]	0.0	0.0	0.0
2730.5160005373555	2.0	trials	5.0	0.0	0.0	0.0	0.0	0.0	True	40.0	0.0	0.005	[31611306.476580486, 31611594.47750778, 31611884.47844152, 31612173.479372043, 31612464.480309002, 31612755.481245957, 31613043.482173253, 31613333.483106993, 31613622.484037515, 31613912.484971255, 31614202.485904988, 31614491.486835506, 31614780.487766024, 31615070.488699764, 31615360.4896335, 31615650.49056724, 31615940.491500974, 31616230.492434714, 31616519.493365236, 31616809.494298972]	0.0	0.0	0.0
2735.7664590426907	2.0	trials	5.0	0.0	0.0	0.0	0.0	0.0	True	40.0	0.0	0.005	[31672075.6722437, 31672363.673171002, 31672653.674104735, 31672943.675038476, 31673233.675972212, 31673523.676905952, 31673812.67783647, 31674101.67876699, 31674392.679703947, 31674681.68063447, 31674970.681564983, 31675259.682495505, 31675549.683429237, 31675840.684366196, 31676130.685299937, 31676419.686230455, 31676709.687164195, 31676998.68809471, 31677288.68902845, 31677577.68995897]	0.0	0.0	0.0
2741.880747529371	2.0	trials	5.0	0.0	0.0	0.0	0.0	0.0	True	40.0	0.0	0.005	[31742842.900098342, 31743131.90102886, 31743420.901959386, 31743710.90289312, 31744001.90383008, 31744289.904757377, 31744579.90569111, 31744868.90662163, 31745158.90755537, 31745449.90849233, 31745737.909419622, 31746027.910353366, 31746317.911287103, 31746606.91221762, 31746896.913151357, 31747186.914085094, 31747475.91501562, 31747765.915949352, 31748055.916883092, 31748345.91781683]	0.0	0.0	0.0
2750.6951311097705	2.0	trials	5.0	0.0	0.0	0.0	0.0	0.0	True	40.0	0.0	0.005	[31844861.228574537, 31845151.229508277, 31845440.2304388, 31845729.231369313, 31846020.232306268, 31846310.23324001, 31846598.234167308, 31846888.235101044, 31847179.236038003, 31847468.236968525, 31847757.23789904, 31848047.23883278, 31848336.239763293, 31848626.24069704, 31848917.24163399, 31849206.24256451, 31849496.24349825, 31849786.244431984, 31850075.24536251, 31850363.2462898]	0.0	0.0	0.0
2756.9406616190217	2.0	trials	5.0	0.0	0.0	0.0	0.0	0.0	True	40.0	0.0	0.005	[31917146.461316813, 31917436.462250553, 31917726.463184293, 31918015.46411481, 31918305.465048548, 31918594.46597907, 31918884.46691281, 31919174.467846543, 31919464.468780283, 31919754.46971402, 31920042.47064132, 31920332.471575055, 31920622.472508796, 31920912.47344253, 31921201.474373054, 31921490.47530357, 31921780.476237305, 31922070.477171045, 31922360.47810478, 31922650.479038525]	0.0	0.0	0.0
2764.944696990276	2.0	trials	5.0	0.0	0.0	0.0	0.0	0.0	True	40.0	0.0	0.005	[32009785.759594634, 32010076.76053159, 32010365.761462107, 32010654.762392625, 32010944.76332636, 32011235.76426332, 32011524.765193842, 32011814.766127575, 32012104.767061315, 32012392.76798862, 32012682.76892235, 32012972.76985609, 32013262.77078983, 32013551.77172035, 32013841.77265409, 32014131.773587823, 32014421.774521563, 32014710.775452077, 32015000.776385818, 32015290.777319558]	0.0	0.0	0.0
2773.033836635548	2.0	trials	5.0	0.0	0.0	0.0	0.0	0.0	True	40.0	0.0	0.005	[32103412.061050378, 32103700.061977673, 32103990.06291141, 32104280.063845154, 32104570.06477889, 32104859.065709405, 32105148.066639926, 32105438.067573667, 32105728.0685074, 32106018.06944114, 32106307.070371658, 32106596.071302176, 32106886.072235916, 32107177.07317288, 32107466.074103393, 32107755.075033914, 32108046.07597087, 32108335.076901387, 32108625.077835124, 32108914.07876564]	0.0	0.0	0.0
2780.184755659953	2.0	trials	5.0	0.0	0.0	0.0	0.0	0.0	True	40.0	0.0	0.005	[32186175.32752958, 32186465.328463316, 32186754.329393838, 32187045.33033079, 32187334.33126131, 32187625.33219827, 32187915.33313201, 32188204.334062528, 32188494.33499626, 32188783.335926782, 32189073.336860523, 32189362.337791037, 32189652.338724777, 32189942.339658517, 32190231.34058903, 32190521.341522772, 32190811.34245651, 32191100.34338703, 32191389.344317544, 32191679.345251285]	0.0	0.0	0.0
2787.2997321686316	2.0	trials	5.0	0.0	0.0	0.0	0.0	0.0	True	40.0	0.0	0.005	[32268524.59267579, 32268814.59360953, 32269103.594540045, 32269394.595477004, 32269683.596407525, 32269972.59733804, 32270261.59826856, 32270551.5992023, 32270841.600136034, 32271130.601066552, 32271420.602000292, 32271711.60293725, 32272000.603867773, 32272290.604801506, 32272579.60573202, 32272868.60666255, 32273159.607599497, 32273448.60853002, 32273737.609460536, 32274028.61039749]	0.0	0.0	0.0
2796.1271621910378	2.0	trials	5.0	0.0	0.0	0.0	0.0	0.0	True	40.0	0.0	0.005	[32370694.921641394, 32370983.92257191, 32371273.923505645, 32371562.92443617, 32371852.925369903, 32372143.926306866, 32372432.92723738, 32372721.928167902, 32373012.92910486, 32373301.930035375, 32373590.93096589, 32373880.93189963, 32374169.93283015, 32374460.93376711, 32374749.934697628, 32375039.93563136, 32375329.9365651, 32375618.937495623, 32375908.938429356, 32376196.93935666]	0.0	0.0	0.0
2801.5450644355055	2.0	trials	5.0	0.0	0.0	0.0	0.0	0.0	True	40.0	0.0	0.005	[32433403.123547774, 32433692.124478288, 32433982.12541203, 32434271.12634255, 32434560.127273064, 32434849.128203586, 32435140.12914054, 32435430.13007428, 32435720.13100802, 32436009.131938536, 32436297.13286584, 32436587.13379957, 32436877.13473331, 32437167.13566705, 32437458.136604007, 32437746.137531307, 32438037.13846827, 32438325.139395565, 32438615.140329298, 32438905.141263045]	0.0	0.0	0.0
2808.7513660382306	2.0	trials	5.0	0.0	0.0	0.0	0.0	0.0	True	40.0	0.0	0.005	[32516807.39209086, 32517097.393024594, 32517386.39395512, 32517677.39489207, 32517965.39581937, 32518256.39675633, 32518545.397686847, 32518836.398623805, 32519126.399557542, 32519415.40048806, 32519704.40141858, 32519994.402352314, 32520284.403286055, 32520572.404213358, 32520863.405150313, 32521152.406080827, 32521442.40701457, 32521733.407951526, 32522021.40887883, 32522311.409812562]	0.0	0.0	0.0
2814.6375577904887	2.0	trials	5.0	0.0	0.0	0.0	0.0	0.0	True	40.0	0.0	0.005	[32584936.611451704, 32585224.612379003, 32585514.61331274, 32585804.614246476, 32586093.615176998, 32586383.616110735, 32586672.617041253, 32586961.617971774, 32587252.61890873, 32587541.61983925, 32587831.620772984, 32588121.621706724, 32588410.622637246, 32588700.62357098, 32588989.624501497, 32589278.625432022, 32589569.62636897, 32589858.627299495, 32590147.628230013, 32590438.62916697]	0.0	0.0	0.0
2821.0283271673775	2.0	trials	5.0	0.0	0.0	0.0	0.0	0.0	True	40.0	0.0	0.005	[32658902.849606443, 32659191.850536965, 32659481.8514707, 32659771.852404438, 32660060.853334956, 32660350.85426869, 32660640.855202436, 32660929.85613295, 32661219.857066687, 32661508.857997205, 32661799.85893416, 32662087.859861463, 32662377.860795204, 32662666.86172572, 32662957.862662677, 32663246.8635932, 32663536.86452693, 32663826.86546067, 32664116.866394408, 32664405.86732493]	0.0	0.0	0.0
2826.85369312379	2.0	trials	5.0	0.0	0.0	0.0	0.0	0.0	True	40.0	0.0	0.005	[32726326.066694114, 32726617.067631073, 32726906.068561595, 32727195.06949211, 32727484.07042263, 32727774.071356367, 32728064.07229011, 32728354.073223848, 32728643.074154362, 32728932.075084884, 32729221.0760154, 32729512.076952357, 32729802.077886097, 32730092.078819834, 32730381.07975035, 32730671.080684092, 32730960.08161461, 32731250.08254835, 32731539.083478868, 32731830.084415823]	0.0	0.0	0.0
2835.610620519193	2.0	trials	5.0	0.0	0.0	0.0	0.0	0.0	True	40.0	0.0	0.005	[32827679.39302915, 32827969.39396289, 32828258.39489341, 32828549.39583037, 32828838.39676089, 32829127.397691406, 32829418.39862836, 32829707.399558883, 32829997.400492616, 32830286.401423138, 32830576.402356878, 32830865.403287392, 32831155.404221132, 32831445.40515487, 32831734.40608539, 32832023.40701591, 32832313.407949645, 32832603.40888338, 32832892.409813907, 32833183.41075086]	0.0	0.0	0.0
2844.109556683921	2.0	trials	5.0	0.0	0.0	0.0	0.0	0.0	True	40.0	0.0	0.005	[32926046.709749907, 32926335.710680425, 32926626.71161738, 32926914.712544683, 32927203.713475198, 32927495.71441538, 32927784.715345897, 32928074.716279633, 32928363.717210155, 32928652.71814067, 32928942.71907441, 32929231.72000493, 32929521.720938668, 32929811.721872404, 32930100.72280292, 32930390.723736666, 32930679.72466718, 32930969.725600917, 32931260.726537876, 32931548.727465175]	0.0	0.0	0.0
2850.063831855393	2.0	trials	5.0	0.0	0.0	0.0	0.0	0.0	True	40.0	0.0	0.005	[32994961.931641504, 32995250.93257202, 32995539.933502544, 32995830.9344395, 32996118.935366794, 32996409.936303753, 32996699.93723749, 32996987.93816479, 32997277.93909853, 32997566.94002905, 32997856.940962788, 32998147.941899747, 32998436.94283026, 32998726.943764, 32999015.944694523, 32999305.945628263, 32999594.946558777, 32999884.947492514, 33000174.948426254, 33000463.949356772]	0.0	0.0	0.0
2855.363538519296	2.0	trials	5.0	0.0	0.0	0.0	0.0	0.0	True	40.0	0.0	0.005	[33056300.129136782, 33056590.130070515, 33056880.131004255, 33057169.131934777, 33057460.132871725, 33057750.133805472, 33058038.134732768, 33058328.1356665, 33058618.13660024, 33058907.137530763, 33059197.1384645, 33059487.13939824, 33059776.140328757, 33060066.141262498, 33060357.142199453, 33060645.14312675, 33060935.14406049, 33061224.14499101, 33061514.145924743, 33061804.146858484]	0.0	0.0	0.0
2861.599737798503	2.0	trials	5.0	0.0	0.0	0.0	0.0	0.0	True	40.0	0.0	0.005	[33128479.36153776, 33128769.3624715, 33129058.363402013, 33129348.36433575, 33129638.365269493, 33129927.36620001, 33130218.36713697, 33130506.36806427, 33130796.368998006, 33131086.369931746, 33131374.37085904, 33131665.371795997, 33131955.372729737, 33132243.373657037, 33132534.37459399, 33132823.375524513, 33133113.376458254, 33133402.377388768, 33133693.378325727, 33133982.37925624]	0.0	0.0	0.0
2866.7441831624988	2.0	trials	5.0	0.0	0.0	0.0	0.0	0.0	True	40.0	0.0	0.005	[33188020.553247076, 33188309.554177597, 33188600.55511455, 33188890.55604829, 33189179.55697881, 33189468.557909325, 33189758.558843065, 33190048.559776805, 33190338.560710542, 33190627.561641056, 33190917.562574796, 33191207.563508537, 33191495.564435832, 33191786.56537279, 33192075.566303313, 33192364.567233827, 33192654.568167567, 33192944.569101304, 33193234.570035044, 33193523.570965566]	0.0	0.0	0.0
2872.0038000973227	2.0	trials	5.0	0.0	0.0	0.0	0.0	0.0	True	40.0	0.0	0.005	[33248895.749251585, 33249186.750188548, 33249475.751119062, 33249765.752052803, 33250055.752986543, 33250344.753917057, 33250634.754850797, 33250924.755784534, 33251214.756718274, 33251503.757648792, 33251792.75857931, 33252082.75951305, 33252372.760446783, 33252661.761377305, 33252951.762311045, 33253241.76324478, 33253530.7641753, 33253820.76510904, 33254109.766039554, 33254399.76697329]	0.0	0.0	0.0
2877.847828513824	2.0	trials	5.0	0.0	0.0	0.0	0.0	0.0	True	40.0	0.0	0.005	[33316534.96703474, 33316825.967971694, 33317114.968902215, 33317403.969832733, 33317693.97076647, 33317983.97170021, 33318273.972633943, 33318563.973567683, 33318851.974494986, 33319141.97542872, 33319431.976362456, 33319722.977299415, 33320011.978229936, 33320300.979160458, 33320590.98009419, 33320879.981024712, 33321170.981961668, 33321459.982892185, 33321749.983825926, 33322039.984759662]	0.0	0.0	0.0
2884.0817813857975	2.0	trials	5.0	0.0	0.0	0.0	0.0	0.0	True	40.0	0.0	0.005	[33388688.199352004, 33388978.200285744, 33389268.20121948, 33389557.202149995, 33389846.203080516, 33390136.204014257, 33390426.204947993, 33390716.205881733, 33391005.20681225, 33391295.207745988, 33391586.208682947, 33391873.209607024, 33392164.210543983, 33392454.211477723, 33392742.21240502, 33393032.213338755, 33393322.214272495, 33393611.215203013, 33393902.216139972, 33394191.21707049]	0.0	0.0	0.0
2892.643876153882	2.0	trials	5.0	0.0	0.0	0.0	0.0	0.0	True	40.0	0.0	0.005	[33487786.518426422, 33488076.51936016, 33488364.520287458, 33488655.52122442, 33488944.522154935, 33489234.52308867, 33489524.524022408, 33489813.52495293, 33490102.525883444, 33490392.526817184, 33490682.52775092, 33490972.528684665, 33491262.5296184, 33491550.530545697, 33491840.531479437, 33492129.53240996, 33492419.53334369, 33492710.53428065, 33492999.53521117, 33493288.536141686]	0.0	0.0	0.0
2898.7099532853317	2.0	trials	5.0	0.0	0.0	0.0	0.0	0.0	True	40.0	0.0	0.005	[33557994.744481206, 33558285.74541816, 33558574.74634868, 33558864.747282416, 33559153.74821293, 33559443.74914668, 33559732.75007719, 33560022.751010925, 33560311.75194145, 33560601.75287519, 33560891.75380892, 33561180.75473944, 33561469.75566997, 33561761.75661014, 33562049.75753744, 33562339.758471176, 33562628.759401694, 33562919.76033866, 33563208.76126917, 33563497.762199685]	0.0	0.0	0.0
2906.41590769683	2.0	trials	5.0	0.0	0.0	0.0	0.0	0.0	True	40.0	0.0	0.005	[33647184.03165076, 33647474.032584496, 33647764.03351823, 33648054.03445197, 33648344.035385706, 33648633.03631623, 33648923.03724996, 33649211.03817727, 33649502.03911422, 33649792.04004796, 33650082.0409817, 33650371.04191221, 33650661.04284595, 33650950.04377647, 33651240.04471021, 33651529.04564072, 33651819.046574466, 33652109.0475082, 33652399.04844195, 33652688.049372464]	0.0	0.0	0.0
2913.8484052278573	2.0	trials	5.0	0.0	0.0	0.0	0.0	0.0	True	40.0	0.0	0.005	[33733208.30862968, 33733499.30956664, 33733787.31049394, 33734078.311430894, 33734366.31235819, 33734656.31329193, 33734945.31422245, 33735236.3151594, 33735524.31608671, 33735814.317020446, 33736104.31795418, 33736394.31888792, 33736683.319818445, 33736973.32075218, 33737263.32168592, 33737553.322619654, 33737842.32355017, 33738132.324483916, 33738421.32541443, 33738711.32634816]	0.0	0.0	0.0
2921.0903037451967	2.0	trials	5.0	0.0	0.0	0.0	0.0	0.0	True	40.0	0.0	0.005	[33817027.57850898, 33817316.5794395, 33817606.580373235, 33817896.58130697, 33818186.582240716, 33818476.583174445, 33818764.58410175, 33819054.58503548, 33819344.585969225, 33819634.58690296, 33819923.58783348, 33820214.58877044, 33820502.58969773, 33820792.59063148, 33821082.59156521, 33821373.59250217, 33821661.59342947, 33821950.59435999, 33822241.59529695, 33822530.59622747]	0.0	0.0	0.0
2927.5340364926165	2.0	trials	5.0	0.0	0.0	0.0	0.0	0.0	True	40.0	0.0	0.005	[33891607.818640664, 33891895.81956796, 33892186.820504926, 33892476.821438655, 33892765.82236918, 33893055.82330292, 33893344.824233435, 33893634.82516717, 33893924.826100916, 33894213.827031426, 33894503.82796517, 33894793.82889891, 33895084.82983586, 33895373.83076639, 33895662.8316969, 33895951.832627416, 33896241.83356115, 33896530.83449168, 33896820.835425414, 33897110.83635915]	0.0	0.0	0.0
2936.1625730746287	2.0	trials	5.0	0.0	0.0	0.0	0.0	0.0	True	40.0	0.0	0.005	[33991475.1401911, 33991764.14112162, 33992054.142055355, 33992344.1429891, 33992634.14392283, 33992924.14485657, 33993213.14578709, 33993502.14671761, 33993791.147648126, 33994081.14858186, 33994370.14951238, 33994661.15044934, 33994950.15137986, 33995240.15231359, 33995530.153247334, 33995819.15417785, 33996110.155114815, 33996398.15604211, 33996689.15697906, 33996977.15790637]	0.0	0.0	0.0
2942.462276558305	2.0	trials	5.0	0.0	0.0	0.0	0.0	0.0	True	40.0	0.0	0.005	[34064387.37495218, 34064676.3758827, 34064966.376816444, 34065256.37775017, 34065546.37868392, 34065836.379617654, 34066126.38055139, 34066415.38148191, 34066704.382412426, 34066995.38334939, 34067284.38427991, 34067574.38521365, 34067863.38614416, 34068153.3870779, 34068442.388008416, 34068733.38894538, 34069022.3898759, 34069312.39080963, 34069600.39173693, 34069890.39267067]	0.0	0.0	0.0
2948.7923065396258	2.0	trials	5.0	0.0	0.0	0.0	0.0	0.0	True	40.0	0.0	0.005	[34137651.61084663, 34137942.611783594, 34138231.61271411, 34138520.61364463, 34138810.61457837, 34139100.6155121, 34139389.61644262, 34139679.61737636, 34139969.6183101, 34140259.61924384, 34140547.62017113, 34140838.62110809, 34141128.62204183, 34141417.622972354, 34141707.62390608, 34141995.62483339, 34142285.62576713, 34142575.62670086, 34142866.627637826, 34143154.62856512]	0.0	0.0	0.0
2955.0683363470775	2.0	trials	5.0	0.0	0.0	0.0	0.0	0.0	True	40.0	0.0	0.005	[34210291.844731934, 34210579.84565923, 34210870.8465962, 34211160.847529925, 34211448.84845723, 34211738.84939096, 34212029.850327924, 34212317.85125522, 34212607.85218897, 34212896.85311948, 34213187.85405644, 34213476.85498696, 34213766.85592069, 34214056.85685444, 34214345.85778495, 34214634.85871547, 34214926.85965565, 34215214.86058295, 34215503.861513466, 34215794.86245042]	0.0	0.0	0.0
2961.7887227852616	2.0	trials	5.0	0.0	0.0	0.0	0.0	0.0	True	40.0	0.0	0.005	[34288073.09517016, 34288363.0961039, 34288653.097037636, 34288942.09796815, 34289232.0989019, 34289522.099835634, 34289812.10076937, 34290101.10169989, 34290391.102633625, 34290680.10356415, 34290970.10449788, 34291259.1054284, 34291549.106362134, 34291839.10729588, 34292129.108229615, 34292419.10916335, 34292708.11009387, 34292996.11102117, 34293288.11196135, 34293578.11289509]	0.0	0.0	0.0
2969.404993707999	2.0	trials	5.0	0.0	0.0	0.0	0.0	0.0	True	40.0	0.0	0.005	[34376224.37899757, 34376514.37993131, 34376803.380861826, 34377092.38179235, 34377382.38272609, 34377673.38366304, 34377963.38459678, 34378251.38552408, 34378542.38646104, 34378831.38739156, 34379120.38832207, 34379411.38925903, 34379700.39018955, 34379990.391123295, 34380279.392053805, 34380568.39298433, 34380858.39391806, 34381148.394851804, 34381437.39578232, 34381727.39671606]	0.0	0.0	0.0
2974.9829092676746	2.0	trials	5.0	0.0	0.0	0.0	0.0	0.0	True	40.0	0.0	0.005	[34440783.58686378, 34441074.58780074, 34441363.58873126, 34441653.589664996, 34441942.59059551, 34442232.59152925, 34442521.59245977, 34442811.59339351, 34443101.59432724, 34443390.59525777, 34443679.59618828, 34443970.59712524, 34444258.59805254, 34444548.59898628, 34444838.59992002, 34445128.60085375, 34445417.601784274, 34445708.60272123, 34445997.603651755, 34446287.60458548]	0.0	0.0	0.0
2981.0551208188767	2.0	trials	5.0	0.0	0.0	0.0	0.0	0.0	True	40.0	0.0	0.005	[34511063.81315038, 34511353.81408413, 34511641.81501143, 34511932.81594838, 34512221.81687889, 34512512.817815855, 34512801.81874637, 34513091.81968012, 34513380.820610635, 34513670.82154437, 34513960.82247811, 34514250.823411845, 34514538.824339144, 34514830.825279325, 34515119.82620984, 34515408.82714036, 34515697.82807088, 34515988.829007834, 34516278.82994157, 34516566.83086887]	0.0	0.0	0.0
2990.1147947890577	2.0	trials	5.0	0.0	0.0	0.0	0.0	0.0	True	40.0	0.0	0.005	[34615922.150770776, 34616211.151701294, 34616501.15263503, 34616791.15356877, 34617080.15449929, 34617370.15543302, 34617660.156366765, 34617949.15729728, 34618238.1582278, 34618528.15916154, 34618818.160095274, 34619107.16102579, 34619397.16195953, 34619687.16289327, 34619976.16382379, 34620265.16475431, 34620555.165688045, 34620846.166625, 34621134.1675523, 34621424.16848604]	0.0	0.0	0.0
3017.3472120715232	2.0	trials	6.0	0.0	0.0	0.0	0.0	0.0	True	40.0	0.0	0.005	[34931113.16561533, 34931401.16654262, 34931691.16747637, 34931981.1684101, 34932270.16934062, 34932560.17027436, 34932849.17120488, 34933139.17213862, 34933429.17307235, 34933719.17400609, 34934008.174936615, 34934298.17587035, 34934588.17680409, 34934878.177737825, 34935167.17866834, 34935457.17960209, 34935746.180532604, 34936036.18146633, 34936326.18240008, 34936615.183330595]	0.0	0.0	0.0
3026.365413908174	2.0	trials	6.0	0.0	0.0	0.0	0.0	0.0	True	40.0	0.0	0.005	[35035489.50168378, 35035779.502617516, 35036068.50354804, 35036358.50448178, 35036648.505415514, 35036938.50634925, 35037226.50727655, 35037516.50821029, 35037806.50914402, 35038095.51007454, 35038386.511011496, 35038674.5119388, 35038964.51287254, 35039253.51380306, 35039544.51474001, 35039833.51567054, 35040123.51660427, 35040413.51753801, 35040703.51847175, 35040992.519402266]	0.0	0.0	0.0
3034.0151217385705	2.0	trials	6.0	0.0	0.0	0.0	0.0	0.0	True	40.0	0.0	0.005	[35124026.78675403, 35124317.78769099, 35124606.78862151, 35124895.789552025, 35125185.79048576, 35125475.7914195, 35125763.7923468, 35126054.79328375, 35126344.7942175, 35126634.79515123, 35126923.79608175, 35127213.79701549, 35127503.797949225, 35127792.79887975, 35128082.79981349, 35128371.800744005, 35128662.80168096, 35128950.80260826, 35129241.803545214, 35129530.80447573]	0.0	0.0	0.0
3042.4276576251073	2.0	trials	6.0	0.0	0.0	0.0	0.0	0.0	True	40.0	0.0	0.005	[35221394.100255, 35221683.101185516, 35221974.10212247, 35222264.103056215, 35222553.10398673, 35222844.10492369, 35223132.10585099, 35223422.10678472, 35223712.10771847, 35224001.10864898, 35224291.109582715, 35224581.11051646, 35224870.11144698, 35225160.11238071, 35225450.11331445, 35225738.11424175, 35226028.115175486, 35226318.11610923, 35226608.11704296, 35226897.117973484]	0.0	0.0	0.0
3050.755434838741	2.0	trials	6.0	0.0	0.0	0.0	0.0	0.0	True	40.0	0.0	0.005	[35317781.41060057, 35318070.41153109, 35318359.41246161, 35318649.413395345, 35318940.41433231, 35319228.4152596, 35319519.41619656, 35319808.41712708, 35320098.41806082, 35320388.41899456, 35320677.41992507, 35320966.4208556, 35321257.42179255, 35321546.42272307, 35321835.42365358, 35322125.42458733, 35322415.42552106, 35322705.426454805, 35322995.42738854, 35323284.42831905]	0.0	0.0	0.0
3055.9575955885675	2.0	trials	6.0	0.0	0.0	0.0	0.0	0.0	True	40.0	0.0	0.005	[35377990.60446071, 35378280.605394445, 35378570.60632819, 35378860.607261926, 35379148.60818922, 35379438.60912296, 35379728.6100567, 35380018.610990435, 35380307.61192095, 35380597.61285469, 35380886.61378521, 35381176.61471895, 35381466.61565269, 35381756.616586424, 35382045.61751694, 35382334.61844746, 35382624.6193812, 35382914.62031493, 35383204.62124867, 35383493.622179195]	0.0	0.0	0.0
3062.720231762786	2.0	trials	6.0	0.0	0.0	0.0	0.0	0.0	True	40.0	0.0	0.005	[35456261.85647663, 35456552.85741359, 35456841.85834411, 35457130.85927462, 35457420.86020836, 35457709.86113888, 35457999.86207262, 35458289.86300635, 35458578.86393688, 35458868.864870615, 35459159.86580757, 35459447.86673487, 35459738.867671825, 35460026.868599124, 35460316.86953286, 35460606.8704666, 35460896.87140034, 35461185.87233086, 35461475.873264596, 35461765.87419833]	0.0	0.0	0.0
3071.431626211584	2.0	trials	6.0	0.0	0.0	0.0	0.0	0.0	True	40.0	0.0	0.005	[35557089.181118056, 35557379.18205179, 35557668.18298231, 35557957.183912836, 35558247.18484657, 35558537.18578031, 35558826.18671083, 35559116.187644556, 35559406.18857831, 35559695.18950882, 35559985.190442555, 35560275.1913763, 35560565.19231003, 35560854.19324055, 35561144.19417429, 35561433.19510481, 35561723.19603855, 35562013.19697229, 35562302.1979028, 35562593.19883976]	0.0	0.0	0.0
3077.389702995296	2.0	trials	6.0	0.0	0.0	0.0	0.0	0.0	True	40.0	0.0	0.005	[35626047.40314811, 35626337.404081844, 35626627.40501558, 35626916.4059461, 35627206.406879835, 35627497.4078168, 35627785.40874409, 35628075.40967783, 35628365.41061157, 35628655.41154531, 35628943.412472606, 35629234.41340956, 35629523.41434009, 35629813.41527382, 35630103.41620756, 35630393.417141296, 35630682.41807182, 35630971.41900233, 35631261.419936076, 35631552.42087303]	0.0	0.0	0.0
3083.360048618511	2.0	trials	6.0	0.0	0.0	0.0	0.0	0.0	True	40.0	0.0	0.005	[35695149.6256418, 35695438.62657232, 35695728.62750606, 35696018.62843979, 35696308.629373536, 35696597.63030405, 35696888.631241016, 35697176.63216831, 35697466.633102044, 35697756.63403579, 35698045.63496631, 35698335.63590004, 35698625.63683378, 35698915.637767516, 35699204.638698034, 35699494.63963178, 35699784.640565515, 35700072.641492814, 35700362.64242655, 35700652.64336029]	0.0	0.0	0.0
3090.8917336689005	2.0	trials	6.0	0.0	0.0	0.0	0.0	0.0	True	40.0	0.0	0.005	[35782320.90631382, 35782610.90724756, 35782899.90817808, 35783189.90911181, 35783477.91003912, 35783769.91097929, 35784057.91190659, 35784348.912843555, 35784637.913774066, 35784927.91470781, 35785217.915641546, 35785506.916572064, 35785795.917502575, 35786086.91843954, 35786375.919370055, 35786665.9203038, 35786954.92123432, 35787244.92216805, 35787533.92309857, 35787823.92403231]	0.0	0.0	0.0
3096.421956275015	2.0	trials	6.0	0.0	0.0	0.0	0.0	0.0	True	40.0	0.0	0.005	[35846329.112405926, 35846618.11333645, 35846907.11426696, 35847197.115200706, 35847487.11613444, 35847776.11706496, 35848066.1179987, 35848356.11893243, 35848646.11986618, 35848935.12079669, 35849224.12172721, 35849514.12266094, 35849804.12359469, 35850094.12452842, 35850383.12545895, 35850674.1263959, 35850963.127326414, 35851252.12825694, 35851542.129190676, 35851832.13012442]	0.0	0.0	0.0
3104.114777844229	2.0	trials	6.0	0.0	0.0	0.0	0.0	0.0	True	40.0	0.0	0.005	[35935365.399082854, 35935655.40001659, 35935945.40095033, 35936234.401880845, 35936523.40281136, 35936813.4037451, 35937104.404682055, 35937394.4056158, 35937682.4065431, 35937972.407476835, 35938262.40841057, 35938551.4093411, 35938840.41027161, 35939131.41120857, 35939420.41213909, 35939709.413069606, 35939999.41400334, 35940289.41493708, 35940578.4158676, 35940869.41680456]	0.0	0.0	0.0
3111.7516120331757	2.0	trials	6.0	0.0	0.0	0.0	0.0	0.0	True	40.0	0.0	0.005	[36023755.68367979, 36024044.68461031, 36024334.68554405, 36024624.68647779, 36024914.687411524, 36025202.68833882, 36025493.68927578, 36025782.690206304, 36026073.69114326, 36026362.69207378, 36026652.693007514, 36026940.69393481, 36027230.69486855, 36027519.695799075, 36027809.69673281, 36028100.69766977, 36028388.698597066, 36028679.69953402, 36028969.700467765, 36029258.701398276]	0.0	0.0	0.0
3118.6641526900544	2.0	trials	6.0	0.0	0.0	0.0	0.0	0.0	True	40.0	0.0	0.005	[36103760.94127882, 36104050.94221256, 36104339.943143085, 36104630.94408004, 36104918.94500734, 36105208.945941076, 36105497.94687159, 36105787.94780533, 36106077.94873907, 36106368.94967603, 36106657.95060654, 36106946.951537065, 36107236.9524708, 36107526.95340454, 36107815.954335056, 36108105.9552688, 36108394.95619932, 36108685.95713627, 36108974.95806679, 36109263.95899731]	0.0	0.0	0.0
3126.278350006115	2.0	trials	6.0	0.0	0.0	0.0	0.0	0.0	True	40.0	0.0	0.005	[36191889.22503218, 36192178.2259627, 36192467.226893224, 36192757.22782695, 36193048.228763916, 36193337.22969443, 36193626.23062495, 36193917.231561914, 36194206.232492425, 36194495.23342295, 36194786.234359905, 36195075.23529042, 36195365.23622416, 36195654.237154685, 36195943.238085195, 36196233.23901894, 36196523.239952676, 36196814.24088963, 36197103.24182015, 36197391.24274745]	0.0	0.0	0.0
3134.1432809294834	2.0	trials	6.0	0.0	0.0	0.0	0.0	0.0	True	40.0	0.0	0.005	[36282918.518126145, 36283207.519056655, 36283496.51998717, 36283786.52092092, 36284077.52185788, 36284365.52278517, 36284655.52371891, 36284946.52465587, 36285234.52558317, 36285525.526520126, 36285815.52745386, 36286103.52838117, 36286393.5293149, 36286682.530245416, 36286972.53117915, 36287262.53211289, 36287552.53304663, 36287842.53398037, 36288132.53491411, 36288420.535841405]	0.0	0.0	0.0
3143.1918956640566	2.0	trials	6.0	0.0	0.0	0.0	0.0	0.0	True	40.0	0.0	0.005	[36387646.85532796, 36387937.85626492, 36388226.85719543, 36388515.858125955, 36388805.85905969, 36389095.85999343, 36389384.860923946, 36389675.8618609, 36389964.86279142, 36390253.86372194, 36390543.86465568, 36390833.86558942, 36391122.866519935, 36391412.86745367, 36391701.8683842, 36391992.869321145, 36392281.87025167, 36392571.87118541, 36392860.872115925, 36393149.87304644]	0.0	0.0	0.0
3149.864416348123	2.0	trials	6.0	0.0	0.0	0.0	0.0	0.0	True	40.0	0.0	0.005	[36464875.10398564, 36465165.10491938, 36465455.10585312, 36465744.106783636, 36466035.10772059, 36466324.10865111, 36466614.10958485, 36466903.11051537, 36467193.11144911, 36467482.11237962, 36467772.11331336, 36468062.1142471, 36468352.11518084, 36468642.11611458, 36468931.1170451, 36469221.11797883, 36469510.11890935, 36469799.11983987, 36470089.120773606, 36470379.12170735]	0.0	0.0	0.0
3156.518533772935	2.0	trials	6.0	0.0	0.0	0.0	0.0	0.0	True	40.0	0.0	0.005	[36541891.35196073, 36542180.35289125, 36542470.35382499, 36542760.354758725, 36543049.35568924, 36543339.35662298, 36543629.35755672, 36543917.358484015, 36544207.35941775, 36544497.360351495, 36544787.36128523, 36545076.36221575, 36545365.363146275, 36545656.36408322, 36545945.36501374, 36546235.365947485, 36546525.36688122, 36546814.36781175, 36547104.368745476, 36547394.36967921]	0.0	0.0	0.0
3163.2802195440936	2.0	trials	6.0	0.0	0.0	0.0	0.0	0.0	True	40.0	0.0	0.005	[36620151.60394124, 36620440.60487175, 36620730.60580549, 36621020.60673923, 36621308.60766653, 36621599.608603485, 36621889.60953722, 36622178.61046774, 36622468.611401476, 36622758.61233522, 36623047.61326574, 36623336.61419625, 36623627.61513321, 36623916.61606373, 36624206.61699747, 36624495.61792798, 36624784.61885851, 36625074.61979224, 36625364.62072598, 36625654.62165972]	0.0	0.0	0.0
3171.0630702031817	2.0	trials	6.0	0.0	0.0	0.0	0.0	0.0	True	40.0	0.0	0.005	[36710229.89397317, 36710519.894906916, 36710809.895840645, 36711098.89677117, 36711388.89770491, 36711678.89863864, 36711967.89956916, 36712258.90050612, 36712546.90143342, 36712836.90236716, 36713125.90329768, 36713416.90423463, 36713704.90516193, 36713995.90609889, 36714285.90703263, 36714574.90796315, 36714863.90889367, 36715154.90983063, 36715443.91076114, 36715732.911691666]	0.0	0.0	0.0
3178.7368837111926	2.0	trials	6.0	0.0	0.0	0.0	0.0	0.0	True	40.0	0.0	0.005	[36799046.17994174, 36799336.18087549, 36799626.18180922, 36799916.18274296, 36800206.1836767, 36800495.184607215, 36800785.18554095, 36801075.18647469, 36801364.18740521, 36801654.18833895, 36801943.18926947, 36802233.190203205, 36802522.19113373, 36802813.192070685, 36803101.192997985, 36803392.19393494, 36803682.19486868, 36803971.195799194, 36804260.19672971, 36804551.197666675]	0.0	0.0	0.0
3184.658585977788	2.0	trials	6.0	0.0	0.0	0.0	0.0	0.0	True	40.0	0.0	0.005	[36867586.40062592, 36867876.40155966, 36868165.40249018, 36868455.40342391, 36868744.40435444, 36869034.405288175, 36869324.40622191, 36869614.40715565, 36869903.40808617, 36870193.40901991, 36870482.40995042, 36870772.410884164, 36871062.4118179, 36871351.412748426, 36871640.41367894, 36871930.41461267, 36872220.41554642, 36872509.416476935, 36872799.41741067, 36873089.41834441]	0.0	0.0	0.0
3190.2027190286913	2.0	trials	6.0	0.0	0.0	0.0	0.0	0.0	True	40.0	0.0	0.005	[36931754.60723319, 36932043.60816371, 36932332.60909423, 36932623.61003118, 36932911.61095849, 36933201.61189222, 36933491.61282596, 36933781.613759704, 36934071.61469344, 36934360.61562395, 36934649.61655448, 36934939.61748821, 36935229.61842195, 36935519.61935569, 36935808.620286204, 36936098.62121995, 36936388.622153684, 36936678.62308742, 36936967.62401794, 36937256.624948464]	0.0	0.0	0.0
3198.248658534868	2.0	trials	6.0	0.0	0.0	0.0	0.0	0.0	True	40.0	0.0	0.005	[37024877.907069385, 37025167.90800312, 37025457.90893686, 37025747.9098706, 37026036.91080112, 37026325.91173164, 37026615.912665375, 37026904.91359589, 37027194.91452963, 37027484.91546337, 37027773.91639388, 37028063.91732762, 37028353.918261364, 37028643.9191951, 37028933.920128845, 37029222.921059355, 37029511.92198988, 37029802.922926836, 37030091.92385735, 37030381.92479109]	0.0	0.0	0.0
3206.3164573114273	2.0	trials	6.0	0.0	0.0	0.0	0.0	0.0	True	40.0	0.0	0.005	[37118255.2077234, 37118546.208660364, 37118836.2095941, 37119125.21052462, 37119414.21145514, 37119705.21239209, 37119994.21332261, 37120284.214256346, 37120572.21518365, 37120863.21612061, 37121153.217054345, 37121442.21798486, 37121731.21891538, 37122021.219849125, 37122311.22078285, 37122601.2217166, 37122890.222647116, 37123180.22358085, 37123470.22451459, 37123759.22544511]	0.0	0.0	0.0
3215.0367509888774	2.0	trials	6.0	0.0	0.0	0.0	0.0	0.0	True	40.0	0.0	0.005	[37219185.53269647, 37219474.53362699, 37219764.534560725, 37220053.53549125, 37220342.53642176, 37220632.5373555, 37220922.53828924, 37221211.53921976, 37221502.540156715, 37221792.54109045, 37222081.54202097, 37222371.542954706, 37222660.54388523, 37222949.54481574, 37223239.545749485, 37223529.54668322, 37223819.547616966, 37224108.54854748, 37224398.54948121, 37224688.55041496]	0.0	0.0	0.0
3220.5147878269654	2.0	trials	6.0	0.0	0.0	0.0	0.0	0.0	True	40.0	0.0	0.005	[37282588.7368406, 37282877.73777112, 37283168.73870808, 37283456.73963538, 37283747.74057234, 37284036.74150285, 37284326.742436595, 37284615.74336711, 37284905.74430085, 37285196.745237805, 37285484.746165104, 37285774.74709884, 37286064.748032585, 37286353.7489631, 37286643.74989683, 37286933.750830576, 37287222.751761094, 37287512.75269484, 37287801.75362535, 37288091.754559085]	0.0	0.0	0.0
3228.4292261097366	2.0	trials	6.0	0.0	0.0	0.0	0.0	0.0	True	40.0	0.0	0.005	[37374191.0317795, 37374480.032710016, 37374769.03364054, 37375060.0345775, 37375349.03550801, 37375640.03644497, 37375929.03737549, 37376219.03830923, 37376508.03923974, 37376798.04017348, 37377087.041104004, 37377377.04203774, 37377667.04297148, 37377956.043901995, 37378245.04483251, 37378536.045769475, 37378825.04669999, 37379115.04763372, 37379404.048564255, 37379694.049497984]	0.0	0.0	0.0
3235.2085375376464	2.0	trials	6.0	0.0	0.0	0.0	0.0	0.0	True	40.0	0.0	0.005	[37452655.28441683, 37452944.28534736, 37453233.286277875, 37453524.28721483, 37453813.288145356, 37454104.2890823, 37454392.2900096, 37454682.29094335, 37454972.29187708, 37455262.29281083, 37455552.293744564, 37455841.294675075, 37456130.2956056, 37456419.29653612, 37456710.29747307, 37457000.29840681, 37457289.29933733, 37457579.30027107, 37457868.30120159, 37458158.302135326]	0.0	0.0	0.0
3241.4790377272943	2.0	trials	6.0	0.0	0.0	0.0	0.0	0.0	True	40.0	0.0	0.005	[37525228.51808642, 37525518.519020155, 37525809.51995711, 37526098.52088763, 37526387.521818146, 37526677.52275189, 37526966.5236824, 37527257.52461936, 37527546.52554988, 37527836.52648362, 37528125.527414136, 37528416.52835109, 37528704.5292784, 37528995.53021535, 37529283.53114265, 37529574.53207961, 37529863.53301013, 37530153.53394386, 37530442.53487438, 37530732.53580812]	0.0	0.0	0.0
3247.203228957946	2.0	trials	6.0	0.0	0.0	0.0	0.0	0.0	True	40.0	0.0	0.005	[37591482.73141016, 37591770.73233746, 37592060.7332712, 37592351.73420816, 37592640.73513867, 37592929.736069195, 37593220.73700614, 37593510.73793989, 37593799.738870405, 37594089.73980414, 37594378.74073466, 37594668.741668396, 37594957.74259892, 37595247.74353266, 37595536.744463176, 37595825.74539369, 37596115.74632744, 37596406.747264385, 37596694.74819169, 37596985.74912865]	0.0	0.0	0.0
3253.2930661658984	2.0	trials	6.0	0.0	0.0	0.0	0.0	0.0	True	40.0	0.0	0.005	[37661965.95835038, 37662255.95928412, 37662545.960217856, 37662835.9611516, 37663125.96208533, 37663414.963015854, 37663703.96394637, 37663993.96488011, 37664283.965813845, 37664572.96674437, 37664863.967681326, 37665151.96860862, 37665442.96954558, 37665731.9704761, 37666021.97140984, 37666311.97234357, 37666600.97327409, 37666890.97420783, 37667180.97514157, 37667469.97607209]	0.0	0.0	0.0
3261.2432741638404	2.0	trials	6.0	0.0	0.0	0.0	0.0	0.0	True	40.0	0.0	0.005	[37753982.25462227, 37754273.25555923, 37754562.256489746, 37754851.257420264, 37755141.258354, 37755430.25928452, 37755719.26021504, 37756010.261152, 37756300.262085736, 37756589.26301625, 37756879.26394999, 37757169.264883734, 37757458.265814245, 37757748.26674799, 37758037.26767851, 37758327.26861224, 37758617.26954598, 37758906.270476505, 37759195.271407016, 37759486.27234398]	0.0	0.0	0.0
3268.7850680467777	2.0	trials	6.0	0.0	0.0	0.0	0.0	0.0	True	40.0	0.0	0.005	[37841272.53567745, 37841561.536607966, 37841851.53754171, 37842140.53847222, 37842430.53940596, 37842720.5403397, 37843009.54127022, 37843299.542203955, 37843589.54313769, 37843879.54407143, 37844167.54499873, 37844457.54593247, 37844747.5468662, 37845037.547799945, 37845326.54873046, 37845616.5496642, 37845906.55059794, 37846195.551528454, 37846484.55245898, 37846774.553392716]	0.0	0.0	0.0
3276.5971219998937	2.0	trials	6.0	0.0	0.0	0.0	0.0	0.0	True	40.0	0.0	0.005	[37931689.8268009, 37931979.827734634, 37932268.82866516, 37932557.82959567, 37932848.83053263, 37933137.83146315, 37933426.83239367, 37933716.833327405, 37934006.83426114, 37934295.83519166, 37934585.836125396, 37934875.83705914, 37935164.83798965, 37935455.83892661, 37935744.83985713, 37936033.84078765, 37936323.841721386, 37936612.84265191, 37936903.84358887, 37937191.844516166]	0.0	0.0	0.0
3283.1795271938076	2.0	trials	6.0	0.0	0.0	0.0	0.0	0.0	True	40.0	0.0	0.005	[38007874.07209712, 38008163.07302764, 38008453.07396138, 38008744.07489834, 38009033.07582885, 38009322.076759376, 38009612.07769311, 38009901.07862363, 38010191.07955737, 38010481.0804911, 38010771.08142485, 38011060.082355365, 38011349.08328588, 38011639.08421962, 38011929.08515336, 38012218.086083874, 38012508.08701761, 38012798.087951355, 38013087.08888187, 38013377.08981561]	0.0	0.0	0.0
3290.457800228266	2.0	trials	6.0	0.0	0.0	0.0	0.0	0.0	True	40.0	0.0	0.005	[38092114.34333195, 38092404.34426569, 38092693.3451962, 38092983.34612995, 38093272.347060464, 38093562.3479942, 38093851.34892472, 38094141.349858455, 38094430.35078898, 38094720.35172272, 38095010.352656454, 38095299.353586964, 38095589.354520716, 38095879.355454445, 38096168.35638496, 38096457.35731548, 38096748.358252436, 38097037.35918296, 38097327.3601167, 38097616.361047216]	0.0	0.0	0.0
3298.581413584535	2.0	trials	6.0	0.0	0.0	0.0	0.0	0.0	True	40.0	0.0	0.005	[38186136.64606273, 38186426.646996476, 38186716.647930205, 38187005.64886072, 38187295.64979447, 38187584.650724985, 38187874.65165872, 38188164.65259246, 38188453.653522976, 38188743.65445671, 38189033.65539046, 38189323.65632419, 38189613.65725793, 38189901.65818523, 38190191.659118965, 38190480.66004948, 38190771.66098644, 38191059.661913745, 38191350.6628507, 38191640.66378444]	0.0	0.0	0.0
3306.80836167352	2.0	trials	6.0	0.0	0.0	0.0	0.0	0.0	True	40.0	0.0	0.005	[38281356.952650815, 38281645.95358133, 38281935.95451507, 38282223.95544238, 38282514.956379324, 38282804.95731307, 38283093.958243586, 38283383.95917732, 38283672.96010784, 38283962.96104158, 38284252.96197532, 38284541.96290583, 38284831.963839576, 38285120.96477009, 38285410.96570383, 38285700.96663757, 38285990.9675713, 38286279.96850183, 38286570.969438784, 38286858.97036608]	0.0	0.0	0.0
3313.4616150955508	2.0	trials	6.0	0.0	0.0	0.0	0.0	0.0	True	40.0	0.0	0.005	[38358361.200587265, 38358651.20152101, 38358941.20245474, 38359231.20338848, 38359519.20431578, 38359810.20525274, 38360099.206183255, 38360389.20711699, 38360679.20805073, 38360969.20898447, 38361257.20991177, 38361547.21084551, 38361837.211779244, 38362127.21271298, 38362416.2136435, 38362705.21457402, 38362995.21550776, 38363285.2164415, 38363575.217375234, 38363864.21830575]	0.0	0.0	0.0
3322.544703541121	2.0	trials	6.0	0.0	0.0	0.0	0.0	0.0	True	40.0	0.0	0.005	[38463490.53908022, 38463780.540013954, 38464070.54094769, 38464359.541878216, 38464648.54280873, 38464937.54373925, 38465227.54467299, 38465516.545603506, 38465807.54654046, 38466096.54747098, 38466386.548404716, 38466676.54933846, 38466965.55026898, 38467256.55120593, 38467544.55213323, 38467834.55306697, 38468124.55400071, 38468414.55493445, 38468702.55586175, 38468992.556795485]	0.0	0.0	0.0
3327.9773802331597	2.0	trials	6.0	0.0	0.0	0.0	0.0	0.0	True	40.0	0.0	0.005	[38526367.741530746, 38526657.74246448, 38526946.743395, 38527237.744331956, 38527527.7452657, 38527816.74619622, 38528105.74712673, 38528395.74806047, 38528685.74899421, 38528974.74992473, 38529263.750855245, 38529553.75178899, 38529843.752722725, 38530133.75365646, 38530422.75458698, 38530711.7555175, 38531001.756451234, 38531291.75738497, 38531581.75831871, 38531870.75924923]	0.0	0.0	0.0
3335.2602324823615	2.0	trials	6.0	0.0	0.0	0.0	0.0	0.0	True	40.0	0.0	0.005	[38610660.012933, 38610949.01386351, 38611240.014800474, 38611530.01573421, 38611818.01666151, 38612108.01759525, 38612398.01852898, 38612689.019465946, 38612977.020393245, 38613268.02133021, 38613557.02226072, 38613846.02319124, 38614136.02412497, 38614426.02505872, 38614715.025989234, 38615005.02692298, 38615294.02785349, 38615584.028787225, 38615874.02972097, 38616163.03065149]	0.0	0.0	0.0
3341.3500696903134	2.0	trials	6.0	0.0	0.0	0.0	0.0	0.0	True	40.0	0.0	0.005	[38681144.23987645, 38681434.24081018, 38681724.24174392, 38682013.24267443, 38682303.24360817, 38682593.24454191, 38682881.24546921, 38683171.24640295, 38683462.247339904, 38683751.24827043, 38684040.24920094, 38684330.250134684, 38684621.25107164, 38684910.25200216, 38685199.252932675, 38685489.25386641, 38685779.254800156, 38686068.25573067, 38686357.25666119, 38686647.25759492]	0.0	0.0	0.0
3350.1108850982355	2.0	trials	6.0	0.0	0.0	0.0	0.0	0.0	True	40.0	0.0	0.005	[38782543.56635959, 38782833.56729332, 38783121.56822063, 38783411.56915436, 38783701.5700881, 38783989.5710154, 38784280.57195236, 38784570.572886094, 38784860.57381983, 38785149.57475036, 38785439.575684085, 38785729.57661783, 38786017.57754512, 38786307.578478865, 38786597.5794126, 38786886.58034312, 38787176.58127686, 38787466.58221059, 38787755.58314112, 38788046.58407807]	0.0	0.0	0.0
3357.801460260216	2.0	trials	6.0	0.0	0.0	0.0	0.0	0.0	True	40.0	0.0	0.005	[38871553.85295279, 38871844.853889756, 38872132.854817055, 38872423.85575402, 38872712.85668453, 38873002.857618265, 38873291.85854878, 38873581.85948253, 38873872.86041949, 38874161.86135, 38874451.86228374, 38874739.863211036, 38875029.86414478, 38875320.865081735, 38875609.86601226, 38875899.86694599, 38876188.86787651, 38876478.86881025, 38876767.86974077, 38877058.870677724]	0.0	0.0	0.0
3364.264719470506	2.0	trials	6.0	0.0	0.0	0.0	0.0	0.0	True	40.0	0.0	0.005	[38946361.09381538, 38946650.0947459, 38946939.095676415, 38947229.09661015, 38947519.09754389, 38947809.098477624, 38948098.09940815, 38948388.10034189, 38948677.101272404, 38948968.10220936, 38949258.103143096, 38949546.1040704, 38949836.10500413, 38950126.105937876, 38950416.10687161, 38950705.10780213, 38950995.10873587, 38951286.10967283, 38951575.11060335, 38951864.111533865]	0.0	0.0	0.0
3371.3920512189657	2.0	trials	6.0	0.0	0.0	0.0	0.0	0.0	True	40.0	0.0	0.005	[39028853.35942202, 39029142.36035254, 39029431.36128305, 39029722.36222001, 39030011.36315053, 39030301.36408427, 39030590.365014784, 39030880.36594852, 39031169.366879046, 39031459.36781278, 39031750.368749745, 39032039.369680256, 39032329.37061399, 39032618.37154451, 39032909.37248147, 39033198.37341199, 39033487.37434251, 39033777.37527625, 39034067.37620998, 39034356.37714051]	0.0	0.0	0.0
3403.608727749663	2.0	trials	7.0	0.0	0.0	0.0	0.0	0.0	True	40.0	0.0	0.005	[39401731.5600064, 39402020.56093692, 39402309.56186744, 39402599.56280118, 39402889.56373492, 39403179.564668655, 39403468.56559917, 39403758.56653291, 39404048.567466654, 39404337.568397164, 39404626.56932768, 39404916.570261426, 39405206.57119516, 39405495.57212568, 39405785.57305942, 39406075.57399316, 39406364.57492368, 39406654.575857416, 39406943.576787926, 39407234.57772489]	0.0	0.0	0.0
3411.9600922392415	2.0	trials	7.0	0.0	0.0	0.0	0.0	0.0	True	40.0	0.0	0.005	[39498389.87122454, 39498679.87215828, 39498969.87309202, 39499259.87402576, 39499548.87495627, 39499837.8758868, 39500127.876820534, 39500417.87775427, 39500707.87868801, 39500996.879618526, 39501286.88055227, 39501576.881486006, 39501865.882416524, 39502155.88335025, 39502444.88428078, 39502734.885214515, 39503023.88614503, 39503313.88707877, 39503603.88801251, 39503893.88894625]	0.0	0.0	0.0
3417.4867724339506	2.0	trials	7.0	0.0	0.0	0.0	0.0	0.0	True	40.0	0.0	0.005	[39562357.07718463, 39562645.07811193, 39562936.079048894, 39563225.07997941, 39563515.08091315, 39563804.08184367, 39564093.082774185, 39564383.08370792, 39564674.084644884, 39564963.0855754, 39565252.08650591, 39565543.087442875, 39565832.08837339, 39566122.08930714, 39566411.09023765, 39566700.09116817, 39566991.09210513, 39567280.093035646, 39567569.09396616, 39567859.0948999]	0.0	0.0	0.0
3425.510593468911	2.0	trials	7.0	0.0	0.0	0.0	0.0	0.0	True	40.0	0.0	0.005	[39655224.37619656, 39655514.3771303, 39655803.37806082, 39656094.37899777, 39656384.37993151, 39656673.380862035, 39656963.38179577, 39657252.38272629, 39657542.38366003, 39657832.38459377, 39658121.38552428, 39658411.386458024, 39658701.38739176, 39658990.38832228, 39659280.389256015, 39659569.39018653, 39659858.39111705, 39660149.392054014, 39660439.39298775, 39660728.39391826]	0.0	0.0	0.0
3433.4099981032764	2.0	trials	7.0	0.0	0.0	0.0	0.0	0.0	True	40.0	0.0	0.005	[39746652.67057522, 39746942.67150896, 39747232.67244269, 39747521.67337321, 39747811.674306944, 39748101.67524069, 39748389.67616798, 39748680.67710494, 39748970.67803868, 39749258.67896598, 39749548.67989972, 39749838.68083345, 39750128.681767195, 39750417.68269771, 39750707.68363145, 39750996.68456197, 39751286.685495704, 39751576.68642945, 39751866.687363185, 39752155.6882937]	0.0	0.0	0.0
3439.9506719628253	2.0	trials	7.0	0.0	0.0	0.0	0.0	0.0	True	40.0	0.0	0.005	[39822354.91431951, 39822645.91525646, 39822933.91618376, 39823224.91712072, 39823512.91804802, 39823803.91898498, 39824093.91991871, 39824381.920846015, 39824671.92177975, 39824961.92271349, 39825251.923647225, 39825540.92457775, 39825830.92551148, 39826120.92644522, 39826409.92737574, 39826699.92830948, 39826989.92924322, 39827278.93017373, 39827568.93110747, 39827857.93203799]	0.0	0.0	0.0
3446.1482503176803	2.0	trials	7.0	0.0	0.0	0.0	0.0	0.0	True	40.0	0.0	0.005	[39894087.14528124, 39894377.14621498, 39894666.147145495, 39894956.14807924, 39895245.14900975, 39895535.14994349, 39895825.15087723, 39896114.15180775, 39896403.152738266, 39896693.153672, 39896983.15460574, 39897273.15553948, 39897563.15647322, 39897852.15740374, 39898142.158337474, 39898432.15927121, 39898721.160201736, 39899011.16113547, 39899300.16206598, 39899589.16299651]	0.0	0.0	0.0
3454.398094480386	2.0	trials	7.0	0.0	0.0	0.0	0.0	0.0	True	40.0	0.0	0.005	[39989571.45271935, 39989860.45364986, 39990150.45458361, 39990440.455517344, 39990730.45645109, 39991020.457384825, 39991308.45831212, 39991598.45924586, 39991888.4601796, 39992177.461110115, 39992467.46204385, 39992757.46297759, 39993046.463908106, 39993336.46484185, 39993627.465778805, 39993915.4667061, 39994205.46763984, 39994494.46857036, 39994784.469504096, 39995073.47043462]	0.0	0.0	0.0
3462.264321407927	2.0	trials	7.0	0.0	0.0	0.0	0.0	0.0	True	40.0	0.0	0.005	[40080615.745861605, 40080904.74679212, 40081194.74772587, 40081482.74865316, 40081773.749590114, 40082062.75052064, 40082352.751454376, 40082641.75238489, 40082931.75331863, 40083221.754252374, 40083511.75518611, 40083801.75611985, 40084090.75705036, 40084379.75798088, 40084669.75891462, 40084958.75984514, 40085249.7607821, 40085538.76171261, 40085827.762643136, 40086118.76358009]	0.0	0.0	0.0
3471.360629096062	2.0	trials	7.0	0.0	0.0	0.0	0.0	0.0	True	40.0	0.0	0.005	[40185896.084840745, 40186187.0857777, 40186476.08670822, 40186766.08764196, 40187056.0885757, 40187345.08950621, 40187634.090436734, 40187924.09137047, 40188214.09230421, 40188503.093234725, 40188793.09416846, 40189083.095102206, 40189372.096032724, 40189662.09696646, 40189951.09789697, 40190242.09883393, 40190530.09976123, 40190820.10069497, 40191110.10162871, 40191399.10255923]	0.0	0.0	0.0
3480.000311313961	2.0	trials	7.0	0.0	0.0	0.0	0.0	0.0	True	40.0	0.0	0.005	[40285892.40680653, 40286183.40774349, 40286473.40867723, 40286761.40960453, 40287052.41054148, 40287341.411472, 40287630.41240252, 40287920.413336255, 40288209.41426678, 40288501.415206954, 40288790.41613747, 40289079.41706799, 40289369.418001726, 40289658.41893225, 40289948.41986598, 40290238.420799725, 40290527.421730235, 40290816.42266076, 40291106.4235945, 40291396.42452823]	0.0	0.0	0.0
3487.794566809769	2.0	trials	7.0	0.0	0.0	0.0	0.0	0.0	True	40.0	0.0	0.005	[40376103.6972667, 40376393.69820045, 40376682.69913096, 40376972.7000647, 40377262.70099843, 40377552.70193217, 40377842.70286591, 40378131.70379643, 40378421.70473017, 40378710.705660686, 40379000.70659443, 40379289.70752494, 40379579.70845868, 40379869.70939242, 40380158.71032294, 40380448.711256675, 40380738.71219041, 40381028.713124156, 40381317.714054674, 40381606.71498519]	0.0	0.0	0.0
3493.3926136342634	2.0	trials	7.0	0.0	0.0	0.0	0.0	0.0	True	40.0	0.0	0.005	[40440896.90588634, 40441185.906816855, 40441475.9077506, 40441764.90868112, 40442053.909611635, 40442343.91054537, 40442633.91147911, 40442923.912412845, 40443212.91334337, 40443502.91427711, 40443792.91521084, 40444081.91614136, 40444371.9170751, 40444661.91800884, 40444950.91893936, 40445240.91987309, 40445529.920803614, 40445819.92173735, 40446109.92267109, 40446398.923601605]	0.0	0.0	0.0
3499.7048451582773	2.0	trials	7.0	0.0	0.0	0.0	0.0	0.0	True	40.0	0.0	0.005	[40513954.141114295, 40514244.14204803, 40514534.14298177, 40514823.143912286, 40515112.14484281, 40515403.145779766, 40515692.146710284, 40515981.1476408, 40516271.14857454, 40516561.14950828, 40516851.15044201, 40517140.15137253, 40517430.15230627, 40517719.15323679, 40518010.15417375, 40518299.155104265, 40518588.15603478, 40518878.15696853, 40519168.15790226, 40519458.158836]	0.0	0.0	0.0
3506.066929642807	2.0	trials	7.0	0.0	0.0	0.0	0.0	0.0	True	40.0	0.0	0.005	[40587589.37820328, 40587879.37913702, 40588169.38007076, 40588458.38100128, 40588748.38193502, 40589038.38286875, 40589327.38379927, 40589616.38472979, 40589906.38566353, 40590196.38659727, 40590485.387527786, 40590775.38846152, 40591065.38939526, 40591355.390329, 40591644.391259514, 40591934.39219326, 40592223.393123776, 40592513.39405751, 40592803.39499125, 40593092.39592177]	0.0	0.0	0.0
3513.714045464858	2.0	trials	7.0	0.0	0.0	0.0	0.0	0.0	True	40.0	0.0	0.005	[40676098.66318338, 40676386.66411068, 40676677.66504764, 40676967.665981375, 40677257.66691512, 40677546.66784563, 40677836.668779366, 40678125.66970988, 40678414.67064041, 40678704.671574146, 40678994.672507875, 40679284.67344162, 40679573.67437214, 40679862.675302655, 40680153.67623961, 40680442.677170135, 40680732.67810387, 40681021.67903439, 40681311.679968126, 40681601.68090186]	0.0	0.0	0.0
3521.3705789172313	2.0	trials	7.0	0.0	0.0	0.0	0.0	0.0	True	40.0	0.0	0.005	[40764715.948511206, 40765005.94944496, 40765295.950378686, 40765584.951309204, 40765873.95223973, 40766163.953173466, 40766453.9541072, 40766743.95504094, 40767032.95597146, 40767321.956901975, 40767611.95783572, 40767901.95876945, 40768190.959699966, 40768480.96063371, 40768769.96156423, 40769060.96250119, 40769350.96343492, 40769638.96436223, 40769929.96529918, 40770218.9662297]	0.0	0.0	0.0
3530.25710672992	2.0	trials	7.0	0.0	0.0	0.0	0.0	0.0	True	40.0	0.0	0.005	[40867569.27967593, 40867859.28060967, 40868148.281540185, 40868438.28247392, 40868727.28340445, 40869017.284338176, 40869307.28527192, 40869597.28620566, 40869886.28713617, 40870175.28806669, 40870465.28900043, 40870755.28993417, 40871045.2908679, 40871335.29180164, 40871624.292732164, 40871914.2936659, 40872203.29459642, 40872493.29553016, 40872783.2964639, 40873072.29739441]	0.0	0.0	0.0
3537.025186121665	2.0	trials	7.0	0.0	0.0	0.0	0.0	0.0	True	40.0	0.0	0.005	[40945903.5318947, 40946192.53282521, 40946481.533755735, 40946771.53468947, 40947061.535623215, 40947351.536556944, 40947640.53748747, 40947930.538421206, 40948219.539351724, 40948510.54028868, 40948799.5412192, 40949088.542149715, 40949378.54308345, 40949668.544017196, 40949957.544947706, 40950247.54588146, 40950537.54681519, 40950826.547745705, 40951116.54867944, 40951406.54961318]	0.0	0.0	0.0
3545.858923364379	2.0	trials	7.0	0.0	0.0	0.0	0.0	0.0	True	40.0	0.0	0.005	[41048144.86108891, 41048434.86202264, 41048724.86295638, 41049013.8638869, 41049303.86482064, 41049592.865751155, 41049881.86668167, 41050172.86761863, 41050462.868552364, 41050751.86948289, 41051041.87041663, 41051331.87135036, 41051620.87228088, 41051909.8732114, 41052199.874145135, 41052489.87507887, 41052779.876012616, 41053068.876943134, 41053358.87787687, 41053649.87881383]	0.0	0.0	0.0
3553.867105948987	2.0	trials	7.0	0.0	0.0	0.0	0.0	0.0	True	40.0	0.0	0.005	[41140833.15952449, 41141123.16045823, 41141412.16138874, 41141702.162322484, 41141991.163253, 41142281.16418674, 41142571.16512048, 41142860.16605099, 41143150.16698474, 41143439.167915255, 41143729.16884899, 41144018.1697795, 41144309.170716465, 41144599.17165021, 41144887.1725775, 41145177.173511244, 41145467.17444497, 41145757.175378725, 41146046.176309235, 41146335.17723975]	0.0	0.0	0.0
3561.247331311709	2.0	trials	7.0	0.0	0.0	0.0	0.0	0.0	True	40.0	0.0	0.005	[41226252.43455545, 41226542.435489185, 41226831.436419696, 41227121.43735344, 41227410.43828396, 41227700.439217694, 41227989.44014821, 41228280.44108517, 41228569.44201569, 41228858.44294621, 41229148.44387995, 41229437.444810465, 41229728.44574742, 41230017.44667794, 41230306.447608456, 41230596.4485422, 41230886.44947594, 41231176.45040968, 41231465.45134019, 41231754.45227071]	0.0	0.0	0.0
3567.8955735176037	2.0	trials	7.0	0.0	0.0	0.0	0.0	0.0	True	40.0	0.0	0.005	[41303199.68230837, 41303488.68323889, 41303778.68417262, 41304067.68510314, 41304357.68603688, 41304646.6869674, 41304937.68790436, 41305225.68883166, 41305515.689765394, 41305805.69069914, 41306095.691632874, 41306384.692563385, 41306675.69350035, 41306963.69442765, 41307253.69536138, 41307543.69629512, 41307833.69722886, 41308122.69815938, 41308412.69909312, 41308702.700026855]	0.0	0.0	0.0
3575.7672436626713	2.0	trials	7.0	0.0	0.0	0.0	0.0	0.0	True	40.0	0.0	0.005	[41394305.97565025, 41394594.97658077, 41394884.97751451, 41395174.97844824, 41395464.979381986, 41395753.980312504, 41396043.98124623, 41396332.98217676, 41396622.983110495, 41396912.98404423, 41397202.984977975, 41397492.985911705, 41397781.98684223, 41398070.98777275, 41398360.988706484, 41398650.98964022, 41398939.99057075, 41399229.991504475, 41399519.99243822, 41399808.99336874]	0.0	0.0	0.0
3583.9820093124313	2.0	trials	7.0	0.0	0.0	0.0	0.0	0.0	True	40.0	0.0	0.005	[41489384.28178112, 41489674.282714866, 41489964.283648595, 41490254.28458235, 41490544.285516076, 41490832.286443375, 41491122.28737711, 41491411.28830764, 41491702.28924459, 41491992.29017833, 41492281.29110885, 41492571.29204258, 41492861.29297633, 41493150.29390684, 41493439.294837356, 41493729.2957711, 41494019.296704836, 41494308.297635354, 41494598.29856909, 41494888.29950283]	0.0	0.0	0.0
3592.561643336988	2.0	trials	7.0	0.0	0.0	0.0	0.0	0.0	True	40.0	0.0	0.005	[41588686.60151238, 41588976.602446124, 41589265.603376634, 41589554.60430715, 41589844.60524089, 41590133.606171414, 41590423.60710515, 41590714.608042106, 41591003.608972624, 41591292.60990314, 41591582.610836886, 41591871.6117674, 41592161.61270114, 41592451.61363488, 41592741.61456861, 41593031.61550236, 41593319.61642966, 41593610.61736661, 41593899.61829712, 41594188.61922765]	0.0	0.0	0.0
3600.251872897856	2.0	trials	7.0	0.0	0.0	0.0	0.0	0.0	True	40.0	0.0	0.005	[41677692.88809271, 41677982.88902645, 41678271.889956966, 41678561.89089071, 41678850.89182122, 41679141.89275818, 41679430.8936887, 41679720.89462244, 41680009.895552956, 41680298.89648347, 41680588.89741721, 41680878.898350954, 41681168.89928469, 41681458.90021843, 41681746.90114573, 41682037.90208268, 41682327.903016426, 41682616.90394694, 41682905.904877454, 41683196.90581442]	0.0	0.0	0.0
3606.019782669272	2.0	trials	7.0	0.0	0.0	0.0	0.0	0.0	True	40.0	0.0	0.005	[41744451.103039235, 41744741.103972964, 41745031.10490671, 41745321.105840445, 41745610.106770955, 41745900.1077047, 41746190.108638436, 41746480.10957218, 41746769.11050269, 41747059.11143643, 41747349.11237017, 41747638.11330069, 41747928.114234425, 41748217.115164936, 41748507.11609869, 41748796.1170292, 41749087.11796616, 41749376.11889668, 41749666.119830415, 41749955.12076093]	0.0	0.0	0.0
3611.2279914385726	2.0	trials	7.0	0.0	0.0	0.0	0.0	0.0	True	40.0	0.0	0.005	[41804731.29712797, 41805021.298061706, 41805310.29899222, 41805600.29992596, 41805890.3008597, 41806179.30179022, 41806469.30272395, 41806758.30365448, 41807049.30459143, 41807338.30552195, 41807627.30645247, 41807918.30738942, 41808206.30831673, 41808497.309253685, 41808786.3101842, 41809075.31111471, 41809366.312051676, 41809655.312982194, 41809944.31391271, 41810234.314846456]	0.0	0.0	0.0
3617.899475319301	2.0	trials	7.0	0.0	0.0	0.0	0.0	0.0	True	40.0	0.0	0.005	[41881948.54575024, 41882237.54668075, 41882527.547614485, 41882817.54854823, 41883107.54948196, 41883397.55041571, 41883685.551343, 41883975.55227674, 41884265.55321048, 41884555.55414422, 41884844.55507473, 41885134.55600847, 41885423.55693899, 41885714.55787595, 41886003.55880647, 41886292.55973698, 41886583.560673945, 41886872.56160446, 41887161.56253498, 41887451.56346872]	0.0	0.0	0.0
3626.2340781549105	2.0	trials	7.0	0.0	0.0	0.0	0.0	0.0	True	40.0	0.0	0.005	[41978412.85634373, 41978702.85727747, 41978992.858211204, 41979282.85914495, 41979571.86007547, 41979861.8610092, 41980151.86194294, 41980440.86287346, 41980730.863807194, 41981019.86473772, 41981309.865671456, 41981599.86660519, 41981888.86753571, 41982178.86846945, 41982467.869399965, 41982757.8703337, 41983046.87126423, 41983337.87220118, 41983626.8731317, 41983916.87406544]	0.0	0.0	0.0
3635.311550582399	2.0	trials	7.0	0.0	0.0	0.0	0.0	0.0	True	40.0	0.0	0.005	[42083477.1946274, 42083767.19556113, 42084056.19649165, 42084345.19742218, 42084636.19835913, 42084925.19928964, 42085214.20022017, 42085504.201153904, 42085794.20208765, 42086084.20302138, 42086374.203955114, 42086663.20488564, 42086953.205819376, 42087242.20674989, 42087532.20768363, 42087822.20861737, 42088112.2095511, 42088401.21048163, 42088691.211415365, 42088980.21234588]	0.0	0.0	0.0
3643.0713323672103	2.0	trials	7.0	0.0	0.0	0.0	0.0	0.0	True	40.0	0.0	0.005	[42173289.48380288, 42173578.484733395, 42173868.48566713, 42174157.48659765, 42174447.48753139, 42174736.488461904, 42175026.48939565, 42175317.4903326, 42175606.49126312, 42175895.49219364, 42176185.493127376, 42176475.49406112, 42176765.49499486, 42177054.49592537, 42177344.49685911, 42177633.49778963, 42177923.498723365, 42178213.4996571, 42178502.50058762, 42178791.50151814]	0.0	0.0	0.0
3649.897731946733	2.0	trials	7.0	0.0	0.0	0.0	0.0	0.0	True	40.0	0.0	0.005	[42252298.738195, 42252588.73912874, 42252877.74005926, 42253168.74099621, 42253456.74192351, 42253746.742857255, 42254036.743790984, 42254325.7447215, 42254615.74565524, 42254904.746585764, 42255194.7475195, 42255484.74845324, 42255774.74938697, 42256064.75032071, 42256353.751251236, 42256642.752181746, 42256932.75311549, 42257222.75404923, 42257512.75498297, 42257802.75591671]	0.0	0.0	0.0
3655.7118658669806	2.0	trials	7.0	0.0	0.0	0.0	0.0	0.0	True	40.0	0.0	0.005	[42319591.9548641, 42319880.95579462, 42320169.95672514, 42320459.95765888, 42320749.958592616, 42321038.959523134, 42321328.96045687, 42321617.96138739, 42321907.962321125, 42322198.96325809, 42322487.964188606, 42322777.96512234, 42323067.966056086, 42323356.9669866, 42323646.96792033, 42323935.96885085, 42324225.969784595, 42324515.97071833, 42324804.97164885, 42325093.97257937]	0.0	0.0	0.0
3662.2399252859136	2.0	trials	7.0	0.0	0.0	0.0	0.0	0.0	True	40.0	0.0	0.005	[42395147.19813508, 42395438.19907204, 42395727.20000256, 42396016.20093308, 42396307.20187003, 42396596.20280055, 42396886.20373429, 42397175.204664804, 42397464.20559533, 42397754.206529066, 42398045.20746602, 42398333.20839332, 42398623.209327064, 42398913.2102608, 42399203.21119454, 42399492.212125055, 42399781.21305557, 42400071.21398931, 42400361.21492305, 42400651.21585678]	0.0	0.0	0.0
3669.8355465421637	2.0	trials	7.0	0.0	0.0	0.0	0.0	0.0	True	40.0	0.0	0.005	[42483060.48119619, 42483349.482126705, 42483639.483060434, 42483929.48399418, 42484218.4849247, 42484508.48585844, 42484797.48678895, 42485087.487722695, 42485377.48865643, 42485666.48958695, 42485956.490520686, 42486246.49145442, 42486535.49238495, 42486825.49331868, 42487114.4942492, 42487404.49518294, 42487694.49611668, 42487984.49705042, 42488273.49798093, 42488562.498911455]	0.0	0.0	0.0
3677.3544443513806	2.0	trials	7.0	0.0	0.0	0.0	0.0	0.0	True	40.0	0.0	0.005	[42570083.76139168, 42570373.76232541, 42570663.76325916, 42570953.764192894, 42571242.76512341, 42571532.76605715, 42571821.766987674, 42572110.767918184, 42572401.76885514, 42572690.769785665, 42572979.77071618, 42573269.77164992, 42573559.772583656, 42573848.773514174, 42574139.77445114, 42574428.775381655, 42574718.77631539, 42575007.7772459, 42575297.778179646, 42575587.77911338]	0.0	0.0	0.0
3684.0097713800874	2.0	trials	7.0	0.0	0.0	0.0	0.0	0.0	True	40.0	0.0	0.005	[42647114.00941185, 42647404.010345586, 42647694.01127932, 42647983.01220984, 42648273.01314358, 42648563.01407732, 42648851.01500461, 42649141.01593836, 42649431.01687209, 42649720.01780261, 42650010.01873635, 42650299.019666865, 42650590.02060383, 42650879.02153434, 42651169.02246808, 42651458.02339859, 42651748.02433234, 42652038.02526607, 42652328.02619981, 42652617.02713033]	0.0	0.0	0.0
3690.3323709374836	2.0	trials	7.0	0.0	0.0	0.0	0.0	0.0	True	40.0	0.0	0.005	[42720291.24502618, 42720582.245963134, 42720870.246890426, 42721160.24782417, 42721449.24875469, 42721739.249688424, 42722029.25062216, 42722319.2515559, 42722608.252486415, 42722897.25341694, 42723188.254353896, 42723478.25528763, 42723767.25621815, 42724057.25715189, 42724346.25808241, 42724636.25901614, 42724925.25994666, 42725215.2608804, 42725505.26181414, 42725794.26274466]	0.0	0.0	0.0
3698.198597865025	2.0	trials	7.0	0.0	0.0	0.0	0.0	0.0	True	40.0	0.0	0.005	[42811335.53816843, 42811625.53910217, 42811915.5400359, 42812204.54096642, 42812493.54189694, 42812784.5428339, 42813074.54376763, 42813362.54469494, 42813653.54563189, 42813942.54656241, 42814231.54749293, 42814521.54842667, 42814811.54936041, 42815101.550294146, 42815391.55122788, 42815680.55215839, 42815970.553092144, 42816258.554019436, 42816549.55495639, 42816838.55588692]	0.0	0.0	0.0
3705.836209656475	2.0	trials	7.0	0.0	0.0	0.0	0.0	0.0	True	40.0	0.0	0.005	[42899733.82279113, 42900023.823724866, 42900313.82465861, 42900603.82559235, 42900891.82651964, 42901181.82745338, 42901471.82838712, 42901761.829320855, 42902051.83025459, 42902341.83118833, 42902629.83211563, 42902920.83305259, 42903209.83398311, 42903498.83491363, 42903788.83584736, 42904078.8367811, 42904368.83771484, 42904658.83864858, 42904947.83957909, 42905237.840512834]	0.0	0.0	0.0
3714.1945725685873	2.0	trials	7.0	0.0	0.0	0.0	0.0	0.0	True	40.0	0.0	0.005	[42996475.13427651, 42996763.13520381, 42997054.13614077, 42997344.13707451, 42997633.13800502, 42997922.138935536, 42998212.13986928, 42998502.14080302, 42998792.14173675, 42999082.14267049, 42999370.14359779, 42999661.14453475, 42999950.14546527, 43000240.146399006, 43000530.14733274, 43000819.14826326, 43001109.149197005, 43001398.150127515, 43001688.15106125, 43001978.151994996]	0.0	0.0	0.0
3719.408742957083	2.0	trials	7.0	0.0	0.0	0.0	0.0	0.0	True	40.0	0.0	0.005	[43056824.32858742, 43057112.329514705, 43057403.33045167, 43057692.331382185, 43057982.33231593, 43058272.333249666, 43058561.334180176, 43058851.33511392, 43059140.33604444, 43059431.3369814, 43059720.33791191, 43060010.338845655, 43060300.33977939, 43060589.34070991, 43060878.34164043, 43061169.34257738, 43061458.34350791, 43061748.344441645, 43062037.34537216, 43062326.34630267]	0.0	0.0	0.0
3728.2436034034135	2.0	trials	7.0	0.0	0.0	0.0	0.0	0.0	True	40.0	0.0	0.005	[43159078.65782348, 43159367.658754, 43159658.65969096, 43159947.66062147, 43160237.66155521, 43160526.662485726, 43160816.66341947, 43161105.66434999, 43161395.66528372, 43161685.66621746, 43161975.6671512, 43162264.66808172, 43162553.66901223, 43162843.66994597, 43163133.670879714, 43163423.67181345, 43163712.67274397, 43164001.673674494, 43164292.67461144, 43164581.67554196]	0.0	0.0	0.0
3733.9067096373847	2.0	trials	7.0	0.0	0.0	0.0	0.0	0.0	True	40.0	0.0	0.005	[43224624.86886761, 43224913.86979813, 43225203.87073187, 43225493.871665604, 43225781.8725929, 43226072.87352987, 43226362.8744636, 43226650.875390895, 43226941.87632786, 43227230.877258375, 43227520.87819212, 43227810.879125856, 43228099.88005637, 43228389.88099011, 43228679.88192385, 43228968.882854365, 43229258.8837881, 43229547.88471863, 43229837.885652356, 43230127.8865861]	0.0	0.0	0.0
3741.134438509101	2.0	trials	7.0	0.0	0.0	0.0	0.0	0.0	True	40.0	0.0	0.005	[43308279.138215646, 43308568.13914616, 43308857.14007669, 43309147.14101042, 43309437.141944155, 43309726.14287467, 43310016.14380842, 43310307.14474537, 43310596.14567589, 43310886.146609634, 43311175.147540145, 43311465.14847389, 43311754.1494044, 43312043.150334924, 43312334.15127188, 43312623.1522024, 43312912.153132915, 43313203.15406987, 43313493.155003615, 43313782.155934125]	0.0	0.0	0.0
3748.5526799942263	2.0	trials	7.0	0.0	0.0	0.0	0.0	0.0	True	40.0	0.0	0.005	[43394138.41466331, 43394427.415593825, 43394716.41652434, 43395007.417461306, 43395296.418391824, 43395585.419322334, 43395875.42025608, 43396164.421186596, 43396454.42212033, 43396744.42305407, 43397034.423987806, 43397324.42492155, 43397614.42585529, 43397902.426782586, 43398193.42771954, 43398483.42865328, 43398772.429583795, 43399061.43051432, 43399351.43144805, 43399640.432378575]	0.0	0.0	0.0
3754.8626651110076	2.0	trials	7.0	0.0	0.0	0.0	0.0	0.0	True	40.0	0.0	0.005	[43467170.64981077, 43467459.65074129, 43467748.6516718, 43468038.65260554, 43468328.65353928, 43468618.65447302, 43468908.65540675, 43469197.65633727, 43469486.657267794, 43469776.65820153, 43470066.65913527, 43470356.660069, 43470645.66099953, 43470935.661933266, 43471224.66286378, 43471514.66379751, 43471804.66473126, 43472093.665661775, 43472383.66659551, 43472672.66752603]	0.0	0.0	0.0
3761.06084826781	2.0	trials	7.0	0.0	0.0	0.0	0.0	0.0	True	40.0	0.0	0.005	[43538907.8807886, 43539197.88172234, 43539486.88265286, 43539776.8835866, 43540066.88452033, 43540355.88545085, 43540646.88638781, 43540935.88731833, 43541225.88825207, 43541514.88918258, 43541803.89011311, 43542093.891046844, 43542383.89198058, 43542673.89291432, 43542962.893844835, 43543252.89477857, 43543542.895712316, 43543832.89664605, 43544121.89757656, 43544410.89850709]	0.0	0.0	0.0
3787.9194115465475	2.0	trials	8.0	0.0	0.0	0.0	0.0	0.0	True	40.0	0.0	0.005	[43849770.881697915, 43850061.88263488, 43850350.883565396, 43850639.884495914, 43850930.88543287, 43851219.886363395, 43851508.88729391, 43851799.88823086, 43852087.88915817, 43852377.8900919, 43852668.891028866, 43852957.89195938, 43853247.89289311, 43853537.89382686, 43853825.89475416, 43854116.89569111, 43854405.89662162, 43854694.897552155, 43854984.898485884, 43855274.89941963]	0.0	0.0	0.0
3795.911350878855	2.0	trials	8.0	0.0	0.0	0.0	0.0	0.0	True	40.0	0.0	0.005	[43942271.179528184, 43942560.1804587, 43942850.18139244, 43943140.18232618, 43943429.18325669, 43943719.18419044, 43944009.185124174, 43944299.18605791, 43944588.18698843, 43944878.187922165, 43945167.18885268, 43945457.18978643, 43945747.19072016, 43946036.19165068, 43946326.192584425, 43946616.193518154, 43946906.1944519, 43947195.19538241, 43947484.196312934, 43947774.19724667]	0.0	0.0	0.0
3802.247688080484	2.0	trials	8.0	0.0	0.0	0.0	0.0	0.0	True	40.0	0.0	0.005	[44015608.41565768, 44015898.41659142, 44016187.41752193, 44016477.418455675, 44016766.419386186, 44017056.42031993, 44017345.42125045, 44017636.4221874, 44017925.42311792, 44018214.424048446, 44018504.42498218, 44018794.42591592, 44019084.426849656, 44019374.42778339, 44019663.42871392, 44019953.42964765, 44020242.430578165, 44020532.43151191, 44020821.43244243, 44021112.43337939]	0.0	0.0	0.0
3808.1994576438883	2.0	trials	8.0	0.0	0.0	0.0	0.0	0.0	True	40.0	0.0	0.005	[44084493.63745268, 44084784.63838964, 44085073.63932016, 44085362.640250675, 44085651.64118119, 44085941.64211493, 44086231.643048674, 44086520.643979184, 44086810.64491293, 44087101.64584988, 44087390.6467804, 44087680.647714145, 44087969.648644656, 44088259.6495784, 44088549.65051213, 44088838.651442654, 44089128.65237639, 44089417.65330691, 44089707.654240645, 44089997.65517438]	0.0	0.0	0.0
3814.6679008708697	2.0	trials	8.0	0.0	0.0	0.0	0.0	0.0	True	40.0	0.0	0.005	[44159360.87850845, 44159649.87943897, 44159939.8803727, 44160229.88130644, 44160518.882236965, 44160808.883170694, 44161097.88410122, 44161387.885034956, 44161676.885965474, 44161966.88689921, 44162257.88783617, 44162546.88876669, 44162835.88969721, 44163125.890630946, 44163415.89156468, 44163704.8924952, 44163994.89342894, 44164284.89436268, 44164573.8952932, 44164864.896230154]	0.0	0.0	0.0
3820.391487299575	2.0	trials	8.0	0.0	0.0	0.0	0.0	0.0	True	40.0	0.0	0.005	[44225605.0918, 44225895.09273373, 44226185.09366747, 44226475.09460121, 44226764.09553173, 44227054.09646546, 44227343.09739598, 44227633.09832972, 44227923.09926346, 44228212.10019398, 44228502.101127714, 44228792.10206146, 44229081.102991976, 44229371.10392571, 44229661.10485945, 44229951.105793186, 44230239.106720485, 44230529.10765422, 44230819.108587965, 44231109.109521694]	0.0	0.0	0.0
3827.0037869897424	2.0	trials	8.0	0.0	0.0	0.0	0.0	0.0	True	40.0	0.0	0.005	[44302136.33821348, 44302425.33914401, 44302715.34007774, 44303005.34101148, 44303295.341945216, 44303585.34287896, 44303874.34380948, 44304164.344743215, 44304453.345673725, 44304742.34660425, 44305032.34753799, 44305322.34847172, 44305612.34940547, 44305902.3503392, 44306191.35126972, 44306481.35220346, 44306770.35313398, 44307061.35407093, 44307349.35499824, 44307639.35593197]	0.0	0.0	0.0
3835.067611353505	2.0	trials	8.0	0.0	0.0	0.0	0.0	0.0	True	40.0	0.0	0.005	[44395468.63872261, 44395758.63965635, 44396047.640586875, 44396336.641517386, 44396627.64245435, 44396916.64338487, 44397206.6443186, 44397496.64525234, 44397785.64618286, 44398074.647113375, 44398364.64804712, 44398654.648980856, 44398944.64991459, 44399233.65084511, 44399523.65177885, 44399812.65270937, 44400102.6536431, 44400391.65457363, 44400682.65551058, 44400971.6564411]	0.0	0.0	0.0
3841.490176032767	2.0	trials	8.0	0.0	0.0	0.0	0.0	0.0	True	40.0	0.0	0.005	[44469803.87806546, 44470092.87899598, 44470382.879929714, 44470671.880860224, 44470961.88179397, 44471250.88272449, 44471540.88365823, 44471830.88459196, 44472119.88552248, 44472409.88645622, 44472699.88738996, 44472989.8883237, 44473278.88925421, 44473567.89018474, 44473858.891121686, 44474147.89205221, 44474437.89298595, 44474726.893916465, 44475016.8948502, 44475306.89578394]	0.0	0.0	0.0
3848.171509545209	2.0	trials	8.0	0.0	0.0	0.0	0.0	0.0	True	40.0	0.0	0.005	[44547133.127048336, 44547423.12798207, 44547713.12891582, 44548003.12984955, 44548292.13078007, 44548581.13171059, 44548871.132644325, 44549161.13357806, 44549450.13450858, 44549740.135442324, 44550030.13637606, 44550320.1373098, 44550609.138240315, 44550899.13917405, 44551189.140107796, 44551478.14103831, 44551768.14197205, 44552057.14290256, 44552347.143836305, 44552637.14477004]	0.0	0.0	0.0
3854.849819047914	2.0	trials	8.0	0.0	0.0	0.0	0.0	0.0	True	40.0	0.0	0.005	[44624428.37592174, 44624718.376855485, 44625008.37778922, 44625297.37871974, 44625586.37965026, 44625877.38058721, 44626166.38151774, 44626456.382451475, 44626745.38338199, 44627035.38431573, 44627324.38524625, 44627614.38617998, 44627903.3871105, 44628194.388047464, 44628483.38897798, 44628773.38991172, 44629063.390845455, 44629352.39177597, 44629642.39270972, 44629931.393640235]	0.0	0.0	0.0
3861.6058888009907	2.0	trials	8.0	0.0	0.0	0.0	0.0	0.0	True	40.0	0.0	0.005	[44702623.62769297, 44702913.6286267, 44703203.62956044, 44703492.63049096, 44703783.631427914, 44704071.63235521, 44704362.63329217, 44704651.634222694, 44704941.63515643, 44705230.63608695, 44705520.63702068, 44705810.63795443, 44706100.63888816, 44706389.639818676, 44706678.6407492, 44706969.64168615, 44707258.642616674, 44707548.64355041, 44707837.64448093, 44708127.64541467]	0.0	0.0	0.0
3870.653812333338	2.0	trials	8.0	0.0	0.0	0.0	0.0	0.0	True	40.0	0.0	0.005	[44807344.96487225, 44807634.96580598, 44807924.966739714, 44808213.96767023, 44808502.96860076, 44808792.969534494, 44809082.97046823, 44809372.97140197, 44809661.972332485, 44809950.97326301, 44810241.97419996, 44810530.97513048, 44810820.97606422, 44811110.97699795, 44811399.977928475, 44811688.97885899, 44811978.97979273, 44812268.98072647, 44812558.98166021, 44812847.98259073]	0.0	0.0	0.0
3876.0959066556993	2.0	trials	8.0	0.0	0.0	0.0	0.0	0.0	True	40.0	0.0	0.005	[44870332.16767694, 44870622.168610685, 44870912.16954442, 44871202.17047816, 44871490.17140546, 44871780.17233919, 44872070.17327293, 44872360.174206674, 44872649.175137185, 44872939.17607093, 44873228.17700145, 44873518.17793518, 44873808.17886892, 44874098.179802656, 44874387.180733174, 44874677.18166692, 44874966.182597436, 44875256.183531165, 44875545.18446169, 44875836.185398646]	0.0	0.0	0.0
3882.2340416191596	2.0	trials	8.0	0.0	0.0	0.0	0.0	0.0	True	40.0	0.0	0.005	[44941375.39642025, 44941665.397353984, 44941955.39828772, 44942244.39921824, 44942535.4001552, 44942823.4010825, 44943113.40201624, 44943403.40294997, 44943692.40388049, 44943982.40481423, 44944271.40574475, 44944561.40667848, 44944851.40761222, 44945141.40854596, 44945431.4094797, 44945720.41041022, 44946009.41134073, 44946299.41227448, 44946589.41320821, 44946878.414138734]	0.0	0.0	0.0
3889.542122749593	2.0	trials	8.0	0.0	0.0	0.0	0.0	0.0	True	40.0	0.0	0.005	[45025959.66876268, 45026249.66969642, 45026539.67063016, 45026829.6715639, 45027117.672491185, 45027408.67342815, 45027697.674358666, 45027987.67529241, 45028276.67622292, 45028566.67715666, 45028856.6780904, 45029146.67902414, 45029435.67995466, 45029725.68088839, 45030014.68181892, 45030304.682752654, 45030593.68368317, 45030883.68461691, 45031173.685550645, 45031463.68648439]	0.0	0.0	0.0
3895.0982654391655	2.0	trials	8.0	0.0	0.0	0.0	0.0	0.0	True	40.0	0.0	0.005	[45090267.87582072, 45090557.876754455, 45090846.87768497, 45091135.8786155, 45091425.879549235, 45091715.88048297, 45092005.88141671, 45092294.882347226, 45092584.88328097, 45092873.88421148, 45093163.88514522, 45093453.88607896, 45093743.8870127, 45094032.887943216, 45094322.88887695, 45094611.88980747, 45094901.890741214, 45095190.89167173, 45095480.89260547, 45095770.893539205]	0.0	0.0	0.0
3903.0781087325267	2.0	trials	8.0	0.0	0.0	0.0	0.0	0.0	True	40.0	0.0	0.005	[45182627.173196994, 45182917.17413074, 45183206.17506125, 45183496.175994985, 45183785.17692551, 45184075.17785925, 45184365.17879299, 45184655.17972672, 45184944.18065724, 45185233.181587756, 45185524.18252472, 45185814.183458455, 45186103.18438897, 45186393.18532271, 45186682.18625323, 45186972.18718697, 45187261.18811748, 45187551.18905122, 45187841.18998496, 45188130.19091548]	0.0	0.0	0.0
3910.0625344208593	2.0	trials	8.0	0.0	0.0	0.0	0.0	0.0	True	40.0	0.0	0.005	[45263465.4334781, 45263754.43440863, 45264044.435342364, 45264334.43627611, 45264623.43720662, 45264913.438140355, 45265202.43907088, 45265492.44000462, 45265782.44093835, 45266071.441868864, 45266361.442802615, 45266651.443736345, 45266940.44466687, 45267231.445603825, 45267520.446534336, 45267809.44746486, 45268099.4483986, 45268389.44933234, 45268679.45026607, 45268968.451196596]	0.0	0.0	0.0
3917.718203870451	2.0	trials	8.0	0.0	0.0	0.0	0.0	0.0	True	40.0	0.0	0.005	[45352071.71877053, 45352361.71970426, 45352651.72063801, 45352940.72156852, 45353230.722502254, 45353520.72343599, 45353809.724366516, 45354098.72529703, 45354388.72623076, 45354678.72716451, 45354968.72809824, 45355257.72902877, 45355546.72995928, 45355836.73089302, 45356126.73182676, 45356416.7327605, 45356705.733691014, 45356995.73462475, 45357285.735558495, 45357574.736489005]	0.0	0.0	0.0
3924.876380518224	2.0	trials	8.0	0.0	0.0	0.0	0.0	0.0	True	40.0	0.0	0.005	[45434921.98552985, 45435211.986463584, 45435501.98739733, 45435790.98832784, 45436079.989258364, 45436369.9901921, 45436658.99112262, 45436948.992056355, 45437238.9929901, 45437528.99392383, 45437818.99485757, 45438107.99578809, 45438397.99672182, 45438687.99765557, 45438976.99858608, 45439265.9995166, 45439556.00045034, 45439846.00138408, 45440136.002317816, 45440425.003248334]	0.0	0.0	0.0
3932.754703484712	2.0	trials	8.0	0.0	0.0	0.0	0.0	0.0	True	40.0	0.0	0.005	[45526105.279119655, 45526395.28005339, 45526685.28098713, 45526975.281920865, 45527264.28285139, 45527554.28378513, 45527844.28471886, 45528132.28564616, 45528423.28658312, 45528712.287513636, 45529002.28844738, 45529292.28938111, 45529581.290311635, 45529870.29124215, 45530160.29217589, 45530450.293109626, 45530739.29404015, 45531029.29497388, 45531319.295907624, 45531608.29683814]	0.0	0.0	0.0
3939.564514210823	2.0	trials	8.0	0.0	0.0	0.0	0.0	0.0	True	40.0	0.0	0.005	[45604923.5328968, 45605212.53382731, 45605502.53476105, 45605792.53569479, 45606081.53662531, 45606371.53755905, 45606661.538492784, 45606950.53942331, 45607240.540357046, 45607530.54129078, 45607819.5422213, 45608109.543155044, 45608399.54408878, 45608688.54501929, 45608977.54594982, 45609267.54688355, 45609557.54781729, 45609846.54874781, 45610137.54968476, 45610426.55061528]	0.0	0.0	0.0
3946.0703687582604	2.0	trials	8.0	0.0	0.0	0.0	0.0	0.0	True	40.0	0.0	0.005	[45680221.7753403, 45680511.77627403, 45680801.77720777, 45681090.77813829, 45681380.779072024, 45681669.78000254, 45681958.78093306, 45682249.78187002, 45682538.78280053, 45682827.78373106, 45683118.78466801, 45683407.78559854, 45683697.78653227, 45683986.78746279, 45684276.78839653, 45684566.78933027, 45684855.790260784, 45685145.79119453, 45685434.79212504, 45685724.793058775]	0.0	0.0	0.0
3954.30094565893	2.0	trials	8.0	0.0	0.0	0.0	0.0	0.0	True	40.0	0.0	0.005	[45775484.08206361, 45775773.082994126, 45776063.08392786, 45776352.08485838, 45776642.085792124, 45776931.08672264, 45777222.0876596, 45777511.08859012, 45777801.08952385, 45778090.09045438, 45778380.09138811, 45778670.09232184, 45778959.09325237, 45779249.094186105, 45779538.09511662, 45779828.09605037, 45780118.0969841, 45780408.09791784, 45780697.09884836, 45780986.099778876]	0.0	0.0	0.0
3963.307224257189	2.0	trials	8.0	0.0	0.0	0.0	0.0	0.0	True	40.0	0.0	0.005	[45879723.41769095, 45880013.41862469, 45880302.4195552, 45880592.420488946, 45880881.421419464, 45881171.4223532, 45881461.42328694, 45881750.42421746, 45882040.4251512, 45882330.42608493, 45882619.42701545, 45882909.42794919, 45883198.42887971, 45883488.429813445, 45883779.4307504, 45884068.431680925, 45884357.43261144, 45884647.43354518, 45884937.434478916, 45885226.435409434]	0.0	0.0	0.0
3970.578844470226	2.0	trials	8.0	0.0	0.0	0.0	0.0	0.0	True	40.0	0.0	0.005	[45963884.68867142, 45964175.689608365, 45964464.69053889, 45964754.69147263, 45965043.692403145, 45965333.69333688, 45965623.69427062, 45965911.69519792, 45966201.69613166, 45966492.69706862, 45966780.697995916, 45967070.69892966, 45967360.69986339, 45967650.70079713, 45967940.70173087, 45968229.70266139, 45968519.703595124, 45968809.70452886, 45969098.70545938, 45969387.706389904]	0.0	0.0	0.0
3979.6629697191356	2.0	trials	8.0	0.0	0.0	0.0	0.0	0.0	True	40.0	0.0	0.005	[46069026.02720301, 46069315.02813352, 46069606.02907048, 46069894.02999778, 46070184.03093152, 46070474.031865254, 46070764.03279899, 46071053.03372951, 46071343.03466325, 46071632.03559377, 46071922.0365275, 46072211.037458025, 46072502.03839498, 46072791.0393255, 46073081.040259235, 46073370.04118975, 46073660.04212349, 46073950.04305723, 46074239.04398775, 46074529.04492149]	0.0	0.0	0.0
3987.588985639184	2.0	trials	8.0	0.0	0.0	0.0	0.0	0.0	True	40.0	0.0	0.005	[46160761.32257013, 46161050.32350065, 46161340.32443439, 46161630.32536813, 46161920.32630186, 46162210.3272356, 46162499.32816612, 46162788.32909664, 46163079.33003359, 46163368.33096411, 46163657.33189463, 46163947.33282837, 46164237.33376211, 46164527.334695846, 46164816.335626364, 46165106.3365601, 46165396.337493844, 46165685.33842436, 46165975.3393581, 46166264.34028862]	0.0	0.0	0.0
3993.972670193261	2.0	trials	8.0	0.0	0.0	0.0	0.0	0.0	True	40.0	0.0	0.005	[46234646.56046407, 46234936.561397806, 46235226.56233154, 46235515.56326206, 46235805.5641958, 46236094.56512632, 46236384.56606006, 46236674.56699379, 46236963.56792431, 46237252.56885483, 46237543.569791794, 46237832.570722304, 46238122.57165604, 46238411.572586566, 46238702.57352352, 46238991.57445404, 46239281.575387776, 46239570.5763183, 46239860.57725203, 46240149.578182556]	0.0	0.0	0.0
4000.039006525546	2.0	trials	8.0	0.0	0.0	0.0	0.0	0.0	True	40.0	0.0	0.005	[46304858.786531724, 46305148.78746547, 46305438.788399205, 46305727.78932972, 46306017.79026346, 46306307.791197196, 46306596.79212771, 46306886.79306146, 46307175.79399197, 46307465.794925705, 46307755.79585945, 46308045.796793185, 46308334.7977237, 46308623.79865423, 46308914.799591176, 46309203.8005217, 46309492.80145222, 46309783.802389175, 46310071.803316474, 46310361.80425021]	0.0	0.0	0.0
4007.6110405058494	2.0	trials	8.0	0.0	0.0	0.0	0.0	0.0	True	40.0	0.0	0.005	[46392499.06871383, 46392788.06964435, 46393078.07057808, 46393368.07151183, 46393657.072442345, 46393946.073372856, 46394237.07430982, 46394527.075243555, 46394816.07617408, 46395106.07710781, 46395395.07803833, 46395685.07897207, 46395974.07990259, 46396264.080836326, 46396554.08177006, 46396844.0827038, 46397133.083634324, 46397423.08456806, 46397712.08549857, 46398002.086432315]	0.0	0.0	0.0
4014.2531482919935	2.0	trials	8.0	0.0	0.0	0.0	0.0	0.0	True	40.0	0.0	0.005	[46469375.31623815, 46469664.31716867, 46469954.318102404, 46470244.31903614, 46470533.31996666, 46470824.32090362, 46471113.32183414, 46471402.32276465, 46471692.323698394, 46471981.32462891, 46472271.32556265, 46472560.32649317, 46472850.32742691, 46473140.32836065, 46473430.32929438, 46473719.3302249, 46474009.33115864, 46474298.332089156, 46474588.33302289, 46474877.33395342]	0.0	0.0	0.0
4019.9715507040064	2.0	trials	8.0	0.0	0.0	0.0	0.0	0.0	True	40.0	0.0	0.005	[46535559.529336505, 46535848.53026703, 46536139.531203985, 46536428.5321345, 46536718.53306824, 46537007.53399876, 46537296.53492928, 46537587.53586623, 46537876.53679675, 46538166.53773049, 46538456.53866422, 46538745.53959475, 46539035.54052848, 46539324.541459, 46539614.542392746, 46539904.54332648, 46540193.54425699, 46540484.545193955, 46540772.546121255, 46541062.54705499]	0.0	0.0	0.0
4027.1597082483117	2.0	trials	8.0	0.0	0.0	0.0	0.0	0.0	True	40.0	0.0	0.005	[46618756.79721309, 46619045.79814362, 46619335.799077354, 46619624.80000787, 46619914.80094161, 46620204.801875345, 46620493.80280586, 46620783.80373961, 46621072.80467012, 46621363.80560708, 46621652.8065376, 46621941.80746812, 46622231.80840186, 46622521.80933559, 46622810.810266115, 46623100.81119985, 46623389.81213037, 46623679.813064106, 46623969.81399785, 46624259.81493159]	0.0	0.0	0.0
4032.6799948224348	2.0	trials	8.0	0.0	0.0	0.0	0.0	0.0	True	40.0	0.0	0.005	[46682649.00293171, 46682939.00386545, 46683228.00479596, 46683518.0057297, 46683808.006663434, 46684097.00759396, 46684386.00852447, 46684677.00946143, 46684966.01039195, 46685256.011325695, 46685545.01225621, 46685835.01318994, 46686125.014123686, 46686414.0150542, 46686704.01598794, 46686993.01691846, 46687283.017852195, 46687572.01878271, 46687862.01971646, 46688152.02065019]	0.0	0.0	0.0
4038.667274900176	2.0	trials	8.0	0.0	0.0	0.0	0.0	0.0	True	40.0	0.0	0.005	[46751946.22605326, 46752235.226983786, 46752524.227914296, 46752814.22884803, 46753104.22978178, 46753393.230712295, 46753682.23164281, 46753973.23257977, 46754263.233513504, 46754552.23444402, 46754841.23537455, 46755131.23630828, 46755421.23724202, 46755710.23817254, 46756000.239106275, 46756289.24003679, 46756580.24097375, 46756869.24190427, 46757159.24283801, 46757448.24376853]	0.0	0.0	0.0
4045.903643799711	2.0	trials	8.0	0.0	0.0	0.0	0.0	0.0	True	40.0	0.0	0.005	[46835700.49572327, 46835989.496653795, 46836280.49759075, 46836569.49852127, 46836859.499455005, 46837149.50038874, 46837438.50131927, 46837727.50224978, 46838017.503183514, 46838306.50411404, 46838596.505047776, 46838885.505978286, 46839176.50691525, 46839465.50784577, 46839755.50877951, 46840044.50971003, 46840335.510646984, 46840624.5115775, 46840914.51251124, 46841203.51344176]	0.0	0.0	0.0
4052.2095681034166	2.0	trials	8.0	0.0	0.0	0.0	0.0	0.0	True	40.0	0.0	0.005	[46908685.7307194, 46908974.73164992, 46909264.73258366, 46909553.733514175, 46909844.73445113, 46910133.73538165, 46910422.73631217, 46910712.73724591, 46911002.73817965, 46911291.739110164, 46911581.7400439, 46911871.740977645, 46912161.74191138, 46912449.74283868, 46912740.743775636, 46913029.744706154, 46913319.74563989, 46913608.74657041, 46913898.747504145, 46914187.74843466]	0.0	0.0	0.0
4059.0493597260593	2.0	trials	8.0	0.0	0.0	0.0	0.0	0.0	True	40.0	0.0	0.005	[46987849.98561059, 46988138.986541115, 46988428.98747485, 46988717.98840536, 46989007.989339106, 46989297.99027284, 46989587.99120658, 46989876.9921371, 46990166.99307083, 46990455.99400136, 46990745.994935095, 46991034.99586561, 46991324.99679935, 46991614.99773309, 46991903.998663604, 46992193.99959735, 46992484.000531085, 46992773.001461595, 46993063.00239534, 46993353.003329076]	0.0	0.0	0.0
4067.1016064525434	2.0	trials	8.0	0.0	0.0	0.0	0.0	0.0	True	40.0	0.0	0.005	[47081046.28568183, 47081336.28661557, 47081626.2875493, 47081915.28847982, 47082205.28941356, 47082495.2903473, 47082784.29127782, 47083074.292211555, 47083364.29314529, 47083653.29407581, 47083943.29500955, 47084233.29594329, 47084523.29687703, 47084812.297807544, 47085102.29874129, 47085391.2996718, 47085681.300605536, 47085970.30153606, 47086261.302473016, 47086550.303403534]	0.0	0.0	0.0
4072.4594605036687	2.0	trials	8.0	0.0	0.0	0.0	0.0	0.0	True	40.0	0.0	0.005	[47143058.48534724, 47143348.48628098, 47143638.487214714, 47143927.48814523, 47144218.48908219, 47144506.490009494, 47144796.49094322, 47145085.49187374, 47145375.492807485, 47145665.49374122, 47145955.49467496, 47146244.495605476, 47146534.49653921, 47146823.49746973, 47147113.498403475, 47147403.49933721, 47147693.50027095, 47147983.501204684, 47148272.50213521, 47148562.50306895]	0.0	0.0	0.0
4081.4658255022073	2.0	trials	8.0	0.0	0.0	0.0	0.0	0.0	True	40.0	0.0	0.005	[47247299.82098102, 47247589.821914755, 47247878.82284528, 47248169.82378223, 47248457.82470953, 47248747.82564327, 47249037.82657701, 47249326.827507526, 47249616.82844126, 47249906.829375, 47250196.830308735, 47250486.83124248, 47250775.832173, 47251065.833106734, 47251355.83404047, 47251644.834970996, 47251933.835901506, 47252223.83683524, 47252512.83776577, 47252803.83870272]	0.0	0.0	0.0
4088.8514940824552	2.0	trials	8.0	0.0	0.0	0.0	0.0	0.0	True	40.0	0.0	0.005	[47332781.0962116, 47333071.09714534, 47333361.09807908, 47333650.099009596, 47333940.09994333, 47334230.10087707, 47334520.10181081, 47334809.10274132, 47335098.10367184, 47335388.104605585, 47335677.1055361, 47335968.106473066, 47336257.10740358, 47336546.1083341, 47336836.10926784, 47337126.110201575, 47337416.11113531, 47337705.11206583, 47337995.112999566, 47338285.11393331]	0.0	0.0	0.0
4095.3081004713245	1.9999999999995453	trials	8.0	0.0	0.0	0.0	0.0	0.0	True	40.0	0.0	0.005	[47407510.33682303, 47407800.33775677, 47408090.33869051, 47408379.33962102, 47408669.34055477, 47408959.341488495, 47409248.34241902, 47409538.34335276, 47409828.3442865, 47410117.34521702, 47410406.34614753, 47410697.347084485, 47410986.348015, 47411275.348945536, 47411565.349879265, 47411855.35081301, 47412145.351746745, 47412435.352680475, 47412724.353611, 47413014.35454474]	0.0	0.0	0.0
4102.069786242482	2.0	trials	8.0	0.0	0.0	0.0	0.0	0.0	True	40.0	0.0	0.005	[47485770.58880354, 47486059.589734055, 47486350.59067102, 47486639.591601536, 47486929.592535265, 47487218.59346579, 47487507.5943963, 47487798.595333256, 47488087.59626378, 47488377.597197525, 47488666.598128036, 47488956.59906178, 47489246.59999551, 47489536.60092925, 47489825.60185976, 47490114.60279028, 47490405.603727244, 47490694.60465777, 47490984.60559151, 47491273.60652202]	0.0	0.0	0.0
4107.427985894722	2.0	trials	8.0	0.0	0.0	0.0	0.0	0.0	True	40.0	0.0	0.005	[47547787.78848504, 47548076.78941556, 47548366.790349305, 47548656.79128304, 47548946.79221678, 47549235.793147296, 47549525.794081025, 47549814.79501154, 47550104.795945294, 47550393.796875805, 47550683.79780955, 47550973.798743285, 47551262.7996738, 47551552.80060755, 47551841.80153806, 47552132.80247501, 47552421.80340553, 47552711.80433928, 47553000.80526979, 47553290.80620354]	0.0	0.0	0.0
4114.719391771463	2.0	trials	8.0	0.0	0.0	0.0	0.0	0.0	True	40.0	0.0	0.005	[47632179.060206056, 47632468.06113658, 47632758.062070325, 47633047.063000835, 47633337.063934565, 47633627.06486831, 47633916.06579882, 47634207.06673579, 47634495.06766309, 47634786.06860005, 47635074.06952734, 47635365.0704643, 47635654.071394816, 47635944.07232855, 47636234.0732623, 47636523.07419281, 47636814.07512976, 47637102.07605708, 47637393.07699403, 47637682.07792454]	0.0	0.0	0.0
4122.313976224375	2.0	trials	8.0	0.0	0.0	0.0	0.0	0.0	True	40.0	0.0	0.005	[47720078.34322209, 47720367.3441526, 47720657.34508634, 47720947.34602008, 47721237.34695381, 47721527.34788755, 47721816.34881807, 47722106.34975181, 47722395.35068233, 47722684.35161285, 47722975.35254981, 47723264.35348033, 47723553.35441084, 47723844.3553478, 47724133.356278315, 47724423.35721205, 47724713.3581458, 47725002.35907632, 47725291.36000684, 47725581.360940576]	0.0	0.0	0.0
4131.218302494371	2.0	trials	8.0	0.0	0.0	0.0	0.0	0.0	True	40.0	0.0	0.005	[47823137.67505007, 47823428.67598703, 47823717.67691755, 47824006.67784807, 47824296.678781815, 47824586.67971555, 47824876.68064928, 47825165.681579806, 47825455.682513535, 47825745.68344728, 47826034.684377804, 47826324.68531154, 47826614.686245285, 47826903.687175795, 47827192.68810631, 47827483.68904327, 47827772.68997379, 47828062.69090752, 47828352.69184127, 47828641.69277179]	0.0	0.0	0.0
4215.877269477847	2.0	trials	9.0	0.0	0.0	0.0	0.0	0.0	True	5.0	0.0	0.01	[48803035.83010292, 48805352.83756317, 48807669.845023416, NaN, NaN, NaN, NaN, NaN, NaN, NaN, NaN, NaN, NaN, NaN, NaN, NaN, NaN, NaN, NaN, NaN]	0.0	0.0	0.0
4223.989132396283	2.0	trials	9.0	0.0	0.0	0.0	0.0	0.0	True	5.0	0.0	0.01	[48896923.13239902, 48899240.13985927, 48901558.14732274, NaN, NaN, NaN, NaN, NaN, NaN, NaN, NaN, NaN, NaN, NaN, NaN, NaN, NaN, NaN, NaN, NaN]	0.0	0.0	0.0
4232.011311825957	2.0	trials	9.0	0.0	0.0	0.0	0.0	0.0	True	5.0	0.0	0.01	[48989772.431352995, 48992089.43881325, 48994406.44627349, NaN, NaN, NaN, NaN, NaN, NaN, NaN, NaN, NaN, NaN, NaN, NaN, NaN, NaN, NaN, NaN, NaN]	0.0	0.0	0.0
4238.264013558298	2.0	trials	9.0	0.0	0.0	0.0	0.0	0.0	True	5.0	0.0	0.01	[49062140.66436251, 49064458.67182598, 49066775.679286234, NaN, NaN, NaN, NaN, NaN, NaN, NaN, NaN, NaN, NaN, NaN, NaN, NaN, NaN, NaN, NaN, NaN]	0.0	0.0	0.0
4243.537281737074	2.0	trials	9.0	0.0	0.0	0.0	0.0	0.0	True	5.0	0.0	0.01	[49123174.860878974, 49125491.86833921, 49127808.87579946, NaN, NaN, NaN, NaN, NaN, NaN, NaN, NaN, NaN, NaN, NaN, NaN, NaN, NaN, NaN, NaN, NaN]	0.0	0.0	0.0
4251.049440324593	2.0	trials	9.0	0.0	0.0	0.0	0.0	0.0	True	5.0	0.0	0.01	[49210121.14082655, 49212438.14828679, 49214755.15574703, NaN, NaN, NaN, NaN, NaN, NaN, NaN, NaN, NaN, NaN, NaN, NaN, NaN, NaN, NaN, NaN, NaN]	0.0	0.0	0.0
4257.943404921662	2.0	trials	9.0	0.0	0.0	0.0	0.0	0.0	True	5.0	0.0	0.01	[49289911.39773332, 49292229.40519679, 49294546.41265704, NaN, NaN, NaN, NaN, NaN, NaN, NaN, NaN, NaN, NaN, NaN, NaN, NaN, NaN, NaN, NaN, NaN]	0.0	0.0	0.0
4266.506277292249	2.0	trials	9.0	0.0	0.0	0.0	0.0	0.0	True	5.0	0.0	0.01	[49389019.71683995, 49391336.72430018, 49393653.73176043, NaN, NaN, NaN, NaN, NaN, NaN, NaN, NaN, NaN, NaN, NaN, NaN, NaN, NaN, NaN, NaN, NaN]	0.0	0.0	0.0
4274.401880314375	2.0	trials	9.0	0.0	0.0	0.0	0.0	0.0	True	5.0	0.0	0.01	[49480404.01107692, 49482721.01853717, 49485038.025997415, NaN, NaN, NaN, NaN, NaN, NaN, NaN, NaN, NaN, NaN, NaN, NaN, NaN, NaN, NaN, NaN, NaN]	0.0	0.0	0.0
4282.304136157922	2.0	trials	9.0	0.0	0.0	0.0	0.0	0.0	True	5.0	0.0	0.01	[49571865.305561826, 49574182.31302207, 49576499.32048232, NaN, NaN, NaN, NaN, NaN, NaN, NaN, NaN, NaN, NaN, NaN, NaN, NaN, NaN, NaN, NaN, NaN]	0.0	0.0	0.0
4287.628553301388	2.0	trials	9.0	0.0	0.0	0.0	0.0	0.0	True	5.0	0.0	0.01	[49633490.50398118, 49635807.511441424, 49638125.51890489, NaN, NaN, NaN, NaN, NaN, NaN, NaN, NaN, NaN, NaN, NaN, NaN, NaN, NaN, NaN, NaN, NaN]	0.0	0.0	0.0
4294.396373492298	2.0	trials	9.0	0.0	0.0	0.0	0.0	0.0	True	5.0	0.0	0.01	[49711821.756190285, 49714138.76365054, 49716455.77111078, NaN, NaN, NaN, NaN, NaN, NaN, NaN, NaN, NaN, NaN, NaN, NaN, NaN, NaN, NaN, NaN, NaN]	0.0	0.0	0.0
4300.826368595485	2.0	trials	9.0	0.0	0.0	0.0	0.0	0.0	True	5.0	0.0	0.01	[49786242.99581003, 49788560.00327028, 49790877.01073053, NaN, NaN, NaN, NaN, NaN, NaN, NaN, NaN, NaN, NaN, NaN, NaN, NaN, NaN, NaN, NaN, NaN]	0.0	0.0	0.0
4306.303887031904	2.0	trials	9.0	0.0	0.0	0.0	0.0	0.0	True	5.0	0.0	0.01	[49849640.19993485, 49851957.20739509, 49854274.21485534, NaN, NaN, NaN, NaN, NaN, NaN, NaN, NaN, NaN, NaN, NaN, NaN, NaN, NaN, NaN, NaN, NaN]	0.0	0.0	0.0
4312.670118729786	2.0	trials	9.0	0.0	0.0	0.0	0.0	0.0	True	5.0	0.0	0.01	[49923323.43717839, 49925640.44463863, 49927957.45209887, NaN, NaN, NaN, NaN, NaN, NaN, NaN, NaN, NaN, NaN, NaN, NaN, NaN, NaN, NaN, NaN, NaN]	0.0	0.0	0.0
4319.954439783718	2.0	trials	9.0	0.0	0.0	0.0	0.0	0.0	True	5.0	0.0	0.01	[50007632.70863538, 50009949.716095634, 50012266.72355588, NaN, NaN, NaN, NaN, NaN, NaN, NaN, NaN, NaN, NaN, NaN, NaN, NaN, NaN, NaN, NaN, NaN]	0.0	0.0	0.0
4326.319980279374	2.0	trials	9.0	0.0	0.0	0.0	0.0	0.0	True	5.0	0.0	0.01	[50081307.94585316, 50083624.9533134, 50085941.96077365, NaN, NaN, NaN, NaN, NaN, NaN, NaN, NaN, NaN, NaN, NaN, NaN, NaN, NaN, NaN, NaN, NaN]	0.0	0.0	0.0
4335.12218142055	2.0	trials	9.0	0.0	0.0	0.0	0.0	0.0	True	5.0	0.0	0.01	[50183185.27387536, 50185502.28133561, 50187819.28879586, NaN, NaN, NaN, NaN, NaN, NaN, NaN, NaN, NaN, NaN, NaN, NaN, NaN, NaN, NaN, NaN, NaN]	0.0	0.0	0.0
4341.500336356822	2.0	trials	9.0	0.0	0.0	0.0	0.0	0.0	True	5.0	0.0	0.01	[50257006.511563234, 50259323.51902348, 50261640.52648373, NaN, NaN, NaN, NaN, NaN, NaN, NaN, NaN, NaN, NaN, NaN, NaN, NaN, NaN, NaN, NaN, NaN]	0.0	0.0	0.0
4347.350585593353	2.0	trials	9.0	0.0	0.0	0.0	0.0	0.0	True	5.0	0.0	0.01	[50324717.7295782, 50327034.73703845, 50329351.74449869, NaN, NaN, NaN, NaN, NaN, NaN, NaN, NaN, NaN, NaN, NaN, NaN, NaN, NaN, NaN, NaN, NaN]	0.0	0.0	0.0
4352.936709179457	2.0	trials	9.0	0.0	0.0	0.0	0.0	0.0	True	5.0	0.0	0.01	[50389371.93775029, 50391688.94521053, 50394005.952670775, NaN, NaN, NaN, NaN, NaN, NaN, NaN, NaN, NaN, NaN, NaN, NaN, NaN, NaN, NaN, NaN, NaN]	0.0	0.0	0.0
4358.241859060887	2.0	trials	9.0	0.0	0.0	0.0	0.0	0.0	True	5.0	0.0	0.01	[50450774.135451645, 50453091.14291189, 50455408.150372125, NaN, NaN, NaN, NaN, NaN, NaN, NaN, NaN, NaN, NaN, NaN, NaN, NaN, NaN, NaN, NaN, NaN]	0.0	0.0	0.0
4366.247190436314	2.0	trials	9.0	0.0	0.0	0.0	0.0	0.0	True	5.0	0.0	0.01	[50543428.43377774, 50545745.441237986, 50548062.44869823, NaN, NaN, NaN, NaN, NaN, NaN, NaN, NaN, NaN, NaN, NaN, NaN, NaN, NaN, NaN, NaN, NaN]	0.0	0.0	0.0
4371.75304816398	2.0	trials	9.0	0.0	0.0	0.0	0.0	0.0	True	5.0	0.0	0.01	[50607153.63895865, 50609470.6464189, 50611787.65387914, NaN, NaN, NaN, NaN, NaN, NaN, NaN, NaN, NaN, NaN, NaN, NaN, NaN, NaN, NaN, NaN, NaN]	0.0	0.0	0.0
4377.645115135155	2.0	trials	9.0	0.0	0.0	0.0	0.0	0.0	True	5.0	0.0	0.01	[50675348.858532, 50677665.86599225, 50679983.87345572, NaN, NaN, NaN, NaN, NaN, NaN, NaN, NaN, NaN, NaN, NaN, NaN, NaN, NaN, NaN, NaN, NaN]	0.0	0.0	0.0
4385.680859408505	2.0	trials	9.0	0.0	0.0	0.0	0.0	0.0	True	5.0	0.0	0.01	[50768354.15798825, 50770672.16545172, 50772989.17291197, NaN, NaN, NaN, NaN, NaN, NaN, NaN, NaN, NaN, NaN, NaN, NaN, NaN, NaN, NaN, NaN, NaN]	0.0	0.0	0.0
4391.342928839138	2.0	trials	9.0	0.0	0.0	0.0	0.0	0.0	True	5.0	0.0	0.01	[50833888.36899375, 50836205.376454, 50838522.38391425, NaN, NaN, NaN, NaN, NaN, NaN, NaN, NaN, NaN, NaN, NaN, NaN, NaN, NaN, NaN, NaN, NaN]	0.0	0.0	0.0
4396.532561548628	2.0	trials	9.0	0.0	0.0	0.0	0.0	0.0	True	5.0	0.0	0.01	[50893953.562390245, 50896270.56985049, 50898588.57731395, NaN, NaN, NaN, NaN, NaN, NaN, NaN, NaN, NaN, NaN, NaN, NaN, NaN, NaN, NaN, NaN, NaN]	0.0	0.0	0.0
4401.878578761642	2.0	trials	9.0	0.0	0.0	0.0	0.0	0.0	True	5.0	0.0	0.01	[50955828.76161454, 50958145.76907479, 50960462.776535034, NaN, NaN, NaN, NaN, NaN, NaN, NaN, NaN, NaN, NaN, NaN, NaN, NaN, NaN, NaN, NaN, NaN]	0.0	0.0	0.0
4410.633950952037	2.0	trials	9.0	0.0	0.0	0.0	0.0	0.0	True	5.0	0.0	0.01	[51057164.087891616, 51059481.09535186, 51061798.10281211, NaN, NaN, NaN, NaN, NaN, NaN, NaN, NaN, NaN, NaN, NaN, NaN, NaN, NaN, NaN, NaN, NaN]	0.0	0.0	0.0
4427.485115609125	2.0	trials	10.0	0.0	0.0	0.0	0.0	0.0	True	10.0	0.0	0.005	[51252152.71571138, 51253311.71944311, 51254470.72317485, 51255628.72690336, 51256786.73063187, NaN, NaN, NaN, NaN, NaN, NaN, NaN, NaN, NaN, NaN, NaN, NaN, NaN, NaN, NaN]	0.0	0.0	0.0
4435.898774699279	2.0	trials	10.0	0.0	0.0	0.0	0.0	0.0	True	10.0	0.0	0.005	[51349533.029254206, 51350691.03298271, 51351851.03671767, 51353008.04044295, 51354167.0441747, NaN, NaN, NaN, NaN, NaN, NaN, NaN, NaN, NaN, NaN, NaN, NaN, NaN, NaN, NaN]	0.0	0.0	0.0
4443.158471673926	2.0	trials	10.0	0.0	0.0	0.0	0.0	0.0	True	10.0	0.0	0.005	[51433557.29979356, 51434716.30352529, 51435874.30725381, 51437032.31098232, 51438191.314714044, NaN, NaN, NaN, NaN, NaN, NaN, NaN, NaN, NaN, NaN, NaN, NaN, NaN, NaN, NaN]	0.0	0.0	0.0
4449.362530049645	2.0	trials	10.0	0.0	0.0	0.0	0.0	0.0	True	10.0	0.0	0.005	[51505363.53099356, 51506521.53472207, 51507681.53845702, 51508839.54218553, 51509997.545914054, NaN, NaN, NaN, NaN, NaN, NaN, NaN, NaN, NaN, NaN, NaN, NaN, NaN, NaN, NaN]	0.0	0.0	0.0
4456.29865798247	2.0	trials	10.0	0.0	0.0	0.0	0.0	0.0	True	10.0	0.0	0.005	[51585641.78947159, 51586801.79320654, 51587959.79693505, 51589118.80066679, 51590275.804392084, NaN, NaN, NaN, NaN, NaN, NaN, NaN, NaN, NaN, NaN, NaN, NaN, NaN, NaN, NaN]	0.0	0.0	0.0
4462.335099818501	2.0	trials	10.0	0.0	0.0	0.0	0.0	0.0	True	10.0	0.0	0.005	[51655508.0144252, 51656666.01815372, 51657826.02188867, 51658983.02561397, 51660142.02934569, NaN, NaN, NaN, NaN, NaN, NaN, NaN, NaN, NaN, NaN, NaN, NaN, NaN, NaN, NaN]	0.0	0.0	0.0
4471.089608006116	2.0	trials	10.0	0.0	0.0	0.0	0.0	0.0	True	10.0	0.0	0.005	[51756834.34067331, 51757992.34440182, 51759150.34813033, 51760309.35186206, 51761467.35559058, NaN, NaN, NaN, NaN, NaN, NaN, NaN, NaN, NaN, NaN, NaN, NaN, NaN, NaN, NaN]	0.0	0.0	0.0
4479.431382064814	2.0	trials	10.0	0.0	0.0	0.0	0.0	0.0	True	10.0	0.0	0.005	[51853382.651537254, 51854540.65526578, 51855698.6589943, 51856856.6627228, 51858016.66645775, NaN, NaN, NaN, NaN, NaN, NaN, NaN, NaN, NaN, NaN, NaN, NaN, NaN, NaN, NaN]	0.0	0.0	0.0
4484.997115185266	2.0	trials	10.0	0.0	0.0	0.0	0.0	0.0	True	10.0	0.0	0.005	[51917800.85894948, 51918958.862678, 51920116.866406515, 51921275.87013824, 51922433.87386677, NaN, NaN, NaN, NaN, NaN, NaN, NaN, NaN, NaN, NaN, NaN, NaN, NaN, NaN, NaN]	0.0	0.0	0.0
4491.045912261077	2.0	trials	10.0	0.0	0.0	0.0	0.0	0.0	True	10.0	0.0	0.005	[51987810.08436353, 51988968.088092044, 51990127.09182378, 51991285.09555228, 51992444.09928402, NaN, NaN, NaN, NaN, NaN, NaN, NaN, NaN, NaN, NaN, NaN, NaN, NaN, NaN, NaN]	0.0	0.0	0.0
4500.033701199805	2.0	trials	10.0	0.0	0.0	0.0	0.0	0.0	True	10.0	0.0	0.005	[52091834.41929861, 52092993.42303035, 52094151.426758856, 52095310.43049059, 52096468.43421911, NaN, NaN, NaN, NaN, NaN, NaN, NaN, NaN, NaN, NaN, NaN, NaN, NaN, NaN, NaN]	0.0	0.0	0.0
4506.315174224783	2.0	trials	10.0	0.0	0.0	0.0	0.0	0.0	True	10.0	0.0	0.005	[52164537.65338676, 52165695.65711528, 52166854.660847, 52168012.664575525, 52169171.66830725, NaN, NaN, NaN, NaN, NaN, NaN, NaN, NaN, NaN, NaN, NaN, NaN, NaN, NaN, NaN]	0.0	0.0	0.0
4514.636903418942	2.0	trials	10.0	0.0	0.0	0.0	0.0	0.0	True	10.0	0.0	0.005	[52260852.96350052, 52262010.96722902, 52263169.970960766, 52264328.97469249, 52265486.97842101, NaN, NaN, NaN, NaN, NaN, NaN, NaN, NaN, NaN, NaN, NaN, NaN, NaN, NaN, NaN]	0.0	0.0	0.0
4520.655633197945	2.0	trials	10.0	0.0	0.0	0.0	0.0	0.0	True	10.0	0.0	0.005	[52330516.18780051, 52331674.19152903, 52332832.19525754, 52333990.19898606, 52335149.20271778, NaN, NaN, NaN, NaN, NaN, NaN, NaN, NaN, NaN, NaN, NaN, NaN, NaN, NaN, NaN]	0.0	0.0	0.0
4527.6273580453835	2.0	trials	10.0	0.0	0.0	0.0	0.0	0.0	True	10.0	0.0	0.005	[52411206.447605096, 52412365.45133683, 52413523.45506534, 52414681.45879386, 52415840.46252559, NaN, NaN, NaN, NaN, NaN, NaN, NaN, NaN, NaN, NaN, NaN, NaN, NaN, NaN, NaN]	0.0	0.0	0.0
4535.8498997201805	2.0	trials	10.0	0.0	0.0	0.0	0.0	0.0	True	10.0	0.0	0.005	[52506374.75402576, 52507532.75775426, 52508692.76148922, 52509849.7652145, 52511007.76894303, NaN, NaN, NaN, NaN, NaN, NaN, NaN, NaN, NaN, NaN, NaN, NaN, NaN, NaN, NaN]	0.0	0.0	0.0
4542.597675046551	2.0	trials	10.0	0.0	0.0	0.0	0.0	0.0	True	10.0	0.0	0.005	[52584473.00548465, 52585631.00921317, 52586791.01294812, 52587948.016673416, 52589108.02040837, NaN, NaN, NaN, NaN, NaN, NaN, NaN, NaN, NaN, NaN, NaN, NaN, NaN, NaN, NaN]	0.0	0.0	0.0
4549.737707635904	2.0	trials	10.0	0.0	0.0	0.0	0.0	0.0	True	10.0	0.0	0.005	[52667112.2715646, 52668270.27529311, 52669429.27902484, 52670587.28275336, 52671746.28648508, NaN, NaN, NaN, NaN, NaN, NaN, NaN, NaN, NaN, NaN, NaN, NaN, NaN, NaN, NaN]	0.0	0.0	0.0
4554.981858920932	2.0	trials	10.0	0.0	0.0	0.0	0.0	0.0	True	10.0	0.0	0.005	[52727809.466995984, 52728967.47072451, 52730125.47445301, 52731284.47818475, 52732442.48191325, NaN, NaN, NaN, NaN, NaN, NaN, NaN, NaN, NaN, NaN, NaN, NaN, NaN, NaN, NaN]	0.0	0.0	0.0
4563.216583034954	2.0	trials	10.0	0.0	0.0	0.0	0.0	0.0	True	10.0	0.0	0.005	[52823116.773864195, 52824277.777602375, 52825434.781327665, 52826593.78505939, 52827752.78879113, NaN, NaN, NaN, NaN, NaN, NaN, NaN, NaN, NaN, NaN, NaN, NaN, NaN, NaN, NaN]	0.0	0.0	0.0
4571.022156967206	2.0	trials	10.0	0.0	0.0	0.0	0.0	0.0	True	10.0	0.0	0.005	[52913460.06474938, 52914619.06848111, 52915778.072212845, 52916936.07594136, 52918095.0796731, NaN, NaN, NaN, NaN, NaN, NaN, NaN, NaN, NaN, NaN, NaN, NaN, NaN, NaN, NaN]	0.0	0.0	0.0
4579.202880907359	2.0	trials	10.0	0.0	0.0	0.0	0.0	0.0	True	10.0	0.0	0.005	[53008144.36961165, 53009303.3733434, 53010461.3770719, 53011620.380803645, 53012779.38453537, NaN, NaN, NaN, NaN, NaN, NaN, NaN, NaN, NaN, NaN, NaN, NaN, NaN, NaN, NaN]	0.0	0.0	0.0
4584.514424409374	2.0	trials	10.0	0.0	0.0	0.0	0.0	0.0	True	10.0	0.0	0.005	[53069620.56755126, 53070779.571283, 53071938.575014725, 53073096.578743234, 53074255.58247497, NaN, NaN, NaN, NaN, NaN, NaN, NaN, NaN, NaN, NaN, NaN, NaN, NaN, NaN, NaN]	0.0	0.0	0.0
4593.3701073227485	2.0	trials	10.0	0.0	0.0	0.0	0.0	0.0	True	10.0	0.0	0.005	[53172117.89756974, 53173276.90130147, 53174433.90502677, 53175592.90875849, 53176751.91249022, NaN, NaN, NaN, NaN, NaN, NaN, NaN, NaN, NaN, NaN, NaN, NaN, NaN, NaN, NaN]	0.0	0.0	0.0
4599.04608719817	2.0	trials	10.0	0.0	0.0	0.0	0.0	0.0	True	10.0	0.0	0.005	[53237811.10908718, 53238971.11282214, 53240129.11655064, 53241287.12027916, 53242446.12401088, NaN, NaN, NaN, NaN, NaN, NaN, NaN, NaN, NaN, NaN, NaN, NaN, NaN, NaN, NaN]	0.0	0.0	0.0
4605.160202884294	2.0	trials	10.0	0.0	0.0	0.0	0.0	0.0	True	10.0	0.0	0.005	[53308576.336935386, 53309735.34066712, 53310894.34439884, 53312053.34813059, 53313211.35185909, NaN, NaN, NaN, NaN, NaN, NaN, NaN, NaN, NaN, NaN, NaN, NaN, NaN, NaN, NaN]	0.0	0.0	0.0
4612.041985042138	2.0	trials	10.0	0.0	0.0	0.0	0.0	0.0	True	10.0	0.0	0.005	[53388227.59339461, 53389385.597123116, 53390544.60085485, 53391702.60458337, 53392861.6083151, NaN, NaN, NaN, NaN, NaN, NaN, NaN, NaN, NaN, NaN, NaN, NaN, NaN, NaN, NaN]	0.0	0.0	0.0
4617.333310879057	2.0	trials	10.0	0.0	0.0	0.0	0.0	0.0	True	10.0	0.0	0.005	[53449469.79058078, 53450627.794309296, 53451786.79804102, 53452944.80176955, 53454103.80550127, NaN, NaN, NaN, NaN, NaN, NaN, NaN, NaN, NaN, NaN, NaN, NaN, NaN, NaN, NaN]	0.0	0.0	0.0
4633.660803450035	2.0	trials	10.0	0.0	0.0	0.0	0.0	0.0	True	10.0	0.0	0.005	[53540942.08510111, 53542100.088829614, 53543258.09255814, 53544417.09628986, 53545576.10002161, NaN, NaN, NaN, NaN, NaN, NaN, NaN, NaN, NaN, NaN, NaN, NaN, NaN, NaN, NaN]	0.0	0.0	0.0
4641.366757861533	2.0	trials	10.0	0.0	0.0	0.0	0.0	0.0	False	0.0	0.0	0.0	[NaN, NaN, NaN, NaN, NaN, NaN, NaN, NaN, NaN, NaN, NaN, NaN, NaN, NaN, NaN, NaN, NaN, NaN, NaN, NaN]	0.0	0.0	0.0
4665.424310521625	2.0	trials	11.0	0.0	0.0	0.0	0.0	0.0	True	20.0	0.0	0.005	[53638444.39903674, 53639603.402768485, 53640761.40649699, 53641920.41022872, 53643079.41396046, 54006078.582736574, 54006656.58459761, 54007236.586465076, 54007816.58833257, 54008394.5901936, NaN, NaN, NaN, NaN, NaN, NaN, NaN, NaN, NaN, NaN]	0.0	0.0	0.0
4670.9692211750325	2.0	trials	11.0	0.0	0.0	0.0	0.0	0.0	True	20.0	0.0	0.005	[54008974.59206107, 54009553.59392533, 54010132.59578959, 54010712.59765706, 54011291.59952132, 54070254.7893696, 54070834.79123708, 54071414.793104544, 54071992.794965595, 54072573.796836294, NaN, NaN, NaN, NaN, NaN, NaN, NaN, NaN, NaN, NaN]	0.0	0.0	0.0
4676.407773085987	2.0	trials	11.0	0.0	0.0	0.0	0.0	0.0	True	20.0	0.0	0.005	[54073152.79870054, 54073731.800564796, 54074310.80242905, 54074889.80429331, 54075468.806157574, 54133201.99204551, 54133780.99390977, 54134359.99577402, 54134938.997638285, 54135518.99950575, NaN, NaN, NaN, NaN, NaN, NaN, NaN, NaN, NaN, NaN]	0.0	0.0	0.0
4682.745233491232	2.0	trials	11.0	0.0	0.0	0.0	0.0	0.0	True	20.0	0.0	0.005	[54136098.00137002, 54136677.003234275, 54137256.005098514, 54137836.006965995, 54138414.00882704, 54206551.22821364, 54207131.23008112, 54207709.23194215, 54208289.23380963, 54208868.23567389, NaN, NaN, NaN, NaN, NaN, NaN, NaN, NaN, NaN, NaN]	0.0	0.0	0.0
4690.7504784663815	2.0	trials	11.0	0.0	0.0	0.0	0.0	0.0	True	20.0	0.0	0.005	[54209447.23753815, 54210026.2394024, 54210606.24126988, 54211185.24313413, 54211764.24499839, 54299204.52653653, 54299783.5284008, 54300362.53026504, 54300942.53213252, 54301522.533999994, NaN, NaN, NaN, NaN, NaN, NaN, NaN, NaN, NaN, NaN]	0.0	0.0	0.0
4696.004911384513	2.0	trials	11.0	0.0	0.0	0.0	0.0	0.0	True	20.0	0.0	0.005	[54302101.53586425, 54302679.53772529, 54303259.53959277, 54303838.54145703, 54304418.54332449, 54360019.722347856, 54360599.72421533, 54361178.72607959, 54361757.727943845, 54362336.7298081, NaN, NaN, NaN, NaN, NaN, NaN, NaN, NaN, NaN, NaN]	0.0	0.0	0.0
4705.099923068475	2.0	trials	11.0	0.0	0.0	0.0	0.0	0.0	True	20.0	0.0	0.005	[54362916.73167557, 54363495.733539835, 54364074.7354041, 54364653.73726835, 54365233.73913582, 54465286.06128192, 54465866.0631494, 54466445.06501365, 54467024.06687791, 54467604.06874539, NaN, NaN, NaN, NaN, NaN, NaN, NaN, NaN, NaN, NaN]	0.0	0.0	0.0
4711.350896795252	2.0	trials	11.0	0.0	0.0	0.0	0.0	0.0	True	20.0	0.0	0.005	[54468183.07060964, 54468761.07247069, 54469341.07433816, 54469920.076202415, 54470500.07806988, 54537635.29423026, 54538215.29609774, 54538795.29796522, 54539373.29982625, 54539953.30169373, NaN, NaN, NaN, NaN, NaN, NaN, NaN, NaN, NaN, NaN]	0.0	0.0	0.0
4716.650171457764	2.0	trials	11.0	0.0	0.0	0.0	0.0	0.0	True	20.0	0.0	0.005	[54540532.303557985, 54541111.305422254, 54541690.30728649, 54542270.309153974, 54542849.31101823, 54598970.49171588, 54599548.49357692, 54600128.495444395, 54600706.49730542, 54601286.4991729, NaN, NaN, NaN, NaN, NaN, NaN, NaN, NaN, NaN, NaN]	0.0	0.0	0.0
4725.614718721658	2.0	trials	11.0	0.0	0.0	0.0	0.0	0.0	True	20.0	0.0	0.005	[54601865.50103716, 54602444.50290143, 54603024.50476889, 54603604.506636366, 54604183.50850062, 54702725.82578484, 54703305.82765231, 54703883.82951336, 54704463.83138083, 54705043.83324831, NaN, NaN, NaN, NaN, NaN, NaN, NaN, NaN, NaN, NaN]	0.0	0.0	0.0
4734.710335207567	2.0	trials	11.0	0.0	0.0	0.0	0.0	0.0	True	20.0	0.0	0.005	[54705621.83510935, 54706201.836976826, 54706780.83884108, 54707360.84070855, 54707939.8425728, 54808000.16474466, 54808580.16661214, 54809159.16847639, 54809737.17033744, 54810318.17220813, NaN, NaN, NaN, NaN, NaN, NaN, NaN, NaN, NaN, NaN]	0.0	0.0	0.0
4743.014352344698	2.0	trials	11.0	0.0	0.0	0.0	0.0	0.0	True	20.0	0.0	0.005	[54810897.174072385, 54811475.17593343, 54812055.1778009, 54812634.179665156, 54813213.18152941, 54904110.474198356, 54904690.47606584, 54905269.477930084, 54905849.479797564, 54906428.48166183, NaN, NaN, NaN, NaN, NaN, NaN, NaN, NaN, NaN, NaN]	0.0	0.0	0.0
4751.259876493494	2.0	trials	11.0	0.0	0.0	0.0	0.0	0.0	True	20.0	0.0	0.005	[54907008.4835293, 54907587.485393554, 54908165.48725458, 54908745.48912206, 54909324.49098633, 54999545.781478696, 55000123.78333973, 55000703.78520721, 55001283.787074685, 55001861.78893571, NaN, NaN, NaN, NaN, NaN, NaN, NaN, NaN, NaN, NaN]	0.0	0.0	0.0
4757.126800983716	2.0	trials	11.0	0.0	0.0	0.0	0.0	0.0	True	20.0	0.0	0.005	[55002441.79080321, 55003020.79266746, 55003600.79453493, 55004179.79639918, 55004758.798263445, 55067450.00011509, 55068030.00198257, 55068609.003846824, 55069188.00571107, 55069767.00757533, NaN, NaN, NaN, NaN, NaN, NaN, NaN, NaN, NaN, NaN]	0.0	0.0	0.0
4766.121069943307	2.0	trials	11.0	0.0	0.0	0.0	0.0	0.0	True	20.0	0.0	0.005	[55070346.00943959, 55070925.01130385, 55071504.013168104, 55072083.015032366, 55072664.016903065, 55171550.33529489, 55172129.33715914, 55172708.33902338, 55173286.34088443, 55173866.342751905, NaN, NaN, NaN, NaN, NaN, NaN, NaN, NaN, NaN, NaN]	0.0	0.0	0.0
4773.801363472184	2.0	trials	11.0	0.0	0.0	0.0	0.0	0.0	True	20.0	0.0	0.005	[55174446.34461938, 55175025.34648363, 55175604.348347895, 55176183.35021215, 55176762.35207641, 55260442.62150816, 55261020.62336919, 55261599.62523344, 55262179.627100915, 55262758.62896518, NaN, NaN, NaN, NaN, NaN, NaN, NaN, NaN, NaN, NaN]	0.0	0.0	0.0
4781.98571622402	2.0	trials	11.0	0.0	0.0	0.0	0.0	0.0	True	20.0	0.0	0.005	[55263337.63082944, 55263916.63269369, 55264495.634557955, 55265076.636428654, 55265655.63829291, 55355167.92650245, 55355746.928366706, 55356325.93023096, 55356905.932098426, 55357484.933962695, NaN, NaN, NaN, NaN, NaN, NaN, NaN, NaN, NaN, NaN]	0.0	0.0	0.0
4790.655724939565	2.0	trials	11.0	0.0	0.0	0.0	0.0	0.0	True	20.0	0.0	0.005	[55358064.93583017, 55358643.93769442, 55359221.93955545, 55359801.94142294, 55360380.943287194, 55455515.249598384, 55456095.25146585, 55456673.25332688, 55457253.25519436, 55457832.25705863, NaN, NaN, NaN, NaN, NaN, NaN, NaN, NaN, NaN, NaN]	0.0	0.0	0.0
4799.739504587361	2.0	trials	11.0	0.0	0.0	0.0	0.0	0.0	True	20.0	0.0	0.005	[55458412.2589261, 55458991.260790356, 55459570.26265461, 55460150.26452209, 55460728.26638312, 55560651.58811386, 55561231.58998134, 55561810.591845594, 55562389.59370986, 55562969.59557733, NaN, NaN, NaN, NaN, NaN, NaN, NaN, NaN, NaN, NaN]	0.0	0.0	0.0
4808.213384671413	2.0	trials	11.0	0.0	0.0	0.0	0.0	0.0	True	20.0	0.0	0.005	[55563548.597441584, 55564127.59930584, 55564707.60117332, 55565285.603034355, 55565865.604901835, 55658729.903904095, 55659308.90576836, 55659888.90763584, 55660467.90950009, 55661046.91136435, NaN, NaN, NaN, NaN, NaN, NaN, NaN, NaN, NaN, NaN]	0.0	0.0	0.0
4814.451484756739	2.0	trials	11.0	0.0	0.0	0.0	0.0	0.0	True	20.0	0.0	0.005	[55661626.91323181, 55662204.91509286, 55662784.916960336, 55663363.91882459, 55663942.920688845, 55730929.13636948, 55731508.138233736, 55732088.1401012, 55732667.14196546, 55733247.14383294, NaN, NaN, NaN, NaN, NaN, NaN, NaN, NaN, NaN, NaN]	0.0	0.0	0.0
4820.907140742549	2.0	trials	11.0	0.0	0.0	0.0	0.0	0.0	True	20.0	0.0	0.005	[55733826.145697206, 55734406.14756468, 55734985.149428934, 55735564.15129319, 55736143.15315744, 55805647.376945496, 55806227.37881297, 55806805.380674005, 55807385.382541485, 55807964.38440575, NaN, NaN, NaN, NaN, NaN, NaN, NaN, NaN, NaN, NaN]	0.0	0.0	0.0
4828.44349140796	2.0	trials	11.0	0.0	0.0	0.0	0.0	0.0	True	20.0	0.0	0.005	[55808544.38627321, 55809124.388140686, 55809703.39000495, 55810281.39186598, 55810860.39373024, 55892873.6577946, 55893453.659662075, 55894032.661526345, 55894611.6633906, 55895190.66525485, NaN, NaN, NaN, NaN, NaN, NaN, NaN, NaN, NaN, NaN]	0.0	0.0	0.0
4836.267122998353	2.0	trials	11.0	0.0	0.0	0.0	0.0	0.0	True	20.0	0.0	0.005	[55895771.667125545, 55896349.668986574, 55896928.67085084, 55897508.67271832, 55898088.6745858, 55983425.94935273, 55984004.95121698, 55984583.953081235, 55985163.95494871, 55985742.95681296, NaN, NaN, NaN, NaN, NaN, NaN, NaN, NaN, NaN, NaN]	0.0	0.0	0.0
4841.6370730884255	2.0	trials	11.0	0.0	0.0	0.0	0.0	0.0	True	20.0	0.0	0.005	[55986322.95868046, 55986900.96054149, 55987480.96240895, 55988060.96427643, 55988639.9661407, 56045578.149468906, 56046157.15133317, 56046737.15320064, 56047316.155064896, 56047895.15692915, NaN, NaN, NaN, NaN, NaN, NaN, NaN, NaN, NaN, NaN]	0.0	0.0	0.0
4848.399795662923	2.0	trials	11.0	0.0	0.0	0.0	0.0	0.0	True	20.0	0.0	0.005	[56048475.15879662, 56049054.160660885, 56049633.16252514, 56050213.16439261, 56050791.166253656, 56123850.401488036, 56124428.40334909, 56125007.40521333, 56125588.40708404, 56126166.40894507, NaN, NaN, NaN, NaN, NaN, NaN, NaN, NaN, NaN, NaN]	0.0	0.0	0.0
4853.980735232336	2.0	trials	11.0	0.0	0.0	0.0	0.0	0.0	True	20.0	0.0	0.005	[56126746.41081255, 56127325.412676804, 56127904.41454106, 56128483.41640532, 56129063.4182728, 56188443.60946372, 56189022.61132798, 56189602.613195464, 56190181.61505971, 56190760.616923966, NaN, NaN, NaN, NaN, NaN, NaN, NaN, NaN, NaN, NaN]	0.0	0.0	0.0
4862.487793023212	2.0	trials	11.0	0.0	0.0	0.0	0.0	0.0	True	20.0	0.0	0.005	[56191340.618791446, 56191919.620655715, 56192498.622519955, 56193078.624387436, 56193657.62625169, 56286904.92648714, 56287484.92835462, 56288063.93021887, 56288642.93208312, 56289221.93394739, NaN, NaN, NaN, NaN, NaN, NaN, NaN, NaN, NaN, NaN]	0.0	0.0	0.0
4869.37605520192	2.0	trials	11.0	0.0	0.0	0.0	0.0	0.0	True	20.0	0.0	0.005	[56289800.93581165, 56290380.93767911, 56290959.93954337, 56291538.94140763, 56292118.94327511, 56366630.18318463, 56367209.185048886, 56367789.186916366, 56368368.18878061, 56368948.190648094, NaN, NaN, NaN, NaN, NaN, NaN, NaN, NaN, NaN, NaN]	0.0	0.0	0.0
4876.629444956258	2.0	trials	11.0	0.0	0.0	0.0	0.0	0.0	True	20.0	0.0	0.005	[56369527.192512356, 56370106.19437661, 56370685.19624086, 56371264.19810513, 56371844.1999726, 56450581.45348894, 56451161.45535642, 56451740.457220666, 56452320.45908815, 56452899.4609524, NaN, NaN, NaN, NaN, NaN, NaN, NaN, NaN, NaN, NaN]	0.0	0.0	0.0
4918.4773332973655	2.0	trials	11.0	0.0	0.0	0.0	0.0	0.0	True	20.0	0.0	0.005	[56453478.46281667, 56454057.46468091, 56454637.46654839, 56455215.468409434, 56455795.47027691, 56935768.015681125, 56935778.01571331, 56935795.01576805, 56935800.01578416, 56945591.047309086, NaN, NaN, NaN, NaN, NaN, NaN, NaN, NaN, NaN, NaN]	0.0	0.0	0.0
4924.825161735994	2.0	trials	11.0	0.0	0.0	0.0	0.0	0.0	True	20.0	0.0	0.005	[56945594.04731874, 57009268.25233544, 57009270.25234188, 57019054.28384427, 57019061.28386681, 57070236.4486394, 57080032.480180435, 57080036.4801933, 57080038.48019974, 57159966.737550855, NaN, NaN, NaN, NaN, NaN, NaN, NaN, NaN, NaN, NaN]	0.0	0.0	0.0
4930.093418698636	2.0	trials	11.0	0.0	0.0	0.0	0.0	0.0	True	20.0	0.0	0.005	[57169755.76906934, 57169760.769085445, 57169765.76910154, 57257115.05034667, 57257118.050356336, 57322692.261490636, 57332488.29303166, 57332491.29304132, 57332494.29305098, 57392252.485459, NaN, NaN, NaN, NaN, NaN, NaN, NaN, NaN, NaN, NaN]	0.0	0.0	0.0
4937.84542445841	2.0	trials	11.0	0.0	0.0	0.0	0.0	0.0	True	20.0	0.0	0.005	[57392263.48549441, 57402036.516961396, 57402041.51697748, 57402046.516993575, 57402051.51700968, 57402059.51703544, 57402061.51704189, 57475867.75468145, 57475869.75468789, 57485661.78621604, NaN, NaN, NaN, NaN, NaN, NaN, NaN, NaN, NaN, NaN]	0.0	0.0	0.0
4945.39283435943	2.0	trials	11.0	0.0	0.0	0.0	0.0	0.0	False	0.0	0.0	0.0	[NaN, NaN, NaN, NaN, NaN, NaN, NaN, NaN, NaN, NaN, NaN, NaN, NaN, NaN, NaN, NaN, NaN, NaN, NaN, NaN]	0.0	0.0	0.0
4951.904996127175	2.0	trials	11.0	0.0	0.0	0.0	0.0	0.0	True	20.0	0.0	0.005	[57485664.786225714, 57584552.10462075, 57584555.104630396, 57642186.29018993, 57651982.32173096, 57651985.32174062, 57737617.59745739, 57747402.628963, 57747405.628972664, 57747407.628979094, NaN, NaN, NaN, NaN, NaN, NaN, NaN, NaN, NaN, NaN]	0.0	0.0	0.0
4957.91594988114	2.0	trials	11.0	0.0	0.0	0.0	0.0	0.0	True	20.0	0.0	0.005	[57842943.93658464, 57842965.93665547, 57852743.96813854, 57852745.96814499, 57852748.968154654, 57852753.96817075, 57937798.24199429, 57937801.24200394, 57947593.27353209, 58022328.514162846, NaN, NaN, NaN, NaN, NaN, NaN, NaN, NaN, NaN, NaN]	0.0	0.0	0.0
4965.139358738947	2.0	trials	11.0	0.0	0.0	0.0	0.0	0.0	True	20.0	0.0	0.005	[58022335.51418539, 58032129.545719974, 58093294.74265823, 58093303.742687196, 58093306.74269686, 58103099.77422823, 58103109.77426044, 58168307.98418408, 58226779.172448225, 58226784.17246432, NaN, NaN, NaN, NaN, NaN, NaN, NaN, NaN, NaN, NaN]	0.0	0.0	0.0
4973.68339584889	2.0	trials	11.0	0.0	0.0	0.0	0.0	0.0	False	0.0	0.0	0.0	[NaN, NaN, NaN, NaN, NaN, NaN, NaN, NaN, NaN, NaN, NaN, NaN, NaN, NaN, NaN, NaN, NaN, NaN, NaN, NaN]	0.0	0.0	0.0
4979.509453007528	2.0	trials	11.0	0.0	0.0	0.0	0.0	0.0	True	20.0	0.0	0.005	[58236583.20401501, 58319487.470948204, 58319490.47095786, 58329285.502495684, 58329288.50250533, 58329307.50256652, 58394766.71333053, 58404547.744823255, 58404556.74485224, 58404558.744858675, NaN, NaN, NaN, NaN, NaN, NaN, NaN, NaN, NaN, NaN]	0.0	0.0	0.0
4987.75419955382	2.0	trials	11.0	0.0	0.0	0.0	0.0	0.0	True	20.0	0.0	0.005	[58404561.74486834, 58404563.744874775, 58493934.032627106, 58503718.064129494, 58503721.06413916, 58503727.06415848, 58503730.06416814, 58577541.30182382, 58577572.30192362, 58587319.333306886, NaN, NaN, NaN, NaN, NaN, NaN, NaN, NaN, NaN, NaN]	0.0	0.0	0.0
4996.855345657532	2.0	trials	11.0	0.0	0.0	0.0	0.0	0.0	True	20.0	0.0	0.005	[58587329.33333909, 58587335.3333584, 58587340.33337449, 58671090.603031635, 58680880.634553336, 58680883.634563, 58680888.63457911, 58768527.916757986, 58768531.91677087, 58778318.94828292, NaN, NaN, NaN, NaN, NaN, NaN, NaN, NaN, NaN, NaN]	0.0	0.0	0.0
5005.050239243309	2.0	trials	11.0	0.0	0.0	0.0	0.0	0.0	True	20.0	0.0	0.005	[58778322.948295794, 58850148.179556966, 58859925.21103682, 58859942.21109156, 58917974.39794223, 58917986.397980854, 58927778.429509014, 58927783.429525115, 58927799.42957662, 58994072.64296154, NaN, NaN, NaN, NaN, NaN, NaN, NaN, NaN, NaN, NaN]	0.0	0.0	0.0
5012.354173160388	2.0	trials	11.0	0.0	0.0	0.0	0.0	0.0	True	20.0	0.0	0.005	[59003860.67447682, 59003862.67448326, 59003867.674499355, 59003869.6745058, 59003872.674515456, 59095232.96867516, 59095249.9687299, 59105051.000287026, 59105053.00029348, 59181440.24624331, NaN, NaN, NaN, NaN, NaN, NaN, NaN, NaN, NaN, NaN]	0.0	0.0	0.0
5018.486000903541	2.0	trials	11.0	0.0	0.0	0.0	0.0	0.0	True	20.0	0.0	0.005	[59181443.24625297, 59181452.24628195, 59191234.27777791, 59191238.27779078, 59191242.27780367, 59191244.2778101, 59246778.456617735, 59246785.456640266, 59256577.488168426, 59256579.48817486, NaN, NaN, NaN, NaN, NaN, NaN, NaN, NaN, NaN, NaN]	0.0	0.0	0.0
5024.119990243763	2.0	trials	11.0	0.0	0.0	0.0	0.0	0.0	False	0.0	0.0	0.0	[NaN, NaN, NaN, NaN, NaN, NaN, NaN, NaN, NaN, NaN, NaN, NaN, NaN, NaN, NaN, NaN, NaN, NaN, NaN, NaN]	0.0	0.0	0.0
5030.018882836915	2.0	trials	11.0	0.0	0.0	0.0	0.0	0.0	True	20.0	0.0	0.005	[59325876.711296424, 59325905.71138979, 59335687.74288574, 59335689.742892176, 59335706.742946915, 59657985.780613326, 59658565.78248079, 59659144.78434506, 59659723.786209315, 59660303.78807678, NaN, NaN, NaN, NaN, NaN, NaN, NaN, NaN, NaN, NaN]	0.0	0.0	0.0
5038.028447825974	2.0	trials	11.0	0.0	0.0	0.0	0.0	0.0	True	20.0	0.0	0.005	[59660883.78994426, 59661462.791808516, 59662041.79367278, 59662619.79553381, 59663199.79740129, 59742224.05184171, 59742804.053709194, 59743383.05557345, 59743963.057440914, 59744541.05930196, NaN, NaN, NaN, NaN, NaN, NaN, NaN, NaN, NaN, NaN]	0.0	0.0	0.0
5044.532055966178	2.0	trials	11.0	0.0	0.0	0.0	0.0	0.0	True	20.0	0.0	0.005	[59745121.06116944, 59745700.06303369, 59746280.064901166, 59746859.06676542, 59747439.068632886, 59820492.30384796, 59821072.30571544, 59821650.307576485, 59822229.30944074, 59822809.31130821, NaN, NaN, NaN, NaN, NaN, NaN, NaN, NaN, NaN, NaN]	0.0	0.0	0.0
5053.100198753737	2.0	trials	11.0	0.0	0.0	0.0	0.0	0.0	True	20.0	0.0	0.005	[59823388.31317247, 59823968.315039955, 59824546.31690099, 59825126.31876846, 59825705.32063271, 59880764.49791095, 59881343.499775216, 59881923.50164269, 59882501.50350372, 59883080.50536797, NaN, NaN, NaN, NaN, NaN, NaN, NaN, NaN, NaN, NaN]	0.0	0.0	0.0
5060.3244716143245	2.0	trials	11.0	0.0	0.0	0.0	0.0	0.0	True	20.0	0.0	0.005	[59883660.50723546, 59884239.50909971, 59884819.51096719, 59885398.51283144, 59885977.51469571, 59949678.719799325, 59950257.72166358, 59950837.72353105, 59951416.72539532, 59951996.727262795, NaN, NaN, NaN, NaN, NaN, NaN, NaN, NaN, NaN, NaN]	0.0	0.0	0.0
5068.40678563762	2.0	trials	11.0	0.0	0.0	0.0	0.0	0.0	True	20.0	0.0	0.005	[59952575.72912706, 59953154.7309913, 59953733.732855566, 59954313.73472305, 59954892.73658729, 60033475.98960779, 60034054.99147205, 60034634.99333953, 60035213.99520377, 60035792.99706804, NaN, NaN, NaN, NaN, NaN, NaN, NaN, NaN, NaN, NaN]	0.0	0.0	0.0
5076.825196743074	2.0	trials	11.0	0.0	0.0	0.0	0.0	0.0	True	20.0	0.0	0.005	[60036371.998932295, 60036952.00079977, 60037531.00266402, 60038110.00452828, 60038690.006395765, 60111597.241140746, 60112177.243008226, 60112755.244869255, 60113335.246736735, 60113915.248604216, NaN, NaN, NaN, NaN, NaN, NaN, NaN, NaN, NaN, NaN]	0.0	0.0	0.0
5083.877187448951	2.0	trials	11.0	0.0	0.0	0.0	0.0	0.0	True	20.0	0.0	0.005	[60114494.25046847, 60115073.25233272, 60115652.25419698, 60116231.25606123, 60116811.257928714, 60185379.478703044, 60185959.480570525, 60186538.482434765, 60187118.484302245, 60187698.48616972, NaN, NaN, NaN, NaN, NaN, NaN, NaN, NaN, NaN, NaN]	0.0	0.0	0.0
5089.738495921091	2.0	trials	11.0	0.0	0.0	0.0	0.0	0.0	True	20.0	0.0	0.005	[60188277.48803399, 60188856.48989824, 60189434.49175927, 60190014.49362676, 60190594.49549423, 60262924.72838139, 60263503.73024566, 60264083.73211314, 60264662.733977385, 60265242.735844865, NaN, NaN, NaN, NaN, NaN, NaN, NaN, NaN, NaN, NaN]	0.0	0.0	0.0
5096.312261087187	2.0	trials	11.0	0.0	0.0	0.0	0.0	0.0	True	20.0	0.0	0.005	[60265820.7377059, 60266400.739573374, 60266979.74143763, 60267559.74330511, 60268138.745169364, 60343576.988063626, 60344155.98992789, 60344735.99179536, 60345314.993659616, 60345893.99552387, NaN, NaN, NaN, NaN, NaN, NaN, NaN, NaN, NaN, NaN]	0.0	0.0	0.0
5105.054759636132	2.0	trials	11.0	0.0	0.0	0.0	0.0	0.0	True	20.0	0.0	0.005	[60346473.997391365, 60347052.999255605, 60347632.00111986, 60348212.00298734, 60348791.004851595, 60409244.199497364, 60409822.20135839, 60410401.203222655, 60410981.20509012, 60411560.20695439, NaN, NaN, NaN, NaN, NaN, NaN, NaN, NaN, NaN, NaN]	0.0	0.0	0.0
5112.501254012225	2.0	trials	11.0	0.0	0.0	0.0	0.0	0.0	True	20.0	0.0	0.005	[60412140.20882187, 60412719.21068611, 60413298.21255037, 60413877.214414634, 60414456.21627889, 60493417.47051646, 60493997.47238393, 60494575.47424498, 60495155.476112455, 60495733.47797348, NaN, NaN, NaN, NaN, NaN, NaN, NaN, NaN, NaN, NaN]	0.0	0.0	0.0
5118.146561788889	2.0	trials	11.0	0.0	0.0	0.0	0.0	0.0	True	20.0	0.0	0.005	[60496313.47984097, 60496893.481708445, 60497472.4835727, 60498051.48543695, 60498631.48730443, 60577226.74036356, 60577806.742231034, 60578385.744095296, 60578965.74596277, 60579544.74782702, NaN, NaN, NaN, NaN, NaN, NaN, NaN, NaN, NaN, NaN]	0.0	0.0	0.0
5124.981601396232	2.0	trials	11.0	0.0	0.0	0.0	0.0	0.0	True	20.0	0.0	0.005	[60580124.749694504, 60580703.751558766, 60581282.75342301, 60581861.75528727, 60582441.75715475, 60640424.94384764, 60641004.94571512, 60641583.94757936, 60642163.94944684, 60642742.95131111, NaN, NaN, NaN, NaN, NaN, NaN, NaN, NaN, NaN, NaN]	0.0	0.0	0.0
5153.749178821579	2.0	trials	12.0	0.0	0.0	0.0	0.0	0.0	True	1.0	0.0	1.0	[60643322.95317858, NaN, NaN, NaN, NaN, NaN, NaN, NaN, NaN, NaN, NaN, NaN, NaN, NaN, NaN, NaN, NaN, NaN, NaN, NaN]	0.0	0.0	0.0
5161.027365455759	2.0	trials	12.0	0.0	0.0	0.0	0.0	0.0	True	1.0	0.0	1.0	[60643901.95504283, NaN, NaN, NaN, NaN, NaN, NaN, NaN, NaN, NaN, NaN, NaN, NaN, NaN, NaN, NaN, NaN, NaN, NaN, NaN]	0.0	0.0	0.0
5167.789656028865	2.0	trials	12.0	0.0	0.0	0.0	0.0	0.0	True	1.0	0.0	1.0	[60644480.95690709, NaN, NaN, NaN, NaN, NaN, NaN, NaN, NaN, NaN, NaN, NaN, NaN, NaN, NaN, NaN, NaN, NaN, NaN, NaN]	0.0	0.0	0.0
5172.997173595939	2.0	trials	12.0	0.0	0.0	0.0	0.0	0.0	True	1.0	0.0	1.0	[60645059.958771355, NaN, NaN, NaN, NaN, NaN, NaN, NaN, NaN, NaN, NaN, NaN, NaN, NaN, NaN, NaN, NaN, NaN, NaN, NaN]	0.0	0.0	0.0
5178.951448767411	2.0	trials	12.0	0.0	0.0	0.0	0.0	0.0	True	1.0	0.0	1.0	[60645639.96063883, NaN, NaN, NaN, NaN, NaN, NaN, NaN, NaN, NaN, NaN, NaN, NaN, NaN, NaN, NaN, NaN, NaN, NaN, NaN]	0.0	0.0	0.0
5186.191446478631	2.0	trials	12.0	0.0	0.0	0.0	0.0	0.0	True	1.0	0.0	1.0	[60713687.179735646, NaN, NaN, NaN, NaN, NaN, NaN, NaN, NaN, NaN, NaN, NaN, NaN, NaN, NaN, NaN, NaN, NaN, NaN, NaN]	0.0	0.0	0.0
5192.941209011399	2.0	trials	12.0	0.0	0.0	0.0	0.0	0.0	True	1.0	0.0	1.0	[60714267.181603126, NaN, NaN, NaN, NaN, NaN, NaN, NaN, NaN, NaN, NaN, NaN, NaN, NaN, NaN, NaN, NaN, NaN, NaN, NaN]	0.0	0.0	0.0
5199.315994336823	2.0	trials	12.0	0.0	0.0	0.0	0.0	0.0	True	1.0	0.0	1.0	[60714846.18346737, NaN, NaN, NaN, NaN, NaN, NaN, NaN, NaN, NaN, NaN, NaN, NaN, NaN, NaN, NaN, NaN, NaN, NaN, NaN]	0.0	0.0	0.0
5206.015817508797	2.0	trials	12.0	0.0	0.0	0.0	0.0	0.0	True	1.0	0.0	1.0	[60715425.185331635, NaN, NaN, NaN, NaN, NaN, NaN, NaN, NaN, NaN, NaN, NaN, NaN, NaN, NaN, NaN, NaN, NaN, NaN, NaN]	0.0	0.0	0.0
5212.984172745387	2.0	trials	12.0	0.0	0.0	0.0	0.0	0.0	True	1.0	0.0	1.0	[60716004.1871959, NaN, NaN, NaN, NaN, NaN, NaN, NaN, NaN, NaN, NaN, NaN, NaN, NaN, NaN, NaN, NaN, NaN, NaN, NaN]	0.0	0.0	0.0
5218.657819813298	2.0	trials	12.0	0.0	0.0	0.0	0.0	0.0	True	1.0	0.0	1.0	[60716583.18906015, NaN, NaN, NaN, NaN, NaN, NaN, NaN, NaN, NaN, NaN, NaN, NaN, NaN, NaN, NaN, NaN, NaN, NaN, NaN]	0.0	0.0	0.0
5225.930390429394	2.0	trials	12.0	0.0	0.0	0.0	0.0	0.0	True	1.0	0.0	1.0	[60717163.19092762, NaN, NaN, NaN, NaN, NaN, NaN, NaN, NaN, NaN, NaN, NaN, NaN, NaN, NaN, NaN, NaN, NaN, NaN, NaN]	0.0	0.0	0.0
5233.171597744508	2.0	trials	12.0	0.0	0.0	0.0	0.0	0.0	True	1.0	0.0	1.0	[60717743.1927951, NaN, NaN, NaN, NaN, NaN, NaN, NaN, NaN, NaN, NaN, NaN, NaN, NaN, NaN, NaN, NaN, NaN, NaN, NaN]	0.0	0.0	0.0
5238.6319225255675	2.0	trials	12.0	0.0	0.0	0.0	0.0	0.0	True	1.0	0.0	1.0	[60718322.19465937, NaN, NaN, NaN, NaN, NaN, NaN, NaN, NaN, NaN, NaN, NaN, NaN, NaN, NaN, NaN, NaN, NaN, NaN, NaN]	0.0	0.0	0.0
5244.961779706332	2.0	trials	12.0	0.0	0.0	0.0	0.0	0.0	True	1.0	0.0	1.0	[60718900.196520396, NaN, NaN, NaN, NaN, NaN, NaN, NaN, NaN, NaN, NaN, NaN, NaN, NaN, NaN, NaN, NaN, NaN, NaN, NaN]	0.0	0.0	0.0
5250.461935015637	2.0	trials	12.0	0.0	0.0	0.0	0.0	0.0	True	1.0	0.0	1.0	[60777346.38470405, NaN, NaN, NaN, NaN, NaN, NaN, NaN, NaN, NaN, NaN, NaN, NaN, NaN, NaN, NaN, NaN, NaN, NaN, NaN]	0.0	0.0	0.0
5256.334648324497	2.0	trials	12.0	0.0	0.0	0.0	0.0	0.0	True	1.0	0.0	1.0	[60777925.38656831, NaN, NaN, NaN, NaN, NaN, NaN, NaN, NaN, NaN, NaN, NaN, NaN, NaN, NaN, NaN, NaN, NaN, NaN, NaN]	0.0	0.0	0.0
5263.148087862292	2.0	trials	12.0	0.0	0.0	0.0	0.0	0.0	True	1.0	0.0	1.0	[60778506.388439, NaN, NaN, NaN, NaN, NaN, NaN, NaN, NaN, NaN, NaN, NaN, NaN, NaN, NaN, NaN, NaN, NaN, NaN, NaN]	0.0	0.0	0.0
5269.713385801125	2.0	trials	12.0	0.0	0.0	0.0	0.0	0.0	True	1.0	0.0	1.0	[60779084.39030003, NaN, NaN, NaN, NaN, NaN, NaN, NaN, NaN, NaN, NaN, NaN, NaN, NaN, NaN, NaN, NaN, NaN, NaN, NaN]	0.0	0.0	0.0
5277.14596973243	2.0	trials	12.0	0.0	0.0	0.0	0.0	0.0	True	1.0	0.0	1.0	[60779663.3921643, NaN, NaN, NaN, NaN, NaN, NaN, NaN, NaN, NaN, NaN, NaN, NaN, NaN, NaN, NaN, NaN, NaN, NaN, NaN]	0.0	0.0	0.0
5285.02420629864	2.0	trials	12.0	0.0	0.0	0.0	0.0	0.0	True	1.0	0.0	1.0	[60780244.39403499, NaN, NaN, NaN, NaN, NaN, NaN, NaN, NaN, NaN, NaN, NaN, NaN, NaN, NaN, NaN, NaN, NaN, NaN, NaN]	0.0	0.0	0.0
5293.114296346971	2.0	trials	12.0	0.0	0.0	0.0	0.0	0.0	True	1.0	0.0	1.0	[60780822.395896025, NaN, NaN, NaN, NaN, NaN, NaN, NaN, NaN, NaN, NaN, NaN, NaN, NaN, NaN, NaN, NaN, NaN, NaN, NaN]	0.0	0.0	0.0
5300.408121431503	2.0	trials	12.0	0.0	0.0	0.0	0.0	0.0	True	1.0	0.0	1.0	[60781402.39776349, NaN, NaN, NaN, NaN, NaN, NaN, NaN, NaN, NaN, NaN, NaN, NaN, NaN, NaN, NaN, NaN, NaN, NaN, NaN]	0.0	0.0	0.0
5309.348303816948	2.0	trials	12.0	0.0	0.0	0.0	0.0	0.0	True	1.0	0.0	1.0	[60781981.39962776, NaN, NaN, NaN, NaN, NaN, NaN, NaN, NaN, NaN, NaN, NaN, NaN, NaN, NaN, NaN, NaN, NaN, NaN, NaN]	0.0	0.0	0.0
5317.802311837016	2.0	trials	12.0	0.0	0.0	0.0	0.0	0.0	True	1.0	0.0	1.0	[60782560.401492015, NaN, NaN, NaN, NaN, NaN, NaN, NaN, NaN, NaN, NaN, NaN, NaN, NaN, NaN, NaN, NaN, NaN, NaN, NaN]	0.0	0.0	0.0
5324.236972555225	2.0	trials	12.0	0.0	0.0	0.0	0.0	0.0	True	1.0	0.0	1.0	[60845317.60355617, NaN, NaN, NaN, NaN, NaN, NaN, NaN, NaN, NaN, NaN, NaN, NaN, NaN, NaN, NaN, NaN, NaN, NaN, NaN]	0.0	0.0	0.0
5330.054994487991	2.0	trials	12.0	0.0	0.0	0.0	0.0	0.0	True	1.0	0.0	1.0	[60845896.605420426, NaN, NaN, NaN, NaN, NaN, NaN, NaN, NaN, NaN, NaN, NaN, NaN, NaN, NaN, NaN, NaN, NaN, NaN, NaN]	0.0	0.0	0.0
5336.615194810411	2.0	trials	12.0	0.0	0.0	0.0	0.0	0.0	True	1.0	0.0	1.0	[60846475.60728468, NaN, NaN, NaN, NaN, NaN, NaN, NaN, NaN, NaN, NaN, NaN, NaN, NaN, NaN, NaN, NaN, NaN, NaN, NaN]	0.0	0.0	0.0
5341.954213600891	2.0	trials	12.0	0.0	0.0	0.0	0.0	0.0	True	1.0	0.0	1.0	[60847055.609152146, NaN, NaN, NaN, NaN, NaN, NaN, NaN, NaN, NaN, NaN, NaN, NaN, NaN, NaN, NaN, NaN, NaN, NaN, NaN]	0.0	0.0	0.0
5349.530653995383	2.0	trials	12.0	0.0	0.0	0.0	0.0	0.0	True	1.0	0.0	1.0	[60847634.611016415, NaN, NaN, NaN, NaN, NaN, NaN, NaN, NaN, NaN, NaN, NaN, NaN, NaN, NaN, NaN, NaN, NaN, NaN, NaN]	0.0	0.0	0.0
