onset	duration	nwb_table	Block	sound	sound_puretone	sound_freq	sound_amp	optogenetics	opto_freq	opto_power	opto_pulse_duration	opto_pulse_ts
97.30759109554178	2.0	trials	1.0	1.0	1.0	10000.0	1.0	False	0.0	0.0	0.0	"[nan nan nan nan nan nan nan nan nan nan nan nan nan nan nan nan nan nan
 nan nan]"
122.04762102094084	2.0	trials	1.0	1.0	1.0	10000.0	1.0	False	0.0	0.0	0.0	"[nan nan nan nan nan nan nan nan nan nan nan nan nan nan nan nan nan nan
 nan nan]"
131.33383707150963	2.0	trials	1.0	1.0	1.0	10000.0	0.3	False	0.0	0.0	0.0	"[nan nan nan nan nan nan nan nan nan nan nan nan nan nan nan nan nan nan
 nan nan]"
144.28774514886172	2.0	trials	1.0	1.0	1.0	10000.0	1.0	False	0.0	0.0	0.0	"[nan nan nan nan nan nan nan nan nan nan nan nan nan nan nan nan nan nan
 nan nan]"
149.43167241638992	2.0	trials	1.0	1.0	1.0	10000.0	3.0	False	0.0	0.0	0.0	"[nan nan nan nan nan nan nan nan nan nan nan nan nan nan nan nan nan nan
 nan nan]"
159.9838254181113	2.0	trials	1.0	1.0	1.0	10000.0	3.0	False	0.0	0.0	0.0	"[nan nan nan nan nan nan nan nan nan nan nan nan nan nan nan nan nan nan
 nan nan]"
183.2172072030381	2.0	trials	1.0	1.0	1.0	10000.0	3.0	False	0.0	0.0	0.0	"[nan nan nan nan nan nan nan nan nan nan nan nan nan nan nan nan nan nan
 nan nan]"
212.14816927098494	2.0	trials	1.0	1.0	1.0	10000.0	2.0	False	0.0	0.0	0.0	"[nan nan nan nan nan nan nan nan nan nan nan nan nan nan nan nan nan nan
 nan nan]"
221.3882475702627	2.0	trials	1.0	1.0	1.0	10000.0	0.5	False	0.0	0.0	0.0	"[nan nan nan nan nan nan nan nan nan nan nan nan nan nan nan nan nan nan
 nan nan]"
237.97848437155423	2.0	trials	1.0	1.0	1.0	10000.0	3.0	False	0.0	0.0	0.0	"[nan nan nan nan nan nan nan nan nan nan nan nan nan nan nan nan nan nan
 nan nan]"
250.53616074961707	2.0	trials	1.0	1.0	1.0	10000.0	1.0	False	0.0	0.0	0.0	"[nan nan nan nan nan nan nan nan nan nan nan nan nan nan nan nan nan nan
 nan nan]"
254.97644410981613	2.0000000000000284	trials	1.0	1.0	1.0	10000.0	2.0	False	0.0	0.0	0.0	"[nan nan nan nan nan nan nan nan nan nan nan nan nan nan nan nan nan nan
 nan nan]"
261.1330690980964	2.0	trials	1.0	1.0	1.0	10000.0	3.0	False	0.0	0.0	0.0	"[nan nan nan nan nan nan nan nan nan nan nan nan nan nan nan nan nan nan
 nan nan]"
286.71843939546363	2.0	trials	1.0	1.0	1.0	10000.0	0.5	False	0.0	0.0	0.0	"[nan nan nan nan nan nan nan nan nan nan nan nan nan nan nan nan nan nan
 nan nan]"
291.2054653089369	2.0	trials	1.0	1.0	1.0	10000.0	2.0	False	0.0	0.0	0.0	"[nan nan nan nan nan nan nan nan nan nan nan nan nan nan nan nan nan nan
 nan nan]"
301.94985894103735	2.0	trials	1.0	1.0	1.0	10000.0	0.3	False	0.0	0.0	0.0	"[nan nan nan nan nan nan nan nan nan nan nan nan nan nan nan nan nan nan
 nan nan]"
309.12229206026916	2.0	trials	1.0	1.0	1.0	10000.0	0.5	False	0.0	0.0	0.0	"[nan nan nan nan nan nan nan nan nan nan nan nan nan nan nan nan nan nan
 nan nan]"
325.77093545308264	2.0	trials	1.0	1.0	1.0	10000.0	2.0	False	0.0	0.0	0.0	"[nan nan nan nan nan nan nan nan nan nan nan nan nan nan nan nan nan nan
 nan nan]"
336.94482489354925	2.0	trials	1.0	1.0	1.0	10000.0	0.5	False	0.0	0.0	0.0	"[nan nan nan nan nan nan nan nan nan nan nan nan nan nan nan nan nan nan
 nan nan]"
346.54908038700586	2.0	trials	1.0	1.0	1.0	10000.0	0.5	False	0.0	0.0	0.0	"[nan nan nan nan nan nan nan nan nan nan nan nan nan nan nan nan nan nan
 nan nan]"
362.66601643628985	2.0	trials	1.0	1.0	1.0	10000.0	2.0	False	0.0	0.0	0.0	"[nan nan nan nan nan nan nan nan nan nan nan nan nan nan nan nan nan nan
 nan nan]"
370.6755819005748	2.0	trials	1.0	1.0	1.0	10000.0	0.3	False	0.0	0.0	0.0	"[nan nan nan nan nan nan nan nan nan nan nan nan nan nan nan nan nan nan
 nan nan]"
376.6092077576154	2.0	trials	1.0	1.0	1.0	10000.0	0.3	False	0.0	0.0	0.0	"[nan nan nan nan nan nan nan nan nan nan nan nan nan nan nan nan nan nan
 nan nan]"
390.8615392926471	2.0	trials	1.0	1.0	1.0	10000.0	0.5	False	0.0	0.0	0.0	"[nan nan nan nan nan nan nan nan nan nan nan nan nan nan nan nan nan nan
 nan nan]"
404.1683061270635	2.0	trials	1.0	1.0	1.0	10000.0	1.0	False	0.0	0.0	0.0	"[nan nan nan nan nan nan nan nan nan nan nan nan nan nan nan nan nan nan
 nan nan]"
420.61356325295003	2.0	trials	1.0	1.0	1.0	10000.0	1.0	False	0.0	0.0	0.0	"[nan nan nan nan nan nan nan nan nan nan nan nan nan nan nan nan nan nan
 nan nan]"
433.4843542577517	2.0	trials	1.0	1.0	1.0	10000.0	1.0	False	0.0	0.0	0.0	"[nan nan nan nan nan nan nan nan nan nan nan nan nan nan nan nan nan nan
 nan nan]"
438.1886768837658	2.0	trials	1.0	1.0	1.0	10000.0	0.3	False	0.0	0.0	0.0	"[nan nan nan nan nan nan nan nan nan nan nan nan nan nan nan nan nan nan
 nan nan]"
464.8218234169117	2.0	trials	1.0	1.0	1.0	10000.0	1.0	False	0.0	0.0	0.0	"[nan nan nan nan nan nan nan nan nan nan nan nan nan nan nan nan nan nan
 nan nan]"
474.17007487090166	2.0	trials	1.0	1.0	1.0	10000.0	0.5	False	0.0	0.0	0.0	"[nan nan nan nan nan nan nan nan nan nan nan nan nan nan nan nan nan nan
 nan nan]"
481.1307408957248	2.0	trials	1.0	1.0	1.0	10000.0	3.0	False	0.0	0.0	0.0	"[nan nan nan nan nan nan nan nan nan nan nan nan nan nan nan nan nan nan
 nan nan]"
488.70657693776116	2.0	trials	1.0	1.0	1.0	10000.0	0.3	False	0.0	0.0	0.0	"[nan nan nan nan nan nan nan nan nan nan nan nan nan nan nan nan nan nan
 nan nan]"
497.81636360979775	2.0	trials	1.0	1.0	1.0	10000.0	0.3	False	0.0	0.0	0.0	"[nan nan nan nan nan nan nan nan nan nan nan nan nan nan nan nan nan nan
 nan nan]"
508.3584077783712	2.0	trials	1.0	1.0	1.0	10000.0	2.0	False	0.0	0.0	0.0	"[nan nan nan nan nan nan nan nan nan nan nan nan nan nan nan nan nan nan
 nan nan]"
541.8523416088262	2.0	trials	1.0	1.0	1.0	10000.0	3.0	False	0.0	0.0	0.0	"[nan nan nan nan nan nan nan nan nan nan nan nan nan nan nan nan nan nan
 nan nan]"
557.7349600897561	2.0	trials	1.0	1.0	1.0	10000.0	0.5	False	0.0	0.0	0.0	"[nan nan nan nan nan nan nan nan nan nan nan nan nan nan nan nan nan nan
 nan nan]"
564.911540422587	2.0	trials	1.0	1.0	1.0	10000.0	3.0	False	0.0	0.0	0.0	"[nan nan nan nan nan nan nan nan nan nan nan nan nan nan nan nan nan nan
 nan nan]"
578.403031062734	2.0	trials	1.0	1.0	1.0	10000.0	3.0	False	0.0	0.0	0.0	"[nan nan nan nan nan nan nan nan nan nan nan nan nan nan nan nan nan nan
 nan nan]"
594.6096506061006	2.0	trials	1.0	1.0	1.0	10000.0	2.0	False	0.0	0.0	0.0	"[nan nan nan nan nan nan nan nan nan nan nan nan nan nan nan nan nan nan
 nan nan]"
598.91134791186	2.0	trials	1.0	1.0	1.0	10000.0	3.0	False	0.0	0.0	0.0	"[nan nan nan nan nan nan nan nan nan nan nan nan nan nan nan nan nan nan
 nan nan]"
623.3317831892715	2.0	trials	1.0	1.0	1.0	10000.0	0.3	False	0.0	0.0	0.0	"[nan nan nan nan nan nan nan nan nan nan nan nan nan nan nan nan nan nan
 nan nan]"
645.6282403019148	2.0	trials	1.0	1.0	1.0	10000.0	1.0	False	0.0	0.0	0.0	"[nan nan nan nan nan nan nan nan nan nan nan nan nan nan nan nan nan nan
 nan nan]"
652.815793470727	2.0	trials	1.0	1.0	1.0	10000.0	2.0	False	0.0	0.0	0.0	"[nan nan nan nan nan nan nan nan nan nan nan nan nan nan nan nan nan nan
 nan nan]"
676.7379583142524	2.0	trials	1.0	1.0	1.0	10000.0	0.5	False	0.0	0.0	0.0	"[nan nan nan nan nan nan nan nan nan nan nan nan nan nan nan nan nan nan
 nan nan]"
687.7838025348441	2.0	trials	1.0	1.0	1.0	10000.0	0.3	False	0.0	0.0	0.0	"[nan nan nan nan nan nan nan nan nan nan nan nan nan nan nan nan nan nan
 nan nan]"
696.2825664032667	2.0	trials	1.0	1.0	1.0	10000.0	1.0	False	0.0	0.0	0.0	"[nan nan nan nan nan nan nan nan nan nan nan nan nan nan nan nan nan nan
 nan nan]"
702.7858293282127	2.0	trials	1.0	1.0	1.0	10000.0	2.0	False	0.0	0.0	0.0	"[nan nan nan nan nan nan nan nan nan nan nan nan nan nan nan nan nan nan
 nan nan]"
734.1584634026823	2.0	trials	1.0	1.0	1.0	10000.0	0.3	False	0.0	0.0	0.0	"[nan nan nan nan nan nan nan nan nan nan nan nan nan nan nan nan nan nan
 nan nan]"
743.4460618577842	2.0	trials	1.0	1.0	1.0	10000.0	1.0	False	0.0	0.0	0.0	"[nan nan nan nan nan nan nan nan nan nan nan nan nan nan nan nan nan nan
 nan nan]"
750.4487184202992	2.0	trials	1.0	1.0	1.0	10000.0	3.0	False	0.0	0.0	0.0	"[nan nan nan nan nan nan nan nan nan nan nan nan nan nan nan nan nan nan
 nan nan]"
774.1725082133302	2.0	trials	1.0	1.0	1.0	10000.0	0.5	False	0.0	0.0	0.0	"[nan nan nan nan nan nan nan nan nan nan nan nan nan nan nan nan nan nan
 nan nan]"
784.0368285595692	2.0	trials	1.0	1.0	1.0	10000.0	0.3	False	0.0	0.0	0.0	"[nan nan nan nan nan nan nan nan nan nan nan nan nan nan nan nan nan nan
 nan nan]"
793.1145607264954	2.0	trials	1.0	1.0	1.0	10000.0	3.0	False	0.0	0.0	0.0	"[nan nan nan nan nan nan nan nan nan nan nan nan nan nan nan nan nan nan
 nan nan]"
808.109502696632	2.0	trials	1.0	1.0	1.0	10000.0	1.0	False	0.0	0.0	0.0	"[nan nan nan nan nan nan nan nan nan nan nan nan nan nan nan nan nan nan
 nan nan]"
830.8134235453957	2.0	trials	1.0	1.0	1.0	10000.0	0.3	False	0.0	0.0	0.0	"[nan nan nan nan nan nan nan nan nan nan nan nan nan nan nan nan nan nan
 nan nan]"
846.79125513854	2.0	trials	1.0	1.0	1.0	10000.0	3.0	False	0.0	0.0	0.0	"[nan nan nan nan nan nan nan nan nan nan nan nan nan nan nan nan nan nan
 nan nan]"
853.9488274090415	2.0	trials	1.0	1.0	1.0	10000.0	0.3	False	0.0	0.0	0.0	"[nan nan nan nan nan nan nan nan nan nan nan nan nan nan nan nan nan nan
 nan nan]"
858.5454088817601	2.0	trials	1.0	1.0	1.0	10000.0	2.0	False	0.0	0.0	0.0	"[nan nan nan nan nan nan nan nan nan nan nan nan nan nan nan nan nan nan
 nan nan]"
876.6416026212572	2.0	trials	1.0	1.0	1.0	10000.0	3.0	False	0.0	0.0	0.0	"[nan nan nan nan nan nan nan nan nan nan nan nan nan nan nan nan nan nan
 nan nan]"
886.7449925514329	2.0	trials	1.0	1.0	1.0	10000.0	2.0	False	0.0	0.0	0.0	"[nan nan nan nan nan nan nan nan nan nan nan nan nan nan nan nan nan nan
 nan nan]"
896.8646257348722	2.0	trials	1.0	1.0	1.0	10000.0	2.0	False	0.0	0.0	0.0	"[nan nan nan nan nan nan nan nan nan nan nan nan nan nan nan nan nan nan
 nan nan]"
923.0231755117608	2.0	trials	1.0	1.0	1.0	10000.0	0.3	False	0.0	0.0	0.0	"[nan nan nan nan nan nan nan nan nan nan nan nan nan nan nan nan nan nan
 nan nan]"
935.5503525898132	2.0	trials	1.0	1.0	1.0	10000.0	3.0	False	0.0	0.0	0.0	"[nan nan nan nan nan nan nan nan nan nan nan nan nan nan nan nan nan nan
 nan nan]"
945.1197887690931	2.0	trials	1.0	1.0	1.0	10000.0	1.0	False	0.0	0.0	0.0	"[nan nan nan nan nan nan nan nan nan nan nan nan nan nan nan nan nan nan
 nan nan]"
974.1127862404612	2.0	trials	1.0	1.0	1.0	10000.0	0.5	False	0.0	0.0	0.0	"[nan nan nan nan nan nan nan nan nan nan nan nan nan nan nan nan nan nan
 nan nan]"
982.3708389195642	2.0	trials	1.0	1.0	1.0	10000.0	1.0	False	0.0	0.0	0.0	"[nan nan nan nan nan nan nan nan nan nan nan nan nan nan nan nan nan nan
 nan nan]"
987.3117255212989	2.0	trials	1.0	1.0	1.0	10000.0	3.0	False	0.0	0.0	0.0	"[nan nan nan nan nan nan nan nan nan nan nan nan nan nan nan nan nan nan
 nan nan]"
991.4815759947172	2.0	trials	1.0	1.0	1.0	10000.0	3.0	False	0.0	0.0	0.0	"[nan nan nan nan nan nan nan nan nan nan nan nan nan nan nan nan nan nan
 nan nan]"
1004.1691119986046	2.0	trials	1.0	1.0	1.0	10000.0	2.0	False	0.0	0.0	0.0	"[nan nan nan nan nan nan nan nan nan nan nan nan nan nan nan nan nan nan
 nan nan]"
1009.7242182144358	2.0	trials	1.0	1.0	1.0	10000.0	0.5	False	0.0	0.0	0.0	"[nan nan nan nan nan nan nan nan nan nan nan nan nan nan nan nan nan nan
 nan nan]"
1023.6668047337782	2.0	trials	1.0	1.0	1.0	10000.0	3.0	False	0.0	0.0	0.0	"[nan nan nan nan nan nan nan nan nan nan nan nan nan nan nan nan nan nan
 nan nan]"
1033.6088853350022	2.0	trials	1.0	1.0	1.0	10000.0	3.0	False	0.0	0.0	0.0	"[nan nan nan nan nan nan nan nan nan nan nan nan nan nan nan nan nan nan
 nan nan]"
1042.6626846234496	2.0	trials	1.0	1.0	1.0	10000.0	3.0	False	0.0	0.0	0.0	"[nan nan nan nan nan nan nan nan nan nan nan nan nan nan nan nan nan nan
 nan nan]"
1075.681589696231	2.0	trials	1.0	1.0	1.0	10000.0	0.3	False	0.0	0.0	0.0	"[nan nan nan nan nan nan nan nan nan nan nan nan nan nan nan nan nan nan
 nan nan]"
1087.8916777345116	2.0	trials	1.0	1.0	1.0	10000.0	2.0	False	0.0	0.0	0.0	"[nan nan nan nan nan nan nan nan nan nan nan nan nan nan nan nan nan nan
 nan nan]"
1094.725680943993	2.0	trials	1.0	1.0	1.0	10000.0	0.5	False	0.0	0.0	0.0	"[nan nan nan nan nan nan nan nan nan nan nan nan nan nan nan nan nan nan
 nan nan]"
1109.3953258474432	2.0	trials	1.0	1.0	1.0	10000.0	1.0	False	0.0	0.0	0.0	"[nan nan nan nan nan nan nan nan nan nan nan nan nan nan nan nan nan nan
 nan nan]"
1115.5033074762164	2.0	trials	1.0	1.0	1.0	10000.0	2.0	False	0.0	0.0	0.0	"[nan nan nan nan nan nan nan nan nan nan nan nan nan nan nan nan nan nan
 nan nan]"
1127.5574430031108	2.0	trials	1.0	1.0	1.0	10000.0	0.5	False	0.0	0.0	0.0	"[nan nan nan nan nan nan nan nan nan nan nan nan nan nan nan nan nan nan
 nan nan]"
1166.5542108779907	2.0	trials	1.0	1.0	1.0	10000.0	3.0	False	0.0	0.0	0.0	"[nan nan nan nan nan nan nan nan nan nan nan nan nan nan nan nan nan nan
 nan nan]"
1172.3423386579263	2.0	trials	1.0	1.0	1.0	10000.0	1.0	False	0.0	0.0	0.0	"[nan nan nan nan nan nan nan nan nan nan nan nan nan nan nan nan nan nan
 nan nan]"
1181.2521086740853	2.0	trials	1.0	1.0	1.0	10000.0	1.0	False	0.0	0.0	0.0	"[nan nan nan nan nan nan nan nan nan nan nan nan nan nan nan nan nan nan
 nan nan]"
1186.472068190932	2.0	trials	1.0	1.0	1.0	10000.0	0.3	False	0.0	0.0	0.0	"[nan nan nan nan nan nan nan nan nan nan nan nan nan nan nan nan nan nan
 nan nan]"
1198.3421711143626	2.0	trials	1.0	1.0	1.0	10000.0	3.0	False	0.0	0.0	0.0	"[nan nan nan nan nan nan nan nan nan nan nan nan nan nan nan nan nan nan
 nan nan]"
1207.7784644570522	2.0	trials	1.0	1.0	1.0	10000.0	0.3	False	0.0	0.0	0.0	"[nan nan nan nan nan nan nan nan nan nan nan nan nan nan nan nan nan nan
 nan nan]"
1227.9748762834058	2.0	trials	1.0	1.0	1.0	10000.0	0.5	False	0.0	0.0	0.0	"[nan nan nan nan nan nan nan nan nan nan nan nan nan nan nan nan nan nan
 nan nan]"
1233.914463759995	2.0	trials	1.0	1.0	1.0	10000.0	0.5	False	0.0	0.0	0.0	"[nan nan nan nan nan nan nan nan nan nan nan nan nan nan nan nan nan nan
 nan nan]"
1243.8745156201487	2.0	trials	1.0	1.0	1.0	10000.0	2.0	False	0.0	0.0	0.0	"[nan nan nan nan nan nan nan nan nan nan nan nan nan nan nan nan nan nan
 nan nan]"
1271.8404729237343	2.0	trials	1.0	1.0	1.0	10000.0	0.3	False	0.0	0.0	0.0	"[nan nan nan nan nan nan nan nan nan nan nan nan nan nan nan nan nan nan
 nan nan]"
1280.8351744183933	2.0	trials	1.0	1.0	1.0	10000.0	2.0	False	0.0	0.0	0.0	"[nan nan nan nan nan nan nan nan nan nan nan nan nan nan nan nan nan nan
 nan nan]"
1288.9229321390794	2.0	trials	1.0	1.0	1.0	10000.0	0.3	False	0.0	0.0	0.0	"[nan nan nan nan nan nan nan nan nan nan nan nan nan nan nan nan nan nan
 nan nan]"
1310.6020592274267	2.0	trials	1.0	1.0	1.0	10000.0	0.5	False	0.0	0.0	0.0	"[nan nan nan nan nan nan nan nan nan nan nan nan nan nan nan nan nan nan
 nan nan]"
1318.0352484017076	2.0	trials	1.0	1.0	1.0	10000.0	2.0	False	0.0	0.0	0.0	"[nan nan nan nan nan nan nan nan nan nan nan nan nan nan nan nan nan nan
 nan nan]"
1324.4792407322984	2.0	trials	1.0	1.0	1.0	10000.0	1.0	False	0.0	0.0	0.0	"[nan nan nan nan nan nan nan nan nan nan nan nan nan nan nan nan nan nan
 nan nan]"
1354.9292061812318	2.0	trials	1.0	1.0	1.0	10000.0	1.0	False	0.0	0.0	0.0	"[nan nan nan nan nan nan nan nan nan nan nan nan nan nan nan nan nan nan
 nan nan]"
1359.7239035035948	2.0	trials	1.0	1.0	1.0	10000.0	0.3	False	0.0	0.0	0.0	"[nan nan nan nan nan nan nan nan nan nan nan nan nan nan nan nan nan nan
 nan nan]"
1363.8581570602869	2.0	trials	1.0	1.0	1.0	10000.0	1.0	False	0.0	0.0	0.0	"[nan nan nan nan nan nan nan nan nan nan nan nan nan nan nan nan nan nan
 nan nan]"
1375.6612997641473	2.0	trials	1.0	1.0	1.0	10000.0	3.0	False	0.0	0.0	0.0	"[nan nan nan nan nan nan nan nan nan nan nan nan nan nan nan nan nan nan
 nan nan]"
1382.4342179733237	2.0	trials	1.0	1.0	1.0	10000.0	1.0	False	0.0	0.0	0.0	"[nan nan nan nan nan nan nan nan nan nan nan nan nan nan nan nan nan nan
 nan nan]"
1400.2072746532174	2.0	trials	1.0	1.0	1.0	10000.0	0.3	False	0.0	0.0	0.0	"[nan nan nan nan nan nan nan nan nan nan nan nan nan nan nan nan nan nan
 nan nan]"
1413.2613206589333	2.0	trials	1.0	1.0	1.0	10000.0	0.3	False	0.0	0.0	0.0	"[nan nan nan nan nan nan nan nan nan nan nan nan nan nan nan nan nan nan
 nan nan]"
1417.6247077669807	2.0	trials	1.0	1.0	1.0	10000.0	0.3	False	0.0	0.0	0.0	"[nan nan nan nan nan nan nan nan nan nan nan nan nan nan nan nan nan nan
 nan nan]"
1422.7200780752853	2.0	trials	1.0	1.0	1.0	10000.0	0.5	False	0.0	0.0	0.0	"[nan nan nan nan nan nan nan nan nan nan nan nan nan nan nan nan nan nan
 nan nan]"
1427.7908243028442	2.0	trials	1.0	1.0	1.0	10000.0	1.0	False	0.0	0.0	0.0	"[nan nan nan nan nan nan nan nan nan nan nan nan nan nan nan nan nan nan
 nan nan]"
1434.7603031565657	2.0	trials	1.0	1.0	1.0	10000.0	0.5	False	0.0	0.0	0.0	"[nan nan nan nan nan nan nan nan nan nan nan nan nan nan nan nan nan nan
 nan nan]"
1452.721366852956	2.0	trials	1.0	1.0	1.0	10000.0	2.0	False	0.0	0.0	0.0	"[nan nan nan nan nan nan nan nan nan nan nan nan nan nan nan nan nan nan
 nan nan]"
1457.1041940247496	2.0	trials	1.0	1.0	1.0	10000.0	2.0	False	0.0	0.0	0.0	"[nan nan nan nan nan nan nan nan nan nan nan nan nan nan nan nan nan nan
 nan nan]"
1473.2568997913268	2.0	trials	1.0	1.0	1.0	10000.0	3.0	False	0.0	0.0	0.0	"[nan nan nan nan nan nan nan nan nan nan nan nan nan nan nan nan nan nan
 nan nan]"
1478.9861889783242	2.0	trials	1.0	1.0	1.0	10000.0	2.0	False	0.0	0.0	0.0	"[nan nan nan nan nan nan nan nan nan nan nan nan nan nan nan nan nan nan
 nan nan]"
1485.7268798818234	2.0	trials	1.0	1.0	1.0	10000.0	0.3	False	0.0	0.0	0.0	"[nan nan nan nan nan nan nan nan nan nan nan nan nan nan nan nan nan nan
 nan nan]"
1511.4820267359078	2.0	trials	1.0	1.0	1.0	10000.0	2.0	False	0.0	0.0	0.0	"[nan nan nan nan nan nan nan nan nan nan nan nan nan nan nan nan nan nan
 nan nan]"
1518.1311333390915	2.0	trials	1.0	1.0	1.0	10000.0	2.0	False	0.0	0.0	0.0	"[nan nan nan nan nan nan nan nan nan nan nan nan nan nan nan nan nan nan
 nan nan]"
1523.7255516838316	2.0	trials	1.0	1.0	1.0	10000.0	2.0	False	0.0	0.0	0.0	"[nan nan nan nan nan nan nan nan nan nan nan nan nan nan nan nan nan nan
 nan nan]"
1529.286965120345	2.0	trials	1.0	1.0	1.0	10000.0	1.0	False	0.0	0.0	0.0	"[nan nan nan nan nan nan nan nan nan nan nan nan nan nan nan nan nan nan
 nan nan]"
1535.627277110956	2.0	trials	1.0	1.0	1.0	10000.0	0.3	False	0.0	0.0	0.0	"[nan nan nan nan nan nan nan nan nan nan nan nan nan nan nan nan nan nan
 nan nan]"
1542.2575484523773	2.0	trials	1.0	1.0	1.0	10000.0	3.0	False	0.0	0.0	0.0	"[nan nan nan nan nan nan nan nan nan nan nan nan nan nan nan nan nan nan
 nan nan]"
1565.5158135188992	2.0	trials	1.0	1.0	1.0	10000.0	0.3	False	0.0	0.0	0.0	"[nan nan nan nan nan nan nan nan nan nan nan nan nan nan nan nan nan nan
 nan nan]"
1571.7049250137063	2.0	trials	1.0	1.0	1.0	10000.0	3.0	False	0.0	0.0	0.0	"[nan nan nan nan nan nan nan nan nan nan nan nan nan nan nan nan nan nan
 nan nan]"
1576.0910353962663	2.0	trials	1.0	1.0	1.0	10000.0	0.5	False	0.0	0.0	0.0	"[nan nan nan nan nan nan nan nan nan nan nan nan nan nan nan nan nan nan
 nan nan]"
1587.678090991552	2.0	trials	1.0	1.0	1.0	10000.0	3.0	False	0.0	0.0	0.0	"[nan nan nan nan nan nan nan nan nan nan nan nan nan nan nan nan nan nan
 nan nan]"
1603.9874404717816	2.0	trials	1.0	1.0	1.0	10000.0	1.0	False	0.0	0.0	0.0	"[nan nan nan nan nan nan nan nan nan nan nan nan nan nan nan nan nan nan
 nan nan]"
1609.943444002201	2.0	trials	1.0	1.0	1.0	10000.0	3.0	False	0.0	0.0	0.0	"[nan nan nan nan nan nan nan nan nan nan nan nan nan nan nan nan nan nan
 nan nan]"
1627.1781405167503	2.0	trials	1.0	1.0	1.0	10000.0	0.3	False	0.0	0.0	0.0	"[nan nan nan nan nan nan nan nan nan nan nan nan nan nan nan nan nan nan
 nan nan]"
1644.4918932905334	2.0	trials	1.0	1.0	1.0	10000.0	1.0	False	0.0	0.0	0.0	"[nan nan nan nan nan nan nan nan nan nan nan nan nan nan nan nan nan nan
 nan nan]"
1658.057601774049	2.0	trials	1.0	1.0	1.0	10000.0	3.0	False	0.0	0.0	0.0	"[nan nan nan nan nan nan nan nan nan nan nan nan nan nan nan nan nan nan
 nan nan]"
1664.8855569636985	2.0	trials	1.0	1.0	1.0	10000.0	3.0	False	0.0	0.0	0.0	"[nan nan nan nan nan nan nan nan nan nan nan nan nan nan nan nan nan nan
 nan nan]"
1682.885932788998	2.0	trials	1.0	1.0	1.0	10000.0	0.3	False	0.0	0.0	0.0	"[nan nan nan nan nan nan nan nan nan nan nan nan nan nan nan nan nan nan
 nan nan]"
1692.1440687474887	2.0	trials	1.0	1.0	1.0	10000.0	1.0	False	0.0	0.0	0.0	"[nan nan nan nan nan nan nan nan nan nan nan nan nan nan nan nan nan nan
 nan nan]"
1696.8918507160113	2.0	trials	1.0	1.0	1.0	10000.0	0.5	False	0.0	0.0	0.0	"[nan nan nan nan nan nan nan nan nan nan nan nan nan nan nan nan nan nan
 nan nan]"
1701.072501224844	2.0	trials	1.0	1.0	1.0	10000.0	2.0	False	0.0	0.0	0.0	"[nan nan nan nan nan nan nan nan nan nan nan nan nan nan nan nan nan nan
 nan nan]"
1709.8759988925237	2.0	trials	1.0	1.0	1.0	10000.0	1.0	False	0.0	0.0	0.0	"[nan nan nan nan nan nan nan nan nan nan nan nan nan nan nan nan nan nan
 nan nan]"
1719.3844364717827	2.0	trials	1.0	1.0	1.0	10000.0	2.0	False	0.0	0.0	0.0	"[nan nan nan nan nan nan nan nan nan nan nan nan nan nan nan nan nan nan
 nan nan]"
1727.9586277875405	2.0	trials	1.0	1.0	1.0	10000.0	3.0	False	0.0	0.0	0.0	"[nan nan nan nan nan nan nan nan nan nan nan nan nan nan nan nan nan nan
 nan nan]"
1736.9888397986426	2.0	trials	1.0	1.0	1.0	10000.0	0.3	False	0.0	0.0	0.0	"[nan nan nan nan nan nan nan nan nan nan nan nan nan nan nan nan nan nan
 nan nan]"
1741.5790276503958	2.0	trials	1.0	1.0	1.0	10000.0	1.0	False	0.0	0.0	0.0	"[nan nan nan nan nan nan nan nan nan nan nan nan nan nan nan nan nan nan
 nan nan]"
1750.7708081912995	2.0	trials	1.0	1.0	1.0	10000.0	3.0	False	0.0	0.0	0.0	"[nan nan nan nan nan nan nan nan nan nan nan nan nan nan nan nan nan nan
 nan nan]"
1754.9044569460084	2.0	trials	1.0	1.0	1.0	10000.0	2.0	False	0.0	0.0	0.0	"[nan nan nan nan nan nan nan nan nan nan nan nan nan nan nan nan nan nan
 nan nan]"
1764.5767958627187	2.0	trials	1.0	1.0	1.0	10000.0	2.0	False	0.0	0.0	0.0	"[nan nan nan nan nan nan nan nan nan nan nan nan nan nan nan nan nan nan
 nan nan]"
1779.1146803341107	2.0	trials	1.0	1.0	1.0	10000.0	0.5	False	0.0	0.0	0.0	"[nan nan nan nan nan nan nan nan nan nan nan nan nan nan nan nan nan nan
 nan nan]"
1787.978226198696	2.0	trials	1.0	1.0	1.0	10000.0	3.0	False	0.0	0.0	0.0	"[nan nan nan nan nan nan nan nan nan nan nan nan nan nan nan nan nan nan
 nan nan]"
1797.2596902336822	2.0	trials	1.0	1.0	1.0	10000.0	1.0	False	0.0	0.0	0.0	"[nan nan nan nan nan nan nan nan nan nan nan nan nan nan nan nan nan nan
 nan nan]"
1801.521297807983	2.0	trials	1.0	1.0	1.0	10000.0	3.0	False	0.0	0.0	0.0	"[nan nan nan nan nan nan nan nan nan nan nan nan nan nan nan nan nan nan
 nan nan]"
1805.7447164570576	2.0	trials	1.0	1.0	1.0	10000.0	0.3	False	0.0	0.0	0.0	"[nan nan nan nan nan nan nan nan nan nan nan nan nan nan nan nan nan nan
 nan nan]"
1818.8892235594058	2.0	trials	1.0	1.0	1.0	10000.0	0.5	False	0.0	0.0	0.0	"[nan nan nan nan nan nan nan nan nan nan nan nan nan nan nan nan nan nan
 nan nan]"
1828.1435579054312	2.0	trials	1.0	1.0	1.0	10000.0	0.5	False	0.0	0.0	0.0	"[nan nan nan nan nan nan nan nan nan nan nan nan nan nan nan nan nan nan
 nan nan]"
1832.6302382177707	2.0	trials	1.0	1.0	1.0	10000.0	0.5	False	0.0	0.0	0.0	"[nan nan nan nan nan nan nan nan nan nan nan nan nan nan nan nan nan nan
 nan nan]"
1846.2632525219901	2.0	trials	1.0	1.0	1.0	10000.0	1.0	False	0.0	0.0	0.0	"[nan nan nan nan nan nan nan nan nan nan nan nan nan nan nan nan nan nan
 nan nan]"
1855.86733521488	2.0	trials	1.0	1.0	1.0	10000.0	0.5	False	0.0	0.0	0.0	"[nan nan nan nan nan nan nan nan nan nan nan nan nan nan nan nan nan nan
 nan nan]"
1860.0494545285294	2.0	trials	1.0	1.0	1.0	10000.0	0.3	False	0.0	0.0	0.0	"[nan nan nan nan nan nan nan nan nan nan nan nan nan nan nan nan nan nan
 nan nan]"
1878.7220245580309	2.0	trials	1.0	1.0	1.0	10000.0	2.0	False	0.0	0.0	0.0	"[nan nan nan nan nan nan nan nan nan nan nan nan nan nan nan nan nan nan
 nan nan]"
1887.4637460231395	2.0	trials	1.0	1.0	1.0	10000.0	2.0	False	0.0	0.0	0.0	"[nan nan nan nan nan nan nan nan nan nan nan nan nan nan nan nan nan nan
 nan nan]"
1891.8718884779448	2.0	trials	1.0	1.0	1.0	10000.0	0.5	False	0.0	0.0	0.0	"[nan nan nan nan nan nan nan nan nan nan nan nan nan nan nan nan nan nan
 nan nan]"
1896.286338153432	2.0	trials	1.0	1.0	1.0	10000.0	0.3	False	0.0	0.0	0.0	"[nan nan nan nan nan nan nan nan nan nan nan nan nan nan nan nan nan nan
 nan nan]"
1910.5526665343612	2.0	trials	1.0	1.0	1.0	10000.0	0.5	False	0.0	0.0	0.0	"[nan nan nan nan nan nan nan nan nan nan nan nan nan nan nan nan nan nan
 nan nan]"
1914.830171760792	2.0	trials	1.0	1.0	1.0	10000.0	1.0	False	0.0	0.0	0.0	"[nan nan nan nan nan nan nan nan nan nan nan nan nan nan nan nan nan nan
 nan nan]"
1928.6071289370166	2.0	trials	1.0	1.0	1.0	10000.0	1.0	False	0.0	0.0	0.0	"[nan nan nan nan nan nan nan nan nan nan nan nan nan nan nan nan nan nan
 nan nan]"
1933.6791711688256	2.0	trials	1.0	1.0	1.0	10000.0	0.3	False	0.0	0.0	0.0	"[nan nan nan nan nan nan nan nan nan nan nan nan nan nan nan nan nan nan
 nan nan]"
1938.2064596143239	2.0	trials	1.0	1.0	1.0	10000.0	3.0	False	0.0	0.0	0.0	"[nan nan nan nan nan nan nan nan nan nan nan nan nan nan nan nan nan nan
 nan nan]"
1943.3241211957238	2.0	trials	1.0	1.0	1.0	10000.0	0.3	False	0.0	0.0	0.0	"[nan nan nan nan nan nan nan nan nan nan nan nan nan nan nan nan nan nan
 nan nan]"
1957.4541099295798	2.0	trials	1.0	1.0	1.0	10000.0	2.0	False	0.0	0.0	0.0	"[nan nan nan nan nan nan nan nan nan nan nan nan nan nan nan nan nan nan
 nan nan]"
1961.9743999521297	2.0	trials	1.0	1.0	1.0	10000.0	0.5	False	0.0	0.0	0.0	"[nan nan nan nan nan nan nan nan nan nan nan nan nan nan nan nan nan nan
 nan nan]"
1971.8247234524717	2.0	trials	1.0	1.0	1.0	10000.0	1.0	False	0.0	0.0	0.0	"[nan nan nan nan nan nan nan nan nan nan nan nan nan nan nan nan nan nan
 nan nan]"
1975.960100212847	2.0	trials	1.0	1.0	1.0	10000.0	3.0	False	0.0	0.0	0.0	"[nan nan nan nan nan nan nan nan nan nan nan nan nan nan nan nan nan nan
 nan nan]"
1980.7894440488199	2.0	trials	1.0	1.0	1.0	10000.0	2.0	False	0.0	0.0	0.0	"[nan nan nan nan nan nan nan nan nan nan nan nan nan nan nan nan nan nan
 nan nan]"
1999.9423132532772	2.0	trials	1.0	1.0	1.0	10000.0	0.3	False	0.0	0.0	0.0	"[nan nan nan nan nan nan nan nan nan nan nan nan nan nan nan nan nan nan
 nan nan]"
2004.6807639912015	2.0	trials	1.0	1.0	1.0	10000.0	3.0	False	0.0	0.0	0.0	"[nan nan nan nan nan nan nan nan nan nan nan nan nan nan nan nan nan nan
 nan nan]"
2018.5047229215502	2.0	trials	1.0	1.0	1.0	10000.0	1.0	False	0.0	0.0	0.0	"[nan nan nan nan nan nan nan nan nan nan nan nan nan nan nan nan nan nan
 nan nan]"
2027.0548949585461	2.0	trials	1.0	1.0	1.0	10000.0	0.5	False	0.0	0.0	0.0	"[nan nan nan nan nan nan nan nan nan nan nan nan nan nan nan nan nan nan
 nan nan]"
2031.8677363404056	2.0	trials	1.0	1.0	1.0	10000.0	0.3	False	0.0	0.0	0.0	"[nan nan nan nan nan nan nan nan nan nan nan nan nan nan nan nan nan nan
 nan nan]"
2036.1576832076344	2.0	trials	1.0	1.0	1.0	10000.0	3.0	False	0.0	0.0	0.0	"[nan nan nan nan nan nan nan nan nan nan nan nan nan nan nan nan nan nan
 nan nan]"
2044.628712585112	2.0	trials	1.0	1.0	1.0	10000.0	1.0	False	0.0	0.0	0.0	"[nan nan nan nan nan nan nan nan nan nan nan nan nan nan nan nan nan nan
 nan nan]"
2049.122996122384	2.0	trials	1.0	1.0	1.0	10000.0	0.5	False	0.0	0.0	0.0	"[nan nan nan nan nan nan nan nan nan nan nan nan nan nan nan nan nan nan
 nan nan]"
2061.5613537091867	2.0	trials	1.0	1.0	1.0	10000.0	0.5	False	0.0	0.0	0.0	"[nan nan nan nan nan nan nan nan nan nan nan nan nan nan nan nan nan nan
 nan nan]"
2068.731108419636	2.0	trials	1.0	1.0	1.0	10000.0	1.0	False	0.0	0.0	0.0	"[nan nan nan nan nan nan nan nan nan nan nan nan nan nan nan nan nan nan
 nan nan]"
2075.7151025209546	2.0	trials	1.0	1.0	1.0	10000.0	0.5	False	0.0	0.0	0.0	"[nan nan nan nan nan nan nan nan nan nan nan nan nan nan nan nan nan nan
 nan nan]"
2086.5217907573265	2.0	trials	1.0	1.0	1.0	10000.0	3.0	False	0.0	0.0	0.0	"[nan nan nan nan nan nan nan nan nan nan nan nan nan nan nan nan nan nan
 nan nan]"
2094.513816964098	2.0	trials	1.0	1.0	1.0	10000.0	2.0	False	0.0	0.0	0.0	"[nan nan nan nan nan nan nan nan nan nan nan nan nan nan nan nan nan nan
 nan nan]"
2097.7801796748763	2.0	trials	1.0	1.0	1.0	10000.0	0.3	False	0.0	0.0	0.0	"[nan nan nan nan nan nan nan nan nan nan nan nan nan nan nan nan nan nan
 nan nan]"
2101.701456533194	2.0	trials	1.0	1.0	1.0	10000.0	3.0	False	0.0	0.0	0.0	"[nan nan nan nan nan nan nan nan nan nan nan nan nan nan nan nan nan nan
 nan nan]"
2111.856081831376	2.0	trials	1.0	1.0	1.0	10000.0	3.0	False	0.0	0.0	0.0	"[nan nan nan nan nan nan nan nan nan nan nan nan nan nan nan nan nan nan
 nan nan]"
2115.819694828518	2.0	trials	1.0	1.0	1.0	10000.0	1.0	False	0.0	0.0	0.0	"[nan nan nan nan nan nan nan nan nan nan nan nan nan nan nan nan nan nan
 nan nan]"
2119.9479867656614	2.0	trials	1.0	1.0	1.0	10000.0	3.0	False	0.0	0.0	0.0	"[nan nan nan nan nan nan nan nan nan nan nan nan nan nan nan nan nan nan
 nan nan]"
2134.785593819879	2.0	trials	1.0	1.0	1.0	10000.0	3.0	False	0.0	0.0	0.0	"[nan nan nan nan nan nan nan nan nan nan nan nan nan nan nan nan nan nan
 nan nan]"
2138.800960586728	2.0	trials	1.0	1.0	1.0	10000.0	1.0	False	0.0	0.0	0.0	"[nan nan nan nan nan nan nan nan nan nan nan nan nan nan nan nan nan nan
 nan nan]"
2146.2519482193716	2.0	trials	1.0	1.0	1.0	10000.0	1.0	False	0.0	0.0	0.0	"[nan nan nan nan nan nan nan nan nan nan nan nan nan nan nan nan nan nan
 nan nan]"
2156.8479925650176	2.0	trials	1.0	1.0	1.0	10000.0	0.3	False	0.0	0.0	0.0	"[nan nan nan nan nan nan nan nan nan nan nan nan nan nan nan nan nan nan
 nan nan]"
2160.293981464811	2.0	trials	1.0	1.0	1.0	10000.0	3.0	False	0.0	0.0	0.0	"[nan nan nan nan nan nan nan nan nan nan nan nan nan nan nan nan nan nan
 nan nan]"
2163.7899961286444	2.0	trials	1.0	1.0	1.0	10000.0	1.0	False	0.0	0.0	0.0	"[nan nan nan nan nan nan nan nan nan nan nan nan nan nan nan nan nan nan
 nan nan]"
2167.5162675475162	2.0	trials	1.0	1.0	1.0	10000.0	2.0	False	0.0	0.0	0.0	"[nan nan nan nan nan nan nan nan nan nan nan nan nan nan nan nan nan nan
 nan nan]"
2174.5899451429173	2.0	trials	1.0	1.0	1.0	10000.0	0.5	False	0.0	0.0	0.0	"[nan nan nan nan nan nan nan nan nan nan nan nan nan nan nan nan nan nan
 nan nan]"
2178.2747444257975	2.0	trials	1.0	1.0	1.0	10000.0	0.3	False	0.0	0.0	0.0	"[nan nan nan nan nan nan nan nan nan nan nan nan nan nan nan nan nan nan
 nan nan]"
2186.2802490767667	2.0	trials	1.0	1.0	1.0	10000.0	0.3	False	0.0	0.0	0.0	"[nan nan nan nan nan nan nan nan nan nan nan nan nan nan nan nan nan nan
 nan nan]"
2197.45146010845	2.0	trials	1.0	1.0	1.0	10000.0	0.3	False	0.0	0.0	0.0	"[nan nan nan nan nan nan nan nan nan nan nan nan nan nan nan nan nan nan
 nan nan]"
2204.6086867778185	2.0	trials	1.0	1.0	1.0	10000.0	0.3	False	0.0	0.0	0.0	"[nan nan nan nan nan nan nan nan nan nan nan nan nan nan nan nan nan nan
 nan nan]"
2207.9705218016616	2.0	trials	1.0	1.0	1.0	10000.0	0.3	False	0.0	0.0	0.0	"[nan nan nan nan nan nan nan nan nan nan nan nan nan nan nan nan nan nan
 nan nan]"
2214.7486240278367	2.0	trials	1.0	1.0	1.0	10000.0	2.0	False	0.0	0.0	0.0	"[nan nan nan nan nan nan nan nan nan nan nan nan nan nan nan nan nan nan
 nan nan]"
2218.508937158336	2.0	trials	1.0	1.0	1.0	10000.0	3.0	False	0.0	0.0	0.0	"[nan nan nan nan nan nan nan nan nan nan nan nan nan nan nan nan nan nan
 nan nan]"
2222.4525052897484	2.0	trials	1.0	1.0	1.0	10000.0	2.0	False	0.0	0.0	0.0	"[nan nan nan nan nan nan nan nan nan nan nan nan nan nan nan nan nan nan
 nan nan]"
2236.8887830279605	2.0	trials	1.0	1.0	1.0	10000.0	0.5	False	0.0	0.0	0.0	"[nan nan nan nan nan nan nan nan nan nan nan nan nan nan nan nan nan nan
 nan nan]"
2243.7466327156376	2.0	trials	1.0	1.0	1.0	10000.0	0.5	False	0.0	0.0	0.0	"[nan nan nan nan nan nan nan nan nan nan nan nan nan nan nan nan nan nan
 nan nan]"
2247.7926715830636	2.0	trials	1.0	1.0	1.0	10000.0	0.5	False	0.0	0.0	0.0	"[nan nan nan nan nan nan nan nan nan nan nan nan nan nan nan nan nan nan
 nan nan]"
2258.8309989790064	2.0	trials	1.0	1.0	1.0	10000.0	0.3	False	0.0	0.0	0.0	"[nan nan nan nan nan nan nan nan nan nan nan nan nan nan nan nan nan nan
 nan nan]"
2269.3221533807064	2.0	trials	1.0	1.0	1.0	10000.0	1.0	False	0.0	0.0	0.0	"[nan nan nan nan nan nan nan nan nan nan nan nan nan nan nan nan nan nan
 nan nan]"
2273.410873988091	2.0	trials	1.0	1.0	1.0	10000.0	1.0	False	0.0	0.0	0.0	"[nan nan nan nan nan nan nan nan nan nan nan nan nan nan nan nan nan nan
 nan nan]"
2276.6175341030976	2.0	trials	1.0	1.0	1.0	10000.0	0.5	False	0.0	0.0	0.0	"[nan nan nan nan nan nan nan nan nan nan nan nan nan nan nan nan nan nan
 nan nan]"
2280.676965014438	2.0	trials	1.0	1.0	1.0	10000.0	0.3	False	0.0	0.0	0.0	"[nan nan nan nan nan nan nan nan nan nan nan nan nan nan nan nan nan nan
 nan nan]"
2288.2491722445748	2.0	trials	1.0	1.0	1.0	10000.0	0.5	False	0.0	0.0	0.0	"[nan nan nan nan nan nan nan nan nan nan nan nan nan nan nan nan nan nan
 nan nan]"
2291.9942789252095	2.0	trials	1.0	1.0	1.0	10000.0	1.0	False	0.0	0.0	0.0	"[nan nan nan nan nan nan nan nan nan nan nan nan nan nan nan nan nan nan
 nan nan]"
2295.143828452944	2.0	trials	1.0	1.0	1.0	10000.0	3.0	False	0.0	0.0	0.0	"[nan nan nan nan nan nan nan nan nan nan nan nan nan nan nan nan nan nan
 nan nan]"
2302.583497648474	2.0	trials	1.0	1.0	1.0	10000.0	0.5	False	0.0	0.0	0.0	"[nan nan nan nan nan nan nan nan nan nan nan nan nan nan nan nan nan nan
 nan nan]"
2313.8931219340307	2.0	trials	1.0	1.0	1.0	10000.0	0.5	False	0.0	0.0	0.0	"[nan nan nan nan nan nan nan nan nan nan nan nan nan nan nan nan nan nan
 nan nan]"
2320.267648436835	2.0	trials	1.0	1.0	1.0	10000.0	1.0	False	0.0	0.0	0.0	"[nan nan nan nan nan nan nan nan nan nan nan nan nan nan nan nan nan nan
 nan nan]"
2323.5654608507407	2.0	trials	1.0	1.0	1.0	10000.0	0.3	False	0.0	0.0	0.0	"[nan nan nan nan nan nan nan nan nan nan nan nan nan nan nan nan nan nan
 nan nan]"
2337.425880700649	2.0	trials	1.0	1.0	1.0	10000.0	1.0	False	0.0	0.0	0.0	"[nan nan nan nan nan nan nan nan nan nan nan nan nan nan nan nan nan nan
 nan nan]"
2341.27769173118	2.0	trials	1.0	1.0	1.0	10000.0	1.0	False	0.0	0.0	0.0	"[nan nan nan nan nan nan nan nan nan nan nan nan nan nan nan nan nan nan
 nan nan]"
2345.3583771122153	2.0	trials	1.0	1.0	1.0	10000.0	0.5	False	0.0	0.0	0.0	"[nan nan nan nan nan nan nan nan nan nan nan nan nan nan nan nan nan nan
 nan nan]"
2362.833525615234	2.0	trials	1.0	1.0	1.0	10000.0	0.5	False	0.0	0.0	0.0	"[nan nan nan nan nan nan nan nan nan nan nan nan nan nan nan nan nan nan
 nan nan]"
2366.1136259710597	2.0	trials	1.0	1.0	1.0	10000.0	0.5	False	0.0	0.0	0.0	"[nan nan nan nan nan nan nan nan nan nan nan nan nan nan nan nan nan nan
 nan nan]"
2370.084842193134	2.0	trials	1.0	1.0	1.0	10000.0	1.0	False	0.0	0.0	0.0	"[nan nan nan nan nan nan nan nan nan nan nan nan nan nan nan nan nan nan
 nan nan]"
2373.950390868712	2.0	trials	1.0	1.0	1.0	10000.0	2.0	False	0.0	0.0	0.0	"[nan nan nan nan nan nan nan nan nan nan nan nan nan nan nan nan nan nan
 nan nan]"
2380.9500234213106	2.0	trials	1.0	1.0	1.0	10000.0	0.5	False	0.0	0.0	0.0	"[nan nan nan nan nan nan nan nan nan nan nan nan nan nan nan nan nan nan
 nan nan]"
2384.255611860715	2.0	trials	1.0	1.0	1.0	10000.0	1.0	False	0.0	0.0	0.0	"[nan nan nan nan nan nan nan nan nan nan nan nan nan nan nan nan nan nan
 nan nan]"
2395.621569130994	2.0	trials	1.0	1.0	1.0	10000.0	1.0	False	0.0	0.0	0.0	"[nan nan nan nan nan nan nan nan nan nan nan nan nan nan nan nan nan nan
 nan nan]"
2398.853976530429	2.0	trials	1.0	1.0	1.0	10000.0	2.0	False	0.0	0.0	0.0	"[nan nan nan nan nan nan nan nan nan nan nan nan nan nan nan nan nan nan
 nan nan]"
2402.5588206790385	2.0	trials	1.0	1.0	1.0	10000.0	0.3	False	0.0	0.0	0.0	"[nan nan nan nan nan nan nan nan nan nan nan nan nan nan nan nan nan nan
 nan nan]"
2412.7230364086686	2.0	trials	1.0	1.0	1.0	10000.0	3.0	False	0.0	0.0	0.0	"[nan nan nan nan nan nan nan nan nan nan nan nan nan nan nan nan nan nan
 nan nan]"
2416.688204610911	2.0	trials	1.0	1.0	1.0	10000.0	0.5	False	0.0	0.0	0.0	"[nan nan nan nan nan nan nan nan nan nan nan nan nan nan nan nan nan nan
 nan nan]"
2420.784787644077	2.0	trials	1.0	1.0	1.0	10000.0	0.5	False	0.0	0.0	0.0	"[nan nan nan nan nan nan nan nan nan nan nan nan nan nan nan nan nan nan
 nan nan]"
2434.7119085127056	2.0	trials	1.0	1.0	1.0	10000.0	0.3	False	0.0	0.0	0.0	"[nan nan nan nan nan nan nan nan nan nan nan nan nan nan nan nan nan nan
 nan nan]"
2437.9024981750154	2.0	trials	1.0	1.0	1.0	10000.0	1.0	False	0.0	0.0	0.0	"[nan nan nan nan nan nan nan nan nan nan nan nan nan nan nan nan nan nan
 nan nan]"
2441.1723168971266	2.0	trials	1.0	1.0	1.0	10000.0	0.5	False	0.0	0.0	0.0	"[nan nan nan nan nan nan nan nan nan nan nan nan nan nan nan nan nan nan
 nan nan]"
2445.2825511750566	2.0	trials	1.0	1.0	1.0	10000.0	0.3	False	0.0	0.0	0.0	"[nan nan nan nan nan nan nan nan nan nan nan nan nan nan nan nan nan nan
 nan nan]"
2448.6842167295085	2.0	trials	1.0	1.0	1.0	10000.0	0.5	False	0.0	0.0	0.0	"[nan nan nan nan nan nan nan nan nan nan nan nan nan nan nan nan nan nan
 nan nan]"
2452.6325368765038	2.0	trials	1.0	1.0	1.0	10000.0	2.0	False	0.0	0.0	0.0	"[nan nan nan nan nan nan nan nan nan nan nan nan nan nan nan nan nan nan
 nan nan]"
2467.2365175646332	2.0	trials	1.0	1.0	1.0	10000.0	0.3	False	0.0	0.0	0.0	"[nan nan nan nan nan nan nan nan nan nan nan nan nan nan nan nan nan nan
 nan nan]"
2474.8686001911087	2.0	trials	1.0	1.0	1.0	10000.0	2.0	False	0.0	0.0	0.0	"[nan nan nan nan nan nan nan nan nan nan nan nan nan nan nan nan nan nan
 nan nan]"
2478.582948370883	2.0	trials	1.0	1.0	1.0	10000.0	0.5	False	0.0	0.0	0.0	"[nan nan nan nan nan nan nan nan nan nan nan nan nan nan nan nan nan nan
 nan nan]"
2481.7208338603696	2.0	trials	1.0	1.0	1.0	10000.0	0.3	False	0.0	0.0	0.0	"[nan nan nan nan nan nan nan nan nan nan nan nan nan nan nan nan nan nan
 nan nan]"
2492.503589218263	2.0	trials	1.0	1.0	1.0	10000.0	0.3	False	0.0	0.0	0.0	"[nan nan nan nan nan nan nan nan nan nan nan nan nan nan nan nan nan nan
 nan nan]"
2496.246881492948	2.0	trials	1.0	1.0	1.0	10000.0	0.3	False	0.0	0.0	0.0	"[nan nan nan nan nan nan nan nan nan nan nan nan nan nan nan nan nan nan
 nan nan]"
2503.686723489044	2.0	trials	1.0	1.0	1.0	10000.0	3.0	False	0.0	0.0	0.0	"[nan nan nan nan nan nan nan nan nan nan nan nan nan nan nan nan nan nan
 nan nan]"
2511.286924410976	2.0	trials	1.0	1.0	1.0	10000.0	0.5	False	0.0	0.0	0.0	"[nan nan nan nan nan nan nan nan nan nan nan nan nan nan nan nan nan nan
 nan nan]"
2514.737838126918	2.0	trials	1.0	1.0	1.0	10000.0	0.3	False	0.0	0.0	0.0	"[nan nan nan nan nan nan nan nan nan nan nan nan nan nan nan nan nan nan
 nan nan]"
2525.6257426296074	2.0	trials	1.0	1.0	1.0	10000.0	0.5	False	0.0	0.0	0.0	"[nan nan nan nan nan nan nan nan nan nan nan nan nan nan nan nan nan nan
 nan nan]"
2532.541826108239	2.0	trials	1.0	1.0	1.0	10000.0	3.0	False	0.0	0.0	0.0	"[nan nan nan nan nan nan nan nan nan nan nan nan nan nan nan nan nan nan
 nan nan]"
2536.340587364814	2.0	trials	1.0	1.0	1.0	10000.0	0.3	False	0.0	0.0	0.0	"[nan nan nan nan nan nan nan nan nan nan nan nan nan nan nan nan nan nan
 nan nan]"
2546.505753497561	2.0	trials	1.0	1.0	1.0	10000.0	1.0	False	0.0	0.0	0.0	"[nan nan nan nan nan nan nan nan nan nan nan nan nan nan nan nan nan nan
 nan nan]"
2549.1013908089535	2.0	trials	1.0	1.0	1.0	10000.0	0.5	False	0.0	0.0	0.0	"[nan nan nan nan nan nan nan nan nan nan nan nan nan nan nan nan nan nan
 nan nan]"
2551.81306370084	2.0	trials	1.0	1.0	1.0	10000.0	1.0	False	0.0	0.0	0.0	"[nan nan nan nan nan nan nan nan nan nan nan nan nan nan nan nan nan nan
 nan nan]"
2591.9986994741544	2.0	trials	1.0	1.0	1.0	10000.0	0.5	False	0.0	0.0	0.0	"[nan nan nan nan nan nan nan nan nan nan nan nan nan nan nan nan nan nan
 nan nan]"
2591.9989586750044	2.0	trials	2.0	0.0	0.0	0.0	0.0	True	40.0	1.86	0.2	"[29999987.94743536 29999987.94743536 29999987.94743536 29999987.94743536
 29999987.94743536 29999987.94743536 29999987.94743536 29999987.94743536
 29999987.94743536 29999987.94743536 29999987.94743536 29999987.94743536
 29999987.94743536 29999987.94743536 29999987.94743536 29999987.94743536
 29999987.94743536 29999987.94743536 29999987.94743536 29999987.94743536]"
2633.370438336837	2.0	trials	2.0	0.0	0.0	0.0	0.0	True	40.0	1.86	0.005	"[30478824.5175924 30478824.5175924 30478824.5175924 30478824.5175924
 30478824.5175924 30478824.5175924 30478824.5175924 30478824.5175924
 30478824.5175924 30478824.5175924 30478824.5175924 30478824.5175924
 30478824.5175924 30478824.5175924 30478824.5175924 30478824.5175924
 30478824.5175924 30478824.5175924 30478824.5175924 30478824.5175924]"
2636.890126678299	2.0	trials	2.0	0.0	0.0	0.0	0.0	True	40.0	1.86	0.005	"[30519561.65117388 30519561.65117388 30519561.65117388 30519561.65117388
 30519561.65117388 30519561.65117388 30519561.65117388 30519561.65117388
 30519561.65117388 30519561.65117388 30519561.65117388 30519561.65117388
 30519561.65117388 30519561.65117388 30519561.65117388 30519561.65117388
 30519561.65117388 30519561.65117388 30519561.65117388 30519561.65117388]"
2640.975909676051	2.0	trials	2.0	0.0	0.0	0.0	0.0	True	40.0	1.86	0.005	"[30566850.80624015 30566850.80624015 30566850.80624015 30566850.80624015
 30566850.80624015 30566850.80624015 30566850.80624015 30566850.80624015
 30566850.80624015 30566850.80624015 30566850.80624015 30566850.80624015
 30566850.80624015 30566850.80624015 30566850.80624015 30566850.80624015
 30566850.80624015 30566850.80624015 30566850.80624015 30566850.80624015]"
2644.180150583125	2.0	trials	2.0	0.0	0.0	0.0	0.0	True	40.0	1.86	0.005	"[30603936.92784956 30603936.92784956 30603936.92784956 30603936.92784956
 30603936.92784956 30603936.92784956 30603936.92784956 30603936.92784956
 30603936.92784956 30603936.92784956 30603936.92784956 30603936.92784956
 30603936.92784956 30603936.92784956 30603936.92784956 30603936.92784956
 30603936.92784956 30603936.92784956 30603936.92784956 30603936.92784956]"
2646.6764275687037	2.0	trials	2.0	0.0	0.0	0.0	0.0	True	40.0	1.86	0.005	"[30632829.02258987 30632829.02258987 30632829.02258987 30632829.02258987
 30632829.02258987 30632829.02258987 30632829.02258987 30632829.02258987
 30632829.02258987 30632829.02258987 30632829.02258987 30632829.02258987
 30632829.02258987 30632829.02258987 30632829.02258987 30632829.02258987
 30632829.02258987 30632829.02258987 30632829.02258987 30632829.02258987]"
2650.072563505023	2.0	trials	2.0	0.0	0.0	0.0	0.0	True	40.0	1.86	0.005	"[30672136.15148221 30672136.15148221 30672136.15148221 30672136.15148221
 30672136.15148221 30672136.15148221 30672136.15148221 30672136.15148221
 30672136.15148221 30672136.15148221 30672136.15148221 30672136.15148221
 30672136.15148221 30672136.15148221 30672136.15148221 30672136.15148221
 30672136.15148221 30672136.15148221 30672136.15148221 30672136.15148221]"
2653.948134613466	2.0	trials	2.0	0.0	0.0	0.0	0.0	True	40.0	1.86	0.005	"[30716992.29857038 30716992.29857038 30716992.29857038 30716992.29857038
 30716992.29857038 30716992.29857038 30716992.29857038 30716992.29857038
 30716992.29857038 30716992.29857038 30716992.29857038 30716992.29857038
 30716992.29857038 30716992.29857038 30716992.29857038 30716992.29857038
 30716992.29857038 30716992.29857038 30716992.29857038 30716992.29857038]"
2656.4863157364534	2.0	trials	2.0	0.0	0.0	0.0	0.0	True	40.0	1.86	0.005	"[30746369.39490106 30746369.39490106 30746369.39490106 30746369.39490106
 30746369.39490106 30746369.39490106 30746369.39490106 30746369.39490106
 30746369.39490106 30746369.39490106 30746369.39490106 30746369.39490106
 30746369.39490106 30746369.39490106 30746369.39490106 30746369.39490106
 30746369.39490106 30746369.39490106 30746369.39490106 30746369.39490106]"
2659.231425537984	2.0	trials	2.0	0.0	0.0	0.0	0.0	True	40.0	1.86	0.005	"[30778141.49908524 30778141.49908524 30778141.49908524 30778141.49908524
 30778141.49908524 30778141.49908524 30778141.49908524 30778141.49908524
 30778141.49908524 30778141.49908524 30778141.49908524 30778141.49908524
 30778141.49908524 30778141.49908524 30778141.49908524 30778141.49908524
 30778141.49908524 30778141.49908524 30778141.49908524 30778141.49908524]"
2661.460034445848	2.0	trials	2.0	0.0	0.0	0.0	0.0	True	40.0	1.86	0.005	"[30803935.58366684 30803935.58366684 30803935.58366684 30803935.58366684
 30803935.58366684 30803935.58366684 30803935.58366684 30803935.58366684
 30803935.58366684 30803935.58366684 30803935.58366684 30803935.58366684
 30803935.58366684 30803935.58366684 30803935.58366684 30803935.58366684
 30803935.58366684 30803935.58366684 30803935.58366684 30803935.58366684]"
2663.7722788279634	2.0	trials	2.0	0.0	0.0	0.0	0.0	True	40.0	1.86	0.005	"[30830697.67142263 30830697.67142263 30830697.67142263 30830697.67142263
 30830697.67142263 30830697.67142263 30830697.67142263 30830697.67142263
 30830697.67142263 30830697.67142263 30830697.67142263 30830697.67142263
 30830697.67142263 30830697.67142263 30830697.67142263 30830697.67142263
 30830697.67142263 30830697.67142263 30830697.67142263 30830697.67142263]"
2667.436082841997	2.0	trials	2.0	0.0	0.0	0.0	0.0	True	40.0	1.86	0.005	"[30873102.81047368 30873102.81047368 30873102.81047368 30873102.81047368
 30873102.81047368 30873102.81047368 30873102.81047368 30873102.81047368
 30873102.81047368 30873102.81047368 30873102.81047368 30873102.81047368
 30873102.81047368 30873102.81047368 30873102.81047368 30873102.81047368
 30873102.81047368 30873102.81047368 30873102.81047368 30873102.81047368]"
2669.887345279968	2.0	trials	2.0	0.0	0.0	0.0	0.0	True	40.0	1.86	0.005	"[30901473.90350556 30901473.90350556 30901473.90350556 30901473.90350556
 30901473.90350556 30901473.90350556 30901473.90350556 30901473.90350556
 30901473.90350556 30901473.90350556 30901473.90350556 30901473.90350556
 30901473.90350556 30901473.90350556 30901473.90350556 30901473.90350556
 30901473.90350556 30901473.90350556 30901473.90350556 30901473.90350556]"
2672.272425100919	2.0	trials	2.0	0.0	0.0	0.0	0.0	True	40.0	1.86	0.005	"[30929078.99402566 30929078.99402566 30929078.99402566 30929078.99402566
 30929078.99402566 30929078.99402566 30929078.99402566 30929078.99402566
 30929078.99402566 30929078.99402566 30929078.99402566 30929078.99402566
 30929078.99402566 30929078.99402566 30929078.99402566 30929078.99402566
 30929078.99402566 30929078.99402566 30929078.99402566 30929078.99402566]"
2674.813111832122	2.0	trials	2.0	0.0	0.0	0.0	0.0	True	40.0	1.86	0.005	"[30958485.09045143 30958485.09045143 30958485.09045143 30958485.09045143
 30958485.09045143 30958485.09045143 30958485.09045143 30958485.09045143
 30958485.09045143 30958485.09045143 30958485.09045143 30958485.09045143
 30958485.09045143 30958485.09045143 30958485.09045143 30958485.09045143
 30958485.09045143 30958485.09045143 30958485.09045143 30958485.09045143]"
2677.6004713721945	2.0	trials	2.0	0.0	0.0	0.0	0.0	True	40.0	1.86	0.005	"[30990746.1962391 30990746.1962391 30990746.1962391 30990746.1962391
 30990746.1962391 30990746.1962391 30990746.1962391 30990746.1962391
 30990746.1962391 30990746.1962391 30990746.1962391 30990746.1962391
 30990746.1962391 30990746.1962391 30990746.1962391 30990746.1962391
 30990746.1962391 30990746.1962391 30990746.1962391 30990746.1962391]"
2680.7091535659206	2.0	trials	2.0	0.0	0.0	0.0	0.0	True	40.0	1.86	0.005	"[31026726.31422181 31026726.31422181 31026726.31422181 31026726.31422181
 31026726.31422181 31026726.31422181 31026726.31422181 31026726.31422181
 31026726.31422181 31026726.31422181 31026726.31422181 31026726.31422181
 31026726.31422181 31026726.31422181 31026726.31422181 31026726.31422181
 31026726.31422181 31026726.31422181 31026726.31422181 31026726.31422181]"
2683.333216570524	2.0	trials	2.0	0.0	0.0	0.0	0.0	True	40.0	1.86	0.005	"[31057097.41381193 31057097.41381193 31057097.41381193 31057097.41381193
 31057097.41381193 31057097.41381193 31057097.41381193 31057097.41381193
 31057097.41381193 31057097.41381193 31057097.41381193 31057097.41381193
 31057097.41381193 31057097.41381193 31057097.41381193 31057097.41381193
 31057097.41381193 31057097.41381193 31057097.41381193 31057097.41381193]"
2685.8262103453367	2.0	trials	2.0	0.0	0.0	0.0	0.0	True	40.0	1.86	0.005	"[31085951.50842763 31085951.50842763 31085951.50842763 31085951.50842763
 31085951.50842763 31085951.50842763 31085951.50842763 31085951.50842763
 31085951.50842763 31085951.50842763 31085951.50842763 31085951.50842763
 31085951.50842763 31085951.50842763 31085951.50842763 31085951.50842763
 31085951.50842763 31085951.50842763 31085951.50842763 31085951.50842763]"
2687.9607293446697	2.0	trials	2.0	0.0	0.0	0.0	0.0	True	40.0	1.86	0.005	"[31110656.58943827 31110656.58943827 31110656.58943827 31110656.58943827
 31110656.58943827 31110656.58943827 31110656.58943827 31110656.58943827
 31110656.58943827 31110656.58943827 31110656.58943827 31110656.58943827
 31110656.58943827 31110656.58943827 31110656.58943827 31110656.58943827
 31110656.58943827 31110656.58943827 31110656.58943827 31110656.58943827]"
2692.0063362106794	2.0	trials	2.0	0.0	0.0	0.0	0.0	True	40.0	1.86	0.005	"[31157480.74297975 31157480.74297975 31157480.74297975 31157480.74297975
 31157480.74297975 31157480.74297975 31157480.74297975 31157480.74297975
 31157480.74297975 31157480.74297975 31157480.74297975 31157480.74297975
 31157480.74297975 31157480.74297975 31157480.74297975 31157480.74297975
 31157480.74297975 31157480.74297975 31157480.74297975 31157480.74297975]"
2695.560584665468	2.0	trials	2.0	0.0	0.0	0.0	0.0	True	40.0	1.86	0.005	"[31198617.87787288 31198617.87787288 31198617.87787288 31198617.87787288
 31198617.87787288 31198617.87787288 31198617.87787288 31198617.87787288
 31198617.87787288 31198617.87787288 31198617.87787288 31198617.87787288
 31198617.87787288 31198617.87787288 31198617.87787288 31198617.87787288
 31198617.87787288 31198617.87787288 31198617.87787288 31198617.87787288]"
2698.1290922878993	2.0	trials	2.0	0.0	0.0	0.0	0.0	True	40.0	1.86	0.005	"[31228345.97535453 31228345.97535453 31228345.97535453 31228345.97535453
 31228345.97535453 31228345.97535453 31228345.97535453 31228345.97535453
 31228345.97535453 31228345.97535453 31228345.97535453 31228345.97535453
 31228345.97535453 31228345.97535453 31228345.97535453 31228345.97535453
 31228345.97535453 31228345.97535453 31228345.97535453 31228345.97535453]"
2700.586143544853	2.0	trials	2.0	0.0	0.0	0.0	0.0	True	40.0	1.86	0.005	"[31256784.06860612 31256784.06860612 31256784.06860612 31256784.06860612
 31256784.06860612 31256784.06860612 31256784.06860612 31256784.06860612
 31256784.06860612 31256784.06860612 31256784.06860612 31256784.06860612
 31256784.06860612 31256784.06860612 31256784.06860612 31256784.06860612
 31256784.06860612 31256784.06860612 31256784.06860612 31256784.06860612]"
2703.106267008627	2.0	trials	2.0	0.0	0.0	0.0	0.0	True	40.0	1.86	0.005	"[31285952.16425147 31285952.16425147 31285952.16425147 31285952.16425147
 31285952.16425147 31285952.16425147 31285952.16425147 31285952.16425147
 31285952.16425147 31285952.16425147 31285952.16425147 31285952.16425147
 31285952.16425147 31285952.16425147 31285952.16425147 31285952.16425147
 31285952.16425147 31285952.16425147 31285952.16425147 31285952.16425147]"
2706.478210865618	2.0	trials	2.0	0.0	0.0	0.0	0.0	True	40.0	1.86	0.005	"[31324979.29222566 31324979.29222566 31324979.29222566 31324979.29222566
 31324979.29222566 31324979.29222566 31324979.29222566 31324979.29222566
 31324979.29222566 31324979.29222566 31324979.29222566 31324979.29222566
 31324979.29222566 31324979.29222566 31324979.29222566 31324979.29222566
 31324979.29222566 31324979.29222566 31324979.29222566 31324979.29222566]"
2709.4425181859224	2.0	trials	2.0	0.0	0.0	0.0	0.0	True	40.0	1.86	0.005	"[31359288.40472896 31359288.40472896 31359288.40472896 31359288.40472896
 31359288.40472896 31359288.40472896 31359288.40472896 31359288.40472896
 31359288.40472896 31359288.40472896 31359288.40472896 31359288.40472896
 31359288.40472896 31359288.40472896 31359288.40472896 31359288.40472896
 31359288.40472896 31359288.40472896 31359288.40472896 31359288.40472896]"
2712.6465862924297	2.0	trials	2.0	0.0	0.0	0.0	0.0	True	40.0	1.86	0.005	"[31396372.52633182 31396372.52633182 31396372.52633182 31396372.52633182
 31396372.52633182 31396372.52633182 31396372.52633182 31396372.52633182
 31396372.52633182 31396372.52633182 31396372.52633182 31396372.52633182
 31396372.52633182 31396372.52633182 31396372.52633182 31396372.52633182
 31396372.52633182 31396372.52633182 31396372.52633182 31396372.52633182]"
2716.414329847293	2.0	trials	2.0	0.0	0.0	0.0	0.0	True	40.0	1.86	0.005	"[31439980.66932764 31439980.66932764 31439980.66932764 31439980.66932764
 31439980.66932764 31439980.66932764 31439980.66932764 31439980.66932764
 31439980.66932764 31439980.66932764 31439980.66932764 31439980.66932764
 31439980.66932764 31439980.66932764 31439980.66932764 31439980.66932764
 31439980.66932764 31439980.66932764 31439980.66932764 31439980.66932764]"
2718.8444242158516	2.0	trials	2.0	0.0	0.0	0.0	0.0	True	40.0	1.86	0.005	"[31468106.76155614 31468106.76155614 31468106.76155614 31468106.76155614
 31468106.76155614 31468106.76155614 31468106.76155614 31468106.76155614
 31468106.76155614 31468106.76155614 31468106.76155614 31468106.76155614
 31468106.76155614 31468106.76155614 31468106.76155614 31468106.76155614
 31468106.76155614 31468106.76155614 31468106.76155614 31468106.76155614]"
2722.379232606894	2.0	trials	2.0	0.0	0.0	0.0	0.0	True	40.0	1.86	0.005	"[31509018.89571147 31509018.89571147 31509018.89571147 31509018.89571147
 31509018.89571147 31509018.89571147 31509018.89571147 31509018.89571147
 31509018.89571147 31509018.89571147 31509018.89571147 31509018.89571147
 31509018.89571147 31509018.89571147 31509018.89571147 31509018.89571147
 31509018.89571147 31509018.89571147 31509018.89571147 31509018.89571147]"
2724.916722527615	2.0	trials	2.0	0.0	0.0	0.0	0.0	True	40.0	1.86	0.005	"[31538387.99201592 31538387.99201592 31538387.99201592 31538387.99201592
 31538387.99201592 31538387.99201592 31538387.99201592 31538387.99201592
 31538387.99201592 31538387.99201592 31538387.99201592 31538387.99201592
 31538387.99201592 31538387.99201592 31538387.99201592 31538387.99201592
 31538387.99201592 31538387.99201592 31538387.99201592 31538387.99201592]"
2728.7206678011885	2.0	trials	2.0	0.0	0.0	0.0	0.0	True	40.0	1.86	0.005	"[31582415.1363857 31582415.1363857 31582415.1363857 31582415.1363857
 31582415.1363857 31582415.1363857 31582415.1363857 31582415.1363857
 31582415.1363857 31582415.1363857 31582415.1363857 31582415.1363857
 31582415.1363857 31582415.1363857 31582415.1363857 31582415.1363857
 31582415.1363857 31582415.1363857 31582415.1363857 31582415.1363857]"
2731.0365409952024	2.0	trials	2.0	0.0	0.0	0.0	0.0	True	40.0	1.86	0.005	"[31609219.22427921 31609219.22427921 31609219.22427921 31609219.22427921
 31609219.22427921 31609219.22427921 31609219.22427921 31609219.22427921
 31609219.22427921 31609219.22427921 31609219.22427921 31609219.22427921
 31609219.22427921 31609219.22427921 31609219.22427921 31609219.22427921
 31609219.22427921 31609219.22427921 31609219.22427921 31609219.22427921]"
2734.789682902186	2.0	trials	2.0	0.0	0.0	0.0	0.0	True	40.0	1.86	0.005	"[31652658.36672087 31652658.36672087 31652658.36672087 31652658.36672087
 31652658.36672087 31652658.36672087 31652658.36672087 31652658.36672087
 31652658.36672087 31652658.36672087 31652658.36672087 31652658.36672087
 31652658.36672087 31652658.36672087 31652658.36672087 31652658.36672087
 31652658.36672087 31652658.36672087 31652658.36672087 31652658.36672087]"
2738.656786782864	2.0	trials	2.0	0.0	0.0	0.0	0.0	True	40.0	1.86	0.005	"[31697416.51348769 31697416.51348769 31697416.51348769 31697416.51348769
 31697416.51348769 31697416.51348769 31697416.51348769 31697416.51348769
 31697416.51348769 31697416.51348769 31697416.51348769 31697416.51348769
 31697416.51348769 31697416.51348769 31697416.51348769 31697416.51348769
 31697416.51348769 31697416.51348769 31697416.51348769 31697416.51348769]"
2741.2932914282655	2.0	trials	2.0	0.0	0.0	0.0	0.0	True	40.0	1.86	0.005	"[31727931.61355001 31727931.61355001 31727931.61355001 31727931.61355001
 31727931.61355001 31727931.61355001 31727931.61355001 31727931.61355001
 31727931.61355001 31727931.61355001 31727931.61355001 31727931.61355001
 31727931.61355001 31727931.61355001 31727931.61355001 31727931.61355001
 31727931.61355001 31727931.61355001 31727931.61355001 31727931.61355001]"
2743.5045338791833	2.0	trials	2.0	0.0	0.0	0.0	0.0	True	40.0	1.86	0.005	"[31753524.69747251 31753524.69747251 31753524.69747251 31753524.69747251
 31753524.69747251 31753524.69747251 31753524.69747251 31753524.69747251
 31753524.69747251 31753524.69747251 31753524.69747251 31753524.69747251
 31753524.69747251 31753524.69747251 31753524.69747251 31753524.69747251
 31753524.69747251 31753524.69747251 31753524.69747251 31753524.69747251]"
2746.6608226290164	2.0	trials	2.0	0.0	0.0	0.0	0.0	True	40.0	1.86	0.005	"[31790055.81726201 31790055.81726201 31790055.81726201 31790055.81726201
 31790055.81726201 31790055.81726201 31790055.81726201 31790055.81726201
 31790055.81726201 31790055.81726201 31790055.81726201 31790055.81726201
 31790055.81726201 31790055.81726201 31790055.81726201 31790055.81726201
 31790055.81726201 31790055.81726201 31790055.81726201 31790055.81726201]"
2750.3085561903536	2.0	trials	2.0	0.0	0.0	0.0	0.0	True	40.0	1.86	0.005	"[31832274.95570314 31832274.95570314 31832274.95570314 31832274.95570314
 31832274.95570314 31832274.95570314 31832274.95570314 31832274.95570314
 31832274.95570314 31832274.95570314 31832274.95570314 31832274.95570314
 31832274.95570314 31832274.95570314 31832274.95570314 31832274.95570314
 31832274.95570314 31832274.95570314 31832274.95570314 31832274.95570314]"
2752.967438509134	2.0	trials	2.0	0.0	0.0	0.0	0.0	True	40.0	1.86	0.005	"[31863049.05661476 31863049.05661476 31863049.05661476 31863049.05661476
 31863049.05661476 31863049.05661476 31863049.05661476 31863049.05661476
 31863049.05661476 31863049.05661476 31863049.05661476 31863049.05661476
 31863049.05661476 31863049.05661476 31863049.05661476 31863049.05661476
 31863049.05661476 31863049.05661476 31863049.05661476 31863049.05661476]"
2755.4630242924463	2.0	trials	2.0	0.0	0.0	0.0	0.0	True	40.0	1.86	0.005	"[31891933.15132884 31891933.15132884 31891933.15132884 31891933.15132884
 31891933.15132884 31891933.15132884 31891933.15132884 31891933.15132884
 31891933.15132884 31891933.15132884 31891933.15132884 31891933.15132884
 31891933.15132884 31891933.15132884 31891933.15132884 31891933.15132884
 31891933.15132884 31891933.15132884 31891933.15132884 31891933.15132884]"
2758.031099913461	2.0	trials	2.0	0.0	0.0	0.0	0.0	True	40.0	1.86	0.005	"[31921656.24879409 31921656.24879409 31921656.24879409 31921656.24879409
 31921656.24879409 31921656.24879409 31921656.24879409 31921656.24879409
 31921656.24879409 31921656.24879409 31921656.24879409 31921656.24879409
 31921656.24879409 31921656.24879409 31921656.24879409 31921656.24879409
 31921656.24879409 31921656.24879409 31921656.24879409 31921656.24879409]"
2761.6186988776103	2.0	trials	2.0	0.0	0.0	0.0	0.0	True	40.0	1.86	0.005	"[31963179.38495296 31963179.38495296 31963179.38495296 31963179.38495296
 31963179.38495296 31963179.38495296 31963179.38495296 31963179.38495296
 31963179.38495296 31963179.38495296 31963179.38495296 31963179.38495296
 31963179.38495296 31963179.38495296 31963179.38495296 31963179.38495296
 31963179.38495296 31963179.38495296 31963179.38495296 31963179.38495296]"
2765.314902997888	2.0	trials	2.0	0.0	0.0	0.0	0.0	True	40.0	1.86	0.005	"[32005959.52523368 32005959.52523368 32005959.52523368 32005959.52523368
 32005959.52523368 32005959.52523368 32005959.52523368 32005959.52523368
 32005959.52523368 32005959.52523368 32005959.52523368 32005959.52523368
 32005959.52523368 32005959.52523368 32005959.52523368 32005959.52523368
 32005959.52523368 32005959.52523368 32005959.52523368 32005959.52523368]"
2769.4367149137825	2.0	trials	2.0	0.0	0.0	0.0	0.0	True	40.0	1.86	0.005	"[32053665.68166734 32053665.68166734 32053665.68166734 32053665.68166734
 32053665.68166734 32053665.68166734 32053665.68166734 32053665.68166734
 32053665.68166734 32053665.68166734 32053665.68166734 32053665.68166734
 32053665.68166734 32053665.68166734 32053665.68166734 32053665.68166734
 32053665.68166734 32053665.68166734 32053665.68166734 32053665.68166734]"
2772.91121590707	2.0	trials	2.0	0.0	0.0	0.0	0.0	True	40.0	1.86	0.005	"[32093879.81353384 32093879.81353384 32093879.81353384 32093879.81353384
 32093879.81353384 32093879.81353384 32093879.81353384 32093879.81353384
 32093879.81353384 32093879.81353384 32093879.81353384 32093879.81353384
 32093879.81353384 32093879.81353384 32093879.81353384 32093879.81353384
 32093879.81353384 32093879.81353384 32093879.81353384 32093879.81353384]"
2776.725529214642	2.0	trials	2.0	0.0	0.0	0.0	0.0	True	40.0	1.86	0.005	"[32138026.95829712 32138026.95829712 32138026.95829712 32138026.95829712
 32138026.95829712 32138026.95829712 32138026.95829712 32138026.95829712
 32138026.95829712 32138026.95829712 32138026.95829712 32138026.95829712
 32138026.95829712 32138026.95829712 32138026.95829712 32138026.95829712
 32138026.95829712 32138026.95829712 32138026.95829712 32138026.95829712]"
2779.3069968795708	2.0	trials	2.0	0.0	0.0	0.0	0.0	True	40.0	1.86	0.005	"[32167905.05627064 32167905.05627064 32167905.05627064 32167905.05627064
 32167905.05627064 32167905.05627064 32167905.05627064 32167905.05627064
 32167905.05627064 32167905.05627064 32167905.05627064 32167905.05627064
 32167905.05627064 32167905.05627064 32167905.05627064 32167905.05627064
 32167905.05627064 32167905.05627064 32167905.05627064 32167905.05627064]"
2781.59487638179	2.0	trials	2.0	0.0	0.0	0.0	0.0	True	40.0	1.86	0.005	"[32194385.14310171 32194385.14310171 32194385.14310171 32194385.14310171
 32194385.14310171 32194385.14310171 32194385.14310171 32194385.14310171
 32194385.14310171 32194385.14310171 32194385.14310171 32194385.14310171
 32194385.14310171 32194385.14310171 32194385.14310171 32194385.14310171
 32194385.14310171 32194385.14310171 32194385.14310171 32194385.14310171]"
2785.6849793937076	2.0	trials	2.0	0.0	0.0	0.0	0.0	True	40.0	1.86	0.005	"[32241724.29833193 32241724.29833193 32241724.29833193 32241724.29833193
 32241724.29833193 32241724.29833193 32241724.29833193 32241724.29833193
 32241724.29833193 32241724.29833193 32241724.29833193 32241724.29833193
 32241724.29833193 32241724.29833193 32241724.29833193 32241724.29833193
 32241724.29833193 32241724.29833193 32241724.29833193 32241724.29833193]"
2789.7113189965376	2.0	trials	2.0	0.0	0.0	0.0	0.0	True	40.0	1.86	0.005	"[32288325.45114217 32288325.45114217 32288325.45114217 32288325.45114217
 32288325.45114217 32288325.45114217 32288325.45114217 32288325.45114217
 32288325.45114217 32288325.45114217 32288325.45114217 32288325.45114217
 32288325.45114217 32288325.45114217 32288325.45114217 32288325.45114217
 32288325.45114217 32288325.45114217 32288325.45114217 32288325.45114217]"
2793.2210713054183	2.0	trials	2.0	0.0	0.0	0.0	0.0	True	40.0	1.86	0.005	"[32328947.58434655 32328947.58434655 32328947.58434655 32328947.58434655
 32328947.58434655 32328947.58434655 32328947.58434655 32328947.58434655
 32328947.58434655 32328947.58434655 32328947.58434655 32328947.58434655
 32328947.58434655 32328947.58434655 32328947.58434655 32328947.58434655
 32328947.58434655 32328947.58434655 32328947.58434655 32328947.58434655]"
2797.2338460637675	2.0	trials	2.0	0.0	0.0	0.0	0.0	True	40.0	1.86	0.005	"[32375391.73664196 32375391.73664196 32375391.73664196 32375391.73664196
 32375391.73664196 32375391.73664196 32375391.73664196 32375391.73664196
 32375391.73664196 32375391.73664196 32375391.73664196 32375391.73664196
 32375391.73664196 32375391.73664196 32375391.73664196 32375391.73664196
 32375391.73664196 32375391.73664196 32375391.73664196 32375391.73664196]"
2801.2673568901128	2.0	trials	2.0	0.0	0.0	0.0	0.0	True	40.0	1.86	0.005	"[32422075.88972436 32422075.88972436 32422075.88972436 32422075.88972436
 32422075.88972436 32422075.88972436 32422075.88972436 32422075.88972436
 32422075.88972436 32422075.88972436 32422075.88972436 32422075.88972436
 32422075.88972436 32422075.88972436 32422075.88972436 32422075.88972436
 32422075.88972436 32422075.88972436 32422075.88972436 32422075.88972436]"
2804.774344389927	2.0	trials	2.0	0.0	0.0	0.0	0.0	True	40.0	1.86	0.005	"[32462666.0228238 32462666.0228238 32462666.0228238 32462666.0228238
 32462666.0228238 32462666.0228238 32462666.0228238 32462666.0228238
 32462666.0228238 32462666.0228238 32462666.0228238 32462666.0228238
 32462666.0228238 32462666.0228238 32462666.0228238 32462666.0228238
 32462666.0228238 32462666.0228238 32462666.0228238 32462666.0228238]"
2808.461217279607	2.0	trials	2.0	0.0	0.0	0.0	0.0	True	40.0	1.86	0.005	"[32505338.16275038 32505338.16275038 32505338.16275038 32505338.16275038
 32505338.16275038 32505338.16275038 32505338.16275038 32505338.16275038
 32505338.16275038 32505338.16275038 32505338.16275038 32505338.16275038
 32505338.16275038 32505338.16275038 32505338.16275038 32505338.16275038
 32505338.16275038 32505338.16275038 32505338.16275038 32505338.16275038]"
2812.5231537991635	2.0	trials	2.0	0.0	0.0	0.0	0.0	True	40.0	1.86	0.005	"[32552351.31691162 32552351.31691162 32552351.31691162 32552351.31691162
 32552351.31691162 32552351.31691162 32552351.31691162 32552351.31691162
 32552351.31691162 32552351.31691162 32552351.31691162 32552351.31691162
 32552351.31691162 32552351.31691162 32552351.31691162 32552351.31691162
 32552351.31691162 32552351.31691162 32552351.31691162 32552351.31691162]"
2815.9058112912858	2.0	trials	2.0	0.0	0.0	0.0	0.0	True	40.0	1.86	0.005	"[32591502.44529241 32591502.44529241 32591502.44529241 32591502.44529241
 32591502.44529241 32591502.44529241 32591502.44529241 32591502.44529241
 32591502.44529241 32591502.44529241 32591502.44529241 32591502.44529241
 32591502.44529241 32591502.44529241 32591502.44529241 32591502.44529241
 32591502.44529241 32591502.44529241 32591502.44529241 32591502.44529241]"
2819.594239386065	2.0	trials	2.0	0.0	0.0	0.0	0.0	True	40.0	1.86	0.005	"[32634192.585278 32634192.585278 32634192.585278 32634192.585278
 32634192.585278 32634192.585278 32634192.585278 32634192.585278
 32634192.585278 32634192.585278 32634192.585278 32634192.585278
 32634192.585278 32634192.585278 32634192.585278 32634192.585278
 32634192.585278 32634192.585278 32634192.585278 32634192.585278]"
2822.801849904188	2.0	trials	2.0	0.0	0.0	0.0	0.0	True	40.0	1.86	0.005	"[32671317.70701531 32671317.70701531 32671317.70701531 32671317.70701531
 32671317.70701531 32671317.70701531 32671317.70701531 32671317.70701531
 32671317.70701531 32671317.70701531 32671317.70701531 32671317.70701531
 32671317.70701531 32671317.70701531 32671317.70701531 32671317.70701531
 32671317.70701531 32671317.70701531 32671317.70701531 32671317.70701531]"
2826.3952376873194	2.0	trials	2.0	0.0	0.0	0.0	0.0	True	40.0	1.86	0.005	"[32712907.84339387 32712907.84339387 32712907.84339387 32712907.84339387
 32712907.84339387 32712907.84339387 32712907.84339387 32712907.84339387
 32712907.84339387 32712907.84339387 32712907.84339387 32712907.84339387
 32712907.84339387 32712907.84339387 32712907.84339387 32712907.84339387
 32712907.84339387 32712907.84339387 32712907.84339387 32712907.84339387]"
2829.794224832988	2.0	trials	2.0	0.0	0.0	0.0	0.0	True	40.0	1.86	0.005	"[32752247.97239442 32752247.97239442 32752247.97239442 32752247.97239442
 32752247.97239442 32752247.97239442 32752247.97239442 32752247.97239442
 32752247.97239442 32752247.97239442 32752247.97239442 32752247.97239442
 32752247.97239442 32752247.97239442 32752247.97239442 32752247.97239442
 32752247.97239442 32752247.97239442 32752247.97239442 32752247.97239442]"
2833.379490989488	2.0	trials	2.0	0.0	0.0	0.0	0.0	True	40.0	1.86	0.005	"[32793744.10846475 32793744.10846475 32793744.10846475 32793744.10846475
 32793744.10846475 32793744.10846475 32793744.10846475 32793744.10846475
 32793744.10846475 32793744.10846475 32793744.10846475 32793744.10846475
 32793744.10846475 32793744.10846475 32793744.10846475 32793744.10846475
 32793744.10846475 32793744.10846475 32793744.10846475 32793744.10846475]"
2837.132373695621	2.0	trials	2.0	0.0	0.0	0.0	0.0	True	40.0	1.86	0.005	"[32837180.25089657 32837180.25089657 32837180.25089657 32837180.25089657
 32837180.25089657 32837180.25089657 32837180.25089657 32837180.25089657
 32837180.25089657 32837180.25089657 32837180.25089657 32837180.25089657
 32837180.25089657 32837180.25089657 32837180.25089657 32837180.25089657
 32837180.25089657 32837180.25089657 32837180.25089657 32837180.25089657]"
2840.8431794637795	2.0	trials	2.0	0.0	0.0	0.0	0.0	True	40.0	1.86	0.005	"[32880129.39173146 32880129.39173146 32880129.39173146 32880129.39173146
 32880129.39173146 32880129.39173146 32880129.39173146 32880129.39173146
 32880129.39173146 32880129.39173146 32880129.39173146 32880129.39173146
 32880129.39173146 32880129.39173146 32880129.39173146 32880129.39173146
 32880129.39173146 32880129.39173146 32880129.39173146 32880129.39173146]"
2844.55744124327	2.0	trials	2.0	0.0	0.0	0.0	0.0	True	40.0	1.86	0.005	"[32923118.53269751 32923118.53269751 32923118.53269751 32923118.53269751
 32923118.53269751 32923118.53269751 32923118.53269751 32923118.53269751
 32923118.53269751 32923118.53269751 32923118.53269751 32923118.53269751
 32923118.53269751 32923118.53269751 32923118.53269751 32923118.53269751
 32923118.53269751 32923118.53269751 32923118.53269751 32923118.53269751]"
2848.2118276264227	2.0	trials	2.0	0.0	0.0	0.0	0.0	True	40.0	1.86	0.005	"[32965414.67139114 32965414.67139114 32965414.67139114 32965414.67139114
 32965414.67139114 32965414.67139114 32965414.67139114 32965414.67139114
 32965414.67139114 32965414.67139114 32965414.67139114 32965414.67139114
 32965414.67139114 32965414.67139114 32965414.67139114 32965414.67139114
 32965414.67139114 32965414.67139114 32965414.67139114 32965414.67139114]"
2852.2793801643948	2.0	trials	2.0	0.0	0.0	0.0	0.0	True	40.0	1.86	0.005	"[33012492.82576551 33012492.82576551 33012492.82576551 33012492.82576551
 33012492.82576551 33012492.82576551 33012492.82576551 33012492.82576551
 33012492.82576551 33012492.82576551 33012492.82576551 33012492.82576551
 33012492.82576551 33012492.82576551 33012492.82576551 33012492.82576551
 33012492.82576551 33012492.82576551 33012492.82576551 33012492.82576551]"
2856.161604094653	2.0	trials	2.0	0.0	0.0	0.0	0.0	True	40.0	1.86	0.005	"[33057425.97310618 33057425.97310618 33057425.97310618 33057425.97310618
 33057425.97310618 33057425.97310618 33057425.97310618 33057425.97310618
 33057425.97310618 33057425.97310618 33057425.97310618 33057425.97310618
 33057425.97310618 33057425.97310618 33057425.97310618 33057425.97310618
 33057425.97310618 33057425.97310618 33057425.97310618 33057425.97310618]"
2859.389864280489	2.0	trials	2.0	0.0	0.0	0.0	0.0	True	40.0	1.86	0.005	"[33094790.09562718 33094790.09562718 33094790.09562718 33094790.09562718
 33094790.09562718 33094790.09562718 33094790.09562718 33094790.09562718
 33094790.09562718 33094790.09562718 33094790.09562718 33094790.09562718
 33094790.09562718 33094790.09562718 33094790.09562718 33094790.09562718
 33094790.09562718 33094790.09562718 33094790.09562718 33094790.09562718]"
2862.8897669570715	2.0	trials	2.0	0.0	0.0	0.0	0.0	True	40.0	1.86	0.005	"[33135298.22845775 33135298.22845775 33135298.22845775 33135298.22845775
 33135298.22845775 33135298.22845775 33135298.22845775 33135298.22845775
 33135298.22845775 33135298.22845775 33135298.22845775 33135298.22845775
 33135298.22845775 33135298.22845775 33135298.22845775 33135298.22845775
 33135298.22845775 33135298.22845775 33135298.22845775 33135298.22845775]"
2865.4981915103954	2.0	trials	2.0	0.0	0.0	0.0	0.0	True	40.0	1.86	0.005	"[33165488.32745435 33165488.32745435 33165488.32745435 33165488.32745435
 33165488.32745435 33165488.32745435 33165488.32745435 33165488.32745435
 33165488.32745435 33165488.32745435 33165488.32745435 33165488.32745435
 33165488.32745435 33165488.32745435 33165488.32745435 33165488.32745435
 33165488.32745435 33165488.32745435 33165488.32745435 33165488.32745435]"
2868.617673739536	2.0	trials	2.0	0.0	0.0	0.0	0.0	True	40.0	1.86	0.005	"[33201593.44584695 33201593.44584695 33201593.44584695 33201593.44584695
 33201593.44584695 33201593.44584695 33201593.44584695 33201593.44584695
 33201593.44584695 33201593.44584695 33201593.44584695 33201593.44584695
 33201593.44584695 33201593.44584695 33201593.44584695 33201593.44584695
 33201593.44584695 33201593.44584695 33201593.44584695 33201593.44584695]"
2872.73974485628	2.0	trials	2.0	0.0	0.0	0.0	0.0	True	40.0	1.86	0.005	"[33249302.60229045 33249302.60229045 33249302.60229045 33249302.60229045
 33249302.60229045 33249302.60229045 33249302.60229045 33249302.60229045
 33249302.60229045 33249302.60229045 33249302.60229045 33249302.60229045
 33249302.60229045 33249302.60229045 33249302.60229045 33249302.60229045
 33249302.60229045 33249302.60229045 33249302.60229045 33249302.60229045]"
2876.7018026483224	2.0	trials	2.0	0.0	0.0	0.0	0.0	True	40.0	1.86	0.005	"[33295159.75266101 33295159.75266101 33295159.75266101 33295159.75266101
 33295159.75266101 33295159.75266101 33295159.75266101 33295159.75266101
 33295159.75266101 33295159.75266101 33295159.75266101 33295159.75266101
 33295159.75266101 33295159.75266101 33295159.75266101 33295159.75266101
 33295159.75266101 33295159.75266101 33295159.75266101 33295159.75266101]"
2880.2884512093547	2.0	trials	2.0	0.0	0.0	0.0	0.0	True	40.0	1.86	0.005	"[33336671.88878381 33336671.88878381 33336671.88878381 33336671.88878381
 33336671.88878381 33336671.88878381 33336671.88878381 33336671.88878381
 33336671.88878381 33336671.88878381 33336671.88878381 33336671.88878381
 33336671.88878381 33336671.88878381 33336671.88878381 33336671.88878381
 33336671.88878381 33336671.88878381 33336671.88878381 33336671.88878381]"
2884.1339550192038	2.0	trials	2.0	0.0	0.0	0.0	0.0	True	40.0	1.86	0.005	"[33381180.03473085 33381180.03473085 33381180.03473085 33381180.03473085
 33381180.03473085 33381180.03473085 33381180.03473085 33381180.03473085
 33381180.03473085 33381180.03473085 33381180.03473085 33381180.03473085
 33381180.03473085 33381180.03473085 33381180.03473085 33381180.03473085
 33381180.03473085 33381180.03473085 33381180.03473085 33381180.03473085]"
2887.686734669176	2.0	trials	2.0	0.0	0.0	0.0	0.0	True	40.0	1.86	0.005	"[33422300.16956823 33422300.16956823 33422300.16956823 33422300.16956823
 33422300.16956823 33422300.16956823 33422300.16956823 33422300.16956823
 33422300.16956823 33422300.16956823 33422300.16956823 33422300.16956823
 33422300.16956823 33422300.16956823 33422300.16956823 33422300.16956823
 33422300.16956823 33422300.16956823 33422300.16956823 33422300.16956823]"
2891.3000809177533	2.0	trials	2.0	0.0	0.0	0.0	0.0	True	40.0	1.86	0.005	"[33464121.30670427 33464121.30670427 33464121.30670427 33464121.30670427
 33464121.30670427 33464121.30670427 33464121.30670427 33464121.30670427
 33464121.30670427 33464121.30670427 33464121.30670427 33464121.30670427
 33464121.30670427 33464121.30670427 33464121.30670427 33464121.30670427
 33464121.30670427 33464121.30670427 33464121.30670427 33464121.30670427]"
2894.6036821506414	2.0	trials	2.0	0.0	0.0	0.0	0.0	True	40.0	1.86	0.005	"[33502357.43208468 33502357.43208468 33502357.43208468 33502357.43208468
 33502357.43208468 33502357.43208468 33502357.43208468 33502357.43208468
 33502357.43208468 33502357.43208468 33502357.43208468 33502357.43208468
 33502357.43208468 33502357.43208468 33502357.43208468 33502357.43208468
 33502357.43208468 33502357.43208468 33502357.43208468 33502357.43208468]"
2897.2019978708167	2.0	trials	2.0	0.0	0.0	0.0	0.0	True	40.0	1.86	0.005	"[33532430.53069763 33532430.53069763 33532430.53069763 33532430.53069763
 33532430.53069763 33532430.53069763 33532430.53069763 33532430.53069763
 33532430.53069763 33532430.53069763 33532430.53069763 33532430.53069763
 33532430.53069763 33532430.53069763 33532430.53069763 33532430.53069763
 33532430.53069763 33532430.53069763 33532430.53069763 33532430.53069763]"
2901.239915111611	2.0	trials	2.0	0.0	0.0	0.0	0.0	True	40.0	1.86	0.005	"[33579165.68394726 33579165.68394726 33579165.68394726 33579165.68394726
 33579165.68394726 33579165.68394726 33579165.68394726 33579165.68394726
 33579165.68394726 33579165.68394726 33579165.68394726 33579165.68394726
 33579165.68394726 33579165.68394726 33579165.68394726 33579165.68394726
 33579165.68394726 33579165.68394726 33579165.68394726 33579165.68394726]"
2904.102615698735	2.0	trials	2.0	0.0	0.0	0.0	0.0	True	40.0	1.86	0.005	"[33612298.79259431 33612298.79259431 33612298.79259431 33612298.79259431
 33612298.79259431 33612298.79259431 33612298.79259431 33612298.79259431
 33612298.79259431 33612298.79259431 33612298.79259431 33612298.79259431
 33612298.79259431 33612298.79259431 33612298.79259431 33612298.79259431
 33612298.79259431 33612298.79259431 33612298.79259431 33612298.79259431]"
2907.2126802969938	2.0	trials	2.0	0.0	0.0	0.0	0.0	True	40.0	1.86	0.005	"[33648294.91062949 33648294.91062949 33648294.91062949 33648294.91062949
 33648294.91062949 33648294.91062949 33648294.91062949 33648294.91062949
 33648294.91062949 33648294.91062949 33648294.91062949 33648294.91062949
 33648294.91062949 33648294.91062949 33648294.91062949 33648294.91062949
 33648294.91062949 33648294.91062949 33648294.91062949 33648294.91062949]"
2910.6662724217194	2.0	trials	2.0	0.0	0.0	0.0	0.0	True	40.0	1.86	0.005	"[33688267.04170244 33688267.04170244 33688267.04170244 33688267.04170244
 33688267.04170244 33688267.04170244 33688267.04170244 33688267.04170244
 33688267.04170244 33688267.04170244 33688267.04170244 33688267.04170244
 33688267.04170244 33688267.04170244 33688267.04170244 33688267.04170244
 33688267.04170244 33688267.04170244 33688267.04170244 33688267.04170244]"
2914.638784648043	2.0	trials	2.0	0.0	0.0	0.0	0.0	True	40.0	1.86	0.005	"[33734245.19246978 33734245.19246978 33734245.19246978 33734245.19246978
 33734245.19246978 33734245.19246978 33734245.19246978 33734245.19246978
 33734245.19246978 33734245.19246978 33734245.19246978 33734245.19246978
 33734245.19246978 33734245.19246978 33734245.19246978 33734245.19246978
 33734245.19246978 33734245.19246978 33734245.19246978 33734245.19246978]"
2918.0583350611414	2.0	trials	2.0	0.0	0.0	0.0	0.0	True	40.0	1.86	0.005	"[33773823.32225076 33773823.32225076 33773823.32225076 33773823.32225076
 33773823.32225076 33773823.32225076 33773823.32225076 33773823.32225076
 33773823.32225076 33773823.32225076 33773823.32225076 33773823.32225076
 33773823.32225076 33773823.32225076 33773823.32225076 33773823.32225076
 33773823.32225076 33773823.32225076 33773823.32225076 33773823.32225076]"
2920.818219311119	2.0	trials	3.0	0.0	0.0	0.0	0.0	True	40.0	1.86	0.005	"[33805766.42699566 33805766.42699566 33805766.42699566 33805766.42699566
 33805766.42699566 33805766.42699566 33805766.42699566 33805766.42699566
 33805766.42699566 33805766.42699566 33805766.42699566 33805766.42699566
 33805766.42699566 33805766.42699566 33805766.42699566 33805766.42699566
 33805766.42699566 33805766.42699566 33805766.42699566 33805766.42699566]"
2923.998613739998	2.0	trials	3.0	0.0	0.0	0.0	0.0	True	40.0	1.86	0.005	"[33842576.54770005 33842576.54770005 33842576.54770005 33842576.54770005
 33842576.54770005 33842576.54770005 33842576.54770005 33842576.54770005
 33842576.54770005 33842576.54770005 33842576.54770005 33842576.54770005
 33842576.54770005 33842576.54770005 33842576.54770005 33842576.54770005
 33842576.54770005 33842576.54770005 33842576.54770005 33842576.54770005]"
3063.246062348371	2.0	trials	3.0	0.0	0.0	0.0	0.0	True	40.0	1.86	0.005	"[35454236.83250887 35454236.83250887 35454236.83250887 35454236.83250887
 35454236.83250887 35454236.83250887 35454236.83250887 35454236.83250887
 35454236.83250887 35454236.83250887 35454236.83250887 35454236.83250887
 35454236.83250887 35454236.83250887 35454236.83250887 35454236.83250887
 35454236.83250887 35454236.83250887 35454236.83250887 35454236.83250887]"
3065.4157462630137	2.0	trials	3.0	0.0	0.0	0.0	0.0	True	40.0	1.86	0.005	"[35479348.91485411 35479348.91485411 35479348.91485411 35479348.91485411
 35479348.91485411 35479348.91485411 35479348.91485411 35479348.91485411
 35479348.91485411 35479348.91485411 35479348.91485411 35479348.91485411
 35479348.91485411 35479348.91485411 35479348.91485411 35479348.91485411
 35479348.91485411 35479348.91485411 35479348.91485411 35479348.91485411]"
3068.0983886597064	2.0	trials	3.0	0.0	0.0	0.0	0.0	True	40.0	1.86	0.005	"[35510398.01666749 35510398.01666749 35510398.01666749 35510398.01666749
 35510398.01666749 35510398.01666749 35510398.01666749 35510398.01666749
 35510398.01666749 35510398.01666749 35510398.01666749 35510398.01666749
 35510398.01666749 35510398.01666749 35510398.01666749 35510398.01666749
 35510398.01666749 35510398.01666749 35510398.01666749 35510398.01666749]"
3071.8960267125976	2.0	trials	3.0	0.0	0.0	0.0	0.0	True	40.0	1.86	0.005	"[35554352.16079789 35554352.16079789 35554352.16079789 35554352.16079789
 35554352.16079789 35554352.16079789 35554352.16079789 35554352.16079789
 35554352.16079789 35554352.16079789 35554352.16079789 35554352.16079789
 35554352.16079789 35554352.16079789 35554352.16079789 35554352.16079789
 35554352.16079789 35554352.16079789 35554352.16079789 35554352.16079789]"
3074.193669446832	2.0	trials	3.0	0.0	0.0	0.0	0.0	True	40.0	1.86	0.005	"[35580945.2479995 35580945.2479995 35580945.2479995 35580945.2479995
 35580945.2479995 35580945.2479995 35580945.2479995 35580945.2479995
 35580945.2479995 35580945.2479995 35580945.2479995 35580945.2479995
 35580945.2479995 35580945.2479995 35580945.2479995 35580945.2479995
 35580945.2479995 35580945.2479995 35580945.2479995 35580945.2479995]"
3076.4221055541307	2.0	trials	3.0	0.0	0.0	0.0	0.0	True	40.0	1.86	0.005	"[35606737.33257455 35606737.33257455 35606737.33257455 35606737.33257455
 35606737.33257455 35606737.33257455 35606737.33257455 35606737.33257455
 35606737.33257455 35606737.33257455 35606737.33257455 35606737.33257455
 35606737.33257455 35606737.33257455 35606737.33257455 35606737.33257455
 35606737.33257455 35606737.33257455 35606737.33257455 35606737.33257455]"
3080.3889153617547	2.0	trials	3.0	0.0	0.0	0.0	0.0	True	40.0	1.86	0.005	"[35652649.48312546 35652649.48312546 35652649.48312546 35652649.48312546
 35652649.48312546 35652649.48312546 35652649.48312546 35652649.48312546
 35652649.48312546 35652649.48312546 35652649.48312546 35652649.48312546
 35652649.48312546 35652649.48312546 35652649.48312546 35652649.48312546
 35652649.48312546 35652649.48312546 35652649.48312546 35652649.48312546]"
3082.926578083042	2.0	trials	3.0	0.0	0.0	0.0	0.0	True	40.0	1.86	0.005	"[35682020.57943647 35682020.57943647 35682020.57943647 35682020.57943647
 35682020.57943647 35682020.57943647 35682020.57943647 35682020.57943647
 35682020.57943647 35682020.57943647 35682020.57943647 35682020.57943647
 35682020.57943647 35682020.57943647 35682020.57943647 35682020.57943647
 35682020.57943647 35682020.57943647 35682020.57943647 35682020.57943647]"
3086.8301428832797	2.0	trials	3.0	0.0	0.0	0.0	0.0	True	40.0	1.86	0.005	"[35727200.72758708 35727200.72758708 35727200.72758708 35727200.72758708
 35727200.72758708 35727200.72758708 35727200.72758708 35727200.72758708
 35727200.72758708 35727200.72758708 35727200.72758708 35727200.72758708
 35727200.72758708 35727200.72758708 35727200.72758708 35727200.72758708
 35727200.72758708 35727200.72758708 35727200.72758708 35727200.72758708]"
3089.6439409100462	2.0	trials	3.0	0.0	0.0	0.0	0.0	True	40.0	1.86	0.005	"[35759767.83437815 35759767.83437815 35759767.83437815 35759767.83437815
 35759767.83437815 35759767.83437815 35759767.83437815 35759767.83437815
 35759767.83437815 35759767.83437815 35759767.83437815 35759767.83437815
 35759767.83437815 35759767.83437815 35759767.83437815 35759767.83437815
 35759767.83437815 35759767.83437815 35759767.83437815 35759767.83437815]"
3092.9139324327243	2.0	trials	3.0	0.0	0.0	0.0	0.0	True	40.0	1.86	0.005	"[35797614.95848298 35797614.95848298 35797614.95848298 35797614.95848298
 35797614.95848298 35797614.95848298 35797614.95848298 35797614.95848298
 35797614.95848298 35797614.95848298 35797614.95848298 35797614.95848298
 35797614.95848298 35797614.95848298 35797614.95848298 35797614.95848298
 35797614.95848298 35797614.95848298 35797614.95848298 35797614.95848298]"
3095.4882288741373	2.0	trials	3.0	0.0	0.0	0.0	0.0	True	40.0	1.86	0.005	"[35827410.05618433 35827410.05618433 35827410.05618433 35827410.05618433
 35827410.05618433 35827410.05618433 35827410.05618433 35827410.05618433
 35827410.05618433 35827410.05618433 35827410.05618433 35827410.05618433
 35827410.05618433 35827410.05618433 35827410.05618433 35827410.05618433
 35827410.05618433 35827410.05618433 35827410.05618433 35827410.05618433]"
3098.958582653826	2.0	trials	3.0	0.0	0.0	0.0	0.0	True	40.0	1.86	0.005	"[35867576.18789344 35867576.18789344 35867576.18789344 35867576.18789344
 35867576.18789344 35867576.18789344 35867576.18789344 35867576.18789344
 35867576.18789344 35867576.18789344 35867576.18789344 35867576.18789344
 35867576.18789344 35867576.18789344 35867576.18789344 35867576.18789344
 35867576.18789344 35867576.18789344 35867576.18789344 35867576.18789344]"
3101.1464106279655	2.0	trials	3.0	0.0	0.0	0.0	0.0	True	40.0	1.86	0.005	"[35892898.2709273 35892898.2709273 35892898.2709273 35892898.2709273
 35892898.2709273 35892898.2709273 35892898.2709273 35892898.2709273
 35892898.2709273 35892898.2709273 35892898.2709273 35892898.2709273
 35892898.2709273 35892898.2709273 35892898.2709273 35892898.2709273
 35892898.2709273 35892898.2709273 35892898.2709273 35892898.2709273]"
3104.8122018485165	2.0	trials	3.0	0.0	0.0	0.0	0.0	True	40.0	1.86	0.005	"[35935326.41005377 35935326.41005377 35935326.41005377 35935326.41005377
 35935326.41005377 35935326.41005377 35935326.41005377 35935326.41005377
 35935326.41005377 35935326.41005377 35935326.41005377 35935326.41005377
 35935326.41005377 35935326.41005377 35935326.41005377 35935326.41005377
 35935326.41005377 35935326.41005377 35935326.41005377 35935326.41005377]"
3107.189246443118	2.0	trials	3.0	0.0	0.0	0.0	0.0	True	40.0	1.86	0.005	"[35962838.50026889 35962838.50026889 35962838.50026889 35962838.50026889
 35962838.50026889 35962838.50026889 35962838.50026889 35962838.50026889
 35962838.50026889 35962838.50026889 35962838.50026889 35962838.50026889
 35962838.50026889 35962838.50026889 35962838.50026889 35962838.50026889
 35962838.50026889 35962838.50026889 35962838.50026889 35962838.50026889]"
3110.314690291807	2.0	trials	3.0	0.0	0.0	0.0	0.0	True	40.0	1.86	0.005	"[35999012.61888774 35999012.61888774 35999012.61888774 35999012.61888774
 35999012.61888774 35999012.61888774 35999012.61888774 35999012.61888774
 35999012.61888774 35999012.61888774 35999012.61888774 35999012.61888774
 35999012.61888774 35999012.61888774 35999012.61888774 35999012.61888774
 35999012.61888774 35999012.61888774 35999012.61888774 35999012.61888774]"
3113.008823926181	2.0	trials	3.0	0.0	0.0	0.0	0.0	True	40.0	1.86	0.005	"[36030194.72113724 36030194.72113724 36030194.72113724 36030194.72113724
 36030194.72113724 36030194.72113724 36030194.72113724 36030194.72113724
 36030194.72113724 36030194.72113724 36030194.72113724 36030194.72113724
 36030194.72113724 36030194.72113724 36030194.72113724 36030194.72113724
 36030194.72113724 36030194.72113724 36030194.72113724 36030194.72113724]"
3116.1780727185114	2.0	trials	3.0	0.0	0.0	0.0	0.0	True	40.0	1.86	0.005	"[36066875.84141861 36066875.84141861 36066875.84141861 36066875.84141861
 36066875.84141861 36066875.84141861 36066875.84141861 36066875.84141861
 36066875.84141861 36066875.84141861 36066875.84141861 36066875.84141861
 36066875.84141861 36066875.84141861 36066875.84141861 36066875.84141861
 36066875.84141861 36066875.84141861 36066875.84141861 36066875.84141861]"
3120.076280701183	2.0	trials	3.0	0.0	0.0	0.0	0.0	True	40.0	1.86	0.005	"[36111993.98936591 36111993.98936591 36111993.98936591 36111993.98936591
 36111993.98936591 36111993.98936591 36111993.98936591 36111993.98936591
 36111993.98936591 36111993.98936591 36111993.98936591 36111993.98936591
 36111993.98936591 36111993.98936591 36111993.98936591 36111993.98936591
 36111993.98936591 36111993.98936591 36111993.98936591 36111993.98936591]"
3123.01043432261	2.0	trials	3.0	0.0	0.0	0.0	0.0	True	40.0	1.86	0.005	"[36145954.1007248 36145954.1007248 36145954.1007248 36145954.1007248
 36145954.1007248 36145954.1007248 36145954.1007248 36145954.1007248
 36145954.1007248 36145954.1007248 36145954.1007248 36145954.1007248
 36145954.1007248 36145954.1007248 36145954.1007248 36145954.1007248
 36145954.1007248 36145954.1007248 36145954.1007248 36145954.1007248]"
3125.9201366638576	2.0	trials	3.0	0.0	0.0	0.0	0.0	True	40.0	1.86	0.005	"[36179631.21115569 36179631.21115569 36179631.21115569 36179631.21115569
 36179631.21115569 36179631.21115569 36179631.21115569 36179631.21115569
 36179631.21115569 36179631.21115569 36179631.21115569 36179631.21115569
 36179631.21115569 36179631.21115569 36179631.21115569 36179631.21115569
 36179631.21115569 36179631.21115569 36179631.21115569 36179631.21115569]"
3128.590510220319	2.0	trials	3.0	0.0	0.0	0.0	0.0	True	40.0	1.86	0.005	"[36210538.31250343 36210538.31250343 36210538.31250343 36210538.31250343
 36210538.31250343 36210538.31250343 36210538.31250343 36210538.31250343
 36210538.31250343 36210538.31250343 36210538.31250343 36210538.31250343
 36210538.31250343 36210538.31250343 36210538.31250343 36210538.31250343
 36210538.31250343 36210538.31250343 36210538.31250343 36210538.31250343]"
3132.0822912702706	2.0	trials	3.0	0.0	0.0	0.0	0.0	True	40.0	1.86	0.005	"[36250952.44502576 36250952.44502576 36250952.44502576 36250952.44502576
 36250952.44502576 36250952.44502576 36250952.44502576 36250952.44502576
 36250952.44502576 36250952.44502576 36250952.44502576 36250952.44502576
 36250952.44502576 36250952.44502576 36250952.44502576 36250952.44502576
 36250952.44502576 36250952.44502576 36250952.44502576 36250952.44502576]"
3134.836386701266	2.0	trials	3.0	0.0	0.0	0.0	0.0	True	40.0	1.86	0.005	"[36282828.54955096 36282828.54955096 36282828.54955096 36282828.54955096
 36282828.54955096 36282828.54955096 36282828.54955096 36282828.54955096
 36282828.54955096 36282828.54955096 36282828.54955096 36282828.54955096
 36282828.54955096 36282828.54955096 36282828.54955096 36282828.54955096
 36282828.54955096 36282828.54955096 36282828.54955096 36282828.54955096]"
3138.5086579430645	2.0	trials	3.0	0.0	0.0	0.0	0.0	True	40.0	1.86	0.005	"[36325331.68892336 36325331.68892336 36325331.68892336 36325331.68892336
 36325331.68892336 36325331.68892336 36325331.68892336 36325331.68892336
 36325331.68892336 36325331.68892336 36325331.68892336 36325331.68892336
 36325331.68892336 36325331.68892336 36325331.68892336 36325331.68892336
 36325331.68892336 36325331.68892336 36325331.68892336 36325331.68892336]"
3140.9740900274996	2.0	trials	3.0	0.0	0.0	0.0	0.0	True	40.0	1.86	0.005	"[36353866.78249303 36353866.78249303 36353866.78249303 36353866.78249303
 36353866.78249303 36353866.78249303 36353866.78249303 36353866.78249303
 36353866.78249303 36353866.78249303 36353866.78249303 36353866.78249303
 36353866.78249303 36353866.78249303 36353866.78249303 36353866.78249303
 36353866.78249303 36353866.78249303 36353866.78249303 36353866.78249303]"
3144.9653511153033	2.0	trials	3.0	0.0	0.0	0.0	0.0	True	40.0	1.86	0.005	"[36400061.93397194 36400061.93397194 36400061.93397194 36400061.93397194
 36400061.93397194 36400061.93397194 36400061.93397194 36400061.93397194
 36400061.93397194 36400061.93397194 36400061.93397194 36400061.93397194
 36400061.93397194 36400061.93397194 36400061.93397194 36400061.93397194
 36400061.93397194 36400061.93397194 36400061.93397194 36400061.93397194]"
3147.9343240509065	2.0	trials	3.0	0.0	0.0	0.0	0.0	True	40.0	1.86	0.005	"[36434425.04665231 36434425.04665231 36434425.04665231 36434425.04665231
 36434425.04665231 36434425.04665231 36434425.04665231 36434425.04665231
 36434425.04665231 36434425.04665231 36434425.04665231 36434425.04665231
 36434425.04665231 36434425.04665231 36434425.04665231 36434425.04665231
 36434425.04665231 36434425.04665231 36434425.04665231 36434425.04665231]"
3150.9823532457444	2.0	trials	3.0	0.0	0.0	0.0	0.0	True	40.0	1.86	0.005	"[36469703.16233308 36469703.16233308 36469703.16233308 36469703.16233308
 36469703.16233308 36469703.16233308 36469703.16233308 36469703.16233308
 36469703.16233308 36469703.16233308 36469703.16233308 36469703.16233308
 36469703.16233308 36469703.16233308 36469703.16233308 36469703.16233308
 36469703.16233308 36469703.16233308 36469703.16233308 36469703.16233308]"
3154.468431876996	2.0	trials	3.0	0.0	0.0	0.0	0.0	True	40.0	1.86	0.005	"[36510051.29463898 36510051.29463898 36510051.29463898 36510051.29463898
 36510051.29463898 36510051.29463898 36510051.29463898 36510051.29463898
 36510051.29463898 36510051.29463898 36510051.29463898 36510051.29463898
 36510051.29463898 36510051.29463898 36510051.29463898 36510051.29463898
 36510051.29463898 36510051.29463898 36510051.29463898 36510051.29463898]"
3157.4925281933547	2.0	trials	3.0	0.0	0.0	0.0	0.0	True	40.0	1.86	0.005	"[36545052.40941142 36545052.40941142 36545052.40941142 36545052.40941142
 36545052.40941142 36545052.40941142 36545052.40941142 36545052.40941142
 36545052.40941142 36545052.40941142 36545052.40941142 36545052.40941142
 36545052.40941142 36545052.40941142 36545052.40941142 36545052.40941142
 36545052.40941142 36545052.40941142 36545052.40941142 36545052.40941142]"
3159.688736994976	2.0	trials	3.0	0.0	0.0	0.0	0.0	True	40.0	1.86	0.005	"[36570471.49276336 36570471.49276336 36570471.49276336 36570471.49276336
 36570471.49276336 36570471.49276336 36570471.49276336 36570471.49276336
 36570471.49276336 36570471.49276336 36570471.49276336 36570471.49276336
 36570471.49276336 36570471.49276336 36570471.49276336 36570471.49276336
 36570471.49276336 36570471.49276336 36570471.49276336 36570471.49276336]"
3161.9141490923575	2.0	trials	3.0	0.0	0.0	0.0	0.0	True	40.0	1.86	0.005	"[36596228.57722363 36596228.57722363 36596228.57722363 36596228.57722363
 36596228.57722363 36596228.57722363 36596228.57722363 36596228.57722363
 36596228.57722363 36596228.57722363 36596228.57722363 36596228.57722363
 36596228.57722363 36596228.57722363 36596228.57722363 36596228.57722363
 36596228.57722363 36596228.57722363 36596228.57722363 36596228.57722363]"
3164.158655652353	2.0	trials	3.0	0.0	0.0	0.0	0.0	True	40.0	1.86	0.005	"[36622206.66240859 36622206.66240859 36622206.66240859 36622206.66240859
 36622206.66240859 36622206.66240859 36622206.66240859 36622206.66240859
 36622206.66240859 36622206.66240859 36622206.66240859 36622206.66240859
 36622206.66240859 36622206.66240859 36622206.66240859 36622206.66240859
 36622206.66240859 36622206.66240859 36622206.66240859 36622206.66240859]"
3167.5603212068045	2.0	trials	3.0	0.0	0.0	0.0	0.0	True	40.0	1.86	0.005	"[36661577.79151079 36661577.79151079 36661577.79151079 36661577.79151079
 36661577.79151079 36661577.79151079 36661577.79151079 36661577.79151079
 36661577.79151079 36661577.79151079 36661577.79151079 36661577.79151079
 36661577.79151079 36661577.79151079 36661577.79151079 36661577.79151079
 36661577.79151079 36661577.79151079 36661577.79151079 36661577.79151079]"
3171.6406609867076	2.0	trials	3.0	0.0	0.0	0.0	0.0	True	40.0	1.86	0.005	"[36708803.94637047 36708803.94637047 36708803.94637047 36708803.94637047
 36708803.94637047 36708803.94637047 36708803.94637047 36708803.94637047
 36708803.94637047 36708803.94637047 36708803.94637047 36708803.94637047
 36708803.94637047 36708803.94637047 36708803.94637047 36708803.94637047
 36708803.94637047 36708803.94637047 36708803.94637047 36708803.94637047]"
3174.592872267347	2.0	trials	3.0	0.0	0.0	0.0	0.0	True	40.0	1.86	0.005	"[36742973.0584147 36742973.0584147 36742973.0584147 36742973.0584147
 36742973.0584147 36742973.0584147 36742973.0584147 36742973.0584147
 36742973.0584147 36742973.0584147 36742973.0584147 36742973.0584147
 36742973.0584147 36742973.0584147 36742973.0584147 36742973.0584147
 36742973.0584147 36742973.0584147 36742973.0584147 36742973.0584147]"
3178.492635455118	2.0	trials	3.0	0.0	0.0	0.0	0.0	True	40.0	1.86	0.005	"[36788109.20642102 36788109.20642102 36788109.20642102 36788109.20642102
 36788109.20642102 36788109.20642102 36788109.20642102 36788109.20642102
 36788109.20642102 36788109.20642102 36788109.20642102 36788109.20642102
 36788109.20642102 36788109.20642102 36788109.20642102 36788109.20642102
 36788109.20642102 36788109.20642102 36788109.20642102 36788109.20642102]"
3181.7688477981947	2.0	trials	3.0	0.0	0.0	0.0	0.0	True	40.0	1.86	0.005	"[36826028.33076194 36826028.33076194 36826028.33076194 36826028.33076194
 36826028.33076194 36826028.33076194 36826028.33076194 36826028.33076194
 36826028.33076194 36826028.33076194 36826028.33076194 36826028.33076194
 36826028.33076194 36826028.33076194 36826028.33076194 36826028.33076194
 36826028.33076194 36826028.33076194 36826028.33076194 36826028.33076194]"
3185.135089236487	2.0	trials	3.0	0.0	0.0	0.0	0.0	True	40.0	1.86	0.005	"[36864989.4585197 36864989.4585197 36864989.4585197 36864989.4585197
 36864989.4585197 36864989.4585197 36864989.4585197 36864989.4585197
 36864989.4585197 36864989.4585197 36864989.4585197 36864989.4585197
 36864989.4585197 36864989.4585197 36864989.4585197 36864989.4585197
 36864989.4585197 36864989.4585197 36864989.4585197 36864989.4585197]"
3188.974372225937	2.0	trials	3.0	0.0	0.0	0.0	0.0	True	40.0	1.86	0.005	"[36909425.60423064 36909425.60423064 36909425.60423064 36909425.60423064
 36909425.60423064 36909425.60423064 36909425.60423064 36909425.60423064
 36909425.60423064 36909425.60423064 36909425.60423064 36909425.60423064
 36909425.60423064 36909425.60423064 36909425.60423064 36909425.60423064
 36909425.60423064 36909425.60423064 36909425.60423064 36909425.60423064]"
3192.2806518676075	2.0	trials	3.0	0.0	0.0	0.0	0.0	True	40.0	1.86	0.005	"[36947692.72971269 36947692.72971269 36947692.72971269 36947692.72971269
 36947692.72971269 36947692.72971269 36947692.72971269 36947692.72971269
 36947692.72971269 36947692.72971269 36947692.72971269 36947692.72971269
 36947692.72971269 36947692.72971269 36947692.72971269 36947692.72971269
 36947692.72971269 36947692.72971269 36947692.72971269 36947692.72971269]"
3195.071381018729	2.0	trials	3.0	0.0	0.0	0.0	0.0	True	40.0	1.86	0.005	"[36979992.83562825 36979992.83562825 36979992.83562825 36979992.83562825
 36979992.83562825 36979992.83562825 36979992.83562825 36979992.83562825
 36979992.83562825 36979992.83562825 36979992.83562825 36979992.83562825
 36979992.83562825 36979992.83562825 36979992.83562825 36979992.83562825
 36979992.83562825 36979992.83562825 36979992.83562825 36979992.83562825]"
3197.6207941785474	2.0	trials	3.0	0.0	0.0	0.0	0.0	True	40.0	1.86	0.005	"[37009499.93238521 37009499.93238521 37009499.93238521 37009499.93238521
 37009499.93238521 37009499.93238521 37009499.93238521 37009499.93238521
 37009499.93238521 37009499.93238521 37009499.93238521 37009499.93238521
 37009499.93238521 37009499.93238521 37009499.93238521 37009499.93238521
 37009499.93238521 37009499.93238521 37009499.93238521 37009499.93238521]"
3201.6171528830664	2.0	trials	3.0	0.0	0.0	0.0	0.0	True	40.0	1.86	0.005	"[37055754.08405759 37055754.08405759 37055754.08405759 37055754.08405759
 37055754.08405759 37055754.08405759 37055754.08405759 37055754.08405759
 37055754.08405759 37055754.08405759 37055754.08405759 37055754.08405759
 37055754.08405759 37055754.08405759 37055754.08405759 37055754.08405759
 37055754.08405759 37055754.08405759 37055754.08405759 37055754.08405759]"
3205.6612909442592	2.0	trials	3.0	0.0	0.0	0.0	0.0	True	40.0	1.86	0.005	"[37102561.23754332 37102561.23754332 37102561.23754332 37102561.23754332
 37102561.23754332 37102561.23754332 37102561.23754332 37102561.23754332
 37102561.23754332 37102561.23754332 37102561.23754332 37102561.23754332
 37102561.23754332 37102561.23754332 37102561.23754332 37102561.23754332
 37102561.23754332 37102561.23754332 37102561.23754332 37102561.23754332]"
3208.409511155989	2.0	trials	3.0	0.0	0.0	0.0	0.0	True	40.0	1.86	0.005	"[37134369.34184555 37134369.34184555 37134369.34184555 37134369.34184555
 37134369.34184555 37134369.34184555 37134369.34184555 37134369.34184555
 37134369.34184555 37134369.34184555 37134369.34184555 37134369.34184555
 37134369.34184555 37134369.34184555 37134369.34184555 37134369.34184555
 37134369.34184555 37134369.34184555 37134369.34184555 37134369.34184555]"
3211.0793663107515	2.0	trials	3.0	0.0	0.0	0.0	0.0	True	40.0	1.86	0.005	"[37165270.44317362 37165270.44317362 37165270.44317362 37165270.44317362
 37165270.44317362 37165270.44317362 37165270.44317362 37165270.44317362
 37165270.44317362 37165270.44317362 37165270.44317362 37165270.44317362
 37165270.44317362 37165270.44317362 37165270.44317362 37165270.44317362
 37165270.44317362 37165270.44317362 37165270.44317362 37165270.44317362]"
3215.1295523917756	2.0	trials	3.0	0.0	0.0	0.0	0.0	True	40.0	1.86	0.005	"[37212147.59688888 37212147.59688888 37212147.59688888 37212147.59688888
 37212147.59688888 37212147.59688888 37212147.59688888 37212147.59688888
 37212147.59688888 37212147.59688888 37212147.59688888 37212147.59688888
 37212147.59688888 37212147.59688888 37212147.59688888 37212147.59688888
 37212147.59688888 37212147.59688888 37212147.59688888 37212147.59688888]"
3218.237197782102	2.0	trials	3.0	0.0	0.0	0.0	0.0	True	40.0	1.86	0.005	"[37248115.71483224 37248115.71483224 37248115.71483224 37248115.71483224
 37248115.71483224 37248115.71483224 37248115.71483224 37248115.71483224
 37248115.71483224 37248115.71483224 37248115.71483224 37248115.71483224
 37248115.71483224 37248115.71483224 37248115.71483224 37248115.71483224
 37248115.71483224 37248115.71483224 37248115.71483224 37248115.71483224]"
3221.8695520930087	2.0	trials	3.0	0.0	0.0	0.0	0.0	True	40.0	1.86	0.005	"[37290156.85268968 37290156.85268968 37290156.85268968 37290156.85268968
 37290156.85268968 37290156.85268968 37290156.85268968 37290156.85268968
 37290156.85268968 37290156.85268968 37290156.85268968 37290156.85268968
 37290156.85268968 37290156.85268968 37290156.85268968 37290156.85268968
 37290156.85268968 37290156.85268968 37290156.85268968 37290156.85268968]"
3225.7430495946523	2.0	trials	3.0	0.0	0.0	0.0	0.0	True	40.0	1.86	0.005	"[37334988.99969916 37334988.99969916 37334988.99969916 37334988.99969916
 37334988.99969916 37334988.99969916 37334988.99969916 37334988.99969916
 37334988.99969916 37334988.99969916 37334988.99969916 37334988.99969916
 37334988.99969916 37334988.99969916 37334988.99969916 37334988.99969916
 37334988.99969916 37334988.99969916 37334988.99969916 37334988.99969916]"
3228.7011360945576	2.0	trials	3.0	0.0	0.0	0.0	0.0	True	40.0	1.86	0.005	"[37369226.11196636 37369226.11196636 37369226.11196636 37369226.11196636
 37369226.11196636 37369226.11196636 37369226.11196636 37369226.11196636
 37369226.11196636 37369226.11196636 37369226.11196636 37369226.11196636
 37369226.11196636 37369226.11196636 37369226.11196636 37369226.11196636
 37369226.11196636 37369226.11196636 37369226.11196636 37369226.11196636]"
3231.5930399774425	2.0	trials	3.0	0.0	0.0	0.0	0.0	True	40.0	1.86	0.005	"[37402697.22172176 37402697.22172176 37402697.22172176 37402697.22172176
 37402697.22172176 37402697.22172176 37402697.22172176 37402697.22172176
 37402697.22172176 37402697.22172176 37402697.22172176 37402697.22172176
 37402697.22172176 37402697.22172176 37402697.22172176 37402697.22172176
 37402697.22172176 37402697.22172176 37402697.22172176 37402697.22172176]"
3235.595533102077	2.0	trials	3.0	0.0	0.0	0.0	0.0	True	40.0	1.86	0.005	"[37449022.37362695 37449022.37362695 37449022.37362695 37449022.37362695
 37449022.37362695 37449022.37362695 37449022.37362695 37449022.37362695
 37449022.37362695 37449022.37362695 37449022.37362695 37449022.37362695
 37449022.37362695 37449022.37362695 37449022.37362695 37449022.37362695
 37449022.37362695 37449022.37362695 37449022.37362695 37449022.37362695]"
3239.099323791409	2.0	trials	3.0	0.0	0.0	0.0	0.0	True	40.0	1.86	0.005	"[37489575.50660508 37489575.50660508 37489575.50660508 37489575.50660508
 37489575.50660508 37489575.50660508 37489575.50660508 37489575.50660508
 37489575.50660508 37489575.50660508 37489575.50660508 37489575.50660508
 37489575.50660508 37489575.50660508 37489575.50660508 37489575.50660508
 37489575.50660508 37489575.50660508 37489575.50660508 37489575.50660508]"
3242.813153569483	2.0	trials	3.0	0.0	0.0	0.0	0.0	True	40.0	1.86	0.005	"[37532559.64755473 37532559.64755473 37532559.64755473 37532559.64755473
 37532559.64755473 37532559.64755473 37532559.64755473 37532559.64755473
 37532559.64755473 37532559.64755473 37532559.64755473 37532559.64755473
 37532559.64755473 37532559.64755473 37532559.64755473 37532559.64755473
 37532559.64755473 37532559.64755473 37532559.64755473 37532559.64755473]"
3246.011260056442	2.0	trials	3.0	0.0	0.0	0.0	0.0	True	40.0	1.86	0.005	"[37569574.76893134 37569574.76893134 37569574.76893134 37569574.76893134
 37569574.76893134 37569574.76893134 37569574.76893134 37569574.76893134
 37569574.76893134 37569574.76893134 37569574.76893134 37569574.76893134
 37569574.76893134 37569574.76893134 37569574.76893134 37569574.76893134
 37569574.76893134 37569574.76893134 37569574.76893134 37569574.76893134]"
3249.779090011589	2.0	trials	3.0	0.0	0.0	0.0	0.0	True	40.0	1.86	0.005	"[37613183.91193044 37613183.91193044 37613183.91193044 37613183.91193044
 37613183.91193044 37613183.91193044 37613183.91193044 37613183.91193044
 37613183.91193044 37613183.91193044 37613183.91193044 37613183.91193044
 37613183.91193044 37613183.91193044 37613183.91193044 37613183.91193044
 37613183.91193044 37613183.91193044 37613183.91193044 37613183.91193044]"
3251.903327377207	2.0	trials	3.0	0.0	0.0	0.0	0.0	True	40.0	1.86	0.005	"[37637769.99255086 37637769.99255086 37637769.99255086 37637769.99255086
 37637769.99255086 37637769.99255086 37637769.99255086 37637769.99255086
 37637769.99255086 37637769.99255086 37637769.99255086 37637769.99255086
 37637769.99255086 37637769.99255086 37637769.99255086 37637769.99255086
 37637769.99255086 37637769.99255086 37637769.99255086 37637769.99255086]"
3254.4474701197432	2.0	trials	3.0	0.0	0.0	0.0	0.0	True	40.0	1.86	0.005	"[37667216.08910781 37667216.08910781 37667216.08910781 37667216.08910781
 37667216.08910781 37667216.08910781 37667216.08910781 37667216.08910781
 37667216.08910781 37667216.08910781 37667216.08910781 37667216.08910781
 37667216.08910781 37667216.08910781 37667216.08910781 37667216.08910781
 37667216.08910781 37667216.08910781 37667216.08910781 37667216.08910781]"
3258.3894830460563	2.0	trials	3.0	0.0	0.0	0.0	0.0	True	40.0	1.86	0.005	"[37712841.23871762 37712841.23871762 37712841.23871762 37712841.23871762
 37712841.23871762 37712841.23871762 37712841.23871762 37712841.23871762
 37712841.23871762 37712841.23871762 37712841.23871762 37712841.23871762
 37712841.23871762 37712841.23871762 37712841.23871762 37712841.23871762
 37712841.23871762 37712841.23871762 37712841.23871762 37712841.23871762]"
3260.9812323446995	2.0	trials	3.0	0.0	0.0	0.0	0.0	True	40.0	1.86	0.005	"[37742838.33708136 37742838.33708136 37742838.33708136 37742838.33708136
 37742838.33708136 37742838.33708136 37742838.33708136 37742838.33708136
 37742838.33708136 37742838.33708136 37742838.33708136 37742838.33708136
 37742838.33708136 37742838.33708136 37742838.33708136 37742838.33708136
 37742838.33708136 37742838.33708136 37742838.33708136 37742838.33708136]"
3264.0590696372815	2.0	trials	3.0	0.0	0.0	0.0	0.0	True	40.0	1.86	0.005	"[37778461.45389342 37778461.45389342 37778461.45389342 37778461.45389342
 37778461.45389342 37778461.45389342 37778461.45389342 37778461.45389342
 37778461.45389342 37778461.45389342 37778461.45389342 37778461.45389342
 37778461.45389342 37778461.45389342 37778461.45389342 37778461.45389342
 37778461.45389342 37778461.45389342 37778461.45389342 37778461.45389342]"
3267.6832159212736	2.0	trials	3.0	0.0	0.0	0.0	0.0	True	40.0	1.86	0.005	"[37820407.59143936 37820407.59143936 37820407.59143936 37820407.59143936
 37820407.59143936 37820407.59143936 37820407.59143936 37820407.59143936
 37820407.59143936 37820407.59143936 37820407.59143936 37820407.59143936
 37820407.59143936 37820407.59143936 37820407.59143936 37820407.59143936
 37820407.59143936 37820407.59143936 37820407.59143936 37820407.59143936]"
3271.7751333391407	2.0	trials	3.0	0.0	0.0	0.0	0.0	True	40.0	1.86	0.005	"[37867767.74673844 37867767.74673844 37867767.74673844 37867767.74673844
 37867767.74673844 37867767.74673844 37867767.74673844 37867767.74673844
 37867767.74673844 37867767.74673844 37867767.74673844 37867767.74673844
 37867767.74673844 37867767.74673844 37867767.74673844 37867767.74673844
 37867767.74673844 37867767.74673844 37867767.74673844 37867767.74673844]"
3274.93392769719	2.0	trials	3.0	0.0	0.0	0.0	0.0	True	40.0	1.86	0.005	"[37904327.86662304 37904327.86662304 37904327.86662304 37904327.86662304
 37904327.86662304 37904327.86662304 37904327.86662304 37904327.86662304
 37904327.86662304 37904327.86662304 37904327.86662304 37904327.86662304
 37904327.86662304 37904327.86662304 37904327.86662304 37904327.86662304
 37904327.86662304 37904327.86662304 37904327.86662304 37904327.86662304]"
3277.756797753705	2.0	trials	3.0	0.0	0.0	0.0	0.0	True	40.0	1.86	0.005	"[37936999.97375842 37936999.97375842 37936999.97375842 37936999.97375842
 37936999.97375842 37936999.97375842 37936999.97375842 37936999.97375842
 37936999.97375842 37936999.97375842 37936999.97375842 37936999.97375842
 37936999.97375842 37936999.97375842 37936999.97375842 37936999.97375842
 37936999.97375842 37936999.97375842 37936999.97375842 37936999.97375842]"
3281.723693961613	2.0	trials	3.0	0.0	0.0	0.0	0.0	True	40.0	1.86	0.005	"[37982913.12431262 37982913.12431262 37982913.12431262 37982913.12431262
 37982913.12431262 37982913.12431262 37982913.12431262 37982913.12431262
 37982913.12431262 37982913.12431262 37982913.12431262 37982913.12431262
 37982913.12431262 37982913.12431262 37982913.12431262 37982913.12431262
 37982913.12431262 37982913.12431262 37982913.12431262 37982913.12431262]"
3284.5195207294505	2.0	trials	3.0	0.0	0.0	0.0	0.0	True	40.0	1.86	0.005	"[38015272.23042164 38015272.23042164 38015272.23042164 38015272.23042164
 38015272.23042164 38015272.23042164 38015272.23042164 38015272.23042164
 38015272.23042164 38015272.23042164 38015272.23042164 38015272.23042164
 38015272.23042164 38015272.23042164 38015272.23042164 38015272.23042164
 38015272.23042164 38015272.23042164 38015272.23042164 38015272.23042164]"
3287.7720593948984	2.0	trials	3.0	0.0	0.0	0.0	0.0	True	40.0	1.86	0.005	"[38052917.35386408 38052917.35386408 38052917.35386408 38052917.35386408
 38052917.35386408 38052917.35386408 38052917.35386408 38052917.35386408
 38052917.35386408 38052917.35386408 38052917.35386408 38052917.35386408
 38052917.35386408 38052917.35386408 38052917.35386408 38052917.35386408
 38052917.35386408 38052917.35386408 38052917.35386408 38052917.35386408]"
3290.741464331918	2.0	trials	3.0	0.0	0.0	0.0	0.0	True	40.0	1.86	0.005	"[38087285.46656085 38087285.46656085 38087285.46656085 38087285.46656085
 38087285.46656085 38087285.46656085 38087285.46656085 38087285.46656085
 38087285.46656085 38087285.46656085 38087285.46656085 38087285.46656085
 38087285.46656085 38087285.46656085 38087285.46656085 38087285.46656085
 38087285.46656085 38087285.46656085 38087285.46656085 38087285.46656085]"
3294.0117150554456	2.0	trials	3.0	0.0	0.0	0.0	0.0	True	40.0	1.86	0.005	"[38125135.59067551 38125135.59067551 38125135.59067551 38125135.59067551
 38125135.59067551 38125135.59067551 38125135.59067551 38125135.59067551
 38125135.59067551 38125135.59067551 38125135.59067551 38125135.59067551
 38125135.59067551 38125135.59067551 38125135.59067551 38125135.59067551
 38125135.59067551 38125135.59067551 38125135.59067551 38125135.59067551]"
3296.267540052555	2.0	trials	3.0	0.0	0.0	0.0	0.0	True	40.0	1.86	0.005	"[38151244.67629004 38151244.67629004 38151244.67629004 38151244.67629004
 38151244.67629004 38151244.67629004 38151244.67629004 38151244.67629004
 38151244.67629004 38151244.67629004 38151244.67629004 38151244.67629004
 38151244.67629004 38151244.67629004 38151244.67629004 38151244.67629004
 38151244.67629004 38151244.67629004 38151244.67629004 38151244.67629004]"
3299.1957320544325	2.0	trials	3.0	0.0	0.0	0.0	0.0	True	40.0	1.86	0.005	"[38185135.78742266 38185135.78742266 38185135.78742266 38185135.78742266
 38185135.78742266 38185135.78742266 38185135.78742266 38185135.78742266
 38185135.78742266 38185135.78742266 38185135.78742266 38185135.78742266
 38185135.78742266 38185135.78742266 38185135.78742266 38185135.78742266
 38185135.78742266 38185135.78742266 38185135.78742266 38185135.78742266]"
3302.118135237328	2.0	trials	3.0	0.0	0.0	0.0	0.0	True	40.0	1.86	0.005	"[38218959.89833558 38218959.89833558 38218959.89833558 38218959.89833558
 38218959.89833558 38218959.89833558 38218959.89833558 38218959.89833558
 38218959.89833558 38218959.89833558 38218959.89833558 38218959.89833558
 38218959.89833558 38218959.89833558 38218959.89833558 38218959.89833558
 38218959.89833558 38218959.89833558 38218959.89833558 38218959.89833558]"
3305.4600981960084	2.0	trials	3.0	0.0	0.0	0.0	0.0	True	40.0	1.86	0.005	"[38257640.02517191 38257640.02517191 38257640.02517191 38257640.02517191
 38257640.02517191 38257640.02517191 38257640.02517191 38257640.02517191
 38257640.02517191 38257640.02517191 38257640.02517191 38257640.02517191
 38257640.02517191 38257640.02517191 38257640.02517191 38257640.02517191
 38257640.02517191 38257640.02517191 38257640.02517191 38257640.02517191]"
3307.5956539987405	2.0	trials	3.0	0.0	0.0	0.0	0.0	True	40.0	1.86	0.005	"[38282357.1062219 38282357.1062219 38282357.1062219 38282357.1062219
 38282357.1062219 38282357.1062219 38282357.1062219 38282357.1062219
 38282357.1062219 38282357.1062219 38282357.1062219 38282357.1062219
 38282357.1062219 38282357.1062219 38282357.1062219 38282357.1062219
 38282357.1062219 38282357.1062219 38282357.1062219 38282357.1062219]"
3310.1528431840575	2.0	trials	3.0	0.0	0.0	0.0	0.0	True	40.0	1.86	0.005	"[38311954.20327399 38311954.20327399 38311954.20327399 38311954.20327399
 38311954.20327399 38311954.20327399 38311954.20327399 38311954.20327399
 38311954.20327399 38311954.20327399 38311954.20327399 38311954.20327399
 38311954.20327399 38311954.20327399 38311954.20327399 38311954.20327399
 38311954.20327399 38311954.20327399 38311954.20327399 38311954.20327399]"
3312.7744869807298	2.0	trials	3.0	0.0	0.0	0.0	0.0	True	40.0	1.86	0.005	"[38342297.30277231 38342297.30277231 38342297.30277231 38342297.30277231
 38342297.30277231 38342297.30277231 38342297.30277231 38342297.30277231
 38342297.30277231 38342297.30277231 38342297.30277231 38342297.30277231
 38342297.30277231 38342297.30277231 38342297.30277231 38342297.30277231
 38342297.30277231 38342297.30277231 38342297.30277231 38342297.30277231]"
3316.710019885794	2.0	trials	3.0	0.0	0.0	0.0	0.0	True	40.0	1.86	0.005	"[38387847.45213619 38387847.45213619 38387847.45213619 38387847.45213619
 38387847.45213619 38387847.45213619 38387847.45213619 38387847.45213619
 38387847.45213619 38387847.45213619 38387847.45213619 38387847.45213619
 38387847.45213619 38387847.45213619 38387847.45213619 38387847.45213619
 38387847.45213619 38387847.45213619 38387847.45213619 38387847.45213619]"
3319.0319410996394	2.0	trials	3.0	0.0	0.0	0.0	0.0	True	40.0	1.86	0.005	"[38414721.54025923 38414721.54025923 38414721.54025923 38414721.54025923
 38414721.54025923 38414721.54025923 38414721.54025923 38414721.54025923
 38414721.54025923 38414721.54025923 38414721.54025923 38414721.54025923
 38414721.54025923 38414721.54025923 38414721.54025923 38414721.54025923
 38414721.54025923 38414721.54025923 38414721.54025923 38414721.54025923]"
3321.820769444528	2.0	trials	3.0	0.0	0.0	0.0	0.0	True	40.0	1.86	0.005	"[38446999.64610264 38446999.64610264 38446999.64610264 38446999.64610264
 38446999.64610264 38446999.64610264 38446999.64610264 38446999.64610264
 38446999.64610264 38446999.64610264 38446999.64610264 38446999.64610264
 38446999.64610264 38446999.64610264 38446999.64610264 38446999.64610264
 38446999.64610264 38446999.64610264 38446999.64610264 38446999.64610264]"
3325.714571012751	2.0	trials	3.0	0.0	0.0	0.0	0.0	True	40.0	1.86	0.005	"[38492066.79388271 38492066.79388271 38492066.79388271 38492066.79388271
 38492066.79388271 38492066.79388271 38492066.79388271 38492066.79388271
 38492066.79388271 38492066.79388271 38492066.79388271 38492066.79388271
 38492066.79388271 38492066.79388271 38492066.79388271 38492066.79388271
 38492066.79388271 38492066.79388271 38492066.79388271 38492066.79388271]"
3328.2176736207116	2.0	trials	3.0	0.0	0.0	0.0	0.0	True	40.0	1.86	0.005	"[38521037.88888207 38521037.88888207 38521037.88888207 38521037.88888207
 38521037.88888207 38521037.88888207 38521037.88888207 38521037.88888207
 38521037.88888207 38521037.88888207 38521037.88888207 38521037.88888207
 38521037.88888207 38521037.88888207 38521037.88888207 38521037.88888207
 38521037.88888207 38521037.88888207 38521037.88888207 38521037.88888207]"
3331.625991996979	2.0	trials	4.0	0.0	0.0	0.0	0.0	True	40.0	1.86	0.005	"[38560486.01823676 38560486.01823676 38560486.01823676 38560486.01823676
 38560486.01823676 38560486.01823676 38560486.01823676 38560486.01823676
 38560486.01823676 38560486.01823676 38560486.01823676 38560486.01823676
 38560486.01823676 38560486.01823676 38560486.01823676 38560486.01823676
 38560486.01823676 38560486.01823676 38560486.01823676 38560486.01823676]"
3334.3861354478063	2.0	trials	4.0	0.0	0.0	0.0	0.0	True	40.0	1.86	0.005	"[38592432.12299151 38592432.12299151 38592432.12299151 38592432.12299151
 38592432.12299151 38592432.12299151 38592432.12299151 38592432.12299151
 38592432.12299151 38592432.12299151 38592432.12299151 38592432.12299151
 38592432.12299151 38592432.12299151 38592432.12299151 38592432.12299151
 38592432.12299151 38592432.12299151 38592432.12299151 38592432.12299151]"
3445.3245312275453	2.0	trials	4.0	0.0	0.0	0.0	0.0	True	40.0	1.86	0.005	"[39876441.33339693 39876441.33339693 39876441.33339693 39876441.33339693
 39876441.33339693 39876441.33339693 39876441.33339693 39876441.33339693
 39876441.33339693 39876441.33339693 39876441.33339693 39876441.33339693
 39876441.33339693 39876441.33339693 39876441.33339693 39876441.33339693
 39876441.33339693 39876441.33339693 39876441.33339693 39876441.33339693]"
3449.0766363311286	2.0	trials	4.0	0.0	0.0	0.0	0.0	True	40.0	1.86	0.005	"[39919868.47579924 39919868.47579924 39919868.47579924 39919868.47579924
 39919868.47579924 39919868.47579924 39919868.47579924 39919868.47579924
 39919868.47579924 39919868.47579924 39919868.47579924 39919868.47579924
 39919868.47579924 39919868.47579924 39919868.47579924 39919868.47579924
 39919868.47579924 39919868.47579924 39919868.47579924 39919868.47579924]"
3452.71875387405	2.0	trials	4.0	0.0	0.0	0.0	0.0	True	40.0	1.86	0.005	"[39962022.61402723 39962022.61402723 39962022.61402723 39962022.61402723
 39962022.61402723 39962022.61402723 39962022.61402723 39962022.61402723
 39962022.61402723 39962022.61402723 39962022.61402723 39962022.61402723
 39962022.61402723 39962022.61402723 39962022.61402723 39962022.61402723
 39962022.61402723 39962022.61402723 39962022.61402723 39962022.61402723]"
3455.0568319408767	2.0	trials	4.0	0.0	0.0	0.0	0.0	True	40.0	1.86	0.005	"[39989083.70276348 39989083.70276348 39989083.70276348 39989083.70276348
 39989083.70276348 39989083.70276348 39989083.70276348 39989083.70276348
 39989083.70276348 39989083.70276348 39989083.70276348 39989083.70276348
 39989083.70276348 39989083.70276348 39989083.70276348 39989083.70276348
 39989083.70276348 39989083.70276348 39989083.70276348 39989083.70276348]"
3457.282762439959	2.0	trials	4.0	0.0	0.0	0.0	0.0	True	40.0	1.86	0.005	"[40014846.78724343 40014846.78724343 40014846.78724343 40014846.78724343
 40014846.78724343 40014846.78724343 40014846.78724343 40014846.78724343
 40014846.78724343 40014846.78724343 40014846.78724343 40014846.78724343
 40014846.78724343 40014846.78724343 40014846.78724343 40014846.78724343
 40014846.78724343 40014846.78724343 40014846.78724343 40014846.78724343]"
3460.709138475439	2.0	trials	4.0	0.0	0.0	0.0	0.0	True	40.0	1.86	0.005	"[40054503.91728345 40054503.91728345 40054503.91728345 40054503.91728345
 40054503.91728345 40054503.91728345 40054503.91728345 40054503.91728345
 40054503.91728345 40054503.91728345 40054503.91728345 40054503.91728345
 40054503.91728345 40054503.91728345 40054503.91728345 40054503.91728345
 40054503.91728345 40054503.91728345 40054503.91728345 40054503.91728345]"
3464.7057563808085	2.0	trials	4.0	0.0	0.0	0.0	0.0	True	40.0	1.86	0.005	"[40100761.06896567 40100761.06896567 40100761.06896567 40100761.06896567
 40100761.06896567 40100761.06896567 40100761.06896567 40100761.06896567
 40100761.06896567 40100761.06896567 40100761.06896567 40100761.06896567
 40100761.06896567 40100761.06896567 40100761.06896567 40100761.06896567
 40100761.06896567 40100761.06896567 40100761.06896567 40100761.06896567]"
3468.221038307821	2.0	trials	4.0	0.0	0.0	0.0	0.0	True	40.0	1.86	0.005	"[40141447.20237991 40141447.20237991 40141447.20237991 40141447.20237991
 40141447.20237991 40141447.20237991 40141447.20237991 40141447.20237991
 40141447.20237991 40141447.20237991 40141447.20237991 40141447.20237991
 40141447.20237991 40141447.20237991 40141447.20237991 40141447.20237991
 40141447.20237991 40141447.20237991 40141447.20237991 40141447.20237991]"
3470.4157783046257	2.0	trials	4.0	0.0	0.0	0.0	0.0	True	40.0	1.86	0.005	"[40166849.2856761 40166849.2856761 40166849.2856761 40166849.2856761
 40166849.2856761 40166849.2856761 40166849.2856761 40166849.2856761
 40166849.2856761 40166849.2856761 40166849.2856761 40166849.2856761
 40166849.2856761 40166849.2856761 40166849.2856761 40166849.2856761
 40166849.2856761 40166849.2856761 40166849.2856761 40166849.2856761]"
3474.1790290447566	2.0	trials	4.0	0.0	0.0	0.0	0.0	True	40.0	1.86	0.005	"[40210405.42850141 40210405.42850141 40210405.42850141 40210405.42850141
 40210405.42850141 40210405.42850141 40210405.42850141 40210405.42850141
 40210405.42850141 40210405.42850141 40210405.42850141 40210405.42850141
 40210405.42850141 40210405.42850141 40210405.42850141 40210405.42850141
 40210405.42850141 40210405.42850141 40210405.42850141 40210405.42850141]"
3477.4497981699838	2.0	trials	4.0	0.0	0.0	0.0	0.0	True	40.0	1.86	0.005	"[40248261.55263574 40248261.55263574 40248261.55263574 40248261.55263574
 40248261.55263574 40248261.55263574 40248261.55263574 40248261.55263574
 40248261.55263574 40248261.55263574 40248261.55263574 40248261.55263574
 40248261.55263574 40248261.55263574 40248261.55263574 40248261.55263574
 40248261.55263574 40248261.55263574 40248261.55263574 40248261.55263574]"
3480.6291557954632	2.0	trials	4.0	0.0	0.0	0.0	0.0	True	40.0	1.86	0.005	"[40285059.67330078 40285059.67330078 40285059.67330078 40285059.67330078
 40285059.67330078 40285059.67330078 40285059.67330078 40285059.67330078
 40285059.67330078 40285059.67330078 40285059.67330078 40285059.67330078
 40285059.67330078 40285059.67330078 40285059.67330078 40285059.67330078
 40285059.67330078 40285059.67330078 40285059.67330078 40285059.67330078]"
3483.028923664578	2.0	trials	4.0	0.0	0.0	0.0	0.0	True	40.0	1.86	0.005	"[40312834.76437832 40312834.76437832 40312834.76437832 40312834.76437832
 40312834.76437832 40312834.76437832 40312834.76437832 40312834.76437832
 40312834.76437832 40312834.76437832 40312834.76437832 40312834.76437832
 40312834.76437832 40312834.76437832 40312834.76437832 40312834.76437832
 40312834.76437832 40312834.76437832 40312834.76437832 40312834.76437832]"
3485.3626817172385	2.0	trials	4.0	0.0	0.0	0.0	0.0	True	40.0	1.86	0.005	"[40339845.8529506 40339845.8529506 40339845.8529506 40339845.8529506
 40339845.8529506 40339845.8529506 40339845.8529506 40339845.8529506
 40339845.8529506 40339845.8529506 40339845.8529506 40339845.8529506
 40339845.8529506 40339845.8529506 40339845.8529506 40339845.8529506
 40339845.8529506 40339845.8529506 40339845.8529506 40339845.8529506]"
3487.7569199682202	2.0	trials	4.0	0.0	0.0	0.0	0.0	True	40.0	1.86	0.005	"[40367556.94381827 40367556.94381827 40367556.94381827 40367556.94381827
 40367556.94381827 40367556.94381827 40367556.94381827 40367556.94381827
 40367556.94381827 40367556.94381827 40367556.94381827 40367556.94381827
 40367556.94381827 40367556.94381827 40367556.94381827 40367556.94381827
 40367556.94381827 40367556.94381827 40367556.94381827 40367556.94381827]"
3490.8135027911067	2.0	trials	4.0	0.0	0.0	0.0	0.0	True	40.0	1.86	0.005	"[40402934.05982368 40402934.05982368 40402934.05982368 40402934.05982368
 40402934.05982368 40402934.05982368 40402934.05982368 40402934.05982368
 40402934.05982368 40402934.05982368 40402934.05982368 40402934.05982368
 40402934.05982368 40402934.05982368 40402934.05982368 40402934.05982368
 40402934.05982368 40402934.05982368 40402934.05982368 40402934.05982368]"
3494.132051273008	2.0	trials	4.0	0.0	0.0	0.0	0.0	True	40.0	1.86	0.005	"[40441343.18577136 40441343.18577136 40441343.18577136 40441343.18577136
 40441343.18577136 40441343.18577136 40441343.18577136 40441343.18577136
 40441343.18577136 40441343.18577136 40441343.18577136 40441343.18577136
 40441343.18577136 40441343.18577136 40441343.18577136 40441343.18577136
 40441343.18577136 40441343.18577136 40441343.18577136 40441343.18577136]"
3496.9034267606667	2.0	trials	4.0	0.0	0.0	0.0	0.0	True	40.0	1.86	0.005	"[40473419.29095239 40473419.29095239 40473419.29095239 40473419.29095239
 40473419.29095239 40473419.29095239 40473419.29095239 40473419.29095239
 40473419.29095239 40473419.29095239 40473419.29095239 40473419.29095239
 40473419.29095239 40473419.29095239 40473419.29095239 40473419.29095239
 40473419.29095239 40473419.29095239 40473419.29095239 40473419.29095239]"
3499.900911789764	2.0	trials	4.0	0.0	0.0	0.0	0.0	True	40.0	1.86	0.005	"[40508112.40471487 40508112.40471487 40508112.40471487 40508112.40471487
 40508112.40471487 40508112.40471487 40508112.40471487 40508112.40471487
 40508112.40471487 40508112.40471487 40508112.40471487 40508112.40471487
 40508112.40471487 40508112.40471487 40508112.40471487 40508112.40471487
 40508112.40471487 40508112.40471487 40508112.40471487 40508112.40471487]"
3502.3792175164126	2.0	trials	4.0	0.0	0.0	0.0	0.0	True	40.0	1.86	0.005	"[40536796.49877312 40536796.49877312 40536796.49877312 40536796.49877312
 40536796.49877312 40536796.49877312 40536796.49877312 40536796.49877312
 40536796.49877312 40536796.49877312 40536796.49877312 40536796.49877312
 40536796.49877312 40536796.49877312 40536796.49877312 40536796.49877312
 40536796.49877312 40536796.49877312 40536796.49877312 40536796.49877312]"
3506.153009091109	2.0	trials	4.0	0.0	0.0	0.0	0.0	True	40.0	1.86	0.005	"[40580474.64199849 40580474.64199849 40580474.64199849 40580474.64199849
 40580474.64199849 40580474.64199849 40580474.64199849 40580474.64199849
 40580474.64199849 40580474.64199849 40580474.64199849 40580474.64199849
 40580474.64199849 40580474.64199849 40580474.64199849 40580474.64199849
 40580474.64199849 40580474.64199849 40580474.64199849 40580474.64199849]"
3509.261345683702	2.0	trials	4.0	0.0	0.0	0.0	0.0	True	40.0	1.86	0.005	"[40616450.75996809 40616450.75996809 40616450.75996809 40616450.75996809
 40616450.75996809 40616450.75996809 40616450.75996809 40616450.75996809
 40616450.75996809 40616450.75996809 40616450.75996809 40616450.75996809
 40616450.75996809 40616450.75996809 40616450.75996809 40616450.75996809
 40616450.75996809 40616450.75996809 40616450.75996809 40616450.75996809]"
3512.051297232273	2.0	trials	4.0	0.0	0.0	0.0	0.0	True	40.0	1.86	0.005	"[40648741.86585412 40648741.86585412 40648741.86585412 40648741.86585412
 40648741.86585412 40648741.86585412 40648741.86585412 40648741.86585412
 40648741.86585412 40648741.86585412 40648741.86585412 40648741.86585412
 40648741.86585412 40648741.86585412 40648741.86585412 40648741.86585412
 40648741.86585412 40648741.86585412 40648741.86585412 40648741.86585412]"
3514.3015062109666	2.0	trials	4.0	0.0	0.0	0.0	0.0	True	40.0	1.86	0.005	"[40674785.9512555 40674785.9512555 40674785.9512555 40674785.9512555
 40674785.9512555 40674785.9512555 40674785.9512555 40674785.9512555
 40674785.9512555 40674785.9512555 40674785.9512555 40674785.9512555
 40674785.9512555 40674785.9512555 40674785.9512555 40674785.9512555
 40674785.9512555 40674785.9512555 40674785.9512555 40674785.9512555]"
3516.4877789800057	2.0	trials	4.0	0.0	0.0	0.0	0.0	True	40.0	1.86	0.005	"[40700090.03423033 40700090.03423033 40700090.03423033 40700090.03423033
 40700090.03423033 40700090.03423033 40700090.03423033 40700090.03423033
 40700090.03423033 40700090.03423033 40700090.03423033 40700090.03423033
 40700090.03423033 40700090.03423033 40700090.03423033 40700090.03423033
 40700090.03423033 40700090.03423033 40700090.03423033 40700090.03423033]"
3520.399292606309	2.0	trials	4.0	0.0	0.0	0.0	0.0	True	40.0	1.86	0.005	"[40745362.18268262 40745362.18268262 40745362.18268262 40745362.18268262
 40745362.18268262 40745362.18268262 40745362.18268262 40745362.18268262
 40745362.18268262 40745362.18268262 40745362.18268262 40745362.18268262
 40745362.18268262 40745362.18268262 40745362.18268262 40745362.18268262
 40745362.18268262 40745362.18268262 40745362.18268262 40745362.18268262]"
3524.5096996848056	2.0	trials	4.0	0.0	0.0	0.0	0.0	True	40.0	1.86	0.005	"[40792936.33868343 40792936.33868343 40792936.33868343 40792936.33868343
 40792936.33868343 40792936.33868343 40792936.33868343 40792936.33868343
 40792936.33868343 40792936.33868343 40792936.33868343 40792936.33868343
 40792936.33868343 40792936.33868343 40792936.33868343 40792936.33868343
 40792936.33868343 40792936.33868343 40792936.33868343 40792936.33868343]"
3528.4916295420107	2.0	trials	4.0	0.0	0.0	0.0	0.0	True	40.0	1.86	0.005	"[40839023.4898082 40839023.4898082 40839023.4898082 40839023.4898082
 40839023.4898082 40839023.4898082 40839023.4898082 40839023.4898082
 40839023.4898082 40839023.4898082 40839023.4898082 40839023.4898082
 40839023.4898082 40839023.4898082 40839023.4898082 40839023.4898082
 40839023.4898082 40839023.4898082 40839023.4898082 40839023.4898082]"
3531.2477121795223	2.0	trials	4.0	0.0	0.0	0.0	0.0	True	40.0	1.86	0.005	"[40870922.59440883 40870922.59440883 40870922.59440883 40870922.59440883
 40870922.59440883 40870922.59440883 40870922.59440883 40870922.59440883
 40870922.59440883 40870922.59440883 40870922.59440883 40870922.59440883
 40870922.59440883 40870922.59440883 40870922.59440883 40870922.59440883
 40870922.59440883 40870922.59440883 40870922.59440883 40870922.59440883]"
3534.9721691924447	2.0	trials	4.0	0.0	0.0	0.0	0.0	True	40.0	1.86	0.005	"[40914029.73576181 40914029.73576181 40914029.73576181 40914029.73576181
 40914029.73576181 40914029.73576181 40914029.73576181 40914029.73576181
 40914029.73576181 40914029.73576181 40914029.73576181 40914029.73576181
 40914029.73576181 40914029.73576181 40914029.73576181 40914029.73576181
 40914029.73576181 40914029.73576181 40914029.73576181 40914029.73576181]"
3537.8581978560637	2.0	trials	4.0	0.0	0.0	0.0	0.0	True	40.0	1.86	0.005	"[40947432.84529423 40947432.84529423 40947432.84529423 40947432.84529423
 40947432.84529423 40947432.84529423 40947432.84529423 40947432.84529423
 40947432.84529423 40947432.84529423 40947432.84529423 40947432.84529423
 40947432.84529423 40947432.84529423 40947432.84529423 40947432.84529423
 40947432.84529423 40947432.84529423 40947432.84529423 40947432.84529423]"
3540.707765600124	2.0	trials	4.0	0.0	0.0	0.0	0.0	True	40.0	1.86	0.005	"[40980413.95344286 40980413.95344286 40980413.95344286 40980413.95344286
 40980413.95344286 40980413.95344286 40980413.95344286 40980413.95344286
 40980413.95344286 40980413.95344286 40980413.95344286 40980413.95344286
 40980413.95344286 40980413.95344286 40980413.95344286 40980413.95344286
 40980413.95344286 40980413.95344286 40980413.95344286 40980413.95344286]"
3544.292772555773	2.0	trials	4.0	0.0	0.0	0.0	0.0	True	40.0	1.86	0.005	"[41021907.08950335 41021907.08950335 41021907.08950335 41021907.08950335
 41021907.08950335 41021907.08950335 41021907.08950335 41021907.08950335
 41021907.08950335 41021907.08950335 41021907.08950335 41021907.08950335
 41021907.08950335 41021907.08950335 41021907.08950335 41021907.08950335
 41021907.08950335 41021907.08950335 41021907.08950335 41021907.08950335]"
3547.001421437744	2.0	trials	4.0	0.0	0.0	0.0	0.0	True	40.0	1.86	0.005	"[41053257.19230374 41053257.19230374 41053257.19230374 41053257.19230374
 41053257.19230374 41053257.19230374 41053257.19230374 41053257.19230374
 41053257.19230374 41053257.19230374 41053257.19230374 41053257.19230374
 41053257.19230374 41053257.19230374 41053257.19230374 41053257.19230374
 41053257.19230374 41053257.19230374 41053257.19230374 41053257.19230374]"
3550.853318868558	2.0	trials	4.0	0.0	0.0	0.0	0.0	True	40.0	1.86	0.005	"[41097839.33849343 41097839.33849343 41097839.33849343 41097839.33849343
 41097839.33849343 41097839.33849343 41097839.33849343 41097839.33849343
 41097839.33849343 41097839.33849343 41097839.33849343 41097839.33849343
 41097839.33849343 41097839.33849343 41097839.33849343 41097839.33849343
 41097839.33849343 41097839.33849343 41097839.33849343 41097839.33849343]"
3554.0153964373735	2.0	trials	4.0	0.0	0.0	0.0	0.0	True	40.0	1.86	0.005	"[41134437.45850264 41134437.45850264 41134437.45850264 41134437.45850264
 41134437.45850264 41134437.45850264 41134437.45850264 41134437.45850264
 41134437.45850264 41134437.45850264 41134437.45850264 41134437.45850264
 41134437.45850264 41134437.45850264 41134437.45850264 41134437.45850264
 41134437.45850264 41134437.45850264 41134437.45850264 41134437.45850264]"
3557.8496682103905	2.0	trials	4.0	0.0	0.0	0.0	0.0	True	40.0	1.86	0.005	"[41178815.60402338 41178815.60402338 41178815.60402338 41178815.60402338
 41178815.60402338 41178815.60402338 41178815.60402338 41178815.60402338
 41178815.60402338 41178815.60402338 41178815.60402338 41178815.60402338
 41178815.60402338 41178815.60402338 41178815.60402338 41178815.60402338
 41178815.60402338 41178815.60402338 41178815.60402338 41178815.60402338]"
3561.656291892747	2.0	trials	4.0	0.0	0.0	0.0	0.0	True	40.0	1.86	0.005	"[41222873.74849482 41222873.74849482 41222873.74849482 41222873.74849482
 41222873.74849482 41222873.74849482 41222873.74849482 41222873.74849482
 41222873.74849482 41222873.74849482 41222873.74849482 41222873.74849482
 41222873.74849482 41222873.74849482 41222873.74849482 41222873.74849482
 41222873.74849482 41222873.74849482 41222873.74849482 41222873.74849482]"
3564.6320904507324	2.0	trials	4.0	0.0	0.0	0.0	0.0	True	40.0	1.86	0.005	"[41257315.86143424 41257315.86143424 41257315.86143424 41257315.86143424
 41257315.86143424 41257315.86143424 41257315.86143424 41257315.86143424
 41257315.86143424 41257315.86143424 41257315.86143424 41257315.86143424
 41257315.86143424 41257315.86143424 41257315.86143424 41257315.86143424
 41257315.86143424 41257315.86143424 41257315.86143424 41257315.86143424]"
3566.8435057022166	2.0	trials	4.0	0.0	0.0	0.0	0.0	True	40.0	1.86	0.005	"[41282910.9453633 41282910.9453633 41282910.9453633 41282910.9453633
 41282910.9453633 41282910.9453633 41282910.9453633 41282910.9453633
 41282910.9453633 41282910.9453633 41282910.9453633 41282910.9453633
 41282910.9453633 41282910.9453633 41282910.9453633 41282910.9453633
 41282910.9453633 41282910.9453633 41282910.9453633 41282910.9453633]"
3570.959528799129	2.0	trials	4.0	0.0	0.0	0.0	0.0	True	40.0	1.86	0.005	"[41330550.10157726 41330550.10157726 41330550.10157726 41330550.10157726
 41330550.10157726 41330550.10157726 41330550.10157726 41330550.10157726
 41330550.10157726 41330550.10157726 41330550.10157726 41330550.10157726
 41330550.10157726 41330550.10157726 41330550.10157726 41330550.10157726
 41330550.10157726 41330550.10157726 41330550.10157726 41330550.10157726]"
3573.3957575878026	2.0	trials	4.0	0.0	0.0	0.0	0.0	True	40.0	1.86	0.005	"[41358747.19403858 41358747.19403858 41358747.19403858 41358747.19403858
 41358747.19403858 41358747.19403858 41358747.19403858 41358747.19403858
 41358747.19403858 41358747.19403858 41358747.19403858 41358747.19403858
 41358747.19403858 41358747.19403858 41358747.19403858 41358747.19403858
 41358747.19403858 41358747.19403858 41358747.19403858 41358747.19403858]"
3576.612440135675	2.0	trials	4.0	0.0	0.0	0.0	0.0	True	40.0	1.86	0.005	"[41395977.31612019 41395977.31612019 41395977.31612019 41395977.31612019
 41395977.31612019 41395977.31612019 41395977.31612019 41395977.31612019
 41395977.31612019 41395977.31612019 41395977.31612019 41395977.31612019
 41395977.31612019 41395977.31612019 41395977.31612019 41395977.31612019
 41395977.31612019 41395977.31612019 41395977.31612019 41395977.31612019]"
3579.8634235960226	2.0	trials	4.0	0.0	0.0	0.0	0.0	True	40.0	1.86	0.005	"[41433604.4395036 41433604.4395036 41433604.4395036 41433604.4395036
 41433604.4395036 41433604.4395036 41433604.4395036 41433604.4395036
 41433604.4395036 41433604.4395036 41433604.4395036 41433604.4395036
 41433604.4395036 41433604.4395036 41433604.4395036 41433604.4395036
 41433604.4395036 41433604.4395036 41433604.4395036 41433604.4395036]"
3582.2758923067845	2.0	trials	4.0	0.0	0.0	0.0	0.0	True	40.0	1.86	0.005	"[41461526.53106317 41461526.53106317 41461526.53106317 41461526.53106317
 41461526.53106317 41461526.53106317 41461526.53106317 41461526.53106317
 41461526.53106317 41461526.53106317 41461526.53106317 41461526.53106317
 41461526.53106317 41461526.53106317 41461526.53106317 41461526.53106317
 41461526.53106317 41461526.53106317 41461526.53106317 41461526.53106317]"
3585.1994186933625	2.0	trials	4.0	0.0	0.0	0.0	0.0	True	40.0	1.86	0.005	"[41495363.64201872 41495363.64201872 41495363.64201872 41495363.64201872
 41495363.64201872 41495363.64201872 41495363.64201872 41495363.64201872
 41495363.64201872 41495363.64201872 41495363.64201872 41495363.64201872
 41495363.64201872 41495363.64201872 41495363.64201872 41495363.64201872
 41495363.64201872 41495363.64201872 41495363.64201872 41495363.64201872]"
3588.4617205908257	2.0	trials	4.0	0.0	0.0	0.0	0.0	True	40.0	1.86	0.005	"[41533121.76583171 41533121.76583171 41533121.76583171 41533121.76583171
 41533121.76583171 41533121.76583171 41533121.76583171 41533121.76583171
 41533121.76583171 41533121.76583171 41533121.76583171 41533121.76583171
 41533121.76583171 41533121.76583171 41533121.76583171 41533121.76583171
 41533121.76583171 41533121.76583171 41533121.76583171 41533121.76583171]"
3591.3237299756834	2.0	trials	4.0	0.0	0.0	0.0	0.0	True	40.0	1.86	0.005	"[41566246.87445253 41566246.87445253 41566246.87445253 41566246.87445253
 41566246.87445253 41566246.87445253 41566246.87445253 41566246.87445253
 41566246.87445253 41566246.87445253 41566246.87445253 41566246.87445253
 41566246.87445253 41566246.87445253 41566246.87445253 41566246.87445253
 41566246.87445253 41566246.87445253 41566246.87445253 41566246.87445253]"
3594.6465120714674	2.0	trials	4.0	0.0	0.0	0.0	0.0	True	40.0	1.86	0.005	"[41604705.0005609 41604705.0005609 41604705.0005609 41604705.0005609
 41604705.0005609 41604705.0005609 41604705.0005609 41604705.0005609
 41604705.0005609 41604705.0005609 41604705.0005609 41604705.0005609
 41604705.0005609 41604705.0005609 41604705.0005609 41604705.0005609
 41604705.0005609 41604705.0005609 41604705.0005609 41604705.0005609]"
3598.243528666498	2.0	trials	4.0	0.0	0.0	0.0	0.0	True	40.0	1.86	0.005	"[41646337.13707719 41646337.13707719 41646337.13707719 41646337.13707719
 41646337.13707719 41646337.13707719 41646337.13707719 41646337.13707719
 41646337.13707719 41646337.13707719 41646337.13707719 41646337.13707719
 41646337.13707719 41646337.13707719 41646337.13707719 41646337.13707719
 41646337.13707719 41646337.13707719 41646337.13707719 41646337.13707719]"
3600.413817383124	2.0	trials	4.0	0.0	0.0	0.0	0.0	True	40.0	1.86	0.005	"[41671456.21944539 41671456.21944539 41671456.21944539 41671456.21944539
 41671456.21944539 41671456.21944539 41671456.21944539 41671456.21944539
 41671456.21944539 41671456.21944539 41671456.21944539 41671456.21944539
 41671456.21944539 41671456.21944539 41671456.21944539 41671456.21944539
 41671456.21944539 41671456.21944539 41671456.21944539 41671456.21944539]"
3602.570541255269	2.0	trials	4.0	0.0	0.0	0.0	0.0	True	40.0	1.86	0.005	"[41696418.30129875 41696418.30129875 41696418.30129875 41696418.30129875
 41696418.30129875 41696418.30129875 41696418.30129875 41696418.30129875
 41696418.30129875 41696418.30129875 41696418.30129875 41696418.30129875
 41696418.30129875 41696418.30129875 41696418.30129875 41696418.30129875
 41696418.30129875 41696418.30129875 41696418.30129875 41696418.30129875]"
3605.5378725854894	2.0	trials	4.0	0.0	0.0	0.0	0.0	True	40.0	1.86	0.005	"[41730762.41391683 41730762.41391683 41730762.41391683 41730762.41391683
 41730762.41391683 41730762.41391683 41730762.41391683 41730762.41391683
 41730762.41391683 41730762.41391683 41730762.41391683 41730762.41391683
 41730762.41391683 41730762.41391683 41730762.41391683 41730762.41391683
 41730762.41391683 41730762.41391683 41730762.41391683 41730762.41391683]"
3608.527063187388	2.0	trials	4.0	0.0	0.0	0.0	0.0	True	40.0	1.86	0.005	"[41765359.52736451 41765359.52736451 41765359.52736451 41765359.52736451
 41765359.52736451 41765359.52736451 41765359.52736451 41765359.52736451
 41765359.52736451 41765359.52736451 41765359.52736451 41765359.52736451
 41765359.52736451 41765359.52736451 41765359.52736451 41765359.52736451
 41765359.52736451 41765359.52736451 41765359.52736451 41765359.52736451]"
3612.5581548058003	2.0	trials	4.0	0.0	0.0	0.0	0.0	True	40.0	1.86	0.005	"[41812015.68035509 41812015.68035509 41812015.68035509 41812015.68035509
 41812015.68035509 41812015.68035509 41812015.68035509 41812015.68035509
 41812015.68035509 41812015.68035509 41812015.68035509 41812015.68035509
 41812015.68035509 41812015.68035509 41812015.68035509 41812015.68035509
 41812015.68035509 41812015.68035509 41812015.68035509 41812015.68035509]"
3616.4726060417356	2.0	trials	4.0	0.0	0.0	0.0	0.0	True	40.0	1.86	0.005	"[41857321.82891887 41857321.82891887 41857321.82891887 41857321.82891887
 41857321.82891887 41857321.82891887 41857321.82891887 41857321.82891887
 41857321.82891887 41857321.82891887 41857321.82891887 41857321.82891887
 41857321.82891887 41857321.82891887 41857321.82891887 41857321.82891887
 41857321.82891887 41857321.82891887 41857321.82891887 41857321.82891887]"
3619.7423383635637	2.0	trials	4.0	0.0	0.0	0.0	0.0	True	40.0	1.86	0.005	"[41895165.95301386 41895165.95301386 41895165.95301386 41895165.95301386
 41895165.95301386 41895165.95301386 41895165.95301386 41895165.95301386
 41895165.95301386 41895165.95301386 41895165.95301386 41895165.95301386
 41895165.95301386 41895165.95301386 41895165.95301386 41895165.95301386
 41895165.95301386 41895165.95301386 41895165.95301386 41895165.95301386]"
3623.262113105309	2.0	trials	4.0	0.0	0.0	0.0	0.0	True	40.0	1.86	0.005	"[41935904.08659861 41935904.08659861 41935904.08659861 41935904.08659861
 41935904.08659861 41935904.08659861 41935904.08659861 41935904.08659861
 41935904.08659861 41935904.08659861 41935904.08659861 41935904.08659861
 41935904.08659861 41935904.08659861 41935904.08659861 41935904.08659861
 41935904.08659861 41935904.08659861 41935904.08659861 41935904.08659861]"
3626.0340933949506	2.0	trials	4.0	0.0	0.0	0.0	0.0	True	40.0	1.86	0.005	"[41967987.19180259 41967987.19180259 41967987.19180259 41967987.19180259
 41967987.19180259 41967987.19180259 41967987.19180259 41967987.19180259
 41967987.19180259 41967987.19180259 41967987.19180259 41967987.19180259
 41967987.19180259 41967987.19180259 41967987.19180259 41967987.19180259
 41967987.19180259 41967987.19180259 41967987.19180259 41967987.19180259]"
3629.636466807547	2.0	trials	4.0	0.0	0.0	0.0	0.0	True	40.0	1.86	0.005	"[42009681.32852219 42009681.32852219 42009681.32852219 42009681.32852219
 42009681.32852219 42009681.32852219 42009681.32852219 42009681.32852219
 42009681.32852219 42009681.32852219 42009681.32852219 42009681.32852219
 42009681.32852219 42009681.32852219 42009681.32852219 42009681.32852219
 42009681.32852219 42009681.32852219 42009681.32852219 42009681.32852219]"
3633.7087713611004	2.0	trials	4.0	0.0	0.0	0.0	0.0	True	40.0	1.86	0.005	"[42056814.48307691 42056814.48307691 42056814.48307691 42056814.48307691
 42056814.48307691 42056814.48307691 42056814.48307691 42056814.48307691
 42056814.48307691 42056814.48307691 42056814.48307691 42056814.48307691
 42056814.48307691 42056814.48307691 42056814.48307691 42056814.48307691
 42056814.48307691 42056814.48307691 42056814.48307691 42056814.48307691]"
3637.7638822582753	2.0	trials	4.0	0.0	0.0	0.0	0.0	True	40.0	1.86	0.005	"[42103748.6369791 42103748.6369791 42103748.6369791 42103748.6369791
 42103748.6369791 42103748.6369791 42103748.6369791 42103748.6369791
 42103748.6369791 42103748.6369791 42103748.6369791 42103748.6369791
 42103748.6369791 42103748.6369791 42103748.6369791 42103748.6369791
 42103748.6369791 42103748.6369791 42103748.6369791 42103748.6369791]"
3640.343881118388	2.0	trials	4.0	0.0	0.0	0.0	0.0	True	40.0	1.86	0.005	"[42133609.73489687 42133609.73489687 42133609.73489687 42133609.73489687
 42133609.73489687 42133609.73489687 42133609.73489687 42133609.73489687
 42133609.73489687 42133609.73489687 42133609.73489687 42133609.73489687
 42133609.73489687 42133609.73489687 42133609.73489687 42133609.73489687
 42133609.73489687 42133609.73489687 42133609.73489687 42133609.73489687]"
3643.024795509414	2.0	trials	4.0	0.0	0.0	0.0	0.0	True	40.0	1.86	0.005	"[42164638.83664466 42164638.83664466 42164638.83664466 42164638.83664466
 42164638.83664466 42164638.83664466 42164638.83664466 42164638.83664466
 42164638.83664466 42164638.83664466 42164638.83664466 42164638.83664466
 42164638.83664466 42164638.83664466 42164638.83664466 42164638.83664466
 42164638.83664466 42164638.83664466 42164638.83664466 42164638.83664466]"
3646.3322847550508	2.0	trials	4.0	0.0	0.0	0.0	0.0	True	40.0	1.86	0.005	"[42202919.96217262 42202919.96217262 42202919.96217262 42202919.96217262
 42202919.96217262 42202919.96217262 42202919.96217262 42202919.96217262
 42202919.96217262 42202919.96217262 42202919.96217262 42202919.96217262
 42202919.96217262 42202919.96217262 42202919.96217262 42202919.96217262
 42202919.96217262 42202919.96217262 42202919.96217262 42202919.96217262]"
3649.9801047166716	2.0	trials	4.0	0.0	0.0	0.0	0.0	True	40.0	1.86	0.005	"[42245140.10061704 42245140.10061704 42245140.10061704 42245140.10061704
 42245140.10061704 42245140.10061704 42245140.10061704 42245140.10061704
 42245140.10061704 42245140.10061704 42245140.10061704 42245140.10061704
 42245140.10061704 42245140.10061704 42245140.10061704 42245140.10061704
 42245140.10061704 42245140.10061704 42245140.10061704 42245140.10061704]"
3653.448471289844	2.0	trials	4.0	0.0	0.0	0.0	0.0	True	40.0	1.86	0.005	"[42285283.23225071 42285283.23225071 42285283.23225071 42285283.23225071
 42285283.23225071 42285283.23225071 42285283.23225071 42285283.23225071
 42285283.23225071 42285283.23225071 42285283.23225071 42285283.23225071
 42285283.23225071 42285283.23225071 42285283.23225071 42285283.23225071
 42285283.23225071 42285283.23225071 42285283.23225071 42285283.23225071]"
3656.508423723779	2.0	trials	4.0	0.0	0.0	0.0	0.0	True	40.0	1.86	0.005	"[42320699.34838399 42320699.34838399 42320699.34838399 42320699.34838399
 42320699.34838399 42320699.34838399 42320699.34838399 42320699.34838399
 42320699.34838399 42320699.34838399 42320699.34838399 42320699.34838399
 42320699.34838399 42320699.34838399 42320699.34838399 42320699.34838399
 42320699.34838399 42320699.34838399 42320699.34838399 42320699.34838399]"
3659.9943295544645	2.0	trials	4.0	0.0	0.0	0.0	0.0	True	40.0	1.86	0.005	"[42361045.48068334 42361045.48068334 42361045.48068334 42361045.48068334
 42361045.48068334 42361045.48068334 42361045.48068334 42361045.48068334
 42361045.48068334 42361045.48068334 42361045.48068334 42361045.48068334
 42361045.48068334 42361045.48068334 42361045.48068334 42361045.48068334
 42361045.48068334 42361045.48068334 42361045.48068334 42361045.48068334]"
3663.4743601658843	2.0	trials	4.0	0.0	0.0	0.0	0.0	True	40.0	1.86	0.005	"[42401323.6127597 42401323.6127597 42401323.6127597 42401323.6127597
 42401323.6127597 42401323.6127597 42401323.6127597 42401323.6127597
 42401323.6127597 42401323.6127597 42401323.6127597 42401323.6127597
 42401323.6127597 42401323.6127597 42401323.6127597 42401323.6127597
 42401323.6127597 42401323.6127597 42401323.6127597 42401323.6127597]"
3666.462168363251	2.0	trials	4.0	0.0	0.0	0.0	0.0	True	40.0	1.86	0.005	"[42435904.72615492 42435904.72615492 42435904.72615492 42435904.72615492
 42435904.72615492 42435904.72615492 42435904.72615492 42435904.72615492
 42435904.72615492 42435904.72615492 42435904.72615492 42435904.72615492
 42435904.72615492 42435904.72615492 42435904.72615492 42435904.72615492
 42435904.72615492 42435904.72615492 42435904.72615492 42435904.72615492]"
3668.9885990477073	2.0	trials	4.0	0.0	0.0	0.0	0.0	True	40.0	1.86	0.005	"[42465145.82203965 42465145.82203965 42465145.82203965 42465145.82203965
 42465145.82203965 42465145.82203965 42465145.82203965 42465145.82203965
 42465145.82203965 42465145.82203965 42465145.82203965 42465145.82203965
 42465145.82203965 42465145.82203965 42465145.82203965 42465145.82203965
 42465145.82203965 42465145.82203965 42465145.82203965 42465145.82203965]"
3672.2763890287483	2.0	trials	4.0	0.0	0.0	0.0	0.0	True	40.0	1.86	0.005	"[42503198.94681998 42503198.94681998 42503198.94681998 42503198.94681998
 42503198.94681998 42503198.94681998 42503198.94681998 42503198.94681998
 42503198.94681998 42503198.94681998 42503198.94681998 42503198.94681998
 42503198.94681998 42503198.94681998 42503198.94681998 42503198.94681998
 42503198.94681998 42503198.94681998 42503198.94681998 42503198.94681998]"
3674.658444839783	2.0	trials	4.0	0.0	0.0	0.0	0.0	True	40.0	1.86	0.005	"[42530769.03722529 42530769.03722529 42530769.03722529 42530769.03722529
 42530769.03722529 42530769.03722529 42530769.03722529 42530769.03722529
 42530769.03722529 42530769.03722529 42530769.03722529 42530769.03722529
 42530769.03722529 42530769.03722529 42530769.03722529 42530769.03722529
 42530769.03722529 42530769.03722529 42530769.03722529 42530769.03722529]"
3677.94640762139	2.0	trials	4.0	0.0	0.0	0.0	0.0	True	40.0	1.86	0.005	"[42568824.16201217 42568824.16201217 42568824.16201217 42568824.16201217
 42568824.16201217 42568824.16201217 42568824.16201217 42568824.16201217
 42568824.16201217 42568824.16201217 42568824.16201217 42568824.16201217
 42568824.16201217 42568824.16201217 42568824.16201217 42568824.16201217
 42568824.16201217 42568824.16201217 42568824.16201217 42568824.16201217]"
3681.703178340273	2.0	trials	4.0	0.0	0.0	0.0	0.0	True	40.0	1.86	0.005	"[42612305.30459155 42612305.30459155 42612305.30459155 42612305.30459155
 42612305.30459155 42612305.30459155 42612305.30459155 42612305.30459155
 42612305.30459155 42612305.30459155 42612305.30459155 42612305.30459155
 42612305.30459155 42612305.30459155 42612305.30459155 42612305.30459155
 42612305.30459155 42612305.30459155 42612305.30459155 42612305.30459155]"
3683.83285892374	2.0	trials	4.0	0.0	0.0	0.0	0.0	True	40.0	1.86	0.005	"[42636954.38541856 42636954.38541856 42636954.38541856 42636954.38541856
 42636954.38541856 42636954.38541856 42636954.38541856 42636954.38541856
 42636954.38541856 42636954.38541856 42636954.38541856 42636954.38541856
 42636954.38541856 42636954.38541856 42636954.38541856 42636954.38541856
 42636954.38541856 42636954.38541856 42636954.38541856 42636954.38541856]"
3687.2766014161666	2.0	trials	4.0	0.0	0.0	0.0	0.0	True	40.0	1.86	0.005	"[42676812.51611768 42676812.51611768 42676812.51611768 42676812.51611768
 42676812.51611768 42676812.51611768 42676812.51611768 42676812.51611768
 42676812.51611768 42676812.51611768 42676812.51611768 42676812.51611768
 42676812.51611768 42676812.51611768 42676812.51611768 42676812.51611768
 42676812.51611768 42676812.51611768 42676812.51611768 42676812.51611768]"
3690.7408207757403	2.0	trials	4.0	0.0	0.0	0.0	0.0	True	40.0	1.86	0.005	"[42716907.64759398 42716907.64759398 42716907.64759398 42716907.64759398
 42716907.64759398 42716907.64759398 42716907.64759398 42716907.64759398
 42716907.64759398 42716907.64759398 42716907.64759398 42716907.64759398
 42716907.64759398 42716907.64759398 42716907.64759398 42716907.64759398
 42716907.64759398 42716907.64759398 42716907.64759398 42716907.64759398]"
3694.722491432095	2.0	trials	4.0	0.0	0.0	0.0	0.0	True	40.0	1.86	0.005	"[42762991.7987089 42762991.7987089 42762991.7987089 42762991.7987089
 42762991.7987089 42762991.7987089 42762991.7987089 42762991.7987089
 42762991.7987089 42762991.7987089 42762991.7987089 42762991.7987089
 42762991.7987089 42762991.7987089 42762991.7987089 42762991.7987089
 42762991.7987089 42762991.7987089 42762991.7987089 42762991.7987089]"
3698.4428876317015	2.0	trials	4.0	0.0	0.0	0.0	0.0	True	40.0	1.86	0.005	"[42806051.93990777 42806051.93990777 42806051.93990777 42806051.93990777
 42806051.93990777 42806051.93990777 42806051.93990777 42806051.93990777
 42806051.93990777 42806051.93990777 42806051.93990777 42806051.93990777
 42806051.93990777 42806051.93990777 42806051.93990777 42806051.93990777
 42806051.93990777 42806051.93990777 42806051.93990777 42806051.93990777]"
3700.6871349908465	2.0	trials	4.0	0.0	0.0	0.0	0.0	True	40.0	1.86	0.005	"[42832027.02508289 42832027.02508289 42832027.02508289 42832027.02508289
 42832027.02508289 42832027.02508289 42832027.02508289 42832027.02508289
 42832027.02508289 42832027.02508289 42832027.02508289 42832027.02508289
 42832027.02508289 42832027.02508289 42832027.02508289 42832027.02508289
 42832027.02508289 42832027.02508289 42832027.02508289 42832027.02508289]"
3703.5603764125353	2.0	trials	4.0	0.0	0.0	0.0	0.0	True	40.0	1.86	0.005	"[42865282.13413001 42865282.13413001 42865282.13413001 42865282.13413001
 42865282.13413001 42865282.13413001 42865282.13413001 42865282.13413001
 42865282.13413001 42865282.13413001 42865282.13413001 42865282.13413001
 42865282.13413001 42865282.13413001 42865282.13413001 42865282.13413001
 42865282.13413001 42865282.13413001 42865282.13413001 42865282.13413001]"
3705.9512450524676	2.0	trials	4.0	0.0	0.0	0.0	0.0	True	40.0	1.86	0.005	"[42892954.22486979 42892954.22486979 42892954.22486979 42892954.22486979
 42892954.22486979 42892954.22486979 42892954.22486979 42892954.22486979
 42892954.22486979 42892954.22486979 42892954.22486979 42892954.22486979
 42892954.22486979 42892954.22486979 42892954.22486979 42892954.22486979
 42892954.22486979 42892954.22486979 42892954.22486979 42892954.22486979]"
3708.9730085611777	2.0	trials	4.0	0.0	0.0	0.0	0.0	True	40.0	1.86	0.005	"[42927928.33955371 42927928.33955371 42927928.33955371 42927928.33955371
 42927928.33955371 42927928.33955371 42927928.33955371 42927928.33955371
 42927928.33955371 42927928.33955371 42927928.33955371 42927928.33955371
 42927928.33955371 42927928.33955371 42927928.33955371 42927928.33955371
 42927928.33955371 42927928.33955371 42927928.33955371 42927928.33955371]"
3712.7474049378566	2.0	trials	4.0	0.0	0.0	0.0	0.0	True	40.0	1.86	0.005	"[42971613.48280203 42971613.48280203 42971613.48280203 42971613.48280203
 42971613.48280203 42971613.48280203 42971613.48280203 42971613.48280203
 42971613.48280203 42971613.48280203 42971613.48280203 42971613.48280203
 42971613.48280203 42971613.48280203 42971613.48280203 42971613.48280203
 42971613.48280203 42971613.48280203 42971613.48280203 42971613.48280203]"
3715.1933969585452	2.0	trials	4.0	0.0	0.0	0.0	0.0	True	40.0	1.86	0.005	"[42999923.57563389 42999923.57563389 42999923.57563389 42999923.57563389
 42999923.57563389 42999923.57563389 42999923.57563389 42999923.57563389
 42999923.57563389 42999923.57563389 42999923.57563389 42999923.57563389
 42999923.57563389 42999923.57563389 42999923.57563389 42999923.57563389
 42999923.57563389 42999923.57563389 42999923.57563389 42999923.57563389]"
3718.9880974018038	2.0	trials	4.0	0.0	0.0	0.0	0.0	True	40.0	1.86	0.005	"[43043843.7196528 43043843.7196528 43043843.7196528 43043843.7196528
 43043843.7196528 43043843.7196528 43043843.7196528 43043843.7196528
 43043843.7196528 43043843.7196528 43043843.7196528 43043843.7196528
 43043843.7196528 43043843.7196528 43043843.7196528 43043843.7196528
 43043843.7196528 43043843.7196528 43043843.7196528 43043843.7196528]"
3721.7051271112564	2.0	trials	4.0	0.0	0.0	0.0	0.0	True	40.0	1.86	0.005	"[43075290.82277127 43075290.82277127 43075290.82277127 43075290.82277127
 43075290.82277127 43075290.82277127 43075290.82277127 43075290.82277127
 43075290.82277127 43075290.82277127 43075290.82277127 43075290.82277127
 43075290.82277127 43075290.82277127 43075290.82277127 43075290.82277127
 43075290.82277127 43075290.82277127 43075290.82277127 43075290.82277127]"
3724.6378983281497	2.0	trials	4.0	0.0	0.0	0.0	0.0	True	40.0	1.86	0.005	"[43109234.93407769 43109234.93407769 43109234.93407769 43109234.93407769
 43109234.93407769 43109234.93407769 43109234.93407769 43109234.93407769
 43109234.93407769 43109234.93407769 43109234.93407769 43109234.93407769
 43109234.93407769 43109234.93407769 43109234.93407769 43109234.93407769
 43109234.93407769 43109234.93407769 43109234.93407769 43109234.93407769]"
3728.664842732963	2.0	trials	4.0	0.0	0.0	0.0	0.0	True	40.0	1.86	0.005	"[43155843.08691087 43155843.08691087 43155843.08691087 43155843.08691087
 43155843.08691087 43155843.08691087 43155843.08691087 43155843.08691087
 43155843.08691087 43155843.08691087 43155843.08691087 43155843.08691087
 43155843.08691087 43155843.08691087 43155843.08691087 43155843.08691087
 43155843.08691087 43155843.08691087 43155843.08691087 43155843.08691087]"
3732.3549988334084	2.0	trials	4.0	0.0	0.0	0.0	0.0	True	40.0	1.86	0.005	"[43198553.22696205 43198553.22696205 43198553.22696205 43198553.22696205
 43198553.22696205 43198553.22696205 43198553.22696205 43198553.22696205
 43198553.22696205 43198553.22696205 43198553.22696205 43198553.22696205
 43198553.22696205 43198553.22696205 43198553.22696205 43198553.22696205
 43198553.22696205 43198553.22696205 43198553.22696205 43198553.22696205]"
3736.4591850915067	2.0	trials	5.0	0.0	0.0	0.0	0.0	True	40.0	1.86	0.005	"[43246055.38272677 43246055.38272677 43246055.38272677 43246055.38272677
 43246055.38272677 43246055.38272677 43246055.38272677 43246055.38272677
 43246055.38272677 43246055.38272677 43246055.38272677 43246055.38272677
 43246055.38272677 43246055.38272677 43246055.38272677 43246055.38272677
 43246055.38272677 43246055.38272677 43246055.38272677 43246055.38272677]"
3740.352986659729	2.0	trials	5.0	0.0	0.0	0.0	0.0	True	40.0	1.86	0.005	"[43291122.53050684 43291122.53050684 43291122.53050684 43291122.53050684
 43291122.53050684 43291122.53050684 43291122.53050684 43291122.53050684
 43291122.53050684 43291122.53050684 43291122.53050684 43291122.53050684
 43291122.53050684 43291122.53050684 43291122.53050684 43291122.53050684
 43291122.53050684 43291122.53050684 43291122.53050684 43291122.53050684]"
3759.157835522987	2.0	trials	5.0	0.0	0.0	0.0	0.0	True	40.0	1.86	0.2	"[43508771.24420056 43508771.24420056 43508771.24420056 43508771.24420056
 43508771.24420056 43508771.24420056 43508771.24420056 43508771.24420056
 43508771.24420056 43508771.24420056 43508771.24420056 43508771.24420056
 43508771.24420056 43508771.24420056 43508771.24420056 43508771.24420056
 43508771.24420056 43508771.24420056 43508771.24420056 43508771.24420056]"
3762.423075030083	2.0	trials	5.0	0.0	0.0	0.0	0.0	True	40.0	1.86	0.2	"[43546563.36812504 43546563.36812504 43546563.36812504 43546563.36812504
 43546563.36812504 43546563.36812504 43546563.36812504 43546563.36812504
 43546563.36812504 43546563.36812504 43546563.36812504 43546563.36812504
 43546563.36812504 43546563.36812504 43546563.36812504 43546563.36812504
 43546563.36812504 43546563.36812504 43546563.36812504 43546563.36812504]"
3764.7756683445064	2.0	trials	5.0	0.0	0.0	0.0	0.0	True	40.0	1.86	0.2	"[43573792.45741218 43573792.45741218 43573792.45741218 43573792.45741218
 43573792.45741218 43573792.45741218 43573792.45741218 43573792.45741218
 43573792.45741218 43573792.45741218 43573792.45741218 43573792.45741218
 43573792.45741218 43573792.45741218 43573792.45741218 43573792.45741218
 43573792.45741218 43573792.45741218 43573792.45741218 43573792.45741218]"
3767.9732564297647	2.0	trials	5.0	0.0	0.0	0.0	0.0	True	40.0	1.86	0.2	"[43610801.5787691 43610801.5787691 43610801.5787691 43610801.5787691
 43610801.5787691 43610801.5787691 43610801.5787691 43610801.5787691
 43610801.5787691 43610801.5787691 43610801.5787691 43610801.5787691
 43610801.5787691 43610801.5787691 43610801.5787691 43610801.5787691
 43610801.5787691 43610801.5787691 43610801.5787691 43610801.5787691]"
3771.1934813892526	2.0	trials	5.0	0.0	0.0	0.0	0.0	True	40.0	1.86	0.2	"[43648072.70098515 43648072.70098515 43648072.70098515 43648072.70098515
 43648072.70098515 43648072.70098515 43648072.70098515 43648072.70098515
 43648072.70098515 43648072.70098515 43648072.70098515 43648072.70098515
 43648072.70098515 43648072.70098515 43648072.70098515 43648072.70098515
 43648072.70098515 43648072.70098515 43648072.70098515 43648072.70098515]"
3774.798792411482	2.0	trials	5.0	0.0	0.0	0.0	0.0	True	40.0	1.86	0.2	"[43689800.83781624 43689800.83781624 43689800.83781624 43689800.83781624
 43689800.83781624 43689800.83781624 43689800.83781624 43689800.83781624
 43689800.83781624 43689800.83781624 43689800.83781624 43689800.83781624
 43689800.83781624 43689800.83781624 43689800.83781624 43689800.83781624
 43689800.83781624 43689800.83781624 43689800.83781624 43689800.83781624]"
3777.901512985659	2.0	trials	5.0	0.0	0.0	0.0	0.0	True	40.0	1.86	0.2	"[43725711.95557269 43725711.95557269 43725711.95557269 43725711.95557269
 43725711.95557269 43725711.95557269 43725711.95557269 43725711.95557269
 43725711.95557269 43725711.95557269 43725711.95557269 43725711.95557269
 43725711.95557269 43725711.95557269 43725711.95557269 43725711.95557269
 43725711.95557269 43725711.95557269 43725711.95557269 43725711.95557269]"
3781.428890952336	2.0	trials	5.0	0.0	0.0	0.0	0.0	True	40.0	1.86	0.2	"[43766538.08944601 43766538.08944601 43766538.08944601 43766538.08944601
 43766538.08944601 43766538.08944601 43766538.08944601 43766538.08944601
 43766538.08944601 43766538.08944601 43766538.08944601 43766538.08944601
 43766538.08944601 43766538.08944601 43766538.08944601 43766538.08944601
 43766538.08944601 43766538.08944601 43766538.08944601 43766538.08944601]"
3784.572824461655	2.0	trials	5.0	0.0	0.0	0.0	0.0	True	40.0	1.86	0.2	"[43802926.20876659 43802926.20876659 43802926.20876659 43802926.20876659
 43802926.20876659 43802926.20876659 43802926.20876659 43802926.20876659
 43802926.20876659 43802926.20876659 43802926.20876659 43802926.20876659
 43802926.20876659 43802926.20876659 43802926.20876659 43802926.20876659
 43802926.20876659 43802926.20876659 43802926.20876659 43802926.20876659]"
3788.130960929193	2.0	trials	5.0	0.0	0.0	0.0	0.0	True	40.0	1.86	0.2	"[43844108.34380728 43844108.34380728 43844108.34380728 43844108.34380728
 43844108.34380728 43844108.34380728 43844108.34380728 43844108.34380728
 43844108.34380728 43844108.34380728 43844108.34380728 43844108.34380728
 43844108.34380728 43844108.34380728 43844108.34380728 43844108.34380728
 43844108.34380728 43844108.34380728 43844108.34380728 43844108.34380728]"
3790.855421063011	2.0	trials	5.0	0.0	0.0	0.0	0.0	True	40.0	1.86	0.2	"[43875641.44720775 43875641.44720775 43875641.44720775 43875641.44720775
 43875641.44720775 43875641.44720775 43875641.44720775 43875641.44720775
 43875641.44720775 43875641.44720775 43875641.44720775 43875641.44720775
 43875641.44720775 43875641.44720775 43875641.44720775 43875641.44720775
 43875641.44720775 43875641.44720775 43875641.44720775 43875641.44720775]"
3794.942154463879	2.0	trials	5.0	0.0	0.0	0.0	0.0	True	40.0	1.86	0.2	"[43922941.60231008 43922941.60231008 43922941.60231008 43922941.60231008
 43922941.60231008 43922941.60231008 43922941.60231008 43922941.60231008
 43922941.60231008 43922941.60231008 43922941.60231008 43922941.60231008
 43922941.60231008 43922941.60231008 43922941.60231008 43922941.60231008
 43922941.60231008 43922941.60231008 43922941.60231008 43922941.60231008]"
3799.0172238264986	2.0	trials	5.0	0.0	0.0	0.0	0.0	True	40.0	1.86	0.2	"[43970106.75696974 43970106.75696974 43970106.75696974 43970106.75696974
 43970106.75696974 43970106.75696974 43970106.75696974 43970106.75696974
 43970106.75696974 43970106.75696974 43970106.75696974 43970106.75696974
 43970106.75696974 43970106.75696974 43970106.75696974 43970106.75696974
 43970106.75696974 43970106.75696974 43970106.75696974 43970106.75696974]"
3801.663664504482	2.0	trials	5.0	0.0	0.0	0.0	0.0	True	40.0	1.86	0.2	"[44000736.85740916 44000736.85740916 44000736.85740916 44000736.85740916
 44000736.85740916 44000736.85740916 44000736.85740916 44000736.85740916
 44000736.85740916 44000736.85740916 44000736.85740916 44000736.85740916
 44000736.85740916 44000736.85740916 44000736.85740916 44000736.85740916
 44000736.85740916 44000736.85740916 44000736.85740916 44000736.85740916]"
3804.931668820643	2.0	trials	5.0	0.0	0.0	0.0	0.0	True	40.0	1.86	0.2	"[44038560.98143856 44038560.98143856 44038560.98143856 44038560.98143856
 44038560.98143856 44038560.98143856 44038560.98143856 44038560.98143856
 44038560.98143856 44038560.98143856 44038560.98143856 44038560.98143856
 44038560.98143856 44038560.98143856 44038560.98143856 44038560.98143856
 44038560.98143856 44038560.98143856 44038560.98143856 44038560.98143856]"
3808.6238985278883	2.0	trials	5.0	0.0	0.0	0.0	0.0	True	40.0	1.86	0.2	"[44081295.12156844 44081295.12156844 44081295.12156844 44081295.12156844
 44081295.12156844 44081295.12156844 44081295.12156844 44081295.12156844
 44081295.12156844 44081295.12156844 44081295.12156844 44081295.12156844
 44081295.12156844 44081295.12156844 44081295.12156844 44081295.12156844
 44081295.12156844 44081295.12156844 44081295.12156844 44081295.12156844]"
3811.171065280341	2.0	trials	5.0	0.0	0.0	0.0	0.0	True	40.0	1.86	0.2	"[44110776.21824016 44110776.21824016 44110776.21824016 44110776.21824016
 44110776.21824016 44110776.21824016 44110776.21824016 44110776.21824016
 44110776.21824016 44110776.21824016 44110776.21824016 44110776.21824016
 44110776.21824016 44110776.21824016 44110776.21824016 44110776.21824016
 44110776.21824016 44110776.21824016 44110776.21824016 44110776.21824016]"
3813.9490935898148	2.0	trials	5.0	0.0	0.0	0.0	0.0	True	40.0	1.86	0.2	"[44142929.32367367 44142929.32367367 44142929.32367367 44142929.32367367
 44142929.32367367 44142929.32367367 44142929.32367367 44142929.32367367
 44142929.32367367 44142929.32367367 44142929.32367367 44142929.32367367
 44142929.32367367 44142929.32367367 44142929.32367367 44142929.32367367
 44142929.32367367 44142929.32367367 44142929.32367367 44142929.32367367]"
3817.8312311197897	2.0	trials	5.0	0.0	0.0	0.0	0.0	True	40.0	1.86	0.2	"[44187861.47101106 44187861.47101106 44187861.47101106 44187861.47101106
 44187861.47101106 44187861.47101106 44187861.47101106 44187861.47101106
 44187861.47101106 44187861.47101106 44187861.47101106 44187861.47101106
 44187861.47101106 44187861.47101106 44187861.47101106 44187861.47101106
 44187861.47101106 44187861.47101106 44187861.47101106 44187861.47101106]"
3821.588261039522	2.0	trials	5.0	0.0	0.0	0.0	0.0	True	40.0	1.86	0.2	"[44231345.61360028 44231345.61360028 44231345.61360028 44231345.61360028
 44231345.61360028 44231345.61360028 44231345.61360028 44231345.61360028
 44231345.61360028 44231345.61360028 44231345.61360028 44231345.61360028
 44231345.61360028 44231345.61360028 44231345.61360028 44231345.61360028
 44231345.61360028 44231345.61360028 44231345.61360028 44231345.61360028]"
3824.0414242837255	2.0	trials	5.0	0.0	0.0	0.0	0.0	True	40.0	1.86	0.2	"[44259738.7067043 44259738.7067043 44259738.7067043 44259738.7067043
 44259738.7067043 44259738.7067043 44259738.7067043 44259738.7067043
 44259738.7067043 44259738.7067043 44259738.7067043 44259738.7067043
 44259738.7067043 44259738.7067043 44259738.7067043 44259738.7067043
 44259738.7067043 44259738.7067043 44259738.7067043 44259738.7067043]"
3827.181383380013	2.0	trials	5.0	0.0	0.0	0.0	0.0	True	40.0	1.86	0.2	"[44296080.82587406 44296080.82587406 44296080.82587406 44296080.82587406
 44296080.82587406 44296080.82587406 44296080.82587406 44296080.82587406
 44296080.82587406 44296080.82587406 44296080.82587406 44296080.82587406
 44296080.82587406 44296080.82587406 44296080.82587406 44296080.82587406
 44296080.82587406 44296080.82587406 44296080.82587406 44296080.82587406]"
3831.303972898457	2.0	trials	5.0	0.0	0.0	0.0	0.0	True	40.0	1.86	0.2	"[44343795.98233723 44343795.98233723 44343795.98233723 44343795.98233723
 44343795.98233723 44343795.98233723 44343795.98233723 44343795.98233723
 44343795.98233723 44343795.98233723 44343795.98233723 44343795.98233723
 44343795.98233723 44343795.98233723 44343795.98233723 44343795.98233723
 44343795.98233723 44343795.98233723 44343795.98233723 44343795.98233723]"
3833.459314366069	2.0	trials	5.0	0.0	0.0	0.0	0.0	True	40.0	1.86	0.2	"[44368742.06413814 44368742.06413814 44368742.06413814 44368742.06413814
 44368742.06413814 44368742.06413814 44368742.06413814 44368742.06413814
 44368742.06413814 44368742.06413814 44368742.06413814 44368742.06413814
 44368742.06413814 44368742.06413814 44368742.06413814 44368742.06413814
 44368742.06413814 44368742.06413814 44368742.06413814 44368742.06413814]"
3837.0734382171963	2.0	trials	5.0	0.0	0.0	0.0	0.0	True	40.0	1.86	0.2	"[44410572.20130369 44410572.20130369 44410572.20130369 44410572.20130369
 44410572.20130369 44410572.20130369 44410572.20130369 44410572.20130369
 44410572.20130369 44410572.20130369 44410572.20130369 44410572.20130369
 44410572.20130369 44410572.20130369 44410572.20130369 44410572.20130369
 44410572.20130369 44410572.20130369 44410572.20130369 44410572.20130369]"
3839.5273790639494	2.0	trials	5.0	0.0	0.0	0.0	0.0	True	40.0	1.86	0.2	"[44438974.29443723 44438974.29443723 44438974.29443723 44438974.29443723
 44438974.29443723 44438974.29443723 44438974.29443723 44438974.29443723
 44438974.29443723 44438974.29443723 44438974.29443723 44438974.29443723
 44438974.29443723 44438974.29443723 44438974.29443723 44438974.29443723
 44438974.29443723 44438974.29443723 44438974.29443723 44438974.29443723]"
3843.0640882612256	2.0	trials	5.0	0.0	0.0	0.0	0.0	True	40.0	1.86	0.2	"[44479908.4286647 44479908.4286647 44479908.4286647 44479908.4286647
 44479908.4286647 44479908.4286647 44479908.4286647 44479908.4286647
 44479908.4286647 44479908.4286647 44479908.4286647 44479908.4286647
 44479908.4286647 44479908.4286647 44479908.4286647 44479908.4286647
 44479908.4286647 44479908.4286647 44479908.4286647 44479908.4286647]"
3846.122744690911	2.0	trials	5.0	0.0	0.0	0.0	0.0	True	40.0	1.86	0.2	"[44515309.5447488 44515309.5447488 44515309.5447488 44515309.5447488
 44515309.5447488 44515309.5447488 44515309.5447488 44515309.5447488
 44515309.5447488 44515309.5447488 44515309.5447488 44515309.5447488
 44515309.5447488 44515309.5447488 44515309.5447488 44515309.5447488
 44515309.5447488 44515309.5447488 44515309.5447488 44515309.5447488]"
3848.9800884604692	2.0	trials	5.0	0.0	0.0	0.0	0.0	True	40.0	1.86	0.2	"[44548380.65319254 44548380.65319254 44548380.65319254 44548380.65319254
 44548380.65319254 44548380.65319254 44548380.65319254 44548380.65319254
 44548380.65319254 44548380.65319254 44548380.65319254 44548380.65319254
 44548380.65319254 44548380.65319254 44548380.65319254 44548380.65319254
 44548380.65319254 44548380.65319254 44548380.65319254 44548380.65319254]"
3851.4200324613266	2.0	trials	5.0	0.0	0.0	0.0	0.0	True	40.0	1.86	0.2	"[44576620.74579488 44576620.74579488 44576620.74579488 44576620.74579488
 44576620.74579488 44576620.74579488 44576620.74579488 44576620.74579488
 44576620.74579488 44576620.74579488 44576620.74579488 44576620.74579488
 44576620.74579488 44576620.74579488 44576620.74579488 44576620.74579488
 44576620.74579488 44576620.74579488 44576620.74579488 44576620.74579488]"
3853.9336759038515	2.0	trials	5.0	0.0	0.0	0.0	0.0	True	40.0	1.86	0.2	"[44605713.84119429 44605713.84119429 44605713.84119429 44605713.84119429
 44605713.84119429 44605713.84119429 44605713.84119429 44605713.84119429
 44605713.84119429 44605713.84119429 44605713.84119429 44605713.84119429
 44605713.84119429 44605713.84119429 44605713.84119429 44605713.84119429
 44605713.84119429 44605713.84119429 44605713.84119429 44605713.84119429]"
3857.755506036072	2.0	trials	5.0	0.0	0.0	0.0	0.0	True	40.0	1.86	0.2	"[44649947.98624285 44649947.98624285 44649947.98624285 44649947.98624285
 44649947.98624285 44649947.98624285 44649947.98624285 44649947.98624285
 44649947.98624285 44649947.98624285 44649947.98624285 44649947.98624285
 44649947.98624285 44649947.98624285 44649947.98624285 44649947.98624285
 44649947.98624285 44649947.98624285 44649947.98624285 44649947.98624285]"
3861.607749068019	2.0	trials	5.0	0.0	0.0	0.0	0.0	True	40.0	1.86	0.2	"[44694534.13244566 44694534.13244566 44694534.13244566 44694534.13244566
 44694534.13244566 44694534.13244566 44694534.13244566 44694534.13244566
 44694534.13244566 44694534.13244566 44694534.13244566 44694534.13244566
 44694534.13244566 44694534.13244566 44694534.13244566 44694534.13244566
 44694534.13244566 44694534.13244566 44694534.13244566 44694534.13244566]"
3865.4776177577623	2.0	trials	5.0	0.0	0.0	0.0	0.0	True	40.0	1.86	0.2	"[44739324.2793174 44739324.2793174 44739324.2793174 44739324.2793174
 44739324.2793174 44739324.2793174 44739324.2793174 44739324.2793174
 44739324.2793174 44739324.2793174 44739324.2793174 44739324.2793174
 44739324.2793174 44739324.2793174 44739324.2793174 44739324.2793174
 44739324.2793174 44739324.2793174 44739324.2793174 44739324.2793174]"
3868.7839837997167	2.0	trials	5.0	0.0	0.0	0.0	0.0	True	40.0	1.86	0.2	"[44777592.40480274 44777592.40480274 44777592.40480274 44777592.40480274
 44777592.40480274 44777592.40480274 44777592.40480274 44777592.40480274
 44777592.40480274 44777592.40480274 44777592.40480274 44777592.40480274
 44777592.40480274 44777592.40480274 44777592.40480274 44777592.40480274
 44777592.40480274 44777592.40480274 44777592.40480274 44777592.40480274]"
3871.9515909866645	2.0	trials	5.0	0.0	0.0	0.0	0.0	True	40.0	1.86	0.2	"[44814254.52502181 44814254.52502181 44814254.52502181 44814254.52502181
 44814254.52502181 44814254.52502181 44814254.52502181 44814254.52502181
 44814254.52502181 44814254.52502181 44814254.52502181 44814254.52502181
 44814254.52502181 44814254.52502181 44814254.52502181 44814254.52502181
 44814254.52502181 44814254.52502181 44814254.52502181 44814254.52502181]"
3875.0312426851956	2.0	trials	5.0	0.0	0.0	0.0	0.0	True	40.0	1.86	0.2	"[44849898.64190272 44849898.64190272 44849898.64190272 44849898.64190272
 44849898.64190272 44849898.64190272 44849898.64190272 44849898.64190272
 44849898.64190272 44849898.64190272 44849898.64190272 44849898.64190272
 44849898.64190272 44849898.64190272 44849898.64190272 44849898.64190272
 44849898.64190272 44849898.64190272 44849898.64190272 44849898.64190272]"
3878.771078948548	2.0	trials	5.0	0.0	0.0	0.0	0.0	True	40.0	1.86	0.2	"[44893183.7838394 44893183.7838394 44893183.7838394 44893183.7838394
 44893183.7838394 44893183.7838394 44893183.7838394 44893183.7838394
 44893183.7838394 44893183.7838394 44893183.7838394 44893183.7838394
 44893183.7838394 44893183.7838394 44893183.7838394 44893183.7838394
 44893183.7838394 44893183.7838394 44893183.7838394 44893183.7838394]"
3882.373625161711	2.0	trials	5.0	0.0	0.0	0.0	0.0	True	40.0	1.86	0.2	"[44934879.92056555 44934879.92056555 44934879.92056555 44934879.92056555
 44934879.92056555 44934879.92056555 44934879.92056555 44934879.92056555
 44934879.92056555 44934879.92056555 44934879.92056555 44934879.92056555
 44934879.92056555 44934879.92056555 44934879.92056555 44934879.92056555
 44934879.92056555 44934879.92056555 44934879.92056555 44934879.92056555]"
3885.9975986451363	2.0	trials	5.0	0.0	0.0	0.0	0.0	True	40.0	1.86	0.2	"[44976824.05810493 44976824.05810493 44976824.05810493 44976824.05810493
 44976824.05810493 44976824.05810493 44976824.05810493 44976824.05810493
 44976824.05810493 44976824.05810493 44976824.05810493 44976824.05810493
 44976824.05810493 44976824.05810493 44976824.05810493 44976824.05810493
 44976824.05810493 44976824.05810493 44976824.05810493 44976824.05810493]"
3890.0720632057737	2.0	trials	5.0	0.0	0.0	0.0	0.0	True	40.0	1.86	0.2	"[45023982.21274164 45023982.21274164 45023982.21274164 45023982.21274164
 45023982.21274164 45023982.21274164 45023982.21274164 45023982.21274164
 45023982.21274164 45023982.21274164 45023982.21274164 45023982.21274164
 45023982.21274164 45023982.21274164 45023982.21274164 45023982.21274164
 45023982.21274164 45023982.21274164 45023982.21274164 45023982.21274164]"
3894.043970630114	2.0	trials	5.0	0.0	0.0	0.0	0.0	True	40.0	1.86	0.2	"[45069953.36348602 45069953.36348602 45069953.36348602 45069953.36348602
 45069953.36348602 45069953.36348602 45069953.36348602 45069953.36348602
 45069953.36348602 45069953.36348602 45069953.36348602 45069953.36348602
 45069953.36348602 45069953.36348602 45069953.36348602 45069953.36348602
 45069953.36348602 45069953.36348602 45069953.36348602 45069953.36348602]"
3898.0939839105727	2.0	trials	5.0	0.0	0.0	0.0	0.0	True	40.0	1.86	0.2	"[45116828.51719473 45116828.51719473 45116828.51719473 45116828.51719473
 45116828.51719473 45116828.51719473 45116828.51719473 45116828.51719473
 45116828.51719473 45116828.51719473 45116828.51719473 45116828.51719473
 45116828.51719473 45116828.51719473 45116828.51719473 45116828.51719473
 45116828.51719473 45116828.51719473 45116828.51719473 45116828.51719473]"
3900.2822438861285	2.0	trials	5.0	0.0	0.0	0.0	0.0	True	40.0	1.86	0.2	"[45142155.60024498 45142155.60024498 45142155.60024498 45142155.60024498
 45142155.60024498 45142155.60024498 45142155.60024498 45142155.60024498
 45142155.60024498 45142155.60024498 45142155.60024498 45142155.60024498
 45142155.60024498 45142155.60024498 45142155.60024498 45142155.60024498
 45142155.60024498 45142155.60024498 45142155.60024498 45142155.60024498]"
3902.749749577363	2.0	trials	5.0	0.0	0.0	0.0	0.0	True	40.0	1.86	0.2	"[45170714.69389335 45170714.69389335 45170714.69389335 45170714.69389335
 45170714.69389335 45170714.69389335 45170714.69389335 45170714.69389335
 45170714.69389335 45170714.69389335 45170714.69389335 45170714.69389335
 45170714.69389335 45170714.69389335 45170714.69389335 45170714.69389335
 45170714.69389335 45170714.69389335 45170714.69389335 45170714.69389335]"
3906.044883582486	2.0	trials	5.0	0.0	0.0	0.0	0.0	True	40.0	1.86	0.2	"[45208852.8189524 45208852.8189524 45208852.8189524 45208852.8189524
 45208852.8189524 45208852.8189524 45208852.8189524 45208852.8189524
 45208852.8189524 45208852.8189524 45208852.8189524 45208852.8189524
 45208852.8189524 45208852.8189524 45208852.8189524 45208852.8189524
 45208852.8189524 45208852.8189524 45208852.8189524 45208852.8189524]"
3909.584011987694	2.0	trials	5.0	0.0	0.0	0.0	0.0	True	40.0	1.86	0.2	"[45249814.95327167 45249814.95327167 45249814.95327167 45249814.95327167
 45249814.95327167 45249814.95327167 45249814.95327167 45249814.95327167
 45249814.95327167 45249814.95327167 45249814.95327167 45249814.95327167
 45249814.95327167 45249814.95327167 45249814.95327167 45249814.95327167
 45249814.95327167 45249814.95327167 45249814.95327167 45249814.95327167]"
3913.453794277155	2.0	trials	5.0	0.0	0.0	0.0	0.0	True	40.0	1.86	0.2	"[45294604.10014015 45294604.10014015 45294604.10014015 45294604.10014015
 45294604.10014015 45294604.10014015 45294604.10014015 45294604.10014015
 45294604.10014015 45294604.10014015 45294604.10014015 45294604.10014015
 45294604.10014015 45294604.10014015 45294604.10014015 45294604.10014015
 45294604.10014015 45294604.10014015 45294604.10014015 45294604.10014015]"
3917.455769000089	2.0	trials	5.0	0.0	0.0	0.0	0.0	True	40.0	1.86	0.2	"[45340923.25202566 45340923.25202566 45340923.25202566 45340923.25202566
 45340923.25202566 45340923.25202566 45340923.25202566 45340923.25202566
 45340923.25202566 45340923.25202566 45340923.25202566 45340923.25202566
 45340923.25202566 45340923.25202566 45340923.25202566 45340923.25202566
 45340923.25202566 45340923.25202566 45340923.25202566 45340923.25202566]"
3920.7140100842357	2.0	trials	5.0	0.0	0.0	0.0	0.0	True	40.0	1.86	0.2	"[45378634.37568453 45378634.37568453 45378634.37568453 45378634.37568453
 45378634.37568453 45378634.37568453 45378634.37568453 45378634.37568453
 45378634.37568453 45378634.37568453 45378634.37568453 45378634.37568453
 45378634.37568453 45378634.37568453 45378634.37568453 45378634.37568453
 45378634.37568453 45378634.37568453 45378634.37568453 45378634.37568453]"
3924.3104218772837	2.0	trials	5.0	0.0	0.0	0.0	0.0	True	40.0	1.86	0.2	"[45420259.51217787 45420259.51217787 45420259.51217787 45420259.51217787
 45420259.51217787 45420259.51217787 45420259.51217787 45420259.51217787
 45420259.51217787 45420259.51217787 45420259.51217787 45420259.51217787
 45420259.51217787 45420259.51217787 45420259.51217787 45420259.51217787
 45420259.51217787 45420259.51217787 45420259.51217787 45420259.51217787]"
3927.566243753497	2.0	trials	5.0	0.0	0.0	0.0	0.0	True	40.0	1.86	0.2	"[45457942.63574491 45457942.63574491 45457942.63574491 45457942.63574491
 45457942.63574491 45457942.63574491 45457942.63574491 45457942.63574491
 45457942.63574491 45457942.63574491 45457942.63574491 45457942.63574491
 45457942.63574491 45457942.63574491 45457942.63574491 45457942.63574491
 45457942.63574491 45457942.63574491 45457942.63574491 45457942.63574491]"
3931.615911432822	2.0	trials	5.0	0.0	0.0	0.0	0.0	True	40.0	1.86	0.2	"[45504813.78944051 45504813.78944051 45504813.78944051 45504813.78944051
 45504813.78944051 45504813.78944051 45504813.78944051 45504813.78944051
 45504813.78944051 45504813.78944051 45504813.78944051 45504813.78944051
 45504813.78944051 45504813.78944051 45504813.78944051 45504813.78944051
 45504813.78944051 45504813.78944051 45504813.78944051 45504813.78944051]"
3934.814017919781	2.0	trials	5.0	0.0	0.0	0.0	0.0	True	40.0	1.86	0.2	"[45541828.91081711 45541828.91081711 45541828.91081711 45541828.91081711
 45541828.91081711 45541828.91081711 45541828.91081711 45541828.91081711
 45541828.91081711 45541828.91081711 45541828.91081711 45541828.91081711
 45541828.91081711 45541828.91081711 45541828.91081711 45541828.91081711
 45541828.91081711 45541828.91081711 45541828.91081711 45541828.91081711]"
3937.023964366449	2.0	trials	5.0	0.0	0.0	0.0	0.0	True	40.0	1.86	0.2	"[45567406.99469042 45567406.99469042 45567406.99469042 45567406.99469042
 45567406.99469042 45567406.99469042 45567406.99469042 45567406.99469042
 45567406.99469042 45567406.99469042 45567406.99469042 45567406.99469042
 45567406.99469042 45567406.99469042 45567406.99469042 45567406.99469042
 45567406.99469042 45567406.99469042 45567406.99469042 45567406.99469042]"
3939.740216473351	2.0	trials	5.0	0.0	0.0	0.0	0.0	True	40.0	1.86	0.2	"[45598845.09777936 45598845.09777936 45598845.09777936 45598845.09777936
 45598845.09777936 45598845.09777936 45598845.09777936 45598845.09777936
 45598845.09777936 45598845.09777936 45598845.09777936 45598845.09777936
 45598845.09777936 45598845.09777936 45598845.09777936 45598845.09777936
 45598845.09777936 45598845.09777936 45598845.09777936 45598845.09777936]"
3943.6461140812385	2.0	trials	5.0	0.0	0.0	0.0	0.0	True	40.0	1.86	0.2	"[45644052.24601851 45644052.24601851 45644052.24601851 45644052.24601851
 45644052.24601851 45644052.24601851 45644052.24601851 45644052.24601851
 45644052.24601851 45644052.24601851 45644052.24601851 45644052.24601851
 45644052.24601851 45644052.24601851 45644052.24601851 45644052.24601851
 45644052.24601851 45644052.24601851 45644052.24601851 45644052.24601851]"
3946.3363597028624	2.0	trials	5.0	0.0	0.0	0.0	0.0	True	40.0	1.86	0.2	"[45675189.34812044 45675189.34812044 45675189.34812044 45675189.34812044
 45675189.34812044 45675189.34812044 45675189.34812044 45675189.34812044
 45675189.34812044 45675189.34812044 45675189.34812044 45675189.34812044
 45675189.34812044 45675189.34812044 45675189.34812044 45675189.34812044
 45675189.34812044 45675189.34812044 45675189.34812044 45675189.34812044]"
3949.592959181626	2.0	trials	5.0	0.0	0.0	0.0	0.0	True	40.0	1.86	0.2	"[45712881.471717 45712881.471717 45712881.471717 45712881.471717
 45712881.471717 45712881.471717 45712881.471717 45712881.471717
 45712881.471717 45712881.471717 45712881.471717 45712881.471717
 45712881.471717 45712881.471717 45712881.471717 45712881.471717
 45712881.471717 45712881.471717 45712881.471717 45712881.471717]"
3952.220218996713	2.0	trials	5.0	0.0	0.0	0.0	0.0	True	40.0	1.86	0.2	"[45743289.57142846 45743289.57142846 45743289.57142846 45743289.57142846
 45743289.57142846 45743289.57142846 45743289.57142846 45743289.57142846
 45743289.57142846 45743289.57142846 45743289.57142846 45743289.57142846
 45743289.57142846 45743289.57142846 45743289.57142846 45743289.57142846
 45743289.57142846 45743289.57142846 45743289.57142846 45743289.57142846]"
3954.9502951489467	2.0	trials	5.0	0.0	0.0	0.0	0.0	True	40.0	1.86	0.2	"[45774887.67504207 45774887.67504207 45774887.67504207 45774887.67504207
 45774887.67504207 45774887.67504207 45774887.67504207 45774887.67504207
 45774887.67504207 45774887.67504207 45774887.67504207 45774887.67504207
 45774887.67504207 45774887.67504207 45774887.67504207 45774887.67504207
 45774887.67504207 45774887.67504207 45774887.67504207 45774887.67504207]"
3958.2833588784447	2.0	trials	5.0	0.0	0.0	0.0	0.0	True	40.0	1.86	0.2	"[45813464.80154064 45813464.80154064 45813464.80154064 45813464.80154064
 45813464.80154064 45813464.80154064 45813464.80154064 45813464.80154064
 45813464.80154064 45813464.80154064 45813464.80154064 45813464.80154064
 45813464.80154064 45813464.80154064 45813464.80154064 45813464.80154064
 45813464.80154064 45813464.80154064 45813464.80154064 45813464.80154064]"
3962.2053269390285	2.0	trials	5.0	0.0	0.0	0.0	0.0	True	40.0	1.86	0.2	"[45858857.95038971 45858857.95038971 45858857.95038971 45858857.95038971
 45858857.95038971 45858857.95038971 45858857.95038971 45858857.95038971
 45858857.95038971 45858857.95038971 45858857.95038971 45858857.95038971
 45858857.95038971 45858857.95038971 45858857.95038971 45858857.95038971
 45858857.95038971 45858857.95038971 45858857.95038971 45858857.95038971]"
3965.4760096639734	2.0	trials	5.0	0.0	0.0	0.0	0.0	True	40.0	1.86	0.2	"[45896713.07452077 45896713.07452077 45896713.07452077 45896713.07452077
 45896713.07452077 45896713.07452077 45896713.07452077 45896713.07452077
 45896713.07452077 45896713.07452077 45896713.07452077 45896713.07452077
 45896713.07452077 45896713.07452077 45896713.07452077 45896713.07452077
 45896713.07452077 45896713.07452077 45896713.07452077 45896713.07452077]"
3968.528618073826	2.0	trials	5.0	0.0	0.0	0.0	0.0	True	40.0	1.86	0.2	"[45932044.19037531 45932044.19037531 45932044.19037531 45932044.19037531
 45932044.19037531 45932044.19037531 45932044.19037531 45932044.19037531
 45932044.19037531 45932044.19037531 45932044.19037531 45932044.19037531
 45932044.19037531 45932044.19037531 45932044.19037531 45932044.19037531
 45932044.19037531 45932044.19037531 45932044.19037531 45932044.19037531]"
3971.417497946795	2.0	trials	5.0	0.0	0.0	0.0	0.0	True	40.0	1.86	0.2	"[45965480.30001595 45965480.30001595 45965480.30001595 45965480.30001595
 45965480.30001595 45965480.30001595 45965480.30001595 45965480.30001595
 45965480.30001595 45965480.30001595 45965480.30001595 45965480.30001595
 45965480.30001595 45965480.30001595 45965480.30001595 45965480.30001595
 45965480.30001595 45965480.30001595 45965480.30001595 45965480.30001595]"
3974.644721329231	2.0	trials	5.0	0.0	0.0	0.0	0.0	True	40.0	1.86	0.2	"[46002832.42249761 46002832.42249761 46002832.42249761 46002832.42249761
 46002832.42249761 46002832.42249761 46002832.42249761 46002832.42249761
 46002832.42249761 46002832.42249761 46002832.42249761 46002832.42249761
 46002832.42249761 46002832.42249761 46002832.42249761 46002832.42249761
 46002832.42249761 46002832.42249761 46002832.42249761 46002832.42249761]"
3976.844904543885	2.0	trials	5.0	0.0	0.0	0.0	0.0	True	40.0	1.86	0.2	"[46028297.50600038 46028297.50600038 46028297.50600038 46028297.50600038
 46028297.50600038 46028297.50600038 46028297.50600038 46028297.50600038
 46028297.50600038 46028297.50600038 46028297.50600038 46028297.50600038
 46028297.50600038 46028297.50600038 46028297.50600038 46028297.50600038
 46028297.50600038 46028297.50600038 46028297.50600038 46028297.50600038]"
3979.6589617715013	2.0	trials	5.0	0.0	0.0	0.0	0.0	True	40.0	1.86	0.2	"[46060867.61280129 46060867.61280129 46060867.61280129 46060867.61280129
 46060867.61280129 46060867.61280129 46060867.61280129 46060867.61280129
 46060867.61280129 46060867.61280129 46060867.61280129 46060867.61280129
 46060867.61280129 46060867.61280129 46060867.61280129 46060867.61280129
 46060867.61280129 46060867.61280129 46060867.61280129 46060867.61280129]"
3982.865276285374	2.0	trials	5.0	0.0	0.0	0.0	0.0	True	40.0	1.86	0.2	"[46097977.7344894 46097977.7344894 46097977.7344894 46097977.7344894
 46097977.7344894 46097977.7344894 46097977.7344894 46097977.7344894
 46097977.7344894 46097977.7344894 46097977.7344894 46097977.7344894
 46097977.7344894 46097977.7344894 46097977.7344894 46097977.7344894
 46097977.7344894 46097977.7344894 46097977.7344894 46097977.7344894]"
3985.5889588166424	2.0	trials	5.0	0.0	0.0	0.0	0.0	True	40.0	1.86	0.2	"[46129501.83786035 46129501.83786035 46129501.83786035 46129501.83786035
 46129501.83786035 46129501.83786035 46129501.83786035 46129501.83786035
 46129501.83786035 46129501.83786035 46129501.83786035 46129501.83786035
 46129501.83786035 46129501.83786035 46129501.83786035 46129501.83786035
 46129501.83786035 46129501.83786035 46129501.83786035 46129501.83786035]"
3989.4147633618945	2.0	trials	5.0	0.0	0.0	0.0	0.0	True	40.0	1.86	0.2	"[46173781.98305975 46173781.98305975 46173781.98305975 46173781.98305975
 46173781.98305975 46173781.98305975 46173781.98305975 46173781.98305975
 46173781.98305975 46173781.98305975 46173781.98305975 46173781.98305975
 46173781.98305975 46173781.98305975 46173781.98305975 46173781.98305975
 46173781.98305975 46173781.98305975 46173781.98305975 46173781.98305975]"
3992.0186087002025	2.0	trials	5.0	0.0	0.0	0.0	0.0	True	40.0	1.86	0.2	"[46203919.08188257 46203919.08188257 46203919.08188257 46203919.08188257
 46203919.08188257 46203919.08188257 46203919.08188257 46203919.08188257
 46203919.08188257 46203919.08188257 46203919.08188257 46203919.08188257
 46203919.08188257 46203919.08188257 46203919.08188257 46203919.08188257
 46203919.08188257 46203919.08188257 46203919.08188257 46203919.08188257]"
3994.7644961042834	2.0	trials	5.0	0.0	0.0	0.0	0.0	True	40.0	1.86	0.2	"[46235700.18609626 46235700.18609626 46235700.18609626 46235700.18609626
 46235700.18609626 46235700.18609626 46235700.18609626 46235700.18609626
 46235700.18609626 46235700.18609626 46235700.18609626 46235700.18609626
 46235700.18609626 46235700.18609626 46235700.18609626 46235700.18609626
 46235700.18609626 46235700.18609626 46235700.18609626 46235700.18609626]"
3998.8813832040287	2.0	trials	5.0	0.0	0.0	0.0	0.0	True	40.0	1.86	0.2	"[46283349.34234301 46283349.34234301 46283349.34234301 46283349.34234301
 46283349.34234301 46283349.34234301 46283349.34234301 46283349.34234301
 46283349.34234301 46283349.34234301 46283349.34234301 46283349.34234301
 46283349.34234301 46283349.34234301 46283349.34234301 46283349.34234301
 46283349.34234301 46283349.34234301 46283349.34234301 46283349.34234301]"
4001.6185441794937	2.0	trials	5.0	0.0	0.0	0.0	0.0	True	40.0	1.86	0.2	"[46315029.4462255 46315029.4462255 46315029.4462255 46315029.4462255
 46315029.4462255 46315029.4462255 46315029.4462255 46315029.4462255
 46315029.4462255 46315029.4462255 46315029.4462255 46315029.4462255
 46315029.4462255 46315029.4462255 46315029.4462255 46315029.4462255
 46315029.4462255 46315029.4462255 46315029.4462255 46315029.4462255]"
4005.30558986974	2.0	trials	5.0	0.0	0.0	0.0	0.0	True	40.0	1.86	0.2	"[46357703.58615863 46357703.58615863 46357703.58615863 46357703.58615863
 46357703.58615863 46357703.58615863 46357703.58615863 46357703.58615863
 46357703.58615863 46357703.58615863 46357703.58615863 46357703.58615863
 46357703.58615863 46357703.58615863 46357703.58615863 46357703.58615863
 46357703.58615863 46357703.58615863 46357703.58615863 46357703.58615863]"
4008.825019010352	2.0	trials	5.0	0.0	0.0	0.0	0.0	True	40.0	1.86	0.2	"[46398437.71973027 46398437.71973027 46398437.71973027 46398437.71973027
 46398437.71973027 46398437.71973027 46398437.71973027 46398437.71973027
 46398437.71973027 46398437.71973027 46398437.71973027 46398437.71973027
 46398437.71973027 46398437.71973027 46398437.71973027 46398437.71973027
 46398437.71973027 46398437.71973027 46398437.71973027 46398437.71973027]"
4011.680807574811	2.0	trials	5.0	0.0	0.0	0.0	0.0	True	40.0	1.86	0.2	"[46431490.828115 46431490.828115 46431490.828115 46431490.828115
 46431490.828115 46431490.828115 46431490.828115 46431490.828115
 46431490.828115 46431490.828115 46431490.828115 46431490.828115
 46431490.828115 46431490.828115 46431490.828115 46431490.828115
 46431490.828115 46431490.828115 46431490.828115 46431490.828115]"
4014.468080714599	2.0	trials	5.0	0.0	0.0	0.0	0.0	True	40.0	1.86	0.2	"[46463750.93389938 46463750.93389938 46463750.93389938 46463750.93389938
 46463750.93389938 46463750.93389938 46463750.93389938 46463750.93389938
 46463750.93389938 46463750.93389938 46463750.93389938 46463750.93389938
 46463750.93389938 46463750.93389938 46463750.93389938 46463750.93389938
 46463750.93389938 46463750.93389938 46463750.93389938 46463750.93389938]"
4017.1375038679444	2.0	trials	5.0	0.0	0.0	0.0	0.0	True	40.0	1.86	0.2	"[46494647.03521105 46494647.03521105 46494647.03521105 46494647.03521105
 46494647.03521105 46494647.03521105 46494647.03521105 46494647.03521105
 46494647.03521105 46494647.03521105 46494647.03521105 46494647.03521105
 46494647.03521105 46494647.03521105 46494647.03521105 46494647.03521105
 46494647.03521105 46494647.03521105 46494647.03521105 46494647.03521105]"
4020.17948504295	2.0	trials	5.0	0.0	0.0	0.0	0.0	True	40.0	1.86	0.2	"[46529855.15066228 46529855.15066228 46529855.15066228 46529855.15066228
 46529855.15066228 46529855.15066228 46529855.15066228 46529855.15066228
 46529855.15066228 46529855.15066228 46529855.15066228 46529855.15066228
 46529855.15066228 46529855.15066228 46529855.15066228 46529855.15066228
 46529855.15066228 46529855.15066228 46529855.15066228 46529855.15066228]"
4023.4348749177466	2.0	trials	5.0	0.0	0.0	0.0	0.0	True	40.0	1.86	0.2	"[46567533.27421293 46567533.27421293 46567533.27421293 46567533.27421293
 46567533.27421293 46567533.27421293 46567533.27421293 46567533.27421293
 46567533.27421293 46567533.27421293 46567533.27421293 46567533.27421293
 46567533.27421293 46567533.27421293 46567533.27421293 46567533.27421293
 46567533.27421293 46567533.27421293 46567533.27421293 46567533.27421293]"
4026.992665784152	2.0	trials	5.0	0.0	0.0	0.0	0.0	True	40.0	1.86	0.2	"[46608711.4092405 46608711.4092405 46608711.4092405 46608711.4092405
 46608711.4092405 46608711.4092405 46608711.4092405 46608711.4092405
 46608711.4092405 46608711.4092405 46608711.4092405 46608711.4092405
 46608711.4092405 46608711.4092405 46608711.4092405 46608711.4092405
 46608711.4092405 46608711.4092405 46608711.4092405 46608711.4092405]"
4030.94081313058	2.0	trials	5.0	0.0	0.0	0.0	0.0	True	40.0	1.86	0.2	"[46654407.55908313 46654407.55908313 46654407.55908313 46654407.55908313
 46654407.55908313 46654407.55908313 46654407.55908313 46654407.55908313
 46654407.55908313 46654407.55908313 46654407.55908313 46654407.55908313
 46654407.55908313 46654407.55908313 46654407.55908313 46654407.55908313
 46654407.55908313 46654407.55908313 46654407.55908313 46654407.55908313]"
4034.207607842776	2.0	trials	5.0	0.0	0.0	0.0	0.0	True	40.0	1.86	0.2	"[46692217.68306663 46692217.68306663 46692217.68306663 46692217.68306663
 46692217.68306663 46692217.68306663 46692217.68306663 46692217.68306663
 46692217.68306663 46692217.68306663 46692217.68306663 46692217.68306663
 46692217.68306663 46692217.68306663 46692217.68306663 46692217.68306663
 46692217.68306663 46692217.68306663 46692217.68306663 46692217.68306663]"
4036.371070937019	2.0	trials	5.0	0.0	0.0	0.0	0.0	True	40.0	1.86	0.2	"[46717257.76517577 46717257.76517577 46717257.76517577 46717257.76517577
 46717257.76517577 46717257.76517577 46717257.76517577 46717257.76517577
 46717257.76517577 46717257.76517577 46717257.76517577 46717257.76517577
 46717257.76517577 46717257.76517577 46717257.76517577 46717257.76517577
 46717257.76517577 46717257.76517577 46717257.76517577 46717257.76517577]"
4040.4566811342042	2.0	trials	5.0	0.0	0.0	0.0	0.0	True	40.0	1.86	0.2	"[46764544.92023548 46764544.92023548 46764544.92023548 46764544.92023548
 46764544.92023548 46764544.92023548 46764544.92023548 46764544.92023548
 46764544.92023548 46764544.92023548 46764544.92023548 46764544.92023548
 46764544.92023548 46764544.92023548 46764544.92023548 46764544.92023548
 46764544.92023548 46764544.92023548 46764544.92023548 46764544.92023548]"
4042.754064667589	2.0	trials	5.0	0.0	0.0	0.0	0.0	True	40.0	1.86	0.2	"[46791135.00742726 46791135.00742726 46791135.00742726 46791135.00742726
 46791135.00742726 46791135.00742726 46791135.00742726 46791135.00742726
 46791135.00742726 46791135.00742726 46791135.00742726 46791135.00742726
 46791135.00742726 46791135.00742726 46791135.00742726 46791135.00742726
 46791135.00742726 46791135.00742726 46791135.00742726 46791135.00742726]"
4045.7372936499396	2.0	trials	5.0	0.0	0.0	0.0	0.0	True	40.0	1.86	0.2	"[46825663.12064869 46825663.12064869 46825663.12064869 46825663.12064869
 46825663.12064869 46825663.12064869 46825663.12064869 46825663.12064869
 46825663.12064869 46825663.12064869 46825663.12064869 46825663.12064869
 46825663.12064869 46825663.12064869 46825663.12064869 46825663.12064869
 46825663.12064869 46825663.12064869 46825663.12064869 46825663.12064869]"
4048.143282339452	2.0	trials	5.0	0.0	0.0	0.0	0.0	True	40.0	1.86	0.2	"[46853510.21196231 46853510.21196231 46853510.21196231 46853510.21196231
 46853510.21196231 46853510.21196231 46853510.21196231 46853510.21196231
 46853510.21196231 46853510.21196231 46853510.21196231 46853510.21196231
 46853510.21196231 46853510.21196231 46853510.21196231 46853510.21196231
 46853510.21196231 46853510.21196231 46853510.21196231 46853510.21196231]"
4051.287043048205	2.0	trials	6.0	0.0	0.0	0.0	0.0	True	0.0	0.0	0.0	"[nan nan nan nan nan nan nan nan nan nan nan nan nan nan nan nan nan nan
 nan nan]"
4054.941343031074	2.0	trials	6.0	0.0	0.0	0.0	0.0	True	0.0	0.0	0.0	"[nan nan nan nan nan nan nan nan nan nan nan nan nan nan nan nan nan nan
 nan nan]"
4075.852112399888	2.0	trials	6.0	0.0	0.0	0.0	0.0	True	0.0	0.0	0.0	"[nan nan nan nan nan nan nan nan nan nan nan nan nan nan nan nan nan nan
 nan nan]"
4078.095582156483	2.0	trials	6.0	0.0	0.0	0.0	0.0	True	0.0	0.0	0.0	"[nan nan nan nan nan nan nan nan nan nan nan nan nan nan nan nan nan nan
 nan nan]"
4081.9744364756916	2.0	trials	6.0	0.0	0.0	0.0	0.0	True	0.0	0.0	0.0	"[nan nan nan nan nan nan nan nan nan nan nan nan nan nan nan nan nan nan
 nan nan]"
4085.8953677328755	2.0	trials	6.0	0.0	0.0	0.0	0.0	True	0.0	0.0	0.0	"[nan nan nan nan nan nan nan nan nan nan nan nan nan nan nan nan nan nan
 nan nan]"
4089.7078666344973	2.0	trials	6.0	0.0	0.0	0.0	0.0	True	0.0	0.0	0.0	"[nan nan nan nan nan nan nan nan nan nan nan nan nan nan nan nan nan nan
 nan nan]"
4093.4280900335366	2.0	trials	6.0	0.0	0.0	0.0	0.0	True	0.0	0.0	0.0	"[nan nan nan nan nan nan nan nan nan nan nan nan nan nan nan nan nan nan
 nan nan]"
4096.467824801177	2.0	trials	6.0	0.0	0.0	0.0	0.0	True	0.0	0.0	0.0	"[nan nan nan nan nan nan nan nan nan nan nan nan nan nan nan nan nan nan
 nan nan]"
4100.434461808234	2.0	trials	6.0	0.0	0.0	0.0	0.0	True	0.0	0.0	0.0	"[nan nan nan nan nan nan nan nan nan nan nan nan nan nan nan nan nan nan
 nan nan]"
4103.308999234173	2.0	trials	6.0	0.0	0.0	0.0	0.0	True	0.0	0.0	0.0	"[nan nan nan nan nan nan nan nan nan nan nan nan nan nan nan nan nan nan
 nan nan]"
4106.367310062725	2.0	trials	6.0	0.0	0.0	0.0	0.0	True	0.0	0.0	0.0	"[nan nan nan nan nan nan nan nan nan nan nan nan nan nan nan nan nan nan
 nan nan]"
4109.949897810442	2.0	trials	6.0	0.0	0.0	0.0	0.0	True	0.0	0.0	0.0	"[nan nan nan nan nan nan nan nan nan nan nan nan nan nan nan nan nan nan
 nan nan]"
4112.584415249326	2.0	trials	6.0	0.0	0.0	0.0	0.0	True	0.0	0.0	0.0	"[nan nan nan nan nan nan nan nan nan nan nan nan nan nan nan nan nan nan
 nan nan]"
4115.224635106911	2.0	trials	6.0	0.0	0.0	0.0	0.0	True	0.0	0.0	0.0	"[nan nan nan nan nan nan nan nan nan nan nan nan nan nan nan nan nan nan
 nan nan]"
4118.229982561791	2.0	trials	6.0	0.0	0.0	0.0	0.0	True	0.0	0.0	0.0	"[nan nan nan nan nan nan nan nan nan nan nan nan nan nan nan nan nan nan
 nan nan]"
4121.266952520364	2.0	trials	6.0	0.0	0.0	0.0	0.0	True	0.0	0.0	0.0	"[nan nan nan nan nan nan nan nan nan nan nan nan nan nan nan nan nan nan
 nan nan]"
4124.81748576297	2.0	trials	6.0	0.0	0.0	0.0	0.0	True	0.0	0.0	0.0	"[nan nan nan nan nan nan nan nan nan nan nan nan nan nan nan nan nan nan
 nan nan]"
4128.066222815952	2.0	trials	6.0	0.0	0.0	0.0	0.0	True	0.0	0.0	0.0	"[nan nan nan nan nan nan nan nan nan nan nan nan nan nan nan nan nan nan
 nan nan]"
4131.872932898591	2.0	trials	6.0	0.0	0.0	0.0	0.0	True	0.0	0.0	0.0	"[nan nan nan nan nan nan nan nan nan nan nan nan nan nan nan nan nan nan
 nan nan]"
4135.462432668974	2.0	trials	6.0	0.0	0.0	0.0	0.0	True	0.0	0.0	0.0	"[nan nan nan nan nan nan nan nan nan nan nan nan nan nan nan nan nan nan
 nan nan]"
4139.352259824163	2.0	trials	6.0	0.0	0.0	0.0	0.0	True	0.0	0.0	0.0	"[nan nan nan nan nan nan nan nan nan nan nan nan nan nan nan nan nan nan
 nan nan]"
4141.882146519953	2.0	trials	6.0	0.0	0.0	0.0	0.0	True	0.0	0.0	0.0	"[nan nan nan nan nan nan nan nan nan nan nan nan nan nan nan nan nan nan
 nan nan]"
4144.175296439454	2.0	trials	6.0	0.0	0.0	0.0	0.0	True	0.0	0.0	0.0	"[nan nan nan nan nan nan nan nan nan nan nan nan nan nan nan nan nan nan
 nan nan]"
4147.018038561132	2.0	trials	6.0	0.0	0.0	0.0	0.0	True	0.0	0.0	0.0	"[nan nan nan nan nan nan nan nan nan nan nan nan nan nan nan nan nan nan
 nan nan]"
4149.2441418607805	2.0	trials	6.0	0.0	0.0	0.0	0.0	True	0.0	0.0	0.0	"[nan nan nan nan nan nan nan nan nan nan nan nan nan nan nan nan nan nan
 nan nan]"
4152.598978461675	2.0	trials	6.0	0.0	0.0	0.0	0.0	True	0.0	0.0	0.0	"[nan nan nan nan nan nan nan nan nan nan nan nan nan nan nan nan nan nan
 nan nan]"
4156.56501066675	2.0	trials	6.0	0.0	0.0	0.0	0.0	True	0.0	0.0	0.0	"[nan nan nan nan nan nan nan nan nan nan nan nan nan nan nan nan nan nan
 nan nan]"
4158.981972192244	2.0	trials	6.0	0.0	0.0	0.0	0.0	True	0.0	0.0	0.0	"[nan nan nan nan nan nan nan nan nan nan nan nan nan nan nan nan nan nan
 nan nan]"
4162.648022613645	2.0	trials	6.0	0.0	0.0	0.0	0.0	True	0.0	0.0	0.0	"[nan nan nan nan nan nan nan nan nan nan nan nan nan nan nan nan nan nan
 nan nan]"
4165.462079841262	2.0	trials	6.0	0.0	0.0	0.0	0.0	True	0.0	0.0	0.0	"[nan nan nan nan nan nan nan nan nan nan nan nan nan nan nan nan nan nan
 nan nan]"
4168.52211867548	2.0	trials	6.0	0.0	0.0	0.0	0.0	True	0.0	0.0	0.0	"[nan nan nan nan nan nan nan nan nan nan nan nan nan nan nan nan nan nan
 nan nan]"
4172.326409550186	2.0	trials	6.0	0.0	0.0	0.0	0.0	True	0.0	0.0	0.0	"[nan nan nan nan nan nan nan nan nan nan nan nan nan nan nan nan nan nan
 nan nan]"
4174.794606443687	2.0	trials	6.0	0.0	0.0	0.0	0.0	True	0.0	0.0	0.0	"[nan nan nan nan nan nan nan nan nan nan nan nan nan nan nan nan nan nan
 nan nan]"
4178.848162135762	2.0	trials	6.0	0.0	0.0	0.0	0.0	True	0.0	0.0	0.0	"[nan nan nan nan nan nan nan nan nan nan nan nan nan nan nan nan nan nan
 nan nan]"
4181.944575489257	2.0	trials	6.0	0.0	0.0	0.0	0.0	True	0.0	0.0	0.0	"[nan nan nan nan nan nan nan nan nan nan nan nan nan nan nan nan nan nan
 nan nan]"
4185.0542080861	2.0	trials	6.0	0.0	0.0	0.0	0.0	True	0.0	0.0	0.0	"[nan nan nan nan nan nan nan nan nan nan nan nan nan nan nan nan nan nan
 nan nan]"
4187.7823834321	2.0	trials	6.0	0.0	0.0	0.0	0.0	True	0.0	0.0	0.0	"[nan nan nan nan nan nan nan nan nan nan nan nan nan nan nan nan nan nan
 nan nan]"
4191.460270692315	2.0	trials	6.0	0.0	0.0	0.0	0.0	True	0.0	0.0	0.0	"[nan nan nan nan nan nan nan nan nan nan nan nan nan nan nan nan nan nan
 nan nan]"
4194.646108339041	2.0	trials	6.0	0.0	0.0	0.0	0.0	True	0.0	0.0	0.0	"[nan nan nan nan nan nan nan nan nan nan nan nan nan nan nan nan nan nan
 nan nan]"
4197.617068481161	2.0	trials	6.0	0.0	0.0	0.0	0.0	True	0.0	0.0	0.0	"[nan nan nan nan nan nan nan nan nan nan nan nan nan nan nan nan nan nan
 nan nan]"
4200.622502336324	2.0	trials	6.0	0.0	0.0	0.0	0.0	True	0.0	0.0	0.0	"[nan nan nan nan nan nan nan nan nan nan nan nan nan nan nan nan nan nan
 nan nan]"
4203.076529583362	2.0	trials	6.0	0.0	0.0	0.0	0.0	True	0.0	0.0	0.0	"[nan nan nan nan nan nan nan nan nan nan nan nan nan nan nan nan nan nan
 nan nan]"
4206.779127324605	2.0	trials	6.0	0.0	0.0	0.0	0.0	True	0.0	0.0	0.0	"[nan nan nan nan nan nan nan nan nan nan nan nan nan nan nan nan nan nan
 nan nan]"
4210.4685058225	2.0	trials	6.0	0.0	0.0	0.0	0.0	True	0.0	0.0	0.0	"[nan nan nan nan nan nan nan nan nan nan nan nan nan nan nan nan nan nan
 nan nan]"
4213.057231111227	2.0	trials	6.0	0.0	0.0	0.0	0.0	True	0.0	0.0	0.0	"[nan nan nan nan nan nan nan nan nan nan nan nan nan nan nan nan nan nan
 nan nan]"
4215.184751687612	2.0	trials	6.0	0.0	0.0	0.0	0.0	True	0.0	0.0	0.0	"[nan nan nan nan nan nan nan nan nan nan nan nan nan nan nan nan nan nan
 nan nan]"
4217.356336408488	2.0	trials	6.0	0.0	0.0	0.0	0.0	True	0.0	0.0	0.0	"[nan nan nan nan nan nan nan nan nan nan nan nan nan nan nan nan nan nan
 nan nan]"
4220.962338632983	2.0	trials	6.0	0.0	0.0	0.0	0.0	True	0.0	0.0	0.0	"[nan nan nan nan nan nan nan nan nan nan nan nan nan nan nan nan nan nan
 nan nan]"
4224.660789160626	2.0	trials	6.0	0.0	0.0	0.0	0.0	True	0.0	0.0	0.0	"[nan nan nan nan nan nan nan nan nan nan nan nan nan nan nan nan nan nan
 nan nan]"
4227.178666217034	2.0	trials	6.0	0.0	0.0	0.0	0.0	True	0.0	0.0	0.0	"[nan nan nan nan nan nan nan nan nan nan nan nan nan nan nan nan nan nan
 nan nan]"
4229.842473351964	2.0	trials	6.0	0.0	0.0	0.0	0.0	True	0.0	0.0	0.0	"[nan nan nan nan nan nan nan nan nan nan nan nan nan nan nan nan nan nan
 nan nan]"
4233.760812600649	2.0	trials	6.0	0.0	0.0	0.0	0.0	True	0.0	0.0	0.0	"[nan nan nan nan nan nan nan nan nan nan nan nan nan nan nan nan nan nan
 nan nan]"
4237.300891408974	2.0	trials	6.0	0.0	0.0	0.0	0.0	True	0.0	0.0	0.0	"[nan nan nan nan nan nan nan nan nan nan nan nan nan nan nan nan nan nan
 nan nan]"
4240.691152126028	2.0	trials	6.0	0.0	0.0	0.0	0.0	True	0.0	0.0	0.0	"[nan nan nan nan nan nan nan nan nan nan nan nan nan nan nan nan nan nan
 nan nan]"
4244.2846263094425	2.0	trials	6.0	0.0	0.0	0.0	0.0	True	0.0	0.0	0.0	"[nan nan nan nan nan nan nan nan nan nan nan nan nan nan nan nan nan nan
 nan nan]"
4246.793085734969	2.0	trials	6.0	0.0	0.0	0.0	0.0	True	0.0	0.0	0.0	"[nan nan nan nan nan nan nan nan nan nan nan nan nan nan nan nan nan nan
 nan nan]"
4250.84888783441	2.0	trials	6.0	0.0	0.0	0.0	0.0	True	0.0	0.0	0.0	"[nan nan nan nan nan nan nan nan nan nan nan nan nan nan nan nan nan nan
 nan nan]"
4254.56444561815	2.0	trials	6.0	0.0	0.0	0.0	0.0	True	0.0	0.0	0.0	"[nan nan nan nan nan nan nan nan nan nan nan nan nan nan nan nan nan nan
 nan nan]"
4257.053292179364	2.0	trials	6.0	0.0	0.0	0.0	0.0	True	0.0	0.0	0.0	"[nan nan nan nan nan nan nan nan nan nan nan nan nan nan nan nan nan nan
 nan nan]"
4260.233168206543	2.0	trials	6.0	0.0	0.0	0.0	0.0	True	0.0	0.0	0.0	"[nan nan nan nan nan nan nan nan nan nan nan nan nan nan nan nan nan nan
 nan nan]"
4262.945100299279	2.0	trials	6.0	0.0	0.0	0.0	0.0	True	0.0	0.0	0.0	"[nan nan nan nan nan nan nan nan nan nan nan nan nan nan nan nan nan nan
 nan nan]"
4266.946815821365	2.0	trials	6.0	0.0	0.0	0.0	0.0	True	0.0	0.0	0.0	"[nan nan nan nan nan nan nan nan nan nan nan nan nan nan nan nan nan nan
 nan nan]"
4269.239360938883	2.0	trials	6.0	0.0	0.0	0.0	0.0	True	0.0	0.0	0.0	"[nan nan nan nan nan nan nan nan nan nan nan nan nan nan nan nan nan nan
 nan nan]"
4272.538901358455	2.0	trials	6.0	0.0	0.0	0.0	0.0	True	0.0	0.0	0.0	"[nan nan nan nan nan nan nan nan nan nan nan nan nan nan nan nan nan nan
 nan nan]"
4275.526882356388	2.0	trials	6.0	0.0	0.0	0.0	0.0	True	0.0	0.0	0.0	"[nan nan nan nan nan nan nan nan nan nan nan nan nan nan nan nan nan nan
 nan nan]"
4278.179111853353	2.0	trials	6.0	0.0	0.0	0.0	0.0	True	0.0	0.0	0.0	"[nan nan nan nan nan nan nan nan nan nan nan nan nan nan nan nan nan nan
 nan nan]"
4281.622767945496	2.0	trials	6.0	0.0	0.0	0.0	0.0	True	0.0	0.0	0.0	"[nan nan nan nan nan nan nan nan nan nan nan nan nan nan nan nan nan nan
 nan nan]"
4284.089236833331	2.0	trials	6.0	0.0	0.0	0.0	0.0	True	0.0	0.0	0.0	"[nan nan nan nan nan nan nan nan nan nan nan nan nan nan nan nan nan nan
 nan nan]"
4287.118776367539	2.0	trials	6.0	0.0	0.0	0.0	0.0	True	0.0	0.0	0.0	"[nan nan nan nan nan nan nan nan nan nan nan nan nan nan nan nan nan nan
 nan nan]"
4290.803230049286	2.0	trials	6.0	0.0	0.0	0.0	0.0	True	0.0	0.0	0.0	"[nan nan nan nan nan nan nan nan nan nan nan nan nan nan nan nan nan nan
 nan nan]"
4294.259154981661	2.0	trials	6.0	0.0	0.0	0.0	0.0	True	0.0	0.0	0.0	"[nan nan nan nan nan nan nan nan nan nan nan nan nan nan nan nan nan nan
 nan nan]"
4298.35763882106	2.0	trials	6.0	0.0	0.0	0.0	0.0	True	0.0	0.0	0.0	"[nan nan nan nan nan nan nan nan nan nan nan nan nan nan nan nan nan nan
 nan nan]"
4302.131430395755	2.0	trials	6.0	0.0	0.0	0.0	0.0	True	0.0	0.0	0.0	"[nan nan nan nan nan nan nan nan nan nan nan nan nan nan nan nan nan nan
 nan nan]"
4305.785903179191	2.0	trials	6.0	0.0	0.0	0.0	0.0	True	0.0	0.0	0.0	"[nan nan nan nan nan nan nan nan nan nan nan nan nan nan nan nan nan nan
 nan nan]"
4308.377047675852	2.0	trials	6.0	0.0	0.0	0.0	0.0	True	0.0	0.0	0.0	"[nan nan nan nan nan nan nan nan nan nan nan nan nan nan nan nan nan nan
 nan nan]"
4312.439329796542	2.0	trials	6.0	0.0	0.0	0.0	0.0	True	0.0	0.0	0.0	"[nan nan nan nan nan nan nan nan nan nan nan nan nan nan nan nan nan nan
 nan nan]"
4315.8538689932075	2.0	trials	6.0	0.0	0.0	0.0	0.0	True	0.0	0.0	0.0	"[nan nan nan nan nan nan nan nan nan nan nan nan nan nan nan nan nan nan
 nan nan]"
4319.807373157202	2.0	trials	6.0	0.0	0.0	0.0	0.0	True	0.0	0.0	0.0	"[nan nan nan nan nan nan nan nan nan nan nan nan nan nan nan nan nan nan
 nan nan]"
4321.9375721423685	2.0	trials	6.0	0.0	0.0	0.0	0.0	True	0.0	0.0	0.0	"[nan nan nan nan nan nan nan nan nan nan nan nan nan nan nan nan nan nan
 nan nan]"
4325.9937198429425	2.0	trials	6.0	0.0	0.0	0.0	0.0	True	0.0	0.0	0.0	"[nan nan nan nan nan nan nan nan nan nan nan nan nan nan nan nan nan nan
 nan nan]"
4328.666599007621	2.0	trials	6.0	0.0	0.0	0.0	0.0	True	0.0	0.0	0.0	"[nan nan nan nan nan nan nan nan nan nan nan nan nan nan nan nan nan nan
 nan nan]"
4331.903412821505	2.0	trials	6.0	0.0	0.0	0.0	0.0	True	0.0	0.0	0.0	"[nan nan nan nan nan nan nan nan nan nan nan nan nan nan nan nan nan nan
 nan nan]"
4335.461635689326	2.0	trials	6.0	0.0	0.0	0.0	0.0	True	0.0	0.0	0.0	"[nan nan nan nan nan nan nan nan nan nan nan nan nan nan nan nan nan nan
 nan nan]"
4338.299798595988	2.0	trials	6.0	0.0	0.0	0.0	0.0	True	0.0	0.0	0.0	"[nan nan nan nan nan nan nan nan nan nan nan nan nan nan nan nan nan nan
 nan nan]"
4340.837720518125	2.0	trials	6.0	0.0	0.0	0.0	0.0	True	0.0	0.0	0.0	"[nan nan nan nan nan nan nan nan nan nan nan nan nan nan nan nan nan nan
 nan nan]"
4343.051641377826	2.0	trials	6.0	0.0	0.0	0.0	0.0	True	0.0	0.0	0.0	"[nan nan nan nan nan nan nan nan nan nan nan nan nan nan nan nan nan nan
 nan nan]"
4345.696354050143	2.0	trials	6.0	0.0	0.0	0.0	0.0	True	0.0	0.0	0.0	"[nan nan nan nan nan nan nan nan nan nan nan nan nan nan nan nan nan nan
 nan nan]"
4348.746370451497	2.0	trials	6.0	0.0	0.0	0.0	0.0	True	0.0	0.0	0.0	"[nan nan nan nan nan nan nan nan nan nan nan nan nan nan nan nan nan nan
 nan nan]"
4351.446120104287	2.0	trials	6.0	0.0	0.0	0.0	0.0	True	0.0	0.0	0.0	"[nan nan nan nan nan nan nan nan nan nan nan nan nan nan nan nan nan nan
 nan nan]"
4354.944035574352	2.0	trials	6.0	0.0	0.0	0.0	0.0	True	0.0	0.0	0.0	"[nan nan nan nan nan nan nan nan nan nan nan nan nan nan nan nan nan nan
 nan nan]"
4357.802156946461	2.0	trials	6.0	0.0	0.0	0.0	0.0	True	0.0	0.0	0.0	"[nan nan nan nan nan nan nan nan nan nan nan nan nan nan nan nan nan nan
 nan nan]"
4361.705635346415	2.0	trials	6.0	0.0	0.0	0.0	0.0	True	0.0	0.0	0.0	"[nan nan nan nan nan nan nan nan nan nan nan nan nan nan nan nan nan nan
 nan nan]"
4365.257982994971	2.0	trials	7.0	0.0	0.0	0.0	0.0	True	40.0	1.86	0.2	"[46889896.33127635 46889896.33127635 46889896.33127635 46889896.33127635
 46889896.33127635 46889896.33127635 46889896.33127635 46889896.33127635
 46889896.33127635 46889896.33127635 46889896.33127635 46889896.33127635
 46889896.33127635 46889896.33127635 46889896.33127635 46889896.33127635
 46889896.33127635 46889896.33127635 46889896.33127635 46889896.33127635]"
4368.083790661119	2.0	trials	7.0	0.0	0.0	0.0	0.0	True	40.0	1.86	0.2	"[46932191.46996669 46932191.46996669 46932191.46996669 46932191.46996669
 46932191.46996669 46932191.46996669 46932191.46996669 46932191.46996669
 46932191.46996669 46932191.46996669 46932191.46996669 46932191.46996669
 46932191.46996669 46932191.46996669 46932191.46996669 46932191.46996669
 46932191.46996669 46932191.46996669 46932191.46996669 46932191.46996669]"
4370.918065555031	2.0	trials	7.0	0.0	0.0	0.0	0.0	True	40.0	1.86	0.2	"[47174214.26358568 47174214.26358568 47174214.26358568 47174214.26358568
 47174214.26358568 47174214.26358568 47174214.26358568 47174214.26358568
 47174214.26358568 47174214.26358568 47174214.26358568 47174214.26358568
 47174214.26358568 47174214.26358568 47174214.26358568 47174214.26358568
 47174214.26358568 47174214.26358568 47174214.26358568 47174214.26358568]"
4467.000105419073	2.0	trials	7.0	0.0	0.0	0.0	0.0	True	40.0	1.86	0.2	"[47200180.34873129 47200180.34873129 47200180.34873129 47200180.34873129
 47200180.34873129 47200180.34873129 47200180.34873129 47200180.34873129
 47200180.34873129 47200180.34873129 47200180.34873129 47200180.34873129
 47200180.34873129 47200180.34873129 47200180.34873129 47200180.34873129
 47200180.34873129 47200180.34873129 47200180.34873129 47200180.34873129]"
4469.810447434507	2.0	trials	7.0	0.0	0.0	0.0	0.0	True	40.0	1.86	0.2	"[47245074.49594406 47245074.49594406 47245074.49594406 47245074.49594406
 47245074.49594406 47245074.49594406 47245074.49594406 47245074.49594406
 47245074.49594406 47245074.49594406 47245074.49594406 47245074.49594406
 47245074.49594406 47245074.49594406 47245074.49594406 47245074.49594406
 47245074.49594406 47245074.49594406 47245074.49594406 47245074.49594406]"
4473.816223769907	2.0	trials	7.0	0.0	0.0	0.0	0.0	True	40.0	1.86	0.2	"[47290455.64475377 47290455.64475377 47290455.64475377 47290455.64475377
 47290455.64475377 47290455.64475377 47290455.64475377 47290455.64475377
 47290455.64475377 47290455.64475377 47290455.64475377 47290455.64475377
 47290455.64475377 47290455.64475377 47290455.64475377 47290455.64475377
 47290455.64475377 47290455.64475377 47290455.64475377 47290455.64475377]"
4476.0081989576465	2.0	trials	7.0	0.0	0.0	0.0	0.0	True	40.0	1.86	0.2	"[47334581.78944819 47334581.78944819 47334581.78944819 47334581.78944819
 47334581.78944819 47334581.78944819 47334581.78944819 47334581.78944819
 47334581.78944819 47334581.78944819 47334581.78944819 47334581.78944819
 47334581.78944819 47334581.78944819 47334581.78944819 47334581.78944819
 47334581.78944819 47334581.78944819 47334581.78944819 47334581.78944819]"
4479.104525910858	2.0	trials	7.0	0.0	0.0	0.0	0.0	True	40.0	1.86	0.2	"[47377639.9306405 47377639.9306405 47377639.9306405 47377639.9306405
 47377639.9306405 47377639.9306405 47377639.9306405 47377639.9306405
 47377639.9306405 47377639.9306405 47377639.9306405 47377639.9306405
 47377639.9306405 47377639.9306405 47377639.9306405 47377639.9306405
 47377639.9306405 47377639.9306405 47377639.9306405 47377639.9306405]"
4481.276369832583	2.0	trials	7.0	0.0	0.0	0.0	0.0	True	40.0	1.86	0.2	"[47412822.04600648 47412822.04600648 47412822.04600648 47412822.04600648
 47412822.04600648 47412822.04600648 47412822.04600648 47412822.04600648
 47412822.04600648 47412822.04600648 47412822.04600648 47412822.04600648
 47412822.04600648 47412822.04600648 47412822.04600648 47412822.04600648
 47412822.04600648 47412822.04600648 47412822.04600648 47412822.04600648]"
4485.282405368834	2.0	trials	7.0	0.0	0.0	0.0	0.0	True	40.0	1.86	0.2	"[47458732.19655082 47458732.19655082 47458732.19655082 47458732.19655082
 47458732.19655082 47458732.19655082 47458732.19655082 47458732.19655082
 47458732.19655082 47458732.19655082 47458732.19655082 47458732.19655082
 47458732.19655082 47458732.19655082 47458732.19655082 47458732.19655082
 47458732.19655082 47458732.19655082 47458732.19655082 47458732.19655082]"
4488.810733738627	2.0	trials	7.0	0.0	0.0	0.0	0.0	True	40.0	1.86	0.2	"[47492002.30564713 47492002.30564713 47492002.30564713 47492002.30564713
 47492002.30564713 47492002.30564713 47492002.30564713 47492002.30564713
 47492002.30564713 47492002.30564713 47492002.30564713 47492002.30564713
 47492002.30564713 47492002.30564713 47492002.30564713 47492002.30564713
 47492002.30564713 47492002.30564713 47492002.30564713 47492002.30564713]"
4491.294223482277	2.0	trials	7.0	0.0	0.0	0.0	0.0	True	40.0	1.86	0.2	"[47527399.42171811 47527399.42171811 47527399.42171811 47527399.42171811
 47527399.42171811 47527399.42171811 47527399.42171811 47527399.42171811
 47527399.42171811 47527399.42171811 47527399.42171811 47527399.42171811
 47527399.42171811 47527399.42171811 47527399.42171811 47527399.42171811
 47527399.42171811 47527399.42171811 47527399.42171811 47527399.42171811]"
4494.654244100169	2.0	trials	7.0	0.0	0.0	0.0	0.0	True	40.0	1.86	0.2	"[47568864.55768679 47568864.55768679 47568864.55768679 47568864.55768679
 47568864.55768679 47568864.55768679 47568864.55768679 47568864.55768679
 47568864.55768679 47568864.55768679 47568864.55768679 47568864.55768679
 47568864.55768679 47568864.55768679 47568864.55768679 47568864.55768679
 47568864.55768679 47568864.55768679 47568864.55768679 47568864.55768679]"
4498.452400554761	2.0	trials	7.0	0.0	0.0	0.0	0.0	True	40.0	1.86	0.2	"[47599356.65767368 47599356.65767368 47599356.65767368 47599356.65767368
 47599356.65767368 47599356.65767368 47599356.65767368 47599356.65767368
 47599356.65767368 47599356.65767368 47599356.65767368 47599356.65767368
 47599356.65767368 47599356.65767368 47599356.65767368 47599356.65767368
 47599356.65767368 47599356.65767368 47599356.65767368 47599356.65767368]"
4500.68947669039	2.0	trials	7.0	0.0	0.0	0.0	0.0	True	40.0	1.86	0.2	"[47629914.75787701 47629914.75787701 47629914.75787701 47629914.75787701
 47629914.75787701 47629914.75787701 47629914.75787701 47629914.75787701
 47629914.75787701 47629914.75787701 47629914.75787701 47629914.75787701
 47629914.75787701 47629914.75787701 47629914.75787701 47629914.75787701
 47629914.75787701 47629914.75787701 47629914.75787701 47629914.75787701]"
4503.459988175216	2.0	trials	7.0	0.0	0.0	0.0	0.0	True	40.0	1.86	0.2	"[47664698.8719379 47664698.8719379 47664698.8719379 47664698.8719379
 47664698.8719379 47664698.8719379 47664698.8719379 47664698.8719379
 47664698.8719379 47664698.8719379 47664698.8719379 47664698.8719379
 47664698.8719379 47664698.8719379 47664698.8719379 47664698.8719379
 47664698.8719379 47664698.8719379 47664698.8719379 47664698.8719379]"
4506.042665444111	2.0	trials	7.0	0.0	0.0	0.0	0.0	True	40.0	1.86	0.2	"[47699848.98719893 47699848.98719893 47699848.98719893 47699848.98719893
 47699848.98719893 47699848.98719893 47699848.98719893 47699848.98719893
 47699848.98719893 47699848.98719893 47699848.98719893 47699848.98719893
 47699848.98719893 47699848.98719893 47699848.98719893 47699848.98719893
 47699848.98719893 47699848.98719893 47699848.98719893 47699848.98719893]"
4509.264964010397	2.0	trials	7.0	0.0	0.0	0.0	0.0	True	40.0	1.86	0.2	"[47740943.12195106 47740943.12195106 47740943.12195106 47740943.12195106
 47740943.12195106 47740943.12195106 47740943.12195106 47740943.12195106
 47740943.12195106 47740943.12195106 47740943.12195106 47740943.12195106
 47740943.12195106 47740943.12195106 47740943.12195106 47740943.12195106
 47740943.12195106 47740943.12195106 47740943.12195106 47740943.12195106]"
4512.126627794122	2.0	trials	7.0	0.0	0.0	0.0	0.0	True	40.0	1.86	0.2	"[47778544.24524921 47778544.24524921 47778544.24524921 47778544.24524921
 47778544.24524921 47778544.24524921 47778544.24524921 47778544.24524921
 47778544.24524921 47778544.24524921 47778544.24524921 47778544.24524921
 47778544.24524921 47778544.24524921 47778544.24524921 47778544.24524921
 47778544.24524921 47778544.24524921 47778544.24524921 47778544.24524921]"
4515.7283100044515	2.0	trials	7.0	0.0	0.0	0.0	0.0	True	40.0	1.86	0.2	"[47822603.38972393 47822603.38972393 47822603.38972393 47822603.38972393
 47822603.38972393 47822603.38972393 47822603.38972393 47822603.38972393
 47822603.38972393 47822603.38972393 47822603.38972393 47822603.38972393
 47822603.38972393 47822603.38972393 47822603.38972393 47822603.38972393
 47822603.38972393 47822603.38972393 47822603.38972393 47822603.38972393]"
4518.6567612071785	2.0	trials	7.0	0.0	0.0	0.0	0.0	True	40.0	1.86	0.2	"[47864148.52595494 47864148.52595494 47864148.52595494 47864148.52595494
 47864148.52595494 47864148.52595494 47864148.52595494 47864148.52595494
 47864148.52595494 47864148.52595494 47864148.52595494 47864148.52595494
 47864148.52595494 47864148.52595494 47864148.52595494 47864148.52595494
 47864148.52595494 47864148.52595494 47864148.52595494 47864148.52595494]"
4522.344843700826	2.0	trials	7.0	0.0	0.0	0.0	0.0	True	40.0	1.86	0.2	"[47909169.67358416 47909169.67358416 47909169.67358416 47909169.67358416
 47909169.67358416 47909169.67358416 47909169.67358416 47909169.67358416
 47909169.67358416 47909169.67358416 47909169.67358416 47909169.67358416
 47909169.67358416 47909169.67358416 47909169.67358416 47909169.67358416
 47909169.67358416 47909169.67358416 47909169.67358416 47909169.67358416]"
4525.165121748841	2.0	trials	7.0	0.0	0.0	0.0	0.0	True	40.0	1.86	0.2	"[47938450.76960006 47938450.76960006 47938450.76960006 47938450.76960006
 47938450.76960006 47938450.76960006 47938450.76960006 47938450.76960006
 47938450.76960006 47938450.76960006 47938450.76960006 47938450.76960006
 47938450.76960006 47938450.76960006 47938450.76960006 47938450.76960006
 47938450.76960006 47938450.76960006 47938450.76960006 47938450.76960006]"
4527.914810765387	2.0	trials	7.0	0.0	0.0	0.0	0.0	True	40.0	1.86	0.2	"[47964991.85663114 47964991.85663114 47964991.85663114 47964991.85663114
 47964991.85663114 47964991.85663114 47964991.85663114 47964991.85663114
 47964991.85663114 47964991.85663114 47964991.85663114 47964991.85663114
 47964991.85663114 47964991.85663114 47964991.85663114 47964991.85663114
 47964991.85663114 47964991.85663114 47964991.85663114 47964991.85663114]"
4530.931303856814	2.0	trials	7.0	0.0	0.0	0.0	0.0	True	40.0	1.86	0.2	"[47997893.96452073 47997893.96452073 47997893.96452073 47997893.96452073
 47997893.96452073 47997893.96452073 47997893.96452073 47997893.96452073
 47997893.96452073 47997893.96452073 47997893.96452073 47997893.96452073
 47997893.96452073 47997893.96452073 47997893.96452073 47997893.96452073
 47997893.96452073 47997893.96452073 47997893.96452073 47997893.96452073]"
4534.802468550808	2.0	trials	7.0	0.0	0.0	0.0	0.0	True	40.0	1.86	0.2	"[48023659.04900724 48023659.04900724 48023659.04900724 48023659.04900724
 48023659.04900724 48023659.04900724 48023659.04900724 48023659.04900724
 48023659.04900724 48023659.04900724 48023659.04900724 48023659.04900724
 48023659.04900724 48023659.04900724 48023659.04900724 48023659.04900724
 48023659.04900724 48023659.04900724 48023659.04900724 48023659.04900724]"
4538.118511424493	2.0	trials	7.0	0.0	0.0	0.0	0.0	True	40.0	1.86	0.2	"[48062488.17633215 48062488.17633215 48062488.17633215 48062488.17633215
 48062488.17633215 48062488.17633215 48062488.17633215 48062488.17633215
 48062488.17633215 48062488.17633215 48062488.17633215 48062488.17633215
 48062488.17633215 48062488.17633215 48062488.17633215 48062488.17633215
 48062488.17633215 48062488.17633215 48062488.17633215 48062488.17633215]"
4541.191164700076	2.0	trials	7.0	0.0	0.0	0.0	0.0	True	40.0	1.86	0.2	"[48108391.32685357 48108391.32685357 48108391.32685357 48108391.32685357
 48108391.32685357 48108391.32685357 48108391.32685357 48108391.32685357
 48108391.32685357 48108391.32685357 48108391.32685357 48108391.32685357
 48108391.32685357 48108391.32685357 48108391.32685357 48108391.32685357
 48108391.32685357 48108391.32685357 48108391.32685357 48108391.32685357]"
4545.192448220744	2.0	trials	7.0	0.0	0.0	0.0	0.0	True	40.0	1.86	0.2	"[48136365.41858364 48136365.41858364 48136365.41858364 48136365.41858364
 48136365.41858364 48136365.41858364 48136365.41858364 48136365.41858364
 48136365.41858364 48136365.41858364 48136365.41858364 48136365.41858364
 48136365.41858364 48136365.41858364 48136365.41858364 48136365.41858364
 48136365.41858364 48136365.41858364 48136365.41858364 48136365.41858364]"
4547.688466005473	2.0	trials	7.0	0.0	0.0	0.0	0.0	True	40.0	1.86	0.2	"[48178796.55771995 48178796.55771995 48178796.55771995 48178796.55771995
 48178796.55771995 48178796.55771995 48178796.55771995 48178796.55771995
 48178796.55771995 48178796.55771995 48178796.55771995 48178796.55771995
 48178796.55771995 48178796.55771995 48178796.55771995 48178796.55771995
 48178796.55771995 48178796.55771995 48178796.55771995 48178796.55771995]"
4551.576824355847	2.0	trials	7.0	0.0	0.0	0.0	0.0	True	40.0	1.86	0.2	"[48211366.66452087 48211366.66452087 48211366.66452087 48211366.66452087
 48211366.66452087 48211366.66452087 48211366.66452087 48211366.66452087
 48211366.66452087 48211366.66452087 48211366.66452087 48211366.66452087
 48211366.66452087 48211366.66452087 48211366.66452087 48211366.66452087
 48211366.66452087 48211366.66452087 48211366.66452087 48211366.66452087]"
4554.270612389087	2.0	trials	7.0	0.0	0.0	0.0	0.0	True	40.0	1.86	0.2	"[48246783.78065743 48246783.78065743 48246783.78065743 48246783.78065743
 48246783.78065743 48246783.78065743 48246783.78065743 48246783.78065743
 48246783.78065743 48246783.78065743 48246783.78065743 48246783.78065743
 48246783.78065743 48246783.78065743 48246783.78065743 48246783.78065743
 48246783.78065743 48246783.78065743 48246783.78065743 48246783.78065743]"
4557.588988070422	2.0	trials	7.0	0.0	0.0	0.0	0.0	True	40.0	1.86	0.2	"[48290814.92504032 48290814.92504032 48290814.92504032 48290814.92504032
 48290814.92504032 48290814.92504032 48290814.92504032 48290814.92504032
 48290814.92504032 48290814.92504032 48290814.92504032 48290814.92504032
 48290814.92504032 48290814.92504032 48290814.92504032 48290814.92504032
 48290814.92504032 48290814.92504032 48290814.92504032 48290814.92504032]"
4561.23076001221	2.0	trials	7.0	0.0	0.0	0.0	0.0	True	40.0	1.86	0.2	"[48319382.01871491 48319382.01871491 48319382.01871491 48319382.01871491
 48319382.01871491 48319382.01871491 48319382.01871491 48319382.01871491
 48319382.01871491 48319382.01871491 48319382.01871491 48319382.01871491
 48319382.01871491 48319382.01871491 48319382.01871491 48319382.01871491
 48319382.01871491 48319382.01871491 48319382.01871491 48319382.01871491]"
4565.112638341335	2.0	trials	7.0	0.0	0.0	0.0	0.0	True	40.0	1.86	0.2	"[48366298.17255808 48366298.17255808 48366298.17255808 48366298.17255808
 48366298.17255808 48366298.17255808 48366298.17255808 48366298.17255808
 48366298.17255808 48366298.17255808 48366298.17255808 48366298.17255808
 48366298.17255808 48366298.17255808 48366298.17255808 48366298.17255808
 48366298.17255808 48366298.17255808 48366298.17255808 48366298.17255808]"
4567.794935136894	2.0	trials	7.0	0.0	0.0	0.0	0.0	True	40.0	1.86	0.2	"[48402136.29007515 48402136.29007515 48402136.29007515 48402136.29007515
 48402136.29007515 48402136.29007515 48402136.29007515 48402136.29007515
 48402136.29007515 48402136.29007515 48402136.29007515 48402136.29007515
 48402136.29007515 48402136.29007515 48402136.29007515 48402136.29007515
 48402136.29007515 48402136.29007515 48402136.29007515 48402136.29007515]"
4571.196600691346	2.0	trials	7.0	0.0	0.0	0.0	0.0	True	40.0	1.86	0.2	"[48438127.40809393 48438127.40809393 48438127.40809393 48438127.40809393
 48438127.40809393 48438127.40809393 48438127.40809393 48438127.40809393
 48438127.40809393 48438127.40809393 48438127.40809393 48438127.40809393
 48438127.40809393 48438127.40809393 48438127.40809393 48438127.40809393
 48438127.40809393 48438127.40809393 48438127.40809393 48438127.40809393]"
4574.902222442505	2.0	trials	7.0	0.0	0.0	0.0	0.0	True	40.0	1.86	0.2	"[48469703.51163539 48469703.51163539 48469703.51163539 48469703.51163539
 48469703.51163539 48469703.51163539 48469703.51163539 48469703.51163539
 48469703.51163539 48469703.51163539 48469703.51163539 48469703.51163539
 48469703.51163539 48469703.51163539 48469703.51163539 48469703.51163539
 48469703.51163539 48469703.51163539 48469703.51163539 48469703.51163539]"
4577.821169614069	2.0	trials	7.0	0.0	0.0	0.0	0.0	True	40.0	1.86	0.2	"[48512271.65122095 48512271.65122095 48512271.65122095 48512271.65122095
 48512271.65122095 48512271.65122095 48512271.65122095 48512271.65122095
 48512271.65122095 48512271.65122095 48512271.65122095 48512271.65122095
 48512271.65122095 48512271.65122095 48512271.65122095 48512271.65122095
 48512271.65122095 48512271.65122095 48512271.65122095 48512271.65122095]"
4581.0911611367455	2.0	trials	7.0	0.0	0.0	0.0	0.0	True	40.0	1.86	0.2	"[48549144.7721319 48549144.7721319 48549144.7721319 48549144.7721319
 48549144.7721319 48549144.7721319 48549144.7721319 48549144.7721319
 48549144.7721319 48549144.7721319 48549144.7721319 48549144.7721319
 48549144.7721319 48549144.7721319 48549144.7721319 48549144.7721319
 48549144.7721319 48549144.7721319 48549144.7721319 48549144.7721319]"
4584.345946209561	2.0	trials	7.0	0.0	0.0	0.0	0.0	True	40.0	1.86	0.2	"[48583530.8848877 48583530.8848877 48583530.8848877 48583530.8848877
 48583530.8848877 48583530.8848877 48583530.8848877 48583530.8848877
 48583530.8848877 48583530.8848877 48583530.8848877 48583530.8848877
 48583530.8848877 48583530.8848877 48583530.8848877 48583530.8848877
 48583530.8848877 48583530.8848877 48583530.8848877 48583530.8848877]"
4588.345069723146	2.0	trials	7.0	0.0	0.0	0.0	0.0	True	40.0	1.86	0.2	"[48618315.99895185 48618315.99895185 48618315.99895185 48618315.99895185
 48618315.99895185 48618315.99895185 48618315.99895185 48618315.99895185
 48618315.99895185 48618315.99895185 48618315.99895185 48618315.99895185
 48618315.99895185 48618315.99895185 48618315.99895185 48618315.99895185
 48618315.99895185 48618315.99895185 48618315.99895185 48618315.99895185]"
4591.633464506169	2.0	trials	7.0	0.0	0.0	0.0	0.0	True	40.0	1.86	0.2	"[48646719.09208868 48646719.09208868 48646719.09208868 48646719.09208868
 48646719.09208868 48646719.09208868 48646719.09208868 48646719.09208868
 48646719.09208868 48646719.09208868 48646719.09208868 48646719.09208868
 48646719.09208868 48646719.09208868 48646719.09208868 48646719.09208868
 48646719.09208868 48646719.09208868 48646719.09208868 48646719.09208868]"
4595.215620252469	2.0	trials	7.0	0.0	0.0	0.0	0.0	True	40.0	1.86	0.2	"[48689573.23261205 48689573.23261205 48689573.23261205 48689573.23261205
 48689573.23261205 48689573.23261205 48689573.23261205 48689573.23261205
 48689573.23261205 48689573.23261205 48689573.23261205 48689573.23261205
 48689573.23261205 48689573.23261205 48689573.23261205 48689573.23261205
 48689573.23261205 48689573.23261205 48689573.23261205 48689573.23261205]"
4598.250775805092	2.0	trials	7.0	0.0	0.0	0.0	0.0	True	40.0	1.86	0.2	"[48732274.37263372 48732274.37263372 48732274.37263372 48732274.37263372
 48732274.37263372 48732274.37263372 48732274.37263372 48732274.37263372
 48732274.37263372 48732274.37263372 48732274.37263372 48732274.37263372
 48732274.37263372 48732274.37263372 48732274.37263372 48732274.37263372
 48732274.37263372 48732274.37263372 48732274.37263372 48732274.37263372]"
4601.77944977602	2.0	trials	7.0	0.0	0.0	0.0	0.0	True	40.0	1.86	0.2	"[48762236.47088268 48762236.47088268 48762236.47088268 48762236.47088268
 48762236.47088268 48762236.47088268 48762236.47088268 48762236.47088268
 48762236.47088268 48762236.47088268 48762236.47088268 48762236.47088268
 48762236.47088268 48762236.47088268 48762236.47088268 48762236.47088268
 48762236.47088268 48762236.47088268 48762236.47088268 48762236.47088268]"
4604.713257796313	2.0	trials	7.0	0.0	0.0	0.0	0.0	True	40.0	1.86	0.2	"[48786860.55162773 48786860.55162773 48786860.55162773 48786860.55162773
 48786860.55162773 48786860.55162773 48786860.55162773 48786860.55162773
 48786860.55162773 48786860.55162773 48786860.55162773 48786860.55162773
 48786860.55162773 48786860.55162773 48786860.55162773 48786860.55162773
 48786860.55162773 48786860.55162773 48786860.55162773 48786860.55162773]"
4608.583731288041	2.0	trials	7.0	0.0	0.0	0.0	0.0	True	40.0	1.86	0.2	"[48811994.6340451 48811994.6340451 48811994.6340451 48811994.6340451
 48811994.6340451 48811994.6340451 48811994.6340451 48811994.6340451
 48811994.6340451 48811994.6340451 48811994.6340451 48811994.6340451
 48811994.6340451 48811994.6340451 48811994.6340451 48811994.6340451
 48811994.6340451 48811994.6340451 48811994.6340451 48811994.6340451]"
4612.189560711969	2.0	trials	7.0	0.0	0.0	0.0	0.0	True	40.0	1.86	0.2	"[48853730.77090242 48853730.77090242 48853730.77090242 48853730.77090242
 48853730.77090242 48853730.77090242 48853730.77090242 48853730.77090242
 48853730.77090242 48853730.77090242 48853730.77090242 48853730.77090242
 48853730.77090242 48853730.77090242 48853730.77090242 48853730.77090242
 48853730.77090242 48853730.77090242 48853730.77090242 48853730.77090242]"
4614.727223433257	2.0	trials	7.0	0.0	0.0	0.0	0.0	True	40.0	1.86	0.2	"[48896536.91126838 48896536.91126838 48896536.91126838 48896536.91126838
 48896536.91126838 48896536.91126838 48896536.91126838 48896536.91126838
 48896536.91126838 48896536.91126838 48896536.91126838 48896536.91126838
 48896536.91126838 48896536.91126838 48896536.91126838 48896536.91126838
 48896536.91126838 48896536.91126838 48896536.91126838 48896536.91126838]"
4616.953585933755	2.0	trials	7.0	0.0	0.0	0.0	0.0	True	40.0	1.86	0.2	"[48925679.00682848 48925679.00682848 48925679.00682848 48925679.00682848
 48925679.00682848 48925679.00682848 48925679.00682848 48925679.00682848
 48925679.00682848 48925679.00682848 48925679.00682848 48925679.00682848
 48925679.00682848 48925679.00682848 48925679.00682848 48925679.00682848
 48925679.00682848 48925679.00682848 48925679.00682848 48925679.00682848]"
4620.855681929175	2.0	trials	7.0	0.0	0.0	0.0	0.0	True	40.0	1.86	0.2	"[48956510.107927 48956510.107927 48956510.107927 48956510.107927
 48956510.107927 48956510.107927 48956510.107927 48956510.107927
 48956510.107927 48956510.107927 48956510.107927 48956510.107927
 48956510.107927 48956510.107927 48956510.107927 48956510.107927
 48956510.107927 48956510.107927 48956510.107927 48956510.107927]"
4624.659800003316	2.0	trials	7.0	0.0	0.0	0.0	0.0	True	40.0	1.86	0.2	"[49001861.25663834 49001861.25663834 49001861.25663834 49001861.25663834
 49001861.25663834 49001861.25663834 49001861.25663834 49001861.25663834
 49001861.25663834 49001861.25663834 49001861.25663834 49001861.25663834
 49001861.25663834 49001861.25663834 49001861.25663834 49001861.25663834
 49001861.25663834 49001861.25663834 49001861.25663834 49001861.25663834]"
4627.0658750931125	2.0	trials	7.0	0.0	0.0	0.0	0.0	True	40.0	1.86	0.2	"[49042834.3909937 49042834.3909937 49042834.3909937 49042834.3909937
 49042834.3909937 49042834.3909937 49042834.3909937 49042834.3909937
 49042834.3909937 49042834.3909937 49042834.3909937 49042834.3909937
 49042834.3909937 49042834.3909937 49042834.3909937 49042834.3909937
 49042834.3909937 49042834.3909937 49042834.3909937 49042834.3909937]"
4629.38520429846	2.0	trials	7.0	0.0	0.0	0.0	0.0	True	40.0	1.86	0.2	"[49082073.51966305 49082073.51966305 49082073.51966305 49082073.51966305
 49082073.51966305 49082073.51966305 49082073.51966305 49082073.51966305
 49082073.51966305 49082073.51966305 49082073.51966305 49082073.51966305
 49082073.51966305 49082073.51966305 49082073.51966305 49082073.51966305
 49082073.51966305 49082073.51966305 49082073.51966305 49082073.51966305]"
4633.453966440397	2.0	trials	7.0	0.0	0.0	0.0	0.0	True	40.0	1.86	0.2	"[49123664.6560449 49123664.6560449 49123664.6560449 49123664.6560449
 49123664.6560449 49123664.6560449 49123664.6560449 49123664.6560449
 49123664.6560449 49123664.6560449 49123664.6560449 49123664.6560449
 49123664.6560449 49123664.6560449 49123664.6560449 49123664.6560449
 49123664.6560449 49123664.6560449 49123664.6560449 49123664.6560449]"
4637.390968150277	2.0	trials	7.0	0.0	0.0	0.0	0.0	True	40.0	1.86	0.2	"[49152697.75124757 49152697.75124757 49152697.75124757 49152697.75124757
 49152697.75124757 49152697.75124757 49152697.75124757 49152697.75124757
 49152697.75124757 49152697.75124757 49152697.75124757 49152697.75124757
 49152697.75124757 49152697.75124757 49152697.75124757 49152697.75124757
 49152697.75124757 49152697.75124757 49152697.75124757 49152697.75124757]"
4641.019952850136	2.0	trials	7.0	0.0	0.0	0.0	0.0	True	40.0	1.86	0.2	"[49199639.90517598 49199639.90517598 49199639.90517598 49199639.90517598
 49199639.90517598 49199639.90517598 49199639.90517598 49199639.90517598
 49199639.90517598 49199639.90517598 49199639.90517598 49199639.90517598
 49199639.90517598 49199639.90517598 49199639.90517598 49199639.90517598
 49199639.90517598 49199639.90517598 49199639.90517598 49199639.90517598]"
4643.959463289128	2.0	trials	7.0	0.0	0.0	0.0	0.0	True	40.0	1.86	0.2	"[49242644.04619122 49242644.04619122 49242644.04619122 49242644.04619122
 49242644.04619122 49242644.04619122 49242644.04619122 49242644.04619122
 49242644.04619122 49242644.04619122 49242644.04619122 49242644.04619122
 49242644.04619122 49242644.04619122 49242644.04619122 49242644.04619122
 49242644.04619122 49242644.04619122 49242644.04619122 49242644.04619122]"
4646.767558897196	2.0	trials	7.0	0.0	0.0	0.0	0.0	True	40.0	1.86	0.2	"[49271450.14064952 49271450.14064952 49271450.14064952 49271450.14064952
 49271450.14064952 49271450.14064952 49271450.14064952 49271450.14064952
 49271450.14064952 49271450.14064952 49271450.14064952 49271450.14064952
 49271450.14064952 49271450.14064952 49271450.14064952 49271450.14064952
 49271450.14064952 49271450.14064952 49271450.14064952 49271450.14064952]"
4650.579625797401	2.0	trials	7.0	0.0	0.0	0.0	0.0	True	40.0	1.86	0.2	"[49308254.26133423 49308254.26133423 49308254.26133423 49308254.26133423
 49308254.26133423 49308254.26133423 49308254.26133423 49308254.26133423
 49308254.26133423 49308254.26133423 49308254.26133423 49308254.26133423
 49308254.26133423 49308254.26133423 49308254.26133423 49308254.26133423
 49308254.26133423 49308254.26133423 49308254.26133423 49308254.26133423]"
4653.152367033715	2.0	trials	7.0	0.0	0.0	0.0	0.0	True	40.0	1.86	0.2	"[49339642.36425921 49339642.36425921 49339642.36425921 49339642.36425921
 49339642.36425921 49339642.36425921 49339642.36425921 49339642.36425921
 49339642.36425921 49339642.36425921 49339642.36425921 49339642.36425921
 49339642.36425921 49339642.36425921 49339642.36425921 49339642.36425921
 49339642.36425921 49339642.36425921 49339642.36425921 49339642.36425921]"
4656.446205034588	2.0	trials	7.0	0.0	0.0	0.0	0.0	True	40.0	1.86	0.2	"[49385958.51613491 49385958.51613491 49385958.51613491 49385958.51613491
 49385958.51613491 49385958.51613491 49385958.51613491 49385958.51613491
 49385958.51613491 49385958.51613491 49385958.51613491 49385958.51613491
 49385958.51613491 49385958.51613491 49385958.51613491 49385958.51613491
 49385958.51613491 49385958.51613491 49385958.51613491 49385958.51613491]"
4658.864030562916	2.0	trials	7.0	0.0	0.0	0.0	0.0	True	40.0	1.86	0.2	"[49412492.60314305 49412492.60314305 49412492.60314305 49412492.60314305
 49412492.60314305 49412492.60314305 49412492.60314305 49412492.60314305
 49412492.60314305 49412492.60314305 49412492.60314305 49412492.60314305
 49412492.60314305 49412492.60314305 49412492.60314305 49412492.60314305
 49412492.60314305 49412492.60314305 49412492.60314305 49412492.60314305]"
4662.8479476266375	2.0	trials	7.0	0.0	0.0	0.0	0.0	True	40.0	1.86	0.2	"[49450681.72836934 49450681.72836934 49450681.72836934 49450681.72836934
 49450681.72836934 49450681.72836934 49450681.72836934 49450681.72836934
 49450681.72836934 49450681.72836934 49450681.72836934 49450681.72836934
 49450681.72836934 49450681.72836934 49450681.72836934 49450681.72836934
 49450681.72836934 49450681.72836934 49450681.72836934 49450681.72836934]"
4666.92802820569	2.0	trials	7.0	0.0	0.0	0.0	0.0	True	40.0	1.86	0.2	"[49485264.84177113 49485264.84177113 49485264.84177113 49485264.84177113
 49485264.84177113 49485264.84177113 49485264.84177113 49485264.84177113
 49485264.84177113 49485264.84177113 49485264.84177113 49485264.84177113
 49485264.84177113 49485264.84177113 49485264.84177113 49485264.84177113
 49485264.84177113 49485264.84177113 49485264.84177113 49485264.84177113]"
4670.930002928624	2.0	trials	7.0	0.0	0.0	0.0	0.0	True	40.0	1.86	0.2	"[49515961.94243024 49515961.94243024 49515961.94243024 49515961.94243024
 49515961.94243024 49515961.94243024 49515961.94243024 49515961.94243024
 49515961.94243024 49515961.94243024 49515961.94243024 49515961.94243024
 49515961.94243024 49515961.94243024 49515961.94243024 49515961.94243024
 49515961.94243024 49515961.94243024 49515961.94243024 49515961.94243024]"
4674.104349337671	2.0	trials	7.0	0.0	0.0	0.0	0.0	True	40.0	1.86	0.2	"[49555819.07312609 49555819.07312609 49555819.07312609 49555819.07312609
 49555819.07312609 49555819.07312609 49555819.07312609 49555819.07312609
 49555819.07312609 49555819.07312609 49555819.07312609 49555819.07312609
 49555819.07312609 49555819.07312609 49555819.07312609 49555819.07312609
 49555819.07312609 49555819.07312609 49555819.07312609 49555819.07312609]"
4677.7190779907805	2.0	trials	7.0	0.0	0.0	0.0	0.0	True	40.0	1.86	0.2	"[49584366.1667351 49584366.1667351 49584366.1667351 49584366.1667351
 49584366.1667351 49584366.1667351 49584366.1667351 49584366.1667351
 49584366.1667351 49584366.1667351 49584366.1667351 49584366.1667351
 49584366.1667351 49584366.1667351 49584366.1667351 49584366.1667351
 49584366.1667351 49584366.1667351 49584366.1667351 49584366.1667351]"
4681.610028349654	2.0	trials	7.0	0.0	0.0	0.0	0.0	True	40.0	1.86	0.2	"[49619430.28171413 49619430.28171413 49619430.28171413 49619430.28171413
 49619430.28171413 49619430.28171413 49619430.28171413 49619430.28171413
 49619430.28171413 49619430.28171413 49619430.28171413 49619430.28171413
 49619430.28171413 49619430.28171413 49619430.28171413 49619430.28171413
 49619430.28171413 49619430.28171413 49619430.28171413 49619430.28171413]"
4685.671619268078	2.0	trials	7.0	0.0	0.0	0.0	0.0	True	40.0	1.86	0.2	"[49662074.4215489 49662074.4215489 49662074.4215489 49662074.4215489
 49662074.4215489 49662074.4215489 49662074.4215489 49662074.4215489
 49662074.4215489 49662074.4215489 49662074.4215489 49662074.4215489
 49662074.4215489 49662074.4215489 49662074.4215489 49662074.4215489
 49662074.4215489 49662074.4215489 49662074.4215489 49662074.4215489]"
4689.697354068924	2.0	trials	7.0	0.0	0.0	0.0	0.0	True	40.0	1.86	0.2	"[49702073.55271038 49702073.55271038 49702073.55271038 49702073.55271038
 49702073.55271038 49702073.55271038 49702073.55271038 49702073.55271038
 49702073.55271038 49702073.55271038 49702073.55271038 49702073.55271038
 49702073.55271038 49702073.55271038 49702073.55271038 49702073.55271038
 49702073.55271038 49702073.55271038 49702073.55271038 49702073.55271038]"
4693.68870155701	2.0	trials	7.0	0.0	0.0	0.0	0.0	True	40.0	1.86	0.2	"[49749509.70825869 49749509.70825869 49749509.70825869 49749509.70825869
 49749509.70825869 49749509.70825869 49749509.70825869 49749509.70825869
 49749509.70825869 49749509.70825869 49749509.70825869 49749509.70825869
 49749509.70825869 49749509.70825869 49749509.70825869 49749509.70825869
 49749509.70825869 49749509.70825869 49749509.70825869 49749509.70825869]"
4696.814059005417	2.0	trials	7.0	0.0	0.0	0.0	0.0	True	40.0	1.86	0.2	"[49793187.85148405 49793187.85148405 49793187.85148405 49793187.85148405
 49793187.85148405 49793187.85148405 49793187.85148405 49793187.85148405
 49793187.85148405 49793187.85148405 49793187.85148405 49793187.85148405
 49793187.85148405 49793187.85148405 49793187.85148405 49793187.85148405
 49793187.85148405 49793187.85148405 49793187.85148405 49793187.85148405]"
4700.894485185602	2.0	trials	7.0	0.0	0.0	0.0	0.0	True	40.0	1.86	0.2	"[49835484.99018095 49835484.99018095 49835484.99018095 49835484.99018095
 49835484.99018095 49835484.99018095 49835484.99018095 49835484.99018095
 49835484.99018095 49835484.99018095 49835484.99018095 49835484.99018095
 49835484.99018095 49835484.99018095 49835484.99018095 49835484.99018095
 49835484.99018095 49835484.99018095 49835484.99018095 49835484.99018095]"
4704.560103605586	2.0	trials	7.0	0.0	0.0	0.0	0.0	True	40.0	1.86	0.2	"[49865475.08852174 49865475.08852174 49865475.08852174 49865475.08852174
 49865475.08852174 49865475.08852174 49865475.08852174 49865475.08852174
 49865475.08852174 49865475.08852174 49865475.08852174 49865475.08852174
 49865475.08852174 49865475.08852174 49865475.08852174 49865475.08852174
 49865475.08852174 49865475.08852174 49865475.08852174 49865475.08852174]"
4708.321971941185	2.0	trials	7.0	0.0	0.0	0.0	0.0	True	40.0	1.86	0.2	"[49912492.24269609 49912492.24269609 49912492.24269609 49912492.24269609
 49912492.24269609 49912492.24269609 49912492.24269609 49912492.24269609
 49912492.24269609 49912492.24269609 49912492.24269609 49912492.24269609
 49912492.24269609 49912492.24269609 49912492.24269609 49912492.24269609
 49912492.24269609 49912492.24269609 49912492.24269609 49912492.24269609]"
4711.214221425203	2.0	trials	7.0	0.0	0.0	0.0	0.0	True	40.0	1.86	0.2	"[49952012.37228688 49952012.37228688 49952012.37228688 49952012.37228688
 49952012.37228688 49952012.37228688 49952012.37228688 49952012.37228688
 49952012.37228688 49952012.37228688 49952012.37228688 49952012.37228688
 49952012.37228688 49952012.37228688 49952012.37228688 49952012.37228688
 49952012.37228688 49952012.37228688 49952012.37228688 49952012.37228688]"
4714.765877871492	2.0	trials	7.0	0.0	0.0	0.0	0.0	True	40.0	1.86	0.2	"[49997770.52233282 49997770.52233282 49997770.52233282 49997770.52233282
 49997770.52233282 49997770.52233282 49997770.52233282 49997770.52233282
 49997770.52233282 49997770.52233282 49997770.52233282 49997770.52233282
 49997770.52233282 49997770.52233282 49997770.52233282 49997770.52233282
 49997770.52233282 49997770.52233282 49997770.52233282 49997770.52233282]"
4717.833087929226	2.0	trials	7.0	0.0	0.0	0.0	0.0	True	40.0	1.86	0.2	"[50022425.60317949 50022425.60317949 50022425.60317949 50022425.60317949
 50022425.60317949 50022425.60317949 50022425.60317949 50022425.60317949
 50022425.60317949 50022425.60317949 50022425.60317949 50022425.60317949
 50022425.60317949 50022425.60317949 50022425.60317949 50022425.60317949
 50022425.60317949 50022425.60317949 50022425.60317949 50022425.60317949]"
4720.030592735096	2.0	trials	7.0	0.0	0.0	0.0	0.0	True	40.0	1.86	0.2	"[50069371.75712102 50069371.75712102 50069371.75712102 50069371.75712102
 50069371.75712102 50069371.75712102 50069371.75712102 50069371.75712102
 50069371.75712102 50069371.75712102 50069371.75712102 50069371.75712102
 50069371.75712102 50069371.75712102 50069371.75712102 50069371.75712102
 50069371.75712102 50069371.75712102 50069371.75712102 50069371.75712102]"
4724.138321404811	2.0	trials	7.0	0.0	0.0	0.0	0.0	True	40.0	1.86	0.2	"[50100307.85856386 50100307.85856386 50100307.85856386 50100307.85856386
 50100307.85856386 50100307.85856386 50100307.85856386 50100307.85856386
 50100307.85856386 50100307.85856386 50100307.85856386 50100307.85856386
 50100307.85856386 50100307.85856386 50100307.85856386 50100307.85856386
 50100307.85856386 50100307.85856386 50100307.85856386 50100307.85856386]"
4727.558131018759	2.0	trials	7.0	0.0	0.0	0.0	0.0	True	40.0	1.86	0.2	"[50137770.98140951 50137770.98140951 50137770.98140951 50137770.98140951
 50137770.98140951 50137770.98140951 50137770.98140951 50137770.98140951
 50137770.98140951 50137770.98140951 50137770.98140951 50137770.98140951
 50137770.98140951 50137770.98140951 50137770.98140951 50137770.98140951
 50137770.98140951 50137770.98140951 50137770.98140951 50137770.98140951]"
4729.700080442458	2.0	trials	7.0	0.0	0.0	0.0	0.0	True	40.0	1.86	0.2	"[50178954.11645346 50178954.11645346 50178954.11645346 50178954.11645346
 50178954.11645346 50178954.11645346 50178954.11645346 50178954.11645346
 50178954.11645346 50178954.11645346 50178954.11645346 50178954.11645346
 50178954.11645346 50178954.11645346 50178954.11645346 50178954.11645346
 50178954.11645346 50178954.11645346 50178954.11645346 50178954.11645346]"
4732.263490448174	2.0	trials	7.0	0.0	0.0	0.0	0.0	True	40.0	1.86	0.2	"[50211803.22416925 50211803.22416925 50211803.22416925 50211803.22416925
 50211803.22416925 50211803.22416925 50211803.22416925 50211803.22416925
 50211803.22416925 50211803.22416925 50211803.22416925 50211803.22416925
 50211803.22416925 50211803.22416925 50211803.22416925 50211803.22416925
 50211803.22416925 50211803.22416925 50211803.22416925 50211803.22416925]"
4734.458576046111	2.0	trials	7.0	0.0	0.0	0.0	0.0	True	40.0	1.86	0.2	"[50241177.32049009 50241177.32049009 50241177.32049009 50241177.32049009
 50241177.32049009 50241177.32049009 50241177.32049009 50241177.32049009
 50241177.32049009 50241177.32049009 50241177.32049009 50241177.32049009
 50241177.32049009 50241177.32049009 50241177.32049009 50241177.32049009
 50241177.32049009 50241177.32049009 50241177.32049009 50241177.32049009]"
4738.269260541782	2.0	trials	7.0	0.0	0.0	0.0	0.0	True	40.0	1.86	0.2	"[50266801.40451424 50266801.40451424 50266801.40451424 50266801.40451424
 50266801.40451424 50266801.40451424 50266801.40451424 50266801.40451424
 50266801.40451424 50266801.40451424 50266801.40451424 50266801.40451424
 50266801.40451424 50266801.40451424 50266801.40451424 50266801.40451424
 50266801.40451424 50266801.40451424 50266801.40451424 50266801.40451424]"
4741.628503557126	2.0	trials	7.0	0.0	0.0	0.0	0.0	True	40.0	1.86	0.2	"[50297411.50488809 50297411.50488809 50297411.50488809 50297411.50488809
 50297411.50488809 50297411.50488809 50297411.50488809 50297411.50488809
 50297411.50488809 50297411.50488809 50297411.50488809 50297411.50488809
 50297411.50488809 50297411.50488809 50297411.50488809 50297411.50488809
 50297411.50488809 50297411.50488809 50297411.50488809 50297411.50488809]"
4745.067407633687	2.0	trials	7.0	0.0	0.0	0.0	0.0	True	40.0	1.86	0.2	"[50332712.62064426 50332712.62064426 50332712.62064426 50332712.62064426
 50332712.62064426 50332712.62064426 50332712.62064426 50332712.62064426
 50332712.62064426 50332712.62064426 50332712.62064426 50332712.62064426
 50332712.62064426 50332712.62064426 50332712.62064426 50332712.62064426
 50332712.62064426 50332712.62064426 50332712.62064426 50332712.62064426]"
4748.667448238634	2.0	trials	7.0	0.0	0.0	0.0	0.0	True	40.0	1.86	0.2	"[50363959.72310691 50363959.72310691 50363959.72310691 50363959.72310691
 50363959.72310691 50363959.72310691 50363959.72310691 50363959.72310691
 50363959.72310691 50363959.72310691 50363959.72310691 50363959.72310691
 50363959.72310691 50363959.72310691 50363959.72310691 50363959.72310691
 50363959.72310691 50363959.72310691 50363959.72310691 50363959.72310691]"
4751.64298759577	2.0	trials	7.0	0.0	0.0	0.0	0.0	True	40.0	1.86	0.2	"[50404444.85586204 50404444.85586204 50404444.85586204 50404444.85586204
 50404444.85586204 50404444.85586204 50404444.85586204 50404444.85586204
 50404444.85586204 50404444.85586204 50404444.85586204 50404444.85586204
 50404444.85586204 50404444.85586204 50404444.85586204 50404444.85586204
 50404444.85586204 50404444.85586204 50404444.85586204 50404444.85586204]"
4754.054592303698	2.0	trials	7.0	0.0	0.0	0.0	0.0	True	40.0	1.86	0.2	"[50437524.96433531 50437524.96433531 50437524.96433531 50437524.96433531
 50437524.96433531 50437524.96433531 50437524.96433531 50437524.96433531
 50437524.96433531 50437524.96433531 50437524.96433531 50437524.96433531
 50437524.96433531 50437524.96433531 50437524.96433531 50437524.96433531
 50437524.96433531 50437524.96433531 50437524.96433531 50437524.96433531]"
4757.258401209356	2.0	trials	7.0	0.0	0.0	0.0	0.0	True	40.0	1.86	0.2	"[50482704.11248264 50482704.11248264 50482704.11248264 50482704.11248264
 50482704.11248264 50482704.11248264 50482704.11248264 50482704.11248264
 50482704.11248264 50482704.11248264 50482704.11248264 50482704.11248264
 50482704.11248264 50482704.11248264 50482704.11248264 50482704.11248264
 50482704.11248264 50482704.11248264 50482704.11248264 50482704.11248264]"
4761.30910569208	2.0	trials	7.0	0.0	0.0	0.0	0.0	True	40.0	1.86	0.2	"[50523819.24730363 50523819.24730363 50523819.24730363 50523819.24730363
 50523819.24730363 50523819.24730363 50523819.24730363 50523819.24730363
 50523819.24730363 50523819.24730363 50523819.24730363 50523819.24730363
 50523819.24730363 50523819.24730363 50523819.24730363 50523819.24730363
 50523819.24730363 50523819.24730363 50523819.24730363 50523819.24730363]"
4764.476194477329	2.0	trials	7.0	0.0	0.0	0.0	0.0	True	40.0	1.86	0.2	"[50556525.3545505 50556525.3545505 50556525.3545505 50556525.3545505
 50556525.3545505 50556525.3545505 50556525.3545505 50556525.3545505
 50556525.3545505 50556525.3545505 50556525.3545505 50556525.3545505
 50556525.3545505 50556525.3545505 50556525.3545505 50556525.3545505
 50556525.3545505 50556525.3545505 50556525.3545505 50556525.3545505]"
4766.714739417775	2.0	trials	8.0	0.0	0.0	0.0	0.0	True	40.0	1.86	0.2	"[50589329.46211872 50589329.46211872 50589329.46211872 50589329.46211872
 50589329.46211872 50589329.46211872 50589329.46211872 50589329.46211872
 50589329.46211872 50589329.46211872 50589329.46211872 50589329.46211872
 50589329.46211872 50589329.46211872 50589329.46211872 50589329.46211872
 50589329.46211872 50589329.46211872 50589329.46211872 50589329.46211872]"
4769.9248555441145	2.0	trials	8.0	0.0	0.0	0.0	0.0	True	40.0	1.86	0.005	"[51701390.10868616 51701390.10868616 51701390.10868616 51701390.10868616
 51701390.10868616 51701390.10868616 51701390.10868616 51701390.10868616
 51701390.10868616 51701390.10868616 51701390.10868616 51701390.10868616
 51701390.10868616 51701390.10868616 51701390.10868616 51701390.10868616
 51701390.10868616 51701390.10868616 51701390.10868616 51701390.10868616]"
4774.0000977073005	2.0	trials	8.0	0.0	0.0	0.0	0.0	True	40.0	1.86	0.005	"[51733917.21534607 51733917.21534607 51733917.21534607 51733917.21534607
 51733917.21534607 51733917.21534607 51733917.21534607 51733917.21534607
 51733917.21534607 51733917.21534607 51733917.21534607 51733917.21534607
 51733917.21534607 51733917.21534607 51733917.21534607 51733917.21534607
 51733917.21534607 51733917.21534607 51733917.21534607 51733917.21534607]"
4789.2461189007545	2.0	trials	8.0	0.0	0.0	0.0	0.0	True	40.0	1.86	0.005	"[51780280.36737587 51780280.36737587 51780280.36737587 51780280.36737587
 51780280.36737587 51780280.36737587 51780280.36737587 51780280.36737587
 51780280.36737587 51780280.36737587 51780280.36737587 51780280.36737587
 51780280.36737587 51780280.36737587 51780280.36737587 51780280.36737587
 51780280.36737587 51780280.36737587 51780280.36737587 51780280.36737587]"
4793.277383319734	2.0	trials	8.0	0.0	0.0	0.0	0.0	True	40.0	1.86	0.005	"[51805650.45056713 51805650.45056713 51805650.45056713 51805650.45056713
 51805650.45056713 51805650.45056713 51805650.45056713 51805650.45056713
 51805650.45056713 51805650.45056713 51805650.45056713 51805650.45056713
 51805650.45056713 51805650.45056713 51805650.45056713 51805650.45056713
 51805650.45056713 51805650.45056713 51805650.45056713 51805650.45056713]"
4797.082019795574	2.0	trials	8.0	0.0	0.0	0.0	0.0	True	40.0	1.86	0.005	"[51841487.56808092 51841487.56808092 51841487.56808092 51841487.56808092
 51841487.56808092 51841487.56808092 51841487.56808092 51841487.56808092
 51841487.56808092 51841487.56808092 51841487.56808092 51841487.56808092
 51841487.56808092 51841487.56808092 51841487.56808092 51841487.56808092
 51841487.56808092 51841487.56808092 51841487.56808092 51841487.56808092]"
4797.082019795574	2.0	trials	8.0	0.0	0.0	0.0	0.0	True	40.0	1.86	0.005	"[51866624.65050814 51866624.65050814 51866624.65050814 51866624.65050814
 51866624.65050814 51866624.65050814 51866624.65050814 51866624.65050814
 51866624.65050814 51866624.65050814 51866624.65050814 51866624.65050814
 51866624.65050814 51866624.65050814 51866624.65050814 51866624.65050814
 51866624.65050814 51866624.65050814 51866624.65050814 51866624.65050814]"
4800.357627336667	2.0	trials	8.0	0.0	0.0	0.0	0.0	True	40.0	1.86	0.005	"[51912990.80254778 51912990.80254778 51912990.80254778 51912990.80254778
 51912990.80254778 51912990.80254778 51912990.80254778 51912990.80254778
 51912990.80254778 51912990.80254778 51912990.80254778 51912990.80254778
 51912990.80254778 51912990.80254778 51912990.80254778 51912990.80254778
 51912990.80254778 51912990.80254778 51912990.80254778 51912990.80254778]"
4802.658207680534	2.0	trials	8.0	0.0	0.0	0.0	0.0	True	40.0	1.86	0.005	"[51953827.93645716 51953827.93645716 51953827.93645716 51953827.93645716
 51953827.93645716 51953827.93645716 51953827.93645716 51953827.93645716
 51953827.93645716 51953827.93645716 51953827.93645716 51953827.93645716
 51953827.93645716 51953827.93645716 51953827.93645716 51953827.93645716
 51953827.93645716 51953827.93645716 51953827.93645716 51953827.93645716]"
4805.8119908221515	2.0	trials	8.0	0.0	0.0	0.0	0.0	True	40.0	1.86	0.005	"[51982572.03071218 51982572.03071218 51982572.03071218 51982572.03071218
 51982572.03071218 51982572.03071218 51982572.03071218 51982572.03071218
 51982572.03071218 51982572.03071218 51982572.03071218 51982572.03071218
 51982572.03071218 51982572.03071218 51982572.03071218 51982572.03071218
 51982572.03071218 51982572.03071218 51982572.03071218 51982572.03071218]"
4807.9321673744535	2.0	trials	8.0	0.0	0.0	0.0	0.0	True	40.0	1.86	0.005	"[52021461.15823384 52021461.15823384 52021461.15823384 52021461.15823384
 52021461.15823384 52021461.15823384 52021461.15823384 52021461.15823384
 52021461.15823384 52021461.15823384 52021461.15823384 52021461.15823384
 52021461.15823384 52021461.15823384 52021461.15823384 52021461.15823384
 52021461.15823384 52021461.15823384 52021461.15823384 52021461.15823384]"
4810.416089119519	2.0	trials	8.0	0.0	0.0	0.0	0.0	True	40.0	1.86	0.005	"[52065421.30238392 52065421.30238392 52065421.30238392 52065421.30238392
 52065421.30238392 52065421.30238392 52065421.30238392 52065421.30238392
 52065421.30238392 52065421.30238392 52065421.30238392 52065421.30238392
 52065421.30238392 52065421.30238392 52065421.30238392 52065421.30238392
 52065421.30238392 52065421.30238392 52065421.30238392 52065421.30238392]"
4813.686253442763	2.0	trials	8.0	0.0	0.0	0.0	0.0	True	40.0	1.86	0.005	"[52091313.38728686 52091313.38728686 52091313.38728686 52091313.38728686
 52091313.38728686 52091313.38728686 52091313.38728686 52091313.38728686
 52091313.38728686 52091313.38728686 52091313.38728686 52091313.38728686
 52091313.38728686 52091313.38728686 52091313.38728686 52091313.38728686
 52091313.38728686 52091313.38728686 52091313.38728686 52091313.38728686]"
4816.059755625749	2.0	trials	8.0	0.0	0.0	0.0	0.0	True	40.0	1.86	0.005	"[52123379.49243511 52123379.49243511 52123379.49243511 52123379.49243511
 52123379.49243511 52123379.49243511 52123379.49243511 52123379.49243511
 52123379.49243511 52123379.49243511 52123379.49243511 52123379.49243511
 52123379.49243511 52123379.49243511 52123379.49243511 52123379.49243511
 52123379.49243511 52123379.49243511 52123379.49243511 52123379.49243511]"
4819.143986539297	2.0	trials	8.0	0.0	0.0	0.0	0.0	True	40.0	1.86	0.005	"[52153271.59045454 52153271.59045454 52153271.59045454 52153271.59045454
 52153271.59045454 52153271.59045454 52153271.59045454 52153271.59045454
 52153271.59045454 52153271.59045454 52153271.59045454 52153271.59045454
 52153271.59045454 52153271.59045454 52153271.59045454 52153271.59045454
 52153271.59045454 52153271.59045454 52153271.59045454 52153271.59045454]"
4822.253359935288	2.0	trials	8.0	0.0	0.0	0.0	0.0	True	40.0	1.86	0.005	"[52190566.71274928 52190566.71274928 52190566.71274928 52190566.71274928
 52190566.71274928 52190566.71274928 52190566.71274928 52190566.71274928
 52190566.71274928 52190566.71274928 52190566.71274928 52190566.71274928
 52190566.71274928 52190566.71274928 52190566.71274928 52190566.71274928
 52190566.71274928 52190566.71274928 52190566.71274928 52190566.71274928]"
4824.8045875010575	2.0	trials	8.0	0.0	0.0	0.0	0.0	True	40.0	1.86	0.005	"[52223687.821357 52223687.821357 52223687.821357 52223687.821357
 52223687.821357 52223687.821357 52223687.821357 52223687.821357
 52223687.821357 52223687.821357 52223687.821357 52223687.821357
 52223687.821357 52223687.821357 52223687.821357 52223687.821357
 52223687.821357 52223687.821357 52223687.821357 52223687.821357]"
4827.427008900278	2.0	trials	8.0	0.0	0.0	0.0	0.0	True	40.0	1.86	0.005	"[52265373.95805036 52265373.95805036 52265373.95805036 52265373.95805036
 52265373.95805036 52265373.95805036 52265373.95805036 52265373.95805036
 52265373.95805036 52265373.95805036 52265373.95805036 52265373.95805036
 52265373.95805036 52265373.95805036 52265373.95805036 52265373.95805036
 52265373.95805036 52265373.95805036 52265373.95805036 52265373.95805036]"
4830.904015501781	2.0	trials	8.0	0.0	0.0	0.0	0.0	True	40.0	1.86	0.005	"[52299268.06919281 52299268.06919281 52299268.06919281 52299268.06919281
 52299268.06919281 52299268.06919281 52299268.06919281 52299268.06919281
 52299268.06919281 52299268.06919281 52299268.06919281 52299268.06919281
 52299268.06919281 52299268.06919281 52299268.06919281 52299268.06919281
 52299268.06919281 52299268.06919281 52299268.06919281 52299268.06919281]"
4834.462324769886	2.0	trials	8.0	0.0	0.0	0.0	0.0	True	40.0	1.86	0.005	"[52341954.2091653 52341954.2091653 52341954.2091653 52341954.2091653
 52341954.2091653 52341954.2091653 52341954.2091653 52341954.2091653
 52341954.2091653 52341954.2091653 52341954.2091653 52341954.2091653
 52341954.2091653 52341954.2091653 52341954.2091653 52341954.2091653
 52341954.2091653 52341954.2091653 52341954.2091653 52341954.2091653]"
4837.539816461335	2.0	trials	8.0	0.0	0.0	0.0	0.0	True	40.0	1.86	0.005	"[52374596.31620231 52374596.31620231 52374596.31620231 52374596.31620231
 52374596.31620231 52374596.31620231 52374596.31620231 52374596.31620231
 52374596.31620231 52374596.31620231 52374596.31620231 52374596.31620231
 52374596.31620231 52374596.31620231 52374596.31620231 52374596.31620231
 52374596.31620231 52374596.31620231 52374596.31620231 52374596.31620231]"
4840.006371749453	2.0	trials	8.0	0.0	0.0	0.0	0.0	True	40.0	1.86	0.005	"[52406421.42056029 52406421.42056029 52406421.42056029 52406421.42056029
 52406421.42056029 52406421.42056029 52406421.42056029 52406421.42056029
 52406421.42056029 52406421.42056029 52406421.42056029 52406421.42056029
 52406421.42056029 52406421.42056029 52406421.42056029 52406421.42056029
 52406421.42056029 52406421.42056029 52406421.42056029 52406421.42056029]"
4843.317662607556	2.0	trials	8.0	0.0	0.0	0.0	0.0	True	40.0	1.86	0.005	"[52441334.53504417 52441334.53504417 52441334.53504417 52441334.53504417
 52441334.53504417 52441334.53504417 52441334.53504417 52441334.53504417
 52441334.53504417 52441334.53504417 52441334.53504417 52441334.53504417
 52441334.53504417 52441334.53504417 52441334.53504417 52441334.53504417
 52441334.53504417 52441334.53504417 52441334.53504417 52441334.53504417]"
4845.639929422536	2.0	trials	8.0	0.0	0.0	0.0	0.0	True	40.0	1.86	0.005	"[52486139.68196511 52486139.68196511 52486139.68196511 52486139.68196511
 52486139.68196511 52486139.68196511 52486139.68196511 52486139.68196511
 52486139.68196511 52486139.68196511 52486139.68196511 52486139.68196511
 52486139.68196511 52486139.68196511 52486139.68196511 52486139.68196511
 52486139.68196511 52486139.68196511 52486139.68196511 52486139.68196511]"
4849.048074998236	2.0	trials	8.0	0.0	0.0	0.0	0.0	True	40.0	1.86	0.005	"[52524519.8078177 52524519.8078177 52524519.8078177 52524519.8078177
 52524519.8078177 52524519.8078177 52524519.8078177 52524519.8078177
 52524519.8078177 52524519.8078177 52524519.8078177 52524519.8078177
 52524519.8078177 52524519.8078177 52524519.8078177 52524519.8078177
 52524519.8078177 52524519.8078177 52524519.8078177 52524519.8078177]"
4851.184322003235	2.0	trials	8.0	0.0	0.0	0.0	0.0	True	40.0	1.86	0.005	"[52560082.92443302 52560082.92443302 52560082.92443302 52560082.92443302
 52560082.92443302 52560082.92443302 52560082.92443302 52560082.92443302
 52560082.92443302 52560082.92443302 52560082.92443302 52560082.92443302
 52560082.92443302 52560082.92443302 52560082.92443302 52560082.92443302
 52560082.92443302 52560082.92443302 52560082.92443302 52560082.92443302]"
4854.9269230756545	2.0	trials	8.0	0.0	0.0	0.0	0.0	True	40.0	1.86	0.005	"[52606394.07629231 52606394.07629231 52606394.07629231 52606394.07629231
 52606394.07629231 52606394.07629231 52606394.07629231 52606394.07629231
 52606394.07629231 52606394.07629231 52606394.07629231 52606394.07629231
 52606394.07629231 52606394.07629231 52606394.07629231 52606394.07629231
 52606394.07629231 52606394.07629231 52606394.07629231 52606394.07629231]"
4857.171861637066	2.0	trials	8.0	0.0	0.0	0.0	0.0	True	40.0	1.86	0.005	"[52635283.17102277 52635283.17102277 52635283.17102277 52635283.17102277
 52635283.17102277 52635283.17102277 52635283.17102277 52635283.17102277
 52635283.17102277 52635283.17102277 52635283.17102277 52635283.17102277
 52635283.17102277 52635283.17102277 52635283.17102277 52635283.17102277
 52635283.17102277 52635283.17102277 52635283.17102277 52635283.17102277]"
4860.458614814706	2.0	trials	8.0	0.0	0.0	0.0	0.0	True	40.0	1.86	0.005	"[52680287.31859626 52680287.31859626 52680287.31859626 52680287.31859626
 52680287.31859626 52680287.31859626 52680287.31859626 52680287.31859626
 52680287.31859626 52680287.31859626 52680287.31859626 52680287.31859626
 52680287.31859626 52680287.31859626 52680287.31859626 52680287.31859626
 52680287.31859626 52680287.31859626 52680287.31859626 52680287.31859626]"
4863.388016420551	2.0	trials	8.0	0.0	0.0	0.0	0.0	True	40.0	1.86	0.005	"[52711465.42083263 52711465.42083263 52711465.42083263 52711465.42083263
 52711465.42083263 52711465.42083263 52711465.42083263 52711465.42083263
 52711465.42083263 52711465.42083263 52711465.42083263 52711465.42083263
 52711465.42083263 52711465.42083263 52711465.42083263 52711465.42083263
 52711465.42083263 52711465.42083263 52711465.42083263 52711465.42083263]"
4866.3880934581475	2.0	trials	8.0	0.0	0.0	0.0	0.0	True	40.0	1.86	0.005	"[52749872.54677376 52749872.54677376 52749872.54677376 52749872.54677376
 52749872.54677376 52749872.54677376 52749872.54677376 52749872.54677376
 52749872.54677376 52749872.54677376 52749872.54677376 52749872.54677376
 52749872.54677376 52749872.54677376 52749872.54677376 52749872.54677376
 52749872.54677376 52749872.54677376 52749872.54677376 52749872.54677376]"
4870.46843323805	2.0	trials	8.0	0.0	0.0	0.0	0.0	True	40.0	1.86	0.005	"[52792022.68498864 52792022.68498864 52792022.68498864 52792022.68498864
 52792022.68498864 52792022.68498864 52792022.68498864 52792022.68498864
 52792022.68498864 52792022.68498864 52792022.68498864 52792022.68498864
 52792022.68498864 52792022.68498864 52792022.68498864 52792022.68498864
 52792022.68498864 52792022.68498864 52792022.68498864 52792022.68498864]"
4874.338215527511	2.0	trials	8.0	0.0	0.0	0.0	0.0	True	40.0	1.86	0.005	"[52836951.83231618 52836951.83231618 52836951.83231618 52836951.83231618
 52836951.83231618 52836951.83231618 52836951.83231618 52836951.83231618
 52836951.83231618 52836951.83231618 52836951.83231618 52836951.83231618
 52836951.83231618 52836951.83231618 52836951.83231618 52836951.83231618
 52836951.83231618 52836951.83231618 52836951.83231618 52836951.83231618]"
4876.894281509145	2.0	trials	8.0	0.0	0.0	0.0	0.0	True	40.0	1.86	0.005	"[52867996.93411644 52867996.93411644 52867996.93411644 52867996.93411644
 52867996.93411644 52867996.93411644 52867996.93411644 52867996.93411644
 52867996.93411644 52867996.93411644 52867996.93411644 52867996.93411644
 52867996.93411644 52867996.93411644 52867996.93411644 52867996.93411644
 52867996.93411644 52867996.93411644 52867996.93411644 52867996.93411644]"
4879.193133847346	2.0	trials	8.0	0.0	0.0	0.0	0.0	True	40.0	1.86	0.005	"[52907368.06321864 52907368.06321864 52907368.06321864 52907368.06321864
 52907368.06321864 52907368.06321864 52907368.06321864 52907368.06321864
 52907368.06321864 52907368.06321864 52907368.06321864 52907368.06321864
 52907368.06321864 52907368.06321864 52907368.06321864 52907368.06321864
 52907368.06321864 52907368.06321864 52907368.06321864 52907368.06321864]"
4882.372664273391	2.0	trials	8.0	0.0	0.0	0.0	0.0	True	40.0	1.86	0.005	"[52950257.20385678 52950257.20385678 52950257.20385678 52950257.20385678
 52950257.20385678 52950257.20385678 52950257.20385678 52950257.20385678
 52950257.20385678 52950257.20385678 52950257.20385678 52950257.20385678
 52950257.20385678 52950257.20385678 52950257.20385678 52950257.20385678
 52950257.20385678 52950257.20385678 52950257.20385678 52950257.20385678]"
4884.928557454458	2.0	trials	8.0	0.0	0.0	0.0	0.0	True	40.0	1.86	0.005	"[52984041.31463855 52984041.31463855 52984041.31463855 52984041.31463855
 52984041.31463855 52984041.31463855 52984041.31463855 52984041.31463855
 52984041.31463855 52984041.31463855 52984041.31463855 52984041.31463855
 52984041.31463855 52984041.31463855 52984041.31463855 52984041.31463855
 52984041.31463855 52984041.31463855 52984041.31463855 52984041.31463855]"
4887.66692803389	2.0	trials	8.0	0.0	0.0	0.0	0.0	True	40.0	1.86	0.005	"[53021888.43874336 53021888.43874336 53021888.43874336 53021888.43874336
 53021888.43874336 53021888.43874336 53021888.43874336 53021888.43874336
 53021888.43874336 53021888.43874336 53021888.43874336 53021888.43874336
 53021888.43874336 53021888.43874336 53021888.43874336 53021888.43874336
 53021888.43874336 53021888.43874336 53021888.43874336 53021888.43874336]"
4890.544921471161	2.0	trials	8.0	0.0	0.0	0.0	0.0	True	40.0	1.86	0.005	"[53059559.56227107 53059559.56227107 53059559.56227107 53059559.56227107
 53059559.56227107 53059559.56227107 53059559.56227107 53059559.56227107
 53059559.56227107 53059559.56227107 53059559.56227107 53059559.56227107
 53059559.56227107 53059559.56227107 53059559.56227107 53059559.56227107
 53059559.56227107 53059559.56227107 53059559.56227107 53059559.56227107]"
4892.782170407358	2.0	trials	8.0	0.0	0.0	0.0	0.0	True	40.0	1.86	0.005	"[53105845.71404839 53105845.71404839 53105845.71404839 53105845.71404839
 53105845.71404839 53105845.71404839 53105845.71404839 53105845.71404839
 53105845.71404839 53105845.71404839 53105845.71404839 53105845.71404839
 53105845.71404839 53105845.71404839 53105845.71404839 53105845.71404839
 53105845.71404839 53105845.71404839 53105845.71404839 53105845.71404839]"
4892.782256807641	2.0	trials	8.0	0.0	0.0	0.0	0.0	True	40.0	1.86	0.005	"[53143905.83885165 53143905.83885165 53143905.83885165 53143905.83885165
 53143905.83885165 53143905.83885165 53143905.83885165 53143905.83885165
 53143905.83885165 53143905.83885165 53143905.83885165 53143905.83885165
 53143905.83885165 53143905.83885165 53143905.83885165 53143905.83885165
 53143905.83885165 53143905.83885165 53143905.83885165 53143905.83885165]"
4895.902343838764	2.0	trials	8.0	0.0	0.0	0.0	0.0	True	40.0	1.86	0.005	"[53185365.97480393 53185365.97480393 53185365.97480393 53185365.97480393
 53185365.97480393 53185365.97480393 53185365.97480393 53185365.97480393
 53185365.97480393 53185365.97480393 53185365.97480393 53185365.97480393
 53185365.97480393 53185365.97480393 53185365.97480393 53185365.97480393
 53185365.97480393 53185365.97480393 53185365.97480393 53185365.97480393]"
4899.65842335538	2.0	trials	8.0	0.0	0.0	0.0	0.0	True	40.0	1.86	0.005	"[53220495.08999611 53220495.08999611 53220495.08999611 53220495.08999611
 53220495.08999611 53220495.08999611 53220495.08999611 53220495.08999611
 53220495.08999611 53220495.08999611 53220495.08999611 53220495.08999611
 53220495.08999611 53220495.08999611 53220495.08999611 53220495.08999611
 53220495.08999611 53220495.08999611 53220495.08999611 53220495.08999611]"
4902.012658275186	2.0	trials	8.0	0.0	0.0	0.0	0.0	True	40.0	1.86	0.005	"[53261336.22391862 53261336.22391862 53261336.22391862 53261336.22391862
 53261336.22391862 53261336.22391862 53261336.22391862 53261336.22391862
 53261336.22391862 53261336.22391862 53261336.22391862 53261336.22391862
 53261336.22391862 53261336.22391862 53261336.22391862 53261336.22391862
 53261336.22391862 53261336.22391862 53261336.22391862 53261336.22391862]"
4904.419856568667	2.0	trials	8.0	0.0	0.0	0.0	0.0	True	40.0	1.86	0.005	"[53295292.33526438 53295292.33526438 53295292.33526438 53295292.33526438
 53295292.33526438 53295292.33526438 53295292.33526438 53295292.33526438
 53295292.33526438 53295292.33526438 53295292.33526438 53295292.33526438
 53295292.33526438 53295292.33526438 53295292.33526438 53295292.33526438
 53295292.33526438 53295292.33526438 53295292.33526438 53295292.33526438]"
4906.596020504558	2.0	trials	8.0	0.0	0.0	0.0	0.0	True	40.0	1.86	0.005	"[53340089.4821591 53340089.4821591 53340089.4821591 53340089.4821591
 53340089.4821591 53340089.4821591 53340089.4821591 53340089.4821591
 53340089.4821591 53340089.4821591 53340089.4821591 53340089.4821591
 53340089.4821591 53340089.4821591 53340089.4821591 53340089.4821591
 53340089.4821591 53340089.4821591 53340089.4821591 53340089.4821591]"
4909.534321339584	2.0	trials	8.0	0.0	0.0	0.0	0.0	True	40.0	1.86	0.005	"[53381823.61900984 53381823.61900984 53381823.61900984 53381823.61900984
 53381823.61900984 53381823.61900984 53381823.61900984 53381823.61900984
 53381823.61900984 53381823.61900984 53381823.61900984 53381823.61900984
 53381823.61900984 53381823.61900984 53381823.61900984 53381823.61900984
 53381823.61900984 53381823.61900984 53381823.61900984 53381823.61900984]"
4911.682577983964	2.0	trials	8.0	0.0	0.0	0.0	0.0	True	40.0	1.86	0.005	"[53411194.71532086 53411194.71532086 53411194.71532086 53411194.71532086
 53411194.71532086 53411194.71532086 53411194.71532086 53411194.71532086
 53411194.71532086 53411194.71532086 53411194.71532086 53411194.71532086
 53411194.71532086 53411194.71532086 53411194.71532086 53411194.71532086
 53411194.71532086 53411194.71532086 53411194.71532086 53411194.71532086]"
4915.018492922813	2.0	trials	8.0	0.0	0.0	0.0	0.0	True	40.0	1.86	0.005	"[53436962.7998172 53436962.7998172 53436962.7998172 53436962.7998172
 53436962.7998172 53436962.7998172 53436962.7998172 53436962.7998172
 53436962.7998172 53436962.7998172 53436962.7998172 53436962.7998172
 53436962.7998172 53436962.7998172 53436962.7998172 53436962.7998172
 53436962.7998172 53436962.7998172 53436962.7998172 53436962.7998172]"
4917.274490720488	2.0	trials	8.0	0.0	0.0	0.0	0.0	True	40.0	1.86	0.005	"[53482125.94791206 53482125.94791206 53482125.94791206 53482125.94791206
 53482125.94791206 53482125.94791206 53482125.94791206 53482125.94791206
 53482125.94791206 53482125.94791206 53482125.94791206 53482125.94791206
 53482125.94791206 53482125.94791206 53482125.94791206 53482125.94791206
 53482125.94791206 53482125.94791206 53482125.94791206 53482125.94791206]"
4921.0875944240925	2.0	trials	8.0	0.0	0.0	0.0	0.0	True	40.0	1.86	0.005	"[53526155.09228841 53526155.09228841 53526155.09228841 53526155.09228841
 53526155.09228841 53526155.09228841 53526155.09228841 53526155.09228841
 53526155.09228841 53526155.09228841 53526155.09228841 53526155.09228841
 53526155.09228841 53526155.09228841 53526155.09228841 53526155.09228841
 53526155.09228841 53526155.09228841 53526155.09228841 53526155.09228841]"
4923.502568743071	2.0	trials	8.0	0.0	0.0	0.0	0.0	True	40.0	1.86	0.005	"[53554003.18360531 53554003.18360531 53554003.18360531 53554003.18360531
 53554003.18360531 53554003.18360531 53554003.18360531 53554003.18360531
 53554003.18360531 53554003.18360531 53554003.18360531 53554003.18360531
 53554003.18360531 53554003.18360531 53554003.18360531 53554003.18360531
 53554003.18360531 53554003.18360531 53554003.18360531 53554003.18360531]"
4925.863283684127	2.0	trials	8.0	0.0	0.0	0.0	0.0	True	40.0	1.86	0.005	"[53580847.27163 53580847.27163 53580847.27163 53580847.27163
 53580847.27163 53580847.27163 53580847.27163 53580847.27163
 53580847.27163 53580847.27163 53580847.27163 53580847.27163
 53580847.27163 53580847.27163 53580847.27163 53580847.27163
 53580847.27163 53580847.27163 53580847.27163 53580847.27163]"
4929.010846005344	2.0	trials	8.0	0.0	0.0	0.0	0.0	True	40.0	1.86	0.005	"[53627939.42605027 53627939.42605027 53627939.42605027 53627939.42605027
 53627939.42605027 53627939.42605027 53627939.42605027 53627939.42605027
 53627939.42605027 53627939.42605027 53627939.42605027 53627939.42605027
 53627939.42605027 53627939.42605027 53627939.42605027 53627939.42605027
 53627939.42605027 53627939.42605027 53627939.42605027 53627939.42605027]"
4932.082548877812	2.0	trials	8.0	0.0	0.0	0.0	0.0	True	40.0	1.86	0.005	"[53673506.57546989 53673506.57546989 53673506.57546989 53673506.57546989
 53673506.57546989 53673506.57546989 53673506.57546989 53673506.57546989
 53673506.57546989 53673506.57546989 53673506.57546989 53673506.57546989
 53673506.57546989 53673506.57546989 53673506.57546989 53673506.57546989
 53673506.57546989 53673506.57546989 53673506.57546989 53673506.57546989]"
4934.839236317306	2.0	trials	8.0	0.0	0.0	0.0	0.0	True	40.0	1.86	0.005	"[53715508.71319947 53715508.71319947 53715508.71319947 53715508.71319947
 53715508.71319947 53715508.71319947 53715508.71319947 53715508.71319947
 53715508.71319947 53715508.71319947 53715508.71319947 53715508.71319947
 53715508.71319947 53715508.71319947 53715508.71319947 53715508.71319947
 53715508.71319947 53715508.71319947 53715508.71319947 53715508.71319947]"
4937.4292576102835	2.0	trials	8.0	0.0	0.0	0.0	0.0	True	40.0	1.86	0.005	"[53749530.82476164 53749530.82476164 53749530.82476164 53749530.82476164
 53749530.82476164 53749530.82476164 53749530.82476164 53749530.82476164
 53749530.82476164 53749530.82476164 53749530.82476164 53749530.82476164
 53749530.82476164 53749530.82476164 53749530.82476164 53749530.82476164
 53749530.82476164 53749530.82476164 53749530.82476164 53749530.82476164]"
4939.730097155	2.0	trials	8.0	0.0	0.0	0.0	0.0	True	40.0	1.86	0.005	"[53782031.93133631 53782031.93133631 53782031.93133631 53782031.93133631
 53782031.93133631 53782031.93133631 53782031.93133631 53782031.93133631
 53782031.93133631 53782031.93133631 53782031.93133631 53782031.93133631
 53782031.93133631 53782031.93133631 53782031.93133631 53782031.93133631
 53782031.93133631 53782031.93133631 53782031.93133631 53782031.93133631]"
4942.3428417224895	2.0	trials	8.0	0.0	0.0	0.0	0.0	True	40.0	1.86	0.005	"[53826153.07601432 53826153.07601432 53826153.07601432 53826153.07601432
 53826153.07601432 53826153.07601432 53826153.07601432 53826153.07601432
 53826153.07601432 53826153.07601432 53826153.07601432 53826153.07601432
 53826153.07601432 53826153.07601432 53826153.07601432 53826153.07601432
 53826153.07601432 53826153.07601432 53826153.07601432 53826153.07601432]"
4945.4328614550195	2.0	trials	8.0	0.0	0.0	0.0	0.0	True	40.0	1.86	0.005	"[53855930.17365665 53855930.17365665 53855930.17365665 53855930.17365665
 53855930.17365665 53855930.17365665 53855930.17365665 53855930.17365665
 53855930.17365665 53855930.17365665 53855930.17365665 53855930.17365665
 53855930.17365665 53855930.17365665 53855930.17365665 53855930.17365665
 53855930.17365665 53855930.17365665 53855930.17365665 53855930.17365665]"
4948.630967941977	2.0	trials	8.0	0.0	0.0	0.0	0.0	True	40.0	1.86	0.005	"[53894053.29866651 53894053.29866651 53894053.29866651 53894053.29866651
 53894053.29866651 53894053.29866651 53894053.29866651 53894053.29866651
 53894053.29866651 53894053.29866651 53894053.29866651 53894053.29866651
 53894053.29866651 53894053.29866651 53894053.29866651 53894053.29866651
 53894053.29866651 53894053.29866651 53894053.29866651 53894053.29866651]"
4951.156793824451	2.0	trials	8.0	0.0	0.0	0.0	0.0	True	40.0	1.86	0.005	"[53922037.39042939 53922037.39042939 53922037.39042939 53922037.39042939
 53922037.39042939 53922037.39042939 53922037.39042939 53922037.39042939
 53922037.39042939 53922037.39042939 53922037.39042939 53922037.39042939
 53922037.39042939 53922037.39042939 53922037.39042939 53922037.39042939
 53922037.39042939 53922037.39042939 53922037.39042939 53922037.39042939]"
4954.493572766132	2.0	trials	8.0	0.0	0.0	0.0	0.0	True	40.0	1.86	0.005	"[53968147.54162958 53968147.54162958 53968147.54162958 53968147.54162958
 53968147.54162958 53968147.54162958 53968147.54162958 53968147.54162958
 53968147.54162958 53968147.54162958 53968147.54162958 53968147.54162958
 53968147.54162958 53968147.54162958 53968147.54162958 53968147.54162958
 53968147.54162958 53968147.54162958 53968147.54162958 53968147.54162958]"
4957.427121585575	2.0	trials	8.0	0.0	0.0	0.0	0.0	True	40.0	1.86	0.005	"[54015370.69647942 54015370.69647942 54015370.69647942 54015370.69647942
 54015370.69647942 54015370.69647942 54015370.69647942 54015370.69647942
 54015370.69647942 54015370.69647942 54015370.69647942 54015370.69647942
 54015370.69647942 54015370.69647942 54015370.69647942 54015370.69647942
 54015370.69647942 54015370.69647942 54015370.69647942 54015370.69647942]"
4959.640956044993	2.0	trials	8.0	0.0	0.0	0.0	0.0	True	40.0	1.86	0.005	"[54061689.84836493 54061689.84836493 54061689.84836493 54061689.84836493
 54061689.84836493 54061689.84836493 54061689.84836493 54061689.84836493
 54061689.84836493 54061689.84836493 54061689.84836493 54061689.84836493
 54061689.84836493 54061689.84836493 54061689.84836493 54061689.84836493
 54061689.84836493 54061689.84836493 54061689.84836493 54061689.84836493]"
4961.849260886278	2.0	trials	8.0	0.0	0.0	0.0	0.0	True	40.0	1.86	0.005	"[54098429.96883978 54098429.96883978 54098429.96883978 54098429.96883978
 54098429.96883978 54098429.96883978 54098429.96883978 54098429.96883978
 54098429.96883978 54098429.96883978 54098429.96883978 54098429.96883978
 54098429.96883978 54098429.96883978 54098429.96883978 54098429.96883978
 54098429.96883978 54098429.96883978 54098429.96883978 54098429.96883978]"
4965.461051929756	2.0	trials	8.0	0.0	0.0	0.0	0.0	True	40.0	1.86	0.005	"[54140267.10602828 54140267.10602828 54140267.10602828 54140267.10602828
 54140267.10602828 54140267.10602828 54140267.10602828 54140267.10602828
 54140267.10602828 54140267.10602828 54140267.10602828 54140267.10602828
 54140267.10602828 54140267.10602828 54140267.10602828 54140267.10602828
 54140267.10602828 54140267.10602828 54140267.10602828 54140267.10602828]"
4967.645423892563	2.0	trials	8.0	0.0	0.0	0.0	0.0	True	40.0	1.86	0.005	"[54185301.25370014 54185301.25370014 54185301.25370014 54185301.25370014
 54185301.25370014 54185301.25370014 54185301.25370014 54185301.25370014
 54185301.25370014 54185301.25370014 54185301.25370014 54185301.25370014
 54185301.25370014 54185301.25370014 54185301.25370014 54185301.25370014
 54185301.25370014 54185301.25370014 54185301.25370014 54185301.25370014]"
4971.124849701999	2.0	trials	8.0	0.0	0.0	0.0	0.0	True	40.0	1.86	0.005	"[54232310.40784826 54232310.40784826 54232310.40784826 54232310.40784826
 54232310.40784826 54232310.40784826 54232310.40784826 54232310.40784826
 54232310.40784826 54232310.40784826 54232310.40784826 54232310.40784826
 54232310.40784826 54232310.40784826 54232310.40784826 54232310.40784826
 54232310.40784826 54232310.40784826 54232310.40784826 54232310.40784826]"
4974.131320360561	2.0	trials	8.0	0.0	0.0	0.0	0.0	True	40.0	1.86	0.005	"[54278904.56063554 54278904.56063554 54278904.56063554 54278904.56063554
 54278904.56063554 54278904.56063554 54278904.56063554 54278904.56063554
 54278904.56063554 54278904.56063554 54278904.56063554 54278904.56063554
 54278904.56063554 54278904.56063554 54278904.56063554 54278904.56063554
 54278904.56063554 54278904.56063554 54278904.56063554 54278904.56063554]"
4976.901486244253	2.0	trials	8.0	0.0	0.0	0.0	0.0	True	40.0	1.86	0.005	"[54325100.71211772 54325100.71211772 54325100.71211772 54325100.71211772
 54325100.71211772 54325100.71211772 54325100.71211772 54325100.71211772
 54325100.71211772 54325100.71211772 54325100.71211772 54325100.71211772
 54325100.71211772 54325100.71211772 54325100.71211772 54325100.71211772
 54325100.71211772 54325100.71211772 54325100.71211772 54325100.71211772]"
4979.933272185827	2.0	trials	8.0	0.0	0.0	0.0	0.0	True	40.0	1.86	0.005	"[54361273.83073331 54361273.83073331 54361273.83073331 54361273.83073331
 54361273.83073331 54361273.83073331 54361273.83073331 54361273.83073331
 54361273.83073331 54361273.83073331 54361273.83073331 54361273.83073331
 54361273.83073331 54361273.83073331 54361273.83073331 54361273.83073331
 54361273.83073331 54361273.83073331 54361273.83073331 54361273.83073331]"
4984.061132121554	2.0	trials	8.0	0.0	0.0	0.0	0.0	True	40.0	1.86	0.005	"[54408500.98559625 54408500.98559625 54408500.98559625 54408500.98559625
 54408500.98559625 54408500.98559625 54408500.98559625 54408500.98559625
 54408500.98559625 54408500.98559625 54408500.98559625 54408500.98559625
 54408500.98559625 54408500.98559625 54408500.98559625 54408500.98559625
 54408500.98559625 54408500.98559625 54408500.98559625 54408500.98559625]"
4987.217161670538	2.0	trials	8.0	0.0	0.0	0.0	0.0	True	40.0	1.86	0.005	"[54450927.12471617 54450927.12471617 54450927.12471617 54450927.12471617
 54450927.12471617 54450927.12471617 54450927.12471617 54450927.12471617
 54450927.12471617 54450927.12471617 54450927.12471617 54450927.12471617
 54450927.12471617 54450927.12471617 54450927.12471617 54450927.12471617
 54450927.12471617 54450927.12471617 54450927.12471617 54450927.12471617]"
4990.831976723931	2.0	trials	8.0	0.0	0.0	0.0	0.0	True	40.0	1.86	0.005	"[54494467.26748903 54494467.26748903 54494467.26748903 54494467.26748903
 54494467.26748903 54494467.26748903 54494467.26748903 54494467.26748903
 54494467.26748903 54494467.26748903 54494467.26748903 54494467.26748903
 54494467.26748903 54494467.26748903 54494467.26748903 54494467.26748903
 54494467.26748903 54494467.26748903 54494467.26748903 54494467.26748903]"
4994.331015397681	2.0	trials	8.0	0.0	0.0	0.0	0.0	True	40.0	1.86	0.005	"[54527942.37725753 54527942.37725753 54527942.37725753 54527942.37725753
 54527942.37725753 54527942.37725753 54527942.37725753 54527942.37725753
 54527942.37725753 54527942.37725753 54527942.37725753 54527942.37725753
 54527942.37725753 54527942.37725753 54527942.37725753 54527942.37725753
 54527942.37725753 54527942.37725753 54527942.37725753 54527942.37725753]"
4998.439608070228	2.0	trials	8.0	0.0	0.0	0.0	0.0	True	40.0	1.86	0.005	"[54569049.51205229 54569049.51205229 54569049.51205229 54569049.51205229
 54569049.51205229 54569049.51205229 54569049.51205229 54569049.51205229
 54569049.51205229 54569049.51205229 54569049.51205229 54569049.51205229
 54569049.51205229 54569049.51205229 54569049.51205229 54569049.51205229
 54569049.51205229 54569049.51205229 54569049.51205229 54569049.51205229]"
5001.443918721708	2.0	trials	8.0	0.0	0.0	0.0	0.0	True	40.0	1.86	0.005	"[54604549.62846102 54604549.62846102 54604549.62846102 54604549.62846102
 54604549.62846102 54604549.62846102 54604549.62846102 54604549.62846102
 54604549.62846102 54604549.62846102 54604549.62846102 54604549.62846102
 54604549.62846102 54604549.62846102 54604549.62846102 54604549.62846102
 54604549.62846102 54604549.62846102 54604549.62846102 54604549.62846102]"
5005.487624781484	2.0	trials	8.0	0.0	0.0	0.0	0.0	True	40.0	1.86	0.005	"[54629983.71186213 54629983.71186213 54629983.71186213 54629983.71186213
 54629983.71186213 54629983.71186213 54629983.71186213 54629983.71186213
 54629983.71186213 54629983.71186213 54629983.71186213 54629983.71186213
 54629983.71186213 54629983.71186213 54629983.71186213 54629983.71186213
 54629983.71186213 54629983.71186213 54629983.71186213 54629983.71186213]"
5009.039626828907	2.0	trials	8.0	0.0	0.0	0.0	0.0	True	40.0	1.86	0.005	"[54677526.8677613 54677526.8677613 54677526.8677613 54677526.8677613
 54677526.8677613 54677526.8677613 54677526.8677613 54677526.8677613
 54677526.8677613 54677526.8677613 54677526.8677613 54677526.8677613
 54677526.8677613 54677526.8677613 54677526.8677613 54677526.8677613
 54677526.8677613 54677526.8677613 54677526.8677613 54677526.8677613]"
5012.423407524712	2.0	trials	8.0	0.0	0.0	0.0	0.0	True	40.0	1.86	0.005	"[54717107.99755211 54717107.99755211 54717107.99755211 54717107.99755211
 54717107.99755211 54717107.99755211 54717107.99755211 54717107.99755211
 54717107.99755211 54717107.99755211 54717107.99755211 54717107.99755211
 54717107.99755211 54717107.99755211 54717107.99755211 54717107.99755211
 54717107.99755211 54717107.99755211 54717107.99755211 54717107.99755211]"
5016.281266575075	2.0	trials	8.0	0.0	0.0	0.0	0.0	True	40.0	1.86	0.005	"[54741899.07884476 54741899.07884476 54741899.07884476 54741899.07884476
 54741899.07884476 54741899.07884476 54741899.07884476 54741899.07884476
 54741899.07884476 54741899.07884476 54741899.07884476 54741899.07884476
 54741899.07884476 54741899.07884476 54741899.07884476 54741899.07884476
 54741899.07884476 54741899.07884476 54741899.07884476 54741899.07884476]"
5018.6992649039685	2.0	trials	8.0	0.0	0.0	0.0	0.0	True	40.0	1.86	0.005	"[54771568.17613295 54771568.17613295 54771568.17613295 54771568.17613295
 54771568.17613295 54771568.17613295 54771568.17613295 54771568.17613295
 54771568.17613295 54771568.17613295 54771568.17613295 54771568.17613295
 54771568.17613295 54771568.17613295 54771568.17613295 54771568.17613295
 54771568.17613295 54771568.17613295 54771568.17613295 54771568.17613295]"
5021.436857880851	2.0	trials	8.0	0.0	0.0	0.0	0.0	True	40.0	1.86	0.005	"[54796974.25944225 54796974.25944225 54796974.25944225 54796974.25944225
 54796974.25944225 54796974.25944225 54796974.25944225 54796974.25944225
 54796974.25944225 54796974.25944225 54796974.25944225 54796974.25944225
 54796974.25944225 54796974.25944225 54796974.25944225 54796974.25944225
 54796974.25944225 54796974.25944225 54796974.25944225 54796974.25944225]"
5023.6134538181595	2.0	trials	8.0	0.0	0.0	0.0	0.0	True	40.0	1.86	0.005	"[54841079.40406779 54841079.40406779 54841079.40406779 54841079.40406779
 54841079.40406779 54841079.40406779 54841079.40406779 54841079.40406779
 54841079.40406779 54841079.40406779 54841079.40406779 54841079.40406779
 54841079.40406779 54841079.40406779 54841079.40406779 54841079.40406779
 54841079.40406779 54841079.40406779 54841079.40406779 54841079.40406779]"
5026.268102523058	2.0	trials	8.0	0.0	0.0	0.0	0.0	True	40.0	1.86	0.005	"[54879959.53155995 54879959.53155995 54879959.53155995 54879959.53155995
 54879959.53155995 54879959.53155995 54879959.53155995 54879959.53155995
 54879959.53155995 54879959.53155995 54879959.53155995 54879959.53155995
 54879959.53155995 54879959.53155995 54879959.53155995 54879959.53155995
 54879959.53155995 54879959.53155995 54879959.53155995 54879959.53155995]"
5030.244589162414	2.0	trials	8.0	0.0	0.0	0.0	0.0	True	40.0	1.86	0.005	"[54919761.66207545 54919761.66207545 54919761.66207545 54919761.66207545
 54919761.66207545 54919761.66207545 54919761.66207545 54919761.66207545
 54919761.66207545 54919761.66207545 54919761.66207545 54919761.66207545
 54919761.66207545 54919761.66207545 54919761.66207545 54919761.66207545
 54919761.66207545 54919761.66207545 54919761.66207545 54919761.66207545]"
5033.975785397434	2.0	trials	8.0	0.0	0.0	0.0	0.0	True	40.0	1.86	0.005	"[54961428.79870652 54961428.79870652 54961428.79870652 54961428.79870652
 54961428.79870652 54961428.79870652 54961428.79870652 54961428.79870652
 54961428.79870652 54961428.79870652 54961428.79870652 54961428.79870652
 54961428.79870652 54961428.79870652 54961428.79870652 54961428.79870652
 54961428.79870652 54961428.79870652 54961428.79870652 54961428.79870652]"
5037.731692113483	2.0	trials	8.0	0.0	0.0	0.0	0.0	True	40.0	1.86	0.005	"[54995867.91163611 54995867.91163611 54995867.91163611 54995867.91163611
 54995867.91163611 54995867.91163611 54995867.91163611 54995867.91163611
 54995867.91163611 54995867.91163611 54995867.91163611 54995867.91163611
 54995867.91163611 54995867.91163611 54995867.91163611 54995867.91163611
 54995867.91163611 54995867.91163611 54995867.91163611 54995867.91163611]"
5041.683727472661	2.0	trials	8.0	0.0	0.0	0.0	0.0	True	40.0	1.86	0.005	"[55023780.00316287 55023780.00316287 55023780.00316287 55023780.00316287
 55023780.00316287 55023780.00316287 55023780.00316287 55023780.00316287
 55023780.00316287 55023780.00316287 55023780.00316287 55023780.00316287
 55023780.00316287 55023780.00316287 55023780.00316287 55023780.00316287
 55023780.00316287 55023780.00316287 55023780.00316287 55023780.00316287]"
5045.42995735698	2.0	trials	9.0	0.0	0.0	0.0	0.0	True	40.0	1.86	0.005	"[55060861.1247559 55060861.1247559 55060861.1247559 55060861.1247559
 55060861.1247559 55060861.1247559 55060861.1247559 55060861.1247559
 55060861.1247559 55060861.1247559 55060861.1247559 55060861.1247559
 55060861.1247559 55060861.1247559 55060861.1247559 55060861.1247559
 55060861.1247559 55060861.1247559 55060861.1247559 55060861.1247559]"
5048.8559013910435	2.0	trials	9.0	0.0	0.0	0.0	0.0	True	40.0	1.86	0.005	"[55107744.27849083 55107744.27849083 55107744.27849083 55107744.27849083
 55107744.27849083 55107744.27849083 55107744.27849083 55107744.27849083
 55107744.27849083 55107744.27849083 55107744.27849083 55107744.27849083
 55107744.27849083 55107744.27849083 55107744.27849083 55107744.27849083
 55107744.27849083 55107744.27849083 55107744.27849083 55107744.27849083]"
5051.399439331596	2.0	trials	9.0	0.0	0.0	0.0	0.0	True	40.0	1.86	0.005	"[55144400.39869024 55144400.39869024 55144400.39869024 55144400.39869024
 55144400.39869024 55144400.39869024 55144400.39869024 55144400.39869024
 55144400.39869024 55144400.39869024 55144400.39869024 55144400.39869024
 55144400.39869024 55144400.39869024 55144400.39869024 55144400.39869024
 55144400.39869024 55144400.39869024 55144400.39869024 55144400.39869024]"
5054.658458018293	2.0	trials	9.0	0.0	0.0	0.0	0.0	True	40.0	1.86	0.005	"[55170309.48364893 55170309.48364893 55170309.48364893 55170309.48364893
 55170309.48364893 55170309.48364893 55170309.48364893 55170309.48364893
 55170309.48364893 55170309.48364893 55170309.48364893 55170309.48364893
 55170309.48364893 55170309.48364893 55170309.48364893 55170309.48364893
 55170309.48364893 55170309.48364893 55170309.48364893 55170309.48364893]"
5057.351986850683	2.0	trials	9.0	0.0	0.0	0.0	0.0	True	40.0	1.86	0.005	"[55207463.60548133 55207463.60548133 55207463.60548133 55207463.60548133
 55207463.60548133 55207463.60548133 55207463.60548133 55207463.60548133
 55207463.60548133 55207463.60548133 55207463.60548133 55207463.60548133
 55207463.60548133 55207463.60548133 55207463.60548133 55207463.60548133
 55207463.60548133 55207463.60548133 55207463.60548133 55207463.60548133]"
5084.756342312711	2.0	trials	9.0	0.0	0.0	0.0	0.0	True	40.0	1.86	0.005	"[55254630.76014753 55254630.76014753 55254630.76014753 55254630.76014753
 55254630.76014753 55254630.76014753 55254630.76014753 55254630.76014753
 55254630.76014753 55254630.76014753 55254630.76014753 55254630.76014753
 55254630.76014753 55254630.76014753 55254630.76014753 55254630.76014753
 55254630.76014753 55254630.76014753 55254630.76014753 55254630.76014753]"
5087.24035045806	2.0	trials	9.0	0.0	0.0	0.0	0.0	True	40.0	1.86	0.2	"[55431089.33877435 55431089.33877435 55431089.33877435 55431089.33877435
 55431089.33877435 55431089.33877435 55431089.33877435 55431089.33877435
 55431089.33877435 55431089.33877435 55431089.33877435 55431089.33877435
 55431089.33877435 55431089.33877435 55431089.33877435 55431089.33877435
 55431089.33877435 55431089.33877435 55431089.33877435 55431089.33877435]"
5089.880138314227	2.0	trials	9.0	0.0	0.0	0.0	0.0	True	40.0	1.86	0.2	"[55477747.4917715 55477747.4917715 55477747.4917715 55477747.4917715
 55477747.4917715 55477747.4917715 55477747.4917715 55477747.4917715
 55477747.4917715 55477747.4917715 55477747.4917715 55477747.4917715
 55477747.4917715 55477747.4917715 55477747.4917715 55477747.4917715
 55477747.4917715 55477747.4917715 55477747.4917715 55477747.4917715]"
5093.309019957924	2.0	trials	9.0	0.0	0.0	0.0	0.0	True	40.0	1.86	0.2	"[55521782.6361675 55521782.6361675 55521782.6361675 55521782.6361675
 55521782.6361675 55521782.6361675 55521782.6361675 55521782.6361675
 55521782.6361675 55521782.6361675 55521782.6361675 55521782.6361675
 55521782.6361675 55521782.6361675 55521782.6361675 55521782.6361675
 55521782.6361675 55521782.6361675 55521782.6361675 55521782.6361675]"
5096.642429288556	2.0	trials	9.0	0.0	0.0	0.0	0.0	True	40.0	1.86	0.2	"[55521782.6361675 55521782.6361675 55521782.6361675 55521782.6361675
 55521782.6361675 55521782.6361675 55521782.6361675 55521782.6361675
 55521782.6361675 55521782.6361675 55521782.6361675 55521782.6361675
 55521782.6361675 55521782.6361675 55521782.6361675 55521782.6361675
 55521782.6361675 55521782.6361675 55521782.6361675 55521782.6361675]"
5099.58850614908	2.0	trials	9.0	0.0	0.0	0.0	0.0	True	40.0	1.86	0.2	"[55559694.76048547 55559694.76048547 55559694.76048547 55559694.76048547
 55559694.76048547 55559694.76048547 55559694.76048547 55559694.76048547
 55559694.76048547 55559694.76048547 55559694.76048547 55559694.76048547
 55559694.76048547 55559694.76048547 55559694.76048547 55559694.76048547
 55559694.76048547 55559694.76048547 55559694.76048547 55559694.76048547]"
5102.237106834146	2.0	trials	9.0	0.0	0.0	0.0	0.0	True	40.0	1.86	0.2	"[55586321.84779858 55586321.84779858 55586321.84779858 55586321.84779858
 55586321.84779858 55586321.84779858 55586321.84779858 55586321.84779858
 55586321.84779858 55586321.84779858 55586321.84779858 55586321.84779858
 55586321.84779858 55586321.84779858 55586321.84779858 55586321.84779858
 55586321.84779858 55586321.84779858 55586321.84779858 55586321.84779858]"
5104.862984244699	2.0	trials	9.0	0.0	0.0	0.0	0.0	True	40.0	1.86	0.2	"[55622823.96749299 55622823.96749299 55622823.96749299 55622823.96749299
 55622823.96749299 55622823.96749299 55622823.96749299 55622823.96749299
 55622823.96749299 55622823.96749299 55622823.96749299 55622823.96749299
 55622823.96749299 55622823.96749299 55622823.96749299 55622823.96749299
 55622823.96749299 55622823.96749299 55622823.96749299 55622823.96749299]"
5107.36453164756	2.0	trials	9.0	0.0	0.0	0.0	0.0	True	40.0	1.86	0.2	"[55647363.04795929 55647363.04795929 55647363.04795929 55647363.04795929
 55647363.04795929 55647363.04795929 55647363.04795929 55647363.04795929
 55647363.04795929 55647363.04795929 55647363.04795929 55647363.04795929
 55647363.04795929 55647363.04795929 55647363.04795929 55647363.04795929
 55647363.04795929 55647363.04795929 55647363.04795929 55647363.04795929]"
5111.018140428163	2.0	trials	9.0	0.0	0.0	0.0	0.0	True	40.0	1.86	0.2	"[55676112.1422307 55676112.1422307 55676112.1422307 55676112.1422307
 55676112.1422307 55676112.1422307 55676112.1422307 55676112.1422307
 55676112.1422307 55676112.1422307 55676112.1422307 55676112.1422307
 55676112.1422307 55676112.1422307 55676112.1422307 55676112.1422307
 55676112.1422307 55676112.1422307 55676112.1422307 55676112.1422307]"
5115.104701028465	2.0	trials	9.0	0.0	0.0	0.0	0.0	True	40.0	1.86	0.2	"[55713961.26634207 55713961.26634207 55713961.26634207 55713961.26634207
 55713961.26634207 55713961.26634207 55713961.26634207 55713961.26634207
 55713961.26634207 55713961.26634207 55713961.26634207 55713961.26634207
 55713961.26634207 55713961.26634207 55713961.26634207 55713961.26634207
 55713961.26634207 55713961.26634207 55713961.26634207 55713961.26634207]"
5117.738786465933	2.0	trials	9.0	0.0	0.0	0.0	0.0	True	40.0	1.86	0.2	"[55741432.35642276 55741432.35642276 55741432.35642276 55741432.35642276
 55741432.35642276 55741432.35642276 55741432.35642276 55741432.35642276
 55741432.35642276 55741432.35642276 55741432.35642276 55741432.35642276
 55741432.35642276 55741432.35642276 55741432.35642276 55741432.35642276
 55741432.35642276 55741432.35642276 55741432.35642276 55741432.35642276]"
5120.081011746359	2.0	trials	9.0	0.0	0.0	0.0	0.0	True	40.0	1.86	0.2	"[55777129.47347748 55777129.47347748 55777129.47347748 55777129.47347748
 55777129.47347748 55777129.47347748 55777129.47347748 55777129.47347748
 55777129.47347748 55777129.47347748 55777129.47347748 55777129.47347748
 55777129.47347748 55777129.47347748 55777129.47347748 55777129.47347748
 55777129.47347748 55777129.47347748 55777129.47347748 55777129.47347748]"
5124.027603887688	2.0	trials	9.0	0.0	0.0	0.0	0.0	True	40.0	1.86	0.2	"[55813117.59148641 55813117.59148641 55813117.59148641 55813117.59148641
 55813117.59148641 55813117.59148641 55813117.59148641 55813117.59148641
 55813117.59148641 55813117.59148641 55813117.59148641 55813117.59148641
 55813117.59148641 55813117.59148641 55813117.59148641 55813117.59148641
 55813117.59148641 55813117.59148641 55813117.59148641 55813117.59148641]"
5126.750422416122	2.0	trials	9.0	0.0	0.0	0.0	0.0	True	40.0	1.86	0.2	"[55842645.68831225 55842645.68831225 55842645.68831225 55842645.68831225
 55842645.68831225 55842645.68831225 55842645.68831225 55842645.68831225
 55842645.68831225 55842645.68831225 55842645.68831225 55842645.68831225
 55842645.68831225 55842645.68831225 55842645.68831225 55842645.68831225
 55842645.68831225 55842645.68831225 55842645.68831225 55842645.68831225]"
5129.8706822478125	2.0	trials	9.0	0.0	0.0	0.0	0.0	True	40.0	1.86	0.2	"[55872997.78784008 55872997.78784008 55872997.78784008 55872997.78784008
 55872997.78784008 55872997.78784008 55872997.78784008 55872997.78784008
 55872997.78784008 55872997.78784008 55872997.78784008 55872997.78784008
 55872997.78784008 55872997.78784008 55872997.78784008 55872997.78784008
 55872997.78784008 55872997.78784008 55872997.78784008 55872997.78784008]"
5132.171953793946	2.0	trials	9.0	0.0	0.0	0.0	0.0	True	40.0	1.86	0.2	"[55913240.91980166 55913240.91980166 55913240.91980166 55913240.91980166
 55913240.91980166 55913240.91980166 55913240.91980166 55913240.91980166
 55913240.91980166 55913240.91980166 55913240.91980166 55913240.91980166
 55913240.91980166 55913240.91980166 55913240.91980166 55913240.91980166
 55913240.91980166 55913240.91980166 55913240.91980166 55913240.91980166]"
5134.4228539749065	2.0	trials	9.0	0.0	0.0	0.0	0.0	True	40.0	1.86	0.2	"[55954425.05484891 55954425.05484891 55954425.05484891 55954425.05484891
 55954425.05484891 55954425.05484891 55954425.05484891 55954425.05484891
 55954425.05484891 55954425.05484891 55954425.05484891 55954425.05484891
 55954425.05484891 55954425.05484891 55954425.05484891 55954425.05484891
 55954425.05484891 55954425.05484891 55954425.05484891 55954425.05484891]"
5137.731466424227	2.0	trials	9.0	0.0	0.0	0.0	0.0	True	40.0	1.86	0.2	"[55990044.17164786 55990044.17164786 55990044.17164786 55990044.17164786
 55990044.17164786 55990044.17164786 55990044.17164786 55990044.17164786
 55990044.17164786 55990044.17164786 55990044.17164786 55990044.17164786
 55990044.17164786 55990044.17164786 55990044.17164786 55990044.17164786
 55990044.17164786 55990044.17164786 55990044.17164786 55990044.17164786]"
5140.736986679673	2.0	trials	9.0	0.0	0.0	0.0	0.0	True	40.0	1.86	0.2	"[56018592.26526015 56018592.26526015 56018592.26526015 56018592.26526015
 56018592.26526015 56018592.26526015 56018592.26526015 56018592.26526015
 56018592.26526015 56018592.26526015 56018592.26526015 56018592.26526015
 56018592.26526015 56018592.26526015 56018592.26526015 56018592.26526015
 56018592.26526015 56018592.26526015 56018592.26526015 56018592.26526015]"
5143.214342003205	2.0	trials	9.0	0.0	0.0	0.0	0.0	True	40.0	1.86	0.2	"[56056917.39093239 56056917.39093239 56056917.39093239 56056917.39093239
 56056917.39093239 56056917.39093239 56056917.39093239 56056917.39093239
 56056917.39093239 56056917.39093239 56056917.39093239 56056917.39093239
 56056917.39093239 56056917.39093239 56056917.39093239 56056917.39093239
 56056917.39093239 56056917.39093239 56056917.39093239 56056917.39093239]"
5146.834686674731	2.0	trials	9.0	0.0	0.0	0.0	0.0	True	40.0	1.86	0.2	"[56083795.47906856 56083795.47906856 56083795.47906856 56083795.47906856
 56083795.47906856 56083795.47906856 56083795.47906856 56083795.47906856
 56083795.47906856 56083795.47906856 56083795.47906856 56083795.47906856
 56083795.47906856 56083795.47906856 56083795.47906856 56083795.47906856
 56083795.47906856 56083795.47906856 56083795.47906856 56083795.47906856]"
5150.589297386531	2.0	trials	9.0	0.0	0.0	0.0	0.0	True	40.0	1.86	0.2	"[56123241.60841669 56123241.60841669 56123241.60841669 56123241.60841669
 56123241.60841669 56123241.60841669 56123241.60841669 56123241.60841669
 56123241.60841669 56123241.60841669 56123241.60841669 56123241.60841669
 56123241.60841669 56123241.60841669 56123241.60841669 56123241.60841669
 56123241.60841669 56123241.60841669 56123241.60841669 56123241.60841669]"
5153.603112069175	2.0	trials	9.0	0.0	0.0	0.0	0.0	True	40.0	1.86	0.2	"[56147966.68949291 56147966.68949291 56147966.68949291 56147966.68949291
 56147966.68949291 56147966.68949291 56147966.68949291 56147966.68949291
 56147966.68949291 56147966.68949291 56147966.68949291 56147966.68949291
 56147966.68949291 56147966.68949291 56147966.68949291 56147966.68949291
 56147966.68949291 56147966.68949291 56147966.68949291 56147966.68949291]"
5156.330769013476	2.0	trials	9.0	0.0	0.0	0.0	0.0	True	40.0	1.86	0.2	"[56191283.83153453 56191283.83153453 56191283.83153453 56191283.83153453
 56191283.83153453 56191283.83153453 56191283.83153453 56191283.83153453
 56191283.83153453 56191283.83153453 56191283.83153453 56191283.83153453
 56191283.83153453 56191283.83153453 56191283.83153453 56191283.83153453
 56191283.83153453 56191283.83153453 56191283.83153453 56191283.83153453]"
5160.201242505203	2.0	trials	9.0	0.0	0.0	0.0	0.0	True	40.0	1.86	0.2	"[56217266.91673589 56217266.91673589 56217266.91673589 56217266.91673589
 56217266.91673589 56217266.91673589 56217266.91673589 56217266.91673589
 56217266.91673589 56217266.91673589 56217266.91673589 56217266.91673589
 56217266.91673589 56217266.91673589 56217266.91673589 56217266.91673589
 56217266.91673589 56217266.91673589 56217266.91673589 56217266.91673589]"
5163.071546317259	2.0	trials	9.0	0.0	0.0	0.0	0.0	True	40.0	1.86	0.2	"[56255308.04147685 56255308.04147685 56255308.04147685 56255308.04147685
 56255308.04147685 56255308.04147685 56255308.04147685 56255308.04147685
 56255308.04147685 56255308.04147685 56255308.04147685 56255308.04147685
 56255308.04147685 56255308.04147685 56255308.04147685 56255308.04147685
 56255308.04147685 56255308.04147685 56255308.04147685 56255308.04147685]"
5165.9923942950545	2.0	trials	9.0	0.0	0.0	0.0	0.0	True	40.0	1.86	0.2	"[56289213.15265539 56289213.15265539 56289213.15265539 56289213.15265539
 56289213.15265539 56289213.15265539 56289213.15265539 56289213.15265539
 56289213.15265539 56289213.15265539 56289213.15265539 56289213.15265539
 56289213.15265539 56289213.15265539 56289213.15265539 56289213.15265539
 56289213.15265539 56289213.15265539 56289213.15265539 56289213.15265539]"
5169.29124351236	2.0	trials	9.0	0.0	0.0	0.0	0.0	True	40.0	1.86	0.2	"[56323936.26651624 56323936.26651624 56323936.26651624 56323936.26651624
 56323936.26651624 56323936.26651624 56323936.26651624 56323936.26651624
 56323936.26651624 56323936.26651624 56323936.26651624 56323936.26651624
 56323936.26651624 56323936.26651624 56323936.26651624 56323936.26651624
 56323936.26651624 56323936.26651624 56323936.26651624 56323936.26651624]"
5172.818967080171	2.0	trials	9.0	0.0	0.0	0.0	0.0	True	40.0	1.86	0.2	"[56371162.42137592 56371162.42137592 56371162.42137592 56371162.42137592
 56371162.42137592 56371162.42137592 56371162.42137592 56371162.42137592
 56371162.42137592 56371162.42137592 56371162.42137592 56371162.42137592
 56371162.42137592 56371162.42137592 56371162.42137592 56371162.42137592
 56371162.42137592 56371162.42137592 56371162.42137592 56371162.42137592]"
5176.169310866333	2.0	trials	9.0	0.0	0.0	0.0	0.0	True	40.0	1.86	0.2	"[56415951.56824439 56415951.56824439 56415951.56824439 56415951.56824439
 56415951.56824439 56415951.56824439 56415951.56824439 56415951.56824439
 56415951.56824439 56415951.56824439 56415951.56824439 56415951.56824439
 56415951.56824439 56415951.56824439 56415951.56824439 56415951.56824439
 56415951.56824439 56415951.56824439 56415951.56824439 56415951.56824439]"
5179.599488514279	2.0	trials	9.0	0.0	0.0	0.0	0.0	True	40.0	1.86	0.2	"[56445535.66525386 56445535.66525386 56445535.66525386 56445535.66525386
 56445535.66525386 56445535.66525386 56445535.66525386 56445535.66525386
 56445535.66525386 56445535.66525386 56445535.66525386 56445535.66525386
 56445535.66525386 56445535.66525386 56445535.66525386 56445535.66525386
 56445535.66525386 56445535.66525386 56445535.66525386 56445535.66525386]"
5183.371120081892	2.0	trials	9.0	0.0	0.0	0.0	0.0	True	40.0	1.86	0.2	"[56472142.75250138 56472142.75250138 56472142.75250138 56472142.75250138
 56472142.75250138 56472142.75250138 56472142.75250138 56472142.75250138
 56472142.75250138 56472142.75250138 56472142.75250138 56472142.75250138
 56472142.75250138 56472142.75250138 56472142.75250138 56472142.75250138
 56472142.75250138 56472142.75250138 56472142.75250138 56472142.75250138]"
5186.306828908418	2.0	trials	9.0	0.0	0.0	0.0	0.0	True	40.0	1.86	0.2	"[56508942.87317296 56508942.87317296 56508942.87317296 56508942.87317296
 56508942.87317296 56508942.87317296 56508942.87317296 56508942.87317296
 56508942.87317296 56508942.87317296 56508942.87317296 56508942.87317296
 56508942.87317296 56508942.87317296 56508942.87317296 56508942.87317296
 56508942.87317296 56508942.87317296 56508942.87317296 56508942.87317296]"
5188.747809712674	2.0	trials	9.0	0.0	0.0	0.0	0.0	True	40.0	1.86	0.2	"[56538524.97017586 56538524.97017586 56538524.97017586 56538524.97017586
 56538524.97017586 56538524.97017586 56538524.97017586 56538524.97017586
 56538524.97017586 56538524.97017586 56538524.97017586 56538524.97017586
 56538524.97017586 56538524.97017586 56538524.97017586 56538524.97017586
 56538524.97017586 56538524.97017586 56538524.97017586 56538524.97017586]"
5192.4029736983775	2.0	trials	9.0	0.0	0.0	0.0	0.0	True	40.0	1.86	0.2	"[56570219.07410427 56570219.07410427 56570219.07410427 56570219.07410427
 56570219.07410427 56570219.07410427 56570219.07410427 56570219.07410427
 56570219.07410427 56570219.07410427 56570219.07410427 56570219.07410427
 56570219.07410427 56570219.07410427 56570219.07410427 56570219.07410427
 56570219.07410427 56570219.07410427 56570219.07410427 56570219.07410427]"
5195.28312714273	2.0	trials	9.0	0.0	0.0	0.0	0.0	True	40.0	1.86	0.2	"[56603529.18333173 56603529.18333173 56603529.18333173 56603529.18333173
 56603529.18333173 56603529.18333173 56603529.18333173 56603529.18333173
 56603529.18333173 56603529.18333173 56603529.18333173 56603529.18333173
 56603529.18333173 56603529.18333173 56603529.18333173 56603529.18333173
 56603529.18333173 56603529.18333173 56603529.18333173 56603529.18333173]"
5197.856991582728	2.0	trials	9.0	0.0	0.0	0.0	0.0	True	40.0	1.86	0.2	"[56629423.26824125 56629423.26824125 56629423.26824125 56629423.26824125
 56629423.26824125 56629423.26824125 56629423.26824125 56629423.26824125
 56629423.26824125 56629423.26824125 56629423.26824125 56629423.26824125
 56629423.26824125 56629423.26824125 56629423.26824125 56629423.26824125
 56629423.26824125 56629423.26824125 56629423.26824125 56629423.26824125]"
5201.013021131711	2.0	trials	9.0	0.0	0.0	0.0	0.0	True	40.0	1.86	0.2	"[56629424.26824453 56629424.26824453 56629424.26824453 56629424.26824453
 56629424.26824453 56629424.26824453 56629424.26824453 56629424.26824453
 56629424.26824453 56629424.26824453 56629424.26824453 56629424.26824453
 56629424.26824453 56629424.26824453 56629424.26824453 56629424.26824453
 56629424.26824453 56629424.26824453 56629424.26824453 56629424.26824453]"
5204.261585384127	2.0	trials	9.0	0.0	0.0	0.0	0.0	True	40.0	1.86	0.2	"[56665536.38666007 56665536.38666007 56665536.38666007 56665536.38666007
 56665536.38666007 56665536.38666007 56665536.38666007 56665536.38666007
 56665536.38666007 56665536.38666007 56665536.38666007 56665536.38666007
 56665536.38666007 56665536.38666007 56665536.38666007 56665536.38666007
 56665536.38666007 56665536.38666007 56665536.38666007 56665536.38666007]"
5207.70964789072	2.0	trials	9.0	0.0	0.0	0.0	0.0	True	40.0	1.86	0.2	"[56709009.52921323 56709009.52921323 56709009.52921323 56709009.52921323
 56709009.52921323 56709009.52921323 56709009.52921323 56709009.52921323
 56709009.52921323 56709009.52921323 56709009.52921323 56709009.52921323
 56709009.52921323 56709009.52921323 56709009.52921323 56709009.52921323
 56709009.52921323 56709009.52921323 56709009.52921323 56709009.52921323]"
5210.793360402567	2.0	trials	9.0	0.0	0.0	0.0	0.0	True	40.0	1.86	0.2	"[56736257.61856265 56736257.61856265 56736257.61856265 56736257.61856265
 56736257.61856265 56736257.61856265 56736257.61856265 56736257.61856265
 56736257.61856265 56736257.61856265 56736257.61856265 56736257.61856265
 56736257.61856265 56736257.61856265 56736257.61856265 56736257.61856265
 56736257.61856265 56736257.61856265 56736257.61856265 56736257.61856265]"
5213.910509824058	2.0	trials	9.0	0.0	0.0	0.0	0.0	True	40.0	1.86	0.2	"[56764118.7099222 56764118.7099222 56764118.7099222 56764118.7099222
 56764118.7099222 56764118.7099222 56764118.7099222 56764118.7099222
 56764118.7099222 56764118.7099222 56764118.7099222 56764118.7099222
 56764118.7099222 56764118.7099222 56764118.7099222 56764118.7099222
 56764118.7099222 56764118.7099222 56764118.7099222 56764118.7099222]"
5216.73018307009	2.0	trials	9.0	0.0	0.0	0.0	0.0	True	40.0	1.86	0.2	"[56789305.79251337 56789305.79251337 56789305.79251337 56789305.79251337
 56789305.79251337 56789305.79251337 56789305.79251337 56789305.79251337
 56789305.79251337 56789305.79251337 56789305.79251337 56789305.79251337
 56789305.79251337 56789305.79251337 56789305.79251337 56789305.79251337
 56789305.79251337 56789305.79251337 56789305.79251337 56789305.79251337]"
5218.884228533452	2.0	trials	9.0	0.0	0.0	0.0	0.0	True	40.0	1.86	0.2	"[56823313.90402966 56823313.90402966 56823313.90402966 56823313.90402966
 56823313.90402966 56823313.90402966 56823313.90402966 56823313.90402966
 56823313.90402966 56823313.90402966 56823313.90402966 56823313.90402966
 56823313.90402966 56823313.90402966 56823313.90402966 56823313.90402966
 56823313.90402966 56823313.90402966 56823313.90402966 56823313.90402966]"
5221.74546031576	2.0	trials	9.0	0.0	0.0	0.0	0.0	True	40.0	1.86	0.2	"[56848177.98556168 56848177.98556168 56848177.98556168 56848177.98556168
 56848177.98556168 56848177.98556168 56848177.98556168 56848177.98556168
 56848177.98556168 56848177.98556168 56848177.98556168 56848177.98556168
 56848177.98556168 56848177.98556168 56848177.98556168 56848177.98556168
 56848177.98556168 56848177.98556168 56848177.98556168 56848177.98556168]"
5224.389049784393	2.0	trials	9.0	0.0	0.0	0.0	0.0	True	40.0	1.86	0.2	"[56886788.11216848 56886788.11216848 56886788.11216848 56886788.11216848
 56886788.11216848 56886788.11216848 56886788.11216848 56886788.11216848
 56886788.11216848 56886788.11216848 56886788.11216848 56886788.11216848
 56886788.11216848 56886788.11216848 56886788.11216848 56886788.11216848
 56886788.11216848 56886788.11216848 56886788.11216848 56886788.11216848]"
5228.37910126823	2.0	trials	9.0	0.0	0.0	0.0	0.0	True	40.0	1.86	0.2	"[56912899.19778955 56912899.19778955 56912899.19778955 56912899.19778955
 56912899.19778955 56912899.19778955 56912899.19778955 56912899.19778955
 56912899.19778955 56912899.19778955 56912899.19778955 56912899.19778955
 56912899.19778955 56912899.19778955 56912899.19778955 56912899.19778955
 56912899.19778955 56912899.19778955 56912899.19778955 56912899.19778955]"
5231.883151158412	2.0	trials	9.0	0.0	0.0	0.0	0.0	True	40.0	1.86	0.2	"[56957032.34250692 56957032.34250692 56957032.34250692 56957032.34250692
 56957032.34250692 56957032.34250692 56957032.34250692 56957032.34250692
 56957032.34250692 56957032.34250692 56957032.34250692 56957032.34250692
 56957032.34250692 56957032.34250692 56957032.34250692 56957032.34250692
 56957032.34250692 56957032.34250692 56957032.34250692 56957032.34250692]"
5234.955113231729	2.0	trials	9.0	0.0	0.0	0.0	0.0	True	40.0	1.86	0.2	"[56984983.43416158 56984983.43416158 56984983.43416158 56984983.43416158
 56984983.43416158 56984983.43416158 56984983.43416158 56984983.43416158
 56984983.43416158 56984983.43416158 56984983.43416158 56984983.43416158
 56984983.43416158 56984983.43416158 56984983.43416158 56984983.43416158
 56984983.43416158 56984983.43416158 56984983.43416158 56984983.43416158]"
5238.646306135574	2.0	trials	9.0	0.0	0.0	0.0	0.0	True	40.0	1.86	0.2	"[57012306.52375697 57012306.52375697 57012306.52375697 57012306.52375697
 57012306.52375697 57012306.52375697 57012306.52375697 57012306.52375697
 57012306.52375697 57012306.52375697 57012306.52375697 57012306.52375697
 57012306.52375697 57012306.52375697 57012306.52375697 57012306.52375697
 57012306.52375697 57012306.52375697 57012306.52375697 57012306.52375697]"
5242.641023234711	2.0	trials	9.0	0.0	0.0	0.0	0.0	True	40.0	1.86	0.2	"[57048736.64321526 57048736.64321526 57048736.64321526 57048736.64321526
 57048736.64321526 57048736.64321526 57048736.64321526 57048736.64321526
 57048736.64321526 57048736.64321526 57048736.64321526 57048736.64321526
 57048736.64321526 57048736.64321526 57048736.64321526 57048736.64321526
 57048736.64321526 57048736.64321526 57048736.64321526 57048736.64321526]"
5245.029299866143	2.0	trials	9.0	0.0	0.0	0.0	0.0	True	40.0	1.86	0.2	"[57084288.75979452 57084288.75979452 57084288.75979452 57084288.75979452
 57084288.75979452 57084288.75979452 57084288.75979452 57084288.75979452
 57084288.75979452 57084288.75979452 57084288.75979452 57084288.75979452
 57084288.75979452 57084288.75979452 57084288.75979452 57084288.75979452
 57084288.75979452 57084288.75979452 57084288.75979452 57084288.75979452]"
5248.347589147195	2.0	trials	9.0	0.0	0.0	0.0	0.0	True	40.0	1.86	0.2	"[57116194.86441809 57116194.86441809 57116194.86441809 57116194.86441809
 57116194.86441809 57116194.86441809 57116194.86441809 57116194.86441809
 57116194.86441809 57116194.86441809 57116194.86441809 57116194.86441809
 57116194.86441809 57116194.86441809 57116194.86441809 57116194.86441809
 57116194.86441809 57116194.86441809 57116194.86441809 57116194.86441809]"
5251.821139737367	2.0	trials	9.0	0.0	0.0	0.0	0.0	True	40.0	1.86	0.2	"[57146171.96271625 57146171.96271625 57146171.96271625 57146171.96271625
 57146171.96271625 57146171.96271625 57146171.96271625 57146171.96271625
 57146171.96271625 57146171.96271625 57146171.96271625 57146171.96271625
 57146171.96271625 57146171.96271625 57146171.96271625 57146171.96271625
 57146171.96271625 57146171.96271625 57146171.96271625 57146171.96271625]"
5254.755293358793	2.0	trials	9.0	0.0	0.0	0.0	0.0	True	40.0	1.86	0.2	"[57172802.05003919 57172802.05003919 57172802.05003919 57172802.05003919
 57172802.05003919 57172802.05003919 57172802.05003919 57172802.05003919
 57172802.05003919 57172802.05003919 57172802.05003919 57172802.05003919
 57172802.05003919 57172802.05003919 57172802.05003919 57172802.05003919
 57172802.05003919 57172802.05003919 57172802.05003919 57172802.05003919]"
5257.281292041834	2.0	trials	9.0	0.0	0.0	0.0	0.0	True	40.0	1.86	0.2	"[57203042.14919975 57203042.14919975 57203042.14919975 57203042.14919975
 57203042.14919975 57203042.14919975 57203042.14919975 57203042.14919975
 57203042.14919975 57203042.14919975 57203042.14919975 57203042.14919975
 57203042.14919975 57203042.14919975 57203042.14919975 57203042.14919975
 57203042.14919975 57203042.14919975 57203042.14919975 57203042.14919975]"
5260.839428509371	2.0	trials	9.0	0.0	0.0	0.0	0.0	True	40.0	1.86	0.2	"[57238806.26647417 57238806.26647417 57238806.26647417 57238806.26647417
 57238806.26647417 57238806.26647417 57238806.26647417 57238806.26647417
 57238806.26647417 57238806.26647417 57238806.26647417 57238806.26647417
 57238806.26647417 57238806.26647417 57238806.26647417 57238806.26647417
 57238806.26647417 57238806.26647417 57238806.26647417 57238806.26647417]"
5264.705236385799	2.0	trials	9.0	0.0	0.0	0.0	0.0	True	40.0	1.86	0.2	"[57275821.38785077 57275821.38785077 57275821.38785077 57275821.38785077
 57275821.38785077 57275821.38785077 57275821.38785077 57275821.38785077
 57275821.38785077 57275821.38785077 57275821.38785077 57275821.38785077
 57275821.38785077 57275821.38785077 57275821.38785077 57275821.38785077
 57275821.38785077 57275821.38785077 57275821.38785077 57275821.38785077]"
5268.519808894221	2.0	trials	9.0	0.0	0.0	0.0	0.0	True	40.0	1.86	0.2	"[57305055.48371254 57305055.48371254 57305055.48371254 57305055.48371254
 57305055.48371254 57305055.48371254 57305055.48371254 57305055.48371254
 57305055.48371254 57305055.48371254 57305055.48371254 57305055.48371254
 57305055.48371254 57305055.48371254 57305055.48371254 57305055.48371254
 57305055.48371254 57305055.48371254 57305055.48371254 57305055.48371254]"
5271.549953230411	2.0	trials	9.0	0.0	0.0	0.0	0.0	True	40.0	1.86	0.2	"[57343675.61035212 57343675.61035212 57343675.61035212 57343675.61035212
 57343675.61035212 57343675.61035212 57343675.61035212 57343675.61035212
 57343675.61035212 57343675.61035212 57343675.61035212 57343675.61035212
 57343675.61035212 57343675.61035212 57343675.61035212 57343675.61035212
 57343675.61035212 57343675.61035212 57343675.61035212 57343675.61035212]"
5273.916284189882	2.0	trials	9.0	0.0	0.0	0.0	0.0	True	40.0	1.86	0.2	"[57377628.72168805 57377628.72168805 57377628.72168805 57377628.72168805
 57377628.72168805 57377628.72168805 57377628.72168805 57377628.72168805
 57377628.72168805 57377628.72168805 57377628.72168805 57377628.72168805
 57377628.72168805 57377628.72168805 57377628.72168805 57377628.72168805
 57377628.72168805 57377628.72168805 57377628.72168805 57377628.72168805]"
5277.598318663697	2.0	trials	9.0	0.0	0.0	0.0	0.0	True	40.0	1.86	0.2	"[57403251.80570893 57403251.80570893 57403251.80570893 57403251.80570893
 57403251.80570893 57403251.80570893 57403251.80570893 57403251.80570893
 57403251.80570893 57403251.80570893 57403251.80570893 57403251.80570893
 57403251.80570893 57403251.80570893 57403251.80570893 57403251.80570893
 57403251.80570893 57403251.80570893 57403251.80570893 57403251.80570893]"
5280.130019765435	2.0	trials	9.0	0.0	0.0	0.0	0.0	True	40.0	1.86	0.2	"[57428810.88951993 57428810.88951993 57428810.88951993 57428810.88951993
 57428810.88951993 57428810.88951993 57428810.88951993 57428810.88951993
 57428810.88951993 57428810.88951993 57428810.88951993 57428810.88951993
 57428810.88951993 57428810.88951993 57428810.88951993 57428810.88951993
 57428810.88951993 57428810.88951993 57428810.88951993 57428810.88951993]"
5283.667160964127	2.0	trials	9.0	0.0	0.0	0.0	0.0	True	40.0	1.86	0.2	"[57470614.02659696 57470614.02659696 57470614.02659696 57470614.02659696
 57470614.02659696 57470614.02659696 57470614.02659696 57470614.02659696
 57470614.02659696 57470614.02659696 57470614.02659696 57470614.02659696
 57470614.02659696 57470614.02659696 57470614.02659696 57470614.02659696
 57470614.02659696 57470614.02659696 57470614.02659696 57470614.02659696]"
5286.7185597700145	2.0	trials	9.0	0.0	0.0	0.0	0.0	True	40.0	1.86	0.2	"[57495896.10949965 57495896.10949965 57495896.10949965 57495896.10949965
 57495896.10949965 57495896.10949965 57495896.10949965 57495896.10949965
 57495896.10949965 57495896.10949965 57495896.10949965 57495896.10949965
 57495896.10949965 57495896.10949965 57495896.10949965 57495896.10949965
 57495896.10949965 57495896.10949965 57495896.10949965 57495896.10949965]"
5289.910272636008	2.0	trials	9.0	0.0	0.0	0.0	0.0	True	40.0	1.86	0.2	"[57536167.24155305 57536167.24155305 57536167.24155305 57536167.24155305
 57536167.24155305 57536167.24155305 57536167.24155305 57536167.24155305
 57536167.24155305 57536167.24155305 57536167.24155305 57536167.24155305
 57536167.24155305 57536167.24155305 57536167.24155305 57536167.24155305
 57536167.24155305 57536167.24155305 57536167.24155305 57536167.24155305]"
5292.283515618144	2.0	trials	9.0	0.0	0.0	0.0	0.0	True	40.0	1.86	0.2	"[57570964.35565656 57570964.35565656 57570964.35565656 57570964.35565656
 57570964.35565656 57570964.35565656 57570964.35565656 57570964.35565656
 57570964.35565656 57570964.35565656 57570964.35565656 57570964.35565656
 57570964.35565656 57570964.35565656 57570964.35565656 57570964.35565656
 57570964.35565656 57570964.35565656 57570964.35565656 57570964.35565656]"
5295.3667097282905	2.0	trials	9.0	0.0	0.0	0.0	0.0	True	40.0	1.86	0.2	"[57603026.46079168 57603026.46079168 57603026.46079168 57603026.46079168
 57603026.46079168 57603026.46079168 57603026.46079168 57603026.46079168
 57603026.46079168 57603026.46079168 57603026.46079168 57603026.46079168
 57603026.46079168 57603026.46079168 57603026.46079168 57603026.46079168
 57603026.46079168 57603026.46079168 57603026.46079168 57603026.46079168]"
5298.178002146841	2.0	trials	9.0	0.0	0.0	0.0	0.0	True	40.0	1.86	0.2	"[57638116.57585597 57638116.57585597 57638116.57585597 57638116.57585597
 57638116.57585597 57638116.57585597 57638116.57585597 57638116.57585597
 57638116.57585597 57638116.57585597 57638116.57585597 57638116.57585597
 57638116.57585597 57638116.57585597 57638116.57585597 57638116.57585597
 57638116.57585597 57638116.57585597 57638116.57585597 57638116.57585597]"
5302.059621275116	2.0	trials	9.0	0.0	0.0	0.0	0.0	True	40.0	1.86	0.2	"[57685892.73251916 57685892.73251916 57685892.73251916 57685892.73251916
 57685892.73251916 57685892.73251916 57685892.73251916 57685892.73251916
 57685892.73251916 57685892.73251916 57685892.73251916 57685892.73251916
 57685892.73251916 57685892.73251916 57685892.73251916 57685892.73251916
 57685892.73251916 57685892.73251916 57685892.73251916 57685892.73251916]"
5306.025653480191	2.0	trials	9.0	0.0	0.0	0.0	0.0	True	40.0	1.86	0.2	"[57722420.85229884 57722420.85229884 57722420.85229884 57722420.85229884
 57722420.85229884 57722420.85229884 57722420.85229884 57722420.85229884
 57722420.85229884 57722420.85229884 57722420.85229884 57722420.85229884
 57722420.85229884 57722420.85229884 57722420.85229884 57722420.85229884
 57722420.85229884 57722420.85229884 57722420.85229884 57722420.85229884]"
5309.230585589532	2.0	trials	9.0	0.0	0.0	0.0	0.0	True	40.0	1.86	0.2	"[57764258.98949062 57764258.98949062 57764258.98949062 57764258.98949062
 57764258.98949062 57764258.98949062 57764258.98949062 57764258.98949062
 57764258.98949062 57764258.98949062 57764258.98949062 57764258.98949062
 57764258.98949062 57764258.98949062 57764258.98949062 57764258.98949062
 57764258.98949062 57764258.98949062 57764258.98949062 57764258.98949062]"
5312.812568535265	2.0	trials	9.0	0.0	0.0	0.0	0.0	True	40.0	1.86	0.2	"[57804757.12228839 57804757.12228839 57804757.12228839 57804757.12228839
 57804757.12228839 57804757.12228839 57804757.12228839 57804757.12228839
 57804757.12228839 57804757.12228839 57804757.12228839 57804757.12228839
 57804757.12228839 57804757.12228839 57804757.12228839 57804757.12228839
 57804757.12228839 57804757.12228839 57804757.12228839 57804757.12228839]"
5316.454167676487	2.0	trials	9.0	0.0	0.0	0.0	0.0	True	40.0	1.86	0.2	"[57852310.27822035 57852310.27822035 57852310.27822035 57852310.27822035
 57852310.27822035 57852310.27822035 57852310.27822035 57852310.27822035
 57852310.27822035 57852310.27822035 57852310.27822035 57852310.27822035
 57852310.27822035 57852310.27822035 57852310.27822035 57852310.27822035
 57852310.27822035 57852310.27822035 57852310.27822035 57852310.27822035]"
5319.412686177809	2.0	trials	9.0	0.0	0.0	0.0	0.0	True	40.0	1.86	0.2	"[57887082.39224188 57887082.39224188 57887082.39224188 57887082.39224188
 57887082.39224188 57887082.39224188 57887082.39224188 57887082.39224188
 57887082.39224188 57887082.39224188 57887082.39224188 57887082.39224188
 57887082.39224188 57887082.39224188 57887082.39224188 57887082.39224188
 57887082.39224188 57887082.39224188 57887082.39224188 57887082.39224188]"
5322.214042563778	2.0	trials	9.0	0.0	0.0	0.0	0.0	True	40.0	1.86	0.2	"[57933884.54571121 57933884.54571121 57933884.54571121 57933884.54571121
 57933884.54571121 57933884.54571121 57933884.54571121 57933884.54571121
 57933884.54571121 57933884.54571121 57933884.54571121 57933884.54571121
 57933884.54571121 57933884.54571121 57933884.54571121 57933884.54571121
 57933884.54571121 57933884.54571121 57933884.54571121 57933884.54571121]"
5325.211181991743	2.0	trials	9.0	0.0	0.0	0.0	0.0	True	40.0	1.86	0.2	"[57974995.68051909 57974995.68051909 57974995.68051909 57974995.68051909
 57974995.68051909 57974995.68051909 57974995.68051909 57974995.68051909
 57974995.68051909 57974995.68051909 57974995.68051909 57974995.68051909
 57974995.68051909 57974995.68051909 57974995.68051909 57974995.68051909
 57974995.68051909 57974995.68051909 57974995.68051909 57974995.68051909]"
5329.222401544992	2.0	trials	9.0	0.0	0.0	0.0	0.0	True	40.0	1.86	0.2	"[58014159.80894251 58014159.80894251 58014159.80894251 58014159.80894251
 58014159.80894251 58014159.80894251 58014159.80894251 58014159.80894251
 58014159.80894251 58014159.80894251 58014159.80894251 58014159.80894251
 58014159.80894251 58014159.80894251 58014159.80894251 58014159.80894251
 58014159.80894251 58014159.80894251 58014159.80894251 58014159.80894251]"
5333.236299507024	2.0	trials	9.0	0.0	0.0	0.0	0.0	True	40.0	1.86	0.2	"[58058810.95535846 58058810.95535846 58058810.95535846 58058810.95535846
 58058810.95535846 58058810.95535846 58058810.95535846 58058810.95535846
 58058810.95535846 58058810.95535846 58058810.95535846 58058810.95535846
 58058810.95535846 58058810.95535846 58058810.95535846 58058810.95535846
 58058810.95535846 58058810.95535846 58058810.95535846 58058810.95535846]"
5336.541974346712	2.0	trials	9.0	0.0	0.0	0.0	0.0	True	40.0	1.86	0.2	"[58086797.04712788 58086797.04712788 58086797.04712788 58086797.04712788
 58086797.04712788 58086797.04712788 58086797.04712788 58086797.04712788
 58086797.04712788 58086797.04712788 58086797.04712788 58086797.04712788
 58086797.04712788 58086797.04712788 58086797.04712788 58086797.04712788
 58086797.04712788 58086797.04712788 58086797.04712788 58086797.04712788]"
5339.860782029464	2.0	trials	9.0	0.0	0.0	0.0	0.0	True	40.0	1.86	0.2	"[58118482.15102678 58118482.15102678 58118482.15102678 58118482.15102678
 58118482.15102678 58118482.15102678 58118482.15102678 58118482.15102678
 58118482.15102678 58118482.15102678 58118482.15102678 58118482.15102678
 58118482.15102678 58118482.15102678 58118482.15102678 58118482.15102678
 58118482.15102678 58118482.15102678 58118482.15102678 58118482.15102678]"
5342.009125074127	2.0	trials	9.0	0.0	0.0	0.0	0.0	True	40.0	1.86	0.2	"[58143674.23363436 58143674.23363436 58143674.23363436 58143674.23363436
 58143674.23363436 58143674.23363436 58143674.23363436 58143674.23363436
 58143674.23363436 58143674.23363436 58143674.23363436 58143674.23363436
 58143674.23363436 58143674.23363436 58143674.23363436 58143674.23363436
 58143674.23363436 58143674.23363436 58143674.23363436 58143674.23363436]"
5345.122213682302	2.0	trials	9.0	0.0	0.0	0.0	0.0	True	40.0	1.86	0.2	"[58174399.3343853 58174399.3343853 58174399.3343853 58174399.3343853
 58174399.3343853 58174399.3343853 58174399.3343853 58174399.3343853
 58174399.3343853 58174399.3343853 58174399.3343853 58174399.3343853
 58174399.3343853 58174399.3343853 58174399.3343853 58174399.3343853
 58174399.3343853 58174399.3343853 58174399.3343853 58174399.3343853]"
5347.433075659884	2.0	trials	9.0	0.0	0.0	0.0	0.0	True	40.0	1.86	0.2	"[58220423.48530348 58220423.48530348 58220423.48530348 58220423.48530348
 58220423.48530348 58220423.48530348 58220423.48530348 58220423.48530348
 58220423.48530348 58220423.48530348 58220423.48530348 58220423.48530348
 58220423.48530348 58220423.48530348 58220423.48530348 58220423.48530348
 58220423.48530348 58220423.48530348 58220423.48530348 58220423.48530348]"
5349.738408019333	2.0	trials	9.0	0.0	0.0	0.0	0.0	True	40.0	1.86	0.2	"[58263608.62691223 58263608.62691223 58263608.62691223 58263608.62691223
 58263608.62691223 58263608.62691223 58263608.62691223 58263608.62691223
 58263608.62691223 58263608.62691223 58263608.62691223 58263608.62691223
 58263608.62691223 58263608.62691223 58263608.62691223 58263608.62691223
 58263608.62691223 58263608.62691223 58263608.62691223 58263608.62691223]"
5353.216710625087	2.0	trials	9.0	0.0	0.0	0.0	0.0	True	40.0	1.86	0.2	"[58307079.76945882 58307079.76945882 58307079.76945882 58307079.76945882
 58307079.76945882 58307079.76945882 58307079.76945882 58307079.76945882
 58307079.76945882 58307079.76945882 58307079.76945882 58307079.76945882
 58307079.76945882 58307079.76945882 58307079.76945882 58307079.76945882
 58307079.76945882 58307079.76945882 58307079.76945882 58307079.76945882]"
5355.364448867767	2.0	trials	9.0	0.0	0.0	0.0	0.0	True	40.0	1.86	0.2	"[58352820.91944901 58352820.91944901 58352820.91944901 58352820.91944901
 58352820.91944901 58352820.91944901 58352820.91944901 58352820.91944901
 58352820.91944901 58352820.91944901 58352820.91944901 58352820.91944901
 58352820.91944901 58352820.91944901 58352820.91944901 58352820.91944901
 58352820.91944901 58352820.91944901 58352820.91944901 58352820.91944901]"
5357.800159254742	2.0	trials	9.0	0.0	0.0	0.0	0.0	True	40.0	1.86	0.2	"[58396180.06162834 58396180.06162834 58396180.06162834 58396180.06162834
 58396180.06162834 58396180.06162834 58396180.06162834 58396180.06162834
 58396180.06162834 58396180.06162834 58396180.06162834 58396180.06162834
 58396180.06162834 58396180.06162834 58396180.06162834 58396180.06162834
 58396180.06162834 58396180.06162834 58396180.06162834 58396180.06162834]"
5361.130630975741	2.0	trials	9.0	0.0	0.0	0.0	0.0	True	40.0	1.86	0.2	"[58435832.19165198 58435832.19165198 58435832.19165198 58435832.19165198
 58435832.19165198 58435832.19165198 58435832.19165198 58435832.19165198
 58435832.19165198 58435832.19165198 58435832.19165198 58435832.19165198
 58435832.19165198 58435832.19165198 58435832.19165198 58435832.19165198
 58435832.19165198 58435832.19165198 58435832.19165198 58435832.19165198]"
5364.395006480002	2.0	trials	9.0	0.0	0.0	0.0	0.0	True	40.0	1.86	0.2	"[58465271.28818596 58465271.28818596 58465271.28818596 58465271.28818596
 58465271.28818596 58465271.28818596 58465271.28818596 58465271.28818596
 58465271.28818596 58465271.28818596 58465271.28818596 58465271.28818596
 58465271.28818596 58465271.28818596 58465271.28818596 58465271.28818596
 58465271.28818596 58465271.28818596 58465271.28818596 58465271.28818596]"
5366.776457489053	2.0	trials	9.0	0.0	0.0	0.0	0.0	True	40.0	1.86	0.2	"[58502991.41187434 58502991.41187434 58502991.41187434 58502991.41187434
 58502991.41187434 58502991.41187434 58502991.41187434 58502991.41187434
 58502991.41187434 58502991.41187434 58502991.41187434 58502991.41187434
 58502991.41187434 58502991.41187434 58502991.41187434 58502991.41187434
 58502991.41187434 58502991.41187434 58502991.41187434 58502991.41187434]"
5370.058285850546	2.0	trials	9.0	0.0	0.0	0.0	0.0	True	40.0	1.86	0.2	"[58534166.51410088 58534166.51410088 58534166.51410088 58534166.51410088
 58534166.51410088 58534166.51410088 58534166.51410088 58534166.51410088
 58534166.51410088 58534166.51410088 58534166.51410088 58534166.51410088
 58534166.51410088 58534166.51410088 58534166.51410088 58534166.51410088
 58534166.51410088 58534166.51410088 58534166.51410088 58534166.51410088]"
5373.453471383748	2.0	trials	9.0	0.0	0.0	0.0	0.0	True	40.0	1.86	0.2	"[58851346.55416862 58851346.55416862 58851346.55416862 58851346.55416862
 58851346.55416862 58851346.55416862 58851346.55416862 58851346.55416862
 58851346.55416862 58851346.55416862 58851346.55416862 58851346.55416862
 58851346.55416862 58851346.55416862 58851346.55416862 58851346.55416862
 58851346.55416862 58851346.55416862 58851346.55416862 58851346.55416862]"
5377.000635015306	2.0	trials	9.0	0.0	0.0	0.0	0.0	True	40.0	1.86	0.2	"[58880096.6484433 58880096.6484433 58880096.6484433 58880096.6484433
 58880096.6484433 58880096.6484433 58880096.6484433 58880096.6484433
 58880096.6484433 58880096.6484433 58880096.6484433 58880096.6484433
 58880096.6484433 58880096.6484433 58880096.6484433 58880096.6484433
 58880096.6484433 58880096.6484433 58880096.6484433 58880096.6484433]"
5380.595491603254	2.0	trials	9.0	0.0	0.0	0.0	0.0	True	40.0	1.86	0.2	"[58910649.74863023 58910649.74863023 58910649.74863023 58910649.74863023
 58910649.74863023 58910649.74863023 58910649.74863023 58910649.74863023
 58910649.74863023 58910649.74863023 58910649.74863023 58910649.74863023
 58910649.74863023 58910649.74863023 58910649.74863023 58910649.74863023
 58910649.74863023 58910649.74863023 58910649.74863023 58910649.74863023]"
